phase,forum,keyword,title,link,snippet,score,creation_date,collected_at
PHASE 1B: EXTENSION FORUMS,Microsoft Q&A,JNI memory leak,NotMyFault - Sysinternals,https://learn.microsoft.com/en-us/sysinternals/downloads/notmyfault,"NotMyFault v4.5 Summarize this article for me In this article By Mark Russinovich Published: May 7, 2026 Download NotMyFault (1.4 MB) Introduction Notmyfault is a tool that you can use to crash, hang, and cause kernel memory leaks on your Windows system. It’s useful for learning how to identify and diagnose device driver and hardware problems, and.",0,Unknown,2026-06-18T23:20:53.321627
PHASE 1B: EXTENSION FORUMS,Microsoft Q&A,JNI memory leak,About the list of tools - Microsoft Edge Developer documentation,https://learn.microsoft.com/en-us/microsoft-edge/devtools/about-tools,"About the list of tools DevTools provides more than 30 tools, consisting of Default tools and More tools. Default tools By default, the following tools are listed in the Activity Bar at the top of DevTools: Inspect tool Device Emulation Welcome Elements Console Sources Network Performance Memory Application Overview of the default tools... Analyze.",0,Unknown,2026-06-18T23:20:53.321655
PHASE 1B: EXTENSION FORUMS,Microsoft Q&A,JNI memory leak,Enable memory integrity,https://learn.microsoft.com/en-us/windows/security/hardware-security/enable-virtualization-based-protection-of-code-integrity,"Such issues may occur after memory i... If compatibility issues occur, see Troubleshooting for remediation steps. Memory integrity is a Virtualization-based security (VBS) feature available in Windows. Memory integrity and VBS improve the threat model of Windows and provide stronger protections against malware trying to exploit the Windows kernel..",0,Unknown,2026-06-18T23:20:53.321661
PHASE 1B: EXTENSION FORUMS,Microsoft Q&A,JNI memory leak,Read small memory dump files - Windows Client,https://learn.microsoft.com/en-us/troubleshoot/windows-client/performance/read-small-memory-dump-file,How to read the small memory dump file that is created by Windows if a crash occurs This article describes how to examine a small memory dump file. A small memory dump file can help you determine why your computer failed. Applies to   All supported versions of Windows Client and Windows Server Original KB number:   315263 Note If you are looking.,0,Unknown,2026-06-18T23:20:53.321666
PHASE 1B: EXTENSION FORUMS,Microsoft Q&A,JNI memory leak,Step 4: Memory & Persistence,https://learn.microsoft.com/en-us/agent-framework/get-started/memory,"Step 4: Memory & Persistence Summarize this article for me Add context to your agent so it can remember user preferences, past interactions, or external knowledge. By default, agents will store chat history in an InMemoryChatHistoryProvider or in the underlying AI service, depending on what the underlying service requires. The following agent uses.",0,Unknown,2026-06-18T23:20:53.321671
PHASE 1B: EXTENSION FORUMS,Microsoft Q&A,JNI memory leak,VMMap - Sysinternals,https://learn.microsoft.com/en-us/sysinternals/downloads/vmmap,"VMMap v3.4 By Mark Russinovich Published: October 18, 2023 Download VMMap  (7.6 MB) Run now from Sysinternals Live. Introduction VMMap is a process virtual and physical memory analysis utility. Windows ... Learn More Defrag Tools: #7 - VMMap In this episode of Defrag Tools, Andrew Richards and Larry Larsen cover how to use VMMap to see how Virtual.",0,Unknown,2026-06-18T23:20:53.321676
PHASE 1B: EXTENSION FORUMS,Microsoft Q&A,JNI memory leak,Create and Use Memory - Microsoft Foundry,https://learn.microsoft.com/en-us/azure/foundry/agents/how-to/memory-usage,"Create and use memory in Foundry Agent Service (preview) Summarize this article for me In this article Important Memory (preview) in Foundry Agent Service and the Memory Store API (preview) are licensed to you as part of your Azure subscription and are subject to terms applicable to ""Previews"" in the Microsoft Product Terms, the Microsoft Products.",0,Unknown,2026-06-18T23:20:53.321681
PHASE 1B: EXTENSION FORUMS,Microsoft Q&A,JNI memory leak,Find and Fix Memory Leaks in Windows - Windows drivers,https://learn.microsoft.com/en-us/windows-hardware/drivers/debugger/finding-a-memory-leak,Find a memory leak Summarize this article for me In this article A memory leak occurs when a process allocates memory from the paged or nonpaged pools but doesn't free it. Step 2: Find the source Kernel-mode memory leak - For leaks caused by drivers or Windows components User-mode memory leak - For leaks caused by applications Tip Most users.,0,Unknown,2026-06-18T23:20:53.321687
PHASE 1B: EXTENSION FORUMS,Microsoft Q&A,JNI memory leak,Look For Potential Memory Leaks With PerfMon - Windows drivers,https://learn.microsoft.com/en-us/windows-hardware/drivers/debugger/determining-whether-a-leak-exists,"Look for memory leaks with Performance Monitor (PerfMon) Summarize this article for me In this article If Windows performance is degrading over time and you suspect a memory leak might be involved, use Windows Performance Monitor (PerfMon) to investigate for possible memory leaks. Y... Use Windows Performance Monitor (PerfMon) to determine if your.",0,Unknown,2026-06-18T23:20:53.321692
PHASE 1B: EXTENSION FORUMS,Microsoft Q&A,JNI memory leak,PoolMon - Overview - Windows drivers,https://learn.microsoft.com/en-us/windows-hardware/drivers/devtest/poolmon,"PoolMon Summarize this article for me In this article PoolMon (poolmon.exe), the Memory Pool Monitor, displays data that the operating system collects about memory allocations from the system paged and nonpaged kernel pools, and the memory pools used for Terminal Services sessions. Driver developers and testers often use PoolMon to detect memory.",0,Unknown,2026-06-18T23:20:53.321698
PHASE 1B: EXTENSION FORUMS,Microsoft Q&A,JNI memory leak,Cache in-memory in ASP.NET Core,https://learn.microsoft.com/en-us/aspnet/core/performance/caching/memory,"The simplest cache is based on the IMemoryCache interface. IMemoryCache represents a cache stored in the memory of the web server. Apps running on a server farm (multiple servers) should ensure sessions are sticky when using the in-memory cache. For some apps, a distributed cache can support higher scale-out than an in-memory cache. Using a.",0,Unknown,2026-06-18T23:20:53.321703
PHASE 1B: EXTENSION FORUMS,Microsoft Q&A,JNI memory leak,Measure memory usage in your apps - Visual Studio (Windows),https://learn.microsoft.com/en-us/visualstudio/profiling/memory-usage,"Measure memory usage in Visual Studio (C#, Visual Basic, C++, F#) Summarize this article for me In this article Find memory leaks and inefficient memory while you're debugging with the debugger-integrated Memory Usage diagnostic tool. The Memory Usage tool lets you take one or more snapshots of the managed and native memory heap to help understand.",0,Unknown,2026-06-18T23:20:53.321708
PHASE 1B: EXTENSION FORUMS,Microsoft Q&A,JNI memory leak,Use PoolMon to Find a Kernel-Mode Memory Leak - Windows drivers,https://learn.microsoft.com/en-us/windows-hardware/drivers/debugger/using-poolmon-to-find-a-kernel-mode-memory-leak,"Use PoolMon to find a kernel-mode memory leak Summarize this article for me In this article If you suspect there's a kernel-mode memory leak, you can use the PoolMon tool to determine which pool tag is associated with the leak. PoolMon (poolmon.exe) monitors pool memory usage by pool tag name. Suggest... Learn how to use PoolMon to find a.",0,Unknown,2026-06-18T23:20:53.321713
PHASE 1B: EXTENSION FORUMS,Microsoft Q&A,JNI memory leak,Testlimit - Sysinternals,https://learn.microsoft.com/en-us/sysinternals/downloads/testlimit,"...inovich Published: November 17, 2016 Download Testlimit (234 KB) Introduction Testlimit is a command-line utility that can be used to stress-test your PC and/or applications by simulating low resource conditions for memory, handles, processes, threads and other system objects. usage: Testlimit [[-h [-u]] | [-p [-n]] | [-t [-n [KB]]] | [-u [-i]].",0,Unknown,2026-06-18T23:20:53.321718
PHASE 1B: EXTENSION FORUMS,Microsoft Q&A,JNI memory leak,Debug a memory leak tutorial - .NET,https://learn.microsoft.com/en-us/dotnet/core/diagnostics/debug-memory-leak,Debug a memory leak in .NET Summarize this article for me In this article This article applies to: ✔️ .NET Core 3.1 SDK and later versions Memory can leak when your app references objects that it no longer needs to perform the desired task. Referencing these objects prevents the garbage collector from reclaiming the memory used. This tutorial.,0,Unknown,2026-06-18T23:20:53.321723
PHASE 1B: EXTENSION FORUMS,Microsoft Q&A,JNI memory leak,What is Memory? - Microsoft Foundry,https://learn.microsoft.com/en-us/azure/foundry/agents/concepts/what-is-memory,"Memory in Microsoft Foundry Agent Service (preview) Summarize this article for me In this article Important Memory (preview) in Foundry Agent Service and the Memory Store API (preview) are licensed to you as part of your Azure subscription and are subject to terms applicable to ""Previews"" in the Microsoft Product Terms, the Microsoft Products and.",0,Unknown,2026-06-18T23:20:53.321728
PHASE 1B: EXTENSION FORUMS,Microsoft Q&A,JNI memory leak,Look For User-Mode Memory Leak With PerfMon - Windows drivers,https://learn.microsoft.com/en-us/windows-hardware/drivers/debugger/using-performance-monitor-to-find-a-user-mode-memory-leak,"Find user-mode memory leaks with Performance Monitor (PerfMon) Summarize this article for me In this article If you suspect there's a user-mode memory leak, you can use Windows Performance Monitor (PerfMon) to measure the memory usage of individual processes. The tool can help you ... Use Windows Performance Monitor (PerfMon) to find a user-mode.",0,Unknown,2026-06-18T23:20:53.321734
PHASE 1B: EXTENSION FORUMS,Microsoft Q&A,JNI memory leak,Application or Service Memory Leaks Troubleshooting Guidance - Windows Server,https://learn.microsoft.com/en-us/troubleshoot/windows-server/performance/troubleshoot-application-service-memory-leaks,"Application or service memory leaks troubleshooting guidance This article provides guidance on troubleshooting applications or services with memory leak behaviors and how to proceed. Applies to:   All supported versions of Windows Server and Windows Client You see Event ID 2004 repeatedly in the system log. As the event source mentions, there's a.",0,Unknown,2026-06-18T23:20:53.321739
PHASE 1B: EXTENSION FORUMS,Microsoft Q&A,JNI memory leak,Analyze memory usage in the Performance Profiler - Visual Studio (Windows),https://learn.microsoft.com/en-us/visualstudio/profiling/memory-usage-without-debugging2,"Analyze memory usage in release builds (C#, Visual Basic, C++, F#) Summarize this article for me In this article The Memory Usage tool monitors your app's memory use. You can use the tool to study the real-time memory effects of scenarios you're actively developing in Visual Studio. You can take detailed snapshots of the app's memory states, and.",0,Unknown,2026-06-18T23:20:53.321744
PHASE 1B: EXTENSION FORUMS,Microsoft Q&A,JNI memory leak,Troubleshoot High Memory Usage in Applications - Internet Information Services,https://learn.microsoft.com/en-us/troubleshoot/developer/webapps/iis/site-behavior-performance/high-memory-consumption-issues-overview,"Overview of high memory consumption issues This troubleshooting guide provides steps to diagnose and resolve high memory consumption issues in applications, focusing on scenarios involving memory leaks. It helps you understand typical symptoms, limits related to memory usage in different system configurations, and the tools required to diagnose.",0,Unknown,2026-06-18T23:20:53.321749
PHASE 1B: EXTENSION FORUMS,Microsoft Q&A,JNI memory leak,Memory<T> and Span<T> usage guidelines - .NET,https://learn.microsoft.com/en-us/dotnet/standard/memory-and-spans/memory-t-usage-guidelines,"Memory and Span usage guidelines Summarize this article for me .NET includes a number of types that represent an arbitrary contiguous region of memory. Span and ReadOnlySpan are lightweight memory buffers that wrap references to managed or unmanaged memory. To address this problem, .NET 2.1 added some additional types, including Memory,.",0,Unknown,2026-06-18T23:20:53.321754
PHASE 1B: EXTENSION FORUMS,Microsoft Q&A,JNI memory leak,Monitor Memory Usage - SQL Server,https://learn.microsoft.com/en-us/sql/relational-databases/performance-monitor/monitor-memory-usage,"Monitor memory usage Summarize this article for me In this article Applies to: SQL Server Monitor an instance of SQL Server periodically to confirm that memory usage is within typical ranges. Configure SQL Server max memory By default, a SQL Server instance might over time consume most of the available Windows operating system memory in the.",0,Unknown,2026-06-18T23:20:53.321759
PHASE 1B: EXTENSION FORUMS,Microsoft Q&A,JNI memory leak,Memory management and patterns in ASP.NET Core,https://learn.microsoft.com/en-us/aspnet/core/performance/memory,"Memory management and garbage collection in ASP.NET Core Summarize this article for me In this article By Sébastien Ros and Rick Anderson Memory management is complex, even in a managed framework like .NET. Analyzing and resolving memory issues can be challenging. Memory leaks and garbage collection (GC) issues are commonly due to a lack of.",0,Unknown,2026-06-18T23:20:53.321764
PHASE 1B: EXTENSION FORUMS,Microsoft Q&A,JNI memory leak,Bug Check 0x10E VIDEO_MEMORY_MANAGEMENT_INTERNAL - Windows drivers,https://learn.microsoft.com/en-us/windows-hardware/drivers/debugger/bug-check-0x10e---video-memory-management-internal,Bug Check 0x10E: VIDEO_MEMORY_MANAGEMENT_INTERNAL Summarize this article for me In this article The VIDEO_MEMORY_MANAGEMENT_INTERNAL bug check has a value of 0x0000010E. This indicates that the video memory manager has encountered a condition that it is unable to recover from. Important This article is for programmers. If you're a customer who has.,0,Unknown,2026-06-18T23:20:53.321769
PHASE 1B: EXTENSION FORUMS,Microsoft Q&A,JNI memory leak,Memory leak occurs when printing documents in Windows 10 and 11 - Application Developer,https://learn.microsoft.com/en-us/troubleshoot/windows/win32/memory-leak-occurs-printing-document,"Memory leak occurs when printing documents in Windows 10 and Windows 11 Applies to:   Windows 10, Windows 11 Symptoms When an application uses the OpenPrinter, StartDocPrinter, EndDocPrinter, and ClosePrinter functions to print documents, a small memory leak might occur. Cause Print.PrintSupport.Source.dll is a system printing component that might.",0,Unknown,2026-06-18T23:20:53.321775
PHASE 1B: EXTENSION FORUMS,Microsoft Q&A,JNI memory leak,Finding a Kernel-Mode Memory Leak - Windows drivers,https://learn.microsoft.com/en-us/windows-hardware/drivers/debugger/finding-a-kernel-mode-memory-leak,Finding a Kernel-Mode Memory Leak Summarize this article for me In this article Use the following techniques to determine the cause of a kernel-mode memory leak: Using PoolMon to Find a Kernel-Mode Memory Leak Using the Kernel Debugger to Find a Kernel-Mode Memory Leak Using Driver Verifier to Find a Kernel-Mode Memory Leak If you do not know.,0,Unknown,2026-06-18T23:20:53.321780
PHASE 1B: EXTENSION FORUMS,Microsoft Q&A,JNI memory leak,Finding a User-Mode Memory Leak - Windows drivers,https://learn.microsoft.com/en-us/windows-hardware/drivers/debugger/finding-a-user-mode-memory-leak,Finding a User-Mode Memory Leak Summarize this article for me In this article Use the following techniques to determine the cause of a user-mode memory leak: Using Performance Monitor to Find a User-Mode Memory Leak Using UMDH to Find a User-Mode Memory Leak The first technique determines which process is leaking memory. After you know which.,0,Unknown,2026-06-18T23:20:53.321785
PHASE 1B: EXTENSION FORUMS,Microsoft Q&A,JNI memory leak,Choose a memory analysis tool - Visual Studio (Windows),https://learn.microsoft.com/en-us/visualstudio/profiling/analyze-memory-usage,"Choose a memory analysis tool in Visual Studio (C#, Visual Basic, C++, F#) Summarize this article for me In this article To find memory leaks and inefficient memory usage, you can use tools such as the debugger-integrated Memory Usage diagnostic tool or tools in the Performance Profiler such as the .NET Object Allocation tool and the post-mortem.",0,Unknown,2026-06-18T23:20:53.321790
PHASE 1B: EXTENSION FORUMS,Microsoft Q&A,JNI memory leak,Data Capture for Managed Memory Leaks - Internet Information Services,https://learn.microsoft.com/en-us/troubleshoot/developer/webapps/iis/site-behavior-performance/data-capture-managed-memory-leak,"Data capture for managed memory leaks If your application is consuming high memory due to managed memory leaks, collect memory dumps of the process during the high memory usage event. These dumps can help you analyze and diagnose the cause of these leaks. This article outlines the steps to capture memory dumps associated with managed memory leaks,.",0,Unknown,2026-06-18T23:20:53.321795
PHASE 1B: EXTENSION FORUMS,Microsoft Q&A,JNI memory leak,Troubleshoot native memory leak in an IIS 7.x application pool - Internet Information Services,https://learn.microsoft.com/en-us/troubleshoot/developer/webapps/iis/site-behavior-performance/troubleshoot-native-memory-leak-iis-7x-application-pool,Troubleshoot native memory leak in an IIS 7.x application pool Applies to:   Internet Information Services 7.0 and later versions This article helps you to identify the cause of native memory leak in an IIS application pool. Overview It's important to keep in mind that it's normal for high memory allocation as a web application serves requests..,0,Unknown,2026-06-18T23:20:53.321800
PHASE 1B: EXTENSION FORUMS,Microsoft Q&A,DeleteLocalRef,JNIEnv.DeleteLocalRef(IntPtr) Method (Android.Runtime),https://learn.microsoft.com/en-us/dotnet/api/android.runtime.jnienv.deletelocalref,JNIEnv.DeleteLocalRef(IntPtr) Method Definition Namespace: Android.Runtime Assembly:Mono.Android.dll Parameters jobject IntPtr Remarks Portions of this page are modifications based on work created and shared by the Android Open Source Project and used according to terms described in the Creative Commons 2.5 Attribution License. Applies to. Learn.,0,Unknown,2026-06-18T23:20:55.223489
PHASE 1B: EXTENSION FORUMS,Microsoft Q&A,DeleteLocalRef,JNIEnv Class (Android.Runtime),https://learn.microsoft.com/en-us/dotnet/api/android.runtime.jnienv,JNIEnv Class Definition Namespace: Android.Runtime Assembly:Mono.Android.dll Inheritance Object JNIEnv Remarks Portions of this page are modifications based on work created and shared by the Android Open Source Project and used according to terms described in the Creative Commons 2.5 Attribution License.,0,Unknown,2026-06-18T23:20:55.223515
PHASE 1B: EXTENSION FORUMS,Microsoft Q&A,global reference leak,Dynamics 365 Finance documentation,https://learn.microsoft.com/en-us/dynamics365/finance/,"Microsoft Dynamics 365 Finance documentation Discover how to make the most of Dynamics 365 Finance with training, documentation, and videos covering product capabilities. Learn how to use Dynamics 365 Finance to monitor your global financial operations in real time, predict outcomes, and make data-driven decisions to drive business agility and.",0,Unknown,2026-06-18T23:20:57.168834
PHASE 1B: EXTENSION FORUMS,Microsoft Q&A,global reference leak,Microsoft Agent 365 documentation,https://learn.microsoft.com/en-us/microsoft-agent-365/,"Microsoft Agent 365 documentation Agent 365 is the control plane for IT and security leaders to observe, secure, and govern agents across the organization. Learn more Secure Secure agent identities, control access to resources, prevent data oversharing and leaks, and defend against threats and vulnerabilities with enterprise-grade security.",0,Unknown,2026-06-18T23:20:57.168863
PHASE 1B: EXTENSION FORUMS,Microsoft Q&A,global reference leak,Define your naming convention - Cloud Adoption Framework,https://learn.microsoft.com/en-us/azure/cloud-adoption-framework/ready/azure-best-practices/resource-naming,Azure names must follow three general principles: Names need to be unique within the scope of the Azure resource (varies by resource). Names need to meet length requirements (varies by resource). Names can only contain valid characters (varies by resource). Understand Azure name scope. Azure resource names must be unique within their defined.,0,Unknown,2026-06-18T23:20:57.168870
PHASE 1B: EXTENSION FORUMS,Microsoft Q&A,global reference leak,Type '<typename>' is not defined - Visual Basic,https://learn.microsoft.com/en-us/dotnet/visual-basic/language-reference/error-messages/type-typename-is-not-defined,"BC30002: Type '' is not defined The statement has made reference to a type that has not been defined. For example, if a project defines a namespace named System, the System.Object type cannot be accessed unless it is fully qualified with the Global keyword: Global.System.Object. For more information, see Troubleshooting .NET Framework Targeting.",0,Unknown,2026-06-18T23:20:57.168876
PHASE 1B: EXTENSION FORUMS,Microsoft Q&A,global reference leak,Entity Framework documentation hub,https://learn.microsoft.com/en-us/ef/,"Entity Framework documentation hub Entity Framework is a modern object-relation mapper that lets you build a clean, portable, and high-level data access layer with .NET (C#) across a variety of databases, including SQL Database (on-premises and Azure), SQLite, MySQL, PostgreSQL, and Azure Cosmos DB. Reference API reference browser Reference .NET.",0,Unknown,2026-06-18T23:20:57.168881
PHASE 1B: EXTENSION FORUMS,Microsoft Q&A,global reference leak,NotMyFault - Sysinternals,https://learn.microsoft.com/en-us/sysinternals/downloads/notmyfault,"NotMyFault v4.5 Summarize this article for me In this article By Mark Russinovich Published: May 7, 2026 Download NotMyFault (1.4 MB) Introduction Notmyfault is a tool that you can use to crash, hang, and cause kernel memory leaks on your Windows system. Chapter 7 in Windows Internals uses Notmyfault to demonstrate pool leak troubleshooting and.",0,Unknown,2026-06-18T23:20:57.168887
PHASE 1B: EXTENSION FORUMS,Microsoft Q&A,global reference leak,Power Query M function reference - PowerQuery M,https://learn.microsoft.com/en-us/powerquery-m/power-query-m-function-reference,"Power Query M function reference Summarize this article for me The Power Query M function reference includes articles for each of the over 700 functions. These reference articles are auto-generated from in-product help. To learn more about functions and how they work in an expression, go to Understanding Power Query M functions. Functions by.",0,Unknown,2026-06-18T23:20:57.168893
PHASE 1B: EXTENSION FORUMS,Microsoft Q&A,global reference leak,Manage personal access tokens using policies - Azure DevOps,https://learn.microsoft.com/en-us/azure/devops/organizations/accounts/manage-pats-with-policies-for-administrators,"Manage personal access tokens using policies (for administrators) Summarize this article for me In this article Azure DevOps Services This article provides guidance on how to use tenant and organization policies to manage personal access tokens (PATs) in Azure DevOps. It explains how to limit the creation, scope, and lifespan of new or renewed.",0,Unknown,2026-06-18T23:20:57.168899
PHASE 1B: EXTENSION FORUMS,Microsoft Q&A,global reference leak,DAX function reference - DAX,https://learn.microsoft.com/en-us/dax/dax-function-reference,"DAX function reference Summarize this article for me The DAX function reference provides detailed information including syntax, parameters, return values, and examples for each of the over 250 functions used in Data Analysis Expression (DAX) formulas. Important Not all DAX functions are supported or included in earlier versions of Power BI.",0,Unknown,2026-06-18T23:20:57.168905
PHASE 1B: EXTENSION FORUMS,Microsoft Q&A,global reference leak,Data Analysis Expressions (DAX) Reference - DAX,https://learn.microsoft.com/en-us/dax/,"Data Analysis Expressions (DAX) Reference Data Analysis Expressions (DAX) is a library of functions and operators that can be combined to build formulas and expressions in Power BI, Analysis Services, and Power Pivot in Excel data models. Functions Reference DAX functions DAX statements What's new New DAX functions Learn about DAX Overview DAX.",0,Unknown,2026-06-18T23:20:57.168910
PHASE 1B: EXTENSION FORUMS,Microsoft Q&A,global reference leak,Configure AKV references - Microsoft Fabric,https://learn.microsoft.com/en-us/fabric/data-factory/azure-key-vault-reference-configure,"Configure Azure Key Vault references Summarize this article for me In this article Azure Key Vault (AKV) is Microsoft's cloud service for storing secrets, keys, and certificates centrally, so you don't have to hardcode them into your apps. By using Azure Key Vault references in Microsoft Fabric, you can just point to a secret in your vault instead.",0,Unknown,2026-06-18T23:20:57.168916
PHASE 1B: EXTENSION FORUMS,Microsoft Q&A,global reference leak,Understand variables in canvas apps - Power Apps,https://learn.microsoft.com/en-us/power-apps/maker/canvas-apps/working-with-variables,"Use a global variable To create an adding machine, you need a variable to hold the running total. The simplest variables to use in Power Apps are global variables. Types of variables Power Apps has three types of variables: Variable type Scope Description Functions that establish Global variables App Use global variables to hold a number, text.",0,Unknown,2026-06-18T23:20:57.168922
PHASE 1B: EXTENSION FORUMS,Microsoft Q&A,global reference leak,Smart pointers (Modern C++),https://learn.microsoft.com/en-us/cpp/cpp/smart-pointers-modern-cpp,"Smart pointers (Modern C++) Summarize this article for me In this article In modern C++ programming, the Standard Library includes smart pointers, which are used to help ensure that programs are free of memory and resource leaks and are exception-safe. Uses for smart pointers Smart pointers are defined in the std namespace in the  header file..",0,Unknown,2026-06-18T23:20:57.168928
PHASE 1B: EXTENSION FORUMS,Microsoft Q&A,global reference leak,The using directive: Import types from a namespace - C# reference,https://learn.microsoft.com/en-us/dotnet/csharp/language-reference/keywords/using-directive,"The using directive Summarize this article for me In this article The using directive enables you to use types defined in a namespace without specifying the fully qualified namespace of that type. In its basic form, the using directive imports all the types from a single namespace, as shown in the following example: You can apply two modifiers to.",0,Unknown,2026-06-18T23:20:57.168933
PHASE 1B: EXTENSION FORUMS,Microsoft Q&A,global reference leak,global.json overview - .NET CLI,https://learn.microsoft.com/en-us/dotnet/core/tools/global-json,global.json overview Summarize this article for me In this article This article applies to: ✔️ .NET Core 3.1 SDK and later versions The global.json file allows you to define which .NET SDK version is used when you run .NET CLI commands. Selecting the .NET SDK version is independent from specifying the runtime version a project targets. The .NET.,0,Unknown,2026-06-18T23:20:57.168939
PHASE 1B: EXTENSION FORUMS,Microsoft Q&A,global reference leak,How to find your tenant ID - Microsoft Entra,https://learn.microsoft.com/en-us/entra/fundamentals/how-to-find-tenant,"How to find your Microsoft Entra tenant ID Summarize this article for me Overview Azure subscriptions have a trust relationship with Microsoft Entra ID. Microsoft Entra ID is trusted to authenticate the subscription's users, services, and devices. Each subscription has a tenant ID associated with it, and there are a few ways you can find the.",0,Unknown,2026-06-18T23:20:57.168945
PHASE 1B: EXTENSION FORUMS,Microsoft Q&A,global reference leak,"How to manage the global packages, HTTP cache, temp folders in NuGet",https://learn.microsoft.com/en-us/nuget/consume-packages/managing-the-global-packages-and-cache-folders,"Managing the global packages, HTTP cache, and temp folders Summarize this article for me In this article Whenever you install, update, or restore a package, NuGet manages packages and package information in several folders outside of your project structure: Name Location global-packages Windows: %userprofile%\.nuget\packagesMac/Linux:.",0,Unknown,2026-06-18T23:20:57.168951
PHASE 1B: EXTENSION FORUMS,Microsoft Q&A,global reference leak,Formula reference - canvas apps - Power Platform,https://learn.microsoft.com/en-us/power-platform/power-fx/formula-reference-canvas-apps,"Formula reference - canvas apps Summarize this article for me This article explains all the functions you can use in canvas apps. Formulas in canvas apps combine several elements. Here are the main types: Functions take parameters, perform an operation, and return a value. For example, Sqrt(25) returns 5. Functions are similar to Microsoft Excel.",0,Unknown,2026-06-18T23:20:57.168956
PHASE 1B: EXTENSION FORUMS,Microsoft Q&A,global reference leak,Use a connection reference in a solution with Microsoft Dataverse - Power Apps,https://learn.microsoft.com/en-us/power-apps/maker/data-platform/create-connection-reference,"Use a connection reference in a solution with Microsoft Dataverse A connector is a proxy or a wrapper around an API that allows the underlying service to talk to Microsoft Power Automate, Microsoft Power Apps, and Azure Logic Apps. It provides a way for users to connect their accounts and use a set of prebuilt actions and triggers to build their.",0,Unknown,2026-06-18T23:20:57.168962
PHASE 1B: EXTENSION FORUMS,Microsoft Q&A,global reference leak,Install the Global Secure Access Client for Windows - Global Secure Access,https://learn.microsoft.com/en-us/entra/global-secure-access/how-to-install-windows-client,Install the Global Secure Access client for Windows Summarize this article for me In this article The Global Secure Access client is an essential part of Global Secure Access. It helps organizations manage and secure network traffic on user devices. The client routes traffic that needs to be secured by Global Secure Access to the cloud service..,0,Unknown,2026-06-18T23:20:57.168968
PHASE 1B: EXTENSION FORUMS,Microsoft Q&A,global reference leak,Enable Compliant Network Check with Conditional Access - Global Secure Access,https://learn.microsoft.com/en-us/entra/global-secure-access/how-to-compliant-network,"Enable compliant network check with Conditional Access Summarize this article for me Organizations that use Conditional Access along with Global Secure Access can prevent malicious access to Microsoft apps, third-party SaaS apps, and private line-of-business (LoB) apps by using multiple conditions to provide defense-in-depth. These conditions.",0,Unknown,2026-06-18T23:20:57.168974
PHASE 1B: EXTENSION FORUMS,Microsoft Q&A,global reference leak,Global Query Filters - EF Core,https://learn.microsoft.com/en-us/ef/core/querying/filters,Global Query Filters Summarize this article for me In this article Global query filters allow attaching a filter to an entity type and having that filter applied whenever a query on that entity type is executed; think of them as an additional LINQ Where operator that's added whenever the entity type is queried. Such filters are useful in a variety.,0,Unknown,2026-06-18T23:20:57.168979
PHASE 1B: EXTENSION FORUMS,Microsoft Q&A,global reference leak,Global Flags Editor - Overview - Windows drivers,https://learn.microsoft.com/en-us/windows-hardware/drivers/debugger/gflags,"Global Flags Editor Summarize this article for me In this article GFlags, the Global Flags Editor, enables and disables advanced debugging, diagnostic, and troubleshooting features. How GFlags works for driver debugging and testing Driver developers and testers use GFlags to turn on debugging, logging, and test features either directly or by.",0,Unknown,2026-06-18T23:20:57.168985
PHASE 1B: EXTENSION FORUMS,Microsoft Q&A,global reference leak,Work with global variables - Microsoft Copilot Studio,https://learn.microsoft.com/en-us/microsoft-copilot-studio/authoring-variables-bot,"Work with global variables Summarize this article for me In this article Variables store your customers' responses to questions from your agent. For example, you can save a customer's name in a variable called UserName. You can reuse a variable by passing the variable f... You can also make the variable global in scope. This article covers global.",0,Unknown,2026-06-18T23:20:57.169001
PHASE 1B: EXTENSION FORUMS,Microsoft Q&A,global reference leak,Debug a memory leak tutorial - .NET,https://learn.microsoft.com/en-us/dotnet/core/diagnostics/debug-memory-leak,Debug a memory leak in .NET Summarize this article for me In this article This article applies to: ✔️ .NET Core 3.1 SDK and later versions Memory can leak when your app references objects that it no longer needs to perform the desired task. Referencing these objects prevents the garbage collector from reclaiming the memory used. This tutorial.,0,Unknown,2026-06-18T23:20:57.169007
PHASE 1B: EXTENSION FORUMS,Microsoft Q&A,global reference leak,"C docs - get started, tutorials, reference.",https://learn.microsoft.com/en-us/cpp/c-language/,...rence Projects and build systems Compiler reference Linker reference Additional build tools Errors and warnings C language Reference C language reference Elements of C Program structure Declarations and types Expressions and assignments Statements Functions C language syntax summary Implementation-defined behavior C/C++ preprocessor reference C.,0,Unknown,2026-06-18T23:20:57.169013
PHASE 1B: EXTENSION FORUMS,Microsoft Q&A,global reference leak,Troubleshoot the Windows Global Secure Access client: Health check - Global Secure Access,https://learn.microsoft.com/en-us/entra/global-secure-access/troubleshoot-global-secure-access-client-diagnostics-health-check,Troubleshoot the Global Secure Access client for Windows: Health check tab Summarize this article for me In this article This article provides troubleshooting guidance for the Global Secure Access Windows client using the Health check tab in the Advanced diagnostics utility. Introduction The Advanced diagnostics Health check runs tests to verify.,0,Unknown,2026-06-18T23:20:57.169019
PHASE 1B: EXTENSION FORUMS,Microsoft Q&A,global reference leak,Object lifetime and resource management (RAII),https://learn.microsoft.com/en-us/cpp/cpp/object-lifetime-and-resource-management-modern-cpp,"Object lifetime and resource management (RAII) Unlike managed languages, C++ doesn't have automatic garbage collection, an internal process that releases heap memory and other resources as a program runs. Failure to release an unused resource is called a leak.  ...e of bugsSee also Welcome back to C++ C++ language reference C++ Standard Library.",0,Unknown,2026-06-18T23:20:57.169024
PHASE 1B: EXTENSION FORUMS,Microsoft Q&A,global reference leak,Find and Fix Memory Leaks in Windows - Windows drivers,https://learn.microsoft.com/en-us/windows-hardware/drivers/debugger/finding-a-memory-leak,"Find a memory leak Summarize this article for me In this article A memory leak occurs when a process allocates memory from the paged or nonpaged pools but doesn't free it. As memory is depleted over time, Windows slows down and may experience system failures. This article he... Suggest a fix. Learn how to identify and troubleshoot memory leaks in.",0,Unknown,2026-06-18T23:20:57.169030
PHASE 1B: EXTENSION FORUMS,Microsoft Q&A,global reference leak,Global Secure Access documentation - Global Secure Access,https://learn.microsoft.com/en-us/entra/global-secure-access/,"Global Secure Access documentation Microsoft Entra Internet Access and Microsoft Entra Private Access are unified under Global Secure Access in the Microsoft Entra admin center. Learn how to secure access to your public Internet and private network resources through the client, remote network... Explore documentation for Microsoft's Security.",0,Unknown,2026-06-18T23:20:57.169036
PHASE 1B: EXTENSION FORUMS,Microsoft Q&A,Overuse of Global References,Microsoft Intune documentation - Microsoft Intune,https://learn.microsoft.com/en-us/intune/,"Microsoft Intune documentation Explore guides, tutorials, and references for Microsoft Intune. Get started What is Microsoft Intune. What's new What's new in Intune What's new Features in development Overview Microsoft Intune advanced capabilities Set up, secure, and operate your device fleet Explore the core capabilities of Microsoft Intune and.",0,Unknown,2026-06-18T23:20:59.113715
PHASE 1B: EXTENSION FORUMS,Microsoft Q&A,Overuse of Global References,Dynamics 365 Supply Chain Management documentation,https://learn.microsoft.com/en-us/dynamics365/supply-chain/,"Microsoft Dynamics 365 Supply Chain Management documentation Discover how to make the most of Dynamics 365 Supply Chain Management with training, docs, and videos covering product capabilities and how-to articles.  ...Database movement operations Data entities overview System administration System administration overview Process automation Batch.",0,Unknown,2026-06-18T23:20:59.113740
PHASE 1B: EXTENSION FORUMS,Microsoft Q&A,Overuse of Global References,Dynamics 365 Finance documentation,https://learn.microsoft.com/en-us/dynamics365/finance/,"Microsoft Dynamics 365 Finance documentation Discover how to make the most of Dynamics 365 Finance with training, documentation, and videos covering product capabilities. Learn how to use Dynamics 365 Finance to monitor your global financial operations in real time, predict outcomes, and make data-driven decisions to drive business agility and.",0,Unknown,2026-06-18T23:20:59.113744
PHASE 1B: EXTENSION FORUMS,Microsoft Q&A,Overuse of Global References,Minecraft: Bedrock Edition Creator Documentation,https://learn.microsoft.com/en-us/minecraft/creator/,"Minecraft: Bedrock Edition Creator Documentation Learn how to mod Minecraft with Add-Ons. Create skins, design unique experiences, discover the latest features, and develop your skills as a Minecraft creator. Reference Scripting Training Creator Learning Journey Training Game Development Journey What's new Control Schemes... Learn how to mod.",0,Unknown,2026-06-18T23:20:59.113749
PHASE 1B: EXTENSION FORUMS,Microsoft Q&A,Overuse of Global References,SharePoint documentation,https://learn.microsoft.com/en-us/sharepoint/,"SharePoint documentation SharePoint documentation for IT professionals and admins For IT Professionals SharePoint and OneDrive in Microsoft 365 Find resources for managing SharePoint and OneDrive in your Microsoft 365 environment. Migrate to Microsoft 365 Migrate your content to Microsoft 365. Migrate from file shares, SharePoint Server, Box, or.",0,Unknown,2026-06-18T23:20:59.113753
PHASE 1B: EXTENSION FORUMS,Microsoft Q&A,Overuse of Global References,Power Query M function reference - PowerQuery M,https://learn.microsoft.com/en-us/powerquery-m/power-query-m-function-reference,"Power Query M function reference Summarize this article for me The Power Query M function reference includes articles for each of the over 700 functions. These reference articles are auto-generated from in-product help. To learn more about functions and how they work in an expression, go to Understanding Power Query M functions. Functions by.",0,Unknown,2026-06-18T23:20:59.113757
PHASE 1B: EXTENSION FORUMS,Microsoft Q&A,Overuse of Global References,Understand variables in canvas apps - Power Apps,https://learn.microsoft.com/en-us/power-apps/maker/canvas-apps/working-with-variables,"How global variables work: Set the value of a global variable with the Set function. Types of variables Power Apps has three types of variables: Variable type Scope Description Functions that establish Global variables App Use global variables to hold a number, text string, Boolean, record, table, or other value that you reference anywhere in the.",0,Unknown,2026-06-18T23:20:59.113761
PHASE 1B: EXTENSION FORUMS,Microsoft Q&A,Overuse of Global References,Migrate C# Apps from In-process to Isolated Worker Model,https://learn.microsoft.com/en-us/azure/azure-functions/migrate-dotnet-to-isolated-model,"This article walks you through the process of safely migrating your .NET function app from the in-process model to the isolated worker model. This guide assumes that you... Migrate apps from Azure Functions version 2.x and 3.x to version 4.x Migrate apps from Azure Functions version 1.x to version 4.x When supported, this article takes advantage.",0,Unknown,2026-06-18T23:20:59.113765
PHASE 1B: EXTENSION FORUMS,Microsoft Q&A,Overuse of Global References,Object required (Error 424),https://learn.microsoft.com/en-us/office/vba/language/reference/user-interface-help/object-required-error-424,"Object required (Error 424) Summarize this article for me References to properties and methods often require an explicit object qualifier. This error has the following causes and solutions: You referred to an object property or method, but didn't provide a valid object qualifier. Specify an object qualifier if you didn't provide one. Want to try.",0,Unknown,2026-06-18T23:20:59.113770
PHASE 1B: EXTENSION FORUMS,Microsoft Q&A,Overuse of Global References,NuGet Package Restore,https://learn.microsoft.com/en-us/nuget/consume-packages/package-restore,"Restore packages with NuGet Package Restore Summarize this article for me In this article NuGet Package Restore restores all of a project's dependencies that are listed in either a project file or a packages.config file. You can restore packages manually with nuget restore, dotnet restore, msbuild -t:restore, or t... Note To globally override the.",0,Unknown,2026-06-18T23:20:59.113774
PHASE 1B: EXTENSION FORUMS,Microsoft Q&A,Overuse of Global References,Can't find project or library,https://learn.microsoft.com/en-us/office/vba/language/reference/user-interface-help/can-t-find-project-or-library,"Can't find project or library Summarize this article for me You can't run your code until all missing references are resolved. This error has the following causes and solutions: A referenced project could not be found, or a referenced object library corresponding to the language of the project could not be found. Unresolve... Object libraries may.",0,Unknown,2026-06-18T23:20:59.113778
PHASE 1B: EXTENSION FORUMS,Microsoft Q&A,Overuse of Global References,Type '<typename>' is not defined - Visual Basic,https://learn.microsoft.com/en-us/dotnet/visual-basic/language-reference/error-messages/type-typename-is-not-defined,"BC30002: Type '' is not defined The statement has made reference to a type that has not been defined.  ... use the Global keyword to fully qualify the type nameFor example, if a project defines a namespace named System, the System.Object type cannot be accessed unless it is fully qualified with the Global keyword: Global.System.Object. See also.",0,Unknown,2026-06-18T23:20:59.113782
PHASE 1B: EXTENSION FORUMS,Microsoft Q&A,Overuse of Global References,The using directive: Import types from a namespace - C# reference,https://learn.microsoft.com/en-us/dotnet/csharp/language-reference/keywords/using-directive,"The using directive Summarize this article for me In this article The using directive enables you to use types defined in a namespace without specifying the fully qualified namespace of that type. In its basic form, the using directive imports all the types from a single namespace, as shown in the following example: You can apply two modifiers to.",0,Unknown,2026-06-18T23:20:59.113787
PHASE 1B: EXTENSION FORUMS,Microsoft Q&A,Overuse of Global References,Office shared,https://learn.microsoft.com/en-us/office/client-developer/shared/office-shared,"Office shared Summarize this article for me In this article Find how-to content, sample code, SDK and API documentation, VBA references, training, and technical articles for developing solutions and customizing Office. Viewed most Office VBA Object library reference Office VBA language reference O... Find how-to content, sample code, SDK and API.",0,Unknown,2026-06-18T23:20:59.113791
PHASE 1B: EXTENSION FORUMS,Microsoft Q&A,Overuse of Global References,Use a connection reference in a solution with Microsoft Dataverse - Power Apps,https://learn.microsoft.com/en-us/power-apps/maker/data-platform/create-connection-reference,"Use a connection reference in a solution with Microsoft Dataverse A connector is a proxy or a wrapper around an API that allows the underlying service to talk to Microsoft Power Automate, Microsoft Power Apps, and Azure Logic Apps. It provides a way for users to connect their accounts and use a set of prebuilt actions and triggers to build their.",0,Unknown,2026-06-18T23:20:59.113795
PHASE 1B: EXTENSION FORUMS,Microsoft Q&A,Overuse of Global References,Azure Key Vault documentation,https://learn.microsoft.com/en-us/azure/key-vault/,"Azure Key Vault Learn how to use Key Vault to create and maintain keys that access and encrypt your cloud resources, apps, and solutions. Overview Introduction to Azure Key Vault What's new Important updates to service Overview Authentication Overview Basic concepts Overview Logging Overview Throttling Overview Monitor Key Vault Reference Azure.",0,Unknown,2026-06-18T23:20:59.113799
PHASE 1B: EXTENSION FORUMS,Microsoft Q&A,Overuse of Global References,Access,https://learn.microsoft.com/en-us/office/client-developer/access/access-home,"Access developer documentation Summarize this article for me In this article Find how-to content, sample code, SDK and API documentation, VBA references, training, and technical articles for developing solutions and customizing Access. In this section Access VBA reference Access custom web app refer... Find how-to content, sample code, SDK and API.",0,Unknown,2026-06-18T23:20:59.113803
PHASE 1B: EXTENSION FORUMS,Microsoft Q&A,Overuse of Global References,Use Key Vault References as App Settings - Azure App Service,https://learn.microsoft.com/en-us/azure/app-service/app-service-key-vault-references,"Use Key Vault references as app settings in Azure App Service, Azure Functions, and Azure Logic Apps (Standard) Summarize this article for me In this article This article shows how to use secrets from Azure Key Vault as values in app settings or connection strings for apps created with Azure App Service, Azure Functions, or Azure Logic Apps.",0,Unknown,2026-06-18T23:20:59.113807
PHASE 1B: EXTENSION FORUMS,Microsoft Q&A,Overuse of Global References,Assemblies in .NET - .NET,https://learn.microsoft.com/en-us/dotnet/standard/assembly/,"Assemblies in .NET Summarize this article for me Assemblies are the fundamental units of deployment, version control, reuse, activation scoping, and security permissions for .NET-based applications. An assembly is a collection of types and resources that are built to work together and form a logical unit of functionality. An assembly reference.",0,Unknown,2026-06-18T23:20:59.113812
PHASE 1B: EXTENSION FORUMS,Microsoft Q&A,Overuse of Global References,NuGet documentation,https://learn.microsoft.com/en-us/nuget/,"NuGet documentation NuGet is the package manager for .NET. It enables developers to create, share, and consume useful .NET libraries. NuGet client tools provide the ability to produce and consume these libraries as ""packages"".  ...sole Create packages Workflow (overview) Use Visual Studio Use dotnet CLI Use nuget.exe CLI Use MSBuild Support.",0,Unknown,2026-06-18T23:20:59.113816
PHASE 1B: EXTENSION FORUMS,Microsoft Q&A,Overuse of Global References,Configure AKV references - Microsoft Fabric,https://learn.microsoft.com/en-us/fabric/data-factory/azure-key-vault-reference-configure,"Configure Azure Key Vault references Summarize this article for me In this article Azure Key Vault (AKV) is Microsoft's cloud service for storing secrets, keys, and certificates centrally, so you don't have to hardcode them into your apps. By using Azure Key Vault references in Microsoft Fabric, you can just point to a secret in your vault instead.",0,Unknown,2026-06-18T23:20:59.113820
PHASE 1B: EXTENSION FORUMS,Microsoft Q&A,Overuse of Global References,Excel Visual Basic for Applications (VBA) reference,https://learn.microsoft.com/en-us/office/vba/api/overview/excel,"Excel VBA reference This reference contains conceptual overviews, programming tasks, samples, and references to help you develop Excel solutions. Note Interested in developing solutions that extend the Office experience across multiple platforms. Check out the new Office Add-ins model. Want to try using Ask Learn to clarify or guide you through.",0,Unknown,2026-06-18T23:20:59.113824
PHASE 1B: EXTENSION FORUMS,Microsoft Q&A,Overuse of Global References,Install the Global Secure Access Client for Windows - Global Secure Access,https://learn.microsoft.com/en-us/entra/global-secure-access/how-to-install-windows-client,Install the Global Secure Access client for Windows Summarize this article for me In this article The Global Secure Access client is an essential part of Global Secure Access. It helps organizations manage and secure network traffic on user devices. The client routes traffic that needs to be secured by Global Secure Access to the cloud service..,0,Unknown,2026-06-18T23:20:59.113829
PHASE 1B: EXTENSION FORUMS,Microsoft Q&A,Overuse of Global References,Linker Tools Error LNK2005,https://learn.microsoft.com/en-us/cpp/error-messages/tool-errors/linker-tools-error-lnk2005,"Linker Tools Error LNK2005 symbol already defined in object Remarks The symbol symbol was defined more than once.  followed by fatal error LNK1169Possible causes and solutions Generally, this error means you have broken the one definition rule, which allows only one definition for any used template, function, type, or object in a given object.",0,Unknown,2026-06-18T23:20:59.113833
PHASE 1B: EXTENSION FORUMS,Microsoft Q&A,Overuse of Global References,Specify the targeted .NET Frameworks - Visual Studio (Windows),https://learn.microsoft.com/en-us/visualstudio/ide/visual-studio-multi-targeting-overview,"Framework targeting overview Summarize this article for me In this article In Visual Studio, you can specify the version of .NET that you want your project to target. Framework targeting helps guarantee that the application uses only functionality that is available in the specified framework version. For .NET Framework apps to run on another.",0,Unknown,2026-06-18T23:20:59.113837
PHASE 1B: EXTENSION FORUMS,Microsoft Q&A,Overuse of Global References,Transact-SQL Reference (Database Engine) - SQL Server,https://learn.microsoft.com/en-us/sql/t-sql/language-reference,Transact-SQL reference (Database Engine) Summarize this article for me Applies to: SQL Server Azure SQL Database Azure SQL Managed Instance Azure Synapse Analytics Analytics Platform System (PDW) SQL analytics endpoint in Microsoft Fabric Warehouse in Microsoft Fabric SQL database in Microsoft Fabric This article gives the basics about how to find.,0,Unknown,2026-06-18T23:20:59.113841
PHASE 1B: EXTENSION FORUMS,Microsoft Q&A,Overuse of Global References,PowerPoint,https://learn.microsoft.com/en-us/office/client-developer/powerpoint-home,"PowerPoint Summarize this article for me In this article Find how-to content, sample code, SDK and API documentation, VBA references, training, and technical articles for developing solutions and customizing PowerPoint. Viewed most PowerPoint VBA reference PowerPoint 2010 Office Add-ins Get started with PowerPoint add-ins Platform overview Code.",0,Unknown,2026-06-18T23:20:59.113845
PHASE 1B: EXTENSION FORUMS,Microsoft Q&A,Overuse of Global References,Work with global variables - Microsoft Copilot Studio,https://learn.microsoft.com/en-us/microsoft-copilot-studio/authoring-variables-bot,"Work with global variables Summarize this article for me In this article Variables store your customers' responses to questions from your agent. For example, you can save a customer's name in a variable called UserName. By default, you can only use a variable's value in... You can also make the variable global in scope. This article covers global.",0,Unknown,2026-06-18T23:20:59.113850
PHASE 1B: EXTENSION FORUMS,Microsoft Q&A,Overuse of Global References,Outlook,https://learn.microsoft.com/en-us/office/client-developer/outlook/outlook-home,"Outlook Summarize this article for me In this article Find how-to content, sample code, SDK and API documentation, VBA references, training, and technical articles for developing solutions and customizing Outlook. Viewed most Outlook VBA reference Outlook 2010 Office Add-ins Get started with Outl... Find how-to content, sample code, SDK and API.",0,Unknown,2026-06-18T23:20:59.113854
PHASE 1B: EXTENSION FORUMS,Microsoft Q&A,Overuse of Global References,Office client development,https://learn.microsoft.com/en-us/office/client-developer/office-client-development,"Office client development Summarize this article for me In this article Find how-to content, sample code, SDK and API documentation, VBA references, training, and articles for developing solutions and customizing Office.  ...n developing solutions that extend the Office experience across multiple platformsFind how-to content, sample code, SDK and.",0,Unknown,2026-06-18T23:20:59.113858
PHASE 1B: EXTENSION FORUMS,Microsoft Q&A,Local Reference Table Overflow,Azure Architecture Center - Azure Architecture Center,https://learn.microsoft.com/en-us/azure/architecture/,"Azure Architecture Center Design solutions on Azure by using established patterns and practices. Azure Architecture Center is a catalog of solution ideas, example workloads, reference architectures, technology decision guides, and architecture guides for Azure workloads. Architecture Browse Azure architectures Concept Build by using applicat....",0,Unknown,2026-06-18T23:21:01.061975
PHASE 1B: EXTENSION FORUMS,Microsoft Q&A,Local Reference Table Overflow,Azure DevOps documentation,https://learn.microsoft.com/en-us/azure/devops/,"Azure DevOps documentation Plan, build, test, and deploy with integrated DevOps tools for teams of any size. Overview What is Azure DevOps. What's new What's new in Azure DevOps. What's new What's new in Azure DevOps documentation. Get started Get started with Azure DevOps Azure Boards What is Azure Boards. Plan and track work Configure and.",0,Unknown,2026-06-18T23:21:01.062039
PHASE 1B: EXTENSION FORUMS,Microsoft Q&A,Local Reference Table Overflow,Visual Studio 2019 version 16.11 Release Notes,https://learn.microsoft.com/en-us/visualstudio/releases/2019/release-notes,"Visual Studio 2019 version 16.11.49 released July 8th, 2025 Issues Addressed in this release Security advisories addressed CVE-2025-49739 Visual Studio - Elevation Of Privilege - Time-of-check to time-of-use in Standard Collector Service allows Local privilege escalation CVE-2025-27613 Gitk Arguments Vulnerability CVE-2025-27614 Gitk Abitryary.",0,Unknown,2026-06-18T23:21:01.062050
PHASE 1B: EXTENSION FORUMS,Microsoft Q&A,Local Reference Table Overflow,Microsoft C/C++ Documentation,https://learn.microsoft.com/en-us/cpp/,"Microsoft C++, C, and Assembler documentation Learn how to use C++, C, and assembly language to develop applications, services, and tools for your platforms and devices. Workloads Universal Windows Platform development Windows Desktop development Linux development Embedded development Mobile development Game development Features Build reliable and.",0,Unknown,2026-06-18T23:21:01.062060
PHASE 1B: EXTENSION FORUMS,Microsoft Q&A,Local Reference Table Overflow,Use the Azurite emulator for local Azure Storage development,https://learn.microsoft.com/en-us/azure/storage/common/storage-use-azurite,"Use the Azurite emulator for local Azure Storage development Summarize this article for me The Azurite open-source emulator provides a free local environment for testing your cloud-based applications. When you're satisfied with how your application is working locally, switch to using an Azure Storage account in the cloud. Azurite is a lightweight.",0,Unknown,2026-06-18T23:21:01.062069
PHASE 1B: EXTENSION FORUMS,Microsoft Q&A,Local Reference Table Overflow,Minecraft: Bedrock Edition Creator Documentation,https://learn.microsoft.com/en-us/minecraft/creator/,"Minecraft: Bedrock Edition Creator Documentation Learn how to mod Minecraft with Add-Ons. Create skins, design unique experiences, discover the latest features, and develop your skills as a Minecraft creator. Reference Scripting Training Creator Learning Journey Training Game Development Journey What's new Control Schemes... Learn how to mod.",0,Unknown,2026-06-18T23:21:01.062078
PHASE 1B: EXTENSION FORUMS,Microsoft Q&A,Local Reference Table Overflow,Formula reference - canvas apps - Power Platform,https://learn.microsoft.com/en-us/power-platform/power-fx/formula-reference-canvas-apps,"Formula reference - canvas apps Summarize this article for me This article explains all the functions you can use in canvas apps. Formulas in canvas apps combine several elements. Here are the main types: Functions take parameters, perform an operation, and return a value. Acos – Returns the arccosine of a number, in radians. Acot – Returns the.",0,Unknown,2026-06-18T23:21:01.062088
PHASE 1B: EXTENSION FORUMS,Microsoft Q&A,Local Reference Table Overflow,Install and run the Azurite emulator for Azure Storage,https://learn.microsoft.com/en-us/azure/storage/common/storage-install-azurite,"Install and run Azurite emulator Summarize this article for me Using the Azurite emulator allows developers to fast-track cloud-based application and tool development without the need for internet connectivity. This article provides instructions for installing and running Azurite, as well as configuring it for local development. For more.",0,Unknown,2026-06-18T23:21:01.062097
PHASE 1B: EXTENSION FORUMS,Microsoft Q&A,Local Reference Table Overflow,decimal and numeric (Transact-SQL) - SQL Server,https://learn.microsoft.com/en-us/sql/t-sql/data-types/decimal-and-numeric-transact-sql,decimal and numeric (Transact-SQL) Summarize this article for me Applies to: SQL Server Azure SQL Database Azure SQL Managed Instance Azure Synapse Analytics Analytics Platform System (PDW) SQL analytics endpoint in Microsoft Fabric Warehouse in Microsoft Fabric SQL database in Microsoft Fabric decimal and numeric are numeric data types that have.,0,Unknown,2026-06-18T23:21:01.062107
PHASE 1B: EXTENSION FORUMS,Microsoft Q&A,Local Reference Table Overflow,Power Query M function reference - PowerQuery M,https://learn.microsoft.com/en-us/powerquery-m/power-query-m-function-reference,"Power Query M function reference Summarize this article for me The Power Query M function reference includes articles for each of the over 700 functions. These reference articles are auto-generated from in-product help. To learn more about functions and how they work in an expression, go to Understanding Power Query M functions. Functions by.",0,Unknown,2026-06-18T23:21:01.062117
PHASE 1B: EXTENSION FORUMS,Microsoft Q&A,Local Reference Table Overflow,Develop and run Azure Functions locally,https://learn.microsoft.com/en-us/azure/azure-functions/functions-develop-local,"Code and test Azure Functions locally Summarize this article for me In this article Whenever possible, create and validate your Azure Functions code project in a local development environment. By using either Azure Functions Core Tools (v4) or the Azure Functions CLI (v5), you get a local runtime version of Azure Functions that integrates with.",0,Unknown,2026-06-18T23:21:01.062126
PHASE 1B: EXTENSION FORUMS,Microsoft Q&A,Local Reference Table Overflow,Windows Hardware Developer Documentation - Windows drivers,https://learn.microsoft.com/en-us/windows-hardware/drivers/,"Windows hardware developer documentation Learn how to design, develop, and deploy hardware and device drivers for Windows PCs and other devices. Download Install the Windows Driver Kit via NuGet What's new What's New in Dr... Windows Drivers Kit Q&A Submit feedback Windows drivers developer survey @WindowsDocs on X - OneDevMinute on YouTube -.",0,Unknown,2026-06-18T23:21:01.062136
PHASE 1B: EXTENSION FORUMS,Microsoft Q&A,Local Reference Table Overflow,Access,https://learn.microsoft.com/en-us/office/client-developer/access/access-home,"Access developer documentation Summarize this article for me In this article Find how-to content, sample code, SDK and API documentation, VBA references, training, and technical articles for developing solutions and customizing Access. In this section Access VBA reference Access custom web app reference Access desktop database reference Office.",0,Unknown,2026-06-18T23:21:01.062146
PHASE 1B: EXTENSION FORUMS,Microsoft Q&A,Local Reference Table Overflow,DAX function reference - DAX,https://learn.microsoft.com/en-us/dax/dax-function-reference,"DAX function reference Summarize this article for me The DAX function reference provides detailed information including syntax, parameters, return values, and examples for each of the over 250 functions used in Data Analysis Expression (DAX) formulas. Important Not all DAX functions are supported or included in earlier versions of Power BI.",0,Unknown,2026-06-18T23:21:01.062155
PHASE 1B: EXTENSION FORUMS,Microsoft Q&A,Local Reference Table Overflow,Azure Active Directory B2C documentation,https://learn.microsoft.com/en-us/azure/active-directory-b2c/,"Azure Active Directory B2C documentation Azure Active Directory B2C (Azure AD B2C) is a customer identity access management (CIAM) solution that enables you to sign up and sign in your customers into your apps and APIs. Your customers use their preferred social, enterprise, or local account identities to get single sign-on access to your.",0,Unknown,2026-06-18T23:21:01.062165
PHASE 1B: EXTENSION FORUMS,Microsoft Q&A,Local Reference Table Overflow,WITH common_table_expression (Transact-SQL) - SQL Server,https://learn.microsoft.com/en-us/sql/t-sql/queries/with-common-table-expression-transact-sql,"WITH common_table_expression (Transact-SQL) Summarize this article for me Applies to: SQL Server Azure SQL Database Azure SQL Managed Instance Azure Synapse Analytics Analytics Platform System (PDW) SQL analytics endpoint in Microsoft Fabric Warehouse in Microsoft Fabric SQL database in Microsoft Fabric Specifies a temporary named result set,.",0,Unknown,2026-06-18T23:21:01.062175
PHASE 1B: EXTENSION FORUMS,Microsoft Q&A,Local Reference Table Overflow,Get started with Foundry Local - Foundry Local,https://learn.microsoft.com/en-us/azure/foundry-local/get-started,"Get started with Foundry Local Summarize this article for me In this article In this quickstart, you create a console application that downloads a local AI model, generates a streaming chat response, and unloads the model. Everything runs on your device with no cloud dependency or Azure subscription. If you're building from scratch, you should.",0,Unknown,2026-06-18T23:21:01.062184
PHASE 1B: EXTENSION FORUMS,Microsoft Q&A,Local Reference Table Overflow,Azure Local release information - Azure Local,https://learn.microsoft.com/en-us/azure/azure-local/release-information-23h2,"Azure Local release information Summarize this article for me In this article To enhance your Azure Local experience, Microsoft periodically releases feature updates that introduce new capabilities and improvements. This article provides the release information for Azure Local, including the release build and OS build information. Azure Local.",0,Unknown,2026-06-18T23:21:01.062194
PHASE 1B: EXTENSION FORUMS,Microsoft Q&A,Local Reference Table Overflow,Accounts,https://learn.microsoft.com/en-us/windows/configuration/wcd/wcd-accounts,"Accounts (Windows Configuration Designer reference) Use these settings to join a device to an Active Directory domain or a Microsoft Entra tenant, or to add local user accounts to the device. Applies to Setting groups Windows client Surface Hub HoloLens IoT Core Azure ✅ ✅ ✅ ComputerAccount ✅ ✅ ✅ Users ✅ ✅ ✅ Azure The Azure > Authority and Azure >.",0,Unknown,2026-06-18T23:21:01.062204
PHASE 1B: EXTENSION FORUMS,Microsoft Q&A,Local Reference Table Overflow,Office shared,https://learn.microsoft.com/en-us/office/client-developer/shared/office-shared,"Office shared Summarize this article for me In this article Find how-to content, sample code, SDK and API documentation, VBA references, training, and technical articles for developing solutions and customizing Office. Viewed most Office VBA Object library reference Office VBA language reference O... Find how-to content, sample code, SDK and API.",0,Unknown,2026-06-18T23:21:01.062214
PHASE 1B: EXTENSION FORUMS,Microsoft Q&A,Local Reference Table Overflow,Excel Visual Basic for Applications (VBA) reference,https://learn.microsoft.com/en-us/office/vba/api/overview/excel,"Excel VBA reference This reference contains conceptual overviews, programming tasks, samples, and references to help you develop Excel solutions. Note Interested in developing solutions that extend the Office experience across multiple platforms. Check out the new Office Add-ins model. Want to try using Ask Learn to clarify or guide you through.",0,Unknown,2026-06-18T23:21:01.062223
PHASE 1B: EXTENSION FORUMS,Microsoft Q&A,Local Reference Table Overflow,NuGet documentation,https://learn.microsoft.com/en-us/nuget/,NuGet documentation NuGet is the package manager for .NET.  ...I Use MSBuild Support multiple target frameworks Publish packages Publish to NuGet.org Publish to a private feed Reference and resources NuGet.org Overview Individual accounts Organizations API keys Publish a package Reference dotnet CLI nuget.exe CLI Package references pack and.,0,Unknown,2026-06-18T23:21:01.062233
PHASE 1B: EXTENSION FORUMS,Microsoft Q&A,Local Reference Table Overflow,Local accounts,https://learn.microsoft.com/en-us/windows/security/identity-protection/access-control/local-accounts,"Local accounts Summarize this article for me In this article This article describes the default local user and system accounts for Windows operating systems, and describes how to manage them. Local accounts (user accounts and system accounts) are security principals that're used to manage user and system access to the resources on a device. Local.",0,Unknown,2026-06-18T23:21:01.062243
PHASE 1B: EXTENSION FORUMS,Microsoft Q&A,Local Reference Table Overflow,What is Foundry Local? - Foundry Local,https://learn.microsoft.com/en-us/azure/foundry-local/what-is-foundry-local,"What is Foundry Local. Summarize this article for me In this article Foundry Local is an end-to-end local AI solution for shipping applications that run entirely on the user's device. It provides an easy-to-use SDK (C#, JavaScript, Rust, and Python), a curated catalog of optimized models, and automatic hardware acceleration—all in a lightweight.",0,Unknown,2026-06-18T23:21:01.062253
PHASE 1B: EXTENSION FORUMS,Microsoft Q&A,Local Reference Table Overflow,Windows AI,https://learn.microsoft.com/en-us/windows/ai/,"Windows AI Learn how to take advantage of state-of-the-art local models, NPU hardware, and remote APIs to make your apps smarter than ever before. Foundry Toolkit for Visual Studio Code Copilot+ Developer Guide See more Bringing intelligence to Windows apps MCP on Windows App Actions on Windows Other resources Samples A collection of samples that.",0,Unknown,2026-06-18T23:21:01.062263
PHASE 1B: EXTENSION FORUMS,Microsoft Q&A,Local Reference Table Overflow,"Jump statements - break, continue, return, and goto - C# reference",https://learn.microsoft.com/en-us/dotnet/csharp/language-reference/statements/jump-statements,"Jump statements - break, continue, return, and goto Summarize this article for me The jump statements unconditionally transfer control. The break statement terminates the closest enclosing iteration statement or switch statement. For information about the throw statement that throws an exception and uncondi... The C# language reference documents.",0,Unknown,2026-06-18T23:21:01.062272
PHASE 1B: EXTENSION FORUMS,Microsoft Q&A,Local Reference Table Overflow,Release notes with fixed and known issues in Azure Local - Azure Local,https://learn.microsoft.com/en-us/azure/azure-local/known-issues,"Known issues in Azure Local Summarize this article for me In this article This article identifies critical known issues and their workarounds in Azure Local. Before you deploy your Azure Local instance, carefully review the information contain... Known issues from previous releases The following table lists the known issues from previous releases:.",0,Unknown,2026-06-18T23:21:01.062282
PHASE 1B: EXTENSION FORUMS,Microsoft Q&A,Local Reference Table Overflow,Configure AKV references - Microsoft Fabric,https://learn.microsoft.com/en-us/fabric/data-factory/azure-key-vault-reference-configure,"Configure Azure Key Vault references Summarize this article for me In this article Azure Key Vault (AKV) is Microsoft's cloud service for storing secrets, keys, and certificates centrally, so you don't have to hardcode them into your apps. By using Azure Key Vault references in Microsoft Fabric, you can just point to a secret in your vault instead.",0,Unknown,2026-06-18T23:21:01.062292
PHASE 1B: EXTENSION FORUMS,Microsoft Q&A,Local Reference Table Overflow,What's new in Hyperconverged Deployments of Azure Local latest release - Azure Local,https://learn.microsoft.com/en-us/azure/azure-local/whats-new,"What's new in hyperconverged deployments of Azure Local. Summarize this article for me In this article This article lists the features and improvements that are available in hyperconverged deployments of Azure Local. The latest version of Azure Local solution focuses on cloud-based deployment and updates, cloud-based monitoring, a new and.",0,Unknown,2026-06-18T23:21:01.062301
PHASE 1B: EXTENSION FORUMS,Microsoft Q&A,Local Reference Table Overflow,"Azure Translator documentation - quickstarts, tutorials, API reference - Foundry Tools",https://learn.microsoft.com/en-us/azure/ai-services/translator/,Azure Translator in Foundry Tools documentation Azure Translator is a cloud-based machine translation service you can use to translate text and documents with a simple REST API call. The service uses modern neural machine translation technology. The Custom Translator interface allows you to use your translation memory to create customized neural.,0,Unknown,2026-06-18T23:21:01.062311
PHASE 1B: EXTENSION FORUMS,Microsoft Q&A,Global Reference Hoarding,Region availability for Foundry Models sold by Azure - Microsoft Foundry,https://learn.microsoft.com/en-us/azure/foundry/foundry-models/concepts/models-sold-directly-by-azure-region-availability,"However, inferencing data is processed as follows: Global types: May be processed in any Azure region where the Foundry Model is deployed DataZone types: Processed anywhere within the Microsoft-specified data zone (US or EU) Standard/Regional types: Processed in the region associated with your deployment (not available for batch deployments) All.",0,Unknown,2026-06-18T23:21:03.108810
PHASE 1B: EXTENSION FORUMS,Microsoft Q&A,Global Reference Hoarding,Dynamics 365 Finance documentation,https://learn.microsoft.com/en-us/dynamics365/finance/,"Microsoft Dynamics 365 Finance documentation Discover how to make the most of Dynamics 365 Finance with training, documentation, and videos covering product capabilities. Learn how to use Dynamics 365 Finance to monitor your global financial operations in real time, predict outcomes, and make data-driven decisions to drive business agility and.",0,Unknown,2026-06-18T23:21:03.108838
PHASE 1B: EXTENSION FORUMS,Microsoft Q&A,Global Reference Hoarding,Dynamics 365 Supply Chain Management documentation,https://learn.microsoft.com/en-us/dynamics365/supply-chain/,"Microsoft Dynamics 365 Supply Chain Management documentation Discover how to make the most of Dynamics 365 Supply Chain Management with training, docs, and videos covering product capabilities and how-to articles.  ...Database movement operations Data entities overview System administration System administration overview Process automation Batch.",0,Unknown,2026-06-18T23:21:03.108845
PHASE 1B: EXTENSION FORUMS,Microsoft Q&A,Global Reference Hoarding,Azure developer documentation,https://learn.microsoft.com/en-us/azure/developer/,"Azure developer documentation Develop applications on Azure using Python, JavaScript, Java, .NET, Go, C++, and Rust. Use development tools like Visual Studio, Visual Studio Code, and Azure SDKs. Learn through quickstarts, tutorials, and toolkits for building applications, AI integration, deployment, and resource management. What's new What's new.",0,Unknown,2026-06-18T23:21:03.108850
PHASE 1B: EXTENSION FORUMS,Microsoft Q&A,Global Reference Hoarding,Power Query M function reference - PowerQuery M,https://learn.microsoft.com/en-us/powerquery-m/power-query-m-function-reference,"Power Query M function reference Summarize this article for me The Power Query M function reference includes articles for each of the over 700 functions. These reference articles are auto-generated from in-product help. To learn more about functions and how they work in an expression, go to Understanding Power Query M functions. Functions by.",0,Unknown,2026-06-18T23:21:03.108855
PHASE 1B: EXTENSION FORUMS,Microsoft Q&A,Global Reference Hoarding,Define your naming convention - Cloud Adoption Framework,https://learn.microsoft.com/en-us/azure/cloud-adoption-framework/ready/azure-best-practices/resource-naming,Azure names must follow three general principles: Names need to be unique within the scope of the Azure resource (varies by resource). Names need to meet length requirements (varies by resource). Names can only contain valid characters (varies by resource). Understand Azure name scope. Azure resource names must be unique within their defined.,0,Unknown,2026-06-18T23:21:03.108862
PHASE 1B: EXTENSION FORUMS,Microsoft Q&A,Global Reference Hoarding,Type '<typename>' is not defined - Visual Basic,https://learn.microsoft.com/en-us/dotnet/visual-basic/language-reference/error-messages/type-typename-is-not-defined,"BC30002: Type '' is not defined The statement has made reference to a type that has not been defined. If it is, use the Global keyword to fully qualify the type name. For example, if a project defines a namespace named System, the System.Object type cannot be accessed unless it is fully qualified with the Global keyword: Global.System.Object. If.",0,Unknown,2026-06-18T23:21:03.108867
PHASE 1B: EXTENSION FORUMS,Microsoft Q&A,Global Reference Hoarding,Entity Framework documentation hub,https://learn.microsoft.com/en-us/ef/,"Entity Framework documentation hub Entity Framework is a modern object-relation mapper that lets you build a clean, portable, and high-level data access layer with .NET (C#) across a variety of databases, including SQL Database (on-premises and Azure), SQLite, MySQL, PostgreSQL, and Azure Cosmos DB. Reference API reference browser Reference .NET.",0,Unknown,2026-06-18T23:21:03.108872
PHASE 1B: EXTENSION FORUMS,Microsoft Q&A,Global Reference Hoarding,Understand variables in canvas apps - Power Apps,https://learn.microsoft.com/en-us/power-apps/maker/canvas-apps/working-with-variables,"...se in Power Apps are global variablesHow global variables work: Set the value of a global variable with the Set function. Types of variables Power Apps has three types of variables: Variable type Scope Description Functions that establish Global variables App Use global variables to hold a number, text string, Boolean, record, table, or other.",0,Unknown,2026-06-18T23:21:03.108878
PHASE 1B: EXTENSION FORUMS,Microsoft Q&A,Global Reference Hoarding,Data Analysis Expressions (DAX) Reference - DAX,https://learn.microsoft.com/en-us/dax/,"Data Analysis Expressions (DAX) Reference Data Analysis Expressions (DAX) is a library of functions and operators that can be combined to build formulas and expressions in Power BI, Analysis Services, and Power Pivot in Excel data models. Functions Reference DAX functions DAX statements What's new New DAX functions Learn about DAX Overview DAX.",0,Unknown,2026-06-18T23:21:03.108883
PHASE 1B: EXTENSION FORUMS,Microsoft Q&A,Global Reference Hoarding,DAX function reference - DAX,https://learn.microsoft.com/en-us/dax/dax-function-reference,"DAX function reference Summarize this article for me The DAX function reference provides detailed information including syntax, parameters, return values, and examples for each of the over 250 functions used in Data Analysis Expression (DAX) formulas. Important Not all DAX functions are supported or included in earlier versions of Power BI.",0,Unknown,2026-06-18T23:21:03.108888
PHASE 1B: EXTENSION FORUMS,Microsoft Q&A,Global Reference Hoarding,Formula reference - canvas apps - Power Platform,https://learn.microsoft.com/en-us/power-platform/power-fx/formula-reference-canvas-apps,"Formula reference - canvas apps Summarize this article for me This article explains all the functions you can use in canvas apps. Formulas in canvas apps combine several elements. Here are the main types: Functions take parameters, perform an operation, and return a value. For example, Sqrt(25) returns 5. Functions are similar to Microsoft Excel.",0,Unknown,2026-06-18T23:21:03.108893
PHASE 1B: EXTENSION FORUMS,Microsoft Q&A,Global Reference Hoarding,How to find your tenant ID - Microsoft Entra,https://learn.microsoft.com/en-us/entra/fundamentals/how-to-find-tenant,"How to find your Microsoft Entra tenant ID Summarize this article for me Overview Azure subscriptions have a trust relationship with Microsoft Entra ID. Microsoft Entra ID is trusted to authenticate the subscription's users, services, and devices. Each subscription has a tenant ID associated with it, and there are a few ways you can find the.",0,Unknown,2026-06-18T23:21:03.108899
PHASE 1B: EXTENSION FORUMS,Microsoft Q&A,Global Reference Hoarding,Install the Global Secure Access Client for Windows - Global Secure Access,https://learn.microsoft.com/en-us/entra/global-secure-access/how-to-install-windows-client,Install the Global Secure Access client for Windows Summarize this article for me In this article The Global Secure Access client is an essential part of Global Secure Access. It helps organizations manage and secure network traffic on user devices. The client routes traffic that needs to be secured by Global Secure Access to the cloud service..,0,Unknown,2026-06-18T23:21:03.108904
PHASE 1B: EXTENSION FORUMS,Microsoft Q&A,Global Reference Hoarding,Excel Visual Basic for Applications (VBA) reference,https://learn.microsoft.com/en-us/office/vba/api/overview/excel,"Excel VBA reference This reference contains conceptual overviews, programming tasks, samples, and references to help you develop Excel solutions. Note Interested in developing solutions that extend the Office experience across multiple platforms. Check out the new Office Add-ins model. Want to try using Ask Learn to clarify or guide you through.",0,Unknown,2026-06-18T23:21:03.108909
PHASE 1B: EXTENSION FORUMS,Microsoft Q&A,Global Reference Hoarding,The using directive: Import types from a namespace - C# reference,https://learn.microsoft.com/en-us/dotnet/csharp/language-reference/keywords/using-directive,"The using directive Summarize this article for me In this article The using directive enables you to use types defined in a namespace without specifying the fully qualified namespace of that type. In its basic form, the using directive imports all the types from a single namespace, as shown in the following example: You can apply two modifiers to.",0,Unknown,2026-06-18T23:21:03.108914
PHASE 1B: EXTENSION FORUMS,Microsoft Q&A,Global Reference Hoarding,Use a connection reference in a solution with Microsoft Dataverse - Power Apps,https://learn.microsoft.com/en-us/power-apps/maker/data-platform/create-connection-reference,"Use a connection reference in a solution with Microsoft Dataverse A connector is a proxy or a wrapper around an API that allows the underlying service to talk to Microsoft Power Automate, Microsoft Power Apps, and Azure Logic Apps. It provides a way for users to connect their accounts and use a set of prebuilt actions and triggers to build their.",0,Unknown,2026-06-18T23:21:03.108919
PHASE 1B: EXTENSION FORUMS,Microsoft Q&A,Global Reference Hoarding,Configure AKV references - Microsoft Fabric,https://learn.microsoft.com/en-us/fabric/data-factory/azure-key-vault-reference-configure,"Configure Azure Key Vault references Summarize this article for me In this article Azure Key Vault (AKV) is Microsoft's cloud service for storing secrets, keys, and certificates centrally, so you don't have to hardcode them into your apps. By using Azure Key Vault references in Microsoft Fabric, you can just point to a secret in your vault instead.",0,Unknown,2026-06-18T23:21:03.108924
PHASE 1B: EXTENSION FORUMS,Microsoft Q&A,Global Reference Hoarding,global.json overview - .NET CLI,https://learn.microsoft.com/en-us/dotnet/core/tools/global-json,global.json overview Summarize this article for me In this article This article applies to: ✔️ .NET Core 3.1 SDK and later versions The global.json file allows you to define which .NET SDK version is used when you run .NET CLI commands. Selecting the .NET SDK version is independent from specifying the runtime version a project targets. The .NET.,0,Unknown,2026-06-18T23:21:03.108929
PHASE 1B: EXTENSION FORUMS,Microsoft Q&A,Global Reference Hoarding,"How to manage the global packages, HTTP cache, temp folders in NuGet",https://learn.microsoft.com/en-us/nuget/consume-packages/managing-the-global-packages-and-cache-folders,"Managing the global packages, HTTP cache, and temp folders Summarize this article for me In this article Whenever you install, update, or restore a package, NuGet manages packages and package information in several folders outside of your project structure: Name Location global-packages Windows: %userprofile%\.nuget\packagesMac/Linux:.",0,Unknown,2026-06-18T23:21:03.108935
PHASE 1B: EXTENSION FORUMS,Microsoft Q&A,Global Reference Hoarding,Use Key Vault References as App Settings - Azure App Service,https://learn.microsoft.com/en-us/azure/app-service/app-service-key-vault-references,"Use Key Vault references as app settings in Azure App Service, Azure Functions, and Azure Logic Apps (Standard) Summarize this article for me In this article This article shows how to use secrets from Azure Key Vault as values in app settings or connection strings for apps created with Azure App Service, Azure Functions, or Azure Logic Apps.",0,Unknown,2026-06-18T23:21:03.108940
PHASE 1B: EXTENSION FORUMS,Microsoft Q&A,Global Reference Hoarding,Find a Global Training Partner,https://learn.microsoft.com/en-us/training/educator-center/programs/global-training-partner/find-global-training-partner,Find a Global Training Partner Summarize this article for me In this article The Microsoft Global Training Partner (GTP) program is a dynamic group of partners that provide professional development to educators and school leaders on Microsoft’s Education Solutions.  ...bHFourcastM Square Business SolutionsSkunkworks Academy Ghana M Square Business.,0,Unknown,2026-06-18T23:21:03.108945
PHASE 1B: EXTENSION FORUMS,Microsoft Q&A,Global Reference Hoarding,Set up global navigation in the SharePoint app bar,https://learn.microsoft.com/en-us/viva/connections/sharepoint-app-bar,"Introduction to the SharePoint app bar Summarize this article for me In this article Help users find important content and resources no matter where they are in SharePoint. The SharePoint app bar improves the global way-finding and creation experiences while dynamically displaying personalized sites, news, files, and lists. The app bar is on the.",0,Unknown,2026-06-18T23:21:03.108950
PHASE 1B: EXTENSION FORUMS,Microsoft Q&A,Global Reference Hoarding,How to configure connectors for Microsoft Entra Private Access - Global Secure Access,https://learn.microsoft.com/en-us/entra/global-secure-access/how-to-configure-connectors,How to configure private network connectors for Microsoft Entra Private Access and Microsoft Entra application proxy Summarize this article for me In this article Overview Connectors are lightweight agents that run on a server in a private network and facilitate outbound connections to the Global Secure Access service. Connectors must be installed.,0,Unknown,2026-06-18T23:21:03.108955
PHASE 1B: EXTENSION FORUMS,Microsoft Q&A,Global Reference Hoarding,Large object heap (LOH) on Windows - .NET,https://learn.microsoft.com/en-us/dotnet/standard/garbage-collection/large-object-heap,"For example... CLR 2.0 added a feature called VM Hoarding that can be useful for scenarios where segments (including on the large and small object heaps) are frequently acquired and released. To specify VM Hoarding, you specify a startup flag called STARTUP_HOARD_GC_VM via the hosting API. VM hoarding is also useful for applications that want to.",0,Unknown,2026-06-18T23:21:03.108960
PHASE 1B: EXTENSION FORUMS,Microsoft Q&A,Global Reference Hoarding,Microsoft Cybersecurity Reference Architectures (MCRA),https://learn.microsoft.com/en-us/security/adoption/mcra,Microsoft Cybersecurity Reference Architectures Summarize this article for me In this article The Microsoft Cybersecurity Reference Architectures (MCRA) are technical architectures to enable you to adopt end-to-end security using Zero Trust principles. MCRA describes end-to-end security for the ‘hybrid of everything’ technology estate spanning.,0,Unknown,2026-06-18T23:21:03.108965
PHASE 1B: EXTENSION FORUMS,Microsoft Q&A,Global Reference Hoarding,Work with global variables - Microsoft Copilot Studio,https://learn.microsoft.com/en-us/microsoft-copilot-studio/authoring-variables-bot,"Work with global variables Summarize this article for me In this article Variables store your customers' responses to questions from your agent. For example, you can save a customer's name in a variable called UserName. You can reuse a variable by passing the variable f... You can also make the variable global in scope. This article covers global.",0,Unknown,2026-06-18T23:21:03.108970
PHASE 1B: EXTENSION FORUMS,Microsoft Q&A,Global Reference Hoarding,Add references in the Reference Manager - Visual Studio (Windows),https://learn.microsoft.com/en-us/visualstudio/ide/how-to-add-or-remove-references-by-using-the-reference-manager,"Add or remove references by using the Reference Manager Summarize this article for me In this article You can use the Reference Manager dialog box to add and manage references to components that you, Microsoft, or another company developed. If you're developing a Universal Windows app, your project automatically references all of the correct.",0,Unknown,2026-06-18T23:21:03.108976
PHASE 1B: EXTENSION FORUMS,Microsoft Q&A,Global Reference Hoarding,"C docs - get started, tutorials, reference.",https://learn.microsoft.com/en-us/cpp/c-language/,...rence Projects and build systems Compiler reference Linker reference Additional build tools Errors and warnings C language Reference C language reference Elements of C Program structure Declarations and types Expressions and assignments Statements Functions C language syntax summary Implementation-defined behavior C/C++ preprocessor reference C.,0,Unknown,2026-06-18T23:21:03.109028
PHASE 1B: EXTENSION FORUMS,Microsoft Q&A,Global Reference Hoarding,Global Query Filters - EF Core,https://learn.microsoft.com/en-us/ef/core/querying/filters,Global Query Filters Summarize this article for me In this article Global query filters allow attaching a filter to an entity type and having that filter applied whenever a query on that entity type is executed; think of them as an additional LINQ Where operator that's added whenever the entity type is queried. Such filters are useful in a variety.,0,Unknown,2026-06-18T23:21:03.109034
PHASE 1B: EXTENSION FORUMS,Microsoft Q&A,UnsatisfiedLinkError,UnsatisfiedLinkError Class (Java.Lang),https://learn.microsoft.com/en-us/dotnet/api/java.lang.unsatisfiedlinkerror,"Inheritance Exception Throwable Error LinkageError UnsatisfiedLinkError Attributes RegisterAttribute Remarks Thrown if the Java Virtual Machine cannot find an appropr... Constructors UnsatisfiedLinkError() Constructs an UnsatisfiedLinkError with no detail message. UnsatisfiedLinkError(IntPtr, JniHandleOwnership) A constructor used when creating.",0,Unknown,2026-06-18T23:21:05.466529
PHASE 1B: EXTENSION FORUMS,Microsoft Q&A,UnsatisfiedLinkError,UnsatisfiedLinkError Constructor (Java.Lang),https://learn.microsoft.com/en-us/dotnet/api/java.lang.unsatisfiedlinkerror.-ctor,UnsatisfiedLinkError(String) Constructs an UnsatisfiedLinkError with the specified detail message.  ...or() Constructs an UnsatisfiedLinkErrorAttributes RegisterAttribute Remarks Constructs an UnsatisfiedLinkError with no detail message.Java documentation for java.lang.UnsatisfiedLinkError.UnsatisfiedLinkError().Portions of this page are.,0,Unknown,2026-06-18T23:21:05.466588
PHASE 1B: EXTENSION FORUMS,Microsoft Q&A,UnsatisfiedLinkError,Programming ADSI with Java/COM - Win32 apps,https://learn.microsoft.com/en-us/windows/win32/adsi/programming-adsi-with-javacom,"Programming ADSI with Java/COM Using the Microsoft virtual machine for Java (Microsoft VM) and Microsoft Java Compiler, you have access to all the ADSI features exposed through any ADSI COM components, fro... If a ""java.lang.UnsatisfiedLinkError"" error is returned, set the PATH to include the path that contains the required DLL. For example, if.",0,Unknown,2026-06-18T23:21:05.466594
PHASE 1B: EXTENSION FORUMS,Microsoft Q&A,UnsatisfiedLinkError,Troubleshooting Bindings - .NET for Android,https://learn.microsoft.com/en-us/dotnet/android/binding-libs/customizing-bindings/troubleshooting-bindings,"Tip The Binding Tooling GitHub repository wiki is a great resource and contains additional troubleshooting information that may help with specific cases. It is possible that .NET for Andro... When the wrapped Java code executes, .NET for Android will fail to make the JNI call and the error message java.lang.UnsatisfiedLinkError: Native method not.",0,Unknown,2026-06-18T23:21:05.466600
PHASE 1B: EXTENSION FORUMS,Microsoft Q&A,UnsatisfiedLinkError,UnsatisfiedLinkError.JniPeerMembers Property (Java.Lang),https://learn.microsoft.com/en-us/dotnet/api/java.lang.unsatisfiedlinkerror.jnipeermembers,Table of contents Exit focus mode Language csharp fsharp Table of contents Add Share via Facebook x.com LinkedIn Email Print UnsatisfiedLinkError.JniPeerMembers Property Definition Namespace: Java.Lang Assembly:Mono.Android.dll Property Value JniPeerMembers Remarks Portions of this page are modifications based on work created and shared by the.,0,Unknown,2026-06-18T23:21:05.466606
PHASE 1B: EXTENSION FORUMS,Microsoft Q&A,UnsatisfiedLinkError,AdoptOpenJDK 8 issue on Windows 10 Enterprise - Microsoft Q&A,https://learn.microsoft.com/en-us/answers/questions/4209982/adoptopenjdk-8-issue-on-windows-10-enterprise,"AdoptOpenJDK version: 8u275-b01 OS Version: 10.0.18363 N/A Build 18363 When I try to start Cassandra, I get this error message: Exception (java.lang.UnsatisfiedLinkError) encountered during startup: C:\Users&amp;lt;username&gt;\AppData\Local\Temp\jna-3556498* jna1751679194795389333.dll *: Can't find dependent libraries \jna-3556498 folder is.",0,Unknown,2026-06-18T23:21:05.466611
PHASE 1B: EXTENSION FORUMS,Microsoft Q&A,UnsatisfiedLinkError,Overview - .NET for Android,https://learn.microsoft.com/en-us/dotnet/android/binding-libs/binding-java-libs/,"Binding Java libraries Summarize this article for me The third-party library ecosystem for Android is massive. Including a native library in a binding It may be necessary to include a .so ... When the wrapped Java code executes, .NET for Android will fail to make the JNI call and the error message java.lang.UnsatisfiedLinkError: Native method not.",0,Unknown,2026-06-18T23:21:05.466616
PHASE 1B: EXTENSION FORUMS,Microsoft Q&A,UnsatisfiedLinkError,UnsatisfiedLinkError.ThresholdClass Property (Java.Lang),https://learn.microsoft.com/en-us/dotnet/api/java.lang.unsatisfiedlinkerror.thresholdclass,Table of contents Exit focus mode Language csharp fsharp Table of contents Add Share via Facebook x.com LinkedIn Email Print UnsatisfiedLinkError.ThresholdClass Property Definition Namespace: Java.Lang Assembly:Mono.Android.dll This API supports the Mono for Android infrastructure and is not intended to be used directly from your code. Remarks.,0,Unknown,2026-06-18T23:21:05.466622
PHASE 1B: EXTENSION FORUMS,Microsoft Q&A,UnsatisfiedLinkError,Getting below error when appending data in a parquet file stored in azure data lake gen2 - Microsoft Q&A,https://learn.microsoft.com/en-us/answers/questions/1373251/getting-below-error-when-appending-data-in-a-parqu,"A similar error message has been discussed in the threads below. https://stackoverflow.com/questions/41851066/exception-in-thread-main-java-lang-unsatisfiedlinkerror-org-apache-hadoop-io https://stackoverflow.com/questions/18630019/running-apache-hadoop-2-1-0-on-windows Per the error message, there may be an issue with the Hadoop libraries or a.",0,Unknown,2026-06-18T23:21:05.466627
PHASE 1B: EXTENSION FORUMS,Microsoft Q&A,UnsatisfiedLinkError,UnsatisfiedLinkError.ThresholdType Property (Java.Lang),https://learn.microsoft.com/en-us/dotnet/api/java.lang.unsatisfiedlinkerror.thresholdtype,Table of contents Exit focus mode Language csharp fsharp Table of contents Add Share via Facebook x.com LinkedIn Email Print UnsatisfiedLinkError.ThresholdType Property Definition Namespace: Java.Lang Assembly:Mono.Android.dll This API supports the Mono for Android infrastructure and is not intended to be used directly from your code. ... This API.,0,Unknown,2026-06-18T23:21:05.466632
PHASE 1B: EXTENSION FORUMS,Microsoft Q&A,UnsatisfiedLinkError,Runtime.Load(String) Method (Java.Lang),https://learn.microsoft.com/en-us/dotnet/api/java.lang.runtime.load,"Attributes RegisterAttribute Exceptions UnsatisfiedLinkError if the library can not be loaded, either because it's not found or because there is something wrong with it. The filename argument must be an absolute path name. (for example Runtime.getRuntime().load(""/home/avh/lib/libX11.so"");).If the filename argument, when stripped of any.",0,Unknown,2026-06-18T23:21:05.466638
PHASE 1B: EXTENSION FORUMS,Microsoft Q&A,UnsatisfiedLinkError,Java.Lang Namespace,https://learn.microsoft.com/en-us/dotnet/api/java.lang,"LinkageError Subclasses of LinkageError indicate that a class has some dependency on another class; however, the latter class has incompatibly changed after the compilation of the former class. TypeNotPresentException Thrown when an application tries to access a typ... UnknownError Thrown when an unknown but serious exception has occurred in the.",0,Unknown,2026-06-18T23:21:05.466643
PHASE 1B: EXTENSION FORUMS,Microsoft Q&A,UnsatisfiedLinkError,"Android SpeechConfig.fromSubscription(subscriptionKey, region) java.lang.UnsatisfiedLinkError - Microsoft Q&A",https://learn.microsoft.com/en-us/answers/questions/1847813/android-speechconfig-fromsubscription(subscription,The Android app crashes with the error java.lang.UnsatisfiedLinkError: dlopen failed: library &quot;libMicrosoft.CognitiveServices.Speech.java.bindings.so&quot; not found when trying to load the native libraries for Microsoft Cognitive Services Speech SDK in an Android application. The issue occurs consistently on the first run after installation.,0,Unknown,2026-06-18T23:21:05.466648
PHASE 1B: EXTENSION FORUMS,Microsoft Q&A,UnsatisfiedLinkError,Skip DLL file loading in Windows Authentication - Microsoft Q&A,https://learn.microsoft.com/en-us/answers/questions/2120250/skip-dll-file-loading-in-windows-authentication,I want to skip dll file loading while doing windows authentication as JVM already have the dll file and hence it is throwing UnsatisfiedLinkError while loading dll again. Can we pass any parameter through which we don't need to load dll file?| Hi @Akash Narvaria How about set the to true. Refer to this doc: Setting the connection pr... I want to.,0,Unknown,2026-06-18T23:21:05.466654
PHASE 1B: EXTENSION FORUMS,Microsoft Q&A,UnsatisfiedLinkError,Runtime.LoadLibrary(String) Method (Java.Lang),https://learn.microsoft.com/en-us/dotnet/api/java.lang.runtime.loadlibrary,Table of contents Exit focus mode Language csharp fsharp Table of contents Add Share via Facebook x.com LinkedIn Email Print Runtime.LoadLibrary(String) Method Definition Namespace: Java.Lang Assembly:Mono.Android.dll Loads the native library specified by the libname argument. Attributes RegisterAttribute Exceptions UnsatisfiedLinkError if the.,0,Unknown,2026-06-18T23:21:05.466659
PHASE 1B: EXTENSION FORUMS,Microsoft Q&A,UnsatisfiedLinkError,problem in java - Microsoft Q&A,https://learn.microsoft.com/en-us/answers/questions/496064/problem-in-java,"...on a AMD 64-bit platform my code: static { try { System.load(&quot;D:/user32.dll&quot;); } catch (UnsatisfiedLinkError e) { System.err.println(&quot;Native code library failed to load.\n&quot; + e); System.exit(1); } }| According to WOW64 Implementation Details and The Question , you cannot load a 32-bit dll using a 64-bit JVM.. hi I want to.",0,Unknown,2026-06-18T23:21:05.466664
PHASE 1B: EXTENSION FORUMS,Microsoft Q&A,UnsatisfiedLinkError,Create and run JARs on serverless compute - Azure Databricks,https://learn.microsoft.com/en-us/azure/databricks/jobs/how-to/use-jars-in-workflows,"Serverless compute does not permit writing native libraries to the file system. Libraries that unpack native binaries at startup fail with UnsatisfiedLinkError. Init scripts are not a workaround. ClassNotFoundException for a third-party class (for example, kotlin.jvm.internal.*). The library is not on the serverless classpath. Add it to your JAR,.",0,Unknown,2026-06-18T23:21:05.466669
PHASE 1B: EXTENSION FORUMS,Microsoft Q&A,UnsatisfiedLinkError,"Exception while running Azure Speech to text SDK with jar file (UnsatisfiedLinkError , setTempDirectory) - Microsoft Q&A",https://learn.microsoft.com/en-us/answers/questions/1661979/exception-while-running-azure-speech-to-text-sdk-w,"Hi Team I'm getting errors while running my Java jar in Windows and centos7, However the same is running fine in my Eclipse IDE. The issue is coming when I build the jar and run it in the environment. The error details are below: I have followed the quick start guide from here:.",0,Unknown,2026-06-18T23:21:05.466674
PHASE 1B: EXTENSION FORUMS,Microsoft Q&A,UnsatisfiedLinkError,Can I do voice-to-text conversion on an actual Android device? - Microsoft Q&A,https://learn.microsoft.com/en-us/answers/questions/1069047/can-i-do-voice-to-text-conversion-on-an-actual-and,Run mvn clean dependency:copy-dependencies Add the following to MainActivity.java    import com.microsoft.cognitiveservices.speech.*; import com.microsoft.cognitiveservices.speech.audio.AudioConfig;    public class MainActivity extends AppCompatActivity { } error message FATAL EXCEPTION: main Process:.,0,Unknown,2026-06-18T23:21:05.466680
PHASE 1B: EXTENSION FORUMS,Microsoft Q&A,UnsatisfiedLinkError,Exception in SpeechConfig setTempDirectory - Microsoft Q&A,https://learn.microsoft.com/en-us/answers/questions/947777/exception-in-speechconfig-settempdirectory,"I am running the Java Speech Recognition Samples from https://github.com/Azure-Samples/cognitive-services-speech-sdk/tree/master/samples/java/jre/console It is working fine on Win 10, however I am getting java.lang.UnsatisfiedLinkError: com.microsoft.cognitiveservices.speech.SpeechConfig.setTempDirectory exception when running on CentOS 7. Here is.",0,Unknown,2026-06-18T23:21:05.466685
PHASE 1B: EXTENSION FORUMS,Microsoft Q&A,UnsatisfiedLinkError,Azure speech service can not use - Microsoft Q&A,https://learn.microsoft.com/en-us/answers/questions/604021/azure-speech-service-can-not-use,org.springframework.web.util.NestedServletException: Handler dispatch failed; nested exception is java.lang.UnsatisfiedLinkError: com.microsoft.cognitiveservices.speech.SpeechConfig.setTempDirectory(Ljava/lang/String;)V at org.springframework.web.servlet.DispatcherServlet.doDispatch(DispatcherServlet.java:1055) at.,0,Unknown,2026-06-18T23:21:05.466690
PHASE 1B: EXTENSION FORUMS,Microsoft Q&A,UnsatisfiedLinkError,JavaSystem.LoadLibrary(String) Method (Java.Lang),https://learn.microsoft.com/en-us/dotnet/api/java.lang.javasystem.loadlibrary,Table of contents Exit focus mode Language csharp fsharp Table of contents Add Share via Facebook x.com LinkedIn Email Print JavaSystem.LoadLibrary(String) Method Definition Namespace: Java.Lang Assembly:Mono.Android.dll Loads the native library specified by the libname argument. Parameters libname String the name of the library. Attributes.,0,Unknown,2026-06-18T23:21:05.466695
PHASE 1B: EXTENSION FORUMS,Microsoft Q&A,UnsatisfiedLinkError,How to fix java.lang.UnsatisfiedLinkError: E:\ProjecName\jre64\bin\chrome_elf.dll: 找不到指定的程序(Translate:The specifiled program could not be found) - Microsoft Q&A,https://learn.microsoft.com/en-us/answers/questions/1189303/how-to-fix-java-lang-unsatisfiedlinkerror-e-projec,"Our team developed a project in Java on windows.Some C++ libraries are used in it.And it works normally on Windows 10.However, it cannot start in Windows 7. We downloaded to check the dependencies of dll files,then we downloaded the dependency files it mentioned.And it seemed to work at first.Missing DLL dependencies dropped from 15 to 13.But with.",0,Unknown,2026-06-18T23:21:05.466701
PHASE 1B: EXTENSION FORUMS,Microsoft Q&A,UnsatisfiedLinkError,Text Speech when SpeechConfig init got error - Microsoft Q&A,https://learn.microsoft.com/en-us/answers/questions/660957/text-speech-when-speechconfig-init-got-error,"I follow the quickstart then here is my code SpeechConfig speechConfig = SpeechConfig.fromSubscription(&quot;XXX&quot;, &quot;eastasia&quot;); but when debug, I got errors as follows: Exception in thread &quot;main&quot; java.lang.UnsatisfiedLinkError: com.microsoft.cognitiveservices.speech.SpeechConfig.setTempDirectory(Ljava/lang/String;)V at.",0,Unknown,2026-06-18T23:21:05.466706
PHASE 1B: EXTENSION FORUMS,Microsoft Q&A,UnsatisfiedLinkError,Azure Spatial Anchors Android NDK lib fails to load when minify enabled - Microsoft Q&A,https://learn.microsoft.com/en-us/answers/questions/934556/azure-spatial-anchors-android-ndk-lib-fails-to-loa,"E/AndroidRuntime: FATAL EXCEPTION: main Process: com.microsoft.samplenativeandroid, PID: 4221 java.lang.UnsatisfiedLinkError: JNI_ERR returned from JNI_OnLoad in &quot;/data/app/~~CxvJgphZ1hj94zORN567XA==/com.microsoft.samplenativeandroid-_PyNcM0eTlb3amOcba7qPA==/base.apk!/lib/arm64-v8a/libazurespatialanchorsapplication.so&quot; at.",0,Unknown,2026-06-18T23:21:05.466711
PHASE 1B: EXTENSION FORUMS,Microsoft Q&A,UnsatisfiedLinkError,java.lang.UnsatisfiedLinkError trying to run Azure text to speech quickstart - Microsoft Q&A,https://learn.microsoft.com/en-us/answers/questions/1302882/java-lang-unsatisfiedlinkerror-trying-to-run-azure,"I'm trying to get started with the Azure text to speech quickstart here: https://learn.microsoft.com/en-us/azure/cognitive-services/speech-service/get-started-text-to-speech?tabs=windows%2Cterminal&amp;pivots=progra... However, no matter what I try, I keep getting this error: I've found several people talking about getting this error when using.",0,Unknown,2026-06-18T23:21:05.466716
PHASE 1B: EXTENSION FORUMS,Microsoft Q&A,SIGSEGV java,"How to debug and fix 'Fatal signal 11 (SIGSEGV), code 1 (SEGV_MAPERR)' error on MAUI Android app - Microsoft Q&A",https://learn.microsoft.com/en-us/answers/questions/1656755/how-to-debug-and-fix-fatal-signal-11-(sigsegv)-cod,I have an Android app published in 'open testing' in Play store. And I am seeing 2% crash rate with this error. I have got the logcat ... I am really looking for some help to make progress in trying to debug this crash. Installed Workload Id                   Manifest Version                     Installation Source android                         .,0,Unknown,2026-06-18T23:21:08.028355
PHASE 1B: EXTENSION FORUMS,Microsoft Q&A,SIGSEGV java,SIGSEGV when setting ImageSource - Microsoft Q&A,https://learn.microsoft.com/en-us/answers/questions/322569/sigsegv-when-setting-imagesource,"I'm getting [libc] Fatal signal 11 (SIGSEGV), code 2 (SEGV_ACCERR), fault addr 0xff1b5ffc in tid 1579 (tipass.MyApp), pid 1579 (tipass.MyApp) when trying to set Source of Image (on android). I would be grateful for any suggestions XAML: byteArrayToImageSourceConverter - is a converter from Xamarin Community Toolkit ViewModel: img.gif is placed in.",0,Unknown,2026-06-18T23:21:08.028384
PHASE 1B: EXTENSION FORUMS,Microsoft Q&A,SIGSEGV java,OsConstants.Sigsegv Property (Android.Systems),https://learn.microsoft.com/en-us/dotnet/api/android.systems.osconstants.sigsegv,OsConstants.Sigsegv Property Definition Namespace: Android.Systems Assembly:Mono.Android.dll Property Value Int32 Attributes RegisterAttribute Remarks Portions of this page are modifications based on work created and shared by the Android Open Source Project and used according to terms described in the Creative Commons 2.5 Attribution License..,0,Unknown,2026-06-18T23:21:08.028390
PHASE 1B: EXTENSION FORUMS,Microsoft Q&A,SIGSEGV java,Minecraft Java : Error code: 0 / EXCEPTION_ACCESS_VIOLATION (0xc0000005) - Microsoft Q&A,https://learn.microsoft.com/en-us/answers/questions/3823521/minecraft-java-error-code-0-exception-access-viola,"...9 23:24:24 2021 AUS Eastern Standard Time elapsed time: 40.962269 seconds (0d 0h 0m 40s)   ---------------  T H R E A D  ---------------   Current thread (0x0000020bf1095710):  GCTaskThread ""GC Thread#1"" [stack: 0x000000ec0d100000,0x000000ec0d200000] [id=5600]  Stack: [0x000000ec0d100000,0x000000ec0d200000],  sp=0x000000ec0d1ff318,  free.",0,Unknown,2026-06-18T23:21:08.028395
PHASE 1B: EXTENSION FORUMS,Microsoft Q&A,SIGSEGV java,How do I fix the hs_err_pid? - Microsoft Q&A,https://learn.microsoft.com/en-us/answers/questions/2460928/how-do-i-fix-the-hs-err-pid,"I know is a Java issue, but Oracle doesn't seem to have the answers to it's own products. First of all, I just updated to the Java Runtime Environment Update 26 two days ago. If you read this article at http://www.java.com/en/download/help/error_hotspot.xml &quot; SYMPTOMS Error Message: 'An unexpected error has been detected by HotSpot Virtual.",0,Unknown,2026-06-18T23:21:08.028400
PHASE 1B: EXTENSION FORUMS,Microsoft Q&A,SIGSEGV java,i am finding this error again and again in minecraft - Microsoft Q&A,https://learn.microsoft.com/en-us/answers/questions/443186/i-am-finding-this-error-again-and-again-in-minecra,--------------- S U M M A R Y ------------ Command Line: -Djava.net.preferIPv4Stack=true -Dos.name=Windows 10 -Dos.version=10.0 -Xmn128M -Xmx5000M -XX:HeapDumpPath=MojangTricksIntelDriversForPerformance_javaw.exe_minecraft.exe.heapdump -Xss1M -Djava.library.path=C:\Users\omsan\AppData\Roaming.minecraft\versions\OptiFine 1.17\natives.,0,Unknown,2026-06-18T23:21:08.028405
PHASE 1B: EXTENSION FORUMS,Microsoft Q&A,SIGSEGV java,I received this fatal error How do I fix it?? - Microsoft Q&A,https://learn.microsoft.com/en-us/answers/questions/2499490/i-received-this-fatal-error-how-do-i-fix-it,"This is what I received: A fatal error has been detected by the Java Runtime Environment: #  EXCEPTION_ACCESS_VIOLATION (0xc0000005) at pc=0x00000000, pid=728, tid=6116 JRE version: 6.0_26-b03 Java VM: Java HotSpot(TM) Client VM (20.1-b02 mixed mode, sharing windows-x86 ) Problematic frame: C  0x00000000 If you would like to submit a bug report,.",0,Unknown,2026-06-18T23:21:08.028410
PHASE 1B: EXTENSION FORUMS,Microsoft Q&A,SIGSEGV java,hs_err_pid4008 errors- how do I get rid of this? - Microsoft Q&A,https://learn.microsoft.com/en-us/answers/questions/2472999/hs-err-pid4008-errors-how-do-i-get-rid-of-this,"---------------  T H R E A D  --------------- Current thread (0x0020ec00):  JavaThread &quot;Client thread&quot; [_thread_in_native, id=6512, stack(0x00be0000,0x00c30000)] siginfo: ExceptionCode=0xc0000005, reading address 0x0061008d Registers: EAX=0x00000362, EBX=0x00004f62, ECX=0x285e4fc0, EDX=0x00000000 ESP=0x00c2ee60, EBP=0x00c2ee70,.",0,Unknown,2026-06-18T23:21:08.028415
PHASE 1B: EXTENSION FORUMS,Microsoft Q&A,SIGSEGV java,minecart and pc problem - Microsoft Q&A,https://learn.microsoft.com/en-us/answers/questions/3834935/minecart-and-pc-problem,"...aming.minecraft\assets --assetIndex 1.18 --uuid 3c9f7ac926e343d188b56ef37d74a8b8 --clientId NjdhNGQwZmEtNDFkYi00YmUwLTlmZmMtODBlMTFlMWMyMjNj --xuid --userType mojang --versionType release  Host: AMD Ryzen 7 3700X 8-Core Processor             , 16 cores, 31G,  Windows 10 , 64 bit Build 19041 (10.0.19041.928) Time: Sun Mar  6 18:11:48 2022.",0,Unknown,2026-06-18T23:21:08.028420
PHASE 1B: EXTENSION FORUMS,Microsoft Q&A,SIGSEGV java,(fixed) minecraft forge crashes with: EXCEPTION_ACCESS_VIOLATION (0xc0000005) atio6axx.dll error - Microsoft Q&A,https://learn.microsoft.com/en-us/answers/questions/4116149/(fixed)-minecraft-forge-crashes-with-exception-acc,"...19041.3155) Time: Wed Aug 16 15:36:24 2023 Central Daylight Time elapsed time: 16.946312 seconds (0d 0h 0m 16s)  ---------------  T H R E A D  ---------------  Current thread (0x000001b33a724430):  JavaThread &quot;main&quot; [_thread_in_native, id=10960, stack(0x0000003353600000,0x0000003353700000)]  Stack:.",0,Unknown,2026-06-18T23:21:08.028425
PHASE 1B: EXTENSION FORUMS,Microsoft Q&A,SIGSEGV java,Java application crashing randomly with no error logs.  NTDLL and 0xc0000409 listed in event viewer. - Microsoft Q&A,https://learn.microsoft.com/en-us/answers/questions/3888413/java-application-crashing-randomly-with-no-error-l,"Our team is currently upgrading our enterprise application from Java 8 to OpenJDK 17.0.14. Dump file is available on request.| Hello, Welcome to the Microsoft community. I know your team develops an application that crashes on Windows 10 after upgrading from Java 8 to OpenJDK 17.0.14, you should submit feedback on this issue through the Feedback.",0,Unknown,2026-06-18T23:21:08.028430
PHASE 1B: EXTENSION FORUMS,Microsoft Q&A,SIGSEGV java,"App crashes on android after about 1 hr usage with Fatal signal 6 (SIGABRT), code -1 (SI_QUEUE) in tid 6664 (SGen worker) - Microsoft Q&A",https://learn.microsoft.com/en-us/answers/questions/2237711/app-crashes-on-android-after-about-1-hr-usage-with,"...ied { search } for name=&quot;tests&quot; dev=&quot;dm-49&quot; ino=113 scontext=u:r:untrusted_app:s0:c165,c257,c512,c768 tcontext=u:object_r:shell_test_data_file:s0 tclass=dir permissive=0 app=com.name.myname 2025-03-21 14:29:09.635 6649-8860 com.name.myname com.name.myname I Explicit concurrent mark compact GC freed 405KB AllocSpace bytes,.",0,Unknown,2026-06-18T23:21:08.028434
PHASE 1B: EXTENSION FORUMS,Microsoft Q&A,SIGSEGV java,JVM Error: EXCEPTION_ACCESS_VIOLATION (0xc0000005) - Microsoft Q&A,https://learn.microsoft.com/en-us/answers/questions/2684765/jvm-error-exception-access-violation-(0xc0000005),"---------------  T H R E A D  --------------- Current thread (0x0000000015605800):  JavaThread &quot;catalina-exec-53&quot; daemon [_thread_in_native, id=53652, stack(0x0000000010290000,0x0000000010390000)] siginfo: ExceptionCode=0xc0000005, reading address 0x00000bf5a3fae248 Registers: RAX=0x0000000000010101, RBX=0x00000bf5a3fae240,.",0,Unknown,2026-06-18T23:21:08.028439
PHASE 1B: EXTENSION FORUMS,Microsoft Q&A,SIGSEGV java,I keep getting error hs_err _pid 5472.log Notepad and hs_err _pid3852.log  I don't understand what that means. I haven't installed anything new. - Microsoft Q&A,https://learn.microsoft.com/en-us/answers/questions/2480131/i-keep-getting-error-hs-err-pid-5472-log-notepad-a,"....dll+0x89cd]  GetWindowLongW+0x127 C  [USER32.dll+0x8a10]  DispatchMessageW+0xf Java frames: (J=compiled Java code, j=interpreted, Vv=VM code) j  sun.awt.windows.WToolkit.eventLoop()V+0 j  sun.awt.windows.WToolkit.run()V+52 j  java.lang.Thread.run()V+11 v  ~StubRoutines::call_stub ---------------  P R O C E S S  --------------- Java Threads: (.",0,Unknown,2026-06-18T23:21:08.028444
PHASE 1B: EXTENSION FORUMS,Microsoft Q&A,SIGSEGV java,Java on Azure Fundamentals Documentation - Java on Azure,https://learn.microsoft.com/en-us/azure/developer/java/fundamentals/,"Java on Azure developer tools documentation Tools, IDEs, and supported JDKs for Java development on Azure. Tools for Java cloud developers Get started Tools overview Supported JDKs Get started Java support Java JDK installation Java Docker images for Azure IDEs Overview Visual Studio Code IntelliJ IDEA Eclipse Maven plugins Overview Azure App.",0,Unknown,2026-06-18T23:21:08.028449
PHASE 1B: EXTENSION FORUMS,Microsoft Q&A,SIGSEGV java,Azure SDK for Java Documentation - Java on Azure,https://learn.microsoft.com/en-us/azure/developer/java/sdk/,"Azure SDK for Java documentation Cloud development using Java on Azure. Azure for Java developers Get started Get started with Apache Maven Get started with Gradle Get started with IntelliJ or Eclipse Use the Azure SDK for Java Reference Libraries, drivers, and Spring modules Java API browser How-To Guide Identity and authentication Configure.",0,Unknown,2026-06-18T23:21:08.028454
PHASE 1B: EXTENSION FORUMS,Microsoft Q&A,SIGSEGV java,minecraft crash - Microsoft Q&A,https://learn.microsoft.com/en-us/answers/questions/3850961/minecraft-crash,...Executor;Ljava/nio/channels/spi/SelectorProvider;Lio/netty/channel/SelectStrategy;Lio/netty/util/concurrent/RejectedExecutionHandler;Lio/netty/channel/EventLoopTaskQueueFactory;Lio/netty/channel/EventLoopTaskQueueFactory;)V+79 j .,0,Unknown,2026-06-18T23:21:08.028459
PHASE 1B: EXTENSION FORUMS,Microsoft Q&A,SIGSEGV java,Reasons to move to Java 25 - Azure,https://learn.microsoft.com/en-us/java/openjdk/reasons-to-move-to-java-25,"Reasons to move to Java 25 Summarize this article for me In this article Java 25 is a long-term support (LTS) release, which makes it the natural target for teams that run on Java 8, 11, 17, or 21 today. Each LTS release receives years of updates and security fixes, so moving to Java 25 keeps your applications supported, secure, and able to use.",0,Unknown,2026-06-18T23:21:08.028464
PHASE 1B: EXTENSION FORUMS,Microsoft Q&A,SIGSEGV java,Upgrade Java Apps by Using GitHub Copilot App Modernization,https://learn.microsoft.com/en-us/java/upgrade/,Upgrade Java apps by using GitHub Copilot app modernization Guidance on using GitHub Copilot app modernization to upgrade Java apps. Use GitHub Copilot app modernization to upgrade Java apps Get started Overview FAQ Quickstart Upgrade a Java project Generate unit tests How-To Guide Configure settings for IntelliJ Customize the upgrade plan Upgrade.,0,Unknown,2026-06-18T23:21:08.028469
PHASE 1B: EXTENSION FORUMS,Microsoft Q&A,SIGSEGV java,Java Runtimes with jlink,https://learn.microsoft.com/en-us/java/openjdk/java-jlink-runtimes,Java Runtimes with jlink Microsoft acknowledges and supports the adoption of custom Java runtimes crafted for specific application needs rather the use of general purpose Java runtimes. This method of Java deployment ensures the Java runtime only contains the parts of the Java ... Resources OpenJDK 11: Using jlink to customize java runtime.,0,Unknown,2026-06-18T23:21:08.028474
PHASE 1B: EXTENSION FORUMS,Microsoft Q&A,SIGSEGV java,EXCEPTION_ACCESS_VIOLATION (0xc0000005) in Minecraft - Microsoft Q&A,https://learn.microsoft.com/en-us/answers/questions/3202072/exception-access-violation-(0xc0000005)-in-minecra,"...000,0x000000001b460000)]   0x000000001a35d800 JavaThread &quot;Attach Listener&quot; daemon [_thread_blocked, id=18956, stack(0x000000001b260000,0x000000001b360000)]   0x000000001a35a800 JavaThread &quot;Signal Dispatcher&quot; daemon [_thread_blocked, id=11004, stack(0x000000001b160000,0x000000001b260000)]   0x000000001a359800 JavaThread.",0,Unknown,2026-06-18T23:21:08.028479
PHASE 1B: EXTENSION FORUMS,Microsoft Q&A,SIGSEGV java,Application Crash  Code:  c0000409    SubCode:  FAST_FAIL_INVALID_SET_OF_CONTEXT   What does the subcode mean? - Microsoft Q&A,https://learn.microsoft.com/en-us/answers/questions/2240052/application-crash-code-c0000409-subcode-fast-fail,Random crashes in our enterprise app after updating to OpenJDK 17 (from 8). Only happening on Windows 10 devices. ExceptionAddress: 00007ff9bd01ee63 (ntdll!RtlGuardRestoreContext+0x00000000000000b3) ExceptionCode: c0000409 (Security check failure or stack buffer overrun)   ExceptionFlags: 00000001 NumberParameters: 1    Parameter[0]:.,0,Unknown,2026-06-18T23:21:08.028484
PHASE 1B: EXTENSION FORUMS,Microsoft Q&A,SIGSEGV java,Azure Tools for Java Developers - Java on Azure,https://learn.microsoft.com/en-us/azure/developer/java/fundamentals/java-azure-tools,"Azure tools for Java developers Summarize this article for me In this article This article describes the common Azure tools for Java developers, including IDE extensions, plugins, and command-line interfaces that help you build, deploy, and manage Java applications on Azure. Visual Studio Code Visual Studio Code is a lightweight but powerful code.",0,Unknown,2026-06-18T23:21:08.028489
PHASE 1B: EXTENSION FORUMS,Microsoft Q&A,SIGSEGV java,Minecraft keeps crashing on windows ten - Microsoft Q&A,https://learn.microsoft.com/en-us/answers/questions/3821079/minecraft-keeps-crashing-on-windows-ten,...flect.DelegatingMethodAccessorImpl.invoke(Ljava/lang/Object;[Ljava/lang/Object;)Ljava/lang/Object;+6 java.base@16.0.1 j  java.lang.reflect.Method.invoke(Ljava/lang/Object;[Ljava/lang/Object;)Ljava/lang/Object;+59 java.base@16.0.1 j  net.fabricmc.loader.game.MinecraftGameProvider.launch(Ljava/lang/ClassLoader;)V+71 j .,0,Unknown,2026-06-18T23:21:08.028494
PHASE 1B: EXTENSION FORUMS,Microsoft Q&A,SIGSEGV java,Reasons to move to Java 11 - Azure,https://learn.microsoft.com/en-us/java/openjdk/reasons-to-move-to-java-11,"Reasons to move to Java 11 and beyond Summarize this article for me In this article The question is not if you should move to Java 11 or a later version, but when. Within the next few years, Java 8 will no longer be supported, and users will have to move to Java 1... The Microsoft Java Engineering Group has a guide to transition from Java 8 to.",0,Unknown,2026-06-18T23:21:08.028498
PHASE 1B: EXTENSION FORUMS,Microsoft Q&A,SIGSEGV java,Java error - Microsoft Q&A,https://learn.microsoft.com/en-us/answers/questions/3222459/java-error,"Hello, I have trouble with java Error: java.lang.reflect.InvocationTargetException at java.awt.EventQueue.invokeAndWait(Unknown Source) at java.awt.EventQueue.invokeAndWait(Unknown Source) at javax.swing.SwingUtilities.invokeAndWait(Unknown Source) at nl.paulinternet.gtasaveedit.view.Main.main(Main.java:22)| Hi RubyPro388, I'm Stefano an.",0,Unknown,2026-06-18T23:21:08.028503
PHASE 1B: EXTENSION FORUMS,Microsoft Q&A,SIGSEGV java,How to fix LWGL 'EXCEPTION_ACCESS_VIOLATION' error - Microsoft Q&A,https://learn.microsoft.com/en-us/answers/questions/1161956/how-to-fix-lwgl-exception-access-violation-error,"Hello, support. I am very 'into' programming, and am currently developing Minecraft Java mods. The crash involves LWGL, and according to a few other Fabric devs, it 'just happens' with Windows. Here is the full log (with my Windows username starred) : C:\Users* .jdks\openjdk-19.0.1\bin\java.exe.",0,Unknown,2026-06-18T23:21:08.028508
PHASE 1B: EXTENSION FORUMS,Microsoft Q&A,SIGSEGV java,Azure AI for Java Documentation - Java on Azure,https://learn.microsoft.com/en-us/azure/developer/java/ai/,Azure AI for Java documentation Get started using Azure AI with Java. Azure AI for Java Overview Develop using Foundry Tools GitHub Copilot modernization for Java developers Get started Enterprise chat using RAG Scale chat using RAG with Azure Container Apps Quickstart Chat using your own data GPT-35-Turbo and GPT-4 GPT-35-Turbo and GPT-4 with.,0,Unknown,2026-06-18T23:21:08.028513
PHASE 1B: EXTENSION FORUMS,Microsoft Q&A,SIGSEGV java,Azure for Java developer documentation,https://learn.microsoft.com/en-us/java/api/com.microsoft.azure.sdk.iot.deps.ws,"...r Java quickstarts Deploy a Java SE web app to Linux Create a serverless function Deploy Spring Cloud microservices See more Tools, IDEs, and supported JDKs Java support Java JDK installation Java Docker images for Azure See more Migrate to Azure Spring to Azure App Service Tomcat to Azure App Service WebLogic to Azure Virtual Machines See more.",0,Unknown,2026-06-18T23:21:08.028518
PHASE 1B: EXTENSION FORUMS,Microsoft Q&A,SIGSEGV java,"Java EE, Jakarta EE, and MicroProfile - Java on Azure",https://learn.microsoft.com/en-us/azure/developer/java/ee/,"Java EE, Jakarta EE, and MicroProfile on Azure Java EE, Jakarta EE, and MicroProfile are open specifications for Cloud Native Java.  ...ion Server Network Deployment (traditional) on Azure VMs Step-by-step guide to installing WebSphere Liberty/Open Liberty on AKS Step-by-step guide to installing WebSphere Liberty/Open Liberty on Azure Red Hat.",0,Unknown,2026-06-18T23:21:08.028523
PHASE 1B: EXTENSION FORUMS,Microsoft Q&A,hs_err_pid.log,Application-defined or object-defined error,https://learn.microsoft.com/en-us/office/vba/language/reference/user-interface-help/application-defined-or-object-defined-error,Application-defined or object-defined error Summarize this article for me This message is displayed when an error generated with the Raise method or Error statement doesn't correspond to an error defined by Visual Basic for Applications. It's also returned by the Error function for arguments that don't correspond to errors defined by Visual Basic.,0,Unknown,2026-06-18T23:21:09.969536
PHASE 1B: EXTENSION FORUMS,Microsoft Q&A,hs_err_pid.log,DebugView - Sysinternals,https://learn.microsoft.com/en-us/sysinternals/downloads/debugview,"DebugView v5.02 Summarize this article for me In this article By Mark Russinovich Published: June 17, 2026 Download DebugView (1.7 MB) Run now from Sysinternals Live. Introduction DebugView is an application that lets you monitor debug output on your local system, or any computer on the network that you can reach via TCP/IP. DbgViewCLI.",0,Unknown,2026-06-18T23:21:09.969563
PHASE 1B: EXTENSION FORUMS,Microsoft Q&A,hs_err_pid.log,Introduction to TroubleShootingScript toolset (TSS) - Windows Client,https://learn.microsoft.com/en-us/troubleshoot/windows-client/windows-tss/introduction-to-troubleshootingscript-toolset-tss,"You can download the toolset as a zip file (TSS.zip) from https://aka.ms/getTSS. How to start the TSS toolset You can start TSS.ps1 with different switches depending on the scenario. The complementary -Start verbs are -StartAutoLogger, -StartDiag, -StartNoWait, and -CollectLog. Verb Description -Start The -Start verb starts Event Tracing for.",0,Unknown,2026-06-18T23:21:09.969569
PHASE 1B: EXTENSION FORUMS,Microsoft Q&A,hs_err_pid.log,ProcDump - Sysinternals,https://learn.microsoft.com/en-us/sysinternals/downloads/procdump,"ProcDump also includes hung window monitoring (using the same definition of a window hang that Windows and Task Manager use), unhandled exception monitoring and can generate dumps based on the values of system performance counters. It also can serve as a general process dump utility that you can embed in other scripts. Using ProcDump Capture.",0,Unknown,2026-06-18T23:21:09.969574
PHASE 1B: EXTENSION FORUMS,Microsoft Q&A,hs_err_pid.log,Automation error (Error 440),https://learn.microsoft.com/en-us/office/vba/language/reference/user-interface-help/automation-error-error-440,"Automation error (Error 440) Summarize this article for me When you access Automation objects, specific types of errors can occur. This error has the following possible causes and solutions: An error occurred while executing a method or getting or setting a property of an object variable. The error was reported by the application that created the.",0,Unknown,2026-06-18T23:21:09.969580
PHASE 1B: EXTENSION FORUMS,Microsoft Q&A,hs_err_pid.log,[MS-ERREF]: NTSTATUS Values,https://learn.microsoft.com/en-us/openspecs/windows_protocols/ms-erref/596a1078-e883-4972-9bbc-49e60bebca55,Return value/code Description 0x00000000 STATUS_SUCCESS The operation completed successfully. 0x00000000 STATUS_WAIT_0 The caller specified WaitAny for WaitType and one of the dispatcher objects in the Object array has been set to the signaled state. 0x00000001 STATUS_WAIT_1 The caller specified WaitAny for WaitType and one of the dispatcher.,0,Unknown,2026-06-18T23:21:09.969585
PHASE 1B: EXTENSION FORUMS,Microsoft Q&A,hs_err_pid.log,Handle - Sysinternals,https://learn.microsoft.com/en-us/sysinternals/downloads/handle,"Handle v5.0 By Mark Russinovich Published: October 26, 2022 Download Handle (729 KB) Introduction Ever wondered which program has a particular file or directory open. Now you can find out. Handle is a utility that displays information about open handles for any process in the system. You can use it to see the programs that have a file open, or to.",0,Unknown,2026-06-18T23:21:09.969590
PHASE 1B: EXTENSION FORUMS,Microsoft Q&A,hs_err_pid.log,Logging in C# - .NET,https://learn.microsoft.com/en-us/dotnet/core/extensions/logging/overview,"Logging in C# and .NET Summarize this article for me .NET supports high performance, structured logging via the ILogger API to help monitor application behavior and diagnose issues. This sample console app relies on the following NuGet packages: Microsoft.Extensions.Logging Microsoft.Extensions.Logging.Console In the next section you see how to.",0,Unknown,2026-06-18T23:21:09.969595
PHASE 1B: EXTENSION FORUMS,Microsoft Q&A,hs_err_pid.log,Registry entries about Kerberos protocol and Key Distribution Center (KDC) - Windows Server,https://learn.microsoft.com/en-us/troubleshoot/windows-server/windows-security/kerberos-protocol-registry-kdc-configuration-keys,Kerberos protocol registry entries and KDC configuration keys in Windows Summarize this article for me In this article This article describes registry entries about Kerberos version 5 authentication protocol and Key Distribution Center (KDC) configuration. Original KB number:   837361 Summary Kerberos is an authentication mechanism that's used to.,0,Unknown,2026-06-18T23:21:09.969600
PHASE 1B: EXTENSION FORUMS,Microsoft Q&A,hs_err_pid.log,Activity Log in Azure Monitor - Azure Monitor,https://learn.microsoft.com/en-us/azure/azure-monitor/platform/activity-log,"Activity log in Azure Monitor Summarize this article for me In this article Azure Monitor records management operations for your Azure resources through the activity log feature. The activity log records operations like creating a virtual machine, changing a key vault access policy, or Resource Manager deployment errors. These management.",0,Unknown,2026-06-18T23:21:09.969605
PHASE 1B: EXTENSION FORUMS,Microsoft Q&A,hs_err_pid.log,Kerberos Authentication Troubleshooting Guidance - Windows Server,https://learn.microsoft.com/en-us/troubleshoot/windows-server/windows-security/kerberos-authentication-troubleshooting-guidance,Kerberos authentication troubleshooting guidance This guide provides fundamental concepts for you to follow when you troubleshoot Kerberos authentication issues. You might have to adapt the procedures and examples that are presented here to work for your specific configuration. Troubleshooting checklist The Kerberos protocol relies on several.,0,Unknown,2026-06-18T23:21:09.969610
PHASE 1B: EXTENSION FORUMS,Microsoft Q&A,hs_err_pid.log,On Error statement (VBA),https://learn.microsoft.com/en-us/office/vba/language/reference/user-interface-help/on-error-statement,On Error statement Summarize this article for me Enables an error-handling routine and specifies the location of the routine within a procedure; can also be used to disable an error-handling routine. Syntax On Error GoTo line On Error Resume Next On Error GoTo 0 The On Error statement syntax can have any of the following forms: Statement.,0,Unknown,2026-06-18T23:21:09.969615
PHASE 1B: EXTENSION FORUMS,Microsoft Q&A,hs_err_pid.log,Ingest syslog and CEF messages to Microsoft Sentinel - AMA,https://learn.microsoft.com/en-us/azure/sentinel/connect-cef-syslog-ama,"Ingest syslog and CEF messages to Microsoft Sentinel with the Azure Monitor Agent Summarize this article for me In this article This article shows you how to use the Syslog via AMA and Common Event Format (CEF) via AMA connectors to filter and ingest syslog and CEF messages from Linux machines, network devices, and security appliances. To learn.",0,Unknown,2026-06-18T23:21:09.969620
PHASE 1B: EXTENSION FORUMS,Microsoft Q&A,hs_err_pid.log,Find Process ID (PID) in Windows - Windows drivers,https://learn.microsoft.com/en-us/windows-hardware/drivers/debugger/finding-the-process-id,"Find the process ID Summarize this article for me In this article Windows assigns each running process a unique decimal number called the process ID (PID). You use this number in many ways, such as specifying the process when attaching a debugger to it. Use tasklist /? to ... TList utility Task List Viewer (TList), or tlist.exe, is a command-line.",0,Unknown,2026-06-18T23:21:09.969626
PHASE 1B: EXTENSION FORUMS,Microsoft Q&A,hs_err_pid.log,hs_err_pid error keeps popping up on notepad on my desktop.  I delete it but it keeps coming back - Microsoft Q&A,https://learn.microsoft.com/en-us/answers/questions/2464091/hs-err-pid-error-keeps-popping-up-on-notepad-on-my,"I delete it but it keeps coming back.| Hi MarionBradley, “hs_err_pid” error is usuall... It’s likely that the version of java installed on your computer is either  out of date or corrupted. I’d recommend you to uninstall and reinstall Java on your computer. Refer the following article for instructions: Installing Java Additionally, run an online.",0,Unknown,2026-06-18T23:21:09.969631
PHASE 1B: EXTENSION FORUMS,Microsoft Q&A,hs_err_pid.log,what are hs_err_pid5 and hs_err_pid1? and what do I need to do? - Microsoft Q&A,https://learn.microsoft.com/en-us/answers/questions/2462968/what-are-hs-err-pid5-and-hs-err-pid1-and-what-do-i,"When I sigsn on, I now have these 2 icons on my desk top.  hs_err_pid5 and hs_err_pid1. What does this mean and what do I need to do?| Hi, This seems to be a Java issue. You may also delete the files, they are just temp files. I would suggest you to try to uninstall and re-install Java to get rid of this issue. How do I uninstall Java on my.",0,Unknown,2026-06-18T23:21:09.969636
PHASE 1B: EXTENSION FORUMS,Microsoft Q&A,hs_err_pid.log,Enable Kerberos event logging - Windows Server,https://learn.microsoft.com/en-us/troubleshoot/windows-server/active-directory/enable-kerberos-event-logging,"How to enable Kerberos event logging Summarize this article for me In this article Original KB number:   262177 Summary When you troubleshoot Kerberos, you can turn on detailed Kerberos logging for the event log. Kerberos logging can affect computer performance and generate a significant amount of log data. Therefore, it's turned off by default..",0,Unknown,2026-06-18T23:21:09.969641
PHASE 1B: EXTENSION FORUMS,Microsoft Q&A,hs_err_pid.log,Windows Setup Log Files and Event Logs,https://learn.microsoft.com/en-us/windows-hardware/manufacture/desktop/windows-setup-log-files-and-event-logs,"Windows Setup Log Files and Event Logs Windows Setup creates log files for all actions that occur during installation. If you're experiencing problems installing Windows, check the log files to help troubleshoot the installation. Windows Setup Event Logs Windows Setup includes the ability to review the Windows Setup performance events in the.",0,Unknown,2026-06-18T23:21:09.969646
PHASE 1B: EXTENSION FORUMS,Microsoft Q&A,hs_err_pid.log,hs_err_pid - Microsoft Q&A,https://learn.microsoft.com/en-us/answers/questions/2431493/hs-err-pid,"-- Noel Paton | Nil Carborundum Illegitemi | CrashFixPC | The Three-toed Sloth| I&quot;m having this same issue... hs_err_pid errors on desktop; this started with pogo not working and after a java update, i think.  please help thank you| I&quot;m having this same issue... hs_err_pid errors on desktop; this started with pogo not working and after a.",0,Unknown,2026-06-18T23:21:09.969651
PHASE 1B: EXTENSION FORUMS,Microsoft Q&A,hs_err_pid.log,Single database vCore resource limits - Azure SQL Database,https://learn.microsoft.com/en-us/azure/azure-sql/database/resource-limits-vcore-single-databases,"...n5_12, and HS_Gen5_14: vCores 2 4 6 8 10 12 14 Hardware Gen5 Gen5 Gen5 Gen5 Gen5 Gen5 Gen5 Memory (GB) 10.4 20.8 31.1 41.5 51.9 62.3 72.7 Columnstore support Yes Yes Yes Yes Yes Yes Yes In-memory OLTP storage (GB) N/A N/A N/A N/A N/A N/A N/A Max data size (TB) 128 128 128 128 128 128 128 Max log size (TB) Unlimited Unlimited Unlimited Unlimited.",0,Unknown,2026-06-18T23:21:09.969656
PHASE 1B: EXTENSION FORUMS,Microsoft Q&A,hs_err_pid.log,Windows Setup Edition Configuration and Product ID Files (EI.cfg and PID.txt),https://learn.microsoft.com/en-us/windows-hardware/manufacture/desktop/windows-setup-edition-configuration-and-product-id-files--eicfg-and-pidtxt,"Windows Setup Edition Configuration and Product ID Files (EI.cfg and PID.txt) you can optionally use Edition configuration (EI.cfg) and Product ID (PID.txt) files to specify the Windows product key and the Windows edition during Windows installation: Edition configuration (EI.cfg) lets you specify values for edition ID, the channel, and the volume.",0,Unknown,2026-06-18T23:21:09.969662
PHASE 1B: EXTENSION FORUMS,Microsoft Q&A,hs_err_pid.log,HubSpot CRM (Independent Publisher) - Connectors,https://learn.microsoft.com/en-us/connectors/hubspotcrm/,This connector is available in the following products and regions: Service Class Regions Copilot Studio Premium All Power Automate regions except the following:       -   US Government (GCC)       -   US Government (GCC High)       -   China Cloud operated by 21Vianet       -   US Department of Defense (DoD) Logic Apps Standard All Logic Apps.,0,Unknown,2026-06-18T23:21:09.969667
PHASE 1B: EXTENSION FORUMS,Microsoft Q&A,hs_err_pid.log,Azure Monitor Logs reference - NetworkAccessTraffic - Azure Monitor,https://learn.microsoft.com/en-us/azure/azure-monitor/reference/tables/networkaccesstraffic,"NetworkAccessTraffic Summarize this article for me In this article This table is part of Identity and Network Access, which contains Network Traffic Access logs. These logs can be leveraged for policy, risk, and traffic management, as well as to monitor users experience. Table attributes Attribute Value Resource types - Categories Security,.",0,Unknown,2026-06-18T23:21:09.969672
PHASE 1B: EXTENSION FORUMS,Microsoft Q&A,hs_err_pid.log,KSPROPERTY_BDA_PIDFILTER_UNMAP_PIDS - Windows drivers,https://learn.microsoft.com/en-us/windows-hardware/drivers/stream/ksproperty-bda-pidfilter-unmap-pids,"KSPROPERTY_BDA_PIDFILTER_UNMAP_PIDS Summarize this article for me In this article Clients use KSPROPERTY_BDA_PIDFILTER_UNMAP_PIDS to inform the PID filter node about packets identified with specific PIDs to filter from the input stream (that is, stop passing from input to output). The BDA_PID_UNMAP structure describes a map of packets identified.",0,Unknown,2026-06-18T23:21:09.969677
PHASE 1B: EXTENSION FORUMS,Microsoft Q&A,hs_err_pid.log,sys.dm_hs_database_log_rate (Transact-SQL) - SQL Server,https://learn.microsoft.com/en-us/sql/relational-databases/system-functions/sys-dm-hs-database-log-rate,sys.dm_hs_database_log_rate (Transact-SQL) Applies to: Azure SQL Database The sys.dm_hs_database_log_rate dynamic management function (DMF) returns information about log generation rate in Azure SQL Database Hyperscale. Each row in the result set represents a component that controls (reduces) log generation rate in a Hyperscale database. There are.,0,Unknown,2026-06-18T23:21:09.969682
PHASE 1B: EXTENSION FORUMS,Microsoft Q&A,hs_err_pid.log,HS_NETWORK_PROFILE structure - Windows drivers,https://learn.microsoft.com/en-us/windows-hardware/drivers/network/hs-network-profile,"HS_NETWORK_PROFILE structure Summarize this article for me In this article Wi-Fi Hotspot Offloading deprecation note Important Starting in Windows 10, version 1709, the Wi-Fi Hotspot Offloading feature is deprecated and should not be used. Instead, we recommend writing a UWP app and using the Wi-Fi Hotspot Authentication API.",0,Unknown,2026-06-18T23:21:09.969687
PHASE 1B: EXTENSION FORUMS,Microsoft Q&A,hs_err_pid.log,HS_PLUGIN_QUERY_HIDDEN_NETWORK function - Windows drivers,https://learn.microsoft.com/en-us/windows-hardware/drivers/network/hs-plugin-query-hidden-network,"HS_PLUGIN_QUERY_HIDDEN_NETWORK function Summarize this article for me In this article Wi-Fi Hotspot Offloading deprecation note Important Starting in Windows 10, version 1709, the Wi-Fi Hotspot Offloading feature is deprecated and should not be used. Instead, we recommend writing a UWP app and using the Wi-Fi Hotspot Authentication API.",0,Unknown,2026-06-18T23:21:09.969692
PHASE 1B: EXTENSION FORUMS,Microsoft Q&A,hs_err_pid.log,MIB_TCPTABLE_OWNER_PID (tcpmib.h) - Win32 apps,https://learn.microsoft.com/en-us/windows/win32/api/tcpmib/ns-tcpmib-mib_tcptable_owner_pid,MIB_TCPTABLE_OWNER_PID structure (tcpmib.h) The MIB_TCPTABLE_OWNER_PID structure contains a table of process IDs (PIDs)  and the IPv4 TCP links that  are context bound to these PIDs. Syntax Members dwNumEntries The number of MIB_TCPROW_OWNER_PID elements in the table. table[ANY_SIZE] Array of MIB_TCPROW_OWNER_PID structures returned by a call to.,0,Unknown,2026-06-18T23:21:09.969697
PHASE 1B: EXTENSION FORUMS,Microsoft Q&A,hs_err_pid.log,HS_PLUGIN_PROFILE structure - Windows drivers,https://learn.microsoft.com/en-us/windows-hardware/drivers/network/hs-plugin-profile,"HS_PLUGIN_PROFILE structure Summarize this article for me In this article Wi-Fi Hotspot Offloading deprecation note Important Starting in Windows 10, version 1709, the Wi-Fi Hotspot Offloading feature is deprecated and should not be used. Instead, ... The HS_PLUGIN_PROFILE structure provides information about the plugin. The members of this.",0,Unknown,2026-06-18T23:21:09.969703
PHASE 1B: EXTENSION FORUMS,Microsoft Q&A,hs_err_pid.log,HS_PLUGIN_START_POST_CONNECT_AUTH function - Windows drivers,https://learn.microsoft.com/en-us/windows-hardware/drivers/network/hs-plugin-start-post-connect-auth,"HS_PLUGIN_START_POST_CONNECT_AUTH function Summarize this article for me In this article Wi-Fi Hotspot Offloading deprecation note Important Starting in Windows 10, version 1709, the Wi-Fi Hotspot Offloading feature is deprecated and should not be used. Instead, we recommend writing a UWP app and using the Wi-Fi Hotspot Authentication API.",0,Unknown,2026-06-18T23:21:09.969708
PHASE 1B: EXTENSION FORUMS,Microsoft Q&A,JVM crash,Release Notes for OLE DB Driver - OLE DB Driver for SQL Server,https://learn.microsoft.com/en-us/sql/connect/oledb/release-notes-for-oledb-driver-for-sql-server,"Avoid potential crashes caused by memory corruption. 19.3.6 Download x64 installer Download x86 installer Download Arm64 installer Released: September 09, 2025 If you need to download the installer in a language other than the one detected for you, you can use these direct links. For the x64 driver: Chinese (Simplified) | Chinese (Traditional) |.",0,Unknown,2026-06-18T23:21:12.090368
PHASE 1B: EXTENSION FORUMS,Microsoft Q&A,JVM crash,NotMyFault - Sysinternals,https://learn.microsoft.com/en-us/sysinternals/downloads/notmyfault,"NotMyFault v4.5 Summarize this article for me In this article By Mark Russinovich Published: May 7, 2026 Download NotMyFault (1.4 MB) Introduction Notmyfault is a tool that you can use to crash, hang, and cause kernel memory leaks on your Windows system. It’s useful for learning how to identify and diagnose device driver and hardware problems, and.",0,Unknown,2026-06-18T23:21:12.090397
PHASE 1B: EXTENSION FORUMS,Microsoft Q&A,JVM crash,Visual Studio App Center - Visual Studio App Center,https://learn.microsoft.com/en-us/appcenter/,Introduction to Diagnostics Enable Diagnostics in an App Diagnostics Features Troubleshooting Get Started with the SDK Android iOS React Native Windows Xamarin macOS Unity tvOS Reference SDKs Data Collected by App Center Analytics Diagnostics (Crashes) Distribute Other APIs Troubleshooting General Information Accounts in App Center Azure.,0,Unknown,2026-06-18T23:21:12.090404
PHASE 1B: EXTENSION FORUMS,Microsoft Q&A,JVM crash,Debugging Tools for Windows SDK and WDK - Windows drivers,https://learn.microsoft.com/en-us/windows-hardware/drivers/debugger/debugger-download-tools,"Debugging Tools for Windows SDK and WDK Summarize this article for me In this article Debugging Tools for Windows is a comprehensive suite of debugging utilities that helps developers diagnose and resolve issues in Windows applications and drivers. This powerful toolset includes WinDbg, command-line debuggers, and specialized tools for analyzing.",0,Unknown,2026-06-18T23:21:12.090409
PHASE 1B: EXTENSION FORUMS,Microsoft Q&A,JVM crash,DebugView - Sysinternals,https://learn.microsoft.com/en-us/sysinternals/downloads/debugview,Note DebugView v5.0 requires Windows 10 version 1809 (build 17763) / Windows Server 2019 or later. DebugView Capture DebugView will capture: Win32 OutputDebugString Kernel-mode DbgPrint All kernel-mode variants of DbgPrint DebugView also extracts kernel-mode debug output generated before a crash from Windows crash dump files if DebugView was.,0,Unknown,2026-06-18T23:21:12.090414
PHASE 1B: EXTENSION FORUMS,Microsoft Q&A,JVM crash,Generate a kernel or complete crash dump - Windows Client,https://learn.microsoft.com/en-us/troubleshoot/windows-client/performance/generate-a-kernel-or-complete-crash-dump,"Generate a kernel or complete crash dump A system crash (also known as a ""bug check"" or a ""Stop error"") occurs when Windows can't run correctly. The dump file that is produced from this event is called a system crash dump. A manual kernel or complete memory dump file is useful when you troubleshoot several issues because the process captures a.",0,Unknown,2026-06-18T23:21:12.090420
PHASE 1B: EXTENSION FORUMS,Microsoft Q&A,JVM crash,Collecting User-Mode Dumps - Win32 apps,https://learn.microsoft.com/en-us/windows/win32/wer/collecting-user-mode-dumps,"Collecting User-Mode Dumps Starting with Windows Server 2008 and Windows Vista with Service Pack 1 (SP1), Windows Error Reporting (WER) can be configured so that full user-mode dumps are collected and stored locally after a user-mode application crashes. Applications that do their own custom crash reporting are not supported by this feature. This.",0,Unknown,2026-06-18T23:21:12.090425
PHASE 1B: EXTENSION FORUMS,Microsoft Q&A,JVM crash,How to determine the appropriate page file size for 64-bit versions of Windows - Windows Client,https://learn.microsoft.com/en-us/troubleshoot/windows-client/performance/how-to-determine-the-appropriate-page-file-size-for-64-bit-versions-of-windows,How to determine the appropriate page file size for 64-bit versions of Windows Page file sizing depends on the system crash dump setting requirements and the peak usage or expected peak usage of the system commit charge. Applies to:   Windows 10 Determine the appropriate page file size Use the following considerations for page file sizing for all.,0,Unknown,2026-06-18T23:21:12.090430
PHASE 1B: EXTENSION FORUMS,Microsoft Q&A,JVM crash,Speechsynthesizer causes JVM crash during finalization (Speech client-sdk for Java) - Microsoft Q&A,https://learn.microsoft.com/en-us/answers/questions/2132590/speechsynthesizer-causes-jvm-crash-during-finaliza,"https://github.com/Azure-Samples/cognitive-services-speech-sdk/issues/2701 As I detailed in the above github issue, there is a reproducible bug in the Java client-sdk for Azure Speech. During Finalization of Speechsynthesizer Instance it can cause a Memory Access Violation, resulting in a full crash of the JVM. Version of Speech SDK 1.40.0.",0,Unknown,2026-06-18T23:21:12.090436
PHASE 1B: EXTENSION FORUMS,Microsoft Q&A,JVM crash,IForeachWriter.Close(Exception) Method (Microsoft.Spark.Sql) - .NET for Apache Spark,https://learn.microsoft.com/en-us/dotnet/api/microsoft.spark.sql.iforeachwriter.close,"Table of contents Exit focus mode Language csharp vb fsharp Table of contents Add Share via Facebook x.com LinkedIn Email Print IForeachWriter.Close(Exception) Method Definition Namespace: Microsoft.Spark.Sql Assembly:Microsoft.Spark.dll Package:Microsoft.Spark v1.0.0 Called when... However, Close(Exception) won't be called in the following cases:.",0,Unknown,2026-06-18T23:21:12.090441
PHASE 1B: EXTENSION FORUMS,Microsoft Q&A,JVM crash,Forcing a System Crash from the Keyboard - Windows drivers,https://learn.microsoft.com/en-us/windows-hardware/drivers/debugger/forcing-a-system-crash-from-the-keyboard,"Forcing a system crash from the keyboard Summarize this article for me In this article When troubleshooting system issues, you might need to generate a crash dump file to analyze the system state. This article explains how to: Configure registry settings to enable keyboard-initiated crashes Use keyboard shortcuts to trigger a system crash Set up.",0,Unknown,2026-06-18T23:21:12.090446
PHASE 1B: EXTENSION FORUMS,Microsoft Q&A,JVM crash,The application or service crashing behavior troubleshooting guidance - Windows Server,https://learn.microsoft.com/en-us/troubleshoot/windows-server/performance/troubleshoot-application-service-crashing-behavior,"The application or service crashing behavior troubleshooting guidance This article provides guidance on how to troubleshoot application or service crashing behaviors. Applies to:   All supported versions of Windows Server and Windows Client When you see Event ID 1001 and Event ID 1000 repeatedly in the application log, it indicates an application.",0,Unknown,2026-06-18T23:21:12.090452
PHASE 1B: EXTENSION FORUMS,Microsoft Q&A,JVM crash,Containerize your Java Applications - Java on Azure,https://learn.microsoft.com/en-us/azure/developer/java/containers/overview,"Tip If you don't want to tune these settings by hand, the Azure Command Launcher for Java (jaz) automatically applies cloud-native JVM defaults for you. These values are valid for OpenJDK 11 and later—and for most distributions, including Microsoft Build of OpenJDK, Azul Zulu, Eclipse Temurin, Oracle OpenJDK, and others. Don't set the maximum JVM.",0,Unknown,2026-06-18T23:21:12.090457
PHASE 1B: EXTENSION FORUMS,Microsoft Q&A,JVM crash,How to get the exception context address from a crashed process using its handle - Microsoft Q&A,https://learn.microsoft.com/en-us/answers/questions/1688325/how-to-get-the-exception-context-address-from-a-cr,we are able to launch a dump collection tool for jni crashes using jvm option -XX:OnError. But like we get a jit address passed to the jit debugger in win32 app crashes we dont get it from jvm. Is there an api to get the crash exceptio n context address from the process handle?. we are able to launch a dump collection tool for jni crashes using.,0,Unknown,2026-06-18T23:21:12.090463
PHASE 1B: EXTENSION FORUMS,Microsoft Q&A,JVM crash,About agentless multi-disk crash-consistent backup for Azure Virtual Machines by using Azure Backup - Azure Backup,https://learn.microsoft.com/en-us/azure/backup/backup-azure-vms-agentless-multi-disk-crash-consistent-overview,About agentless multi-disk crash-consistent backup for Azure VMs Summarize this article for me Azure Backup supports agentless virtual machine (VM) backups by using multi-disk crash-consistent restore points. The Enhanced VM backup policy now enables you to configure the consistency type of the backups (application-consistent restore points or.,0,Unknown,2026-06-18T23:21:12.090468
PHASE 1B: EXTENSION FORUMS,Microsoft Q&A,JVM crash,App Restart Issues Caused by Out-of-Memory Issues - Azure Spring Apps,https://learn.microsoft.com/en-us/azure/spring-apps/basic-standard/how-to-fix-app-restart-issues-caused-by-out-of-memory,"App restart issues caused by out-of-memory issues Summarize this article for me Note The Basic, Standard, and Enterprise plans entered a retirement period on March 17, 2025. For more information, see the Azure Spring Apps retirement announcement. This article applies to: ✅ Basic/Standard ✅ Enterprise This article describes out-of-memory (OOM).",0,Unknown,2026-06-18T23:21:12.090474
PHASE 1B: EXTENSION FORUMS,Microsoft Q&A,JVM crash,Tools to Troubleshoot Memory Issues - Azure Spring Apps,https://learn.microsoft.com/en-us/azure/spring-apps/basic-standard/tools-to-troubleshoot-memory-issues,"Tools to troubleshoot memory issues Summarize this article for me Note The Basic, Standard, and Enterprise plans entered a retirement period on March 17, 2025. For more information, see the Azure Spring Apps retirement announcement. This article applies to: ✅ Basic/Standard ✅ Enterprise This article describes various tools that are useful for.",0,Unknown,2026-06-18T23:21:12.090479
PHASE 1B: EXTENSION FORUMS,Microsoft Q&A,JVM crash,Use the Diagnostic Settings of JVM Options for Advanced Troubleshooting in Azure Spring Apps,https://learn.microsoft.com/en-us/azure/spring-apps/basic-standard/how-to-dump-jvm-options,"Use the diagnostic settings of JVM options for advanced troubleshooting in Azure Spring Apps Summarize this article for me Note The Basic, Standard, and Enterprise plans entered a retirement period on March 17, 2025. For more information, see the Azure Spring Apps retirement annou... This article applies to: ✅ Java ❎ C# This article applies to: ✅.",0,Unknown,2026-06-18T23:21:12.090484
PHASE 1B: EXTENSION FORUMS,Microsoft Q&A,JVM crash,Troubleshoot a Process Crash in an IIS Application Pool - Internet Information Services,https://learn.microsoft.com/en-us/troubleshoot/developer/webapps/iis/site-behavior-performance/process-termination-crash,"Troubleshoot a process crash in an IIS application pool This article helps you identify a process termination (more commonly referred to as a process crash) and provides methods to collect and analyze data for the crash. Identify a process crash To identify that there's a process crash, follow these steps: On the affected server, select Win+R on.",0,Unknown,2026-06-18T23:21:12.090490
PHASE 1B: EXTENSION FORUMS,Microsoft Q&A,JVM crash,App Center Crashes for React Native - Visual Studio App Center,https://learn.microsoft.com/en-us/appcenter/sdk/crashes/react-native,"App Center Crashes (React Native) Summarize this article for me In this article Important Visual Studio App Center was retired on March 31, 2025, except for the Analytics and Diagnostics features, which will continue to be supported until June 30, 2026. Learn more. Wherever you're using App Center ... Generate a test crash App Center Crashes.",0,Unknown,2026-06-18T23:21:12.090536
PHASE 1B: EXTENSION FORUMS,Microsoft Q&A,JVM crash,Azure Command Launcher for Java,https://learn.microsoft.com/en-us/java/jaz/overview,"Azure Command Launcher for Java (public preview) Summarize this article for me In this article The Azure Command Launcher for Java (jaz) is a lightweight utility that simplifies how Java developers run their applications on Azure. By intelligently applying Java Virtual Machine (JVM) options tailored for cloud environments, the tool reduces.",0,Unknown,2026-06-18T23:21:12.090543
PHASE 1B: EXTENSION FORUMS,Microsoft Q&A,JVM crash,Bug Check 0xE2 MANUALLY_INITIATED_CRASH - Windows drivers,https://learn.microsoft.com/en-us/windows-hardware/drivers/debugger/bug-check-0xe2--manually-initiated-crash,"Bug Check 0xE2: MANUALLY_INITIATED_CRASH Summarize this article for me In this article The MANUALLY_INITIATED_CRASH bug check has a value of 0x000000E2. Important This article is for programmers. If you're a customer who has received a blue screen error code while using your computer, see Troubleshoot blue screen errors. This indicates that the.",0,Unknown,2026-06-18T23:21:12.090548
PHASE 1B: EXTENSION FORUMS,Microsoft Q&A,JVM crash,FeatureBase<T>.ToString Method (Microsoft.Spark.ML.Feature) - .NET for Apache Spark,https://learn.microsoft.com/en-us/dotnet/api/microsoft.spark.ml.feature.featurebase-1.tostring,Table of contents Exit focus mode Language csharp vb fsharp Table of contents Add Share via Facebook x.com LinkedIn Email Print FeatureBase.ToString Method Definition Namespace: Microsoft.Spark.ML.Feature Assembly:Microsoft.Spark.dll Package:Microsoft.Spark v1.0.0 Returns the JVM toString value rather than the .NET ToString default Returns String.,0,Unknown,2026-06-18T23:21:12.090553
PHASE 1B: EXTENSION FORUMS,Microsoft Q&A,JVM crash,Forcing a System Crash from the Debugger - Windows drivers,https://learn.microsoft.com/en-us/windows-hardware/drivers/debugger/forcing-a-system-crash-from-the-debugger,"Forcing a System Crash from the Debugger Summarize this article for me In this article If KD or WinDbg is performing kernel-mode debugging, it can force a system crash to occur. This is done by entering the .crash (Force System Crash) command at the command prompt. (If the target computer does not crash immediately, follow this with the g (Go).",0,Unknown,2026-06-18T23:21:12.090559
PHASE 1B: EXTENSION FORUMS,Microsoft Q&A,JVM crash,Forcing a System Crash - Windows drivers,https://learn.microsoft.com/en-us/windows-hardware/drivers/debugger/forcing-a-system-crash,"Forcing a System Crash Summarize this article for me In this article Once kernel-mode dump files have been enabled, most system crashes should cause a crash file to be written and the blue screen to be displayed. However, there are times that a system freezes without actually initiating a kernel crash. Possible symptoms of such a fre... Want to.",0,Unknown,2026-06-18T23:21:12.090564
PHASE 1B: EXTENSION FORUMS,Microsoft Q&A,JVM crash,IJarUploadedUserSourceInfo.JvmOption Property (Microsoft.Azure.PowerShell.Cmdlets.SpringCloud.Models.Api20220401),https://learn.microsoft.com/en-us/dotnet/api/microsoft.azure.powershell.cmdlets.springcloud.models.api20220401.ijaruploadedusersourceinfo.jvmoption,IJarUploadedUserSourceInfo.JvmOption Property Definition Namespace: Microsoft.Azure.PowerShell.Cmdlets.SpringCloud.Models.Api20220401 Assembly:Az.SpringCloud.private.dll JVM parameter Property Value String Attributes InfoAttribute Applies to. JVM parameter ..,0,Unknown,2026-06-18T23:21:12.090570
PHASE 1B: EXTENSION FORUMS,Microsoft Q&A,JVM crash,.crash (Force System Crash) - Windows drivers,https://learn.microsoft.com/en-us/windows-hardware/drivers/debuggercmds/-crash--force-system-crash-,".crash (Force System Crash) Summarize this article for me In this article The .crash command causes the target computer to issue a bug check. Environment Modes kernel mode only Targets live debugging only Platforms all Additional Information For an overview of related commands and a description of the options available after a system crash, see.",0,Unknown,2026-06-18T23:21:12.090575
PHASE 1B: EXTENSION FORUMS,Microsoft Q&A,JVM crash,Open a Dump File with WinDbg - Windows drivers,https://learn.microsoft.com/en-us/windows-hardware/drivers/debugger/opening-a-crash-dump-file-using-windbg,"Open a dump file with WinDbg Summarize this article for me In this article There are several ways you can use WinDbg to open a crash memory dump file to debug code. WinDbg menu If WinDbg is already running and is in dormant mode, you can open a dump file by choosing Open crash dump from the File menu or by pressing CTRL+DSuggest a fix. Learn about.",0,Unknown,2026-06-18T23:21:12.090580
PHASE 1B: EXTENSION FORUMS,Microsoft Q&A,JVM crash,JarUploadedUserSourceInfo.JvmOption Property (Microsoft.Azure.PowerShell.Cmdlets.SpringCloud.Models.Api20220401),https://learn.microsoft.com/en-us/dotnet/api/microsoft.azure.powershell.cmdlets.springcloud.models.api20220401.jaruploadedusersourceinfo.jvmoption,JarUploadedUserSourceInfo.JvmOption Property Definition Namespace: Microsoft.Azure.PowerShell.Cmdlets.SpringCloud.Models.Api20220401 Assembly:Az.SpringCloud.private.dll JVM parameter Property Value String Implements JvmOption Attributes OriginAttribute Applies to. JVM parameter ..,0,Unknown,2026-06-18T23:21:12.090586
PHASE 1B: EXTENSION FORUMS,Microsoft Q&A,JVM crash,IJarUploadedUserSourceInfo.JvmOption Property (Microsoft.Azure.PowerShell.Cmdlets.SpringCloud.Models),https://learn.microsoft.com/en-us/dotnet/api/microsoft.azure.powershell.cmdlets.springcloud.models.ijaruploadedusersourceinfo.jvmoption,IJarUploadedUserSourceInfo.JvmOption Property Definition Namespace: Microsoft.Azure.PowerShell.Cmdlets.SpringCloud.Models Assembly:Az.SpringCloud.private.dll JVM parameter Property Value String Attributes InfoAttribute Applies to. JVM parameter . /dotnet/api/microsoft.azure.powershell.cmdlets.springcloud.models.ijaruploadedusersourceinfo.jvmoption.,0,Unknown,2026-06-18T23:21:12.090591
PHASE 1B: EXTENSION FORUMS,Microsoft Q&A,Modified UTF-8,Release Notes for OLE DB Driver - OLE DB Driver for SQL Server,https://learn.microsoft.com/en-us/sql/connect/oledb/release-notes-for-oledb-driver-for-sql-server,For the x64 driver: Chinese (Simplified) | Chinese (Traditional) | English (United States) | French | German | Italian | Japanese | Korean | Portuguese (Brazil) | Russian | Spanish For the x86 driver: Chinese (Simplified) | Chinese (Traditional) | English (United States) | French | German | Italian | Japanese | Korean | Portuguese (Brazil) |.,0,Unknown,2026-06-18T23:21:14.028078
PHASE 1B: EXTENSION FORUMS,Microsoft Q&A,Modified UTF-8,An overview on Windows Terminal,https://learn.microsoft.com/en-us/windows/terminal/,"Windows Terminal is a modern host application for the command-line shells you already love, like Command Prompt, PowerShell, and ... Its main features include multiple tabs, panes, Unicode and UTF-8 character support, a GPU accelerated text rendering engine, and the ability to create your own themes and customize text, colors, backgrounds, and.",0,Unknown,2026-06-18T23:21:14.028106
PHASE 1B: EXTENSION FORUMS,Microsoft Q&A,Modified UTF-8,How to serialize JSON in C# - .NET,https://learn.microsoft.com/en-us/dotnet/standard/serialization/system-text-json/how-to,How to write .NET objects as JSON (serial... Here's an example showing how a class that contains collection properties and a user-defined type is serialized: Serialize to UTF-8 It's 5-10% faster to serialize to a UTF-8 byte array than to use the string-based methods. That's because the bytes (as UTF-8) don't need to be converted to strings.,0,Unknown,2026-06-18T23:21:14.028112
PHASE 1B: EXTENSION FORUMS,Microsoft Q&A,Modified UTF-8,How to deserialize JSON in C# - .NET,https://learn.microsoft.com/en-us/dotnet/standard/serialization/system-text-json/deserialization,"How to read JSON as .NET objects (deserialize) Summarize this article for me This article shows how to use the System.Text.Json namespace to deserialize from JavaScript Object Notation (JSON). Deserialize without a .NET class If you have JSON that you want to deserialize, and you don't have the class to deserialize it into, you... Deserialize from.",0,Unknown,2026-06-18T23:21:14.028118
PHASE 1B: EXTENSION FORUMS,Microsoft Q&A,Modified UTF-8,Collation and Unicode Support - SQL Server,https://learn.microsoft.com/en-us/sql/relational-databases/collations/collation-and-unicode-support,"SQL Server 2019 (15.x) introduces an additional option for UTF-8 encoding. UTF-8 (_UTF8) Enables UTF-8 encoded data to be stored in SQL Server. Alternatively, starting with SQL Server 2019 (15.x), if a UTF-8 enabled collation (_UTF8) is used, previously non-Unicode data types (char and varchar) become Unicode data types using UTF-8 encoding..",0,Unknown,2026-06-18T23:21:14.028123
PHASE 1B: EXTENSION FORUMS,Microsoft Q&A,Modified UTF-8,char and varchar (Transact-SQL) - SQL Server,https://learn.microsoft.com/en-us/sql/t-sql/data-types/char-and-varchar-transact-sql,char and varchar (Transact-SQL) Summarize this article for me Applies to: SQL Server Azure SQL Database Azure SQL Managed Instance Azure Synapse Analytics Analytics Platform System (PDW) SQL analytics endpoint in Microsoft Fabric Warehouse in Microsoft Fabric SQL database in Microsoft Fabric Character data types that are e... Starting with SQL.,0,Unknown,2026-06-18T23:21:14.028128
PHASE 1B: EXTENSION FORUMS,Microsoft Q&A,Modified UTF-8,Built-in reference types - C# reference,https://learn.microsoft.com/en-us/dotnet/csharp/language-reference/builtin-types/reference-types,"...ied Windows file name: To include a double quotation mark in an @-quoted string, double it: UTF-8 string literals .NET stores strings using UTF-16Using a UTF-8 string literal creates a more clear declaration than declaring the equivalent System.ReadOnlySpan, as shown in the following code: To store a UTF-8 string literal as an array, use.",0,Unknown,2026-06-18T23:21:14.028133
PHASE 1B: EXTENSION FORUMS,Microsoft Q&A,Modified UTF-8,nchar and nvarchar (Transact-SQL) - SQL Server,https://learn.microsoft.com/en-us/sql/t-sql/data-types/nchar-and-nvarchar-transact-sql,"nchar and nvarchar (Transact-SQL) Summarize this article for me Applies to: SQL Server Azure SQL Database Azure SQL Managed Instance Azure Synapse Analytics Analytics Platform System (PDW) SQL database in Microsoft Fabric Character data types that are either fixed-size, nchar, or variable-size, nvarchar. In SQL Server 2012 (11.x) and later ... In.",0,Unknown,2026-06-18T23:21:14.028139
PHASE 1B: EXTENSION FORUMS,Microsoft Q&A,Modified UTF-8,Resolve errors and warnings for string literal declarations - C# reference,https://learn.microsoft.com/en-us/dotnet/csharp/language-reference/compiler-messages/string-literal,"Resolve errors and warnings for string literal declarations The C# compiler generates errors and warnings when you declare string literals with incorrect syntax or use them in unsupported contexts.  ...ReadOnlySpan values representing the concatenated UTF-8 byte sequences, but mixing UTF-8 strings with regular string values or other types isn't.",0,Unknown,2026-06-18T23:21:14.028144
PHASE 1B: EXTENSION FORUMS,Microsoft Q&A,Modified UTF-8,JsonSerializer.Deserialize Method (System.Text.Json),https://learn.microsoft.com/en-us/dotnet/api/system.text.json.jsonserializer.deserialize,"JsonSerializer.Deserialize Method Definition Namespace: System.Text.Json Assembly:System.Text.Json.dll Package:System.Text.Json v11.0.0-preview.5.26302.115 Overloads Name Description Deserialize(Stream, JsonTypeInfo) Reads the UTF-8 encoded text representing a single JSON value into an instance specified by the jsonTypeInfo..",0,Unknown,2026-06-18T23:21:14.028149
PHASE 1B: EXTENSION FORUMS,Microsoft Q&A,Modified UTF-8,MultiByteToWideChar function (stringapiset.h) - Win32 apps,https://learn.microsoft.com/en-us/windows/win32/api/stringapiset/nf-stringapiset-multibytetowidechar,"MultiByteToWideChar function (stringapiset.h) Maps a character string to a UTF-16 (wide character) string. The character string is not necessarily from a multibyte character set. For the most consistent results, applications should use Unicode, such as UTF-8 or UTF-16, instead of a specific code page, unless legacy standards or data formats.",0,Unknown,2026-06-18T23:21:14.028155
PHASE 1B: EXTENSION FORUMS,Microsoft Q&A,Modified UTF-8,System.Text.Json Namespace,https://learn.microsoft.com/en-us/dotnet/api/system.text.json,"System.Text.Json Namespace Provides high-performance, low-allocating, and standards-compliant capabilities to process JavaScript Object Notation (JSON), which includes serializing objects to JSON text and deserializing JSON text to objects, with UTF-8 support built-in. It also provides types to read and write JSON text encoded as UTF-8, and to.",0,Unknown,2026-06-18T23:21:14.028160
PHASE 1B: EXTENSION FORUMS,Microsoft Q&A,Modified UTF-8,Use UTF-8 code pages in Windows apps - Windows apps,https://learn.microsoft.com/en-us/windows/apps/design/globalizing/use-utf8-code-page,"Use UTF-8 code pages in Windows apps Summarize this article for me Use Unicode Transformation Format 8-bit (UTF-8) character encoding to maximize compatibility between web apps and other *nix-based platforms (Unix, Linux, and variants), minimize localization bugs, and reduce testing overhead. UTF-8 is the universal code page for.",0,Unknown,2026-06-18T23:21:14.028165
PHASE 1B: EXTENSION FORUMS,Microsoft Q&A,Modified UTF-8,Strange characters in Outlook email text - Outlook,https://learn.microsoft.com/en-us/troubleshoot/outlook/message-body/strange-characters-display-message-body,"Strange characters are displayed in meeting requests, read receipts, and IRM messages Symptoms In Microsoft Outlook and Outlook for Microsoft 365, some recipients receive email messages that contain a mix of characters in various languages in ... This issue can occur in the following media: Read Receipts Email Recalls Meeting Requests IRM email.",0,Unknown,2026-06-18T23:21:14.028170
PHASE 1B: EXTENSION FORUMS,Microsoft Q&A,Modified UTF-8,JsonSerializer Class (System.Text.Json),https://learn.microsoft.com/en-us/dotnet/api/system.text.json.jsonserializer,"Deserialize(ReadOnlySpan, JsonTypeInfo) Parses the UTF-8 encoded text representing a single JSON value into an instance specified by the jsonTypeInfo. Deserialize(ReadOnlySpan, Type, JsonSerializerContext) Parses the UTF-8 encoded text representing a single JSON value into a returnType. Deserialize(ReadOnlySpan, Type, JsonSerializerOptions) Parses.",0,Unknown,2026-06-18T23:21:14.028176
PHASE 1B: EXTENSION FORUMS,Microsoft Q&A,Modified UTF-8,about_Character_Encoding - PowerShell,https://learn.microsoft.com/en-us/powershell/module/microsoft.powershell.core/about/about_character_encoding,"Unix platforms and Unix-heritage utilities also used on Windows Platforms do... Similarly, UTF7 encoding should be avoided. UTF-7 is not a standard Unicode encoding and is written without a BOM in all versions of PowerShell. Creating PowerShell scripts on a Unix-like platform or using a cross-platform editor on Windows, such as Visual Studio Code,.",0,Unknown,2026-06-18T23:21:14.028181
PHASE 1B: EXTENSION FORUMS,Microsoft Q&A,Modified UTF-8,Encoding.UTF8 Property (System.Text),https://learn.microsoft.com/en-us/dotnet/api/system.text.encoding.utf8,"Encoding.UTF8 Property Definition Namespace: System.Text Assemblies:mscorlib.dll, System.Text.Encoding.dll Assemblies:netstandard.dll, System.Runtime.dll Assembly:System.Text.Encoding.dll Assembly:System.Runtime.dll Assembly:mscorlib.dll Assembly:netstandard.dll Source:Encoding.cs Source:Encoding.cs Source:Encoding.cs Source:Encoding.cs.",0,Unknown,2026-06-18T23:21:14.028186
PHASE 1B: EXTENSION FORUMS,Microsoft Q&A,Modified UTF-8,RandomAccessFile.WriteUTF(String) Method (Java.IO),https://learn.microsoft.com/en-us/dotnet/api/java.io.randomaccessfile.writeutf,"...ition Namespace: Java.IO Assembly:Mono.Android.dll Writes a string to the file using modified UTF-8 encodingFollowing the length, each character of the string is output, in sequence, using the modified UTF-8 encoding for each character.Java documentation for java.io.RandomAccessFile.writeUTF(java.lang.String).Portions of this page are.",0,Unknown,2026-06-18T23:21:14.028191
PHASE 1B: EXTENSION FORUMS,Microsoft Q&A,Modified UTF-8,/utf-8 (Set source and execution character sets to UTF-8),https://learn.microsoft.com/en-us/cpp/build/reference/utf-8-set-source-and-executable-character-sets-to-utf-8,/utf-8 (Set source and execution character sets to UTF-8) Specifies both the source character set and the execution character set as UTF-8. Syntax /utf-8 Remarks You can use the /utf-8 option to specify both the source and execution character sets as encoded by using UTF-8. It's equivalent to specifying /source-charset:utf-8.,0,Unknown,2026-06-18T23:21:14.028197
PHASE 1B: EXTENSION FORUMS,Microsoft Q&A,Modified UTF-8,ObjectInputStream.ReadUTF Method (Java.IO),https://learn.microsoft.com/en-us/dotnet/api/java.io.objectinputstream.readutf,Table of contents Exit focus mode Language csharp fsharp Table of contents Add Share via Facebook x.com LinkedIn Email Print ObjectInputStream.ReadUTF Method Definition Namespace: Java.IO Assembly:Mono.Android.dll Reads a String in modified UTF-8 format. Remarks Reads a String in modified UTF-8 format.Java documentation for.,0,Unknown,2026-06-18T23:21:14.028202
PHASE 1B: EXTENSION FORUMS,Microsoft Q&A,Modified UTF-8,"[MS-ISO10646]: [ISO10646] Section D.4, Mapping from UCS-4 form to UTF-8 form",https://learn.microsoft.com/en-us/openspecs/ie_standards/ms-iso10646/6038c110-baeb-417b-a1c0-dd97319b38be,"2.1.3 [ISO10646] Section D.4, Mapping from UCS-4 form to UTF-8 form V0003: The specification states: Table D.4 defines in mathematical notation the mapping from the UCS-4 coded representation form to the UTF-8 coded representation form. All Document Modes (All Versions) Characters encoded as UTF-8 that have values beyond the range of what can be.",0,Unknown,2026-06-18T23:21:14.028207
PHASE 1B: EXTENSION FORUMS,Microsoft Q&A,Modified UTF-8,UTF-8 character ranges for modern gamertags - Microsoft Game Development Kit,https://learn.microsoft.com/en-us/gaming/gdk/docs/services/fundamentals/identity/user-profile/gamertags/live-modern-gamertags-unicode,Describes modern gamertags and the UTF-8 character ranges that are supported for them by Xbox services.,0,Unknown,2026-06-18T23:21:14.028213
PHASE 1B: EXTENSION FORUMS,Microsoft Q&A,Modified UTF-8,"December 21, 2015 - UTF-8 Encoding of Reporting Data",https://learn.microsoft.com/en-us/xandr/bidders/december-21--2015---utf-8-encoding-of-reporting-data,"December 21, 2015 - UTF-8 encoding of reporting data Starting on January 15th, 2016, we will now be including all UTF-8 characters for all data returned via reporting (including Log-Level Data, if applicable).  ...ters from string fields, and now we will be returning all UTF-8Explore enhanced UTF-8 encoding for reporting since Dec 21, 2015; from.",0,Unknown,2026-06-18T23:21:14.028218
PHASE 1B: EXTENSION FORUMS,Microsoft Q&A,Modified UTF-8,[MS-BCP]: Glossary,https://learn.microsoft.com/en-us/openspecs/sql_data_portability/ms-bcp/da0b33a2-423d-4572-8658-f627c643c049,"1.1 Glossary This document uses the following terms: Augmented Backus-Naur Form (ABNF): A modified version of Backus-Naur Form (BNF), commonly used by Internet specifications. Unicode: A character encoding standard developed by the Unicode Consortium that represents almost all of the written languages of the world. The Unicode standard.",0,Unknown,2026-06-18T23:21:14.028223
PHASE 1B: EXTENSION FORUMS,Microsoft Q&A,Modified UTF-8,Utf8 Class (System.Text.Unicode),https://learn.microsoft.com/en-us/dotnet/api/system.text.unicode.utf8,Utf8 Class Definition Namespace: System.Text.Unicode Assembly:System.Runtime.dll Assembly:Microsoft.Bcl.Memory.dll Package:Microsoft.Bcl.Memory v11.0.0-preview.5.26302.115 Source:Utf8.cs Source:Utf8.cs Source:Utf8.cs Source:Utf8.cs Source:Utf8.cs Provides static methods that convert chunked data between UTF-8 and UTF-16 encodings. Inheritance.,0,Unknown,2026-06-18T23:21:14.028228
PHASE 1B: EXTENSION FORUMS,Microsoft Q&A,Modified UTF-8,[MS-OFFCRYPTO]: Length-Prefixed UTF-8 String (UTF-8-LP-P4),https://learn.microsoft.com/en-us/openspecs/office_file_formats/ms-offcrypto/82592730-321b-4ec4-bb3e-87748976af33,"2.1.3 Length-Prefixed UTF-8 String (UTF-8-LP-P4) The Length-Prefixed UTF-8 String structure (UTF-8-LP-P4) contains a length-prefixed UTF-8 string, padded to use a multiple of 4 bytes. 0 1 2 3 4 5 6 7 8 9 10 1 2 3 4 5 6 7 8 9 20 1 2 3 4 5 6 7 8 9 30 1 Length Data (variable). Data (variable): A UTF-8... The Length-Prefixed UTF-8 String structure.",0,Unknown,2026-06-18T23:21:14.028234
PHASE 1B: EXTENSION FORUMS,Microsoft Q&A,Modified UTF-8,[MC-NBFX]: Chars8Text Record (0x98),https://learn.microsoft.com/en-us/openspecs/windows_protocols/mc-nbfx/4d623c6e-d700-4091-a6b7-60e1d62a5c2a,2.2.3.13 Chars8Text... Length (1 byte): This is the length in bytes of the UTF-8 [RFC2279]-encoded string and is represented as UINT8. Bytes (variable): The string encoded as UTF-8 [RFC2279] bytes. UTF-8 [RFC2279] sequences that expand to a low surrogate character MUST be paired with a high surrogate character. This structure represents attribute.,0,Unknown,2026-06-18T23:21:14.028239
PHASE 1B: EXTENSION FORUMS,Microsoft Q&A,Modified UTF-8,Troubleshoot: Reading UTF-8 text from CSV or PARQUET files using serverless SQL pool - Azure Synapse Analytics,https://learn.microsoft.com/en-us/azure/synapse-analytics/troubleshoot/reading-utf8-text,"Troubleshoot reading UTF-8... When UTF-8 text is read from a CSV or PARQUET file using serverless SQL pool, some special characters like ü and ö are incorrectly converted if the query returns varchar columns with non-UTF8 collations. You can explicitly define collation on varchar column in OPENROWSET or external table: If you didn't specify UTF8.",0,Unknown,2026-06-18T23:21:14.028244
PHASE 1B: EXTENSION FORUMS,Microsoft Q&A,Modified UTF-8,Utf8.TryWriteInterpolatedStringHandler Struct (System.Text.Unicode),https://learn.microsoft.com/en-us/dotnet/api/system.text.unicode.utf8.trywriteinterpolatedstringhandler,Utf8.TryWriteInterpolatedStringHandler Struct Definition Namespace: System.Text.Unicode Assembly:System.Runtime.dll Source:Utf8.cs Source:Utf8.cs Source:Utf8.cs Source:Utf8.cs Provides a handler used by the language compiler to format interpolated strings into UTF-8 byte spans. Inheritance Object ValueType Utf8.TryWriteInterpo... Provides a.,0,Unknown,2026-06-18T23:21:14.028250
PHASE 1B: EXTENSION FORUMS,Microsoft Q&A,Modified UTF-8,UTF-8 Support in OLE DB Driver for SQL Server - OLE DB Driver for SQL Server,https://learn.microsoft.com/en-us/sql/connect/oledb/features/utf-8-support-in-oledb-driver-for-sql-server,"UTF-8 Support in OLE DB Driver for SQL Server Summarize this article for me In this article Applies to: SQL Server Azure SQL Database Azure SQL Managed Instance Azure Synapse Analytics Analytics Platfo... For information about the SQL Server UTF-8 support, see: Collation and Unicode Support UTF-8 support Version 18.4.0 of the driver adds support.",0,Unknown,2026-06-18T23:21:14.028255
PHASE 1B: EXTENSION FORUMS,Microsoft Q&A,jstring to const char,Cost Management + Billing - Microsoft Cost Management,https://learn.microsoft.com/en-us/azure/cost-management-billing/,"Cost Management + Billing documentation Microsoft Cost Management helps you analyze, monitor, and optimize your Microsoft Cloud costs; understand and pay your bill; and manage your billing account and subscriptions. Overview What is Billing. Cost Management Pricing + estimation Estimate prices ... Microsoft Cost Management helps you analyze,.",0,Unknown,2026-06-18T23:21:15.909859
PHASE 1B: EXTENSION FORUMS,Microsoft Q&A,jstring to const char,char and varchar (Transact-SQL) - SQL Server,https://learn.microsoft.com/en-us/sql/t-sql/data-types/char-and-varchar-transact-sql,"char and varchar (Transact-SQL) Summarize this article for me Applies to: SQL Server Azure SQL Database Azure SQL Managed Instance Azure Synapse Analytics Analytics Platform System (PDW) SQL analytics endpoint in Microsoft Fabric Warehouse in Microsoft Fabric SQL database in Microsoft Fabric Character data types that are either fixed-size, char,.",0,Unknown,2026-06-18T23:21:15.909887
PHASE 1B: EXTENSION FORUMS,Microsoft Q&A,jstring to const char,Value types - C# reference,https://learn.microsoft.com/en-us/dotnet/csharp/language-reference/builtin-types/value-types,"Value types (C# reference) Summarize this article for me Value types and reference types are the two main categories of C# types. A variable of a value type contains an instance of the type. This behavior differs from a variable of a reference type, which contains a reference to an instance of the type. By default, on assignment, passing an.",0,Unknown,2026-06-18T23:21:15.909897
PHASE 1B: EXTENSION FORUMS,Microsoft Q&A,jstring to const char,Plan and Manage Costs - Microsoft Foundry,https://learn.microsoft.com/en-us/azure/foundry/concepts/manage-costs,"Plan and manage costs for Microsoft Foundry Summarize this article for me In this article This article shows you how to estimate expenses before deployment, track spending in real time, and set up alerts to avoid budget surprises. Prerequisites Before you begin, ensure you have: Azure subscription: An active Azure subscription with the resources.",0,Unknown,2026-06-18T23:21:15.909903
PHASE 1B: EXTENSION FORUMS,Microsoft Q&A,jstring to const char,Tutorial - Create and manage Cost Management exports - Microsoft Cost Management,https://learn.microsoft.com/en-us/azure/cost-management-billing/costs/tutorial-improved-exports,"However, you can create a recurring task that automatically exports your Cost Management data to Azure storage on a daily, or monthly basis. Exports is designed to streamline your FinOps practice by automating the export of other cost-impacting datasets. FinOps datasets are often large and challenging to manage. The exports feature has an updated.",0,Unknown,2026-06-18T23:21:15.909908
PHASE 1B: EXTENSION FORUMS,Microsoft Q&A,jstring to const char,Understand Cost Management data - Microsoft Cost Management,https://learn.microsoft.com/en-us/azure/cost-management-billing/costs/understand-cost-mgt-data,"Such factors include how long it takes to process the data and how frequently Azure services emit usage to the billing system. Cost Management includes all usage and purchases, including commitment discounts (that is, reservations and savings plans) and third-party offerings, for Enterprise Agreement (EA) and Microsoft Customer Agreement (MCA).",0,Unknown,2026-06-18T23:21:15.909914
PHASE 1B: EXTENSION FORUMS,Microsoft Q&A,jstring to const char,Plan costs and understand pricing and billing - Microsoft Sentinel,https://learn.microsoft.com/en-us/azure/sentinel/billing,"Although this article explains how to plan costs and understand the billing for Microsoft Sentinel, you're billed for all Azure services and resources your Azure subscription uses, including Partner services. This article is part of the Deployment guide for Microsoft Sentinel. Important After March 31, 2027, Microsoft Sentinel will no longer be.",0,Unknown,2026-06-18T23:21:15.909919
PHASE 1B: EXTENSION FORUMS,Microsoft Q&A,jstring to const char,const and volatile pointers,https://learn.microsoft.com/en-us/cpp/cpp/const-and-volatile-pointers,"To declare the object pointed to by the pointer as const or volatile, use a declaration of the form: To declare the value of the pointer — that is, the actual address stored in the pointer — as const or volatile, use a declaration of the form: The C++ language prevents assignments that would allow modification of an object or pointer declared as.",0,Unknown,2026-06-18T23:21:15.909924
PHASE 1B: EXTENSION FORUMS,Microsoft Q&A,jstring to const char,PFEventsEventContents - PlayFab,https://learn.microsoft.com/en-us/gaming/playfab/api-references/c/pfeventstypes/structs/pfeventseventcontents,"PFEventsEventContents Summarize this article for me In this article PFEventsEventContents data model. Syntax Members customTags   PFStringDictionaryEntry const* may be nullptr (Optional) The optional custom tags associated with the event (e.g. build number, external trace identifiers, etc.). Before an event is written, this collection and the base.",0,Unknown,2026-06-18T23:21:15.909930
PHASE 1B: EXTENSION FORUMS,Microsoft Q&A,jstring to const char,The const keyword - C# reference,https://learn.microsoft.com/en-us/dotnet/csharp/language-reference/keywords/const,"The const keyword Summarize this article for me Use the const keyword to declare a constant field or a local constant. Constant fields and locals aren't variables and can't be modified. Constants can be numbers, Boolean values, strings, or a null reference. Don't create a constant to represent information that you expect to change over time. For.",0,Unknown,2026-06-18T23:21:15.909935
PHASE 1B: EXTENSION FORUMS,Microsoft Q&A,jstring to const char,Assign access to Cost Management data - Microsoft Cost Management,https://learn.microsoft.com/en-us/azure/cost-management-billing/costs/assign-access-acm-data,"Assign access to Cost Management data Summarize this article for me For users with Azure Enterprise (EA) agreements, a combination of permissions granted in the Azure portal define a user's level of access to Cost Management data. For users with other Azure account types, defining a user's level of access to Cost Management data is simpler by.",0,Unknown,2026-06-18T23:21:15.909946
PHASE 1B: EXTENSION FORUMS,Microsoft Q&A,jstring to const char,char attribute - Win32 apps,https://learn.microsoft.com/en-us/windows/win32/midl/char-idl,"In this version of Microsoft RPC, the character translation tables that convert between ASCII and EBCDIC are built into the run-time libraries and cannot be changed by the user. The char type is one of the base types of the interface definition language (IDL). The char type can appear as a type specifier in const declarations, typedef.",0,Unknown,2026-06-18T23:21:15.909951
PHASE 1B: EXTENSION FORUMS,Microsoft Q&A,jstring to const char,CA1834: Use StringBuilder.Append(char) for single character strings (code analysis) - .NET,https://learn.microsoft.com/en-us/dotnet/fundamentals/code-analysis/quality-rules/ca1834,CA1834: Use StringBuilder.Append(char) for single character strings Summarize this article for me Property Value Rule ID CA1834 Title Use StringBuilder.Append(char) for single character strings Category Performance Fix is breaking or non-breaking Non-breaking Enabled by default in .NET 10 As suggestion Applicable languages C# and Visual Basic.,0,Unknown,2026-06-18T23:21:15.909957
PHASE 1B: EXTENSION FORUMS,Microsoft Q&A,jstring to const char,azureml.automl.runtime.shared.pipeline_spec.EnsembleObject class - Azure Machine Learning Python,https://learn.microsoft.com/en-us/python/api/azureml-automl-runtime/azureml.automl.runtime.shared.pipeline_spec.ensembleobject,Constructor Parameters Name Description task Default value: classification Methods elastic_net_from_json Create a elasticnet regresion object from JSON. instantiate Create a new object... Parameters Name Description jstring Required instantiate Create a new object with additional parameters. Parameters Name Description jstring Required.,0,Unknown,2026-06-18T23:21:15.909962
PHASE 1B: EXTENSION FORUMS,Microsoft Q&A,jstring to const char,Tutorial - Create and manage budgets - Microsoft Cost Management,https://learn.microsoft.com/en-us/azure/cost-management-billing/costs/tutorial-acm-create-budgets,Tutorial: Create and manage budgets Summarize this article for me Budgets in Cost Management help you plan for and drive organizational accountability. They help you proactively inform others about their spending to manage costs and monitor how spending progresses over time. You can configure alerts based on your actual cost or forecasted cost to.,0,Unknown,2026-06-18T23:21:15.909967
PHASE 1B: EXTENSION FORUMS,Microsoft Q&A,jstring to const char,PFCharacterResult - PlayFab,https://learn.microsoft.com/en-us/gaming/playfab/api-references/c/pftypes/structs/pfcharacterresult,PFCharacterResult Summarize this article for me In this article PFCharacterResult data ... Syntax Members characterId   const char* is null-terminated (Optional) The id for this character on this player. characterName   const char* is null-terminated (Optional) The name of this character. characterType   const char* is null-terminated (Optional).,0,Unknown,2026-06-18T23:21:15.909973
PHASE 1B: EXTENSION FORUMS,Microsoft Q&A,jstring to const char,Upgrade to a general-purpose v2 storage account - Azure Storage,https://learn.microsoft.com/en-us/azure/storage/common/storage-account-upgrade,Upgrade to a general-purpose v2 storage account Summarize this article for me In this article General-purpose v2 storage accounts support the latest Azure Storage features and incorporate all of the functionality of general-purpose v1 and blob storage accounts. General-purpose v2 accounts are recommended for most storage scenarios. General-purpose.,0,Unknown,2026-06-18T23:21:15.909978
PHASE 1B: EXTENSION FORUMS,Microsoft Q&A,jstring to const char,PFAccountManagementLinkGameCenterAccountRequest - PlayFab,https://learn.microsoft.com/en-us/gaming/playfab/api-references/c/pfaccountmanagementtypes/structs/pfaccountmanagementlinkgamecenteraccountrequest,PFAccountManagementLinkGameCenterAccountRequest Summarize this article for me In this article PFAccountManagementLinkGameCenterAccountRequest data model.  is null-terminated Game Center identifier for the player account to be linked. publicKeyUrl   const char* is null-terminated (Optional) The URL for the public encryption key that will be used to.,0,Unknown,2026-06-18T23:21:15.909983
PHASE 1B: EXTENSION FORUMS,Microsoft Q&A,jstring to const char,PFEvent - PlayFab,https://learn.microsoft.com/en-us/gaming/playfab/api-references/c/pfeventpipeline/structs/pfevent,"If null, the event will apply to the calling entity. eventNamespace   const char* is null-terminated The namespace in which the event is defined. name   const char* is null-terminated The name of the event. clientId   const char* is null-terminated Client assigned identifier associated with event. If a clientId is not provided, the SDK will.",0,Unknown,2026-06-18T23:21:15.910000
PHASE 1B: EXTENSION FORUMS,Microsoft Q&A,jstring to const char,What are Azure Reservations? - Microsoft Cost Management,https://learn.microsoft.com/en-us/azure/cost-management-billing/reservations/save-compute-costs-reservations,What are Azure Reservations. Summarize this article for me Azure Reservations help you save money by committing to one-year or three-year plans for multiple products. Committing allows you to get a discount on the resources you use. Reservations can significantly reduce your resource costs by up to 72% from pay-as-you-go prices. Reservations.,0,Unknown,2026-06-18T23:21:15.910006
PHASE 1B: EXTENSION FORUMS,Microsoft Q&A,jstring to const char,PFCatalogReportItemReviewRequest - PlayFab,https://learn.microsoft.com/en-us/gaming/playfab/api-references/c/pfcatalogtypes/structs/pfcatalogreportitemreviewrequest,"PFCatalogReportItemReviewRequest Summarize this article for me In this article PFCatalogReportItemReviewRequest data model.  ...xternal trace identifiers, etc.). customTagsCount   uint32_t Count of customTags entity   PFEntityKey const* may be nullptr (Optional) The entity to perform this action on. itemId   const char* is null-terminated.",0,Unknown,2026-06-18T23:21:15.910011
PHASE 1B: EXTENSION FORUMS,Microsoft Q&A,jstring to const char,Overview of Cost Management - Microsoft Cost Management,https://learn.microsoft.com/en-us/azure/cost-management-billing/costs/overview-cost-management,"What is Microsoft. Cost Management is available to anyone with access to a billing account, subscription, resource group, or management group. You can access Cost Management within the billing and resource management experiences or separately as a standalone tool optimized for FinOps teams who manage cost across multiple scopes. You can also.",0,Unknown,2026-06-18T23:21:15.910017
PHASE 1B: EXTENSION FORUMS,Microsoft Q&A,jstring to const char,PFItemInstance - PlayFab,https://learn.microsoft.com/en-us/gaming/playfab/api-references/c/pftypes/structs/pfiteminstance,"PFItemInstance Summarize this article for me In this article PFItemInstance data model.  ...he inventory item, as defined in the catalog. itemInstanceId   const char* is null-terminated (Optional) Unique item identifier for this specific instance of the item. purchaseDate   time_t const* may be nullptr (Optional) Timestamp for when this instance.",0,Unknown,2026-06-18T23:21:15.910022
PHASE 1B: EXTENSION FORUMS,Microsoft Q&A,jstring to const char,PFMultiplayerServerRequestMultiplayerServerResponse - PlayFab,https://learn.microsoft.com/en-us/gaming/playfab/api-references/c/pfmultiplayerservertypes/structs/pfmultiplayerserverrequestmultiplayerserverresponse,...ver. publicIPV4AddressesCount   uint32_t Count of publicIPV4Addresses region   const char* is null-terminated (Optional) The region the multiplayer server is located in. serverId   const char* is null-terminated (Optional) The string server ID of the multiplayer server generated by PlayFab. sessionId   const char* is null-terminated (Optional).,0,Unknown,2026-06-18T23:21:15.910027
PHASE 1B: EXTENSION FORUMS,Microsoft Q&A,jstring to const char,PFLinkedPlatformAccountModel - PlayFab,https://learn.microsoft.com/en-us/gaming/playfab/api-references/c/pftypes/structs/pflinkedplatformaccountmodel,"PFLinkedPlatformAccountModel Summarize this artic... Syntax Members email   const char* is null-terminated (Optional) Linked account email of the user on the platform, if available. platform   PFLoginIdentityProvider const* may be nullptr (Optional) Authentication platform. platformUserId   const char* is null-terminated (Optional) Unique account.",0,Unknown,2026-06-18T23:21:15.910033
PHASE 1B: EXTENSION FORUMS,Microsoft Q&A,jstring to const char,PFInventoryTransactionRedeemDetails - PlayFab,https://learn.microsoft.com/en-us/gaming/playfab/api-references/c/pfinventorytypes/structs/pfinventorytransactionredeemdetails,PFInventoryTransactionRedeemDetails Summarize this article for me In this article PFInventoryTransactionRedeemDetails data model. Syntax Members marketplace   const char* is null-terminated (Optional) The marketplace that the offer is being redeemed from. marketplaceTransactionId   const char* is null-terminated (Optional) The transaction Id.,0,Unknown,2026-06-18T23:21:15.910038
PHASE 1B: EXTENSION FORUMS,Microsoft Q&A,jstring to const char,PFCatalogContent - PlayFab,https://learn.microsoft.com/en-us/gaming/playfab/api-references/c/pfcatalogtypes/structs/pfcatalogcontent,PFCatalogContent Summarize this article for me In this article PFCatalogContent data model. Syntax Members id   const char* is null-terminated (Optional) The content unique ID. maxClientVersion   const char* is null-terminated (Optional) The maximum client version that this content is compatible with. Requirements Header: PFCatalogTypes.h See also.,0,Unknown,2026-06-18T23:21:15.910043
PHASE 1B: EXTENSION FORUMS,Microsoft Q&A,jstring to const char,PFUserOpenIdInfo - PlayFab,https://learn.microsoft.com/en-us/gaming/playfab/api-references/c/pftypes/structs/pfuseropenidinfo,PFUserOpenIdInfo Summarize this article for me In this article PFUserOpenIdInfo data model. Syntax Members connectionId   const char* is null-terminated (Optional) OpenID Connection ID. issuer   const char* is null-terminated (Optional) OpenID Issuer. subject   const char* is null-terminated (Optional) OpenID Subject. Requirements Header:.,0,Unknown,2026-06-18T23:21:15.910049
PHASE 1B: EXTENSION FORUMS,Microsoft Q&A,jstring to const char,PFCatalogImage - PlayFab,https://learn.microsoft.com/en-us/gaming/playfab/api-references/c/pfcatalogtypes/structs/pfcatalogimage,PFCatalogImage Summarize this article f... Syntax Members id   const char* is null-terminated (Optional) The image unique ID. tag   const char* is null-terminated (Optional) The client-defined tag associated with this image. Tags must be defined in the Catalog Config before being used in images. type   const char* is null-terminated (Optional).,0,Unknown,2026-06-18T23:21:15.910054
PHASE 1B: EXTENSION FORUMS,Microsoft Q&A,jstring to const char,PFUserGoogleInfo - PlayFab,https://learn.microsoft.com/en-us/gaming/playfab/api-references/c/pftypes/structs/pfusergoogleinfo,Syntax Members googleEmail   const char* is null-terminated (Optional) Email address of the Google account. googleGender   const char* is null-terminated (Optional) Gender information of the Google account. googleId   const char* is null-terminated (Optional) Google ID. googleLocale   const char* is null-terminated (Optional) Locale of the Google.,0,Unknown,2026-06-18T23:21:15.910060
PHASE 1B: EXTENSION FORUMS,Microsoft Q&A,jbyteArray to C array,The array reference type - C# reference,https://learn.microsoft.com/en-us/dotnet/csharp/language-reference/builtin-types/arrays,"Arrays Summarize this article for me In this article You can store multiple variables of the same type in an array data structure. You declare an array by specifying the type of its elements. In the unified type system of C#, all types, predefined and user-defined, reference types and value types, inherit d... The C# language reference documents.",0,Unknown,2026-06-18T23:21:17.891915
PHASE 1B: EXTENSION FORUMS,Microsoft Q&A,jbyteArray to C array,Array Class (System),https://learn.microsoft.com/en-us/dotnet/api/system.array,"Array Class Definition Namespace: System Assemblies:mscorlib.dll, System.Runtime.dll Assemblies:netstandard.dll, System.Runtime.dll Assembly:System.Runtime.dll Assembly:mscorlib.dll Assembly:netstandard.dll Source:Array.cs Source:Array.cs Source:Array.cs Source:Array.cs Source:Array.cs Provides methods for creating, manipulating, searching, and.",0,Unknown,2026-06-18T23:21:17.891945
PHASE 1B: EXTENSION FORUMS,Microsoft Q&A,jbyteArray to C array,Use data operations in Power Automate - Power Automate,https://learn.microsoft.com/en-us/power-automate/data-operations,"When you use data operations, you can increase the efficiency of your flows, reduce the number of errors, and make it easier to analyze data. This article explains how you can use data operations such as compose to create a single output from multiple inputs, including expressions. You can also use data operations to join or select data, filter.",0,Unknown,2026-06-18T23:21:17.891952
PHASE 1B: EXTENSION FORUMS,Microsoft Q&A,jbyteArray to C array,"Create and run simple C# console applications (Get started with C#, Part 2) - Training",https://learn.microsoft.com/en-us/training/paths/get-started-c-sharp-part-2/,"Create and run simple C# console applications (Get started with C#, Part 2) At a glance Level Beginner Skill &nbsp; Product .NET Visual Studio Code Role Developer Higher Education Educator K-12 Educator Student Use Visual Studio Code to develop C# console applications that implement arrays, foreach loops, and if statements.  ...he .NET Class.",0,Unknown,2026-06-18T23:21:17.891958
PHASE 1B: EXTENSION FORUMS,Microsoft Q&A,jbyteArray to C array,Everything you wanted to know about arrays - PowerShell,https://learn.microsoft.com/en-us/powershell/scripting/learn/deep-dives/everything-about-arrays,Everything you wanted to know about arrays Summarize this article for me In this article Arrays are a fundamental language feature of most programming languages. Let's take a close look at arrays and everything they have to offer. I'm going to start with a basic technical description of what arrays are and how they are used by most programming.,0,Unknown,2026-06-18T23:21:17.891964
PHASE 1B: EXTENSION FORUMS,Microsoft Q&A,jbyteArray to C array,Perform operations on data - Azure Logic Apps,https://learn.microsoft.com/en-us/azure/logic-apps/logic-apps-perform-data-operations,Create an HTML or CSV table from an array. Create an array from another array based on a specified filter or condition. Create an array based on the specified properties for all the items in another array. Create a string from all the items in an array and separate those items using a specified character. To create more complex JSON.,0,Unknown,2026-06-18T23:21:17.891970
PHASE 1B: EXTENSION FORUMS,Microsoft Q&A,jbyteArray to C array,Using arrays (VBA),https://learn.microsoft.com/en-us/office/vba/language/concepts/getting-started/using-arrays,"Using arrays Summarize this article for me You can declare an array to work with a set of values of the same data type. An array is a single variable with many compartments to store values, while a typical variable has only one storage compartment in which it can store only one value. Refer to the array as a whole when you want to refer to all the.",0,Unknown,2026-06-18T23:21:17.891976
PHASE 1B: EXTENSION FORUMS,Microsoft Q&A,jbyteArray to C array,Explore ranges of data using indices and ranges - C#,https://learn.microsoft.com/en-us/dotnet/csharp/tutorials/ranges-indexes,"Indices and ranges Summarize this article for me Ranges and indices provide a succinct syntax for accessing single elements or ranges in a sequence. In this tutorial, you'll learn how to: Use the syntax for ranges in a sequence. Implicitly define a Range. Want to try using Ask Learn to clarify or guide you through ... Suggest a fix. This advanced.",0,Unknown,2026-06-18T23:21:17.891982
PHASE 1B: EXTENSION FORUMS,Microsoft Q&A,jbyteArray to C array,about_Arrays - PowerShell,https://learn.microsoft.com/en-us/powershell/module/microsoft.powershell.core/about/about_arrays,"about_Arrays Summarize this article for me In this article Short description Describes arrays, which are data structures designed to store collections of items. Long description An array is a data structure that's designed to store a collection of items. Creating and initializing an array To create and initialize an array, assign multiple values.",0,Unknown,2026-06-18T23:21:17.892001
PHASE 1B: EXTENSION FORUMS,Microsoft Q&A,jbyteArray to C array,Store and Iterate Through Sequences of Data using Arrays and the foreach Statement in C# - Training,https://learn.microsoft.com/en-us/training/modules/csharp-arrays/,"Store and iterate through sequences of data using Arrays and the foreach statement in C# Beginner Developer Higher Education Educator K-12 Educator Student .NET Visual Studio Code Work with sequences of related data in data structures known as arrays. Then, learn to iterate through each item in the sequence. Learning objectives In this module, you.",0,Unknown,2026-06-18T23:21:17.892010
PHASE 1B: EXTENSION FORUMS,Microsoft Q&A,jbyteArray to C array,Array.Copy Method (System),https://learn.microsoft.com/en-us/dotnet/api/system.array.copy,"Array.Copy Method Definition Namespace: System Assemblies:netstandard.dll, System.Runtime.dll Assembly:System.Runtime.dll Assembly:mscorlib.dll Assembly:netstandard.dll Assemblies:mscorlib.dll, System.Runtime.dll Copies a range of elements in one Array to another Array and performs type casting and boxing as required. Copy(Array, Int64, Array,.",0,Unknown,2026-06-18T23:21:17.892016
PHASE 1B: EXTENSION FORUMS,Microsoft Q&A,jbyteArray to C array,Arrays (C++),https://learn.microsoft.com/en-us/cpp/cpp/arrays-cpp,"Arrays (C++) An array is a sequence of objects of the same type that occupy a contiguous area of memory. Traditional C-style arrays are the source of many bugs, but are still common, especially in older code bases. In modern C++, we strongly recommend using std::vector or std::array instead of C-style arrays described in this section. However,.",0,Unknown,2026-06-18T23:21:17.892022
PHASE 1B: EXTENSION FORUMS,Microsoft Q&A,jbyteArray to C array,Arrays - Visual Basic,https://learn.microsoft.com/en-us/dotnet/visual-basic/programming-guide/language-features/arrays/,"Arrays in Visual Basic Summarize this article for me In this article An array is a set of values, which are termed elements, that are logically related to each other. By using an array, you can refer to these related values by the same name, and use a number that’s called an index or subscript to identify an individual element based on its.",0,Unknown,2026-06-18T23:21:17.892028
PHASE 1B: EXTENSION FORUMS,Microsoft Q&A,jbyteArray to C array,Declaring arrays (VBA),https://learn.microsoft.com/en-us/office/vba/language/concepts/getting-started/declaring-arrays,"Declaring arrays Summarize this article for me Arrays are declared the same way as other variables, by using the Dim, Static, Private, or Public statements. The difference between scalar variables (those that aren't arrays) and array variables is that you generally must specify the size of the array. An array whose size is specified is a.",0,Unknown,2026-06-18T23:21:17.892033
PHASE 1B: EXTENSION FORUMS,Microsoft Q&A,jbyteArray to C array,Array.IndexOf Method (System),https://learn.microsoft.com/en-us/dotnet/api/system.array.indexof,"See also LastIndexOf Applies to IndexOf(Array, Object, Int32) Source:Array.cs Source:Array.cs Source:Array.cs Source:Array.cs Source:Array.cs Searches for the specified object in a range of elements of a one-dimensional array, and returns the index of its first occurrence. See also LastIndexOf Performing Culture-Insensitive String Operations in.",0,Unknown,2026-06-18T23:21:17.892039
PHASE 1B: EXTENSION FORUMS,Microsoft Q&A,jbyteArray to C array,Arrays - C# language specification,https://learn.microsoft.com/en-us/dotnet/csharp/language-reference/language-specification/arrays,"17 Arrays Summarize this article for me In this article 17.1 General An array is a data structure that contains a number of variables that are accessed through computed indices. The variables contained in an array are each called an element of that array. All elements of that array have the same type, and this type is called the element type of.",0,Unknown,2026-06-18T23:21:17.892045
PHASE 1B: EXTENSION FORUMS,Microsoft Q&A,jbyteArray to C array,Resolve errors and warnings related to array and collection declarations and initializations - C# reference,https://learn.microsoft.com/en-us/dotnet/csharp/language-reference/compiler-messages/array-declaration-errors,"Resolve errors and warnings in array and collection declarations and initialization expressions Summarize this article for me In this article This article covers the following compiler errors: CS0022: Wrong number of indices inside [], expected 'number' CS0178: Invalid rank specifier: expected ',' or ']' CS0248: Cannot create an array with a.",0,Unknown,2026-06-18T23:21:17.892050
PHASE 1B: EXTENSION FORUMS,Microsoft Q&A,jbyteArray to C array,Bicep functions - arrays - Azure Resource Manager,https://learn.microsoft.com/en-us/azure/azure-resource-manager/bicep/bicep-functions-array,"You can find the lambda functions for working with arrays here. array array(convertToArray) Converts the value to an array. Parameters Parameter Required Type Description convertToArray Yes int, string, array, or object The value to convert to an array. Example The following example shows how to use the array function with different types..",0,Unknown,2026-06-18T23:21:17.892056
PHASE 1B: EXTENSION FORUMS,Microsoft Q&A,jbyteArray to C array,How to convert a byte array to an int - C#,https://learn.microsoft.com/en-us/dotnet/csharp/programming-guide/types/how-to-convert-a-byte-array-to-an-int,"How to convert a byte array to an int (C# Programming Guide) Summarize this article for me In this article This example shows you how to use the BitConverter class to convert an array of bytes to an int and back to an array of bytes. You may have to convert from bytes to a built-in data type after you read bytes off the network, for example. Learn.",0,Unknown,2026-06-18T23:21:17.892062
PHASE 1B: EXTENSION FORUMS,Microsoft Q&A,jbyteArray to C array,Array.CopyTo Method (System),https://learn.microsoft.com/en-us/dotnet/api/system.array.copyto,"Array.CopyTo Method Definition Namespace: System Assemblies:mscorlib.dll, System.Runtime.dll Assemblies:netstandard.dll, System.Runtime.dll Assembly:System.Runtime.dll Assembly:mscorlib.dll Assembly:netstandard.dll Copies all the elements of the current one-dimensional array to the specified one-dimensional array. CopyTo(Array, Int32).",0,Unknown,2026-06-18T23:21:17.892068
PHASE 1B: EXTENSION FORUMS,Microsoft Q&A,jbyteArray to C array,Get byte array from a variant variable - Microsoft Q&A,https://learn.microsoft.com/en-us/answers/questions/3804820/get-byte-array-from-a-variant-variable,"...RawData.parray = psarray; long lDimension = 0; for (long i = 0; i &lt;len; i++) { unsigned char dc = buf[i]; // std::cout &lt;&lt; b1[i]; hr=SafeArrayPutElement(vrRawData.parray, &amp;i, &amp;dc); } } int ____ = 1; vrRawData; hr = pADs-&gt;Put(CComBSTR(&quot;thumbnailPhoto&quot;), vrRawData); std::cout &lt;&lt; &quot;photo in....&quot; &lt;&lt;.",0,Unknown,2026-06-18T23:21:17.892074
PHASE 1B: EXTENSION FORUMS,Microsoft Q&A,jbyteArray to C array,Array.BinarySearch Method (System),https://learn.microsoft.com/en-us/dotnet/api/system.array.binarysearch,"See also IComparable Sort Performing Culture-Insensitive String Operations in Arrays Applies to BinarySearch(Array, Object, IComparer) Source:Array.cs Source:Array.cs Source:Array.cs Source:Array.cs Source:Array.cs Searches an entire one-dimensional sorted array for a value using the specified IComparer interface. Parameters array Array The sorted.",0,Unknown,2026-06-18T23:21:17.892081
PHASE 1B: EXTENSION FORUMS,Microsoft Q&A,jbyteArray to C array,Array.Reverse Method (System),https://learn.microsoft.com/en-us/dotnet/api/system.array.reverse,"Array.Reverse Method Definition Namespace: System Assemblies:mscorlib.dll, System.Runtime.dll Assemblies:netstandard.dll, System.Runtime.dll Assembly:System.Runtime.dll Assembly:mscorlib.dll Assembly:netstandard.dll Reverses the order of the elements in a one-dimensional Array or in a portion of the Array. Overloads Name Description ....",0,Unknown,2026-06-18T23:21:17.892087
PHASE 1B: EXTENSION FORUMS,Microsoft Q&A,jbyteArray to C array,Array function (Visual Basic for Applications),https://learn.microsoft.com/en-us/office/vba/language/reference/user-interface-help/array-function,"Array function Summarize this article for me Returns a Variant containing an array. Syntax Array(arglist) The required arglist argument is a comma-delimited list of values that are assigned to the elements of the array contained within the Variant. If no arguments are specified, an array of zero length is created. Yes No Need... Want to try using.",0,Unknown,2026-06-18T23:21:17.892093
PHASE 1B: EXTENSION FORUMS,Microsoft Q&A,jbyteArray to C array,Array methods - Business Central,https://learn.microsoft.com/en-us/dynamics365/business-central/dev-itpro/developer/methods/devenv-array-methods,"Array methods An array is a data structure that contains many variables, which are accessed through computed indices. An index is the location of the variable stored in an array. The variables contained in an array are also called the elements of the array. The array always stores e... Want to try using Ask Learn to clarify or guide you through.",0,Unknown,2026-06-18T23:21:17.892099
PHASE 1B: EXTENSION FORUMS,Microsoft Q&A,jbyteArray to C array,Array.Clone Method (System),https://learn.microsoft.com/en-us/dotnet/api/system.array.clone,"Array.Clone Method Definition Namespace: System Assemblies:mscorlib.dll, System.Runtime.dll Assemblies:netstandard.dll, System.Runtime.dll Assembly:System.Runtime.dll Assembly:mscorlib.dll Assembly:netstandard.dll Source:Array.cs Source:Array.cs Source:Array.cs Source:Array.cs Source:Array.cs Creates a shallow copy of the Array. Returns Object A.",0,Unknown,2026-06-18T23:21:17.892104
PHASE 1B: EXTENSION FORUMS,Microsoft Q&A,jbyteArray to C array,Multidimensional Arrays (C),https://learn.microsoft.com/en-us/cpp/c-language/multidimensional-arrays-c,"Multidimensional Arrays (C) A subscript expression can also have multiple subscripts, as follows: Subscript expressions associate from left to right. The leftmost subscript expression, expression1[ expression2 ], is evaluated first. Expression... A multidimensional array is an array whose elements are arrays. For example, the first element of a.",0,Unknown,2026-06-18T23:21:17.892110
PHASE 1B: EXTENSION FORUMS,Microsoft Q&A,jbyteArray to C array,array Class (C++ Standard Library),https://learn.microsoft.com/en-us/cpp/standard-library/array-class-stl,"array Class (C++ Standard Library) Describes an object that controls a sequence of length N of elements of type Ty. The sequence is stored as an array of Ty, contained in the array object. Members Type Definition Description const_iterator The type of a constant iterator for the controlled sequence. const_pointer The type of a cons... There's also.",0,Unknown,2026-06-18T23:21:17.892116
PHASE 1B: EXTENSION FORUMS,Microsoft Q&A,jbyteArray to C array,How to: Assign One Array to Another Array - Visual Basic,https://learn.microsoft.com/en-us/dotnet/visual-basic/programming-guide/language-features/arrays/how-to-assign-one-array-to-another-array,"How to: Assign One Array to Another Array (Visual Basic) Because arrays are objects, you can use them in assignment statements like other object types. An array variable holds a pointer to the data constituting ... See also Arrays Troubleshooting Arrays Enum Statement Array Conversions Feedback Was this page helpful. Yes No. Learn more about: How.",0,Unknown,2026-06-18T23:21:17.892121
PHASE 1B: EXTENSION FORUMS,Microsoft Q&A,jbyteArray to C array,How to: Obtain a Pointer to Byte Array,https://learn.microsoft.com/en-us/cpp/dotnet/how-to-obtain-a-pointer-to-byte-array,How to: Obtain a Pointer to Byte Array You can obtain a pointer to the array block in a Byte array by taking the address of the first element and assigning it to a pointer. Example See also Using C++ Interop (Implicit PInvoke) Feedback Was this page helpful. Yes No Need help with this topic. Want to try using Ask Learn to clarify or guide you.,0,Unknown,2026-06-18T23:21:17.892127
PHASE 1B: EXTENSION FORUMS,Microsoft Q&A,Silent String Corruption,Fix Windows Update corruptions and installation failures - Windows Server,https://learn.microsoft.com/en-us/troubleshoot/windows-server/installing-updates-features-roles/fix-windows-update-errors,Fix Windows Update corruptions and installation failures This article offers you advanced manual methods to fix problems that prevent Windows Update from installing successfully by using the Deployment Image Servicing and Management (DISM) tool. Note This article is intended for use by support agents and IT professionals. If you're home users and.,0,Unknown,2026-06-18T23:21:19.702501
PHASE 1B: EXTENSION FORUMS,Microsoft Q&A,Silent String Corruption,Prepare a Win32 App to Be Uploaded to Microsoft Intune - Microsoft Intune,https://learn.microsoft.com/en-us/intune/app-management/deployment/create-win32-package,"Prepare Win32 App Content for Upload Summarize this article for me In this article Before you can add a Win32 app to Microsoft Intune, you must prepare the app by using the Microsoft Win32 Content Prep Tool. Windows application size is capped at 30 GB per app. Apps must support silent installation: Win32 apps deployed through Intune must be able.",0,Unknown,2026-06-18T23:21:19.702529
PHASE 1B: EXTENSION FORUMS,Microsoft Q&A,Silent String Corruption,upgrade Command,https://learn.microsoft.com/en-us/windows/package-manager/winget/upgrade,"upgrade command (winget) Summarize this article for me In this article The upgrade command of WinGet tool upgrades the specified application. Optionally, you may use the list command to identify the application you want to upgrade. The upgrade command requires that you specify the exact string to upgrade. If there is any ambiguity, you will be.",0,Unknown,2026-06-18T23:21:19.702535
PHASE 1B: EXTENSION FORUMS,Microsoft Q&A,Silent String Corruption,install Command,https://learn.microsoft.com/en-us/windows/package-manager/winget/install,install command (winget) Summarize this article for me In this article The install command of WinGet installs the specified application. Use the search command to identify the application you want to install. Use the show command to view details about the application and the installer selected by WinGet for your system. The install command.,0,Unknown,2026-06-18T23:21:19.702540
PHASE 1B: EXTENSION FORUMS,Microsoft Q&A,Silent String Corruption,Custom date and time format strings - .NET,https://learn.microsoft.com/en-us/dotnet/standard/base-types/custom-date-and-time-format-strings,Custom date and time format strings Summarize this article for me A date and time format string defines the text representation of a DateTime or DateTimeOffset value that results from a formatting operation. It can also define the representation of a date and time value that is required in a parsing operation in order to successfully convert the.,0,Unknown,2026-06-18T23:21:19.702546
PHASE 1B: EXTENSION FORUMS,Microsoft Q&A,Silent String Corruption,STRING_SPLIT (Transact-SQL) - SQL Server,https://learn.microsoft.com/en-us/sql/t-sql/functions/string-split-transact-sql,STRING_SPLIT (Transact-SQL) Summarize this article for me In this article Applies to: SQL Server 2016 (13.x) and later versions Azure SQL Database Azure SQL Managed Instance Azure Synapse Analytics SQL analytics endpoint in Microsoft Fabric Warehouse in Microsoft Fabric SQL database in Microsoft Fabric STRING_SPLIT is a table-valued function that.,0,Unknown,2026-06-18T23:21:19.702551
PHASE 1B: EXTENSION FORUMS,Microsoft Q&A,Silent String Corruption,Bug Check 0xEF CRITICAL_PROCESS_DIED - Windows drivers,https://learn.microsoft.com/en-us/windows-hardware/drivers/debugger/bug-check-0xef--critical-process-died,Bug check 0xEF: CRITICAL_PROCESS_DIED Summarize this article for me In this article The CRITICAL_PROCESS_DIED bug check has a value of 0x000000EF. This check indicates that a critical system process terminated. A critical process forces the system to bug check if the system terminates. This check happens when the state of the process is corrupted.,0,Unknown,2026-06-18T23:21:19.702557
PHASE 1B: EXTENSION FORUMS,Microsoft Q&A,Silent String Corruption,Encrypt Windows devices with BitLocker using Intune - Microsoft Intune,https://learn.microsoft.com/en-us/intune/device-configuration/endpoint-security/encrypt-bitlocker-windows,"Encrypt Windows devices with BitLocker using Intune Summarize this article for me In this article Use Microsoft Intune to configure BitLocker encryption on devices that run Windows, and Personal Data Encryption (PDE) on devices that run Windows 11 Version 22H2 or later. This article covers both standard BitLocker encryption and silent BitLocker.",0,Unknown,2026-06-18T23:21:19.702562
PHASE 1B: EXTENSION FORUMS,Microsoft Q&A,Silent String Corruption,Install console - Configuration Manager,https://learn.microsoft.com/en-us/intune/configmgr/core/servers/deploy/install/install-consoles,Install the Configuration Manager console Summarize this article for me In this article Applies to: Configuration Manager (current branch) Administrators use the Configuration Manager console to manage the Configuration Manager environment. Each Configuration Manager console can connect to a central administration site (CAS) or to a primary site..,0,Unknown,2026-06-18T23:21:19.702568
PHASE 1B: EXTENSION FORUMS,Microsoft Q&A,Silent String Corruption,Bug Check 0x139 KERNEL_SECURITY_CHECK_FAILURE - Windows drivers,https://learn.microsoft.com/en-us/windows-hardware/drivers/debugger/bug-check-0x139--kernel-security-check-failure,"Bug Check 0x139: KERNEL_SECURITY_CHECK_FAILURE Summarize this article for me In this article The KERNEL_SECURITY_CHECK_FAILURE bug check has a value of 0x00000139, and indicates that the kernel detects the corruption of a critical data structure. Important This article is for programmers. If you're a customer who receives a blue screen error code.",0,Unknown,2026-06-18T23:21:19.702573
PHASE 1B: EXTENSION FORUMS,Microsoft Q&A,Silent String Corruption,Install the sensor v2.x - Microsoft Defender for Identity,https://learn.microsoft.com/en-us/defender-for-identity/deploy/install-sensor,"Download and install a Microsoft Defender for Identity sensor v2.x Summarize this article for me In this article Download and install the Defender for Identity sensor v2.x on domain controllers, or on AD FS, AD CS, and Microsoft Entra Connect servers that aren't domain controllers. Standalone sensor installation is also covered below. Tip For.",0,Unknown,2026-06-18T23:21:19.702578
PHASE 1B: EXTENSION FORUMS,Microsoft Q&A,Silent String Corruption,Error 0x800f0831 when installing an update - Windows Server,https://learn.microsoft.com/en-us/troubleshoot/windows-server/installing-updates-features-roles/error-0x800f0831-installing-update,"Error 0x800f0831 when you install an update This article fixes an issue in which you receive error 0x800f0831 whe... Original product version:   Configuration Manager (current branch), Windows Server Update Services Original KB number:   4477073 Symptom When you try to install a Windows update, especially a cumulative update, you receive the.",0,Unknown,2026-06-18T23:21:19.702583
PHASE 1B: EXTENSION FORUMS,Microsoft Q&A,Silent String Corruption,Common errors in MSAL JS - Microsoft Authentication Library for JavaScript,https://learn.microsoft.com/en-us/entra/msal/javascript/browser/errors,"Errors Summarize this article for me BrowserConfigurationAuthErrors stubbed_public_client_application_called Error Message: Stub instance of Public Client Application was called. If using msal-react, please ensure context is not used without a provider. The login and acquireToken APIs are async so you will need to ensure that the resulting.",0,Unknown,2026-06-18T23:21:19.702589
PHASE 1B: EXTENSION FORUMS,Microsoft Q&A,Silent String Corruption,Anti-Corruption Layer Pattern - Azure Architecture Center,https://learn.microsoft.com/en-us/azure/architecture/patterns/anti-corruption-layer,"Anti-Corruption Layer pattern Summarize this article for me In this article Implement a facade or adapter layer between different subsystems that don't share the same semantics. This layer translates requests that one subsystem makes to the other subsystem. Context and problem Most applications rely on other systems for some. For example, when you.",0,Unknown,2026-06-18T23:21:19.702594
PHASE 1B: EXTENSION FORUMS,Microsoft Q&A,Silent String Corruption,Deploy Microsoft Defender for Endpoint on iOS with Microsoft Intune - Microsoft Defender for Endpoint,https://learn.microsoft.com/en-us/defender-endpoint/ios-install,"Deploy Microsoft Defender for Endpoint on iOS with Microsoft Intune Summarize this article for me In this article This article describes deploying the Defender for Endpoint on iOS (using the Microsoft Defender app) with Microsoft Intune Company Portal enrolled devices. For more information about Microsoft Intune device enrollment, see Enroll iOS.",0,Unknown,2026-06-18T23:21:19.702599
PHASE 1B: EXTENSION FORUMS,Microsoft Q&A,Silent String Corruption,Enforcing BitLocker policies by using Intune: known issues - Windows Client,https://learn.microsoft.com/en-us/troubleshoot/windows-client/windows-security/enforcing-bitlocker-policies-by-using-intune-known-issues,Enforcing BitLocker policies by using Intune: known issues This article helps troubleshooting issues that may be experienced if using Microsoft Intune policy to manage silent BitLocker encryption on devices. Concentrate on the Management and Operations logs in the Applications and Services logs > Microsoft > Windows > BitLocker-API folder. The.,0,Unknown,2026-06-18T23:21:19.702604
PHASE 1B: EXTENSION FORUMS,Microsoft Q&A,Silent String Corruption,Bug Check 0x13A KERNEL_MODE_HEAP_CORRUPTION - Windows drivers,https://learn.microsoft.com/en-us/windows-hardware/drivers/debugger/bug-check-0x13a--kernel-mode-heap-corruption,Bug check 0x13A: KERNEL_MODE_HEAP_CORRUPTION Summarize this article for me In this article The KERNEL_MODE_HEAP_CORRUPTION bug check has a value of 0x0000013A. This bug check indicates that the kernel mode heap manager has detected corruption in a heap. Important This article is for programmers. If you're a customer who has received a blue screen.,0,Unknown,2026-06-18T23:21:19.702610
PHASE 1B: EXTENSION FORUMS,Microsoft Q&A,Silent String Corruption,GitUtils Class (Microsoft.TeamFoundation.SourceControl.WebApi),https://learn.microsoft.com/en-us/dotnet/api/microsoft.teamfoundation.sourcecontrol.webapi.gitutils,Table of contents Exit focus mode Language csharp vb fsharp Table of contents Add Edit Share via Facebook x.com LinkedIn Email Print GitUtils Class Definition Namespace: Microsoft.TeamFoundation.SourceControl.WebApi Assembly:Microsoft.TeamFoundation.SourceControl.WebApi.dll Inheritance Object GitUtils Fields SafeUnicodeLENoBOM Gets a.,0,Unknown,2026-06-18T23:21:19.702615
PHASE 1B: EXTENSION FORUMS,Microsoft Q&A,Silent String Corruption,GitUtils.SafeUnicodeLENoBOM Field (Microsoft.TeamFoundation.SourceControl.WebApi),https://learn.microsoft.com/en-us/dotnet/api/microsoft.teamfoundation.sourcecontrol.webapi.gitutils.safeunicodelenobom,"Use this instead of Unicode, which uses a fallback character instead of throwing, which leads to silent corruption. Gets a UnicodeEncoding (without BOM) that throws when decoding invalid byte sequences or encoding unsupported char sequences (Unicode can't encode strings w/ invalid surrogate pair seq... Use this instead of Unicode, which uses a.",0,Unknown,2026-06-18T23:21:19.702620
PHASE 1B: EXTENSION FORUMS,Microsoft Q&A,Silent String Corruption,Guidance for Troubleshooting Data Corruption and Disk Errors - Windows Server,https://learn.microsoft.com/en-us/troubleshoot/windows-server/backup-and-storage/troubleshoot-data-corruption-and-disk-errors,"Data corruption and disk errors troubleshooting guidance Summarize this article for me Disk, file system, and storage issues in Windows Server environments can cause inaccessible drives, file or folder corruption, unexpected drive state changes, and application or backup failures. If they're not resolved promptly, these issues can compromise data.",0,Unknown,2026-06-18T23:21:19.702625
PHASE 1B: EXTENSION FORUMS,Microsoft Q&A,Silent String Corruption,Silently configure user accounts - SharePoint in Microsoft 365,https://learn.microsoft.com/en-us/sharepoint/use-silent-account-configuration,"Silently configure user accounts This article is for IT admins who would like to silently configure user accounts when deploying the new OneDrive sync app (OneDrive.exe) to managed Windows computers in their enterprise. This feature works for computers that are joined to Microsoft Entra ID. If you enable this feature, OneDrive.exe attempts to.",0,Unknown,2026-06-18T23:21:19.702631
PHASE 1B: EXTENSION FORUMS,Microsoft Q&A,Silent String Corruption,Breaking change: CRC32 validation added when reading ZIP archive entries - .NET,https://learn.microsoft.com/en-us/dotnet/core/compatibility/core-libraries/11/ziparchive-entry-crc32-validation,"CRC32 validation added when reading ZIP archive entries Summarize this article for me In this article Starting in .NET 11, the System.IO.Compression library validates CRC32 checksums when reading ZIP archive entries. Version introduced .NET 11 Preview 3 Previous behavior Previously, System.IO.Compression didn't validate CRC32 checksums when.",0,Unknown,2026-06-18T23:21:19.702636
PHASE 1B: EXTENSION FORUMS,Microsoft Q&A,Silent String Corruption,Teams Silent Testing - Microsoft Teams,https://learn.microsoft.com/en-us/microsoftteams/teams-silent-testing,Teams Silent Testing Summarize this article for me Some features described in this article require Teams Premium for meetings and are included with Teams Enterprise for events. Overview The Teams Silent Testing feature allows IT admins of Microsoft Teams to schedule and simulate tests between users of a subnet in their organization and Microsoft.,0,Unknown,2026-06-18T23:21:19.702641
PHASE 1B: EXTENSION FORUMS,Microsoft Q&A,Silent String Corruption,IX509CertificateRequestPkcs7.Silent Property (Microsoft.Hpc.Scheduler.Store),https://learn.microsoft.com/en-us/dotnet/api/microsoft.hpc.scheduler.store.ix509certificaterequestpkcs7.silent,Table of contents Exit focus mode Language csharp vb fsharp Table of contents Add Edit Share via Facebook x.com LinkedIn Email Print IX509CertificateRequestPkcs7.Silent Property Definition Namespace: Microsoft.Hpc.Scheduler.Store Assembly:Microsoft.Hpc.Scheduler.Store.dll Property Value Boolean Implements Silent Applies to Feedback Was this page.,0,Unknown,2026-06-18T23:21:19.702646
PHASE 1B: EXTENSION FORUMS,Microsoft Q&A,Silent String Corruption,CSignerCertificateClass.Silent Property (Microsoft.Hpc.Scheduler.Store),https://learn.microsoft.com/en-us/dotnet/api/microsoft.hpc.scheduler.store.csignercertificateclass.silent,Table of contents Exit focus mode Language csharp vb fsharp Table of contents Add Edit Share via Facebook x.com LinkedIn Email Print CSignerCertificateClass.Silent Property Definition Namespace: Microsoft.Hpc.Scheduler.Store Assembly:Microsoft.Hpc.Scheduler.Store.dll Property Value Boolean Implements Silent Applies to Feedback Was this page.,0,Unknown,2026-06-18T23:21:19.702652
PHASE 1B: EXTENSION FORUMS,Microsoft Q&A,Silent String Corruption,IX509CertificateRequestCmc2.Silent Property (Microsoft.Hpc.Scheduler.Store),https://learn.microsoft.com/en-us/dotnet/api/microsoft.hpc.scheduler.store.ix509certificaterequestcmc2.silent,Table of contents Exit focus mode Language csharp vb fsharp Table of contents Add Edit Share via Facebook x.com LinkedIn Email Print IX509CertificateRequestCmc2.Silent Property Definition Namespace: Microsoft.Hpc.Scheduler.Store Assembly:Microsoft.Hpc.Scheduler.Store.dll Property Value Boolean Implements Silent Applies to Feedback Was this page.,0,Unknown,2026-06-18T23:21:19.702657
PHASE 1B: EXTENSION FORUMS,Microsoft Q&A,Silent String Corruption,IX509CertificateRequestPkcs10.Silent Property (Microsoft.Hpc.Scheduler.Store),https://learn.microsoft.com/en-us/dotnet/api/microsoft.hpc.scheduler.store.ix509certificaterequestpkcs10.silent,Table of contents Exit focus mode Language csharp vb fsharp Table of contents Add Edit Share via Facebook x.com LinkedIn Email Print IX509CertificateRequestPkcs10.Silent Property Definition Namespace: Microsoft.Hpc.Scheduler.Store Assembly:Microsoft.Hpc.Scheduler.Store.dll Property Value Boolean Implements Silent Applies to Feedback Was this page.,0,Unknown,2026-06-18T23:21:19.702662
PHASE 1B: EXTENSION FORUMS,Microsoft Q&A,Silent String Corruption,IX509CertificateRequestPkcs10V2.Silent Property (Microsoft.Hpc.Scheduler.Store),https://learn.microsoft.com/en-us/dotnet/api/microsoft.hpc.scheduler.store.ix509certificaterequestpkcs10v2.silent,Table of contents Exit focus mode Language csharp vb fsharp Table of contents Add Edit Share via Facebook x.com LinkedIn Email Print IX509CertificateRequestPkcs10V2.Silent Property Definition Namespace: Microsoft.Hpc.Scheduler.Store Assembly:Microsoft.Hpc.Scheduler.Store.dll Property Value Boolean Implements Silent Applies to Feedback Was this.,0,Unknown,2026-06-18T23:21:19.702667
PHASE 1B: EXTENSION FORUMS,Microsoft Q&A,Silent String Corruption,CX509PrivateKeyClass.Silent Property (Microsoft.Hpc.Scheduler.Store),https://learn.microsoft.com/en-us/dotnet/api/microsoft.hpc.scheduler.store.cx509privatekeyclass.silent,Table of contents Exit focus mode Language csharp vb fsharp Table of contents Add Edit Share via Facebook x.com LinkedIn Email Print CX509PrivateKeyClass.Silent Property Definition Namespace: Microsoft.Hpc.Scheduler.Store Assembly:Microsoft.Hpc.Scheduler.Store.dll Property Value Boolean Implements Silent Applies to Feedback Was this page helpful..,0,Unknown,2026-06-18T23:21:19.702673
PHASE 1B: EXTENSION FORUMS,Microsoft Q&A,Silent String Corruption,IX509CertificateRequestCmc.Silent Property (Microsoft.Hpc.Scheduler.Store),https://learn.microsoft.com/en-us/dotnet/api/microsoft.hpc.scheduler.store.ix509certificaterequestcmc.silent,Table of contents Exit focus mode Language csharp vb fsharp Table of contents Add Edit Share via Facebook x.com LinkedIn Email Print IX509CertificateRequestCmc.Silent Property Definition Namespace: Microsoft.Hpc.Scheduler.Store Assembly:Microsoft.Hpc.Scheduler.Store.dll Property Value Boolean Implements Silent Applies to Feedback Was this page.,0,Unknown,2026-06-18T23:21:19.702678
PHASE 1B: EXTENSION FORUMS,Microsoft Q&A,Direct Memory Pinning,What Are Paginated Reports in Power Bi? - Power BI,https://learn.microsoft.com/en-us/power-bi/paginated-reports/paginated-reports-report-builder-power-bi,Considerations and limitations Here are some other features that aren't supported: Memory and performance limits Paginated reports have memory limits that vary by license type.  ... administrator or Microsoft supportUnsupported features Pinning report pages or visuals to Power BI dashboards. You can still pin visualizations to a Power BI dashboard.,0,Unknown,2026-06-18T23:21:21.777975
PHASE 1B: EXTENSION FORUMS,Microsoft Q&A,Direct Memory Pinning,BitLocker FAQ,https://learn.microsoft.com/en-us/windows/security/operating-system-security/data-protection/bitlocker/faq,"Any number of internal, fixed data drives can be protected with BitLocker. On some versions ATA and SATA-based, direct-attached storage devices are also supported. Key Management How can I authenticate or unlock my removable data drive. System administrators can configure which options are available for users including password complexity and.",0,Unknown,2026-06-18T23:21:21.778015
PHASE 1B: EXTENSION FORUMS,Microsoft Q&A,Direct Memory Pinning,PowerToys Always On Top Utility for Windows,https://learn.microsoft.com/en-us/windows/powertoys/always-on-top,"Always On Top utility Summarize this article for me In this article PowerToys Always On Top is a system-wide Windows utility that allows you to pin windows above other windows. This utility helps you keep important windows visible at all times, improving your productivity by ensuring critical information stays accessible while you work with other.",0,Unknown,2026-06-18T23:21:21.778022
PHASE 1B: EXTENSION FORUMS,Microsoft Q&A,Direct Memory Pinning,PowerToys Command Palette Utility for Windows,https://learn.microsoft.com/en-us/windows/powertoys/command-palette/overview,"PowerToys Command Palette utility Summarize this article for me In this article PowerToys Command Palette puts everything you need just a keystroke away. Launch apps, run commands, search files, browse the web, manage system services, and more, all from a single, blazing-fast interface. Pinning to Home is independent of pinning to the Dock: use.",0,Unknown,2026-06-18T23:21:21.778028
PHASE 1B: EXTENSION FORUMS,Microsoft Q&A,Direct Memory Pinning,Azure Certificate Authority details,https://learn.microsoft.com/en-us/azure/security/fundamentals/azure-certificate-authority-details,"Azure Certificate Authority details Summarize this article for me In this article This article outlines the specific root and subordinate Certificate Authorities (CAs) that are employed by Azure's service endpoints. It is important to note that this list is distinct from the trust anchors provided on Azure VMs and hosted services, which leverage.",0,Unknown,2026-06-18T23:21:21.778034
PHASE 1B: EXTENSION FORUMS,Microsoft Q&A,Direct Memory Pinning,Agent Registry in Microsoft 365 admin center - Microsoft 365 admin,https://learn.microsoft.com/en-us/microsoft-365/admin/manage/agent-registry,"Channel values include Copilot, Teams, Outlook, Microsoft 365 apps, and SharePoint. Platform - The platform filter indicates which platform or product was used to create the agent. Data source - The data source filter allows you to select Embedded knowledge and Fine-tuned models as data source options. Embedded knowledge refers to agents that.",0,Unknown,2026-06-18T23:21:21.778040
PHASE 1B: EXTENSION FORUMS,Microsoft Q&A,Direct Memory Pinning,PassportForWork CSP,https://learn.microsoft.com/en-us/windows/client-management/mdm/passportforwork-csp,"Important Starting with Windows 10, version 1607 all devices only have one PIN associated with Windows Hello for Business.  ...ormat node Access Type Get Device/Biometrics/EnableESSwithSupportedPeripherals Scope Editions Applicable OS ✅ Device  ❌ User ✅ Pro  ✅ Enterprise  ✅ Education  ✅ IoT Enterprise / IoT Enterprise LTSC ✅ Windows 11, version.",0,Unknown,2026-06-18T23:21:21.778046
PHASE 1B: EXTENSION FORUMS,Microsoft Q&A,Direct Memory Pinning,PowerToys Peek Utility - Preview Files Without Opening Apps,https://learn.microsoft.com/en-us/windows/powertoys/peek,"Peek utility Summarize this article for me In this article PowerToys Peek utility is a system-wide tool for Windows that lets you preview file content without opening multiple applications or interrupting your workflow. This utility offers a seamless and quick file preview experience for various file types, including images, Office documents,.",0,Unknown,2026-06-18T23:21:21.778051
PHASE 1B: EXTENSION FORUMS,Microsoft Q&A,Direct Memory Pinning,Step 4: Memory & Persistence,https://learn.microsoft.com/en-us/agent-framework/get-started/memory,"Step 4: Memory & Persistence Summarize this article for me Add context to your agent so it can remember user preferences, past interactions, or external knowledge. By default, agents will store chat history in an InMemoryChatHistoryProvider or in the underlying AI service, depending on what the underlying service requires. The following agent uses.",0,Unknown,2026-06-18T23:21:21.778057
PHASE 1B: EXTENSION FORUMS,Microsoft Q&A,Direct Memory Pinning,BitLocker countermeasures,https://learn.microsoft.com/en-us/windows/security/operating-system-security/data-protection/bitlocker/countermeasures,"By default, BitLocker provides integrity protection for Secure Boot by utilizing the TPM PCR[7] ... An unauthorized EFI firmware, EFI boot application, or bootloader can't run and acquire the BitLocker key BitLocker and reset attacks To defend against malicious reset attacks, BitLocker uses the TCG Reset Attack Mitigation, also known as MOR bit.",0,Unknown,2026-06-18T23:21:21.778063
PHASE 1B: EXTENSION FORUMS,Microsoft Q&A,Direct Memory Pinning,Enable memory integrity,https://learn.microsoft.com/en-us/windows/security/hardware-security/enable-virtualization-based-protection-of-code-integrity,"Such issues may occur after memory i... If compatibility issues occur, see Troubleshooting for remediation steps. Memory integrity is a Virtualization-based security (VBS) feature available in Windows. Memory integrity and VBS improve the threat model of Windows and provide stronger protections against malware trying to exploit the Windows kernel..",0,Unknown,2026-06-18T23:21:21.778068
PHASE 1B: EXTENSION FORUMS,Microsoft Q&A,Direct Memory Pinning,Add the Power BI app to Microsoft Teams - Power BI,https://learn.microsoft.com/en-us/power-bi/collaborate-share/office-integration/service-microsoft-teams-app,"Add the Power BI app to Microsoft Teams Summarize this article for me In this article This article describes how you can install, pin, and interact with Power BI directly inside Microsoft Teams. The Power BI personal app brings the entire basic Power BI service experience to Microsoft Teams. With the Power BI app in Microsoft Teams, you can.",0,Unknown,2026-06-18T23:21:21.778074
PHASE 1B: EXTENSION FORUMS,Microsoft Q&A,Direct Memory Pinning,What is Memory? - Microsoft Foundry,https://learn.microsoft.com/en-us/azure/foundry/agents/concepts/what-is-memory,"Memory in Microsoft Foundry Agent Service (preview) Summarize this article for me In this article Important Memory (preview) in Foundry Agent Service and the Memory Store API (preview) are licensed to you as part of your Azure subscription and are subject to terms applicable to ""Previews"" in the Microsoft Product Terms, the Microsoft Products and.",0,Unknown,2026-06-18T23:21:21.778080
PHASE 1B: EXTENSION FORUMS,Microsoft Q&A,Direct Memory Pinning,Upgrade to a new .NET version - .NET,https://learn.microsoft.com/en-us/dotnet/core/install/upgrade,"Upgrade to a new .NET version Summarize this article for me In this article New .NET versions are released each year. Many developers start the upgrade process as soon as the new version is available, while others wait until the version they are using is no longer supported. The upgrade process has multiple aspects to consider. Common reasons to.",0,Unknown,2026-06-18T23:21:21.778086
PHASE 1B: EXTENSION FORUMS,Microsoft Q&A,Direct Memory Pinning,WinGet,https://learn.microsoft.com/en-us/windows/package-manager/,"WinGet WinGet (Windows Package Manager) is a comprehensive package manager solution that includes: WinGet: The command line tool and client interface for the Windows Package Manager. You can view the packages available using the command winget search, find more winget commands: Use the WinGet tool to install and manage applications. Submit.",0,Unknown,2026-06-18T23:21:21.778091
PHASE 1B: EXTENSION FORUMS,Microsoft Q&A,Direct Memory Pinning,Configure the Windows Taskbar Pinned Apps with Policy Settings,https://learn.microsoft.com/en-us/windows/configuration/taskbar/pinned-apps,"Before you begin Here are some considerations before you start configuring the taskbar pinned applications: There's no limit to the number of apps that you can pin In the XML file, add apps using the Application User Model ID (AUMID), the Desktop Application ID, or the Desktop Application Link Path Some classic Windows applications are packaged.",0,Unknown,2026-06-18T23:21:21.778097
PHASE 1B: EXTENSION FORUMS,Microsoft Q&A,Direct Memory Pinning,Create and Use Memory - Microsoft Foundry,https://learn.microsoft.com/en-us/azure/foundry/agents/how-to/memory-usage,"Create and use memory in Foundry Agent Service (preview) Summarize this article for me In this article Important Memory (preview) in Foundry Agent Service and the Memory Store API (preview) are licensed to you as part of your Azure subscription and are subject to terms applicable to ""Previews"" in the Microsoft Product Terms, the Microsoft Products.",0,Unknown,2026-06-18T23:21:21.778102
PHASE 1B: EXTENSION FORUMS,Microsoft Q&A,Direct Memory Pinning,Storage Spaces Direct overview,https://learn.microsoft.com/en-us/windows-server/storage/storage-spaces/storage-spaces-direct-overview,"Storage Spaces Direct overview Storage Spaces Direct is a feature of Azure Local and Windows Server that enables you to cluster servers with internal storage into a software-defined storage solution. This article provides an overview of Storage Spaces Direct, how it works, when to use it, and its key benefits. Storage Spaces Direct is a.",0,Unknown,2026-06-18T23:21:21.778108
PHASE 1B: EXTENSION FORUMS,Microsoft Q&A,Direct Memory Pinning,Cache in-memory in ASP.NET Core,https://learn.microsoft.com/en-us/aspnet/core/performance/caching/memory,The simplest cache is based on the IMemoryCache ... IMemoryCache represents a cache stored in the memory of the web server. Apps running on a server farm (multiple servers) should ensure sessions are sticky when using the in-memory cache. The developer is responsible for limiting the cache size. Create an instance of IMemoryCache In-memory caching.,0,Unknown,2026-06-18T23:21:21.778114
PHASE 1B: EXTENSION FORUMS,Microsoft Q&A,Direct Memory Pinning,Server Memory Configuration Options - SQL Server,https://learn.microsoft.com/en-us/sql/database-engine/configure-windows/server-memory-server-configuration-options,"Server memory configuration options Summarize this article for me In this article Applies to: SQL Server Memory utilization for the SQL Server Database Engine is bounded by a pair of configuration settings, min server memory (MB) and max server memory (MB). Over time and under normal circumstances, SQL Server will attempt claim memory up to the.",0,Unknown,2026-06-18T23:21:21.778120
PHASE 1B: EXTENSION FORUMS,Microsoft Q&A,Direct Memory Pinning,Manage agents and app setup policies in Microsoft Teams - Microsoft Teams,https://learn.microsoft.com/en-us/microsoftteams/teams-app-setup-policies,"Use setup policies to manage, install and pin agents and apps for users Summarize this article for me In this article As an admin, you use setup policies to manage, install and pin agents and apps and control which users can upload custom agents and apps in personal or team contexts. Pinning helps promote adoption of agents and apps for users and.",0,Unknown,2026-06-18T23:21:21.778126
PHASE 1B: EXTENSION FORUMS,Microsoft Q&A,Direct Memory Pinning,Storage Spaces Direct Hardware Requirements in Windows Server,https://learn.microsoft.com/en-us/windows-server/storage/storage-spaces/storage-spaces-direct-hardware-requirements,"Storage Spaces Direct hardware requirements in Windows Server Storage Spaces Direct in Windows Server enables you to build highly available and scalable storage solutions using industry-standard servers with local storage. This article outlines the supported hardware configurations, recommended practices, and key considerations for both physical.",0,Unknown,2026-06-18T23:21:21.778131
PHASE 1B: EXTENSION FORUMS,Microsoft Q&A,Direct Memory Pinning,Pin Microsoft 365 Copilot Chat in the Microsoft 365 apps,https://learn.microsoft.com/en-us/microsoft-365/copilot/pin-copilot-chat-navbar,"Pin Microsoft 365 Copilot Chat in the Microsoft 365 apps Summarize this article for me You can pin Microsoft 365 Copilot Chat in Microsoft 365 apps across web, desktop, and mobile platforms. For example, Microsoft Teams and Microsoft Outlook. This article explains how to configure pinning settings to improve user access to Copilot Chat as your.",0,Unknown,2026-06-18T23:21:21.778137
PHASE 1B: EXTENSION FORUMS,Microsoft Q&A,Direct Memory Pinning,Deploy Storage Spaces Direct on Windows Server,https://learn.microsoft.com/en-us/windows-server/storage/storage-spaces/deploy-storage-spaces-direct,"Deploy Storage Spaces Direct on Windows Server This article provides step-by-step instructions to deploy Storage Spaces Direct on Windows Server. To deploy Storage Spaces Direct as part of Azure Local, see About Azure Local. Tip Looking to acquire hyperconverged infrastructure. . To peruse a catalog of hardware/software solutions that work with.",0,Unknown,2026-06-18T23:21:21.778143
PHASE 1B: EXTENSION FORUMS,Microsoft Q&A,Direct Memory Pinning,Pin Microsoft 365 Copilot and its companion apps to the Windows taskbar,https://learn.microsoft.com/en-us/microsoft-365/copilot/pin-copilot-taskbar,"Pin Microsoft 365 Copilot and its companion apps to the Windows taskbar Summarize this article for me As an admin, you can pin the Microsoft 365 Copilot app to the Windows 11 taskbar on Intune-managed devices. This provides users with quick access to Copilot features such as Chat, Search, and Agents. You can choose to pin selected companion apps.",0,Unknown,2026-06-18T23:21:21.778149
PHASE 1B: EXTENSION FORUMS,Microsoft Q&A,Direct Memory Pinning,Develop Direct Lake semantic models - Microsoft Fabric,https://learn.microsoft.com/en-us/fabric/fundamentals/direct-lake-develop,"Develop Direct Lake semantic models Summarize this article for me In this article This article describes design topics relevant to developing Direct Lake semantic models. Create the model You can create a Direct Lake semantic model in Power BI Desktop or from many Fabric items in the browser. For example, from an open Lakehouse you can choose New.",0,Unknown,2026-06-18T23:21:21.778154
PHASE 1B: EXTENSION FORUMS,Microsoft Q&A,Direct Memory Pinning,Copying and Pinning - .NET Framework,https://learn.microsoft.com/en-us/dotnet/framework/interop/copying-and-pinning,"Copying and Pinning Summarize this article for me When marshalling data, the interop marshaller can copy or pin the data being marshalled. Copying the data places a copy of data from one memory location in another memory... The copying process is direct. As the following illustration shows, reference types passed by value are either copied or.",0,Unknown,2026-06-18T23:21:21.778160
PHASE 1B: EXTENSION FORUMS,Microsoft Q&A,Direct Memory Pinning,CcPinRead function (ntifs.h) - Windows drivers,https://learn.microsoft.com/en-us/windows-hardware/drivers/ddi/ntifs/nf-ntifs-ccpinread,CcPinRead function (ntifs.h) The CcPinRead routine pins the specified byte range of a cached file and reads the pinned data into a buffer in memory. Syntax Parameters [in] FileObject Pointer to a file object for the cached file in which a range of data is to be pinned. [in] FileOffset Pointer to a variable that specifies the s... The CcPinRead.,0,Unknown,2026-06-18T23:21:21.778166
PHASE 1B: EXTENSION FORUMS,Microsoft Q&A,Direct Memory Pinning,MemoryMarshal Class (System.Runtime.InteropServices),https://learn.microsoft.com/en-us/dotnet/api/system.runtime.interopservices.memorymarshal,"MemoryMarshal Class Definition Namespace: System.Runtime.InteropServices Assemblies:netstandard.dll, System.Runtime.dll Assemblies:netstandard.dll, System.Memory.dll Assemblies:netstandard.dll, System.Memory.dll, System.Runtime.dll Assembly:System.Memory.dll Assembly:netstandard.dll Source:MemoryMarshal.cs Source:MemoryMarshal.cs.",0,Unknown,2026-06-18T23:21:21.778171
PHASE 1B: EXTENSION FORUMS,Microsoft Q&A,Direct Memory Pinning,IPinnable.Pin(Int32) Method (System.Buffers),https://learn.microsoft.com/en-us/dotnet/api/system.buffers.ipinnable.pin,"IPinnable.Pin(Int32) Method Definition Namespace: System.Buffers Assemblies:netstandard.dll, System.Runtime.dll Assembly:System.Runtime.dll Assembly:netstandard.dll Source:IPinnable.cs Source:IPinnable.cs Source:MemoryExtensions.Trim.cs Pins a block of memory. Parameters elementIndex Int32 The offset to the element within the memory buffer to.",0,Unknown,2026-06-18T23:21:21.778177
PHASE 1B: EXTENSION FORUMS,Microsoft Q&A,struct mapping JNI,Tutorial - Customize Microsoft Entra attribute mappings in Application Provisioning - Microsoft Entra ID,https://learn.microsoft.com/en-us/entra/identity/app-provisioning/customize-application-attributes,"Tutorial - Customize user provisioning attribute-mappings for SaaS applications in Microsoft Entra ID Summarize this article for me In this article Microsoft Entra ID provides support for user provisioning to non-Microsoft SaaS applications such as Salesforce, G Suite and others. If you enable user provisioning for a non-Microsoft SaaS.",0,Unknown,2026-06-18T23:21:23.691293
PHASE 1B: EXTENSION FORUMS,Microsoft Q&A,struct mapping JNI,Records - C# reference,https://learn.microsoft.com/en-us/dotnet/csharp/language-reference/builtin-types/record,The record class and record syntax define reference types. The record struct syntax defines a value type. The C# language reference documents the most recently released version of the C# language. The documentation identifies any feature first introduced in the last three versions of the language or in current public previews. The compiler doesn't.,0,Unknown,2026-06-18T23:21:23.691322
PHASE 1B: EXTENSION FORUMS,Microsoft Q&A,struct mapping JNI,Bing Maps Documentation - Bing Maps,https://learn.microsoft.com/en-us/bingmaps/,"Bing Maps Documentation Discover Getting Started with Bing Maps Setup up your Bing Maps account and key. Bing Maps V8 Web Control Learn how to add maps to your web app using JavaScript or TypeScript. Bing Maps REST Services Access geocoding, routing, isochrone, static imagery services and more. Bing Maps Spatial Data Services Batch geocode data,.",0,Unknown,2026-06-18T23:21:23.691328
PHASE 1B: EXTENSION FORUMS,Microsoft Q&A,struct mapping JNI,Bulk import or export test cases - Azure Test Plans,https://learn.microsoft.com/en-us/azure/devops/test/bulk-import-export-test-cases,"Bulk import or export test cases Summarize this article for me In this article Azure DevOps Services | Azure DevOps Server | Azure DevOps Server 2022 Import and export test cases in bulk by using CSV or Microsoft Excel (XLSX) files. You can create new test cases, update existing test cases by ID, or download test cases for external editing. Azure.",0,Unknown,2026-06-18T23:21:23.691333
PHASE 1B: EXTENSION FORUMS,Microsoft Q&A,struct mapping JNI,Configure Workday for automatic user provisioning with Microsoft Entra ID - Microsoft Entra ID,https://learn.microsoft.com/en-us/entra/identity/saas-apps/workday-inbound-tutorial,Oct 2020 - Enabled provision on demand for Workday: Using on-demand provisioning you can now test end-to-end provisioning for a specific user profile in Workday to verify your attribute mapping and expression logic. Planning your deployment Configuring Workday to Active Directory user provisioning requires considerable planning covering different.,0,Unknown,2026-06-18T23:21:23.691346
PHASE 1B: EXTENSION FORUMS,Microsoft Q&A,struct mapping JNI,Introduction to AI-powered information extraction concepts - Training,https://learn.microsoft.com/en-us/training/modules/introduction-information-extraction/,"Introduction to AI-powered information extraction concepts Beginner AI Engineer Data Scientist Developer Solution Architect Student Microsoft Foundry AI information extraction enables you to extract data values from documents, images, and other unstructured data sources. Introduction min Overview of information extraction min Optical character.",0,Unknown,2026-06-18T23:21:23.691351
PHASE 1B: EXTENSION FORUMS,Microsoft Q&A,struct mapping JNI,Transport Layer Security (TLS) registry settings,https://learn.microsoft.com/en-us/windows-server/security/tls/tls-registry-settings,The Schannel provider uses four certificate mapping methods: Kerberos service-for-user (S4U) mapping (enabled by default) User principal name mapping One-to-one mapping (also known as subject/issuer mapping) Many-to-one mapping Registry path: HKLM SYSTEM\CurrentControlSet\Control\SecurityProviders\SCHANNEL Entry name DWORD Enabled by default.,0,Unknown,2026-06-18T23:21:23.691356
PHASE 1B: EXTENSION FORUMS,Microsoft Q&A,struct mapping JNI,Structure types - C# reference,https://learn.microsoft.com/en-us/dotnet/csharp/language-reference/builtin-types/struct,Structure types (C# reference) Summarize this article for me In this article A structure type (or struct type) is a value type that can encapsulate data and related functionality. The C# language reference documents the most recently released version of the C# language. It also contains initial documentation for features in public previews for the.,0,Unknown,2026-06-18T23:21:23.691361
PHASE 1B: EXTENSION FORUMS,Microsoft Q&A,struct mapping JNI,Package Source Mapping,https://learn.microsoft.com/en-us/nuget/consume-packages/package-source-mapping,"Package Source Mapping Package Source Mapping is a tool that can be used to improve your supply chain security, especially if you use a mix of public and private package sources. By default, NuGet will search all configured package sources when it needs to download a package. When a package exists on multiple sources, it may not be deterministic.",0,Unknown,2026-06-18T23:21:23.691367
PHASE 1B: EXTENSION FORUMS,Microsoft Q&A,struct mapping JNI,Tenant-to-tenant migrations - Power Platform,https://learn.microsoft.com/en-us/power-platform/admin/move-environment-tenant,"Tenant-to-tenant migrations Summarize this article for me In this article The tenant-to-tenant migration feature allows you to transfer an environment from one tenant to another. This feature supports scenarios such as merging multiple tenants into one and facilitating company acquisitions. The environment doesn't actually move, but rather is.",0,Unknown,2026-06-18T23:21:23.691372
PHASE 1B: EXTENSION FORUMS,Microsoft Q&A,struct mapping JNI,Create an ArcGIS Map in Power BI - Power BI,https://learn.microsoft.com/en-us/power-bi/visuals/power-bi-visualizations-arcgis,"Create ArcGIS maps in Power BI Summarize this article for me In this article APPLIES TO: Power BI Desktop Power BI service ArcGIS for Power BI is a mapping visualization that helps you enrich your data, reports, and dashboards. It offers mapping capabilities, demographic data, location analytics, and spatial analysis tools. Use these tools to show.",0,Unknown,2026-06-18T23:21:23.691377
PHASE 1B: EXTENSION FORUMS,Microsoft Q&A,struct mapping JNI,Mapping data flows - Azure Data Factory,https://learn.microsoft.com/en-us/azure/data-factory/concepts-data-flow-overview,"Mapping data flows in Azure Data Factory Summarize this article for me In this article APPLIES TO: Azure Data Factory Azure Synapse Analytics Tip Data Factory in Microsoft Fabric is the next generation of Azure Data Factory, with a simpler architecture, built-in AI, and new features. If you're new to data integration, start with Fabric Data.",0,Unknown,2026-06-18T23:21:23.691382
PHASE 1B: EXTENSION FORUMS,Microsoft Q&A,struct mapping JNI,C# structs - C#,https://learn.microsoft.com/en-us/dotnet/csharp/fundamentals/types/structs,"C# structs Summarize this article for me Tip New to developing software. Start with the Get started tutorials first. You'll encounter structs once you need lightweight value types in your code. Experienced in another language. C# structs are value types similar to structs in C++ or Swift, but they live on the managed heap when boxed and support.",0,Unknown,2026-06-18T23:21:23.691388
PHASE 1B: EXTENSION FORUMS,Microsoft Q&A,struct mapping JNI,IStruct Interface (Java.Sql),https://learn.microsoft.com/en-us/dotnet/api/java.sql.istruct,Table of contents Exit focus mode Language csharp fsharp Table of contents Add Share via Facebook x.com LinkedIn Email Print IStruct Interface Definition Namespace: Java.Sql Assembly:Mono.Android.dll The standard mapping in the Java programming language for an SQL structured type. Attributes RegisterAttribute Implements IJavaObject IJavaPeerable.,0,Unknown,2026-06-18T23:21:23.691393
PHASE 1B: EXTENSION FORUMS,Microsoft Q&A,struct mapping JNI,Tips and Tricks for maps (including Bing Maps integration) - Power BI,https://learn.microsoft.com/en-us/power-bi/visuals/power-bi-map-tips-and-tricks,"In a future release, Power BI plans to deprecat... You can convert maps and filled maps to Azure Maps visuals now. This excludes sovereign clouds. Power BI integrates with Bing Maps to provide default map coordinates (a process called geo-coding) so you can create maps. Together they use algorithms to identify the correct location, but sometimes.",0,Unknown,2026-06-18T23:21:23.691398
PHASE 1B: EXTENSION FORUMS,Microsoft Q&A,struct mapping JNI,Get started with Azure Maps Power BI visual - Microsoft Azure Maps,https://learn.microsoft.com/en-us/azure/azure-maps/power-bi-visual-get-started,Get started with Azure Maps Power BI visual Summarize this article for me This article shows how to use the Microsoft Azure Maps Power BI visual. APPLIES TO:  Power BI service for consumers  Power BI service for designers & developers  Power BI Desktop  Requires Pro or Premium license Note This visual can be created and viewed in both Power BI.,0,Unknown,2026-06-18T23:21:23.691403
PHASE 1B: EXTENSION FORUMS,Microsoft Q&A,struct mapping JNI,Learn about Microsoft Purview Data Map,https://learn.microsoft.com/en-us/purview/data-map,"Learn about Microsoft Purview Data Map The Microsoft Purview Data Map provides the foundation for data discovery and data governance. It captures metadata about data present in analytics, software-as-a-service (SaaS), and operational systems in hybrid, on-premises, and multicloud environments. The data map stays up to date with its built-in.",0,Unknown,2026-06-18T23:21:23.691408
PHASE 1B: EXTENSION FORUMS,Microsoft Q&A,struct mapping JNI,"TypeManager.RegisterType(String, Type) Method (Android.Runtime)",https://learn.microsoft.com/en-us/dotnet/api/android.runtime.typemanager.registertype,"TypeManager.RegisterType(String, Type) Method Definition Namespace: Android.Runtime Assembly:Mono.Android.dll Registers a type mapping between an Android JNI type and the managed proxy type to use. Parameters java_class String A String containing the Android JNI name of the Android type to map to t. t Type A Type containing the managed type that.",0,Unknown,2026-06-18T23:21:23.691414
PHASE 1B: EXTENSION FORUMS,Microsoft Q&A,struct mapping JNI,Import data from Excel and export data to CSV - Power Apps,https://learn.microsoft.com/en-us/power-apps/maker/data-platform/data-platform-import-export,"Import data from Excel and export data to CSV To get (import) data into Microsoft Dataverse tables, use an Excel worksheet file or a comma-separated values (CSV) file. When you export Dataverse table data, it's exported as a CSV file. Import from an Excel or CSV file There are two ways to import data from Excel. Option 1: Import by creating and.",0,Unknown,2026-06-18T23:21:23.691419
PHASE 1B: EXTENSION FORUMS,Microsoft Q&A,struct mapping JNI,Attribute mapping in Microsoft Entra Cloud Sync - Microsoft Entra ID,https://learn.microsoft.com/en-us/entra/identity/hybrid/cloud-sync/how-to-attribute-mapping,Attribute mapping - Active Directory to Microsoft Entra ID You can use the cloud sync attribute mapping feature to map attributes between your on-premises user or group objects and the objects in Microsoft Entra ID. The following document guides you through attribute scoping with Microsoft Entra Cloud Sync for provisioning from Active Directory to.,0,Unknown,2026-06-18T23:21:23.691424
PHASE 1B: EXTENSION FORUMS,Microsoft Q&A,struct mapping JNI,Advanced table mapping - EF Core,https://learn.microsoft.com/en-us/ef/core/modeling/table-splitting,"Advanced table mapping Summarize this article for me In this article EF Core offers a lot of flexibility when it comes to mapping entity types to tables in a database. This becomes even more useful when you need to use a database that wasn't created by EF. The below techniques are described in terms of tables, but the same result can be achieved.",0,Unknown,2026-06-18T23:21:23.691429
PHASE 1B: EXTENSION FORUMS,Microsoft Q&A,struct mapping JNI,[MS-UNMP]: Header File Content,https://learn.microsoft.com/en-us/openspecs/windows_protocols/ms-unmp/82ccf138-9f7d-40b1-9f13-975f4e5d7e12,7.1 Header File Content struct mapping { sequence_number Token; uint MappingRecordCount; uint TotalMappingRecordCount; mapping_record *MapArray; }; typedef struct mapping mapping; struct maps { sequence_number Token; uint MappingRecordCount; uint TotalMappingRecordCount; MapSvrMBCSMapString *MapArray; }; typedef struct maps maps; struct mappingW {.,0,Unknown,2026-06-18T23:21:23.691435
PHASE 1B: EXTENSION FORUMS,Microsoft Q&A,struct mapping JNI,Overview of Map Visualizations in Power BI - Power BI,https://learn.microsoft.com/en-us/power-bi/visuals/power-bi-map-visualizations-overview,"Map visualizations in Power BI Summarize this article for me In this article APPLIES TO: Power BI Desktop Power BI service Map visualizations help you display geographic and spatial data in Power BI reports. They enable you to visualize patterns, trends, and relationships across locat... Power BI provides multiple map visualization options to suit.",0,Unknown,2026-06-18T23:21:23.691440
PHASE 1B: EXTENSION FORUMS,Microsoft Q&A,struct mapping JNI,Fluent API - Configuring and Mapping Properties and Types - EF6,https://learn.microsoft.com/en-us/ef/ef6/modeling/code-first/fluent/types-and-properties,"Fluent API - Configuring and Mapping Properties and Types Summarize this article for me When working with Entity Framework Code First the default behavior is to map your POCO classes to tables using a set of conventions baked into EF. Sometimes, however, you cannot or do not want to follow those conventions and need to map entities to something.",0,Unknown,2026-06-18T23:21:23.691445
PHASE 1B: EXTENSION FORUMS,Microsoft Q&A,struct mapping JNI,Synchronize attributes to Microsoft Entra ID for mapping - Microsoft Entra ID,https://learn.microsoft.com/en-us/entra/identity/app-provisioning/user-provisioning-sync-attributes-for-mapping,"Syncing extension attributes for Microsoft Entra Application Provisioning Microsoft Entra ID must contain all the data (attributes) required to create a user profile when provisioning user accounts from Microsoft Entra ID to a SaaS app or on-premises application. When customizing attribute mappings for user provisioning, you might find that the.",0,Unknown,2026-06-18T23:21:23.691450
PHASE 1B: EXTENSION FORUMS,Microsoft Q&A,struct mapping JNI,[MS-UNMP]: mapping,https://learn.microsoft.com/en-us/openspecs/windows_protocols/ms-unmp/985b1e07-4762-4be3-849a-9fb2dc6f1a8c,"2.2.3.1 mapping This type is used to define a set of account maps when returned as output... For more details, see section 2.2.5.5. struct mapping { sequence_number Token; long MappingRecordCount; long TotalMappingRecordCount; mapping_record MapArray[MappingRecordCount]; }; Token: A sequence_number (section 2.2.2.21) that represents the current.",0,Unknown,2026-06-18T23:21:23.691455
PHASE 1B: EXTENSION FORUMS,Microsoft Q&A,struct mapping JNI,DTS_EXTENSION_MAPPING_INFO Struct (Microsoft.SqlServer.Dts.Runtime.Wrapper.Sql2016),https://learn.microsoft.com/en-us/dotnet/api/microsoft.sqlserver.dts.runtime.wrapper.sql2016.dts_extension_mapping_info,Table of contents Exit focus mode Language csharp vb cpp fsharp Table of contents Add Share via Facebook x.com LinkedIn Email Print DTS_EXTENSION_MAPPING_INFO Struct Definition Namespace: Microsoft.SqlServer.Dts.Runtime.Wrapper.Sql2016 Assembly:Microsoft... Learn more about the.,0,Unknown,2026-06-18T23:21:23.691461
PHASE 1B: EXTENSION FORUMS,Microsoft Q&A,struct mapping JNI,DTS_EXTENSION_MAPPING_INFO Struct (Microsoft.SqlServer.Dts.Runtime.Wrapper.Sql2017),https://learn.microsoft.com/en-us/dotnet/api/microsoft.sqlserver.dts.runtime.wrapper.sql2017.dts_extension_mapping_info,Table of contents Exit focus mode Language csharp vb cpp fsharp Table of contents Add Share via Facebook x.com LinkedIn Email Print DTS_EXTENSION_MAPPING_INFO Struct Definition Namespace: Microsoft.SqlServer.Dts.Runtime.Wrapper.Sql2017 Assembly:Microsoft.SqlServer.DTSRuntimeWrap.dll Inheritance ValueType DTS_EXTENSION_MAPPING_INFO Attributes.,0,Unknown,2026-06-18T23:21:23.691466
PHASE 1B: EXTENSION FORUMS,Microsoft Q&A,struct mapping JNI,DTS_EXTENSION_MAPPING_INFO Struct (Microsoft.SqlServer.Dts.Runtime.Wrapper.Sql2014),https://learn.microsoft.com/en-us/dotnet/api/microsoft.sqlserver.dts.runtime.wrapper.sql2014.dts_extension_mapping_info,Table of contents Exit focus mode Language csharp vb cpp fsharp Table of contents Add Share via Facebook x.com LinkedIn Email Print DTS_EXTENSION_MAPPING_INFO Struct Definition Namespace: Microsoft.SqlServer.Dts.Runtime.Wrapper.Sql2014 Assembly:Microsoft... Learn more about the.,0,Unknown,2026-06-18T23:21:23.691471
PHASE 1B: EXTENSION FORUMS,Microsoft Q&A,struct mapping JNI,Mapping the tables and fields to synchronize - Business Central,https://learn.microsoft.com/en-us/dynamics365/business-central/admin-how-to-modify-table-mappings-for-synchronization,"Mapping the tables and fields to synchronize Summarize this article for me In this article The basis of synchronizing data is mapping the tables and fields in Business Central with tables and columns in Dataverse, so they can exchange the data. Mapping happens through integration tables. Mapping integration tables An integration table is a table.",0,Unknown,2026-06-18T23:21:23.691476
PHASE 1B: EXTENSION FORUMS,Microsoft Q&A,java.library.path,Azure developer documentation,https://learn.microsoft.com/en-us/azure/developer/,Azure developer documentat... NET Azure SDK for .NET API reference Developer center Python Azure SDK for Python API reference Developer center JavaScript Azure SDK for JavaScript API reference Developer center Java Azure SDK for Java API reference Developer center Go Azure SDK for Go API reference Developer center C++ Azure SDK for C++ API.,0,Unknown,2026-06-18T23:21:25.607786
PHASE 1B: EXTENSION FORUMS,Microsoft Q&A,java.library.path,Azure Key Vault documentation,https://learn.microsoft.com/en-us/azure/key-vault/,Secure your Managed HSM deployment Provision and activate a managed HSM See more Client libraries Client libraries for Azure Key Vault .NET Client library Python Client library Java Client library Spring Client library Node.js Client library Key Vault with Virtual Machines Key Vault VM extension - Windows Key Vault VM extension - Linux Key Vault.,0,Unknown,2026-06-18T23:21:25.607814
PHASE 1B: EXTENSION FORUMS,Microsoft Q&A,java.library.path,Azure Active Directory B2C documentation,https://learn.microsoft.com/en-us/azure/active-directory-b2c/,Azure Active Directory B2C documentation Azure Active Directory B2C (Azure AD B2C) is a customer identity access management (CIAM) solution that enables you to sign up and sign in your customers into your apps and APIs. We recommend MSAL for any app type that uses Azur... MSAL.NET MSAL iOS MSAL Java MSAL.js MSAL Python. Learn how to use Azure.,0,Unknown,2026-06-18T23:21:25.607821
PHASE 1B: EXTENSION FORUMS,Microsoft Q&A,java.library.path,Microsoft for Java Developers,https://learn.microsoft.com/en-us/java/,Microsoft for Java Developers Learn how to develop Java applications and services with Microsoft technologies. Download Download Microsoft Build of OpenJDK Get started Develop Java in Visual Studio Code Training Browse Java on Azure learning paths Get started Use the Azure SDK for Java Deploy Create and deploy a Java app on Azure Overview Use Java.,0,Unknown,2026-06-18T23:21:25.607826
PHASE 1B: EXTENSION FORUMS,Microsoft Q&A,java.library.path,Microsoft identity platform documentation - Microsoft identity platform,https://learn.microsoft.com/en-us/entra/identity-platform/,"Microsoft identity platform documentation Use the Microsoft identity platform and our open-source authentication libraries to sign in users with Microsoft Entra accounts, Microsoft personal accounts, and social accounts like Facebook and Google. Protect your web APIs and access protected APIs like Microsoft Graph to work with your users' and.",0,Unknown,2026-06-18T23:21:25.607831
PHASE 1B: EXTENSION FORUMS,Microsoft Q&A,java.library.path,Introduction to Azure Service Bus Messaging - Azure Service Bus,https://learn.microsoft.com/en-us/azure/service-bus-messaging/service-bus-messaging-overview,"Subscriptions are durable by de... Through the Java Message Service (JMS) API, Service Bus Premium also allows you to create volatile subscriptions that exist for the duration of the connection. You can define rules on a subscription. The AMQP protocol guide provides detailed information in case you want to build such an abstraction. Service Bus.",0,Unknown,2026-06-18T23:21:25.607837
PHASE 1B: EXTENSION FORUMS,Microsoft Q&A,java.library.path,Overview of the Microsoft Authentication Library (MSAL) - Microsoft identity platform,https://learn.microsoft.com/en-us/entra/identity-platform/msal-overview,"Overview of the Microsoft Authentication Library (MSAL) Summarize this article for me In this article The Microsoft Authentication Library (MSAL) enables developers to acquire security tokens from the Microsoft identity platform to authenticate users and access secured web APIs. It can be used to provide secure access to Microsoft Graph, other.",0,Unknown,2026-06-18T23:21:25.607842
PHASE 1B: EXTENSION FORUMS,Microsoft Q&A,java.library.path,Azure for Java Developer Documentation - Java on Azure,https://learn.microsoft.com/en-us/azure/developer/java/,Azure for Java developer documentation Get started developing apps for the cloud with these tutorials and tools for Java developers.  ...rvice documentation Azure Container Apps Launch your first Java app Get started using IntelliJ Overview See more Secure apps using the Microsoft identity platform Overview Secure Spring Boot apps Secure Tomcat.,0,Unknown,2026-06-18T23:21:25.607847
PHASE 1B: EXTENSION FORUMS,Microsoft Q&A,java.library.path,Microsoft Authentication Libraries (MSAL) documentation,https://learn.microsoft.com/en-us/entra/msal/,NET Microsoft Authentication Library for .NET Choosing a version of MSAL.NET Public client applications Confidential client applications Java Microsoft Authentication Library for Java Public client applications Confidential client applications JavaScript Microsoft Authentication Library for JavaScript MSAL Angular MSAL Browser MSAL Node MSAL React.,0,Unknown,2026-06-18T23:21:25.607852
PHASE 1B: EXTENSION FORUMS,Microsoft Q&A,java.library.path,Enable OpenTelemetry in Application Insights - Azure Monitor,https://learn.microsoft.com/en-us/azure/azure-monitor/app/opentelemetry-enable,"Enable Azure Monitor OpenTelemetry for .NET, Node.js, Python, and Java applications Summarize this article for me In this article This article describes how to enable and configure OpenTelemetry-based data collection within Azure Monitor Application Insights using the Azure Monitor OpenTelemetry Distro. OpenTelemetry is the open-source CNCF.",0,Unknown,2026-06-18T23:21:25.607858
PHASE 1B: EXTENSION FORUMS,Microsoft Q&A,java.library.path,.NET for Android,https://learn.microsoft.com/en-us/dotnet/android/,Get started Install .NET for Android .NET for Android Guides Build Android apps Build process Build targets Build properties Build items Fundamentals Layout code behind Bind Android Java libraries Overview Bind a Java library Bind a Java library from Maven Customize bindings Troubleshoot bindings References .NET API reference API reference.,0,Unknown,2026-06-18T23:21:25.607863
PHASE 1B: EXTENSION FORUMS,Microsoft Q&A,java.library.path,Microsoft 365 developer documentation - Microsoft 365 Developer,https://learn.microsoft.com/en-us/microsoft-365/developer/,Microsoft 365 developer documentation Build enterprise-grade agents and apps with the integrated Microsoft 365 platform and unlock AI-powered productivity. Tools and libraries Microsoft 365 Agents Toolkit Microsoft 365 Agents Toolkit CLI Microsoft 365 Agents SDK Microsoft 365 Copilot APIs Copilot Studio in Microsoft 365 Copilot Copilot Studio.,0,Unknown,2026-06-18T23:21:25.607868
PHASE 1B: EXTENSION FORUMS,Microsoft Q&A,java.library.path,Code samples for authentication and authorization - Microsoft identity platform,https://learn.microsoft.com/en-us/entra/identity-platform/sample-v2-code,Language /Platform Code sample(s) on GitHub Auth libraries Auth flow Quickstart Tutorial ASP.NET • Call Microsoft Graph MSAL.NET On-Behalf-Of (OBO) Quickstart ASP.NET Core • Access control (protected routes) with the Microsoft identity platform MSAL.NET On-Behalf-Of (OBO) Quickstart Tutorial Java • Protect your Java Spring Boot web API with the.,0,Unknown,2026-06-18T23:21:25.607873
PHASE 1B: EXTENSION FORUMS,Microsoft Q&A,java.library.path,Install the Microsoft Build of OpenJDK,https://learn.microsoft.com/en-us/java/openjdk/install,"Install the Microsoft Build of OpenJDK This article describes how to install the Microsoft Build of OpenJDK. To download certain files mentioned in this article, see Download the Microsoft Build of OpenJDK. ZIP and TAR.GZ packages For Windows, Linux, and macOS, we produce ZIP (Windows) and TAR.GZ (Linux/macOS) packages. To install, extract one of.",0,Unknown,2026-06-18T23:21:25.607879
PHASE 1B: EXTENSION FORUMS,Microsoft Q&A,java.library.path,Can't find project or library,https://learn.microsoft.com/en-us/office/vba/language/reference/user-interface-help/can-t-find-project-or-library,"Can't find project or library Summarize this article for me You can't run your code until all missing references are resolved. This error has the following causes and solutions: A referenced project could not be found, or a referenced object library corresponding to the language of the project could not be found. Select the missing reference to.",0,Unknown,2026-06-18T23:21:25.607884
PHASE 1B: EXTENSION FORUMS,Microsoft Q&A,java.library.path,Authentication and authorization basics - Microsoft Graph,https://learn.microsoft.com/en-us/graph/auth/auth-concepts,"Microsoft publishes open-source client libraries and server middleware. For the Microsoft identity platform endpoint: Microsoft Authentication Library (MSAL) client libraries are available for various frameworks including for .NET, JavaScript, Android, and iOS. All platforms are in production-supported preview, and, in the event breaking changes.",0,Unknown,2026-06-18T23:21:25.607889
PHASE 1B: EXTENSION FORUMS,Microsoft Q&A,java.library.path,"Azure Service Bus Queues, Topics, and Subscriptions - Azure Service Bus",https://learn.microsoft.com/en-us/azure/service-bus-messaging/service-bus-queues-topics-subscriptions,Next steps Try the samples in the language of your choice: Azure Service Bus client library samples for .NET (latest) Azure Service Bus client library samples for Java (latest) Azure Service Bus client library samples for Python Azure Service Bus client library samples for JavaScript Azure Service Bus client library samples for TypeScript For.,0,Unknown,2026-06-18T23:21:25.607894
PHASE 1B: EXTENSION FORUMS,Microsoft Q&A,java.library.path,Learn about retention for SharePoint and OneDrive,https://learn.microsoft.com/en-us/purview/retention-policies-sharepoint,"If a site is configured with the Set-SPOSite parameter LockState that's set to NoAccess or ReadOnly, items in that site can't be del... How retention works for SharePoint and OneDrive To store content that needs to be retained, SharePoint and OneDrive create a Preservation Hold library if one doesn't exist for the site. The Preservation Hold.",0,Unknown,2026-06-18T23:21:25.607900
PHASE 1B: EXTENSION FORUMS,Microsoft Q&A,java.library.path,Excel Online (Business) - Connectors,https://learn.microsoft.com/en-us/connectors/excelonlinebusiness/,This connector is available in the following products and regions: Service Class Regions Copilot Studio Standard All Power Automate regions except the following:       -   China Cloud operated by 21Vianet Logic Apps Standard All Logic Apps regions except the following:       -   Azure China regions Power Apps Standard All Power Apps regions except.,0,Unknown,2026-06-18T23:21:25.607905
PHASE 1B: EXTENSION FORUMS,Microsoft Q&A,java.library.path,Linker Tools Error LNK1104,https://learn.microsoft.com/en-us/cpp/error-messages/tool-errors/linker-tools-error-lnk1104,"Linker Tools Error LNK1104 cannot open file 'filename' Remarks This error is reported when the linker fails to open a file, either for reading or for writing. The two most common causes of the issue are: your program is already running or is loaded in the debugger, and your library paths are incorrect, or aren't wrapped in double-quotes. There are.",0,Unknown,2026-06-18T23:21:25.607910
PHASE 1B: EXTENSION FORUMS,Microsoft Q&A,java.library.path,Install and use packages with CMake,https://learn.microsoft.com/en-us/vcpkg/get_started/get-started,"Table of contents Exit focus mode Table of contents Add Edit Share via Facebook x.com LinkedIn Email Print Tutorial: Install and use packages with CMake This tutorial shows you how to create a C++ ""Hello World"" program that uses the fmt library with CMake and vcpkg. Prerequisites A terminal A C++ compiler CMake Git Note For Windows users, Visual.",0,Unknown,2026-06-18T23:21:25.607916
PHASE 1B: EXTENSION FORUMS,Microsoft Q&A,java.library.path,Automate your workflow with GitHub Actions Part 1 of 2 - Training,https://learn.microsoft.com/en-us/training/paths/github-actions/,"Automate your workflow with GitHub Actions Part 1 of 2 At a glance Level Beginner Interme... In this learning path, you'll: Plan automation of your software development life cycle with GitHub Actions workflows. Prerequisites A GitHub account Add Modules in this learning path Automate development tasks by using GitHub Actions Add Build continuous.",0,Unknown,2026-06-18T23:21:25.607921
PHASE 1B: EXTENSION FORUMS,Microsoft Q&A,java.library.path,Install .NET for Android dependencies - .NET for Android,https://learn.microsoft.com/en-us/dotnet/android/getting-started/installation/dependencies,"Install .NET for Android dependencies Summarize this article for me In order to build .NET for Android applications you need to install the Android SDK and the Java SDK. Note: You must use an absolute path; Unix developers should not use tilde (~), as it is not expanded when used within a command-line argument. -p:JavaSdkDirectory="""" installs Java.",0,Unknown,2026-06-18T23:21:25.607926
PHASE 1B: EXTENSION FORUMS,Microsoft Q&A,java.library.path,Choose a Microsoft Graph authentication provider - Microsoft Graph,https://learn.microsoft.com/en-us/graph/sdks/choose-authentication-providers,"Choose a Microsoft Graph authentication provider based on the scenario Authentication providers implement the code required to acquire a token using the Microsoft Authentication Library (MSAL), handle some potential errors for cases like incremental consent, expired passwords, and conditional access, and then set the HTTP request authorization.",0,Unknown,2026-06-18T23:21:25.607931
PHASE 1B: EXTENSION FORUMS,Microsoft Q&A,java.library.path,Tips for Java Developers - A tour of C#,https://learn.microsoft.com/en-us/dotnet/csharp/tour-of-csharp/tips-for-java-developers,"Roadmap for Java developers learning C# Summarize this article for me In this article If you're starting a new job or joining a team that uses C#, this article helps you get productive quickly. It highlights what's familiar from Java and what's new in C#. C# and Java have many similarities. As you learn C#, you can apply much of the knowledge you.",0,Unknown,2026-06-18T23:21:25.607937
PHASE 1B: EXTENSION FORUMS,Microsoft Q&A,java.library.path,Working with files in Microsoft Graph - Microsoft Graph v1.0,https://learn.microsoft.com/en-us/graph/api/resources/onedrive,"Working with files in Microsoft Graph Summarize this article for me In this article You can use Microsoft Graph to create an app that connects with files across OneDrive, OneDrive for Business, and SharePoint document libraries. With Microsoft Graph, you can build a variety of experiences with files stored in Microsoft 365, from simply storing.",0,Unknown,2026-06-18T23:21:25.607942
PHASE 1B: EXTENSION FORUMS,Microsoft Q&A,java.library.path,Microsoft C/C++ Documentation,https://learn.microsoft.com/en-us/cpp/,"Microsoft C++, C, and Assembler documentation Learn how to use C++, C, and assembly language to develop applications, services, and tools for your platforms and devices. Download Install Visual Studio and choose your C++ workloads Overview Welcome to C++ in Visual Studio Get started Get started with Visual Studio and C++ What's new What's new for.",0,Unknown,2026-06-18T23:21:25.607947
PHASE 1B: EXTENSION FORUMS,Microsoft Q&A,java.library.path,Build .NET applications with C# - Training,https://learn.microsoft.com/en-us/training/paths/build-dotnet-applications-csharp/,"Build .NET applications with C# At a glance Level Beginner Skill &nbsp; Product .NET Role Developer Subject Custom app development .NET is a free, cross-platform, open source developer platform for building many different types of applications. NET is a free, cross-platform, open source developer platform for building many different t... With.",0,Unknown,2026-06-18T23:21:25.607953
PHASE 1B: EXTENSION FORUMS,Microsoft Q&A,java.library.path,Microsoft identity platform authentication libraries - Microsoft identity platform,https://learn.microsoft.com/en-us/entra/identity-platform/reference-v2-libraries,Microsoft identity platform authentication libraries Summarize this article for me In this article The following tables show Microsoft Authentication Library support for several application types. Language / framework Project onGitHub Package Gettingstarted Sign in users Access web APIs Generally available (GA) orPublic preview1 Electron MSAL.,0,Unknown,2026-06-18T23:21:25.607958
PHASE 1B: EXTENSION FORUMS,Microsoft Q&A,java.library.path,Install libraries - Azure Databricks,https://learn.microsoft.com/en-us/azure/databricks/libraries/,"Install libraries Summarize this article for me To make third-party or custom code available to notebooks and jobs running on your compute resources, you can install a library. Libraries can be written in Python, Java, Scala, and R. You can upload Python, Java, and Scala libraries and point to external packages in PyPI, Maven, and CRAN.",0,Unknown,2026-06-18T23:21:25.607963
PHASE 1B: EXTENSION FORUMS,Microsoft Q&A,System.loadLibrary,LoadLibraryA function (libloaderapi.h) - Win32 apps,https://learn.microsoft.com/en-us/windows/win32/api/libloaderapi/nf-libloaderapi-loadlibrarya,"LoadLibraryA function (libloaderapi.h) Loads the specified  module into the address space of the calling process. The specified module may cause other modules to be loaded. For additional load options, use the LoadLibraryEx function. Syntax Parameters [in] lpLibFileName The name of the module. This can be either a library module (a .dll file) or.",0,Unknown,2026-06-18T23:21:27.687035
PHASE 1B: EXTENSION FORUMS,Microsoft Q&A,System.loadLibrary,GetProcAddress function (libloaderapi.h) - Win32 apps,https://learn.microsoft.com/en-us/windows/win32/api/libloaderapi/nf-libloaderapi-getprocaddress,"GetProcAddress function (libloaderapi.h) Retrieves the address of an exported function (also known as a procedure) or variable from the specified dynamic-link library (DLL). The LoadLibrary, LoadLibraryEx, LoadPackagedLibrary, or GetModuleHandle function returns this handle. Requirements Requirement Value Minimum supported client Windows XP.",0,Unknown,2026-06-18T23:21:27.687065
PHASE 1B: EXTENSION FORUMS,Microsoft Q&A,System.loadLibrary,DllMain entry point (Process.h) - Win32 apps,https://learn.microsoft.com/en-us/windows/win32/dlls/dllmain,"DllMain entry point An optional entry point into a dynamic-link library (DLL). When the system starts or terminates a process or thread, it calls the entry-point function for each loaded DLL using the first thread of the process. The system also calls the entry-point function for a DLL when it is loaded or unloaded using the LoadLibrary and.",0,Unknown,2026-06-18T23:21:27.687072
PHASE 1B: EXTENSION FORUMS,Microsoft Q&A,System.loadLibrary,Dynamic-link library redirection - Win32 apps,https://learn.microsoft.com/en-us/windows/win32/dlls/dynamic-link-library-redirection,"Dynamic-link library redirection The DLL loader is the part of the operating system (OS) that resolves references to DLLs, loads them, and links them. Dynamic-link library (DLL) redirection is one of the techniques by which you can influence the behavior of the DLL loader, and control which one of several candidate DLLs it actually loads. Loading.",0,Unknown,2026-06-18T23:21:27.687078
PHASE 1B: EXTENSION FORUMS,Microsoft Q&A,System.loadLibrary,Operating System Version - Win32 apps,https://learn.microsoft.com/en-us/windows/win32/sysinfo/operating-system-version,Operating System Version The Version API Helper functions are used to determine the version of the operating system that is currently running. Operating system Version number Windows 11 10.0* Windows 10 10.0* Windows Server 2022 10.0* Windows Server 2019 10.0* Windows Server 2016 10.0* Windows 8.1 6.3* Windows Server 2012 R2 6.3* Windows 8 6.2.,0,Unknown,2026-06-18T23:21:27.687083
PHASE 1B: EXTENSION FORUMS,Microsoft Q&A,System.loadLibrary,JavaSystem.LoadLibrary(String) Method (Java.Lang),https://learn.microsoft.com/en-us/dotnet/api/java.lang.javasystem.loadlibrary,"Table of contents Exit focus mode Language csharp fsharp Table of contents Add Share via Facebook x.com LinkedIn Email Print JavaSystem.LoadLibrary(String) Method Definition Namespace: Java.Lang Assembly:Mono.Android.dll Loads the native library specified by the libname argument. See the JNI Specification for more details.Otherwise, the libname.",0,Unknown,2026-06-18T23:21:27.687089
PHASE 1B: EXTENSION FORUMS,Microsoft Q&A,System.loadLibrary,LoadLibraryW function (libloaderapi.h) - Win32 apps,https://learn.microsoft.com/en-us/windows/win32/api/libloaderapi/nf-libloaderapi-loadlibraryw,"LoadLibraryW function (libloaderapi.h) Loads the specified  module into the address space of the calling process. The specified module may cause other modules to be loaded. For additional load options, use the LoadLibraryEx function. Syntax Parameters [in] lpLibFileName The name of the module. This can be either a library module (a .dll file) or.",0,Unknown,2026-06-18T23:21:27.687095
PHASE 1B: EXTENSION FORUMS,Microsoft Q&A,System.loadLibrary,Dynamic-Link Library Security - Win32 apps,https://learn.microsoft.com/en-us/windows/win32/dlls/dynamic-link-library-security,"Dynamic-Link Library Security When an application dynamically loads a dynamic-link library without specifying a fully qualified path name, Windows attempts to locate the DLL by searching a well-defined set of directories in a particular order, as described in Dynamic-Link Library Search Order. The application calls LoadLibrary with just the name.",0,Unknown,2026-06-18T23:21:27.687101
PHASE 1B: EXTENSION FORUMS,Microsoft Q&A,System.loadLibrary,LoadLibrary and AfxLoadLibrary,https://learn.microsoft.com/en-us/cpp/build/loadlibrary-and-afxloadlibrary,"LoadLibrary and AfxLoadLibrary Processes call LoadLibrary or LoadLibraryEx to explicitly link to a DLL. (MFC apps use AfxLoadLibrary or AfxLoadLibraryEx.). If the function succeeds, it maps the specified DLL into the address space of the calling process, and returns a handle to the DLL. The handle ... Want to try using Ask Learn to clarify or.",0,Unknown,2026-06-18T23:21:27.687107
PHASE 1B: EXTENSION FORUMS,Microsoft Q&A,System.loadLibrary,Using Hooks - Win32 apps,https://learn.microsoft.com/en-us/windows/win32/winmsg/using-hooks,"Using Hooks The following code examples demonstrate how to perform the following tasks associated with hooks: Installing and Releasing Hook Procedures Monitoring System Events Installing and Releasing Hook Procedures You can install a hook procedure by calling the SetWindowsHookEx function and specifying the type of hook calling the procedure,.",0,Unknown,2026-06-18T23:21:27.687112
PHASE 1B: EXTENSION FORUMS,Microsoft Q&A,System.loadLibrary,_LoadLibrary function - Win32 apps,https://learn.microsoft.com/en-us/windows/win32/devnotes/-loadlibrary,_LoadLibrary function [This function is a wrapper over the LoadLibrary function. This function may be altered or unavailable in the future. Applications should call LoadLibrary directly.]. Loads a library. See LoadLibrary. Syntax Parameters. Requirements Requirement Value DLL Msmdun80.dll;  Sqlunirl.dll See also LoadLibrary Feedback Was this page.,0,Unknown,2026-06-18T23:21:27.687118
PHASE 1B: EXTENSION FORUMS,Microsoft Q&A,System.loadLibrary,Using Resources - Win32 apps,https://learn.microsoft.com/en-us/windows/win32/menurc/using-resources,"Using Resources This section contains code snippets for the following tasks: Updating Resources Creating a Resource List Updating Resources The following example copies a dialog box resource from one executable file, Hand.exe, to another, Foot.exe, by following these steps: Use the LoadLibrary function to load the executable file Hand.exe. Use the.",0,Unknown,2026-06-18T23:21:27.687125
PHASE 1B: EXTENSION FORUMS,Microsoft Q&A,System.loadLibrary,SetDllDirectoryA function (winbase.h) - Win32 apps,https://learn.microsoft.com/en-us/windows/win32/api/winbase/nf-winbase-setdlldirectorya,"SetDllDirectoryA function (winbase.h) Adds a directory to the search path used to locate DLLs for the application. Remarks The SetDllDirectory function affects all subsequent calls to the LoadLibrary and LoadLibraryEx functions. Requirements Requirement Value Minimum supported client Windows Vista, Windows XP with SP1 [desktop apps only] Minimum.",0,Unknown,2026-06-18T23:21:27.687130
PHASE 1B: EXTENSION FORUMS,Microsoft Q&A,System.loadLibrary,FreeLibrary function (libloaderapi.h) - Win32 apps,https://learn.microsoft.com/en-us/windows/win32/api/libloaderapi/nf-libloaderapi-freelibrary,...oaderapi.h) Frees the loaded dynamic-link library (DLL) moduleRequirements Requirement Value Minimum supported client Windows XP [desktop apps | UWP apps] Minimum supported server Windows Server 2003 [desktop apps | UWP apps] Target Platform Windows Header libloaderapi.h (include Windows.h) Library Kernel32.lib DLL Kernel32.dll See also DllMain.,0,Unknown,2026-06-18T23:21:27.687136
PHASE 1B: EXTENSION FORUMS,Microsoft Q&A,System.loadLibrary,Searching for Assembly Files - Win32 apps,https://learn.microsoft.com/en-us/windows/win32/sbscs/searching-for-assembly-files,"This means that when you create manifests you need to list all files you plan to use with SearchPath, LoadLibrary, or static imports. If a DLL is loaded in this manner using LoadLibrary, that DLL's entry point (DllMain) is called while the original activation context is kept active, except if the DLL itself contains a manifest at a certain.",0,Unknown,2026-06-18T23:21:27.687142
PHASE 1B: EXTENSION FORUMS,Microsoft Q&A,System.loadLibrary,Looking Up Text for Error Code Numbers - Win32 apps,https://learn.microsoft.com/en-us/windows/win32/netmgmt/looking-up-text-for-error-code-numbers,"Looking Up Text for Error Code Numbers It is sometimes necessary to display error text associated with error codes returned from networking-related functions. The error text for these messages is found in the message table file named Netmsg.dll, which is found in %systemroot%\system32. The LoadLibrary and LoadLibraryEx functions can load.",0,Unknown,2026-06-18T23:21:27.687147
PHASE 1B: EXTENSION FORUMS,Microsoft Q&A,System.loadLibrary,Loading a Win32 PE Resource Module - Win32 apps,https://learn.microsoft.com/en-us/windows/win32/intl/loading-a-win32-pe-resource-module,"Loading a Win32 PE Resource Module This topic describes how the application loads a Win32 PE resource module on either Windows Vista and later or on an earlier operating system. Load the Resource Module on Windows Vista and Later On Windows Vista and later, the application loads the resource module using a call to LoadLibrary or LoadLibraryEx..",0,Unknown,2026-06-18T23:21:27.687153
PHASE 1B: EXTENSION FORUMS,Microsoft Q&A,System.loadLibrary,Decorated Symbol Names - Win32 apps,https://learn.microsoft.com/en-us/windows/win32/debug/decorated-symbol-names,"Decorated Symbol Names A decorated symbol name i... For __stdcall functions, names include the ""@"" character and a decimal number that specifies the number of bytes in its function parameters. For example, the decorated name of the LoadLibrary function is LoadLibrary@4. For C++ functions the name decoration is more complex and varies from compiler.",0,Unknown,2026-06-18T23:21:27.687159
PHASE 1B: EXTENSION FORUMS,Microsoft Q&A,System.loadLibrary,LoadLibrary function returns STATUS_DLL_NOT_FOUND error on impersonate thread in Windows - Windows Client,https://learn.microsoft.com/en-us/troubleshoot/windows-client/setup-upgrade-and-drivers/loadlibrary-function-returns-status-dll-not-found-error-impersonate-thread,"Applies to:   Windows Server 2019, Windows Server 2016, Windows 10 - all editions Original KB number:   4015510 Symptoms In Windows 10 and Windows Server version 1709 or later versions, if you do not grant dynamic-link library (DLL) access to the process token itself when you use the LoadLibrary function to load the DLL, you receive a.",0,Unknown,2026-06-18T23:21:27.687164
PHASE 1B: EXTENSION FORUMS,Microsoft Q&A,System.loadLibrary,Detect API set availability - Win32 apps,https://learn.microsoft.com/en-us/windows/win32/apiindex/detect-api-set-availability,"The traditional approach for testing whether a Win32 API is available is to use LoadLibrary or GetProcAddress. However, these are not a reliable means for testing API sets because of the reverse forwarding support in Windows 10, and later. When reverse forwarding is applied to a given API, LoadLibrary or GetProcAddress may resolve to a valid.",0,Unknown,2026-06-18T23:21:27.687170
PHASE 1B: EXTENSION FORUMS,Microsoft Q&A,System.loadLibrary,Runtime.LoadLibrary(String) Method (Java.Lang),https://learn.microsoft.com/en-us/dotnet/api/java.lang.runtime.loadlibrary,Table of contents Exit focus mode Language csharp fsharp Table of contents Add Share via Facebook x.com LinkedIn Email Print Runtime.LoadLibrary(String) Method Definition Namespace: Java.Lang Assembly:Mono.Android.dll Loads the native library specified by the libname argument. This may result in a security exception.The method.,0,Unknown,2026-06-18T23:21:27.687176
PHASE 1B: EXTENSION FORUMS,Microsoft Q&A,System.loadLibrary,Security Considerations Text Services Framework - Win32 apps,https://learn.microsoft.com/en-us/windows/win32/tsf/tsf-security-information,"Security Considerations: Text Services Framework Best Practices for Developing with TSF Digital Signatures: Text service providers should provide digital signatures with their binary executables. LoadLibrary Calls: To obtain a pointer to any of the TSF functions, you will need to use LoadLibrary and GetProcAddress. However, it is important to.",0,Unknown,2026-06-18T23:21:27.687181
PHASE 1B: EXTENSION FORUMS,Microsoft Q&A,System.loadLibrary,IsHungAppWindow function (winuser.h) - Win32 apps,https://learn.microsoft.com/en-us/windows/win32/api/winuser/nf-winuser-ishungappwindow,"If you do not have a header file and import library for this function, you can call the function using LoadLibrary and GetProcAddress. Requirements Requirement Value Minimum supported client Windows 2000 Professional [desktop apps only] Minimum supported server Windows 2000 Server [desktop apps only] Target Platform Windows Header winuser.h.",0,Unknown,2026-06-18T23:21:27.687187
PHASE 1B: EXTENSION FORUMS,Microsoft Q&A,System.loadLibrary,Run-Time linking to Wtsapi32.dll - Win32 apps,https://learn.microsoft.com/en-us/windows/win32/termserv/run-time-linking-to-wtsapi32-dll,"Run-Time linking to Wtsapi32.dll If your application runs in an environment that is not a Remote Desktop S... To do this, your application should call the LoadLibrary function to load Wtsapi32.dll. If LoadLibrary succeeds, your application can call the GetProcAddress function to retrieve pointers to the Remote Desktop Services functions that you.",0,Unknown,2026-06-18T23:21:27.687193
PHASE 1B: EXTENSION FORUMS,Microsoft Q&A,System.loadLibrary,TelIsOsInProcessorMode function - Win32 apps,https://learn.microsoft.com/en-us/windows/win32/devnotes/tellsisosinprocessormode,"TelIsOsInProcessorMode function Verifies whether the operating system is in processor mode or controller mode. Remarks This function has no associated import library or header file; you must call it using the LoadLibrary and GetProcAddress functions. The API is exported from DiagnosticDatasettings.dll. This API is supported on Enterprise,.",0,Unknown,2026-06-18T23:21:27.687198
PHASE 1B: EXTENSION FORUMS,Microsoft Q&A,System.loadLibrary,Calling Internal APIs - Win32 apps,https://learn.microsoft.com/en-us/windows/win32/devnotes/calling-internal-apis,"Calling Internal APIs The Winternl.h header file exposes prototypes of internal Windows APIs. The functions and structures in Winternl.h are internal to the operating system and subject to change from one ... Further information is available in the header file, Winternl.h, and the documentation for each function. If you do use these functions, you.",0,Unknown,2026-06-18T23:21:27.687204
PHASE 1B: EXTENSION FORUMS,Microsoft Q&A,System.loadLibrary,pSetupInstallCatalog function - Win32 apps,https://learn.microsoft.com/en-us/windows/win32/devnotes/psetupinstallcatalog,pSetupInstallCatalog function [This function is no longer supported by Microsoft. Developers should use CryptCATAdminAddCatalog.]. Return value If the function succeed... Remarks The file is copied by the system into a special directory and is optionally renamed. This function has no associated import library or header file; you must call it using.,0,Unknown,2026-06-18T23:21:27.687209
PHASE 1B: EXTENSION FORUMS,Microsoft Q&A,System.loadLibrary,IcfgNeedInetComponents function - Win32 apps,https://learn.microsoft.com/en-us/windows/win32/devnotes/icfgneedinetcomponents,"IcfgNeedInetComponents function Determines whether components marked in the options are installed on the system. If no errors occur, it returns the ... Remarks This function has no associated import library or header file; you must call it using the LoadLibrary and GetProcAddress functions. Requirements Requirement Value DLL Icfgnt5.dll Feedback.",0,Unknown,2026-06-18T23:21:27.687215
PHASE 1B: EXTENSION FORUMS,Microsoft Q&A,System.loadLibrary,RtlIsNameLegalDOS8Dot3 function (winternl.h) - Win32 apps,https://learn.microsoft.com/en-us/windows/win32/api/winternl/nf-winternl-rtlisnamelegaldos8dot3,RtlIsNameLegalDOS8Dot3 function (winternl.h) [RtlIsNameLegalDOS8Dot3 is available for use in Windows XP. Applications that target a minimum of Windows Server 2003 and Windows XP with Service Pack 1 (SP1) and later should use the CheckNameLegalDOS8Dot3 function.]. Determines whether or not a specified name can be used to create a file on the FAT.,0,Unknown,2026-06-18T23:21:27.687221
PHASE 1B: EXTENSION FORUMS,Microsoft Q&A,System.loadLibrary,TF_GetThreadMgr function (msctf.h) - Win32 apps,https://learn.microsoft.com/en-us/windows/win32/api/msctf/nf-msctf-tf_getthreadmgr,Note  Using LoadLibrary... Refer to the LoadLibrary documentation for information on how to correctly load DLLs with different versions of Windows. Requirements Requirement Value Minimum supported client Windows 2000 Professional [desktop apps only] Minimum supported server Windows 2000 Server [desktop apps only] Target Platform Windows Header.,0,Unknown,2026-06-18T23:21:27.687226
PHASE 1B: EXTENSION FORUMS,Microsoft Q&A,ABI mismatch JNI,Access Denied or You need permission errors in SharePoint Online and OneDrive - SharePoint,https://learn.microsoft.com/en-us/troubleshoot/sharepoint/administration/access-denied-or-need-permission-error-sharepoint-online-or-onedrive-for-business,"Access Denied or You need permission errors in SharePoint Online and OneDrive Symptoms When users try to access a SharePoint Online or OneDrive site, they receive one of the following error messages: Access Denied You can't access this item You don't have permission to access this item You don't ... The ID mismatch usually occurs if a user account.",0,Unknown,2026-06-18T23:21:29.529341
PHASE 1B: EXTENSION FORUMS,Microsoft Q&A,ABI mismatch JNI,Troubleshoot Access and XLS import issues in Power BI - Power BI,https://learn.microsoft.com/en-us/power-bi/connect-data/desktop-access-database-errors,"Troubleshoot Access and Excel XLS import issues in Power BI Desktop Summarize this article for me In this article In Power BI Desktop, imported Access databases and Excel 97-2003 XLS files both use the Access Database Engine. Three common situations can prevent the Access Database Engine from working properly: No Access Database Engine is.",0,Unknown,2026-06-18T23:21:29.529369
PHASE 1B: EXTENSION FORUMS,Microsoft Q&A,ABI mismatch JNI,vcpkg overview,https://learn.microsoft.com/en-us/vcpkg/get_started/overview,"Table of contents Exit focus mode Table of contents Add Edit Share via Facebook x.com LinkedIn Email Print vcpkg overview vcpkg is a free and open-source C/C++ package manager maintained by Microsoft and the C++ community that runs on Windows, macOS, and Linux.  ...with your own custom library packages Consistent, cross-platform experience for.",0,Unknown,2026-06-18T23:21:29.529375
PHASE 1B: EXTENSION FORUMS,Microsoft Q&A,ABI mismatch JNI,Install .NET for Android dependencies - .NET for Android,https://learn.microsoft.com/en-us/dotnet/android/getting-started/installation/dependencies,"Install .NET for Android dependencies Summarize this article for me In order to build .NET for Android applications you need to install the Android SDK and the Java SDK. Using ""InstallAndroidDependencies"" target The easiest way to install the required dependen... These reflect the ABI of the image being installed. This can be useful if you have.",0,Unknown,2026-06-18T23:21:29.529381
PHASE 1B: EXTENSION FORUMS,Microsoft Q&A,ABI mismatch JNI,Native interoperability - .NET,https://learn.microsoft.com/en-us/dotnet/standard/native-interop/,"Native interoperability The following articles show the various ways of doing ""native interoperability"" in .NET. There are a few reasons why you'd want to call into native code: Operating systems come with a large volume of APIs that aren't present in the managed class libraries. Communicating with other components that have or can produce C-style.",0,Unknown,2026-06-18T23:21:29.529386
PHASE 1B: EXTENSION FORUMS,Microsoft Q&A,ABI mismatch JNI,Troubleshoot binary caching issues,https://learn.microsoft.com/en-us/vcpkg/users/binarycaching-troubleshooting,If the locally computed ABI... Consult the ABI Hash mismatch troubleshooting guide to determine the root cause. Troubleshooting ABI hash mismatch Important Update your vcpkg tool to the latest release. Binary package ABI hash comparison The ABI hash of the library zlib is bb1c96759ac96102b4b18215db138daedd3eb16c2cd3302ae7bffab2b643eb87: If the.,0,Unknown,2026-06-18T23:21:29.529392
PHASE 1B: EXTENSION FORUMS,Microsoft Q&A,ABI mismatch JNI,IllegalFormatConversionException Constructor (Java.Util),https://learn.microsoft.com/en-us/dotnet/api/java.util.illegalformatconversionexception.-ctor,"Parameters c Char Inapplicable conversion arg Class Class of the mismatched argument Attributes RegisterAttribute Remarks Constructs an instance of this class with the mismatched conversion and the corresponding argument class.Java documentation for java.util.IllegalFormatConversionException.IllegalFormatConversionException(char,.",0,Unknown,2026-06-18T23:21:29.529398
PHASE 1B: EXTENSION FORUMS,Microsoft Q&A,ABI mismatch JNI,Android ABI mismatch.  ADB0020 - Microsoft Q&A,https://learn.microsoft.com/en-us/answers/questions/343265/android-abi-mismatch-adb0020,I am getting the following error message in VS Xamarin Forms Android project now when running Debug: &quot;ADB0020: Android ABI mismatch. You are deploying an app supporting 'armeabi-v71;arm64-v8a' ABIs to an incompatible device of ABI 'x86'. You should either create an emulator matching one of your app's ABI's or add 'x86' to the lift of ABI's.,0,Unknown,2026-06-18T23:21:29.529403
PHASE 1B: EXTENSION FORUMS,Microsoft Q&A,ABI mismatch JNI,Bug Check 0x1 APC_INDEX_MISMATCH - Windows drivers,https://learn.microsoft.com/en-us/windows-hardware/drivers/debugger/bug-check-0x1--apc-index-mismatch,Bug Check 0x1: APC_INDEX_MISMATCH Summarize this article for me In this article The APC_INDEX_MISMATCH bug check has a value of 0x00000001. The bug check indicates a mismatch in the asynchronous procedure calls (APC) state index. Important This article is for programmers. If you're a Microsoft customer and your computer displays a blue screen.,0,Unknown,2026-06-18T23:21:29.529409
PHASE 1B: EXTENSION FORUMS,Microsoft Q&A,ABI mismatch JNI,Interop between C++/WinRT and the ABI - UWP applications,https://learn.microsoft.com/en-us/windows/uwp/cpp-and-winrt-apis/interop-winrt-abi,"Interop between C++/WinRT and the ABI This topic shows how to convert between SDK application binary interface (ABI) and C++/WinRT objects. You can use these tech... This abstraction defines a binary interface (the Application Binary Interface, or ABI) that allows various programming languages to interact with an object. Note that.",0,Unknown,2026-06-18T23:21:29.529414
PHASE 1B: EXTENSION FORUMS,Microsoft Q&A,ABI mismatch JNI,Understanding Arm64EC ABI and assembly code,https://learn.microsoft.com/en-us/windows/arm/arm64ec-abi,"Understanding Arm64EC ABI and assembly code Arm64EC (""Emulation Compatible"") is a new application binary interface (ABI) for building apps for Windows 11 on Arm. For an overview of Arm64EC and how to start building Win32 apps as Arm64EC, see Using Arm64EC ... This article provides a detailed view of the Arm64EC ABI with enough information for an.",0,Unknown,2026-06-18T23:21:29.529419
PHASE 1B: EXTENSION FORUMS,Microsoft Q&A,ABI mismatch JNI,Bug Check 0x17E MICROCODE_REVISION_MISMATCH - Windows drivers,https://learn.microsoft.com/en-us/windows-hardware/drivers/debugger/bug-check-0x17e--microcode-revision-mismatch,Bug Check 0x17E: MICROCODE_REVISION_MISMATCH Summarize this article for me In this article The MICROCODE_REVISION_MISMATCH bug check has a value of 0x0000017E. It indicates that one or more processors in the multiprocessor configuration have inconsistent microcode loaded. Important This article is for programmers. If you're a customer who has.,0,Unknown,2026-06-18T23:21:29.529424
PHASE 1B: EXTENSION FORUMS,Microsoft Q&A,ABI mismatch JNI,.NET for Android error/warning XA4301 - .NET for Android,https://learn.microsoft.com/en-us/dotnet/android/messages/xa4301,".NET for Android error/warning XA4301 Summarize this article for me Issue This message indicates a problem adding an Android native library (*.so file) to your .NET for Android project's APK file during the build. Situations include: .NET for Android is unable to determine the Android ABI for the library. If coming from an assembly reference, .NET.",0,Unknown,2026-06-18T23:21:29.529430
PHASE 1B: EXTENSION FORUMS,Microsoft Q&A,ABI mismatch JNI,Build.CpuAbi2 Property (Android.OS),https://learn.microsoft.com/en-us/dotnet/api/android.os.build.cpuabi2,Build.CpuAbi2 Property Definition Namespace: Android.OS Assembly:Mono.Android.dll Caution deprecated The name of the second instruction set (CPU type + ABI convention) of native code. Use #SUPPORTED_ABIS instead.Java documentation for android.os.Build.CPU_ABI2.Portions of this page are modifications based on work created and shared by the Android.,0,Unknown,2026-06-18T23:21:29.529435
PHASE 1B: EXTENSION FORUMS,Microsoft Q&A,ABI mismatch JNI,Overview of ARM64EC ABI conventions,https://learn.microsoft.com/en-us/cpp/build/arm64ec-windows-abi-conventions,"Overview of ARM64EC ABI conventions ARM64EC is an application binary interface (ABI) that enables ARM64 binaries to run natively and interoperably with x64 code. Specifically, the ARM64EC ABI follows x64 software conventions including calling convention, stack usage, and data alignment, making ARM64EC and x64 code interoperable. The operating.",0,Unknown,2026-06-18T23:21:29.529441
PHASE 1B: EXTENSION FORUMS,Microsoft Q&A,ABI mismatch JNI,Error: alloc-dealloc-mismatch,https://learn.microsoft.com/en-us/cpp/sanitizers/error-alloc-dealloc-mismatch,"Error: alloc-dealloc-mismatch Address Sanitizer Error: Mismatch between allocation and deallocation APIs Remarks Enables runtime detection of mismatched memory operations that may lead to undefined behavior, such as: malloc must be paired with free, not delete or delete[]. new must be paired with delete, not free or delete[]. new[] must be paired.",0,Unknown,2026-06-18T23:21:29.529446
PHASE 1B: EXTENSION FORUMS,Microsoft Q&A,ABI mismatch JNI,BlueHat Security Briefing: Fall 2014 Defining and Enforcing Intent Semantics at ABI level - Sergey Bratus & Julian Bangert,https://learn.microsoft.com/en-us/shows/bluehat-security-briefings-fall-2014-sessions/bluehat-security-briefing-fall-2014-defining-enforcing-intent-semantics-abi-level-sergey-brat,"Episode BlueHat Security Briefing: Fall 2014 Defining and Enforcing Intent Semantics at ABI level - Sergey Bratus & Julian Bangert with Sergey Bratus, Julian Bangert BlueHat Security Briefings: Fall 2014 Sesions Defining and Enforcing Intent Semantics at ABI level Dominant OS security policy designs treat a process as an opaque entity that has a.",0,Unknown,2026-06-18T23:21:29.529451
PHASE 1B: EXTENSION FORUMS,Microsoft Q&A,ABI mismatch JNI,Build.CpuAbi Property (Android.OS),https://learn.microsoft.com/en-us/dotnet/api/android.os.build.cpuabi,Build.CpuAbi Property Definition Namespace: Android.OS Assembly:Mono.Android.dll Caution deprecated The name of the instruction set (CPU type + ABI convention) of native code. Use #SUPPORTED_ABIS instead.Java documentation for android.os.Build.CPU_ABI.Portions of this page are modifications based on work created and shared by the Android Open.,0,Unknown,2026-06-18T23:21:29.529456
PHASE 1B: EXTENSION FORUMS,Microsoft Q&A,ABI mismatch JNI,C_ABI_PARAMETER - Windows App SDK,https://learn.microsoft.com/en-us/windows/windows-app-sdk/api/win32/winrtdirect3d11/nf-winrtdirect3d11-c_abi_parameter-r10,"C_ABI_PARAMETER Syntax Parameters Windows_CGraphics_CDirectX_CDirect3D11_CIDirect3DSurface Return value None Requirements Requirement Value Minimum supported client Windows 10, version 1809 (with Windows App SDK 1.0 or later) Header winrtdirect3d11.h Feedback Was this page helpful. Yes No Need help with this topic. Want to try using Ask Learn to.",0,Unknown,2026-06-18T23:21:29.529462
PHASE 1B: EXTENSION FORUMS,Microsoft Q&A,ABI mismatch JNI,Native interoperability ABI support - .NET,https://learn.microsoft.com/en-us/dotnet/standard/native-interop/abi-support,"Native interoperability ABI support The Application Binary Interface (ABI) is the interface that runtimes and operating systems use to express low-level binary details. Those details can include calling conventions (that is, how parameters are passed and results returned), exception handling, and symbol mangling. The list that follows contains the.",0,Unknown,2026-06-18T23:21:29.529467
PHASE 1B: EXTENSION FORUMS,Microsoft Q&A,ABI mismatch JNI,Build.SupportedAbis Property (Android.OS),https://learn.microsoft.com/en-us/dotnet/api/android.os.build.supportedabis,Build.SupportedAbis Property Definition Namespace: Android.OS Assembly:Mono.Android.dll An ordered list of ABIs supported by this device. The most preferred ABI is the first element in the list.See #SUPPORTED_32_BIT_ABIS and #SUPPORTED_64_BIT_ABIS.Java documentation for android.os.Build.SUPPORTED_ABIS.Portions of this page are modifications based.,0,Unknown,2026-06-18T23:21:29.529472
PHASE 1B: EXTENSION FORUMS,Microsoft Q&A,ABI mismatch JNI,C_ABI_PARAMETER - Windows App SDK,https://learn.microsoft.com/en-us/windows/windows-app-sdk/api/win32/winrtdirect3d11/nf-winrtdirect3d11-c_abi_parameter-r8,"C_ABI_PARAMETER Syntax Parameters Windows_CGraphics_CDirectX_CDirect3D11_CIDirect3DDevice Return value None Requirements Requirement Value Minimum supported client Windows 10, version 1809 (with Windows App SDK 1.0 or later) Header winrtdirect3d11.h Feedback Was this page helpful. Yes No Need help with this topic. Want to try using Ask Learn to.",0,Unknown,2026-06-18T23:21:29.529478
PHASE 1B: EXTENSION FORUMS,Microsoft Q&A,ABI mismatch JNI,ABI_PARAMETER - Windows App SDK,https://learn.microsoft.com/en-us/windows/windows-app-sdk/api/win32/winrtdirect3d11/nf-winrtdirect3d11-abi_parameter,"ABI_PARAMETER macro (winrtdirect3d11.h) Syntax Parameters x Return value None Requirements Requirement Value Minimum supported client Windows 10, version 1809 (with Windows App SDK 1.0 or later) Header winrtdirect3d11.h Feedback Was this page helpful. Yes No Need help with this topic. Want to try using Ask Learn to clarify or guide you through.",0,Unknown,2026-06-18T23:21:29.529483
PHASE 1B: EXTENSION FORUMS,Microsoft Q&A,ABI mismatch JNI,.NET for Android error XA0115 - .NET for Android,https://learn.microsoft.com/en-us/dotnet/android/messages/xa0115,".NET for Android error XA0115 Summarize this article for me Example messages Issue Due to the removal of armeabi support in Android NDK r17, .NET for Android 9.1 is the last version that supports the armeabi architecture. Example .csproj file element for $(AndroidSupportedAbis) that will cause the error: Solution Projects that have this old ABI.",0,Unknown,2026-06-18T23:21:29.529488
PHASE 1B: EXTENSION FORUMS,Microsoft Q&A,ABI mismatch JNI,C_ABI_PARAMETER - Windows App SDK,https://learn.microsoft.com/en-us/windows/windows-app-sdk/api/win32/winrtdirect3d11/nf-winrtdirect3d11-c_abi_parameter,"C_ABI_PARAMETER macro (winrtdirect3d11.h) Syntax Parameters x Return value None Requirements Requirement Value Minimum supported client Windows 10, version 1809 (with Windows App SDK 1.0 or later) Header winrtdirect3d11.h Feedback Was this page helpful. Yes No Need help with this topic. Want to try using Ask Learn to clarify or guide you through.",0,Unknown,2026-06-18T23:21:29.529494
PHASE 1B: EXTENSION FORUMS,Microsoft Q&A,ABI mismatch JNI,Direct3D API for the Windows App SDK - Windows App SDK,https://learn.microsoft.com/en-us/windows/windows-app-sdk/api/win32/_direct3d/,Direct3D API This API is designed to be used by Windows App SDK desktop apps that require Direct3D.  ...ations Direct3DBindings Direct3DUsage Functions __x_Windows_CGraphics_CDirectX_CDirect3D11_CIDirect3DDevice_Trim __x_Windows_CGraphics_CDirectX_CDirect3D11_CIDirect3DSurface_get_Description ABI_CONCAT ABI_PARAMETER AddRef AddRef C_ABI_PARAMETER.,0,Unknown,2026-06-18T23:21:29.529499
PHASE 1B: EXTENSION FORUMS,Microsoft Q&A,ABI mismatch JNI,winrtdirect3d11 - Windows App SDK,https://learn.microsoft.com/en-us/windows/windows-app-sdk/api/win32/winrtdirect3d11/,...s used by Direct3D for the Windows App SDK. winrtdirect3d11.h contains the following programming interfaces: Interfaces IDirect3DDevice IDirect3DSurface Functions __x_Windows_CGraphics_CDirectX_CDirect3D11_CIDirect3DDevice_Trim __x_Windows_CGraphics_CDirectX_CDirect3D11_CIDirect3DSurface_get_Description ABI_CONCAT ABI_PARAMETER C_ABI_PARAMETER.,0,Unknown,2026-06-18T23:21:29.529504
PHASE 1B: EXTENSION FORUMS,Microsoft Q&A,ABI mismatch JNI,Build.Supported32BitAbis Property (Android.OS),https://learn.microsoft.com/en-us/dotnet/api/android.os.build.supported32bitabis,Build.Supported32BitAbis Property Definition Namespace: Android.OS Assembly:Mono.Android.dll An ordered list of 32 bit ABIs supported by this device... The most preferred ABI is the first element in the list.See #SUPPORTED_ABIS and #SUPPORTED_64_BIT_ABIS.Java documentation for android.os.Build.SUPPORTED_32_BIT_ABIS.Portions of this page are.,0,Unknown,2026-06-18T23:21:29.529510
PHASE 1B: EXTENSION FORUMS,Microsoft Q&A,ABI mismatch JNI,ABI_CONCAT - Windows App SDK,https://learn.microsoft.com/en-us/windows/windows-app-sdk/api/win32/winrtdirect3d11/nf-winrtdirect3d11-abi_concat,"ABI_CONCAT macro (winrtdirect3d11.h) Syntax Parameters x y Return value None Requirements Requirement Value Minimum supported client Windows 10, version 1809 (with Windows App SDK 1.0 or later) Header winrtdirect3d11.h Feedback Was this page helpful. Yes No Need help with this topic. Want to try using Ask Learn to clarify or guide you through this.",0,Unknown,2026-06-18T23:21:29.529515
PHASE 1B: EXTENSION FORUMS,Microsoft Q&A,ABI mismatch JNI,winrt::detach_abi function (C++/WinRT) - Windows UWP applications,https://learn.microsoft.com/en-us/uwp/cpp-ref-for-winrt/detach-abi,"winrt::detach_abi function (C++/WinRT) A helper function that detaches a C++/WinRT object from its referenced handle, or from its ... Requirements Minimum supported SDK: Windows SDK version 10.0.17134.0 (Windows 10, version 1803) Namespace: winrt Header: %WindowsSdkDir%Include\cppwinrt\winrt\base.h (included by default) See also winrt namespace.",0,Unknown,2026-06-18T23:21:29.529520
PHASE 1B: EXTENSION FORUMS,Microsoft Q&A,undefined reference JNI,Azure developer documentation,https://learn.microsoft.com/en-us/azure/developer/,"Azure developer documentation Develop applications on Azure using Python, JavaScript, Java, .NET, Go, C++, and Rust. Use development tools like Visual Studio, Visual Studio Code, and Azure SDKs. Learn through quickstarts, tutorials, and toolkits for building applications, AI integration, deployment, and resource management. What's new What's new.",0,Unknown,2026-06-18T23:21:31.307642
PHASE 1B: EXTENSION FORUMS,Microsoft Q&A,undefined reference JNI,Data Analysis Expressions (DAX) Reference - DAX,https://learn.microsoft.com/en-us/dax/,"Data Analysis Expressions (DAX) Reference Data Analysis Expressions (DAX) is a library of functions and operators that can be combined to build formulas and expressions in Power BI, Analysis Services, and Power Pivot in Excel data models. Functions Reference DAX functions DAX statements What's new New DAX functions Learn about DAX Overview DAX.",0,Unknown,2026-06-18T23:21:31.307671
PHASE 1B: EXTENSION FORUMS,Microsoft Q&A,undefined reference JNI,Power Query M function reference - PowerQuery M,https://learn.microsoft.com/en-us/powerquery-m/power-query-m-function-reference,"Power Query M function reference Summarize this article for me The Power Query M function reference includes articles for each of the over 700 functions. These reference articles are auto-generated from in-product help. To learn more about functions and how they work in an expression, go to Understanding Power Query M functions. Want to try using.",0,Unknown,2026-06-18T23:21:31.307677
PHASE 1B: EXTENSION FORUMS,Microsoft Q&A,undefined reference JNI,DAX function reference - DAX,https://learn.microsoft.com/en-us/dax/dax-function-reference,"DAX function reference Summarize this article for me The DAX function reference provides detailed information including syntax, parameters, return values, and examples for each of the over 250 functions used in Data Analysis Expression (DAX) formulas. Important Not all DAX functions are supported or included in earlier versions of Power BI.",0,Unknown,2026-06-18T23:21:31.307682
PHASE 1B: EXTENSION FORUMS,Microsoft Q&A,undefined reference JNI,Use Key Vault References as App Settings - Azure App Service,https://learn.microsoft.com/en-us/azure/app-service/app-service-key-vault-references,"Use Key Vault references as app settings in Azure App Service, Azure Functions, and Azure Logic Apps (Standard) Summarize this article for me In this article This article shows how to use secrets from Azure Key Vault as values in app settings or connection strings for apps created with Azure App Service, Azure Functions, or Azure Logic Apps.",0,Unknown,2026-06-18T23:21:31.307688
PHASE 1B: EXTENSION FORUMS,Microsoft Q&A,undefined reference JNI,User-defined type not defined (VBA),https://learn.microsoft.com/en-us/office/vba/language/how-to/user-defined-type-not-defined,"User-defined type not defined Summarize this article for me You can create your own data types in Visual Basic, but they must be defined first in a Type...End Type statement or in a properly registered object library or type library. This error has the following causes and solutions: You tried to declare a variable or argument with an undefined.",0,Unknown,2026-06-18T23:21:31.307693
PHASE 1B: EXTENSION FORUMS,Microsoft Q&A,undefined reference JNI,Use a connection reference in a solution with Microsoft Dataverse - Power Apps,https://learn.microsoft.com/en-us/power-apps/maker/data-platform/create-connection-reference,"Use a connection reference in a solution with Microsoft Dataverse A connector is a proxy or a wrapper around an API that allows the underlying service to talk to Microsoft Power Automate, Microsoft Power Apps, and Azure Logic Apps. It provides a way for users to connect their accounts and use a set of prebuilt actions and triggers to build their.",0,Unknown,2026-06-18T23:21:31.307698
PHASE 1B: EXTENSION FORUMS,Microsoft Q&A,undefined reference JNI,Excel Visual Basic for Applications (VBA) reference,https://learn.microsoft.com/en-us/office/vba/api/overview/excel,"Excel VBA reference This reference contains conceptual overviews, programming tasks, samples, and references to help you develop Excel solutions. Note Interested in developing solutions that extend the Office experience across multiple platforms. Check out the new Office Add-ins model. Want to try using Ask Learn to clarify or guide you through.",0,Unknown,2026-06-18T23:21:31.307704
PHASE 1B: EXTENSION FORUMS,Microsoft Q&A,undefined reference JNI,Configure AKV references - Microsoft Fabric,https://learn.microsoft.com/en-us/fabric/data-factory/azure-key-vault-reference-configure,"Configure Azure Key Vault references Summarize this article for me In this article Azure Key Vault (AKV) is Microsoft's cloud service for storing secrets, keys, and certificates centrally, so you don't have to hardcode them into your apps. By using Azure Key Vault references in Microsoft Fabric, you can just point to a secret in your vault instead.",0,Unknown,2026-06-18T23:21:31.307709
PHASE 1B: EXTENSION FORUMS,Microsoft Q&A,undefined reference JNI,Microsoft Cybersecurity Reference Architectures (MCRA),https://learn.microsoft.com/en-us/security/adoption/mcra,Microsoft Cybersecurity Reference Architectures Summarize this article for me In this article The Microsoft Cybersecurity Reference Architectures (MCRA) are technical architectures to enable you to adopt end-to-end security using Zero Trust principles. MCRA describes end-to-end security for the ‘hybrid of everything’ technology estate spanning.,0,Unknown,2026-06-18T23:21:31.307714
PHASE 1B: EXTENSION FORUMS,Microsoft Q&A,undefined reference JNI,JniEnvironment.References.CreatedReference(JniObjectReference) Method (Java.Interop),https://learn.microsoft.com/en-us/dotnet/api/java.interop.jnienvironment.references.createdreference,"These counts are incremented whenever a JNI reference is created, e.g. from Ne... When such untrackable JNI Local References are created, this may result in future assertions failing within Java.Interop.JniRuntime.JniObjectReferenceManager.DeleteLocalReference when the tracked JNI Local Reference count becomes negative.Use the.",0,Unknown,2026-06-18T23:21:31.307720
PHASE 1B: EXTENSION FORUMS,Microsoft Q&A,undefined reference JNI,Flow.ISubscription Interface (Java.Util.Concurrent),https://learn.microsoft.com/en-us/dotnet/api/java.util.concurrent.flow.isubscription,Table of contents Exit focus mode Language csharp fsharp Table of contents Add Share via Facebook x.com LinkedIn Ema... The methods in this interface are intended to be invoked only by their Subscribers; usages in other contexts have undefined effects.Java documentation for java.util.concurrent.Flow.Subscription.Portions of this page are.,0,Unknown,2026-06-18T23:21:31.307725
PHASE 1B: EXTENSION FORUMS,Microsoft Q&A,undefined reference JNI,PathMeasure Constructor (Android.Graphics),https://learn.microsoft.com/en-us/dotnet/api/android.graphics.pathmeasure.-ctor,"PathMeasure(IntPtr, JniHandleOwnership) A constructor used when creating managed representations of JNI objects; cal... Parameters javaReference IntPtr A IntPtrcontaining a Java Native Interface (JNI) object reference. transfer JniHandleOwnership A JniHandleOwnershipindicating how to handle javaReference Remarks Portions of this page are.",0,Unknown,2026-06-18T23:21:31.307730
PHASE 1B: EXTENSION FORUMS,Microsoft Q&A,undefined reference JNI,JniEnvironment.References Class (Java.Interop),https://learn.microsoft.com/en-us/dotnet/api/java.interop.jnienvironment.references,"Table of contents Exit focus mode Language csharp fsharp Table of contents Add Share via Facebook x.com LinkedIn Email Print JniEnvironment.References Class ... Inheritance Object JniEnvironment.References Remarks The JniEnvironment.References class exposes JNI Global, Local, Weak-Global-related functionality which is not exposed by the.",0,Unknown,2026-06-18T23:21:31.307736
PHASE 1B: EXTENSION FORUMS,Microsoft Q&A,undefined reference JNI,"Reference(IntPtr, JniHandleOwnership) Constructor (Java.Lang.Ref)",https://learn.microsoft.com/en-us/dotnet/api/java.lang.ref.reference.-ctor,Table of contents Exit focus mode Language csharp fsharp Table of contents Add Share via Facebook x.com LinkedIn Ema... Parameters javaReference IntPtr A IntPtrcontaining a Java Native Interface (JNI) object reference. transfer JniHandleOwnership A JniHandleOwnershipindicating how to handle javaReference Remarks Portions of this page are.,0,Unknown,2026-06-18T23:21:31.307741
PHASE 1B: EXTENSION FORUMS,Microsoft Q&A,undefined reference JNI,"BaseObj(IntPtr, JniHandleOwnership) Constructor (Android.Renderscripts)",https://learn.microsoft.com/en-us/dotnet/api/android.renderscripts.baseobj.-ctor,"BaseObj(IntPtr, JniHandleOwnership) Constructor Definition Namespace: Android.Renderscripts Assembly:Mono.Android.dl... Parameters javaReference IntPtr A IntPtrcontaining a Java Native Interface (JNI) object reference. transfer JniHandleOwnership A JniHandleOwnershipindicating how to handle javaReference Remarks Portions of this page are.",0,Unknown,2026-06-18T23:21:31.307746
PHASE 1B: EXTENSION FORUMS,Microsoft Q&A,undefined reference JNI,"PackageInstaller(IntPtr, JniHandleOwnership) Constructor (Android.Content.PM)",https://learn.microsoft.com/en-us/dotnet/api/android.content.pm.packageinstaller.-ctor,"PackageInstaller(IntPtr, JniHandleOwnership) Constructor Definition Namespace: Android.Content.PM Assembly:Mono.Andr... Parameters javaReference IntPtr A IntPtrcontaining a Java Native Interface (JNI) object reference. transfer JniHandleOwnership A JniHandleOwnershipindicating how to handle javaReference Remarks Portions of this page are.",0,Unknown,2026-06-18T23:21:31.307752
PHASE 1B: EXTENSION FORUMS,Microsoft Q&A,undefined reference JNI,"Type(IntPtr, JniHandleOwnership) Constructor (Android.Renderscripts)",https://learn.microsoft.com/en-us/dotnet/api/android.renderscripts.type.-ctor,"Type(IntPtr, JniHandleOwnership) Constructor Definition Namespace: Android.Renderscripts Assembly:Mono.Android.dll A... Parameters javaReference IntPtr A IntPtrcontaining a Java Native Interface (JNI) object reference. transfer JniHandleOwnership A JniHandleOwnershipindicating how to handle javaReference Remarks Portions of this page are.",0,Unknown,2026-06-18T23:21:31.307757
PHASE 1B: EXTENSION FORUMS,Microsoft Q&A,undefined reference JNI,"ImageReader(IntPtr, JniHandleOwnership) Constructor (Android.Media)",https://learn.microsoft.com/en-us/dotnet/api/android.media.imagereader.-ctor,"ImageReader(IntPtr, JniHandleOwnership) Constructor Definition Namespace: Android.Media Assembly:Mono.Android.dll A ... Parameters javaReference IntPtr A IntPtrcontaining a Java Native Interface (JNI) object reference. transfer JniHandleOwnership A JniHandleOwnershipindicating how to handle javaReference Remarks Portions of this page are.",0,Unknown,2026-06-18T23:21:31.307762
PHASE 1B: EXTENSION FORUMS,Microsoft Q&A,undefined reference JNI,"JavaCollection(IntPtr, JniHandleOwnership) Constructor (Android.Runtime)",https://learn.microsoft.com/en-us/dotnet/api/android.runtime.javacollection.-ctor,"JavaCollection(IntPtr, JniHandleOwnership) Constructor Definition Namespace: Android.Runtime Assembly:Mono.Android.dll A construct... Parameters handle IntPtr A IntPtrcontaining a Java Native Interface (JNI) object reference. transfer JniHandleOwnership A JniHandleOwnershipindicating how to handle handle Remarks Portions of this page are.",0,Unknown,2026-06-18T23:21:31.307767
PHASE 1B: EXTENSION FORUMS,Microsoft Q&A,undefined reference JNI,"FaceDetector.Face(IntPtr, JniHandleOwnership) Constructor (Android.Media)",https://learn.microsoft.com/en-us/dotnet/api/android.media.facedetector.face.-ctor,"FaceDetector.Face(IntPtr, JniHandleOwnership) Constructor Definition Namespace: Android.Media Assembly:Mono.Android.... Parameters javaReference IntPtr A IntPtrcontaining a Java Native Interface (JNI) object reference. transfer JniHandleOwnership A JniHandleOwnershipindicating how to handle javaReference Remarks Portions of this page are.",0,Unknown,2026-06-18T23:21:31.307773
PHASE 1B: EXTENSION FORUMS,Microsoft Q&A,undefined reference JNI,"JsPromptResult(IntPtr, JniHandleOwnership) Constructor (Android.Webkit)",https://learn.microsoft.com/en-us/dotnet/api/android.webkit.jspromptresult.-ctor,"JsPromptResult(IntPtr, JniHandleOwnership) Constructor Definition Namespace: Android.Webkit Assembly:Mono.Android.dl... Parameters javaReference IntPtr A IntPtrcontaining a Java Native Interface (JNI) object reference. transfer JniHandleOwnership A JniHandleOwnershipindicating how to handle javaReference Remarks Portions of this page are.",0,Unknown,2026-06-18T23:21:31.307778
PHASE 1B: EXTENSION FORUMS,Microsoft Q&A,undefined reference JNI,"DevicePolicyManager(IntPtr, JniHandleOwnership) Constructor (Android.App.Admin)",https://learn.microsoft.com/en-us/dotnet/api/android.app.admin.devicepolicymanager.-ctor,"DevicePolicyManager(IntPtr, JniHandleOwnership) Constructor Definition Namespace: Android.App.Admin Assembly:Mono.An... Parameters javaReference IntPtr A IntPtrcontaining a Java Native Interface (JNI) object reference. transfer JniHandleOwnership A JniHandleOwnershipindicating how to handle javaReference Remarks Portions of this page are.",0,Unknown,2026-06-18T23:21:31.307783
PHASE 1B: EXTENSION FORUMS,Microsoft Q&A,undefined reference JNI,"BackupDataInput(IntPtr, JniHandleOwnership) Constructor (Android.App.Backup)",https://learn.microsoft.com/en-us/dotnet/api/android.app.backup.backupdatainput.-ctor,"BackupDataInput(IntPtr, JniHandleOwnership) Constructor Definition Namespace: Android.App.Backup Assembly:Mono.Andro... Parameters javaReference IntPtr A IntPtrcontaining a Java Native Interface (JNI) object reference. transfer JniHandleOwnership A JniHandleOwnershipindicating how to handle javaReference Remarks Portions of this page are.",0,Unknown,2026-06-18T23:21:31.307788
PHASE 1B: EXTENSION FORUMS,Microsoft Q&A,undefined reference JNI,"Touch(IntPtr, JniHandleOwnership) Constructor (Android.Text.Method)",https://learn.microsoft.com/en-us/dotnet/api/android.text.method.touch.-ctor,"Touch(IntPtr, JniHandleOwnership) Constructor Definition Namespace: Android.Text.Method Assembly:Mono.Android.dll A ... Parameters javaReference IntPtr A IntPtrcontaining a Java Native Interface (JNI) object reference. transfer JniHandleOwnership A JniHandleOwnershipindicating how to handle javaReference Remarks Portions of this page are.",0,Unknown,2026-06-18T23:21:31.307794
PHASE 1B: EXTENSION FORUMS,Microsoft Q&A,undefined reference JNI,"SensorEvent(IntPtr, JniHandleOwnership) Constructor (Android.Hardware)",https://learn.microsoft.com/en-us/dotnet/api/android.hardware.sensorevent.-ctor,"SensorEvent(IntPtr, JniHandleOwnership) Constructor Definition Namespace: Android.Hardware Assembly:Mono.Android.dll... Parameters javaReference IntPtr A IntPtrcontaining a Java Native Interface (JNI) object reference. transfer JniHandleOwnership A JniHandleOwnershipindicating how to handle javaReference Remarks Portions of this page are.",0,Unknown,2026-06-18T23:21:31.307799
PHASE 1B: EXTENSION FORUMS,Microsoft Q&A,undefined reference JNI,"AllocationAdapter(IntPtr, JniHandleOwnership) Constructor (Android.Renderscripts)",https://learn.microsoft.com/en-us/dotnet/api/android.renderscripts.allocationadapter.-ctor,"AllocationAdapter(IntPtr, JniHandleOwnership) Constructor Definition Namespace: Android.Renderscripts Assembly:Mono.... Parameters javaReference IntPtr A IntPtrcontaining a Java Native Interface (JNI) object reference. transfer JniHandleOwnership A JniHandleOwnershipindicating how to handle javaReference Remarks Portions of this page are.",0,Unknown,2026-06-18T23:21:31.307805
PHASE 1B: EXTENSION FORUMS,Microsoft Q&A,undefined reference JNI,"UsbManager(IntPtr, JniHandleOwnership) Constructor (Android.Hardware.Usb)",https://learn.microsoft.com/en-us/dotnet/api/android.hardware.usb.usbmanager.-ctor,"UsbManager(IntPtr, JniHandleOwnership) Constructor Definition Namespace: Android.Hardware.Usb Assembly:Mono.Android.... Parameters javaReference IntPtr A IntPtrcontaining a Java Native Interface (JNI) object reference. transfer JniHandleOwnership A JniHandleOwnershipindicating how to handle javaReference Remarks Portions of this page are.",0,Unknown,2026-06-18T23:21:31.307810
PHASE 1B: EXTENSION FORUMS,Microsoft Q&A,undefined reference JNI,"Movie(IntPtr, JniHandleOwnership) Constructor (Android.Graphics)",https://learn.microsoft.com/en-us/dotnet/api/android.graphics.movie.-ctor,"Movie(IntPtr, JniHandleOwnership) Constructor Definition Namespace: Android.Graphics Assembly:Mono.Android.dll A con... Parameters javaReference IntPtr A IntPtrcontaining a Java Native Interface (JNI) object reference. transfer JniHandleOwnership A JniHandleOwnershipindicating how to handle javaReference Remarks Portions of this page are.",0,Unknown,2026-06-18T23:21:31.307815
PHASE 1B: EXTENSION FORUMS,Microsoft Q&A,undefined reference JNI,"BackupDataInputStream(IntPtr, JniHandleOwnership) Constructor (Android.App.Backup)",https://learn.microsoft.com/en-us/dotnet/api/android.app.backup.backupdatainputstream.-ctor,"BackupDataInputStream(IntPtr, JniHandleOwnership) Constructor Definition Namespace: Android.App.Backup Assembly:Mono... Parameters javaReference IntPtr A IntPtrcontaining a Java Native Interface (JNI) object reference. transfer JniHandleOwnership A JniHandleOwnershipindicating how to handle javaReference Remarks Portions of this page are.",0,Unknown,2026-06-18T23:21:31.307820
PHASE 1B: EXTENSION FORUMS,Microsoft Q&A,DLL hell java,Azure developer documentation,https://learn.microsoft.com/en-us/azure/developer/,Azure developer documentat... NET Azure SDK for .NET API reference Developer center Python Azure SDK for Python API reference Developer center JavaScript Azure SDK for JavaScript API reference Developer center Java Azure SDK for Java API reference Developer center Go Azure SDK for Go API reference Developer center C++ Azure SDK for C++ API.,0,Unknown,2026-06-18T23:21:33.318020
PHASE 1B: EXTENSION FORUMS,Microsoft Q&A,DLL hell java,Windows developer tools,https://learn.microsoft.com/en-us/windows/dev-environment/,"Windows developer tools Summarize this article for me In this article Windows supports a wide range of development workflows. Tools like Visual Studio Code and GitHub Copilot are well-integrated on Windows, and with AI assistance built into your editor and terminal, it's straightforward to write scripts and build utilities to automate your work..",0,Unknown,2026-06-18T23:21:33.318048
PHASE 1B: EXTENSION FORUMS,Microsoft Q&A,DLL hell java,Introduction to Semantic Kernel,https://learn.microsoft.com/en-us/semantic-kernel/overview/,"Introduction to Semantic Kernel Semantic Kernel is a lightweight, open-source development kit that lets you easily build AI agents and integrate the latest AI models into your C#, Python, or Java codebase. It serves as an efficient middleware that enables rapid delivery of enterprise-grade solutions. Enterprise ready Microsoft and other Fortune.",0,Unknown,2026-06-18T23:21:33.318054
PHASE 1B: EXTENSION FORUMS,Microsoft Q&A,DLL hell java,Azure App Service documentation - Azure App Service,https://learn.microsoft.com/en-us/azure/app-service/,"App Service documentation Use Azure App Service, a fully managed platform as a service (PaaS), to create web applications in popular languages like .NET, Java, Node.js, and Python.  ...h Azure OpenAI (Spring Boot) Run a chatbot with a local SLM (Express.js) Secure and deploy Concept Security in Azure App Service Tutorial Secure with custom domain.",0,Unknown,2026-06-18T23:21:33.318061
PHASE 1B: EXTENSION FORUMS,Microsoft Q&A,DLL hell java,"Azure Speech Documentation - Tutorials, API Reference - Foundry Tools",https://learn.microsoft.com/en-us/azure/ai-services/speech-service/,C# C++ Go Java JavaScript Objective-C and Swift Python About the Speech SDK Additional SDKs Voice Live SDK Build low-latency speech-to-speech voice agents. C# Python Java (Preview) JavaScript (Preview) About the Voice Live SDK Speech Transcription SDK Develop high-quality transcription applications. Java Python About the Speech Transcription SDK.,0,Unknown,2026-06-18T23:21:33.318071
PHASE 1B: EXTENSION FORUMS,Microsoft Q&A,DLL hell java,Microsoft for Java Developers,https://learn.microsoft.com/en-us/java/,Microsoft for Java Developers Learn how to develop Java applications and services with Microsoft technologies. Download Download Microsoft Build of OpenJDK Get started Develop Java in Visual Studio Code Training Browse Java on Azure learning paths Get started Use the Azure SDK for Java Deploy Create and deploy a Java app on Azure Overview Use Java.,0,Unknown,2026-06-18T23:21:33.318085
PHASE 1B: EXTENSION FORUMS,Microsoft Q&A,DLL hell java,Release Notes - JDBC Driver for SQL Server,https://learn.microsoft.com/en-us/sql/connect/jdbc/release-notes-for-the-jdbc-driver,"Microsoft JDBC Driver 13.4 for SQL Server is now compatible with Java Development Kit (JDK) version 25.0 in addition to JDK 21.0, 17.0, 11.0 and 1.8. 13.4 Releases Release number: 13.4.0 Released: March 13, 2026 Download Microsoft JDBC Driver 13.4.0 for SQL Server (zip) Download Microsoft JDBC Driver 13.4.0 for SQL Server (tar.gz) If you need to.",0,Unknown,2026-06-18T23:21:33.318094
PHASE 1B: EXTENSION FORUMS,Microsoft Q&A,DLL hell java,Microsoft Foundry Quickstart - Microsoft Foundry,https://learn.microsoft.com/en-us/azure/foundry/quickstarts/get-started-code,Microsoft Foundry quickstart Summarize this article for me In this article In this quickstart you'll get started using models and agents in Foundry. You will: Generate a response from a model Create an agent with a defined prompt Have a multi-turn conversation with the agent Prerequisites A model deployed in Microsoft Foundry. If you don't have a.,0,Unknown,2026-06-18T23:21:33.318102
PHASE 1B: EXTENSION FORUMS,Microsoft Q&A,DLL hell java,Enable OpenTelemetry in Application Insights - Azure Monitor,https://learn.microsoft.com/en-us/azure/azure-monitor/app/opentelemetry-enable,"Enable Azure Monitor OpenTelemetry for .NET, Node.js, Python, and Java applications Summarize this article for me In this article This article describes how to enable and configure OpenTelemetry-based data collection within Azure Monitor Application Insights using the Azure Monitor OpenTelemetry Distro. OpenTelemetry is the open-source CNCF.",0,Unknown,2026-06-18T23:21:33.318111
PHASE 1B: EXTENSION FORUMS,Microsoft Q&A,DLL hell java,Code samples for authentication and authorization - Microsoft identity platform,https://learn.microsoft.com/en-us/entra/identity-platform/sample-v2-code,Language /Platform Code sample(s) on GitHub Auth libraries Auth flow Quickstart Tutorial ASP.NET • Call Microsoft Graph MSAL.NET On-Behalf-Of (OBO) Quickstart ASP.NET Core • Access control (protected routes) with the Microsoft identity platform MSAL.NET On-Behalf-Of (OBO) Quickstart Tutorial Java • Protect your Java Spring Boot web API with the.,0,Unknown,2026-06-18T23:21:33.318120
PHASE 1B: EXTENSION FORUMS,Microsoft Q&A,DLL hell java,Introduction to Azure Service Bus Messaging - Azure Service Bus,https://learn.microsoft.com/en-us/azure/service-bus-messaging/service-bus-messaging-overview,"Subscriptions are durable by de... Through the Java Message Service (JMS) API, Service Bus Premium also allows you to create volatile subscriptions that exist for the duration of the connection. You can define rules on a subscription. The AMQP protocol guide provides detailed information in case you want to build such an abstraction. Service Bus.",0,Unknown,2026-06-18T23:21:33.318129
PHASE 1B: EXTENSION FORUMS,Microsoft Q&A,DLL hell java,Azure for Java Developer Documentation - Java on Azure,https://learn.microsoft.com/en-us/azure/developer/java/,"Azure for Java developer documentation Get started developing apps for the cloud with these tutorials and tools for Java developers. Get started with Java on Azure Code, deploy, and scale Java your way Code using the Java tools you know and love Deploy with confidence and ease Scale with security, monitoring, automation Choose the right Azure.",0,Unknown,2026-06-18T23:21:33.318139
PHASE 1B: EXTENSION FORUMS,Microsoft Q&A,DLL hell java,.NET for Android,https://learn.microsoft.com/en-us/dotnet/android/,Get started Install .NET for Android .NET for Android Guides Build Android apps Build process Build targets Build properties Build items Fundamentals Layout code behind Bind Android Java libraries Overview Bind a Java library Bind a Java library from Maven Customize bindings Troubleshoot bindings References .NET API reference API reference.,0,Unknown,2026-06-18T23:21:33.318148
PHASE 1B: EXTENSION FORUMS,Microsoft Q&A,DLL hell java,Install the Microsoft Build of OpenJDK,https://learn.microsoft.com/en-us/java/openjdk/install,"Install the Microsoft Build of OpenJDK This article describes how to install the Microsoft Build of OpenJDK. To download certain files mentioned in this article, see Download the Microsoft Build of OpenJDK. ZIP and TAR.GZ packages For Windows, Linux, and macOS, we produce ZIP (Windows) and TAR.GZ (Linux/macOS) packages. To install, extract one of.",0,Unknown,2026-06-18T23:21:33.318157
PHASE 1B: EXTENSION FORUMS,Microsoft Q&A,DLL hell java,Azure Spring Apps,https://learn.microsoft.com/en-us/azure/spring-apps/,...ructured application logs Analyze logs and metrics Application Insights using Java In-Process Agent Elastic APM Java Agent Use Circuit Breaker Dashboard See more Migrate apps Migrate Spring Boot to Azure Spring Apps Migrate Spring Cloud to Azure Spring Apps See more Enterprise plan Get started Launch your first app Launch your first web app.,0,Unknown,2026-06-18T23:21:33.318164
PHASE 1B: EXTENSION FORUMS,Microsoft Q&A,DLL hell java,Dynamic link library (DLL) - Windows Client,https://learn.microsoft.com/en-us/troubleshoot/windows-client/setup-upgrade-and-drivers/dynamic-link-library,"What is a DLL This article describes what a dynamic link library (DLL) is and the various issues that may occur when you use DLLs. It also describes some advanced issues that you should consider when developing your own DLLs. Applies to:   Windows 10 - all editions Original KB number:   815065 Summary In describing what a DLL is, this article.",0,Unknown,2026-06-18T23:21:33.318170
PHASE 1B: EXTENSION FORUMS,Microsoft Q&A,DLL hell java,Tips for Java Developers - A tour of C#,https://learn.microsoft.com/en-us/dotnet/csharp/tour-of-csharp/tips-for-java-developers,"Roadmap for Java developers learning C# Summarize this article for me In this article If you're starting a new job or joining a team that uses C#, this article helps you get productive quickly. It highlights what's familiar from Java and what's new in C#. C# and Java have many similarities. As you learn C#, you can apply much of the knowledge you.",0,Unknown,2026-06-18T23:21:33.318175
PHASE 1B: EXTENSION FORUMS,Microsoft Q&A,DLL hell java,Automate Java applications - Power Automate,https://learn.microsoft.com/en-us/power-automate/desktop-flows/how-to/java,"Automate Java applications Currently, Power Automate for desktop supports the use of UI automation in all Java apps and applets for the following Java versions: Java apps: Java version 7 and later.  ...recorder and the UI element picker from recognizing Java elements that the SWT framework builds, and to make them work with the default desktop UI.",0,Unknown,2026-06-18T23:21:33.318180
PHASE 1B: EXTENSION FORUMS,Microsoft Q&A,DLL hell java,Avoiding DLL Hell: Introducing Application Metadata in the Microsoft .NET Framework,https://learn.microsoft.com/en-us/archive/msdn-magazine/2000/october/avoiding-dll-hell-introducing-application-metadata-in-the-microsoft-net-framework,Avoiding DLL Hell: Introducing Application Metadata in the Microsoft .NET Framework Matt Pietrek This article assumes youï¿½re familiar with COM and C++ Level of Difficulty   1   2   3 Download the code for this article: Pietrek1000.exe (71KB) SUMMARY The Microsoft .NET platform uses metadata and assemblies... If you've programmed in the Java.,0,Unknown,2026-06-18T23:21:33.318185
PHASE 1B: EXTENSION FORUMS,Microsoft Q&A,DLL hell java,Java for Beginners,https://learn.microsoft.com/en-us/shows/java-for-beginners/,Series Java for Beginners Thanks for checking out Microsoft's Java for beginner series. Microsoft employees from locations around the world have come together to share their knowledge of Java and highlight what you can do with this exceptional language. Microsoft’s mission statement is “to empower every person and every organization on the planet.,0,Unknown,2026-06-18T23:21:33.318191
PHASE 1B: EXTENSION FORUMS,Microsoft Q&A,DLL hell java,Quickstart: Create a Java app on Azure App Service - Azure App Service,https://learn.microsoft.com/en-us/azure/app-service/quickstart-java,"Quickstart: Create a Java app on Azure App Service Summarize this article for me Azure App Service provides a highly scalable, self-patching web app hosting service. In this quickstart, you use the Maven Plugin for Azure App Service Web Apps to deploy a Java web application to a Linux Tomcat server in Azure App Service. If Maven isn't your.",0,Unknown,2026-06-18T23:21:33.318196
PHASE 1B: EXTENSION FORUMS,Microsoft Q&A,DLL hell java,Get started with Java on Azure - Training,https://learn.microsoft.com/en-us/training/paths/get-started-java-azure/,Get started with Java on Azure At a glance Level Beginner Intermediate Advanced Skill &nbsp; Product Azure Microsoft Entra ID Azure App Service Azure Cache for Redis Azure CLIs Azure... Java on Azure learning paths: Get started with Java on Azure Expand the capabilities for Java apps on Azure Best practices for Java apps on Azure Prerequisites An.,0,Unknown,2026-06-18T23:21:33.318201
PHASE 1B: EXTENSION FORUMS,Microsoft Q&A,DLL hell java,JniRuntime.GetAvailableInvocationPointers Method (Java.Interop),https://learn.microsoft.com/en-us/dotnet/api/java.interop.jniruntime.getavailableinvocationpointers,"Table of contents Exit focus mode Language csharp fsharp Table of contents Add Share via Facebook x.com LinkedIn Email Print JniRuntime.GetAvailableInvocationPointers Method Definition Namespace: Java.Interop Assembly:Java.Interop.dll Caution Not sensible/usable at this level, and cannot work on e.g. Android. Try.",0,Unknown,2026-06-18T23:21:33.318207
PHASE 1B: EXTENSION FORUMS,Microsoft Q&A,DLL hell java,Quickstart: Upgrade a Java Project with GitHub Copilot Modernization,https://learn.microsoft.com/en-us/azure/developer/github-copilot-app-modernization/quickstart-upgrade,"Quickstart: Upgrade a Java project with GitHub Copilot modernization Summarize this article for me In this article GitHub Copilot modernization provides an AI-powered agentic experience that automates Java upgrade workflows end-to-end - from project analysis and plan generation to code transformation, build validation, and CVE remediation..",0,Unknown,2026-06-18T23:21:33.318212
PHASE 1B: EXTENSION FORUMS,Microsoft Q&A,DLL hell java,Build Java apps with Microsoft Graph - Microsoft Graph,https://learn.microsoft.com/en-us/graph/tutorials/java,"Build Java apps with Microsoft Graph Summarize this article for me In this article This tutorial teaches you how to build a Java console app that uses the Microsoft Graph API to access data on behalf of a user. Note To learn how to use Microsoft Graph to access data using app-only authentication, see this app-only authentication tutorial..",0,Unknown,2026-06-18T23:21:33.318217
PHASE 1B: EXTENSION FORUMS,Microsoft Q&A,DLL hell java,"Windows XP - Kernel Improvements Create a More Robust, Powerful, and Scalable OS",https://learn.microsoft.com/en-us/archive/msdn-magazine/authors/mark_russinovich_and_david_solomon,"Windows XP - Kernel Improvements Create a More Robust, Powerful, and Scalable OS Tue, 13 Nov 2001 10:00:00 GMT The Windows XP kernel includes a number of improvements over Windows 2000 that promote better scalability and overall performance. Windows XP provides support for 64-bit processors, which is covered here along with a discussion of how.",0,Unknown,2026-06-18T23:21:33.318222
PHASE 1B: EXTENSION FORUMS,Microsoft Q&A,DLL hell java,Introduction to Java on Azure - Training,https://learn.microsoft.com/en-us/training/modules/intro-to-java-azure/,"Introduction to Java on Azure Beginner Developer Administrator Azure In this module, we discuss Java's various frameworks and architectures. We then give an overview of typical deployment offers for your Java solutions on Azure. Learning objectives By the end of this module, you'll be able to: Differentiate between types of Java applications..",0,Unknown,2026-06-18T23:21:33.318227
PHASE 1B: EXTENSION FORUMS,Microsoft Q&A,DLL hell java,Types.Varchar Field (Java.Sql),https://learn.microsoft.com/en-us/dotnet/api/java.sql.types.varchar,"Table of contents Exit focus mode Language csharp fsharp Table of contents Add Share via Facebook x.com LinkedIn Email Print Types.Varchar Field Definition Namespace: Java.Sql Assembly:Mono.Android.dll The constant in the Java programming language, sometimes referred to as a type code, that identifies the generic SQL type VARCHAR. Field Value.",0,Unknown,2026-06-18T23:21:33.318233
PHASE 1B: EXTENSION FORUMS,Microsoft Q&A,DLL hell java,About the Microsoft Build of OpenJDK,https://learn.microsoft.com/en-us/java/openjdk/overview,"About the Microsoft Build of OpenJDK The Microsoft Build of OpenJDK is a no-cost distribution of OpenJDK that's open source and available for free for anyone to deploy anywhere. It includes Long-Term Support (LTS) binaries for Java 11 and Java 17 on x64 server and desktop environments on macOS, Linux, and Windows, AArch64/ARM64 on Linux and.",0,Unknown,2026-06-18T23:21:33.318238
PHASE 1B: EXTENSION FORUMS,Microsoft Q&A,DLL hell java,GitHub Copilot Modernization for Java Developers - Azure,https://learn.microsoft.com/en-us/azure/developer/java/migration/migrate-github-copilot-app-modernization-for-java,"GitHub Copilot modernization for Java developers Summarize this article for me In this article This article describes GitHub Copilot modernization, an AI assistant that delivers end-to-end support for application modernization. Enterprises often deal with technical debt throughout their development cycles. Upgrading Java runtimes, frameworks, and.",0,Unknown,2026-06-18T23:21:33.318243
PHASE 1B: EXTENSION FORUMS,Microsoft Q&A,JNI MonitorEnter deadlock,How to Use Driver Verifier for Driver Testing - Windows drivers,https://learn.microsoft.com/en-us/windows-hardware/drivers/devtest/driver-verifier,This comprehensive guide covers everything from basic setup to advanced debugging techniques. Learn when and why to use Driver Verifier Set up Driver Verifier for your testing environment Configure verification options for your specific needs Debug violations and interpret results Apply best practices for driver testing workflows Important Running.,0,Unknown,2026-06-18T23:21:35.263650
PHASE 1B: EXTENSION FORUMS,Microsoft Q&A,JNI MonitorEnter deadlock,Deadlocks Guide - SQL Server,https://learn.microsoft.com/en-us/sql/relational-databases/sql-server-deadlocks-guide,"Understand deadlocks A deadlock occurs when two or more tasks permanently block each other by each task having a lock on a resource that the other tasks are trying to lock. Both transactions in a deadlock wait forever, unless the deadlock is broken by an external process. The Database Engine deadlock monitor periodically checks for tasks that are.",0,Unknown,2026-06-18T23:21:35.263676
PHASE 1B: EXTENSION FORUMS,Microsoft Q&A,JNI MonitorEnter deadlock,Wait chain traversal - Win32 apps,https://learn.microsoft.com/en-us/windows/win32/debug/wait-chain-traversal,Wait chain traversal Wait chain traversal (WCT) allows debuggers to diagnose application hangs and deadlocks. A wait chain is an alternating sequence of threads and synchronization objects where each thread waits for the object... See also Using WCT WCT reference MSDN Magazine 2007 July - Bugslayer: Wait Chain Traversal Feedback Was this page.,0,Unknown,2026-06-18T23:21:35.263682
PHASE 1B: EXTENSION FORUMS,Microsoft Q&A,JNI MonitorEnter deadlock,Asynchronous programming scenarios - C#,https://learn.microsoft.com/en-us/dotnet/csharp/asynchronous-programming/async-scenarios,"Use ToList() when you need to dynamically manage tasks, such as with Task.WhenAny where you might remove completed tasks from the collection as they finish. Review considerations for asynchronous programming With asynchronous programming, there are several details to keep in mind that can prevent unexpected behavior. Use await inside async().",0,Unknown,2026-06-18T23:21:35.263688
PHASE 1B: EXTENSION FORUMS,Microsoft Q&A,JNI MonitorEnter deadlock,JniEnvironment.Monitors.MonitorEnter(JniObjectReference) Method (Java.Interop),https://learn.microsoft.com/en-us/dotnet/api/java.interop.jnienvironment.monitors.monitorenter,Table of contents Exit focus mode Language csharp fsharp Table of contents Add Share via Facebook x.com LinkedIn Email Print JniEnvironment.Monitors.MonitorEnter(JniObjectReference) Method Definition Namespace: Java.Interop Assembly:Java.Interop.dll Parameters instance JniObjectReference Remarks Portions of this page are modifications based on.,0,Unknown,2026-06-18T23:21:35.263693
PHASE 1B: EXTENSION FORUMS,Microsoft Q&A,JNI MonitorEnter deadlock,JniEnvironment.Monitors Class (Java.Interop),https://learn.microsoft.com/en-us/dotnet/api/java.interop.jnienvironment.monitors,Table of contents Exit focus mode Language csharp fsharp Table of contents Add Share via Facebook x.com LinkedIn Email Print JniEnvironment.Monitors Class Definition Namespace: Java.Interop Assembly:Java.Interop.dll Inheritance Object JniEnvironment.Monitors Remarks Portions of this page are modifications based on work created and shared by the.,0,Unknown,2026-06-18T23:21:35.263699
PHASE 1B: EXTENSION FORUMS,Microsoft Q&A,JNI MonitorEnter deadlock,Analyze and Prevent Deadlocks - Azure SQL Database,https://learn.microsoft.com/en-us/azure/azure-sql/database/analyze-prevent-deadlocks,"Analyze and prevent deadlocks in Azure SQL Database and SQL database in Fabric Applies to: Azure SQL Database SQL database in Fabric This article teaches you how to identify deadlocks, use deadlock graphs and Query Store to identify the queries in the deadlock, and plan and test changes to prevent deadlocks from reoccurring. Learn more about other.",0,Unknown,2026-06-18T23:21:35.263704
PHASE 1B: EXTENSION FORUMS,Microsoft Q&A,JNI MonitorEnter deadlock,.NET Matters: Deadlock monitor,https://learn.microsoft.com/en-us/archive/msdn-magazine/2007/october/net-matters-deadlock-monitor,".NET Matters Deadlock monitor Stephen Toub Code download available at:NETMatters2007_10.exe(156 KB) Q I'm using locks in my application to synchronize work on a bunch of threads. In his article, Joe builds a common language runtime (CLR) host that is capable of this form of deadlock detection in .NET applications that use monitors, a very cool.",0,Unknown,2026-06-18T23:21:35.263709
PHASE 1B: EXTENSION FORUMS,Microsoft Q&A,JNI MonitorEnter deadlock,Deadlock Detection - Windows drivers,https://learn.microsoft.com/en-us/windows-hardware/drivers/devtest/deadlock-detection,"Deadlock Detection Summarize this article for me In this article Deadlock Detection monitors the driver's use of resources which need to be locked -- spin locks, mutexes, and fast mutexes. This Driver Verifier option will detect code logic that has the potential to cause a deadlock at some future point. The Deadlock Detection option of Driver.",0,Unknown,2026-06-18T23:21:35.263714
PHASE 1B: EXTENSION FORUMS,Microsoft Q&A,JNI MonitorEnter deadlock,Debugging deadlock - .NET Core - .NET,https://learn.microsoft.com/en-us/dotnet/core/diagnostics/debug-deadlock,"Debug a deadlock in .NET Core Summarize this article for me In this article This article applies to: ✔️ .NET Core 3.1 SDK and later versions In this tutorial, you'll learn how to debug a deadlock scenario. This method indicates that the threads are trying to enter a monitor lock. Since monitors typically store lock information in the sync block.",0,Unknown,2026-06-18T23:21:35.263720
PHASE 1B: EXTENSION FORUMS,Microsoft Q&A,JNI MonitorEnter deadlock,Avoiding And Detecting Deadlocks In .NET Apps with C# and C++,https://learn.microsoft.com/en-us/archive/msdn-magazine/2006/april/avoiding-and-detecting-deadlocks-in-net-apps-with-csharp-and-c,"No More Hangs Advanced Techniques To Avoid And Detect Deadlocks In .NET Apps Joe Duffy This article discusses: Understanding how deadlocks occur Avoiding deadlocks with lock leveling Detecting and breaking deadlocks Examining a custom CLR host for deadlock detection This article uses the following technologies: .NET Framework, C#, C++ Code.",0,Unknown,2026-06-18T23:21:35.263725
PHASE 1B: EXTENSION FORUMS,Microsoft Q&A,JNI MonitorEnter deadlock,Threading - Break Free of Code Deadlocks in Critical Sections Under Windows,https://learn.microsoft.com/en-us/archive/msdn-magazine/authors/matt_pietrek_and_russ_osterlund,"Threading - Break Free of Code Deadlocks in Critical Sections Under Windows Tue, 18 Nov 2003 10:00:00 GMT Critical sections, a mechanism that prohibits more than one thread at a time from executing a particular section of code, is a topic that has not received much attention and thus tends not to be well understood. A solid understanding of.",0,Unknown,2026-06-18T23:21:35.263730
PHASE 1B: EXTENSION FORUMS,Microsoft Q&A,JNI MonitorEnter deadlock,Process.StandardOutput Property (System.Diagnostics),https://learn.microsoft.com/en-us/dotnet/api/system.diagnostics.process.standardoutput,"Process.StandardOutput Property Definition Namespace: System.Diagnostics Assemblies:netstandard.dll, System.Diagnostics.Process.dll Assembly:System.Diagnostics.Process.dll Assembly:System.dll Assembly:netstandard.dll Source:Process.cs Source:Process.cs Source:Process.cs Source:Process.cs Source:Process.cs Gets a stream used to read the textual.",0,Unknown,2026-06-18T23:21:35.263735
PHASE 1B: EXTENSION FORUMS,Microsoft Q&A,JNI MonitorEnter deadlock,Lock:Deadlock Event Class - SQL Server,https://learn.microsoft.com/en-us/sql/relational-databases/event-classes/lock-deadlock-event-class,Lock:Deadlock Event Class Summarize this article for me Applies to: SQL Server 2016 (13.x) and later versions Azure SQL Database Azure SQL Managed Instance SQL database in Microsoft Fabric The Lock:Deadlock event class is produced when an attempt to acquire a lock is canceled because the attempt was part of a deadlock and was chosen as the.,0,Unknown,2026-06-18T23:21:35.263740
PHASE 1B: EXTENSION FORUMS,Microsoft Q&A,JNI MonitorEnter deadlock,Locks Event Category - SQL Server,https://learn.microsoft.com/en-us/sql/relational-databases/event-classes/locks-event-category,Locks Event Category Summarize this article for me Applies to: SQL Server 2016 (13.x) and later versions Azure SQL Database Azure SQL Managed Instance SQL database in Microsoft Fabric Use the event classes in the Locks event category to monitor locking activity in an instance of the Microsoft SQL Server Database Engine. These event classes can.,0,Unknown,2026-06-18T23:21:35.263746
PHASE 1B: EXTENSION FORUMS,Microsoft Q&A,JNI MonitorEnter deadlock,!deadlock (WinDbg) - Windows drivers,https://learn.microsoft.com/en-us/windows-hardware/drivers/debuggercmds/-deadlock,"!deadlock Summarize this article for me In this article The !deadlock extension displays information about deadlocks collected by the Deadlock Detection option of Driver Verifier. DLL Kdexts.dll Additional Information For information about Driver Verifier, see the Windows Driver Kit (WDK) documentation. Remarks Th... Suggest a fix. The !deadlock.",0,Unknown,2026-06-18T23:21:35.263751
PHASE 1B: EXTENSION FORUMS,Microsoft Q&A,JNI MonitorEnter deadlock,Bug Check 0x1C5 IO_THREADPOOL_DEADLOCK_LIVEDUMP - Windows drivers,https://learn.microsoft.com/en-us/windows-hardware/drivers/debugger/bug-check-0x1c5--io-threadpool-deadlock-livedump,Bug Check 0x1C5: IO_THREADPOOL_DEADLOCK_LIVEDUMP Summarize this article for me In this article The IO_THREADPOOL_DEADLOCK_LIVEDUMP live dump has a value of 0x000001C5. This indicates a kernel mode threadpool encountered a deadlock situation. (This code can ... Suggest a fix. The IO_THREADPOOL_DEADLOCK_LIVEDUMP live dump has a value of 0x000001C5..,0,Unknown,2026-06-18T23:21:35.263756
PHASE 1B: EXTENSION FORUMS,Microsoft Q&A,JNI MonitorEnter deadlock,Database Deadlock Lock Trace Telemetry - Business Central,https://learn.microsoft.com/en-us/dynamics365/business-central/dev-itpro/administration/telemetry-database-deadlocks-trace,"Analyzing Database Deadlock Telemetry INTRODUCED IN: Business Central 2022 release wave 1, version 20.0 The database deadlock telemetry gathers information about deadlocks that happen. Deadlocks can prevent users from completing tasks in the Business Central client. A deadlock occurs when two or more processes block each other because each has.",0,Unknown,2026-06-18T23:21:35.263761
PHASE 1B: EXTENSION FORUMS,Microsoft Q&A,JNI MonitorEnter deadlock,Example log table queries for AzureSQLDeadlocks - Azure Monitor,https://learn.microsoft.com/en-us/azure/azure-monitor/reference/queries/azuresqldeadlocks,"Queries for the AzureSQLDeadlocks table Summarize this article for me In this article For information on using these queries in the Azure portal, see Log Analytics tutorial. For the REST API, see Query. Deadlocks Sample Query Display sample records from Deadlocks table. Feedback Was this page helpful. Yes No N... Want to try using Ask Learn to.",0,Unknown,2026-06-18T23:21:35.263767
PHASE 1B: EXTENSION FORUMS,Microsoft Q&A,JNI MonitorEnter deadlock,Debugging a Deadlock - Windows drivers,https://learn.microsoft.com/en-us/windows-hardware/drivers/debugger/debugging-a-deadlock,"Debugging a Deadlock Summarize this article for me In this article When a thread needs exclusive access to code or some other resource, it requests a lock. If it can, Windows responds by giving this lock to the thread. At this point, nothing else in the system can access the locked code. This happens all the time and is a normal part of any.",0,Unknown,2026-06-18T23:21:35.263772
PHASE 1B: EXTENSION FORUMS,Microsoft Q&A,JNI MonitorEnter deadlock,ProcessStartInfo.RedirectStandardOutput Property (System.Diagnostics),https://learn.microsoft.com/en-us/dotnet/api/system.diagnostics.processstartinfo.redirectstandardoutput,"ProcessStartInfo.RedirectStandardOutput Property Definition Namespace: System.Diagnostics Assemblies:netstandard.dll, System.Diagnostics.Process.dll Assembly:System.Diagnostics.Process.dll Assembly:System.dll Assembly:netstandard.dll Source:ProcessStartInfo.cs Source:ProcessStartInfo.cs Source:ProcessStartInfo.cs Source:ProcessStartInfo.cs.",0,Unknown,2026-06-18T23:21:35.263777
PHASE 1B: EXTENSION FORUMS,Microsoft Q&A,JNI MonitorEnter deadlock,Preventing Errors and Deadlocks While Using Spin Locks - Windows drivers,https://learn.microsoft.com/en-us/windows-hardware/drivers/kernel/preventing-errors-and-deadlocks-while-using-spin-locks,"Preventing Errors and Deadlocks While Using Spin Locks Summarize this article for me In this article While a driver routine holds a spin lock, it cannot cause a hardware exception or raise a software exception without bringing down the system. In other words, a driver's ISR and any SynchCritSection routine that the driver supplies in a call to.",0,Unknown,2026-06-18T23:21:35.263782
PHASE 1B: EXTENSION FORUMS,Microsoft Q&A,JNI MonitorEnter deadlock,MSSQLSERVER_1205 - SQL Server,https://learn.microsoft.com/en-us/sql/relational-databases/errors-events/mssqlserver-1205-database-engine-error,MSSQLSERVER_1205 Summarize this article for me Applies to: SQL Server Azure SQL Database Azure SQL Managed Instance SQL database in Microsoft Fabric Details Attribute Value Product Name SQL Server Event ID 1205 Event Source MSSQLSERVER Component SQLEngine Symbolic Name LK_VICTIM Message Text Transaction (Process ID %d) was deadlocked on %.*ls.,0,Unknown,2026-06-18T23:21:35.263788
PHASE 1B: EXTENSION FORUMS,Microsoft Q&A,JNI MonitorEnter deadlock,Race conditions and deadlocks - Visual Basic,https://learn.microsoft.com/en-us/troubleshoot/developer/visualstudio/visual-basic/language-compilers/race-conditions-deadlocks,"Race conditions and deadlocks Visual Basic .NET or Visual Basic offers the ability to use threads in Visual Basic applications for the first time. Threads introduce debugging issues such as race conditions and deadlocks. This article explores these two issues. Original product version:   Visual Basic, Visual Basic .NET Original KB number:   317723.",0,Unknown,2026-06-18T23:21:35.263793
PHASE 1B: EXTENSION FORUMS,Microsoft Q&A,JNI MonitorEnter deadlock,Lock:Deadlock Chain Event Class - SQL Server,https://learn.microsoft.com/en-us/sql/relational-databases/event-classes/lock-deadlock-chain-event-class,Lock:Deadlock Chain Event Class Summarize this article for me Applies to: SQL Server 2016 (13.x) and later versions Azure SQL Database Azure SQL Managed Instance SQL database in Microsoft Fabric The Lock:Deadlock Chain event class is produced for each participant in a deadlock. Use the Lock:Deadlock Chain event class to monitor when deadlock.,0,Unknown,2026-06-18T23:21:35.263798
PHASE 1B: EXTENSION FORUMS,Microsoft Q&A,JNI MonitorEnter deadlock,JniEnvironment.References.CreatedReference(JniObjectReference) Method (Java.Interop),https://learn.microsoft.com/en-us/dotnet/api/java.interop.jnienvironment.references.createdreference,Table of contents Exit focus mode Language csharp fsharp Table of contents Add Share via Facebook x.com LinkedIn Email Print JniEnvironment.References.CreatedReference(JniObjectReference) Method Definition Namespace: Java.Interop Assembly:Java.Interop.dll Account for the creation of a JNI Reference. When such untrackable JNI Local References are.,0,Unknown,2026-06-18T23:21:35.263803
PHASE 1B: EXTENSION FORUMS,Microsoft Q&A,JNI MonitorEnter deadlock,Debugging Deadlocks - DRIVER_VERIFIER_DETECTED_VIOLATION (C4) 0x1001 - Windows drivers,https://learn.microsoft.com/en-us/windows-hardware/drivers/devtest/debugging-deadlocks---driver-verifier-detected-violation--c4---0x1001,"Debugging deadlocks - DRIVER_VERIFIER_DETECTED_VIOLATION (C4): 0x1001 Summarize this article for me In this article When Driver Verifier detects a spin lock hierarchy violation, Driver Verifiergenerates Bug Check 0xC4: DRIVER_VERIFIER_DETECTED_VIOLATION with a parameter 1 value of 0x1001. When the Deadlock Detection option is active (Deadlock.",0,Unknown,2026-06-18T23:21:35.263808
PHASE 1B: EXTENSION FORUMS,Microsoft Q&A,JNI MonitorEnter deadlock,Deadlocks with read repeatable isolation level,https://learn.microsoft.com/en-us/office/client-developer/access/desktop-database-reference/deadlocks-with-read-repeatable-isolation-level,"Deadlocks with read repeatable isolation level Summarize this article for me In this article Applies to: Access 2013, Office 2013 If a custom business object uses an isolation level of read repeatable to access a SQL Server, and the business object is called simultaneously by two clients that send a query and update in the same transaction, a.",0,Unknown,2026-06-18T23:21:35.263814
PHASE 1B: EXTENSION FORUMS,Microsoft Q&A,JNI MonitorEnter deadlock,AsyncReaderWriterLock.CaptureDiagnostics Property (Microsoft.VisualStudio.Threading),https://learn.microsoft.com/en-us/dotnet/api/microsoft.visualstudio.threading.asyncreaderwriterlock.capturediagnostics,"AsyncReaderWriterLock.CaptureDiagnostics Property Definition Namespace: Microsoft.VisualStudio.Threading Assembly:Microsoft.VisualStudio.Threading.dll Gets or sets a value indicating whether additional resources should be spent to collect information that would be useful in diagnosing deadlocks, etc. Property Value Boolean true if additional.",0,Unknown,2026-06-18T23:21:35.263819
PHASE 1B: EXTENSION FORUMS,Microsoft Q&A,JNI MonitorEnter deadlock,DeadlockPriority Enum (Microsoft.SqlServer.Replication),https://learn.microsoft.com/en-us/dotnet/api/microsoft.sqlserver.replication.deadlockpriority,Table of contents Exit focus mode Language csharp vb cpp fsharp Table of contents Add Share via Facebook x.com LinkedIn Email Print DeadlockPriority Enum Definition Namespace: Microsoft.SqlServer.Replication Assembly:Microsoft.SqlServer.Replication.dll Enumerates the priorities used to resolve deadlocks that occur during snapshot generation..,0,Unknown,2026-06-18T23:21:35.263824
PHASE 1B: EXTENSION FORUMS,Microsoft Q&A,AttachCurrentThread,"JniRuntime.AttachCurrentThread(String, JniObjectReference) Method (Java.Interop)",https://learn.microsoft.com/en-us/dotnet/api/java.interop.jniruntime.attachcurrentthread,"Table of contents Exit focus mode Language csharp fsharp Table of contents Add Share via Facebook x.com LinkedIn Email Print JniRuntime.AttachCurrentThread(String, JniObjectReference) Method Definition Namespace: Java.Interop Assembly:Java.Interop.dll Parameters name String group JniObjectReference Remarks Portions of this page are modifications.",0,Unknown,2026-06-18T23:21:37.515974
PHASE 1B: EXTENSION FORUMS,Microsoft Q&A,AttachCurrentThread,JniRuntime Class (Java.Interop),https://learn.microsoft.com/en-us/dotnet/api/java.interop.jniruntime,"Constructors JniRuntime(JniRuntime+CreationOptions) Properties CurrentRuntime GlobalReferenceCount InvocationPointer JniVersion MarshalMemberBuilder ObjectReferenceManager TypeManager ValueManager WeakGlobalReferenceCount Methods AttachCurrentThread(String, JniObjectReference) DestroyRuntime() Dispose() Dispose(Boolean).",0,Unknown,2026-06-18T23:21:37.516023
PHASE 1B: EXTENSION FORUMS,Microsoft Q&A,JNI global reference thread safety,Crash on .NET MAUI Android - JNI 'Deleted Global Reference' Error - Microsoft Q&A,https://learn.microsoft.com/en-us/answers/questions/2087432/crash-on-net-maui-android-jni-deleted-global-refer,"If anyone has any insights or suggestions on how to trace which library or line of code might be responsible, I would greatly appreciate your help. 10-04 13:07:10.445 20018 20018 F DEBUG   : *** *** *** *** *** *** *** *** *** *** *** 10-04 13:07:10.445 20018 20018 F DEBUG   : ABI: 'arm64' 10-04 13:07:10.445 20018 20018 F DEBUG   : Timestamp:.",0,Unknown,2026-06-18T23:21:39.786936
PHASE 1B: EXTENSION FORUMS,Microsoft Q&A,JNI global reference thread safety,JniEnvironment.References Class (Java.Interop),https://learn.microsoft.com/en-us/dotnet/api/java.interop.jnienvironment.references,Table of contents Exit focus mode Language csharp fsharp Table of contents Add Share via Facebook x.com LinkedIn Email Print JniEnvironment.References Class Definition Namespace: Java.Interop Assembly:Java.Interop.dll JNI Reference-related function... Inheritance Object JniEnvironment.References Remarks The JniEnvironment.References class exposes.,0,Unknown,2026-06-18T23:21:39.786964
PHASE 1B: EXTENSION FORUMS,Microsoft Q&A,JNI global reference thread safety,Xamarin.Android JNI ERROR accessed deleted Global 0x606a - Microsoft Q&A,https://learn.microsoft.com/en-us/answers/questions/393543/xamarin-android-jni-error-accessed-deleted-global,"I am having a uncatchable error like below. Where should I start to debug this kind of error. I guess this is a memory leak issue or referencing deleted object by GC. However, error message does not give me any clue why this is happening or where should I start to dig in. You can check out vimeo Here is full error log.",0,Unknown,2026-06-18T23:21:39.786970
PHASE 1B: EXTENSION FORUMS,Microsoft Q&A,JNI global reference thread safety,JniRuntime.JniObjectReferenceManager Class (Java.Interop),https://learn.microsoft.com/en-us/dotnet/api/java.interop.jniruntime.jniobjectreferencemanager,Table of contents Exit focus mode Language csharp fsharp Table of contents Add Share via Facebook x.com LinkedIn Email Print JniRuntime.JniObjectReferenceManager Class Definition Namespace: Java.Interop Assembly:Java.Interop.dll Inheritance Object JniRuntime.JniObjectReferenceManager Implements IDisposable Remarks Portions of this page are.,0,Unknown,2026-06-18T23:21:39.786975
PHASE 1B: EXTENSION FORUMS,Microsoft Q&A,JNI global reference thread safety,Maui for android async / await safety issue - Microsoft Q&A,https://learn.microsoft.com/en-us/answers/questions/1457140/maui-for-android-async-await-safety-issue,"| Hello, It is safe. Most operating systems (Android, iOS etc) use a single-threading model for code involving t... In the case of only one main thread, it can usually be considered thread-safe. Thread safety mainly involves the concurrent execution of multiple threads. When there is only one thread, there are no race conditions, deadlocks and.",0,Unknown,2026-06-18T23:21:39.786981
PHASE 1B: EXTENSION FORUMS,Microsoft Q&A,JNI global reference thread safety,JniObjectReference Struct (Java.Interop),https://learn.microsoft.com/en-us/dotnet/api/java.interop.jniobjectreference,Table of contents Exit focus mode Language csharp fsharp Table of contents Add Share via Facebook x.com LinkedIn Email Print JniObjectReference Struct Definition Namespace: Java.Interop Assembly:Java.Interop.dll Inheritance ValueType JniObjectReference Implements IEquatable Remarks Portions of this page are modifications based on work created.,0,Unknown,2026-06-18T23:21:39.786986
PHASE 1B: EXTENSION FORUMS,Microsoft Q&A,JNI global reference thread safety,JniRuntime.JniObjectReferenceManager.CreateGlobalReference Method (Java.Interop),https://learn.microsoft.com/en-us/dotnet/api/java.interop.jniruntime.jniobjectreferencemanager.createglobalreference,Table of contents Exit focus mode Language csharp fsharp Table of contents Add Share via Facebook x.com LinkedIn Email Print JniRuntime.JniObjectReferenceManager.CreateGlobalReference Method Definition Namespace: Java.Interop Assembly:Java.Interop.dll Parameters reference JniObjectReference Returns JniObjectReference Remarks Portions of this page.,0,Unknown,2026-06-18T23:21:39.787002
PHASE 1B: EXTENSION FORUMS,Microsoft Q&A,JNI global reference thread safety,JniObjectReference.NewGlobalRef Method (Java.Interop),https://learn.microsoft.com/en-us/dotnet/api/java.interop.jniobjectreference.newglobalref,Table of contents Exit focus mode Language csharp fsharp Table of contents Add Share via Facebook x.com LinkedIn Email Print JniObjectReference.NewGlobalRef Method Definition Namespace: Java.Interop Assembly:Java.Interop.dll Returns JniObjectReference Remarks Portions of this page are modifications based on work created and shared by the Android.,0,Unknown,2026-06-18T23:21:39.787007
PHASE 1B: EXTENSION FORUMS,Microsoft Q&A,JNI global reference thread safety,Thread Safety - Win32 apps,https://learn.microsoft.com/en-us/windows/win32/wsw/thread-safety,"Thread Safety All functions in this API are safe to call concurrently from different threads. However, each object passed as a parameter to the functions have specific threading behavior, as described below. The following handles are single threaded and do not support concurrent operations for a particular instance: WS_HEAP WS_MESSAGE.",0,Unknown,2026-06-18T23:21:39.787012
PHASE 1B: EXTENSION FORUMS,Microsoft Q&A,JNI global reference thread safety,Thread safety with the Azure SDK for .NET - .NET,https://learn.microsoft.com/en-us/dotnet/azure/sdk/thread-safety,Thread safety and client lifetime management for Azure SDK objects This article helps you understand thread safety issues when using the Azure SDK. It also discusses how the design of the SDK impacts client lifetime management. You'll learn why it's unnecessary to dispose of Azure SDK client objects. Thread safety All Azure SDK client objects are.,0,Unknown,2026-06-18T23:21:39.787018
PHASE 1B: EXTENSION FORUMS,Microsoft Q&A,JNI global reference thread safety,JVM Error: EXCEPTION_ACCESS_VIOLATION (0xc0000005) - Microsoft Q&A,https://learn.microsoft.com/en-us/answers/questions/2684765/jvm-error-exception-access-violation-(0xc0000005),"---------------  T H R E A D  --------------- Current thread (0x0000000015605800):  JavaThread &quot;catalina-exec-53&quot; daemon [_thread_in_native, id=53652, stack(0x0000000010290000,0x0000000010390000)] siginfo: ExceptionCode=0xc0000005, reading address 0x00000bf5a3fae248 Registers: RAX=0x0000000000010101, RBX=0x00000bf5a3fae240,.",0,Unknown,2026-06-18T23:21:39.787023
PHASE 1B: EXTENSION FORUMS,Microsoft Q&A,JNI global reference thread safety,Thread-Safety Notes on API Functions (ODBC Driver for Oracle) - Open Database Connectivity (ODBC),https://learn.microsoft.com/en-us/sql/odbc/microsoft/thread-safety-notes-on-api-functions-odbc-driver-for-oracle,"Thread-Safety Notes on API Functions (ODBC Driver for Oracle) Summarize this article for me In this article Important This feature will be removed in a future version of Windows. Avoid using this feature in new development work, and plan to modify applications that currently use this feature. Instead, use the ODBC driver provi... The Microsoft.",0,Unknown,2026-06-18T23:21:39.787028
PHASE 1B: EXTENSION FORUMS,Microsoft Q&A,JNI global reference thread safety,JniRuntime.JniObjectReferenceManager.GlobalReferenceCount Property (Java.Interop),https://learn.microsoft.com/en-us/dotnet/api/java.interop.jniruntime.jniobjectreferencemanager.globalreferencecount,Table of contents Exit focus mode Language csharp fsharp Table of contents Add Share via Facebook x.com LinkedIn Email Print JniRuntime.JniObjectReferenceManager.GlobalReferenceCount Property Definition Namespace: Java.Interop Assembly:Java.Interop.dll Property Value Int32 Remarks Portions of this page are modifications based on work created.,0,Unknown,2026-06-18T23:21:39.787034
PHASE 1B: EXTENSION FORUMS,Microsoft Q&A,JNI global reference thread safety,Java.Util.Concurrent Namespace,https://learn.microsoft.com/en-us/dotnet/api/java.util.concurrent,"Table of contents Exit focus mode Table of contents Add Share via Facebook x.com LinkedIn Email Print Java.Util.Concurrent Namespace Implementations. Classes ThreadPoolExecutor and ScheduledThreadPoolExecutor provide tunable, flexible thread pools. CopyOnWriteArrayList A thread-safe variant of java.util.ArrayList in which all mutative operations.",0,Unknown,2026-06-18T23:21:39.787039
PHASE 1B: EXTENSION FORUMS,Microsoft Q&A,JNI global reference thread safety,JniObjectReference.NewWeakGlobalRef Method (Java.Interop),https://learn.microsoft.com/en-us/dotnet/api/java.interop.jniobjectreference.newweakglobalref,Table of contents Exit focus mode Language csharp fsharp Table of contents Add Share via Facebook x.com LinkedIn Email Print JniObjectReference.NewWeakGlobalRef Method Definition Namespace: Java.Interop Assembly:Java.Interop.dll Returns JniObjectReference Remarks Portions of this page are modifications based on work created and shared by the.,0,Unknown,2026-06-18T23:21:39.787045
PHASE 1B: EXTENSION FORUMS,Microsoft Q&A,JNI global reference thread safety,JniRuntime.GlobalReferenceCount Property (Java.Interop),https://learn.microsoft.com/en-us/dotnet/api/java.interop.jniruntime.globalreferencecount,Table of contents Exit focus mode Language csharp fsharp Table of contents Add Share via Facebook x.com LinkedIn Email Print JniRuntime.GlobalReferenceCount Property Definition Namespace: Java.Interop Assembly:Java.Interop.dll Property Value Int32 Remarks Portions of this page are modifications based on work created and shared by the Android Open.,0,Unknown,2026-06-18T23:21:39.787050
PHASE 1B: EXTENSION FORUMS,Microsoft Q&A,JNI global reference thread safety,Confused about signalr thread safety - Microsoft Q&A,https://learn.microsoft.com/en-us/answers/questions/1001944/confused-about-signalr-thread-safety,"I have a hub which uses shared state among all signalr clients. Is this thread safe. Basically, i want to know if signalr is working like a single job queue across all h... This means if you use shared state, access to the state must be made thread safe. Splitting into multiple hubs makes no difference, you still must insure shared state is.",0,Unknown,2026-06-18T23:21:39.787055
PHASE 1B: EXTENSION FORUMS,Microsoft Q&A,JNI global reference thread safety,Thread Safety in the C++ Standard Library,https://learn.microsoft.com/en-us/cpp/standard-library/thread-safety-in-the-cpp-standard-library,"Thread Safety in the C++ Standard Library The following thread safety rules apply to all classes in the C++ Standard Library—this includes shared_ptr, as described below. Stronger guarantees are sometimes provided—for example, the standard iostream objects, as described below, and types intended for multithreading, like those in. Instead it's.",0,Unknown,2026-06-18T23:21:39.787060
PHASE 1B: EXTENSION FORUMS,Microsoft Q&A,JNI global reference thread safety,Java.Interop Namespace,https://learn.microsoft.com/en-us/dotnet/api/java.interop,Table of contents Exit focus mode Table of contents Add Share via Facebook x.com LinkedIn Email Print Java.Interop Namespace Classes AndroidEventHelper DoNotPackageAttribute EventHelper ExportAttribute Used on a method to indicate Java code generator to export a Java method that becomes an Android Callable Wrapper (ACW).  ...ceptions.,0,Unknown,2026-06-18T23:21:39.787066
PHASE 1B: EXTENSION FORUMS,Microsoft Q&A,JNI global reference thread safety,Minecraft - Microsoft Q&A,https://learn.microsoft.com/en-us/answers/questions/3279866/minecraft,"...00000001fe is an unknown value R11=0x000000001893f008 is an unknown value R12=0x0000000000000000 is an unknown value R13=0x0000000000000000 is an unknown value R14=0x0000000076e286d0 is an unknown value R15=0x000000001878fed0 is an unknown value Stack: [0x0000000018840000,0x0000000018940000],  sp=0x000000001893efa8,  free space=1019k Native.",0,Unknown,2026-06-18T23:21:39.787071
PHASE 1B: EXTENSION FORUMS,Microsoft Q&A,JNI global reference thread safety,"JniRuntime.AttachCurrentThread(String, JniObjectReference) Method (Java.Interop)",https://learn.microsoft.com/en-us/dotnet/api/java.interop.jniruntime.attachcurrentthread,"Table of contents Exit focus mode Language csharp fsharp Table of contents Add Share via Facebook x.com LinkedIn Email Print JniRuntime.AttachCurrentThread(String, JniObjectReference) Method Definition Namespace: Java.Interop Assembly:Java.Interop.dll Parameters name String group JniObjectReference Remarks Portions of this page are modifications.",0,Unknown,2026-06-18T23:21:39.787076
PHASE 1B: EXTENSION FORUMS,Microsoft Q&A,JNI global reference thread safety,JNIEnv.NewGlobalRef(IntPtr) Method (Android.Runtime),https://learn.microsoft.com/en-us/dotnet/api/android.runtime.jnienv.newglobalref,JNIEnv.NewGlobalRef(IntPtr) Method Definition Namespace: Android.Runtime Assembly:Mono.Android.dll Parameters jobject IntPtr Returns IntPtr Remarks Portions of this page are modifications based on work created and shared by the Android Open Source Project and used according to terms described in the Creative Commons 2.5 Attribution License..,0,Unknown,2026-06-18T23:21:39.787081
PHASE 1B: EXTENSION FORUMS,Microsoft Q&A,JNI global reference thread safety,JniEnvironment.LocalReferenceCount Property (Java.Interop),https://learn.microsoft.com/en-us/dotnet/api/java.interop.jnienvironment.localreferencecount,Table of contents Exit focus mode Language csharp fsharp Table of contents Add Share via Facebook x.com LinkedIn Email Print JniEnvironment.LocalReferenceCount Property Definition Namespace: Java.Interop Assembly:Java.Interop.dll Property Value Int32 Remarks Portions of this page are modifications based on work created and shared by the Android.,0,Unknown,2026-06-18T23:21:39.787087
PHASE 1B: EXTENSION FORUMS,Microsoft Q&A,JNI global reference thread safety,Thread-Safe collections - .NET,https://learn.microsoft.com/en-us/dotnet/standard/collections/thread-safe/,"Thread-safe collections Summarize this article for me The System.Collections.Concurrent namespace includes several collection classes that are both thread-safe and scalable. Multiple threads can safely and efficiently add or remove items from these collections, without requiring additional synchronization in user code. When you write new code, use.",0,Unknown,2026-06-18T23:21:39.787092
PHASE 1B: EXTENSION FORUMS,Microsoft Q&A,JNI global reference thread safety,Embedded content safety - Azure AI Content Safety - Azure AI services,https://learn.microsoft.com/en-us/azure/ai-services/content-safety/how-to/embedded-content-safety,"Embedded content safety (preview) Summarize this article for me In this article Embedded content safety is designed for on-device scenarios where cloud connectivity is intermittent or the user prefers on-device access for privacy reasons. You can use embedded content safety locally on a PC, or in a car that might travel out of a specified range,.",0,Unknown,2026-06-18T23:21:39.787097
PHASE 1B: EXTENSION FORUMS,Microsoft Q&A,JNI global reference thread safety,Known Limitations for Global Secure Access - Global Secure Access,https://learn.microsoft.com/en-us/entra/global-secure-access/reference-current-known-limitations,Known limitations for Global Secure Access Summarize this article for me In this article Global Secure Access is the unifying term used for both Microsoft Entra Internet Access and Microsoft Entra Private Access. This article details the known issues and limitations you might encounter when using Global Secure Access. Global Secure Access client.,0,Unknown,2026-06-18T23:21:39.787103
PHASE 1B: EXTENSION FORUMS,Microsoft Q&A,JNI global reference thread safety,JavaException.InvalidJniObjectReference Field (Java.Interop),https://learn.microsoft.com/en-us/dotnet/api/java.interop.javaexception.invalidjniobjectreference,Table of contents Exit focus mode Language csharp fsharp Table of contents Add Share via Facebook x.com LinkedIn Email Print JavaException.InvalidJniObjectReference Field Definition Namespace: Java.Interop Assembly:Java.Interop.dll Field Value JniObjectReference* Remarks Portions of this page are modifications based on work created and shared by.,0,Unknown,2026-06-18T23:21:39.787108
PHASE 1B: EXTENSION FORUMS,Microsoft Q&A,JNI global reference thread safety,Java.Util.Concurrent.Locks Namespace,https://learn.microsoft.com/en-us/dotnet/api/java.util.concurrent.locks,Table of contents Exit focus mode Table of contents Add Share via Facebook x.com LinkedIn Email Print Java.Util.Concurrent.Locks Namespace Classes AbstractOwnableSynchronizer A synchronizer that may be exclusively owned by a thread. AbstractQueuedLongSynchronizer A version of AbstractQueuedSynchronizer in which synchronization state is maintained.,0,Unknown,2026-06-18T23:21:39.787113
PHASE 1B: EXTENSION FORUMS,Microsoft Q&A,JNI global reference thread safety,Managing Thread References - Win32 apps,https://learn.microsoft.com/en-us/windows/win32/shell/managing-thread-references,"Managing Thread References This article contains information about the management of thread references using functions from the Shell lightweight utility functions. Situations arise when a parent thread must be kept active for the lifetime of a child thread. For instance, if a Component Object Model (COM) object is created on the parent thread and.",0,Unknown,2026-06-18T23:21:39.787119
PHASE 1B: EXTENSION FORUMS,Microsoft Q&A,JNI global reference thread safety,thread,https://learn.microsoft.com/en-us/cpp/cpp/thread,"thread Microsoft Specific The thread extended storage-class modifier is used to declare a thread local variable. For the portable equivalent in C++11 a... Syntax __declspec(thread) declarator Remarks Thread Local Storage (TLS) is the mechanism by which each thread in a multithreaded process allocates storage for thread-specific data. However, as.",0,Unknown,2026-06-18T23:21:39.787124
