phase,forum,keyword,title,link,snippet,score,creation_date,project,list,thread_id,author,collected_at
APACHE_LISTS_REMINING,Apache Lists,javah,Re: An Idea to make Hadoop Code setup easy,"https://lists.apache.org/thread/
 <CABCYYb-j-C0xLh++GUE9E3F94z-Td1+yQvuNFXSjp0tyDYd00Q@mail.gmail.com>","Mac cmake had a bug in the 2.x line that impacted the Hadoop build.  I
forget the details of the bug, but I'm currently building successfully with
cmake 3.0.2 on Mac.  Our BUILDING.txt file documents this requirement:

* CMake 2.6 or newer (if compiling native code), must be 3.0 or newer on Mac

If you're certain that cmake is installed and on the PATH, then I recommend
running cmake --version to ",0,2015-01-07,hadoop,common-dev@hadoop.apache.org,"
 <CABCYYb-j-C0xLh++GUE9E3F94z-Td1+yQvuNFXSjp0tyDYd00Q@mail.gmail.com>",Chris Nauroth <cnauroth@hortonworks.com>,2026-09-30T20:55:53.324709
APACHE_LISTS_REMINING,Apache Lists,javah,"[jira] [Created] (HADOOP-11537) Native compilation fails for
 Checksum.cc due to an  incompatibility of assembler register constraint for
 PowerPC",https://lists.apache.org/thread/<JIRA.12771988.1422957053000.239846.1422957094981@Atlassian.JIRA>,"Stephan Drescher created HADOOP-11537:
-----------------------------------------

             Summary: Native compilation fails for Checksum.cc due to an  incompatibility of assembler register constraint for PowerPC
                 Key: HADOOP-11537
                 URL: https://issues.apache.org/jira/browse/HADOOP-11537
             Project: Hadoop Common
          Issue Type: Bug
          Com",0,2015-02-03,hadoop,common-dev@hadoop.apache.org,<JIRA.12771988.1422957053000.239846.1422957094981@Atlassian.JIRA>,"""Stephan Drescher (JIRA)"" <jira@apache.org>",2026-09-30T20:55:55.488895
APACHE_LISTS_REMINING,Apache Lists,compilation errors,Fwd: [Hadoop] AvroRecord cannot be resolved,"https://lists.apache.org/thread/
 <CAEqsKk75DCGrxKvpysFv9xQAXc-pU_zpPVYR4bP-wZnNrQspHw@mail.gmail.com>","Hi all,
I am new hadoop. I was trying to load all the project in eclipse. After
building hadoop sucessfully using maven3 , I tried to import the Hadoop
into eclipse Luna. But to my surprise even after building the project,
eclipse gives me a lot compilation errors in which the first few is ""Avro
Record cannot be resolved."" . Does anyone have an idea how to solve this
problem so i build and run the",0,2015-02-07,hadoop,common-dev@hadoop.apache.org,"
 <CAEqsKk75DCGrxKvpysFv9xQAXc-pU_zpPVYR4bP-wZnNrQspHw@mail.gmail.com>",Priyank Kapadia <priyankkapadia89@gmail.com>,2026-09-30T20:55:55.488904
APACHE_LISTS_REMINING,Apache Lists,compilation errors,Re: [Hadoop] AvroRecord cannot be resolved,"https://lists.apache.org/thread/
 <CADoWKTBQCD5rUJtSJtznxV8Z_4CS6sFCD5fb9zy0tqpLd3d0Mg@mail.gmail.com>","Hi,

I believe you have generated the eclipse project files using the
eclipse:eclipse goal.

This generates the project files for hadoop-common project without the
genarated test sources added as source folder.

I really dont know why this happens.

But, You can resolve it by Just adding,
*hadoop-common-project\hadoop-common\target\generated-test-sources\java
*directory as source directory for the",0,2015-02-09,hadoop,common-dev@hadoop.apache.org,"
 <CADoWKTBQCD5rUJtSJtznxV8Z_4CS6sFCD5fb9zy0tqpLd3d0Mg@mail.gmail.com>",Vinayakumar B <vinayakumarb@apache.org>,2026-09-30T20:55:55.488907
APACHE_LISTS_REMINING,Apache Lists,javah,"[jira] [Created] (HADOOP-12039) Build native codes modularly even
 in a component",https://lists.apache.org/thread/<JIRA.12833616.1432857342000.59559.1432857377605@Atlassian.JIRA>,"Kai Zheng created HADOOP-12039:
----------------------------------

             Summary: Build native codes modularly even in a component
                 Key: HADOOP-12039
                 URL: https://issues.apache.org/jira/browse/HADOOP-12039
             Project: Hadoop Common
          Issue Type: Improvement
            Reporter: Kai Zheng
            Assignee: Kai Zheng


It might be good ",0,2015-05-28,hadoop,common-dev@hadoop.apache.org,<JIRA.12833616.1432857342000.59559.1432857377605@Atlassian.JIRA>,"""Kai Zheng (JIRA)"" <jira@apache.org>",2026-09-30T20:56:03.322723
APACHE_LISTS_REMINING,Apache Lists,JNIEnv,Re: DomainSocket issues on Solaris,https://lists.apache.org/thread/<5613D87E.7090602@oracle.com>,"On 06/10/2015 11:01, Steve Loughran wrote:

>> I really don't want to do that as it relegates Solaris to only ever
>> being a second-class citizen.
>
> I know that Solaris matters to you 100%, and we've tried to be as
> supportive as we can, even though it's not viewed as important to
> anyone else. We don't want to make it 2nd class, just want to get it
> to be 1st class in a way which doesn't cr",0,2015-10-06,hadoop,common-dev@hadoop.apache.org,<5613D87E.7090602@oracle.com>,Alan Burlison <Alan.Burlison@oracle.com>,2026-09-30T20:56:29.088523
APACHE_LISTS_REMINING,Apache Lists,compilation errors,"[jira] [Created] (HADOOP-12479) ProtocMojo does not log the reason
 for a protoc compilation failure.",https://lists.apache.org/thread/<JIRA.12905035.1444861781000.42507.1444861805831@Atlassian.JIRA>,"Chris Nauroth created HADOOP-12479:
--------------------------------------

             Summary: ProtocMojo does not log the reason for a protoc compilation failure.
                 Key: HADOOP-12479
                 URL: https://issues.apache.org/jira/browse/HADOOP-12479
             Project: Hadoop Common
          Issue Type: Bug
          Components: build
            Reporter: Chris Nauroth",0,2015-10-14,hadoop,common-dev@hadoop.apache.org,<JIRA.12905035.1444861781000.42507.1444861805831@Atlassian.JIRA>,"""Chris Nauroth (JIRA)"" <jira@apache.org>",2026-09-30T20:56:29.088546
APACHE_LISTS_REMINING,Apache Lists,javah,Build failed in Jenkins: Hadoop-common-trunk-Java8 #752,https://lists.apache.org/thread/<636548927.8292.1448679817682.JavaMail.jenkins@crius>,"See <https://builds.apache.org/job/Hadoop-common-trunk-Java8/752/changes>

Changes:

[aw] HADOOP-11505. Various native parts use bswap incorrectly and unportably

------------------------------------------
[...truncated 4375 lines...]
[INFO] 
[INFO] --- maven-war-plugin:2.4:war (default-war) @ hadoop-auth-examples ---
[INFO] Packaging webapp
[INFO] Assembling webapp [hadoop-auth-examples] in [<htt",0,2015-11-28,hadoop,common-dev@hadoop.apache.org,<636548927.8292.1448679817682.JavaMail.jenkins@crius>,Apache Jenkins Server  <jenkins@builds.apache.org>,2026-09-30T20:56:32.347848
APACHE_LISTS_REMINING,Apache Lists,javah,Build failed in Jenkins: Hadoop-Common-trunk #2051,https://lists.apache.org/thread/<880056782.8293.1448681155700.JavaMail.jenkins@crius>,"See <https://builds.apache.org/job/Hadoop-Common-trunk/2051/changes>

Changes:

[aw] HADOOP-11505. Various native parts use bswap incorrectly and unportably

------------------------------------------
[...truncated 4352 lines...]
[INFO] Deleting <https://builds.apache.org/job/Hadoop-Common-trunk/ws/hadoop-common-project/hadoop-auth-examples/target>
[INFO] 
[INFO] --- findbugs-maven-plugin:3.0.0:fi",0,2015-11-28,hadoop,common-dev@hadoop.apache.org,<880056782.8293.1448681155700.JavaMail.jenkins@crius>,Apache Jenkins Server  <jenkins@builds.apache.org>,2026-09-30T20:56:32.347864
APACHE_LISTS_REMINING,Apache Lists,UnsatisfiedLinkError,"[jira] [Created] (HADOOP-12638) UnsatisfiedLinkError while checking
 ISA-L in checknative command.",https://lists.apache.org/thread/<JIRA.12921627.1450090423000.13418.1450090426763@Atlassian.JIRA>,"Kai Sasaki created HADOOP-12638:
-----------------------------------

             Summary: UnsatisfiedLinkError while checking ISA-L in checknative command.
                 Key: HADOOP-12638
                 URL: https://issues.apache.org/jira/browse/HADOOP-12638
             Project: Hadoop Common
          Issue Type: Bug
          Components: native
            Reporter: Kai Sasaki
          ",0,2015-12-14,hadoop,common-dev@hadoop.apache.org,<JIRA.12921627.1450090423000.13418.1450090426763@Atlassian.JIRA>,"""Kai Sasaki (JIRA)"" <jira@apache.org>",2026-09-30T20:56:35.334487
APACHE_LISTS_REMINING,Apache Lists,JNIEnv,"[jira] [Created] (HADOOP-12955) checknative failed when checking
 ISA-L library",https://lists.apache.org/thread/<JIRA.12952663.1458697317000.25140.1458697345558@Atlassian.JIRA>,"Kai Zheng created HADOOP-12955:
----------------------------------

             Summary: checknative failed when checking ISA-L library
                 Key: HADOOP-12955
                 URL: https://issues.apache.org/jira/browse/HADOOP-12955
             Project: Hadoop Common
          Issue Type: Bug
            Reporter: Kai Zheng
            Assignee: Kai Zheng


Ref. the comment [here|http",0,2016-03-23,hadoop,common-dev@hadoop.apache.org,<JIRA.12952663.1458697317000.25140.1458697345558@Atlassian.JIRA>,"""Kai Zheng (JIRA)"" <jira@apache.org>",2026-09-30T20:56:44.290032
APACHE_LISTS_REMINING,Apache Lists,System.loadLibrary,"[jira] [Created] (HADOOP-12989) Some tests in
 org.apache.hadoop.fs.shell.find occasionally time out",https://lists.apache.org/thread/<JIRA.12955194.1459488028000.108621.1459488085455@Atlassian.JIRA>,"Akira AJISAKA created HADOOP-12989:
--------------------------------------

             Summary: Some tests in org.apache.hadoop.fs.shell.find occasionally time out
                 Key: HADOOP-12989
                 URL: https://issues.apache.org/jira/browse/HADOOP-12989
             Project: Hadoop Common
          Issue Type: Bug
          Components: test
            Reporter: Akira AJISAKA

",0,2016-04-01,hadoop,common-dev@hadoop.apache.org,<JIRA.12955194.1459488028000.108621.1459488085455@Atlassian.JIRA>,"""Akira AJISAKA (JIRA)"" <jira@apache.org>",2026-09-30T20:56:46.977906
APACHE_LISTS_REMINING,Apache Lists,javah,Problems compiling hadoop trunk on windows,https://lists.apache.org/thread/<CAGCyb56C+sEEmZ063n9qEi-Z0UN7Pv=hGdpYBuKr5+18FpOXHA@mail.gmail.com>,"Hi

I was wondering if folks who compile Hadoop trunk on windows regularly have
hit this issue:

[INFO] --- native-maven-plugin:1.0-alpha-8:javah (default) @ hadoop-common
---
[INFO] cmd.exe /X /C """"C:\Program Files\Java\jdk1.8.0_121\bin\javah"" -d
C:\Users\arsuresh\stuff\hadoop\hadoop-common-project\hadoop-common\target\native\javah
-classpath org.apache.hadoop.util.NativeCrc32""
....
....
*The com",0,2017-01-28,hadoop,common-dev@hadoop.apache.org,<CAGCyb56C+sEEmZ063n9qEi-Z0UN7Pv=hGdpYBuKr5+18FpOXHA@mail.gmail.com>,Arun Suresh <asuresh@apache.org>,2026-09-30T20:57:10.159705
APACHE_LISTS_REMINING,Apache Lists,javah,RE: Problems compiling hadoop trunk on windows,https://lists.apache.org/thread/<8AD4EE147886274A8B495D6AF407DF698F202C12@BLREML509-MBS.china.huawei.com>,"It might be problem with maven repository, What's your maven repository path..? 

May be you can change to shorter path and check.



Regards
Brahma Reddy Battula

-----Original Message-----
From: Arun Suresh [mailto:asuresh@apache.org] 
Sent: 29 January 2017 03:15
To: Hadoop Common; yarn-dev@hadoop.apache.org; Hdfs-dev
Subject: Problems compiling hadoop trunk on windows

Hi

I wa",0,2017-01-30,hadoop,common-dev@hadoop.apache.org,<8AD4EE147886274A8B495D6AF407DF698F202C12@BLREML509-MBS.china.huawei.com>,Brahma Reddy Battula <brahmareddy.battula@huawei.com>,2026-09-30T20:57:10.159719
APACHE_LISTS_REMINING,Apache Lists,javah,Re: Problems compiling hadoop trunk on windows,https://lists.apache.org/thread/<CAGCyb55WXk4DiLMgfVuXVM0ZWdd5F3CwxvB2qL=11jBV60BVDA@mail.gmail.com>,"Thanks Brahma..
That worked.. unfortunately, now the compile complains that I do not have
the right sdk, even though I have VS 2015, win SDK 8.1 and SDK 7.1
installed.

Cheers
-Arun

On Sun, Jan 29, 2017 at 7:31 PM, Brahma Reddy Battula <
brahmareddy.battula@huawei.com> wrote:

> It might be problem with maven repository, What's your maven repository
> path..?
>
> May be you can change to shorter ",0,2017-01-31,hadoop,common-dev@hadoop.apache.org,<CAGCyb55WXk4DiLMgfVuXVM0ZWdd5F3CwxvB2qL=11jBV60BVDA@mail.gmail.com>,Arun Suresh <asuresh@apache.org>,2026-09-30T20:57:12.151427
APACHE_LISTS_REMINING,Apache Lists,javah,Re: Problems compiling hadoop trunk on windows,https://lists.apache.org/thread/<DM3PR18MB079583B2B7578530E7657FDDE14C0@DM3PR18MB0795.namprd18.prod.outlook.com>,"
Glad to hear that it's worked for you..


I think problem with VS2015 Or .NET framework.But I never tried with VS2015.


Compilation can be success  with VS2010 and SDK7.1 (.NET 4.0).





Thanks And Regards
Brahma Reddy Battula


________________________________
From: Arun Suresh <asuresh@apache.org>
Sent: Wednesday, February 1, 2017 9:37 AM
To: Brahma Reddy Battula
Cc: Hadoop Common; yarn-dev@h",0,2017-02-02,hadoop,common-dev@hadoop.apache.org,<DM3PR18MB079583B2B7578530E7657FDDE14C0@DM3PR18MB0795.namprd18.prod.outlook.com>,Brahma Reddy Battula <brahmareddy.battula@hotmail.com>,2026-09-30T20:57:12.151438
APACHE_LISTS_REMINING,Apache Lists,javah,"[jira] [Created] (HADOOP-14064) Native maven build fails for
 non-default zlib location",https://lists.apache.org/thread/<JIRA.13040845.1486439266000.12269.1486439322482@Atlassian.JIRA>,"David James created HADOOP-14064:
------------------------------------

             Summary: Native maven build fails for non-default zlib location
                 Key: HADOOP-14064
                 URL: https://issues.apache.org/jira/browse/HADOOP-14064
             Project: Hadoop Common
          Issue Type: Bug
          Components: build, native
    Affects Versions: 2.7.3
            Repor",0,2017-02-07,hadoop,common-dev@hadoop.apache.org,<JIRA.13040845.1486439266000.12269.1486439322482@Atlassian.JIRA>,"""David James (JIRA)"" <jira@apache.org>",2026-09-30T20:57:12.151440
APACHE_LISTS_REMINING,Apache Lists,UnsatisfiedLinkError,"[jira] [Created] (HADOOP-14350) Relative path for Kerberos keytab
 is not working on IBM JDK",https://lists.apache.org/thread/<JIRA.13066566.1493090758000.40778.1493090764137@Atlassian.JIRA>,"Wen Yuan Chen created HADOOP-14350:
--------------------------------------

             Summary: Relative path for Kerberos keytab is not working on IBM JDK
                 Key: HADOOP-14350
                 URL: https://issues.apache.org/jira/browse/HADOOP-14350
             Project: Hadoop Common
          Issue Type: Bug
          Components: common, security
    Affects Versions: 2.7.3
     ",0,2017-04-25,hadoop,common-dev@hadoop.apache.org,<JIRA.13066566.1493090758000.40778.1493090764137@Atlassian.JIRA>,"""Wen Yuan Chen (JIRA)"" <jira@apache.org>",2026-09-30T20:57:17.653394
APACHE_LISTS_REMINING,Apache Lists,UnsatisfiedLinkError,"[jira] [Created] (HADOOP-14358)  NativeCodeLoader: Failed to load
 native-hadoop with error: java.lang.UnsatisfiedLinkError: Native Library
 /usr/java/jdk/jre/lib/amd64/libhadoop.so already loaded in another
 classloader",https://lists.apache.org/thread/<JIRA.13067220.1493258955000.61695.1493259004070@Atlassian.JIRA>,"liuxian created HADOOP-14358:
--------------------------------

             Summary:  NativeCodeLoader: Failed to load native-hadoop with error: java.lang.UnsatisfiedLinkError: Native Library /usr/java/jdk/jre/lib/amd64/libhadoop.so already loaded in another classloader
                 Key: HADOOP-14358
                 URL: https://issues.apache.org/jira/browse/HADOOP-14358
             Project",0,2017-04-27,hadoop,common-dev@hadoop.apache.org,<JIRA.13067220.1493258955000.61695.1493259004070@Atlassian.JIRA>,"""liuxian (JIRA)"" <jira@apache.org>",2026-09-30T20:57:17.653406
APACHE_LISTS_REMINING,Apache Lists,UnsatisfiedLinkError,"[jira] [Resolved] (HADOOP-14358)  NativeCodeLoader: Failed to load
 native-hadoop with error: java.lang.UnsatisfiedLinkError: Native Library
 /usr/java/jdk/jre/lib/amd64/libhadoop.so already loaded in another
 classloader",https://lists.apache.org/thread/<JIRA.13067220.1493258955000.64490.1493286664158@Atlassian.JIRA>,"
     [ https://issues.apache.org/jira/browse/HADOOP-14358?page=com.atlassian.jira.plugin.system.issuetabpanels:all-tabpanel ]

Masatake Iwasaki resolved HADOOP-14358.
---------------------------------------
    Resolution: Invalid

Please use [user mailing list|https://hadoop.apache.org/mailing_lists.html] to ask about operational issue. The log message implies misconfiguration.

>  NativeCodeLoa",0,2017-04-27,hadoop,common-dev@hadoop.apache.org,<JIRA.13067220.1493258955000.64490.1493286664158@Atlassian.JIRA>,"""Masatake Iwasaki (JIRA)"" <jira@apache.org>",2026-09-30T20:57:17.653409
APACHE_LISTS_REMINING,Apache Lists,JNIEnv,Apache Hadoop qbt Report: trunk+JDK8 on Linux/x86,https://lists.apache.org/thread/<1767525103.5825.1497021764339.JavaMail.jenkins@crius>,"For more details, see https://builds.apache.org/job/hadoop-qbt-trunk-java8-linux-x86/429/

[Jun 8, 2017 5:08:08 PM] (templedf) YARN-6679. Reduce Resource instance overhead via non-PBImpl (Contributed
[Jun 8, 2017 9:15:09 PM] (jzhuge) HDFS-11851. getGlobalJNIEnv() may deadlock if exception is thrown.
[Jun 8, 2017 9:36:47 PM] (liuml07) HDFS-11945. Internal lease recovery may not be retried for a lon",0,2017-06-09,hadoop,common-dev@hadoop.apache.org,<1767525103.5825.1497021764339.JavaMail.jenkins@crius>,Apache Jenkins Server <jenkins@builds.apache.org>,2026-09-30T20:57:22.541332
APACHE_LISTS_REMINING,Apache Lists,JNIEnv,Apache Hadoop qbt Report: trunk+JDK8 on Linux/ppc64le,https://lists.apache.org/thread/<986040069.5953.1497037194339.JavaMail.jenkins@crius>,"For more details, see https://builds.apache.org/job/hadoop-qbt-trunk-java8-linux-ppc/340/

[Jun 8, 2017 5:08:08 PM] (templedf) YARN-6679. Reduce Resource instance overhead via non-PBImpl (Contributed
[Jun 8, 2017 9:15:09 PM] (jzhuge) HDFS-11851. getGlobalJNIEnv() may deadlock if exception is thrown.
[Jun 8, 2017 9:36:47 PM] (liuml07) HDFS-11945. Internal lease recovery may not be retried for a lon",0,2017-06-09,hadoop,common-dev@hadoop.apache.org,<986040069.5953.1497037194339.JavaMail.jenkins@crius>,Apache Jenkins Server <jenkins@builds.apache.org>,2026-09-30T20:57:22.541342
APACHE_LISTS_REMINING,Apache Lists,javah,"hadoop-common Maven build failed on Windows due to too long command
 line for classpath",https://lists.apache.org/thread/<CA+9w6a0nsjcndzn9zaot+jQSggHfZGAjbi8GDFJO3OSjbdAvEA@mail.gmail.com>,"I cannot make Maven build on hadoop-common successful on Windows.  The
error shows as follows.

...
[INFO] --- native-maven-plugin:1.0-alpha-8:javah (default) @ hadoop-common
---
[INFO] cmd.exe /X /C ""D:\a\tools\java\jdk1.8.0_45\bin\javah -d
D:\apache\hadoop\hadoop-common-project\hadoop-common\target\native\javah
-classpath
D:\apache\hadoop\hadoop-common-project\hadoop-common\target\classes;...
..",0,2017-08-09,hadoop,common-dev@hadoop.apache.org,<CA+9w6a0nsjcndzn9zaot+jQSggHfZGAjbi8GDFJO3OSjbdAvEA@mail.gmail.com>,Ping Liu <pingpinganan@gmail.com>,2026-09-30T20:57:27.960639
APACHE_LISTS_REMINING,Apache Lists,javah,"RE: hadoop-common Maven build failed on Windows due to too long
 command line for classpath",https://lists.apache.org/thread/<8AD4EE147886274A8B495D6AF407DF698FCB92D4@BLREML503-MBX.china.huawei.com>,"It might be problem with maven repo path, may be you can change to shorter path and check once.

Example:

mvn clean install -DskipTests -Dmaven.repo.local=C:\MavenRepo


Reference:
http://lucene.472066.n3.nabble.com/Problems-compiling-hadoop-trunk-on-windows-td4317688.html

just googled with  ""The command line is too long + brahma reddy"",got the above link..:)


--Brahma Reddy Battul",0,2017-08-09,hadoop,common-dev@hadoop.apache.org,<8AD4EE147886274A8B495D6AF407DF698FCB92D4@BLREML503-MBX.china.huawei.com>,Brahma Reddy Battula <brahmareddy.battula@huawei.com>,2026-09-30T20:57:27.960653
APACHE_LISTS_REMINING,Apache Lists,javah,"Re: hadoop-common Maven build failed on Windows due to too long
 command line for classpath",https://lists.apache.org/thread/<CA+9w6a0D4Mt1fwWfz-REPbXf+qqWwDY+Lh9yU4s5vGJspKZ1Kg@mail.gmail.com>,"Hi Brahma,

I tried your way.  I think it works!  Although there is some other issue
coming up (which I need fix later), the build process doesn't complain for
too long command line any more.

My previous default maverepo is C:\Users\Ping\.m2\repository and now is
changed to D:\mavenrepo.

Yes, I did read you and Arun's post in that link.  Yes, Arun said it worked
but didn't mention whether or not",0,2017-08-09,hadoop,common-dev@hadoop.apache.org,<CA+9w6a0D4Mt1fwWfz-REPbXf+qqWwDY+Lh9yU4s5vGJspKZ1Kg@mail.gmail.com>,Ping Liu <pingpinganan@gmail.com>,2026-09-30T20:57:27.960655
APACHE_LISTS_REMINING,Apache Lists,javah,Re: hadoop-common Maven build failed on Windows due to too long command line for classpath,https://lists.apache.org/thread/<90DFEF89-8E6A-4399-9089-0286DE58AE5D@effectivemachines.com>,"
	It’s probably worth pointing out that as soon as the native-maven-plugin gets an update, we’ll be able to have a longer path.  Unfortunately, like leveldbjni-all, it’s effectively dead as far as updates; the fix was committed in 2014 and there hasn’t been an update since.

	As a project, we really should be looking to replace these components.

	FWIW, in the case of Windows, I’ve got the daily q",0,2017-08-09,hadoop,common-dev@hadoop.apache.org,<90DFEF89-8E6A-4399-9089-0286DE58AE5D@effectivemachines.com>,Allen Wittenauer <aw@effectivemachines.com>,2026-09-30T20:57:27.960657
APACHE_LISTS_REMINING,Apache Lists,javah,"Re: hadoop-common Maven build failed on Windows due to too long
 command line for classpath",https://lists.apache.org/thread/<CAPwQCrkcKbnG5wr9PBP-os=2DU4wscN7Ejp3x0xbcUDHcE2Uww@mail.gmail.com>,"Glad to hear that it's worked for you.

On Thu, 10 Aug 2017 at 1:51 AM, Ping Liu <pingpinganan@gmail.com> wrote:

> Hi Brahma,
>
> I tried your way.  I think it works!  Although there is some other issue
> coming up (which I need fix later), the build process doesn't complain for
> too long command line any more.
>
> My previous default maverepo is C:\Users\Ping\.m2\repository and now is
> changed",0,2017-08-10,hadoop,common-dev@hadoop.apache.org,<CAPwQCrkcKbnG5wr9PBP-os=2DU4wscN7Ejp3x0xbcUDHcE2Uww@mail.gmail.com>,Brahma Reddy Battula <brahma@apache.org>,2026-09-30T20:57:27.960659
APACHE_LISTS_REMINING,Apache Lists,UnsatisfiedLinkError,"[jira] [Created] (HADOOP-14981) SnappyCodec.checkNativeCodeLoaded
 raises UnsatisfiedLinkError if native code is missing",https://lists.apache.org/thread/<JIRA.13111989.1508942343000.56631.1508942400540@Atlassian.JIRA>,"Steve Loughran created HADOOP-14981:
---------------------------------------

             Summary: SnappyCodec.checkNativeCodeLoaded raises UnsatisfiedLinkError if native code is missing
                 Key: HADOOP-14981
                 URL: https://issues.apache.org/jira/browse/HADOOP-14981
             Project: Hadoop Common
          Issue Type: Bug
            Reporter: Steve Loughran


I'm",0,2017-10-25,hadoop,common-dev@hadoop.apache.org,<JIRA.13111989.1508942343000.56631.1508942400540@Atlassian.JIRA>,"""Steve Loughran (JIRA)"" <jira@apache.org>",2026-09-30T20:57:33.559695
APACHE_LISTS_REMINING,Apache Lists,compilation errors,Apache Hadoop qbt Report: trunk+JDK8 on Linux/x86,https://lists.apache.org/thread/<1473451986.1096.1521815596507.JavaMail.jenkins@jenkins-master.apache.org>,"For more details, see https://builds.apache.org/job/hadoop-qbt-trunk-java8-linux-x86/729/

[Mar 22, 2018 4:21:52 PM] (inigoiri) HDFS-13318. RBF: Fix FindBugs in hadoop-hdfs-rbf. Contributed by Ekanth
[Mar 22, 2018 5:21:10 PM] (kihwal) HDFS-13195. DataNode conf page cannot display the current value after
[Mar 22, 2018 5:52:02 PM] (arp) HADOOP-15334. Upgrade Maven surefire plugin. Contributed by Arp",0,2018-03-23,hadoop,common-dev@hadoop.apache.org,<1473451986.1096.1521815596507.JavaMail.jenkins@jenkins-master.apache.org>,Apache Jenkins Server <jenkins@builds.apache.org>,2026-09-30T20:57:46.406623
APACHE_LISTS_REMINING,Apache Lists,compilation errors,Apache Hadoop qbt Report: trunk+JDK8 on Windows/x64,https://lists.apache.org/thread/<1811526329.1268.1521860112470.JavaMail.jenkins@jenkins-master.apache.org>,"For more details, see https://builds.apache.org/job/hadoop-trunk-win/415/

[Mar 22, 2018 4:21:52 PM] (inigoiri) HDFS-13318. RBF: Fix FindBugs in hadoop-hdfs-rbf. Contributed by Ekanth
[Mar 22, 2018 5:21:10 PM] (kihwal) HDFS-13195. DataNode conf page cannot display the current value after
[Mar 22, 2018 5:52:02 PM] (arp) HADOOP-15334. Upgrade Maven surefire plugin. Contributed by Arpit
[Mar 22, 2018",0,2018-03-24,hadoop,common-dev@hadoop.apache.org,<1811526329.1268.1521860112470.JavaMail.jenkins@jenkins-master.apache.org>,Apache Jenkins Server <jenkins@builds.apache.org>,2026-09-30T20:57:46.406635
APACHE_LISTS_REMINING,Apache Lists,compilation errors,Apache Hadoop qbt Report: trunk+JDK9 on Linux/x86,https://lists.apache.org/thread/<2019904595.1575.1521961283791.JavaMail.jenkins@jenkins-master.apache.org>,"For more details, see https://builds.apache.org/job/hadoop-qbt-trunk-java9-linux-x86/16/

[Mar 18, 2018 5:14:33 AM] (sunilg) YARN-8040. [UI2] New YARN UI webapp does not respect current pathname
[Mar 18, 2018 5:30:30 AM] (sunilg) YARN-8028. Support authorizeUserAccessToQueue in RMWebServices.
[Mar 19, 2018 12:39:49 AM] (aajisaka) MAPREDUCE-7066. TestQueue fails on Java9
[Mar 19, 2018 7:02:37 AM] (",0,2018-03-25,hadoop,common-dev@hadoop.apache.org,<2019904595.1575.1521961283791.JavaMail.jenkins@jenkins-master.apache.org>,Apache Jenkins Server <jenkins@builds.apache.org>,2026-09-30T20:57:46.406638
APACHE_LISTS_REMINING,Apache Lists,JNI error,Development setup of Hadoop-3.2.0,https://lists.apache.org/thread/<CAJXWD5PpM19yR68=Lz_u6wAP=5Eyc=1fgP=g3ThpKfo1H98tug@mail.gmail.com>,"Hi,

I am trying to set up the latest Hadoop-trunk branch for development. To
build the distribution I am using the *mvn clean install -DskipTests *command
followed by *mvn package -Pdist,native,docs -DskipTests -Dtar .*
The maven build passes but I face the following error when trying to run *hdfs
namenode -format *:

> Error: A JNI error has occurred, please check your installation and try again",0,2018-05-23,hadoop,common-dev@hadoop.apache.org,<CAJXWD5PpM19yR68=Lz_u6wAP=5Eyc=1fgP=g3ThpKfo1H98tug@mail.gmail.com>,Chaitanya M V S <chaitanya.mvs2007@gmail.com>,2026-09-30T20:57:51.551250
APACHE_LISTS_REMINING,Apache Lists,JNI error,Re: Development setup of Hadoop-3.2.0,https://lists.apache.org/thread/<49905DD3-0747-4AF8-A5C5-783EF92B18E2@hortonworks.com>,"try doing everything from in the hadoop-dist/target/hadoop-3.2.0-SNAPSHOT dir: copy into etc/hadoop/conf your config options, then use the CLI from there. 

This is how I test all the object store operations
> On 23 May 2018, at 10:34, Chaitanya M V S <chaitanya.mvs2007@gmail.com> wrote:
> 
> Hi,
> 
> I am trying to set up the latest Hadoop-trunk branch for development. To
> build the distribution",0,2018-05-24,hadoop,common-dev@hadoop.apache.org,<49905DD3-0747-4AF8-A5C5-783EF92B18E2@hortonworks.com>,Steve Loughran <stevel@hortonworks.com>,2026-09-30T20:57:51.551279
APACHE_LISTS_REMINING,Apache Lists,JVM crash,"[jira] [Created] (HADOOP-15557) Crypto streams should not crash
 when mis-used",https://lists.apache.org/thread/<JIRA.13167722.1529693908000.224744.1529693940181@Atlassian.JIRA>,"Todd Lipcon created HADOOP-15557:
------------------------------------

             Summary: Crypto streams should not crash when mis-used
                 Key: HADOOP-15557
                 URL: https://issues.apache.org/jira/browse/HADOOP-15557
             Project: Hadoop Common
          Issue Type: Improvement
          Components: fs
    Affects Versions: 3.2.0
            Reporter: Todd Li",0,2018-06-22,hadoop,common-dev@hadoop.apache.org,<JIRA.13167722.1529693908000.224744.1529693940181@Atlassian.JIRA>,"""Todd Lipcon (JIRA)"" <jira@apache.org>",2026-09-30T20:57:54.526648
APACHE_LISTS_REMINING,Apache Lists,UnsatisfiedLinkError,"[jira] [Created] (HADOOP-15716) native library dependency on the
 very first build",https://lists.apache.org/thread/<JIRA.13182667.1535990109000.220488.1535990160476@Atlassian.JIRA>,"Sree Vaddi created HADOOP-15716:
-----------------------------------

             Summary: native library dependency on the very first build
                 Key: HADOOP-15716
                 URL: https://issues.apache.org/jira/browse/HADOOP-15716
             Project: Hadoop Common
          Issue Type: Bug
          Components: common
    Affects Versions: 3.2.0
         Environment: [INFO] De",0,2018-09-03,hadoop,common-dev@hadoop.apache.org,<JIRA.13182667.1535990109000.220488.1535990160476@Atlassian.JIRA>,"""Sree Vaddi (JIRA)"" <jira@apache.org>",2026-09-30T20:58:02.438236
APACHE_LISTS_REMINING,Apache Lists,javah,"[jira] [Created] (HADOOP-15767) [JDK10] Building native package on
 JDK10 fails due to missing javah",https://lists.apache.org/thread/<JIRA.13185720.1537251830000.97575.1537251840318@Atlassian.JIRA>,"Takanobu Asanuma created HADOOP-15767:
-----------------------------------------

             Summary: [JDK10] Building native package on JDK10 fails due to missing javah
                 Key: HADOOP-15767
                 URL: https://issues.apache.org/jira/browse/HADOOP-15767
             Project: Hadoop Common
          Issue Type: Sub-task
          Components: native
            Reporter: Ta",0,2018-09-18,hadoop,common-dev@hadoop.apache.org,<JIRA.13185720.1537251830000.97575.1537251840318@Atlassian.JIRA>,"""Takanobu Asanuma (JIRA)"" <jira@apache.org>",2026-09-30T20:58:02.438263
APACHE_LISTS_REMINING,Apache Lists,UnsatisfiedLinkError,"how to ignore tests with natives -
 TestRawLocalFileSystemContract#testPermission error",https://lists.apache.org/thread/<20181012143549.08e99e7b@dhcp-28-114.brq.redhat.com>,"Hi,

TestRawLocalFileSystemContract#testPermission fails with
UnsatisfiedLinkError, even if I'm running with `./mvnw test
-Drequire.test.libhadoop=false`. From code it's clear that there is no
condition whether native code is loaded and it's called all the time
[1].

Shouldn't there be a condition that check `require.test.libhadoop` and
ignore the test if `false`? As in TestNativeCodeLoader[2]. Or",0,2018-10-12,hadoop,common-dev@hadoop.apache.org,<20181012143549.08e99e7b@dhcp-28-114.brq.redhat.com>,Michal Vala <mvala@redhat.com>,2026-09-30T20:58:04.651310
APACHE_LISTS_REMINING,Apache Lists,javah,"[jira] [Created] (HADOOP-15856) Trunk build fails to compile native
 on Windows",https://lists.apache.org/thread/<JIRA.13191790.1539664926000.120579.1539664980253@Atlassian.JIRA>,"Vinayakumar B created HADOOP-15856:
--------------------------------------

             Summary: Trunk build fails to compile native on Windows
                 Key: HADOOP-15856
                 URL: https://issues.apache.org/jira/browse/HADOOP-15856
             Project: Hadoop Common
          Issue Type: Bug
          Components: native
            Reporter: Vinayakumar B


After removal of {",0,2018-10-16,hadoop,common-dev@hadoop.apache.org,<JIRA.13191790.1539664926000.120579.1539664980253@Atlassian.JIRA>,"""Vinayakumar B (JIRA)"" <jira@apache.org>",2026-09-30T20:58:04.651331
APACHE_LISTS_REMINING,Apache Lists,UnsatisfiedLinkError,"how to really ignore tests with natives ? - TestRawLocalFileSystemContract#testPermission
 error",https://lists.apache.org/thread/<CANJW0Sscybs=c-0K=Ca9hS3yb7wtTM4P5NjEO9XiRMR-9g04EA@mail.gmail.com>,"Hi,

TestRawLocalFileSystemContract#testPermission fails with
UnsatisfiedLinkError, even if I'm running with `./mvnw test
-Drequire.test.libhadoop=false`. From code it's clear that there is no
condition whether native code is loaded and it's called all the time
[1].

Shouldn't there be a condition that check `require.test.libhadoop` and
ignore the test if `false`? As in TestNativeCodeLoader[2]. Or",0,2018-10-16,hadoop,common-dev@hadoop.apache.org,<CANJW0Sscybs=c-0K=Ca9hS3yb7wtTM4P5NjEO9XiRMR-9g04EA@mail.gmail.com>,Michal Vala <mvala@redhat.com>,2026-09-30T20:58:04.651334
APACHE_LISTS_REMINING,Apache Lists,javah,"[jira] [Resolved] (HADOOP-10819) build hadoop on 64 bit linux
 failure ..",https://lists.apache.org/thread/<JIRA.12726930.1405150114000.85368.1543906440390@Atlassian.JIRA>,"
     [ https://issues.apache.org/jira/browse/HADOOP-10819?page=com.atlassian.jira.plugin.system.issuetabpanels:all-tabpanel ]

Akira Ajisaka resolved HADOOP-10819.
------------------------------------
    Resolution: Invalid

Apache Hadoop can be built from 64bit Linux. Closing this.

> build hadoop on 64 bit linux failure ..
> ---------------------------------------
>
>                 Key: HADO",0,2018-12-04,hadoop,common-dev@hadoop.apache.org,<JIRA.12726930.1405150114000.85368.1543906440390@Atlassian.JIRA>,"""Akira Ajisaka (JIRA)"" <jira@apache.org>",2026-09-30T20:58:08.869788
APACHE_LISTS_REMINING,Apache Lists,JNI issue,Apache Hadoop qbt Report: trunk+JDK8 on Linux/x86,https://lists.apache.org/thread/<280962124.1695.1551800062719.JavaMail.jenkins@jenkins02>,"For more details, see https://builds.apache.org/job/hadoop-qbt-trunk-java8-linux-x86/1066/

[Mar 1, 2019 6:49:39 PM] (xyao) HDDS-1204. Fix ClassNotFound issue with javax.xml.bind.DatatypeConverter
[Mar 1, 2019 11:41:09 PM] (xyao) HDDS-134. SCM CA: OM sends CSR and uses certificate issued by SCM.
[Mar 2, 2019 12:15:20 AM] (7813154+ajayydv) HDDS-1183. Override getDelegationToken API for OzoneFileSys",0,2019-03-05,hadoop,common-dev@hadoop.apache.org,<280962124.1695.1551800062719.JavaMail.jenkins@jenkins02>,Apache Jenkins Server <jenkins@builds.apache.org>,2026-09-30T20:58:15.677192
APACHE_LISTS_REMINING,Apache Lists,JNA,Update guava to 27.0-jre in hadoop-project,https://lists.apache.org/thread/<CA+3yiX3VUWdD5q5qsX1LX=+xvqJ1doD=0543C3bMsusHfg-_Dw@mail.gmail.com>,"Hi devs,

I'm working on the guava version from 11.0.2 to 27.0-jre in hadoop-project.
We need to do the upgrade because of CVE-2018-10237
<https://nvd.nist.gov/vuln/detail/CVE-2018-10237>.

I've created an issue (HADOOP-15960
<https://issues.apache.org/jira/browse/HADOOP-15960>) to track progress and
created subtasks for hadoop branches 3.0, 3.1, 3.2 and trunk. The first
update should be done in t",0,2019-04-01,hadoop,common-dev@hadoop.apache.org,<CA+3yiX3VUWdD5q5qsX1LX=+xvqJ1doD=0543C3bMsusHfg-_Dw@mail.gmail.com>,Gabor Bota <gabor.bota@cloudera.com.INVALID>,2026-09-30T20:58:18.414650
APACHE_LISTS_REMINING,Apache Lists,JNA,Re: Update guava to 27.0-jre in hadoop-project,https://lists.apache.org/thread/<CAL7CpJzF4iggwto4oa8vRC4skZVpgytUyUs8kt22efABNVxyGg@mail.gmail.com>,"I know that the number of guava updates we could call painless is 0, but we
need to do this.

The last time we successfully updated Guava was 2012: h
ttps://issues.apache.org/jira/browse/HDFS-3187
That was the java 6 era

The last unsuccessful attempt, April 2017:
https://issues.apache.org/jira/browse/HADOOP-14386

Let's try again and this time if there are problems say: sorry, but its
time to mov",0,2019-04-02,hadoop,common-dev@hadoop.apache.org,<CAL7CpJzF4iggwto4oa8vRC4skZVpgytUyUs8kt22efABNVxyGg@mail.gmail.com>,Steve Loughran <stevel@cloudera.com.INVALID>,2026-09-30T20:58:18.414683
APACHE_LISTS_REMINING,Apache Lists,JNA,Re: Update guava to 27.0-jre in hadoop-project,https://lists.apache.org/thread/<CAL7CpJwnu3HfwoYeybWxyX0RJ6Fyh1He3Aa7gBWiH5LJ56hpuQ@mail.gmail.com>,"I am taking silence as happiness here.

+1 to the patch

On Tue, Apr 2, 2019 at 9:54 AM Steve Loughran <stevel@cloudera.com> wrote:

>
> I know that the number of guava updates we could call painless is 0, but
> we need to do this.
>
> The last time we successfully updated Guava was 2012: h
> ttps://issues.apache.org/jira/browse/HDFS-3187
> That was the java 6 era
>
> The last unsuccessful attempt",0,2019-04-03,hadoop,common-dev@hadoop.apache.org,<CAL7CpJwnu3HfwoYeybWxyX0RJ6Fyh1He3Aa7gBWiH5LJ56hpuQ@mail.gmail.com>,Steve Loughran <stevel@cloudera.com.INVALID>,2026-09-30T20:58:18.414686
APACHE_LISTS_REMINING,Apache Lists,JNA,Re: Update guava to 27.0-jre in hadoop-project,https://lists.apache.org/thread/<CADiq6=xtjZFanoYdkKbDsn2UabFpiqe5e3tyFZax3uJHK0wPXA@mail.gmail.com>,"+1

I watched Gabor working on this and this is a very comprehensive, which
also includes testing in downstreamers (HBase and Hive). So very good work.

Thanks!

On Wed, Apr 3, 2019 at 3:41 AM Steve Loughran <stevel@cloudera.com.invalid>
wrote:

> I am taking silence as happiness here.
>
> +1 to the patch
>
> On Tue, Apr 2, 2019 at 9:54 AM Steve Loughran <stevel@cloudera.com> wrote:
>
> >
> > I kn",0,2019-04-03,hadoop,common-dev@hadoop.apache.org,<CADiq6=xtjZFanoYdkKbDsn2UabFpiqe5e3tyFZax3uJHK0wPXA@mail.gmail.com>,Wei-Chiu Chuang <weichiu@cloudera.com.INVALID>,2026-09-30T20:58:18.414688
APACHE_LISTS_REMINING,Apache Lists,UnsatisfiedLinkError,"[jira] [Created] (HADOOP-16321) ITestS3ASSL failing
 java.lang.UnsatisfiedLinkError",https://lists.apache.org/thread/<JIRA.13234132.1558209614000.277326.1558209660401@Atlassian.JIRA>,"Steve Loughran created HADOOP-16321:
---------------------------------------

             Summary: ITestS3ASSL failing java.lang.UnsatisfiedLinkError
                 Key: HADOOP-16321
                 URL: https://issues.apache.org/jira/browse/HADOOP-16321
             Project: Hadoop Common
          Issue Type: Bug
          Components: fs/s3, test
    Affects Versions: 3.3.0
         Environm",0,2019-05-18,hadoop,common-dev@hadoop.apache.org,<JIRA.13234132.1558209614000.277326.1558209660401@Atlassian.JIRA>,"""Steve Loughran (JIRA)"" <jira@apache.org>",2026-09-30T20:58:20.544687
APACHE_LISTS_REMINING,Apache Lists,UnsatisfiedLinkError,"[jira] [Resolved] (HADOOP-16321)
 ITestS3ASSL+TestOpenSSLSocketFactory failing with
 java.lang.UnsatisfiedLinkErrors",https://lists.apache.org/thread/<JIRA.13234132.1558209614000.316910.1558462260781@Atlassian.JIRA>,"
     [ https://issues.apache.org/jira/browse/HADOOP-16321?page=com.atlassian.jira.plugin.system.issuetabpanels:all-tabpanel ]

Sean Mackrory resolved HADOOP-16321.
------------------------------------
    Resolution: Fixed

> ITestS3ASSL+TestOpenSSLSocketFactory failing with java.lang.UnsatisfiedLinkErrors
> ---------------------------------------------------------------------------------
>
>    ",0,2019-05-21,hadoop,common-dev@hadoop.apache.org,<JIRA.13234132.1558209614000.316910.1558462260781@Atlassian.JIRA>,"""Sean Mackrory (JIRA)"" <jira@apache.org>",2026-09-30T20:58:20.544698
APACHE_LISTS_REMINING,Apache Lists,javah,"[jira] [Created] (HADOOP-16923) mkdir on s3a should not be
 sensitive to trailing '/'",https://lists.apache.org/thread/<JIRA.13291590.1584115066000.60518.1584115080342@Atlassian.JIRA>,"Zoltan Haindrich created HADOOP-16923:
-----------------------------------------

             Summary: mkdir on s3a should not be sensitive to trailing '/'
                 Key: HADOOP-16923
                 URL: https://issues.apache.org/jira/browse/HADOOP-16923
             Project: Hadoop Common
          Issue Type: Bug
          Components: fs/s3
            Reporter: Zoltan Haindrich


I wo",0,2020-03-13,hadoop,common-dev@hadoop.apache.org,<JIRA.13291590.1584115066000.60518.1584115080342@Atlassian.JIRA>,"""Zoltan Haindrich (Jira)"" <jira@apache.org>",2026-09-30T20:58:49.256915
APACHE_LISTS_REMINING,Apache Lists,UnsatisfiedLinkError,Fwd: error in installation of hadoop 2.9.2 on windows 10 (64 bit),https://lists.apache.org/thread/<CAFAGA6Xnj0EPtStmMjJG_FgSJ-VLzcGYnZruJz2Nhq=5+yRVSg@mail.gmail.com>,"---------- Forwarded message ---------
From: meghnaist <meghna.intellect@gmail.com>
Date: Wed, Sep 9, 2020, 11:59 PM
Subject: error in installation of hadoop 2.9.2 on windows 10 (64 bit)
To: <common-issues@hadoop.apache.org>


Hi,

I am getting below error after installing hadoop on my machine in
standalone mode.


*20/09/09 23:40:38 ERROR namenode.NameNode: Failed to start
namenode.java.lang.Unsa",0,2020-09-10,hadoop,common-dev@hadoop.apache.org,<CAFAGA6Xnj0EPtStmMjJG_FgSJ-VLzcGYnZruJz2Nhq=5+yRVSg@mail.gmail.com>,meghnaist <meghna.intellect@gmail.com>,2026-09-30T20:59:09.404890
APACHE_LISTS_REMINING,Apache Lists,UnsatisfiedLinkError,Re: error in installation of hadoop 2.9.2 on windows 10 (64 bit),https://lists.apache.org/thread/<CAP+3qq7QF0csvt1XaCgCN-nfP94dQ-OPoZ7bb6+oC1a8QVrzXQ@mail.gmail.com>,"(+ user ML)

Hi Meghna,

Please use user@hadoop.apache.org for end-user questions and discussion.

Regards,
Akira

On Thu, Sep 10, 2020 at 1:31 PM meghnaist <meghna.intellect@gmail.com>
wrote:

>
> ---------- Forwarded message ---------
> From: meghnaist <meghna.intellect@gmail.com>
> Date: Wed, Sep 9, 2020, 11:59 PM
> Subject: error in installation of hadoop 2.9.2 on windows 10 (64 bit)
> To: <co",0,2020-09-10,hadoop,common-dev@hadoop.apache.org,<CAP+3qq7QF0csvt1XaCgCN-nfP94dQ-OPoZ7bb6+oC1a8QVrzXQ@mail.gmail.com>,Akira Ajisaka <aajisaka@gmail.com>,2026-09-30T20:59:09.404903
APACHE_LISTS_REMINING,Apache Lists,javah,"[jira] [Resolved] (HADOOP-16923) mkdir on s3a should not be
 sensitive to trailing '/'",https://lists.apache.org/thread/<JIRA.13291590.1584115066000.254676.1606748520669@Atlassian.JIRA>,"
     [ https://issues.apache.org/jira/browse/HADOOP-16923?page=com.atlassian.jira.plugin.system.issuetabpanels:all-tabpanel ]

Steve Loughran resolved HADOOP-16923.
-------------------------------------
    Resolution: Duplicate

> mkdir on s3a should not be sensitive to trailing '/'
> ----------------------------------------------------
>
>                 Key: HADOOP-16923
>                 URL",0,2020-11-30,hadoop,common-dev@hadoop.apache.org,<JIRA.13291590.1584115066000.254676.1606748520669@Atlassian.JIRA>,"""Steve Loughran (Jira)"" <jira@apache.org>",2026-09-30T20:59:15.757437
APACHE_LISTS_REMINING,Apache Lists,javah,"[jira] [Created] (HADOOP-17569) Building native code fails on
 Fedora 33",https://lists.apache.org/thread/<JIRA.13362882.1615158838000.46986.1615158840032@Atlassian.JIRA>,"Kengo Seki created HADOOP-17569:
-----------------------------------

             Summary: Building native code fails on Fedora 33
                 Key: HADOOP-17569
                 URL: https://issues.apache.org/jira/browse/HADOOP-17569
             Project: Hadoop Common
          Issue Type: Improvement
          Components: build, common
            Reporter: Kengo Seki


I tried to build na",0,2021-03-07,hadoop,common-dev@hadoop.apache.org,<JIRA.13362882.1615158838000.46986.1615158840032@Atlassian.JIRA>,"""Kengo Seki (Jira)"" <jira@apache.org>",2026-09-30T20:59:25.505105
APACHE_LISTS_REMINING,Apache Lists,JVM crash,[jira] [Created] (HADOOP-17584) s3a committer,https://lists.apache.org/thread/<JIRA.13364096.1615543649000.73540.1615543680070@Atlassian.JIRA>,"yinan zhan created HADOOP-17584:
-----------------------------------

             Summary: s3a committer 
                 Key: HADOOP-17584
                 URL: https://issues.apache.org/jira/browse/HADOOP-17584
             Project: Hadoop Common
          Issue Type: Bug
          Components: fs/s3
    Affects Versions: 3.2.0
            Reporter: yinan zhan


s3a magic committer isRecoverySu",0,2021-03-12,hadoop,common-dev@hadoop.apache.org,<JIRA.13364096.1615543649000.73540.1615543680070@Atlassian.JIRA>,"""yinan zhan (Jira)"" <jira@apache.org>",2026-09-30T20:59:25.505118
APACHE_LISTS_REMINING,Apache Lists,JNA,Re: [Conference] Uber's story on running Apache Hadoop deployment in Docker,https://lists.apache.org/thread/<CAPwQCr=25wrRyGSvNgUfZj2HLQ44iKCyHK=AH7RFm=CYxZS3-w@mail.gmail.com>,"Thanks all for attending the session, Hope we can have some more Good
sessions.. Please find the recordings.

https://drive.google.com/drive/u/1/folders/1mtIEUfnEUtil65U0nGGeJNAUYVsPpktt

On Wed, Sep 8, 2021 at 7:37 PM Brahma Reddy Battula <brahma@apache.org>
wrote:

> Hi Sean,
>
> Pacific Time 9th, Sept 9:30 AM…..
>
> Please check the following link relevant time zone..
>
> Time zone :: https://t",0,2021-09-14,hadoop,common-dev@hadoop.apache.org,<CAPwQCr=25wrRyGSvNgUfZj2HLQ44iKCyHK=AH7RFm=CYxZS3-w@mail.gmail.com>,Brahma Reddy Battula <brahma@apache.org>,2026-09-30T20:59:45.038074
APACHE_LISTS_REMINING,Apache Lists,UnsatisfiedLinkError,"[jira] [Resolved] (HADOOP-17891) lz4-java and snappy-java should be
 excluded from relocation in shaded Hadoop libraries",https://lists.apache.org/thread/<JIRA.13399415.1630791189000.1015639.1631643480412@Atlassian.JIRA>,"
     [ https://issues.apache.org/jira/browse/HADOOP-17891?page=com.atlassian.jira.plugin.system.issuetabpanels:all-tabpanel ]

Chao Sun resolved HADOOP-17891.
-------------------------------
    Fix Version/s: 3.4.0
     Hadoop Flags: Reviewed
         Assignee: L. C. Hsieh
       Resolution: Fixed

> lz4-java and snappy-java should be excluded from relocation in shaded Hadoop libraries
> -------",0,2021-09-14,hadoop,common-dev@hadoop.apache.org,<JIRA.13399415.1630791189000.1015639.1631643480412@Atlassian.JIRA>,"""Chao Sun (Jira)"" <jira@apache.org>",2026-09-30T20:59:45.038094
APACHE_LISTS_REMINING,Apache Lists,compilation errors,"[jira] [Resolved] (HADOOP-18244) Fix Hadoop-Common JavaDoc Error on
 branch-3.3",https://lists.apache.org/thread/<JIRA.13445628.1652876261000.155823.1653804120258@Atlassian.JIRA>,"
     [ https://issues.apache.org/jira/browse/HADOOP-18244?page=com.atlassian.jira.plugin.system.issuetabpanels:all-tabpanel ]

Ayush Saxena resolved HADOOP-18244.
-----------------------------------
       Fix Version/s: 3.3.4
        Hadoop Flags: Reviewed
    Target Version/s: 3.3.4  (was: 3.4.0)
          Resolution: Fixed

> Fix Hadoop-Common JavaDoc Error on branch-3.3
> --------------------",0,2022-05-29,hadoop,common-dev@hadoop.apache.org,<JIRA.13445628.1652876261000.155823.1653804120258@Atlassian.JIRA>,"""Ayush Saxena (Jira)"" <jira@apache.org>",2026-09-30T21:00:06.137181
APACHE_LISTS_REMINING,Apache Lists,JVM crash,"[jira] [Resolved] (HADOOP-17584) s3a magic committer may commit
 more data",https://lists.apache.org/thread/<JIRA.13364096.1615543649000.102349.1677253920063@Atlassian.JIRA>,"
     [ https://issues.apache.org/jira/browse/HADOOP-17584?page=com.atlassian.jira.plugin.system.issuetabpanels:all-tabpanel ]

Steve Loughran resolved HADOOP-17584.
-------------------------------------
    Fix Version/s: 3.3.5
       Resolution: Fixed

> s3a magic committer may commit more data
> ----------------------------------------
>
>                 Key: HADOOP-17584
>                 URL",0,2023-02-24,hadoop,common-dev@hadoop.apache.org,<JIRA.13364096.1615543649000.102349.1677253920063@Atlassian.JIRA>,"""Steve Loughran (Jira)"" <jira@apache.org>",2026-09-30T21:00:26.582171
APACHE_LISTS_REMINING,Apache Lists,System.loadLibrary,"[jira] [Created] (HADOOP-18982) Fix doc about loading native
 libraries",https://lists.apache.org/thread/<JIRA.13558549.1700390923000.237265.1700390940266@Atlassian.JIRA>,"Shuyan Zhang created HADOOP-18982:
-------------------------------------

             Summary: Fix doc about loading native libraries
                 Key: HADOOP-18982
                 URL: https://issues.apache.org/jira/browse/HADOOP-18982
             Project: Hadoop Common
          Issue Type: Bug
            Reporter: Shuyan Zhang


When we want load a native library libmyexample.so, the ri",0,2023-11-19,hadoop,common-dev@hadoop.apache.org,<JIRA.13558549.1700390923000.237265.1700390940266@Atlassian.JIRA>,"""Shuyan Zhang (Jira)"" <jira@apache.org>",2026-09-30T21:00:45.963929
APACHE_LISTS_REMINING,Apache Lists,System.loadLibrary,"[jira] [Resolved] (HADOOP-18982) Fix doc about loading native
 libraries",https://lists.apache.org/thread/<JIRA.13558549.1700390923000.43724.1701869160036@Atlassian.JIRA>,"
     [ https://issues.apache.org/jira/browse/HADOOP-18982?page=com.atlassian.jira.plugin.system.issuetabpanels:all-tabpanel ]

Xiaoqiao He resolved HADOOP-18982.
----------------------------------
    Fix Version/s: 3.4.0
     Hadoop Flags: Reviewed
       Resolution: Fixed

> Fix doc about loading native libraries
> --------------------------------------
>
>                 Key: HADOOP-18982
>  ",0,2023-12-06,hadoop,common-dev@hadoop.apache.org,<JIRA.13558549.1700390923000.43724.1701869160036@Atlassian.JIRA>,"""Xiaoqiao He (Jira)"" <jira@apache.org>",2026-09-30T21:00:48.792184
APACHE_LISTS_REMINING,Apache Lists,UnsatisfiedLinkError,Re: [VOTE] Release Apache Hadoop 3.4.0 (RC3),https://lists.apache.org/thread/<bdcc3f77-6a78-45f6-9ac3-a64c86748478@oss.nttdata.com>,"+1 (binding)

Thanks for the great work, Shilun Fan.

+ verified checksums and signatures of src and site tarballs.
+ built from source tarball with native profile enabled on Rocky Linux 8
   and Ubuntu 22.04 (x86_64).
+ deployed pseudo cluster with and without kerberos enabled.
   + ran some example jobs on encryption zone.
   + ran some simple query against httpfs.
+ built site documentation and",0,2024-03-09,hadoop,common-dev@hadoop.apache.org,<bdcc3f77-6a78-45f6-9ac3-a64c86748478@oss.nttdata.com>,Masatake Iwasaki <iwasakims@oss.nttdata.com>,2026-09-30T21:00:56.162743
APACHE_LISTS_REMINING,Apache Lists,UnsatisfiedLinkError,Re: [VOTE] Release Apache Hadoop 3.4.0 (RC3),https://lists.apache.org/thread/<CAL7CpJyKPctnE8CBCpHs5f3fJDgd21vtvvm9FgnOH=XSs0c1SA@mail.gmail.com>,"followup: overnight work happy too.

one interesting pain point is that on a raspberry pi 64 os checknative
complains that libcrypto is missing

> bin/hadoop checknative

2024-03-12 11:50:24,359 INFO bzip2.Bzip2Factory: Successfully loaded &
initialized native-bzip2 library system-native
2024-03-12 11:50:24,363 INFO zlib.ZlibFactory: Successfully loaded &
initialized native-zlib library
2024-03-12",0,2024-03-12,hadoop,common-dev@hadoop.apache.org,<CAL7CpJyKPctnE8CBCpHs5f3fJDgd21vtvvm9FgnOH=XSs0c1SA@mail.gmail.com>,Steve Loughran <stevel@cloudera.com.INVALID>,2026-09-30T21:00:56.162758
APACHE_LISTS_REMINING,Apache Lists,UnsatisfiedLinkError,Re: [VOTE] Release Apache Hadoop 3.4.0 (RC3),https://lists.apache.org/thread/<CAAGq2guEqhKz+En1FqwDrh_P8jN402URDioS6YfRFr0AAtb2tw@mail.gmail.com>,">  Counter should be with yourself vote, where the current summary
is 5 +1 binding and 1 +1 non-binding. Let's re-count when deadline.

Just on the process: The release manager needs to ""explicitly"" vote like
any other before counting their own vote, there has been a lot of
discussions around that at multiple places & the official apache doc has
been updated as well [1], the last paragraph reads:
",0,2024-03-14,hadoop,common-dev@hadoop.apache.org,<CAAGq2guEqhKz+En1FqwDrh_P8jN402URDioS6YfRFr0AAtb2tw@mail.gmail.com>,Ayush Saxena <ayushtkn@gmail.com>,2026-09-30T21:00:56.162761
APACHE_LISTS_REMINING,Apache Lists,UnsatisfiedLinkError,Re: [VOTE] Release Apache Hadoop 3.4.0 (RC3),https://lists.apache.org/thread/<CAF3AjaxdfWsdGM-sp75Qu2UkhWhCu=bW5PEZ7dYvmDFZ9Kh_4A@mail.gmail.com>,"Thanks Ayush for highlighting this information. Absolutely true, we should
count RM's vote when explicit +1 here.

Best Regards,
- He Xiaoqiao

On Thu, Mar 14, 2024 at 3:55 AM Ayush Saxena <ayushtkn@gmail.com> wrote:

> >  Counter should be with yourself vote, where the current summary
> is 5 +1 binding and 1 +1 non-binding. Let's re-count when deadline.
>
> Just on the process: The release manage",0,2024-03-14,hadoop,common-dev@hadoop.apache.org,<CAF3AjaxdfWsdGM-sp75Qu2UkhWhCu=bW5PEZ7dYvmDFZ9Kh_4A@mail.gmail.com>,Xiaoqiao He <hexiaoqiao@apache.org>,2026-09-30T21:00:56.162763
APACHE_LISTS_REMINING,Apache Lists,UnsatisfiedLinkError,Re: [VOTE] Release Apache Hadoop 3.4.0 (RC3),https://lists.apache.org/thread/<CAFF2GdnM=M=Zb_31OQMeLK2n+JgOzvg2kCXA7_MyJj_vK0h+Kw@mail.gmail.com>,"+1 (binding).

Thanks for the great work, Shilun Fan.

* Verified signatures and checksums
* Successfully built from source with native code
* Deployed a distributed cluster (on K8s)
* Successfully ran some Erasure Coding operations with ISA-L codec
* Successfully ran some HDFS RBF operations

Regards,
- Takanobu Asanuma

2024年3月14日(木) 15:19 Xiaoqiao He <hexiaoqiao@apache.org>:

> Thanks Ayush for",0,2024-03-14,hadoop,common-dev@hadoop.apache.org,<CAFF2GdnM=M=Zb_31OQMeLK2n+JgOzvg2kCXA7_MyJj_vK0h+Kw@mail.gmail.com>,Takanobu Asanuma <tasanuma@apache.org>,2026-09-30T21:00:56.162765
APACHE_LISTS_REMINING,Apache Lists,UnsatisfiedLinkError,Re: [VOTE] Release Apache Hadoop 3.4.0 (RC3),"https://lists.apache.org/thread/
 <pony-1824c8a7-946a-4de4-8d7e-bd6e43951c93-common-dev@hadoop.apache.org>","+1

I tested with Apache ORC repo.

Thank you for the new release.

Dongjoon.

(PS. My previous vote went to yarn-dev@ for some reasons, too)

On 2024/03/14 08:40:29 Takanobu Asanuma wrote:
> +1 (binding).
> 
> Thanks for the great work, Shilun Fan.
> 
> * Verified signatures and checksums
> * Successfully built from source with native code
> * Deployed a distributed cluster (on K8s)
> * Successfu",0,2024-03-14,hadoop,common-dev@hadoop.apache.org,"
 <pony-1824c8a7-946a-4de4-8d7e-bd6e43951c93-common-dev@hadoop.apache.org>",Dongjoon Hyun <dongjoon@apache.org>,2026-09-30T21:00:56.162767
APACHE_LISTS_REMINING,Apache Lists,UnsatisfiedLinkError,Re: [VOTE] Release Apache Hadoop 3.4.0 (RC3),https://lists.apache.org/thread/<CAE9v2k6sMC+rrwCYQhGJGD8s1_hh-V0dr9uYfwkVh5AyfVLjZA@mail.gmail.com>,"+1 (binding).

* Verified the signature and checksum of all tarballs.
* Built from the source tarball on macOS 10.14 and OpenJDK 8.
* Execute basic HDFS/YARN commands and run the WordCount MapReduce job.
* Check the Yarn federation page and basic functionalities.
* Read the basic help documentation.

Best Regards,
Shilun Fan.

On Thu, Mar 14, 2024 at 4:40 PM Takanobu Asanuma <tasanuma@apache.org>
",0,2024-03-15,hadoop,common-dev@hadoop.apache.org,<CAE9v2k6sMC+rrwCYQhGJGD8s1_hh-V0dr9uYfwkVh5AyfVLjZA@mail.gmail.com>,slfan1989 <slfan1989@apache.org>,2026-09-30T21:00:56.162770
APACHE_LISTS_REMINING,Apache Lists,UnsatisfiedLinkError,Re: [VOTE] Release Apache Hadoop 3.4.0 (RC3),https://lists.apache.org/thread/<CAE9v2k4iR4t167Q0HMz028w2=kZ-A+yAGfVt7RygBwXhvokhgw@mail.gmail.com>,"Hi folks,

The voting for hadoop-3.4.0-RC3 has ended, and we have received a total of
8 affirmative votes, with 6 binding and 2 non-binding.

In the order of the voting timeline:

binding (+6)

Masatake Iwasaki
Xiaoqiao He
Mukund Madhav Thakur
Steve Loughran
Takanobu Asanuma
Shilun Fan

non-binding(+2)

Suhail, Ahmar
Dongjoon Hyun

Thank you very much for helping with the review and validation!

W",0,2024-03-16,hadoop,common-dev@hadoop.apache.org,<CAE9v2k4iR4t167Q0HMz028w2=kZ-A+yAGfVt7RygBwXhvokhgw@mail.gmail.com>,slfan1989 <slfan1989@apache.org>,2026-09-30T21:00:56.162772
APACHE_LISTS_REMINING,Apache Lists,JNIEnv,Apache Hadoop qbt Report: trunk+JDK8 on Linux/x86_64,https://lists.apache.org/thread/<747509065.650.1724705155299@ci-hadoop2-ec2-va.apache.org>,"For more details, see https://ci-hadoop.apache.org/job/hadoop-qbt-trunk-java8-linux-x86_64/1681/

[Aug 25, 2024, 8:47:05 AM] (github) HDFS-16084. Fix getJNIEnv crash due to incorrect state set to tls var (#6969). Contributed by Kevin Cai.
[Aug 25, 2024, 9:51:14 AM] (github) HDFS-17573. Allow turn on both FSImage parallelization and compression (#6929). Contributed by Sung Dong Kim.




-1 overall
",0,2024-08-26,hadoop,common-dev@hadoop.apache.org,<747509065.650.1724705155299@ci-hadoop2-ec2-va.apache.org>,Apache Jenkins Server <jenkins@builds.apache.org>,2026-09-30T21:01:06.980891
APACHE_LISTS_REMINING,Apache Lists,JNIEnv,Apache Hadoop qbt Report: trunk+JDK11 on Linux/x86_64,https://lists.apache.org/thread/<1220328862.670.1724791670860@ci-hadoop2-ec2-va.apache.org>,"For more details, see https://ci-hadoop.apache.org/job/hadoop-qbt-trunk-java11-linux-x86_64/729/

[Aug 25, 2024, 8:47:05 AM] (github) HDFS-16084. Fix getJNIEnv crash due to incorrect state set to tls var (#6969). Contributed by Kevin Cai.
[Aug 25, 2024, 9:51:14 AM] (github) HDFS-17573. Allow turn on both FSImage parallelization and compression (#6929). Contributed by Sung Dong Kim.
",0,2024-08-27,hadoop,common-dev@hadoop.apache.org,<1220328862.670.1724791670860@ci-hadoop2-ec2-va.apache.org>,Apache Jenkins Server <jenkins@builds.apache.org>,2026-09-30T21:01:06.980914
APACHE_LISTS_REMINING,Apache Lists,UnsatisfiedLinkError,Re: [VOTE] Release Apache Hadoop 3.4.1 RC2,https://lists.apache.org/thread/<CAL7CpJyvUTh6A0QgiRB8OugKhWhsYH8__MAK98VR1JfHhiKi4A@mail.gmail.com>,"ok, we will have to consider that a -1

Interestingly we haven't seen that on any of our internal QE, maybe none of
the requests weren't overlapping.

I was just looking towards an =0 because of

https://issues.apache.org/jira/browse/HADOOP-19295

*Unlike the v1 sdk, PUT/POST of data now shares the same timeout as all
other requests, and on a slow network connection requests time out.
Furthermore,",0,2024-09-30,hadoop,common-dev@hadoop.apache.org,<CAL7CpJyvUTh6A0QgiRB8OugKhWhsYH8__MAK98VR1JfHhiKi4A@mail.gmail.com>,Steve Loughran <stevel@cloudera.com.INVALID>,2026-09-30T21:01:08.981022
APACHE_LISTS_REMINING,Apache Lists,UnsatisfiedLinkError,Re: [VOTE] Release Apache Hadoop 3.4.1 RC2,https://lists.apache.org/thread/<CAEjZ5vS1LMLOsS1cjpDYghf8UeLKH540-OOQg1oAwPBMkTwM6A@mail.gmail.com>,"Thanks @Dongjoon Hyun <dongjoon.hyun@gmail.com> for trying out the RC and
finding out this bug. This has to be fixed.
It would be great if others can give the RC a try such that we know of any
issues earlier.

Thanks
Mukund

On Tue, Oct 1, 2024 at 2:21 AM Steve Loughran <stevel@cloudera.com.invalid>
wrote:

> ok, we will have to consider that a -1
>
> Interestingly we haven't seen that on any of o",0,2024-10-01,hadoop,common-dev@hadoop.apache.org,<CAEjZ5vS1LMLOsS1cjpDYghf8UeLKH540-OOQg1oAwPBMkTwM6A@mail.gmail.com>,Mukund Madhav Thakur <mthakur@cloudera.com.INVALID>,2026-09-30T21:01:11.163947
APACHE_LISTS_REMINING,Apache Lists,UnsatisfiedLinkError,Re: [VOTE] Release Apache Hadoop 3.4.1 RC2,https://lists.apache.org/thread/<CADiq6=y=r2qy=sEiP7wC56XNxbLe_P6Ufr6MzQr-NsaepGkoBw@mail.gmail.com>,"Hi I'm late to the party, but I'd like to build and test this release with
Ozone and HBase.

On Tue, Oct 1, 2024 at 2:12 AM Mukund Madhav Thakur
<mthakur@cloudera.com.invalid> wrote:

> Thanks @Dongjoon Hyun <dongjoon.hyun@gmail.com> for trying out the RC and
> finding out this bug. This has to be fixed.
> It would be great if others can give the RC a try such that we know of any
> issues earlier.",0,2024-10-01,hadoop,common-dev@hadoop.apache.org,<CADiq6=y=r2qy=sEiP7wC56XNxbLe_P6Ufr6MzQr-NsaepGkoBw@mail.gmail.com>,Wei-Chiu Chuang <weichiu@apache.org>,2026-09-30T21:01:11.163958
APACHE_LISTS_REMINING,Apache Lists,UnsatisfiedLinkError,Re: [VOTE] Release Apache Hadoop 3.4.1 RC2,https://lists.apache.org/thread/<CAL7CpJxXNeJmB8uT5fR27Ev66NDHyDf3V4TsX8F5yr5U8fpeKQ@mail.gmail.com>,"Please do!

On Tue, 1 Oct 2024 at 20:54, Wei-Chiu Chuang <weichiu@apache.org> wrote:

> Hi I'm late to the party, but I'd like to build and test this release with
> Ozone and HBase.
>
> On Tue, Oct 1, 2024 at 2:12 AM Mukund Madhav Thakur
> <mthakur@cloudera.com.invalid> wrote:
>
> > Thanks @Dongjoon Hyun <dongjoon.hyun@gmail.com> for trying out the RC
> and
> > finding out this bug. This has to be",0,2024-10-02,hadoop,common-dev@hadoop.apache.org,<CAL7CpJxXNeJmB8uT5fR27Ev66NDHyDf3V4TsX8F5yr5U8fpeKQ@mail.gmail.com>,Steve Loughran <stevel@cloudera.com.INVALID>,2026-09-30T21:01:11.163961
APACHE_LISTS_REMINING,Apache Lists,UnsatisfiedLinkError,Re: [VOTE] Release Apache Hadoop 3.4.1 RC2,https://lists.apache.org/thread/<CADiq6=w+z4t0ibSnZrCHoDdMdF_prTf7u5BLwembnfEYhkATTw@mail.gmail.com>,"HBase project is adding support for Hadoop 3.4.0, and I had to add a few
changes on top of that to let HBase shading to pass (license issues due to
transitive dependencies and so on). Those are quite common when updating to
a new Hadoop version.

But apart from that it builds and unit tests passed
https://github.com/apache/hbase/pull/6331 there was one failure but it
passes locally for me.
One mor",0,2024-10-02,hadoop,common-dev@hadoop.apache.org,<CADiq6=w+z4t0ibSnZrCHoDdMdF_prTf7u5BLwembnfEYhkATTw@mail.gmail.com>,Wei-Chiu Chuang <weichiu@apache.org>,2026-09-30T21:01:11.163963
APACHE_LISTS_REMINING,Apache Lists,UnsatisfiedLinkError,Re: [VOTE] Release Apache Hadoop 3.4.1 RC2,https://lists.apache.org/thread/<CAL7CpJzVtD-f9MhhLQByXLo9+NTMjdE-XjEq7tsjG1fLxHrXKg@mail.gmail.com>,"you using the hadoop thirdparty jar? there is a 1.3.0 release out

On Wed, 2 Oct 2024 at 17:01, Wei-Chiu Chuang <weichiu@apache.org> wrote:

> HBase project is adding support for Hadoop 3.4.0, and I had to add a few
> changes on top of that to let HBase shading to pass (license issues due to
> transitive dependencies and so on). Those are quite common when updating to
> a new Hadoop version.
>
> B",0,2024-10-02,hadoop,common-dev@hadoop.apache.org,<CAL7CpJzVtD-f9MhhLQByXLo9+NTMjdE-XjEq7tsjG1fLxHrXKg@mail.gmail.com>,Steve Loughran <stevel@cloudera.com.INVALID>,2026-09-30T21:01:11.163965
APACHE_LISTS_REMINING,Apache Lists,UnsatisfiedLinkError,Re: Re: [VOTE] Release Apache Hadoop 3.4.1 RC2,https://lists.apache.org/thread/<CAE9v2k5oXteA+yKL3fPcg65rLWCYGSgDQhyT1d_dFXt-7Hk7+Q@mail.gmail.com>,"I hope the following information will be helpful.

>From the perspective of compilation, Hadoop on JDK17 currently doesn’t face
many obstacles.

The code on the trunk branch can already be compiled directly on JDK17.

I will verify the situation for hadoop-3.4.1 and then provide feedback.

If we want to fully support Hadoop on JDK17, there is still a lot of work
to be done. In the next quarter, I ",0,2024-10-03,hadoop,common-dev@hadoop.apache.org,<CAE9v2k5oXteA+yKL3fPcg65rLWCYGSgDQhyT1d_dFXt-7Hk7+Q@mail.gmail.com>,slfan1989 <slfan1989@apache.org>,2026-09-30T21:01:11.163967
APACHE_LISTS_REMINING,Apache Lists,UnsatisfiedLinkError,Re: [VOTE] Release Apache Hadoop 3.4.1 RC2,https://lists.apache.org/thread/<CADiq6=zi9x1UpzCLbad1985TnkRThS7QmEYCOw7i1WsC3k_w_w@mail.gmail.com>,"TL;DR I think the 3.4.1 RC2 is okay from an Ozone's perspective. Most of
the issues were introduced in 3.4.0 and not too terrible.
I am planning to introduce Hadoop 3.4.0 for Ozone 2.0 so incompatibilities
are acceptable.

Thanks for the tips.

Yes I had to bump the hadoop-thirdparty version as well. Maybe it's because
Ozone uses Hadoop RPC directly so it has direct dependency on
hadoop-thirdparty",0,2024-10-02,hadoop,common-dev@hadoop.apache.org,<CADiq6=zi9x1UpzCLbad1985TnkRThS7QmEYCOw7i1WsC3k_w_w@mail.gmail.com>,Wei-Chiu Chuang <weichiu@apache.org>,2026-09-30T21:01:11.163969
APACHE_LISTS_REMINING,Apache Lists,UnsatisfiedLinkError,Re: [VOTE] Release Apache Hadoop 3.4.1 RC2,https://lists.apache.org/thread/<CADiq6=yZzc+UNmqovk9wjjV2P+dKLZg77nHfJFokXz4Wft9Fbw@mail.gmail.com>,"Hey the 3.4.1 tarball is a whopping 929MB! The corresponding docker image
is over 1.1GB. Not that long ago, 3.2.3 was less than 500MB 2 years ago.
3.3.6 was less than 700MB a year ago.
That AWS SDK v2 jar itself is more than 500MB.

One issue I found with Ozone is protobuf classpath.

this test is failing
https://github.com/jojochuang/ozone/actions/runs/11187465927/job/31105329742
because

hdfs df",0,2024-10-04,hadoop,common-dev@hadoop.apache.org,<CADiq6=yZzc+UNmqovk9wjjV2P+dKLZg77nHfJFokXz4Wft9Fbw@mail.gmail.com>,Wei-Chiu Chuang <weichiu@apache.org>,2026-09-30T21:01:11.163971
APACHE_LISTS_REMINING,Apache Lists,UnsatisfiedLinkError,Re: [VOTE] Release Apache Hadoop 3.4.1 RC2,https://lists.apache.org/thread/<CAL7CpJyBT8S4nK96P2uScPO-0=0gPQZZOcJc7nd2EFmzZcUhag@mail.gmail.com>,"This is a real problem with that aWS SDK, but it is that or field support
calls forever.

Let me see if I can revisit my idea of having the release support project
produce a ""lean"" edition where we delete that bundle.jar

On Sat, 5 Oct 2024 at 01:58, Wei-Chiu Chuang <weichiu@apache.org> wrote:

> Hey the 3.4.1 tarball is a whopping 929MB! The corresponding docker image
> is over 1.1GB. Not that lo",0,2024-10-08,hadoop,common-dev@hadoop.apache.org,<CAL7CpJyBT8S4nK96P2uScPO-0=0gPQZZOcJc7nd2EFmzZcUhag@mail.gmail.com>,Steve Loughran <stevel@cloudera.com.INVALID>,2026-09-30T21:01:11.163973
APACHE_LISTS_REMINING,Apache Lists,UnsatisfiedLinkError,Re: [VOTE] Release Apache Hadoop 3.4.1 RC2,https://lists.apache.org/thread/<CAL7CpJw=6oNS6Lkx-wKrojrpJ7R59EwV3aH4NEecbgrRtNriYw@mail.gmail.com>,"On Sat, 5 Oct 2024 at 01:58, Wei-Chiu Chuang <weichiu@apache.org> wrote:

> Hey the 3.4.1 tarball is a whopping 929MB! The corresponding docker image
> is over 1.1GB. Not that long ago, 3.2.3 was less than 500MB 2 years ago.
> 3.3.6 was less than 700MB a year ago.
> That AWS SDK v2 jar itself is more than 500MB.
>

for you: jhttps://issues.apache.org/jira/browse/HADOOP-19083

we now rip apart the ",0,2024-10-08,hadoop,common-dev@hadoop.apache.org,<CAL7CpJw=6oNS6Lkx-wKrojrpJ7R59EwV3aH4NEecbgrRtNriYw@mail.gmail.com>,Steve Loughran <stevel@cloudera.com.INVALID>,2026-09-30T21:01:11.163975
APACHE_LISTS_REMINING,Apache Lists,UnsatisfiedLinkError,Re: [VOTE] Release Apache Hadoop 3.4.1 RC2,https://lists.apache.org/thread/<CAEjZ5vRupqXd1pDb4EDhiz-xm2W3WNipvY05GJBnQHy+nBR=zQ@mail.gmail.com>,"FYI - I created the RC3 a few days ago. So abandoning RC2. Hopefully we
won't find any issues there.

Thanks
Mukund

On Tue, Oct 8, 2024 at 11:46 PM Steve Loughran <stevel@cloudera.com.invalid>
wrote:

> On Sat, 5 Oct 2024 at 01:58, Wei-Chiu Chuang <weichiu@apache.org> wrote:
>
> > Hey the 3.4.1 tarball is a whopping 929MB! The corresponding docker image
> > is over 1.1GB. Not that long ago, 3.2.3",0,2024-10-15,hadoop,common-dev@hadoop.apache.org,<CAEjZ5vRupqXd1pDb4EDhiz-xm2W3WNipvY05GJBnQHy+nBR=zQ@mail.gmail.com>,Mukund Madhav Thakur <mthakur@cloudera.com.INVALID>,2026-09-30T21:01:11.163977
APACHE_LISTS_REMINING,Apache Lists,UnsatisfiedLinkError,Re: [VOTE] Release Apache Hadoop 3.4.1 RC3,https://lists.apache.org/thread/<CAL7CpJxiR4DQ9KXzFy5pdO+mdvVVOJqfX0fAyKXiZ0+cmbJUfQ@mail.gmail.com>,"+1 binding


*Testing:*

*mac arm64:*
 the hadoop-release-support validation workflow including building spark,
cloudstore, key validation etc. All good, except for gcs, which was
complaining about hadoop-client stuff. I'm not worrying about that as it is
a fussy little library. I did verify that the hadoop-client jars were big.
Maybe we should add another module in the release support project to ",0,2024-10-15,hadoop,common-dev@hadoop.apache.org,<CAL7CpJxiR4DQ9KXzFy5pdO+mdvVVOJqfX0fAyKXiZ0+cmbJUfQ@mail.gmail.com>,Steve Loughran <stevel@cloudera.com.INVALID>,2026-09-30T21:01:11.163979
APACHE_LISTS_REMINING,Apache Lists,compilation errors,[jira] [Created] (HADOOP-19616) Add bswap support for RISC-V,https://lists.apache.org/thread/<JIRA.13623120.1752217496000.313163.1752217500032@Atlassian.JIRA>,"Lei Wen created HADOOP-19616:
--------------------------------

             Summary: Add bswap support for RISC-V
                 Key: HADOOP-19616
                 URL: https://issues.apache.org/jira/browse/HADOOP-19616
             Project: Hadoop Common
          Issue Type: Improvement
          Components: native
    Affects Versions: 3.4.1, 3.3.0
            Reporter: Lei Wen


*Problem*

",0,2025-07-11,hadoop,common-dev@hadoop.apache.org,<JIRA.13623120.1752217496000.313163.1752217500032@Atlassian.JIRA>,"""Lei Wen (Jira)"" <jira@apache.org>",2026-09-30T21:01:32.489097
APACHE_LISTS_REMINING,Apache Lists,compilation errors,[jira] [Resolved] (HADOOP-19616) Add bswap support for RISC-V,https://lists.apache.org/thread/<JIRA.13623120.1752217496000.5109.1753256880068@Atlassian.JIRA>,"
     [ https://issues.apache.org/jira/browse/HADOOP-19616?page=com.atlassian.jira.plugin.system.issuetabpanels:all-tabpanel ]

Ayush Saxena resolved HADOOP-19616.
-----------------------------------
    Fix Version/s: 3.5.0
     Hadoop Flags: Reviewed
       Resolution: Fixed

> Add bswap support for RISC-V
> ----------------------------
>
>                 Key: HADOOP-19616
>                 URL",0,2025-07-23,hadoop,common-dev@hadoop.apache.org,<JIRA.13623120.1752217496000.5109.1753256880068@Atlassian.JIRA>,"""Ayush Saxena (Jira)"" <jira@apache.org>",2026-09-30T21:01:32.489110
APACHE_LISTS_REMINING,Apache Lists,JNIEnv,"[jira] [Created] (HADOOP-19872) Build failure with OpenSSL 3
 (UBI10) in native code due to removed ENGINE API",https://lists.apache.org/thread/<JIRA.13649053.1777023024000.168428.1777023060014@Atlassian.JIRA>,"rami created HADOOP-19872:
-----------------------------

             Summary: Build failure with OpenSSL 3 (UBI10) in native code due to removed ENGINE API
                 Key: HADOOP-19872
                 URL: https://issues.apache.org/jira/browse/HADOOP-19872
             Project: Hadoop Common
          Issue Type: Bug
          Components: common, native
    Affects Versions: 3.4.2
       ",0,2026-04-24,hadoop,common-dev@hadoop.apache.org,<JIRA.13649053.1777023024000.168428.1777023060014@Atlassian.JIRA>,"""rami (Jira)"" <jira@apache.org>",2026-09-30T21:01:54.643888
APACHE_LISTS_REMINING,Apache Lists,JNIEnv,"[jira] [Resolved] (HADOOP-19872) Build failure with OpenSSL 3
 (UBI10) in native code due to removed ENGINE API",https://lists.apache.org/thread/<JIRA.13649053.1777023024000.168473.1777025160071@Atlassian.JIRA>,"
     [ https://issues.apache.org/jira/browse/HADOOP-19872?page=com.atlassian.jira.plugin.system.issuetabpanels:all-tabpanel ]

Steve Loughran resolved HADOOP-19872.
-------------------------------------
    Resolution: Duplicate

fixed in later releases. please upgrade.

> Build failure with OpenSSL 3 (UBI10) in native code due to removed ENGINE API
> ---------------------------------------------",0,2026-04-24,hadoop,common-dev@hadoop.apache.org,<JIRA.13649053.1777023024000.168473.1777025160071@Atlassian.JIRA>,"""Steve Loughran (Jira)"" <jira@apache.org>",2026-09-30T21:01:54.643903
APACHE_LISTS_REMINING,Apache Lists,JNIEnv,"[jira] [Reopened] (HADOOP-19872) Build failure with OpenSSL 3
 (UBI10) in native code due to removed ENGINE API",https://lists.apache.org/thread/<JIRA.13649053.1777023024000.171773.1777283580332@Atlassian.JIRA>,"
     [ https://issues.apache.org/jira/browse/HADOOP-19872?page=com.atlassian.jira.plugin.system.issuetabpanels:all-tabpanel ]

Steve Loughran reopened HADOOP-19872:
-------------------------------------

> Build failure with OpenSSL 3 (UBI10) in native code due to removed ENGINE API
> -----------------------------------------------------------------------------
>
>                 Key: HADOOP-198",0,2026-04-27,hadoop,common-dev@hadoop.apache.org,<JIRA.13649053.1777023024000.171773.1777283580332@Atlassian.JIRA>,"""Steve Loughran (Jira)"" <jira@apache.org>",2026-09-30T21:01:54.643905
APACHE_LISTS_REMINING,Apache Lists,JNIEnv,"[jira] [Created] (HDFS-8474) Impala compilation breaks with libhdfs
 in 2.7 as getJNIEnv is not visible",https://lists.apache.org/thread/<JIRA.12832490.1432547359000.21258.1432547417341@Atlassian.JIRA>,"Varun Saxena created HDFS-8474:
----------------------------------

             Summary: Impala compilation breaks with libhdfs in 2.7 as getJNIEnv is not visible
                 Key: HDFS-8474
                 URL: https://issues.apache.org/jira/browse/HDFS-8474
             Project: Hadoop HDFS
          Issue Type: Bug
          Components: build, libhdfs
    Affects Versions: 2.7.0
         ",0,2015-05-25,hadoop,hdfs-dev@hadoop.apache.org,<JIRA.12832490.1432547359000.21258.1432547417341@Atlassian.JIRA>,"""Varun Saxena (JIRA)"" <jira@apache.org>",2026-09-30T21:02:24.277407
APACHE_LISTS_REMINING,Apache Lists,javah,Build failed in Jenkins: Hadoop-Hdfs-trunk-Java8 #220,https://lists.apache.org/thread/<394372986.7557.1434558556248.JavaMail.jenkins@crius>,"See <https://builds.apache.org/job/Hadoop-Hdfs-trunk-Java8/220/changes>

Changes:

[wang] HDFS-8591. Remove support for deprecated configuration key dfs.namenode.decommission.nodes.per.interval.

[xyao] HDFS-8597. Fix TestFSImage#testZeroBlockSize on Windows. Contributed by Xiaoyu Yao.

[aajisaka] HADOOP-12095. org.apache.hadoop.fs.shell.TestCount fails. Contributed by Brahma Reddy Battula.

[kihw",0,2015-06-17,hadoop,hdfs-dev@hadoop.apache.org,<394372986.7557.1434558556248.JavaMail.jenkins@crius>,Apache Jenkins Server  <jenkins@builds.apache.org>,2026-09-30T21:02:26.891342
APACHE_LISTS_REMINING,Apache Lists,JVM crash,"[jira] [Created] (HDFS-9268) JVM crashes when attempting to update
 a file in fuse file system using vim",https://lists.apache.org/thread/<JIRA.12906250.1445350895000.7828.1445350947848@Atlassian.JIRA>,"Wei-Chiu Chuang created HDFS-9268:
-------------------------------------

             Summary: JVM crashes when attempting to update a file in fuse file system using vim
                 Key: HDFS-9268
                 URL: https://issues.apache.org/jira/browse/HDFS-9268
             Project: Hadoop HDFS
          Issue Type: Bug
            Reporter: Wei-Chiu Chuang
            Assignee: Wei-Chi",0,2015-10-20,hadoop,hdfs-dev@hadoop.apache.org,<JIRA.12906250.1445350895000.7828.1445350947848@Atlassian.JIRA>,"""Wei-Chiu Chuang (JIRA)"" <jira@apache.org>",2026-09-30T21:02:44.194571
APACHE_LISTS_REMINING,Apache Lists,UnsatisfiedLinkError,Build failed in Jenkins: Hadoop-Hdfs-trunk-Java8 #693,https://lists.apache.org/thread/<2051600450.208.1450154741766.JavaMail.jenkins@crius>,"See <https://builds.apache.org/job/Hadoop-Hdfs-trunk-Java8/693/changes>

Changes:

[cmccabe] HADOOP-12638. UnsatisfiedLinkError while checking ISA-L in checknative

[jianhe] YARN-4403. (AM/NM/Container)LivelinessMonitor should use monotonic time

[jianhe] YARN-4402. TestNodeManagerShutdown And TestNodeManagerResync fails with

[xgong] YARN-4439. Clarify NMContainerStatus#toString method. Contribut",0,2015-12-15,hadoop,hdfs-dev@hadoop.apache.org,<2051600450.208.1450154741766.JavaMail.jenkins@crius>,Apache Jenkins Server  <jenkins@builds.apache.org>,2026-09-30T21:02:51.907263
APACHE_LISTS_REMINING,Apache Lists,UnsatisfiedLinkError,Build failed in Jenkins: Hadoop-Hdfs-trunk #2628,https://lists.apache.org/thread/<103669008.354.1450173892286.JavaMail.jenkins@crius>,"See <https://builds.apache.org/job/Hadoop-Hdfs-trunk/2628/changes>

Changes:

[cmccabe] HADOOP-12638. UnsatisfiedLinkError while checking ISA-L in checknative

[jianhe] YARN-4403. (AM/NM/Container)LivelinessMonitor should use monotonic time

[jianhe] YARN-4402. TestNodeManagerShutdown And TestNodeManagerResync fails with

[xgong] YARN-4439. Clarify NMContainerStatus#toString method. Contributed by",0,2015-12-15,hadoop,hdfs-dev@hadoop.apache.org,<103669008.354.1450173892286.JavaMail.jenkins@crius>,Apache Jenkins Server  <jenkins@builds.apache.org>,2026-09-30T21:02:51.907278
APACHE_LISTS_REMINING,Apache Lists,JNIEnv,"[jira] [Created] (HDFS-10257) Quick Thread Local Storage set-up has
 a small flaw",https://lists.apache.org/thread/<JIRA.12956024.1459825887000.134265.1459825945458@Atlassian.JIRA>,"Stephen Bovy created HDFS-10257:
-----------------------------------

             Summary: Quick Thread Local Storage set-up has a small flaw
                 Key: HDFS-10257
                 URL: https://issues.apache.org/jira/browse/HDFS-10257
             Project: Hadoop HDFS
          Issue Type: Bug
          Components: libhdfs
    Affects Versions: 2.6.4
         Environment: Linux 
      ",0,2016-04-05,hadoop,hdfs-dev@hadoop.apache.org,<JIRA.12956024.1459825887000.134265.1459825945458@Atlassian.JIRA>,"""Stephen Bovy (JIRA)"" <jira@apache.org>",2026-09-30T21:03:08.567465
APACHE_LISTS_REMINING,Apache Lists,JNIEnv,"[jira] [Resolved] (HDFS-10257) Quick Thread Local Storage set-up
 has a small flaw",https://lists.apache.org/thread/<JIRA.12956024.1459825887000.140705.1459877966047@Atlassian.JIRA>,"
     [ https://issues.apache.org/jira/browse/HDFS-10257?page=com.atlassian.jira.plugin.system.issuetabpanels:all-tabpanel ]

Chris Nauroth resolved HDFS-10257.
----------------------------------
    Resolution: Not A Problem

Great, thanks for confirming [~stevebovy].  I'll go ahead and close this issue.

> Quick Thread Local Storage set-up has a small flaw
> -------------------------------------",0,2016-04-05,hadoop,hdfs-dev@hadoop.apache.org,<JIRA.12956024.1459825887000.140705.1459877966047@Atlassian.JIRA>,"""Chris Nauroth (JIRA)"" <jira@apache.org>",2026-09-30T21:03:08.567485
APACHE_LISTS_REMINING,Apache Lists,JNIEnv,"[jira] [Created] (HDFS-10412) Add optional non-thread support for
 better perfromance",https://lists.apache.org/thread/<JIRA.12970177.1463437165000.202441.1463437212907@Atlassian.JIRA>,"Stephen Bovy created HDFS-10412:
-----------------------------------

             Summary: Add optional non-thread support for better perfromance
                 Key: HDFS-10412
                 URL: https://issues.apache.org/jira/browse/HDFS-10412
             Project: Hadoop HDFS
          Issue Type: Improvement
          Components: libhdfs
            Reporter: Stephen Bovy
            Prio",0,2016-05-16,hadoop,hdfs-dev@hadoop.apache.org,<JIRA.12970177.1463437165000.202441.1463437212907@Atlassian.JIRA>,"""Stephen Bovy (JIRA)"" <jira@apache.org>",2026-09-30T21:03:12.753687
APACHE_LISTS_REMINING,Apache Lists,javah,Problems compiling hadoop trunk on windows,https://lists.apache.org/thread/<CAGCyb56C+sEEmZ063n9qEi-Z0UN7Pv=hGdpYBuKr5+18FpOXHA@mail.gmail.com>,"Hi

I was wondering if folks who compile Hadoop trunk on windows regularly have
hit this issue:

[INFO] --- native-maven-plugin:1.0-alpha-8:javah (default) @ hadoop-common
---
[INFO] cmd.exe /X /C """"C:\Program Files\Java\jdk1.8.0_121\bin\javah"" -d
C:\Users\arsuresh\stuff\hadoop\hadoop-common-project\hadoop-common\target\native\javah
-classpath org.apache.hadoop.util.NativeCrc32""
....
....
*The com",0,2017-01-28,hadoop,hdfs-dev@hadoop.apache.org,<CAGCyb56C+sEEmZ063n9qEi-Z0UN7Pv=hGdpYBuKr5+18FpOXHA@mail.gmail.com>,Arun Suresh <asuresh@apache.org>,2026-09-30T21:03:31.511835
APACHE_LISTS_REMINING,Apache Lists,javah,RE: Problems compiling hadoop trunk on windows,https://lists.apache.org/thread/<8AD4EE147886274A8B495D6AF407DF698F202C12@BLREML509-MBS.china.huawei.com>,"It might be problem with maven repository, What's your maven repository path..? 

May be you can change to shorter path and check.



Regards
Brahma Reddy Battula

-----Original Message-----
From: Arun Suresh [mailto:asuresh@apache.org] 
Sent: 29 January 2017 03:15
To: Hadoop Common; yarn-dev@hadoop.apache.org; Hdfs-dev
Subject: Problems compiling hadoop trunk on windows

Hi

I wa",0,2017-01-30,hadoop,hdfs-dev@hadoop.apache.org,<8AD4EE147886274A8B495D6AF407DF698F202C12@BLREML509-MBS.china.huawei.com>,Brahma Reddy Battula <brahmareddy.battula@huawei.com>,2026-09-30T21:03:31.511847
APACHE_LISTS_REMINING,Apache Lists,javah,Re: Problems compiling hadoop trunk on windows,https://lists.apache.org/thread/<CAGCyb55WXk4DiLMgfVuXVM0ZWdd5F3CwxvB2qL=11jBV60BVDA@mail.gmail.com>,"Thanks Brahma..
That worked.. unfortunately, now the compile complains that I do not have
the right sdk, even though I have VS 2015, win SDK 8.1 and SDK 7.1
installed.

Cheers
-Arun

On Sun, Jan 29, 2017 at 7:31 PM, Brahma Reddy Battula <
brahmareddy.battula@huawei.com> wrote:

> It might be problem with maven repository, What's your maven repository
> path..?
>
> May be you can change to shorter ",0,2017-01-31,hadoop,hdfs-dev@hadoop.apache.org,<CAGCyb55WXk4DiLMgfVuXVM0ZWdd5F3CwxvB2qL=11jBV60BVDA@mail.gmail.com>,Arun Suresh <asuresh@apache.org>,2026-09-30T21:03:33.519856
APACHE_LISTS_REMINING,Apache Lists,javah,Re: Problems compiling hadoop trunk on windows,https://lists.apache.org/thread/<DM3PR18MB079583B2B7578530E7657FDDE14C0@DM3PR18MB0795.namprd18.prod.outlook.com>,"
Glad to hear that it's worked for you..


I think problem with VS2015 Or .NET framework.But I never tried with VS2015.


Compilation can be success  with VS2010 and SDK7.1 (.NET 4.0).





Thanks And Regards
Brahma Reddy Battula


________________________________
From: Arun Suresh <asuresh@apache.org>
Sent: Wednesday, February 1, 2017 9:37 AM
To: Brahma Reddy Battula
Cc: Hadoop Common; yarn-dev@h",0,2017-02-02,hadoop,hdfs-dev@hadoop.apache.org,<DM3PR18MB079583B2B7578530E7657FDDE14C0@DM3PR18MB0795.namprd18.prod.outlook.com>,Brahma Reddy Battula <brahmareddy.battula@hotmail.com>,2026-09-30T21:03:33.519868
APACHE_LISTS_REMINING,Apache Lists,JNIEnv,"[jira] [Created] (HDFS-11710) hadoop-hdfs-native-client build fails
 in trunk after HDFS-11529",https://lists.apache.org/thread/<JIRA.13067304.1493284822000.64278.1493284864112@Atlassian.JIRA>,"Vinayakumar B created HDFS-11710:
------------------------------------

             Summary: hadoop-hdfs-native-client build fails in trunk after HDFS-11529
                 Key: HDFS-11710
                 URL: https://issues.apache.org/jira/browse/HDFS-11710
             Project: Hadoop HDFS
          Issue Type: Bug
          Components: native
    Affects Versions: 3.0.0-alpha3
            Re",0,2017-04-27,hadoop,hdfs-dev@hadoop.apache.org,<JIRA.13067304.1493284822000.64278.1493284864112@Atlassian.JIRA>,"""Vinayakumar B (JIRA)"" <jira@apache.org>",2026-09-30T21:03:38.331371
APACHE_LISTS_REMINING,Apache Lists,JNIEnv,"[jira] [Created] (HDFS-11851) getGlobalJNIEnv() may deadlock if
 exception is thrown",https://lists.apache.org/thread/<JIRA.13073233.1495137082000.244292.1495137124147@Atlassian.JIRA>,"Henry Robinson created HDFS-11851:
-------------------------------------

             Summary: getGlobalJNIEnv() may deadlock if exception is thrown
                 Key: HDFS-11851
                 URL: https://issues.apache.org/jira/browse/HDFS-11851
             Project: Hadoop HDFS
          Issue Type: Bug
          Components: libhdfs
            Reporter: Henry Robinson
            Priorit",0,2017-05-18,hadoop,hdfs-dev@hadoop.apache.org,<JIRA.13073233.1495137082000.244292.1495137124147@Atlassian.JIRA>,"""Henry Robinson (JIRA)"" <jira@apache.org>",2026-09-30T21:03:40.920119
APACHE_LISTS_REMINING,Apache Lists,JNIEnv,Apache Hadoop qbt Report: trunk+JDK8 on Linux/x86,https://lists.apache.org/thread/<1767525103.5825.1497021764339.JavaMail.jenkins@crius>,"For more details, see https://builds.apache.org/job/hadoop-qbt-trunk-java8-linux-x86/429/

[Jun 8, 2017 5:08:08 PM] (templedf) YARN-6679. Reduce Resource instance overhead via non-PBImpl (Contributed
[Jun 8, 2017 9:15:09 PM] (jzhuge) HDFS-11851. getGlobalJNIEnv() may deadlock if exception is thrown.
[Jun 8, 2017 9:36:47 PM] (liuml07) HDFS-11945. Internal lease recovery may not be retried for a lon",0,2017-06-09,hadoop,hdfs-dev@hadoop.apache.org,<1767525103.5825.1497021764339.JavaMail.jenkins@crius>,Apache Jenkins Server <jenkins@builds.apache.org>,2026-09-30T21:03:43.364385
APACHE_LISTS_REMINING,Apache Lists,JNIEnv,Apache Hadoop qbt Report: trunk+JDK8 on Linux/ppc64le,https://lists.apache.org/thread/<986040069.5953.1497037194339.JavaMail.jenkins@crius>,"For more details, see https://builds.apache.org/job/hadoop-qbt-trunk-java8-linux-ppc/340/

[Jun 8, 2017 5:08:08 PM] (templedf) YARN-6679. Reduce Resource instance overhead via non-PBImpl (Contributed
[Jun 8, 2017 9:15:09 PM] (jzhuge) HDFS-11851. getGlobalJNIEnv() may deadlock if exception is thrown.
[Jun 8, 2017 9:36:47 PM] (liuml07) HDFS-11945. Internal lease recovery may not be retried for a lon",0,2017-06-09,hadoop,hdfs-dev@hadoop.apache.org,<986040069.5953.1497037194339.JavaMail.jenkins@crius>,Apache Jenkins Server <jenkins@builds.apache.org>,2026-09-30T21:03:43.364397
APACHE_LISTS_REMINING,Apache Lists,compilation errors,"[jira] [Created] (HDFS-12026) libhdfspp: Fix compilation errors and
 warnings when compiling with Clang",https://lists.apache.org/thread/<JIRA.13082128.1498225987000.92058.1498226040039@Atlassian.JIRA>,"Anatoli Shein created HDFS-12026:
------------------------------------

             Summary: libhdfspp: Fix compilation errors and warnings when compiling with Clang 
                 Key: HDFS-12026
                 URL: https://issues.apache.org/jira/browse/HDFS-12026
             Project: Hadoop HDFS
          Issue Type: Sub-task
            Reporter: Anatoli Shein
            Assignee: Anato",0,2017-06-23,hadoop,hdfs-dev@hadoop.apache.org,<JIRA.13082128.1498225987000.92058.1498226040039@Atlassian.JIRA>,"""Anatoli Shein (JIRA)"" <jira@apache.org>",2026-09-30T21:03:43.364400
APACHE_LISTS_REMINING,Apache Lists,JNIEnv,"[jira] [Created] (HDFS-12494) libhdfs SIGSEGV in
 setTLSExceptionStrings",https://lists.apache.org/thread/<JIRA.13103302.1505842710000.149083.1505842741172@Atlassian.JIRA>,"John Zhuge created HDFS-12494:
---------------------------------

             Summary: libhdfs SIGSEGV in setTLSExceptionStrings
                 Key: HDFS-12494
                 URL: https://issues.apache.org/jira/browse/HDFS-12494
             Project: Hadoop HDFS
          Issue Type: Bug
          Components: libhdfs
    Affects Versions: 3.0.0-alpha4
            Reporter: John Zhuge


libhdf",0,2017-09-19,hadoop,hdfs-dev@hadoop.apache.org,<JIRA.13103302.1505842710000.149083.1505842741172@Atlassian.JIRA>,"""John Zhuge (JIRA)"" <jira@apache.org>",2026-09-30T21:03:51.608793
APACHE_LISTS_REMINING,Apache Lists,JNA,"[jira] [Created] (HDFS-12579) JournalNodeSyncer should use fromUrl
 field of EditLogManifestResponse to construct servlet Url",https://lists.apache.org/thread/<JIRA.13106580.1506985109000.255938.1506985140036@Atlassian.JIRA>,"Hanisha Koneru created HDFS-12579:
-------------------------------------

             Summary: JournalNodeSyncer should use fromUrl field of EditLogManifestResponse to construct servlet Url
                 Key: HDFS-12579
                 URL: https://issues.apache.org/jira/browse/HDFS-12579
             Project: Hadoop HDFS
          Issue Type: Bug
            Reporter: Hanisha Koneru
        ",0,2017-10-02,hadoop,hdfs-dev@hadoop.apache.org,<JIRA.13106580.1506985109000.255938.1506985140036@Atlassian.JIRA>,"""Hanisha Koneru (JIRA)"" <jira@apache.org>",2026-09-30T21:03:54.884840
APACHE_LISTS_REMINING,Apache Lists,JVM crash,"[jira] [Created] (HDFS-12606) JVM crashes when running NNBench on
 EC enabled.",https://lists.apache.org/thread/<JIRA.13107404.1507248697000.285256.1507248720729@Atlassian.JIRA>,"Lei (Eddy) Xu created HDFS-12606:
------------------------------------

             Summary: JVM crashes when running NNBench on EC enabled. 
                 Key: HDFS-12606
                 URL: https://issues.apache.org/jira/browse/HDFS-12606
             Project: Hadoop HDFS
          Issue Type: Bug
          Components: erasure-coding
    Affects Versions: 3.0.0-beta1
            Reporter: ",0,2017-10-06,hadoop,hdfs-dev@hadoop.apache.org,<JIRA.13107404.1507248697000.285256.1507248720729@Atlassian.JIRA>,"""Lei (Eddy) Xu (JIRA)"" <jira@apache.org>",2026-09-30T21:03:54.884868
APACHE_LISTS_REMINING,Apache Lists,JNIEnv,"[jira] [Created] (HDFS-12628) libhdfs crashes on thread exit for
 JNI+libhdfs applications",https://lists.apache.org/thread/<JIRA.13108417.1507673293000.22706.1507673340741@Atlassian.JIRA>,"Joe McDonnell created HDFS-12628:
------------------------------------

             Summary: libhdfs crashes on thread exit for JNI+libhdfs applications
                 Key: HDFS-12628
                 URL: https://issues.apache.org/jira/browse/HDFS-12628
             Project: Hadoop HDFS
          Issue Type: Bug
          Components: native
    Affects Versions: 3.0.0-alpha3
            Report",0,2017-10-10,hadoop,hdfs-dev@hadoop.apache.org,<JIRA.13108417.1507673293000.22706.1507673340741@Atlassian.JIRA>,"""Joe McDonnell (JIRA)"" <jira@apache.org>",2026-09-30T21:03:54.884871
APACHE_LISTS_REMINING,Apache Lists,compilation errors,Apache Hadoop qbt Report: trunk+JDK8 on Linux/x86,https://lists.apache.org/thread/<1473451986.1096.1521815596507.JavaMail.jenkins@jenkins-master.apache.org>,"For more details, see https://builds.apache.org/job/hadoop-qbt-trunk-java8-linux-x86/729/

[Mar 22, 2018 4:21:52 PM] (inigoiri) HDFS-13318. RBF: Fix FindBugs in hadoop-hdfs-rbf. Contributed by Ekanth
[Mar 22, 2018 5:21:10 PM] (kihwal) HDFS-13195. DataNode conf page cannot display the current value after
[Mar 22, 2018 5:52:02 PM] (arp) HADOOP-15334. Upgrade Maven surefire plugin. Contributed by Arp",0,2018-03-23,hadoop,hdfs-dev@hadoop.apache.org,<1473451986.1096.1521815596507.JavaMail.jenkins@jenkins-master.apache.org>,Apache Jenkins Server <jenkins@builds.apache.org>,2026-09-30T21:04:08.134292
APACHE_LISTS_REMINING,Apache Lists,compilation errors,Apache Hadoop qbt Report: trunk+JDK8 on Windows/x64,https://lists.apache.org/thread/<1811526329.1268.1521860112470.JavaMail.jenkins@jenkins-master.apache.org>,"For more details, see https://builds.apache.org/job/hadoop-trunk-win/415/

[Mar 22, 2018 4:21:52 PM] (inigoiri) HDFS-13318. RBF: Fix FindBugs in hadoop-hdfs-rbf. Contributed by Ekanth
[Mar 22, 2018 5:21:10 PM] (kihwal) HDFS-13195. DataNode conf page cannot display the current value after
[Mar 22, 2018 5:52:02 PM] (arp) HADOOP-15334. Upgrade Maven surefire plugin. Contributed by Arpit
[Mar 22, 2018",0,2018-03-24,hadoop,hdfs-dev@hadoop.apache.org,<1811526329.1268.1521860112470.JavaMail.jenkins@jenkins-master.apache.org>,Apache Jenkins Server <jenkins@builds.apache.org>,2026-09-30T21:04:08.134307
APACHE_LISTS_REMINING,Apache Lists,compilation errors,Apache Hadoop qbt Report: trunk+JDK9 on Linux/x86,https://lists.apache.org/thread/<2019904595.1575.1521961283791.JavaMail.jenkins@jenkins-master.apache.org>,"For more details, see https://builds.apache.org/job/hadoop-qbt-trunk-java9-linux-x86/16/

[Mar 18, 2018 5:14:33 AM] (sunilg) YARN-8040. [UI2] New YARN UI webapp does not respect current pathname
[Mar 18, 2018 5:30:30 AM] (sunilg) YARN-8028. Support authorizeUserAccessToQueue in RMWebServices.
[Mar 19, 2018 12:39:49 AM] (aajisaka) MAPREDUCE-7066. TestQueue fails on Java9
[Mar 19, 2018 7:02:37 AM] (",0,2018-03-25,hadoop,hdfs-dev@hadoop.apache.org,<2019904595.1575.1521961283791.JavaMail.jenkins@jenkins-master.apache.org>,Apache Jenkins Server <jenkins@builds.apache.org>,2026-09-30T21:04:08.134309
APACHE_LISTS_REMINING,Apache Lists,JNIEnv,"[jira] [Created] (HDFS-13417) hdfsGetHedgedReadMetrics() crashes
 when 'fs' is a non-HDFS filesystem",https://lists.apache.org/thread/<JIRA.13151210.1523311742000.221152.1523311800099@Atlassian.JIRA>,"Sailesh Mukil created HDFS-13417:
------------------------------------

             Summary: hdfsGetHedgedReadMetrics() crashes when 'fs' is a non-HDFS filesystem
                 Key: HDFS-13417
                 URL: https://issues.apache.org/jira/browse/HDFS-13417
             Project: Hadoop HDFS
          Issue Type: Bug
          Components: libhdfs
    Affects Versions: 3.0.0-alpha4
       ",0,2018-04-09,hadoop,hdfs-dev@hadoop.apache.org,<JIRA.13151210.1523311742000.221152.1523311800099@Atlassian.JIRA>,"""Sailesh Mukil (JIRA)"" <jira@apache.org>",2026-09-30T21:04:10.908158
APACHE_LISTS_REMINING,Apache Lists,UnsatisfiedLinkError,"[jira] [Created] (HDFS-13516) Ozone: TestMetadataStore fails on
 Windows",https://lists.apache.org/thread/<JIRA.13155995.1525020496000.11984.1525020540054@Atlassian.JIRA>,"Íñigo Goiri created HDFS-13516:
----------------------------------

             Summary: Ozone: TestMetadataStore fails on Windows
                 Key: HDFS-13516
                 URL: https://issues.apache.org/jira/browse/HDFS-13516
             Project: Hadoop HDFS
          Issue Type: Bug
            Reporter: Íñigo Goiri


TestMetadataStore fails on Windows with the following error:
java.la",0,2018-04-29,hadoop,hdfs-dev@hadoop.apache.org,<JIRA.13155995.1525020496000.11984.1525020540054@Atlassian.JIRA>,Íñigo Goiri (JIRA)  <jira@apache.org>,2026-09-30T21:04:10.908171
APACHE_LISTS_REMINING,Apache Lists,UnsatisfiedLinkError,"[jira] [Created] (HDFS-13705) The native ISA-L library loading
 failure should be made warning rather than an error message",https://lists.apache.org/thread/<JIRA.13168804.1530174805000.30976.1530174840122@Atlassian.JIRA>,"Shashikant Banerjee created HDFS-13705:
------------------------------------------

             Summary: The native ISA-L library loading failure should be made warning rather than an error message
                 Key: HDFS-13705
                 URL: https://issues.apache.org/jira/browse/HDFS-13705
             Project: Hadoop HDFS
          Issue Type: Bug
          Components: erasure-coding
",0,2018-06-28,hadoop,hdfs-dev@hadoop.apache.org,<JIRA.13168804.1530174805000.30976.1530174840122@Atlassian.JIRA>,"""Shashikant Banerjee (JIRA)"" <jira@apache.org>",2026-09-30T21:04:16.332321
APACHE_LISTS_REMINING,Apache Lists,JNIEnv,"[jira] [Created] (HDDS-507) RocksDB fails with SEGFAULT randomly
 during PipelineCloseHandler#onMessage",https://lists.apache.org/thread/<JIRA.13185957.1537325746000.106477.1537325760060@Atlassian.JIRA>,"Xiaoyu Yao created HDDS-507:
-------------------------------

             Summary: RocksDB fails with SEGFAULT randomly during PipelineCloseHandler#onMessage
                 Key: HDDS-507
                 URL: https://issues.apache.org/jira/browse/HDDS-507
             Project: Hadoop Distributed Data Store
          Issue Type: Bug
            Reporter: Xiaoyu Yao


This can be repro-ed by when",0,2018-09-19,hadoop,hdfs-dev@hadoop.apache.org,<JIRA.13185957.1537325746000.106477.1537325760060@Atlassian.JIRA>,"""Xiaoyu Yao (JIRA)"" <jira@apache.org>",2026-09-30T21:04:24.535237
APACHE_LISTS_REMINING,Apache Lists,compilation errors,"[jira] [Reopened] (HDFS-12026) libhdfs++: Fix compilation errors
 and warnings when compiling with Clang",https://lists.apache.org/thread/<JIRA.13082128.1498225987000.158999.1539986520529@Atlassian.JIRA>,"
     [ https://issues.apache.org/jira/browse/HDFS-12026?page=com.atlassian.jira.plugin.system.issuetabpanels:all-tabpanel ]

Konstantin Shvachko reopened HDFS-12026:
----------------------------------------

Reopening.
I think it is a blocker for release 3.2.
If there is no progress on this, I would recommend reverting.
Potentially the entire branch HDFS-8707, I didn't check how much of it is rel",0,2018-10-19,hadoop,hdfs-dev@hadoop.apache.org,<JIRA.13082128.1498225987000.158999.1539986520529@Atlassian.JIRA>,"""Konstantin Shvachko (JIRA)"" <jira@apache.org>",2026-09-30T21:04:27.704610
APACHE_LISTS_REMINING,Apache Lists,JVM crash,HDFS Native tests are broken,https://lists.apache.org/thread/<CADiq6=w42j6dxSuiYK2Obp9-Nq-tY0k3sWCS+O_S+VPsARbUug@mail.gmail.com>,"Folks,
Looks like a bunch of native tests are failing consistently. Looking back
the earliest failure I saw was from a precommit job for HDFS-1915
<https://issues.apache.org/jira/browse/HDFS-1915> in October 3rd. Some
tests failed miserably with JVM crash error.

@Pranay Singh <psingh@cloudera.com>  is trying to figure out what's going
on there (HDFS-14022). Please shout out if you suspect anythin",0,2018-10-23,hadoop,hdfs-dev@hadoop.apache.org,<CADiq6=w42j6dxSuiYK2Obp9-Nq-tY0k3sWCS+O_S+VPsARbUug@mail.gmail.com>,Wei-Chiu Chuang <weichiu@apache.org>,2026-09-30T21:04:27.704658
APACHE_LISTS_REMINING,Apache Lists,JVM crash,Re: HDFS Native tests are broken,https://lists.apache.org/thread/<CAPwQCrnOBdN2J3oCTueLa2MNJhJd7S5QGaaM6+SvyKcCybuYog@mail.gmail.com>,"HADOOP-15856 will address this. Looks  HADOOP-15767
<https://issues.apache.org/jira/browse/HADOOP-15767> is root cause as vinay
mentioned in the jira.

we can commit HADOOP-15856.

On Wed, Oct 24, 2018 at 7:07 AM Wei-Chiu Chuang <weichiu@apache.org> wrote:

> Folks,
> Looks like a bunch of native tests are failing consistently. Looking back
> the earliest failure I saw was from a precommit job for",0,2018-10-24,hadoop,hdfs-dev@hadoop.apache.org,<CAPwQCrnOBdN2J3oCTueLa2MNJhJd7S5QGaaM6+SvyKcCybuYog@mail.gmail.com>,Brahma Reddy Battula <brahma@apache.org>,2026-09-30T21:04:27.704664
APACHE_LISTS_REMINING,Apache Lists,compilation errors,"[jira] [Resolved] (HDFS-12026) libhdfs++: Fix compilation errors
 and warnings when compiling with Clang",https://lists.apache.org/thread/<JIRA.13082128.1498225987000.249155.1541039220716@Atlassian.JIRA>,"
     [ https://issues.apache.org/jira/browse/HDFS-12026?page=com.atlassian.jira.plugin.system.issuetabpanels:all-tabpanel ]

Sunil Govindan resolved HDFS-12026.
-----------------------------------
       Resolution: Fixed
     Hadoop Flags: Reviewed
    Fix Version/s: 3.3.0
                   3.2.0

> libhdfs++: Fix compilation errors and warnings when compiling with Clang 
> --------------------",0,2018-11-01,hadoop,hdfs-dev@hadoop.apache.org,<JIRA.13082128.1498225987000.249155.1541039220716@Atlassian.JIRA>,"""Sunil Govindan (JIRA)"" <jira@apache.org>",2026-09-30T21:04:30.228586
APACHE_LISTS_REMINING,Apache Lists,JNIEnv,[jira] [Created] (HDDS-1076) TestSCMNodeManager crashed the jvm,https://lists.apache.org/thread/<JIRA.13214643.1549637539000.261535.1549637580160@Atlassian.JIRA>,"Mukul Kumar Singh created HDDS-1076:
---------------------------------------

             Summary: TestSCMNodeManager crashed the jvm
                 Key: HDDS-1076
                 URL: https://issues.apache.org/jira/browse/HDDS-1076
             Project: Hadoop Distributed Data Store
          Issue Type: Bug
          Components: SCM
    Affects Versions: 0.4.0
            Reporter: Mukul Kum",0,2019-02-08,hadoop,hdfs-dev@hadoop.apache.org,<JIRA.13214643.1549637539000.261535.1549637580160@Atlassian.JIRA>,"""Mukul Kumar Singh (JIRA)"" <jira@apache.org>",2026-09-30T21:04:38.121825
APACHE_LISTS_REMINING,Apache Lists,UnsatisfiedLinkError,"[jira] [Created] (HDDS-1157) TestOzoneContainerWithTLS is failing
 due to the missing native libraries",https://lists.apache.org/thread/<JIRA.13217184.1550752107000.341810.1550752140037@Atlassian.JIRA>,"Elek, Marton created HDDS-1157:
----------------------------------

             Summary: TestOzoneContainerWithTLS is failing due to the missing native libraries
                 Key: HDDS-1157
                 URL: https://issues.apache.org/jira/browse/HDDS-1157
             Project: Hadoop Distributed Data Store
          Issue Type: Sub-task
            Reporter: Elek, Marton
            Assig",0,2019-02-21,hadoop,hdfs-dev@hadoop.apache.org,<JIRA.13217184.1550752107000.341810.1550752140037@Atlassian.JIRA>,"""Elek, Marton (JIRA)"" <jira@apache.org>",2026-09-30T21:04:38.121838
APACHE_LISTS_REMINING,Apache Lists,GetMethodID,"[jira] [Created] (HDFS-14304) High lock contention on hdfsHashMutex
 in libhdfs",https://lists.apache.org/thread/<JIRA.13217271.1550771216000.344026.1550771221193@Atlassian.JIRA>,"Sahil Takiar created HDFS-14304:
-----------------------------------

             Summary: High lock contention on hdfsHashMutex in libhdfs
                 Key: HDFS-14304
                 URL: https://issues.apache.org/jira/browse/HDFS-14304
             Project: Hadoop HDFS
          Issue Type: Improvement
          Components: hdfs-client, libhdfs, native
            Reporter: Sahil Takiar
 ",0,2019-02-21,hadoop,hdfs-dev@hadoop.apache.org,<JIRA.13217271.1550771216000.344026.1550771221193@Atlassian.JIRA>,"""Sahil Takiar (JIRA)"" <jira@apache.org>",2026-09-30T21:04:38.121840
APACHE_LISTS_REMINING,Apache Lists,JNI issue,"[jira] [Created] (HDFS-14321) Fix -Xcheck:jni issues in libhdfs,
 run ctest with -Xcheck:jni enabled",https://lists.apache.org/thread/<JIRA.13218205.1551229518000.378652.1551229560081@Atlassian.JIRA>,"Sahil Takiar created HDFS-14321:
-----------------------------------

             Summary: Fix -Xcheck:jni issues in libhdfs, run ctest with -Xcheck:jni enabled
                 Key: HDFS-14321
                 URL: https://issues.apache.org/jira/browse/HDFS-14321
             Project: Hadoop HDFS
          Issue Type: Improvement
          Components: hdfs-client, libhdfs, native
            Rep",0,2019-02-27,hadoop,hdfs-dev@hadoop.apache.org,<JIRA.13218205.1551229518000.378652.1551229560081@Atlassian.JIRA>,"""Sahil Takiar (JIRA)"" <jira@apache.org>",2026-09-30T21:04:38.121842
APACHE_LISTS_REMINING,Apache Lists,JNI issue,Apache Hadoop qbt Report: trunk+JDK8 on Linux/x86,https://lists.apache.org/thread/<280962124.1695.1551800062719.JavaMail.jenkins@jenkins02>,"For more details, see https://builds.apache.org/job/hadoop-qbt-trunk-java8-linux-x86/1066/

[Mar 1, 2019 6:49:39 PM] (xyao) HDDS-1204. Fix ClassNotFound issue with javax.xml.bind.DatatypeConverter
[Mar 1, 2019 11:41:09 PM] (xyao) HDDS-134. SCM CA: OM sends CSR and uses certificate issued by SCM.
[Mar 2, 2019 12:15:20 AM] (7813154+ajayydv) HDDS-1183. Override getDelegationToken API for OzoneFileSys",0,2019-03-05,hadoop,hdfs-dev@hadoop.apache.org,<280962124.1695.1551800062719.JavaMail.jenkins@jenkins02>,Apache Jenkins Server <jenkins@builds.apache.org>,2026-09-30T21:04:40.941206
APACHE_LISTS_REMINING,Apache Lists,JVM crash,[jira] [Created] (HDFS-14363) Namenode crashes without any workload,https://lists.apache.org/thread/<JIRA.13221187.1552412536000.42637.1552412580386@Atlassian.JIRA>,"Aihua Xu created HDFS-14363:
-------------------------------

             Summary: Namenode crashes without any workload
                 Key: HDFS-14363
                 URL: https://issues.apache.org/jira/browse/HDFS-14363
             Project: Hadoop HDFS
          Issue Type: Sub-task
          Components: namenode
    Affects Versions: 3.1.1
            Reporter: Aihua Xu
         Attachment",0,2019-03-12,hadoop,hdfs-dev@hadoop.apache.org,<JIRA.13221187.1552412536000.42637.1552412580386@Atlassian.JIRA>,"""Aihua Xu (JIRA)"" <jira@apache.org>",2026-09-30T21:04:40.941220
APACHE_LISTS_REMINING,Apache Lists,JVM crash,[jira] [Created] (HDFS-14364) DataNode crashes without any workload,https://lists.apache.org/thread/<JIRA.13221188.1552412706000.42660.1552412760216@Atlassian.JIRA>,"Aihua Xu created HDFS-14364:
-------------------------------

             Summary: DataNode crashes without any workload
                 Key: HDFS-14364
                 URL: https://issues.apache.org/jira/browse/HDFS-14364
             Project: Hadoop HDFS
          Issue Type: Sub-task
          Components: datanode
    Affects Versions: 3.1.1
            Reporter: Aihua Xu
         Attachment",0,2019-03-12,hadoop,hdfs-dev@hadoop.apache.org,<JIRA.13221188.1552412706000.42660.1552412760216@Atlassian.JIRA>,"""Aihua Xu (JIRA)"" <jira@apache.org>",2026-09-30T21:04:40.941223
APACHE_LISTS_REMINING,Apache Lists,JNA,Update guava to 27.0-jre in hadoop-project,https://lists.apache.org/thread/<CA+3yiX3VUWdD5q5qsX1LX=+xvqJ1doD=0543C3bMsusHfg-_Dw@mail.gmail.com>,"Hi devs,

I'm working on the guava version from 11.0.2 to 27.0-jre in hadoop-project.
We need to do the upgrade because of CVE-2018-10237
<https://nvd.nist.gov/vuln/detail/CVE-2018-10237>.

I've created an issue (HADOOP-15960
<https://issues.apache.org/jira/browse/HADOOP-15960>) to track progress and
created subtasks for hadoop branches 3.0, 3.1, 3.2 and trunk. The first
update should be done in t",0,2019-04-01,hadoop,hdfs-dev@hadoop.apache.org,<CA+3yiX3VUWdD5q5qsX1LX=+xvqJ1doD=0543C3bMsusHfg-_Dw@mail.gmail.com>,Gabor Bota <gabor.bota@cloudera.com.INVALID>,2026-09-30T21:04:43.762705
APACHE_LISTS_REMINING,Apache Lists,JNA,Re: Update guava to 27.0-jre in hadoop-project,https://lists.apache.org/thread/<CAL7CpJzF4iggwto4oa8vRC4skZVpgytUyUs8kt22efABNVxyGg@mail.gmail.com>,"I know that the number of guava updates we could call painless is 0, but we
need to do this.

The last time we successfully updated Guava was 2012: h
ttps://issues.apache.org/jira/browse/HDFS-3187
That was the java 6 era

The last unsuccessful attempt, April 2017:
https://issues.apache.org/jira/browse/HADOOP-14386

Let's try again and this time if there are problems say: sorry, but its
time to mov",0,2019-04-02,hadoop,hdfs-dev@hadoop.apache.org,<CAL7CpJzF4iggwto4oa8vRC4skZVpgytUyUs8kt22efABNVxyGg@mail.gmail.com>,Steve Loughran <stevel@cloudera.com.INVALID>,2026-09-30T21:04:43.762719
APACHE_LISTS_REMINING,Apache Lists,JNA,Re: Update guava to 27.0-jre in hadoop-project,https://lists.apache.org/thread/<CAL7CpJwnu3HfwoYeybWxyX0RJ6Fyh1He3Aa7gBWiH5LJ56hpuQ@mail.gmail.com>,"I am taking silence as happiness here.

+1 to the patch

On Tue, Apr 2, 2019 at 9:54 AM Steve Loughran <stevel@cloudera.com> wrote:

>
> I know that the number of guava updates we could call painless is 0, but
> we need to do this.
>
> The last time we successfully updated Guava was 2012: h
> ttps://issues.apache.org/jira/browse/HDFS-3187
> That was the java 6 era
>
> The last unsuccessful attempt",0,2019-04-03,hadoop,hdfs-dev@hadoop.apache.org,<CAL7CpJwnu3HfwoYeybWxyX0RJ6Fyh1He3Aa7gBWiH5LJ56hpuQ@mail.gmail.com>,Steve Loughran <stevel@cloudera.com.INVALID>,2026-09-30T21:04:43.762734
APACHE_LISTS_REMINING,Apache Lists,JNA,Re: Update guava to 27.0-jre in hadoop-project,https://lists.apache.org/thread/<CADiq6=xtjZFanoYdkKbDsn2UabFpiqe5e3tyFZax3uJHK0wPXA@mail.gmail.com>,"+1

I watched Gabor working on this and this is a very comprehensive, which
also includes testing in downstreamers (HBase and Hive). So very good work.

Thanks!

On Wed, Apr 3, 2019 at 3:41 AM Steve Loughran <stevel@cloudera.com.invalid>
wrote:

> I am taking silence as happiness here.
>
> +1 to the patch
>
> On Tue, Apr 2, 2019 at 9:54 AM Steve Loughran <stevel@cloudera.com> wrote:
>
> >
> > I kn",0,2019-04-03,hadoop,hdfs-dev@hadoop.apache.org,<CADiq6=xtjZFanoYdkKbDsn2UabFpiqe5e3tyFZax3uJHK0wPXA@mail.gmail.com>,Wei-Chiu Chuang <weichiu@cloudera.com.INVALID>,2026-09-30T21:04:43.762737
APACHE_LISTS_REMINING,Apache Lists,JNIEnv,"[jira] [Created] (HDFS-14482) Crash when using libhdfs with bad
 classpath",https://lists.apache.org/thread/<JIRA.13232378.1557377359000.222056.1557377400232@Atlassian.JIRA>,"Todd Lipcon created HDFS-14482:
----------------------------------

             Summary: Crash when using libhdfs with bad classpath
                 Key: HDFS-14482
                 URL: https://issues.apache.org/jira/browse/HDFS-14482
             Project: Hadoop HDFS
          Issue Type: Bug
            Reporter: Todd Lipcon
            Assignee: Sahil Takiar


HDFS-14304 added a call to init",0,2019-05-09,hadoop,hdfs-dev@hadoop.apache.org,<JIRA.13232378.1557377359000.222056.1557377400232@Atlassian.JIRA>,"""Todd Lipcon (JIRA)"" <jira@apache.org>",2026-09-30T21:04:46.768961
APACHE_LISTS_REMINING,Apache Lists,JNIEnv,"[jira] [Created] (HDFS-14488) libhdfs SIGSEGV during shutdown of
 Java",https://lists.apache.org/thread/<JIRA.13232910.1557719604000.238363.1557719640091@Atlassian.JIRA>,"Kotomi created HDFS-14488:
-----------------------------

             Summary: libhdfs SIGSEGV during shutdown of Java
                 Key: HDFS-14488
                 URL: https://issues.apache.org/jira/browse/HDFS-14488
             Project: Hadoop HDFS
          Issue Type: Bug
          Components: native
    Affects Versions: 2.7.3
         Environment: Centos 7
gcc (GCC) 8.3.0
            ",0,2019-05-13,hadoop,hdfs-dev@hadoop.apache.org,<JIRA.13232910.1557719604000.238363.1557719640091@Atlassian.JIRA>,"""Kotomi (JIRA)"" <jira@apache.org>",2026-09-30T21:04:46.768972
APACHE_LISTS_REMINING,Apache Lists,JNIEnv,"[jira] [Resolved] (HDFS-14482) Crash when using libhdfs with bad
 classpath",https://lists.apache.org/thread/<JIRA.13232378.1557377359000.249163.1557857100661@Atlassian.JIRA>,"
     [ https://issues.apache.org/jira/browse/HDFS-14482?page=com.atlassian.jira.plugin.system.issuetabpanels:all-tabpanel ]

Todd Lipcon resolved HDFS-14482.
--------------------------------
    Resolution: Fixed

> Crash when using libhdfs with bad classpath
> -------------------------------------------
>
>                 Key: HDFS-14482
>                 URL: https://issues.apache.org/jira/bro",0,2019-05-14,hadoop,hdfs-dev@hadoop.apache.org,<JIRA.13232378.1557377359000.249163.1557857100661@Atlassian.JIRA>,"""Todd Lipcon (JIRA)"" <jira@apache.org>",2026-09-30T21:04:46.768975
APACHE_LISTS_REMINING,Apache Lists,JVM crash,"[jira] [Created] (HDDS-1777) JVM crash while shutting down Ozone
 datanode in ShutdownHook",https://lists.apache.org/thread/<JIRA.13244005.1562728855000.612771.1562728860039@Atlassian.JIRA>,"Mukul Kumar Singh created HDDS-1777:
---------------------------------------

             Summary: JVM crash while shutting down Ozone datanode in ShutdownHook
                 Key: HDDS-1777
                 URL: https://issues.apache.org/jira/browse/HDDS-1777
             Project: Hadoop Distributed Data Store
          Issue Type: Bug
          Components: Ozone Datanode
    Affects Versions: ",0,2019-07-10,hadoop,hdfs-dev@hadoop.apache.org,<JIRA.13244005.1562728855000.612771.1562728860039@Atlassian.JIRA>,"""Mukul Kumar Singh (JIRA)"" <jira@apache.org>",2026-09-30T21:04:53.112131
APACHE_LISTS_REMINING,Apache Lists,JVM crash,"[jira] [Created] (HDDS-1952) TestMiniChaosOzoneCluster may run
 until OOME",https://lists.apache.org/thread/<JIRA.13250047.1565448522000.147595.1565448540025@Atlassian.JIRA>,"Doroszlai, Attila created HDDS-1952:
---------------------------------------

             Summary: TestMiniChaosOzoneCluster may run until OOME
                 Key: HDDS-1952
                 URL: https://issues.apache.org/jira/browse/HDDS-1952
             Project: Hadoop Distributed Data Store
          Issue Type: Bug
          Components: test
            Reporter: Doroszlai, Attila


{{Test",0,2019-08-10,hadoop,hdfs-dev@hadoop.apache.org,<JIRA.13250047.1565448522000.147595.1565448540025@Atlassian.JIRA>,"""Doroszlai, Attila (JIRA)"" <jira@apache.org>",2026-09-30T21:04:56.741646
APACHE_LISTS_REMINING,Apache Lists,JVM crash,"[jira] [Resolved] (HDDS-1952) TestMiniChaosOzoneCluster may run
 until OOME",https://lists.apache.org/thread/<JIRA.13250047.1565448522000.161908.1565703720145@Atlassian.JIRA>,"
     [ https://issues.apache.org/jira/browse/HDDS-1952?page=com.atlassian.jira.plugin.system.issuetabpanels:all-tabpanel ]

Nanda kumar resolved HDDS-1952.
-------------------------------
       Resolution: Fixed
    Fix Version/s: 0.5.0
                   0.4.1

Thanks [~adoroszlai] for the contribution. Committed this to trunk and ozone-0.4.1 branch.

> TestMiniChaosOzoneCluster may run until O",0,2019-08-13,hadoop,hdfs-dev@hadoop.apache.org,<JIRA.13250047.1565448522000.161908.1565703720145@Atlassian.JIRA>,"""Nanda kumar (JIRA)"" <jira@apache.org>",2026-09-30T21:04:56.741662
APACHE_LISTS_REMINING,Apache Lists,JVM crash,"[jira] [Created] (HDDS-1960) TestMiniChaosOzoneCluster may run
 until OOME",https://lists.apache.org/thread/<JIRA.13250559.1565703917000.161937.1565703960340@Atlassian.JIRA>,"Doroszlai, Attila created HDDS-1960:
---------------------------------------

             Summary: TestMiniChaosOzoneCluster may run until OOME
                 Key: HDDS-1960
                 URL: https://issues.apache.org/jira/browse/HDDS-1960
             Project: Hadoop Distributed Data Store
          Issue Type: Bug
          Components: test
            Reporter: Doroszlai, Attila
        ",0,2019-08-13,hadoop,hdfs-dev@hadoop.apache.org,<JIRA.13250559.1565703917000.161937.1565703960340@Atlassian.JIRA>,"""Doroszlai, Attila (JIRA)"" <jira@apache.org>",2026-09-30T21:04:56.741668
APACHE_LISTS_REMINING,Apache Lists,DeleteLocalRef,"[jira] [Created] (HDFS-14846) libhdfs tests are failing on trunk
 due to jni usage bugs",https://lists.apache.org/thread/<JIRA.13256430.1568326715000.55510.1568326740049@Atlassian.JIRA>,"Sahil Takiar created HDFS-14846:
-----------------------------------

             Summary: libhdfs tests are failing on trunk due to jni usage bugs
                 Key: HDFS-14846
                 URL: https://issues.apache.org/jira/browse/HDFS-14846
             Project: Hadoop HDFS
          Issue Type: Bug
          Components: libhdfs, native
            Reporter: Sahil Takiar
            As",0,2019-09-12,hadoop,hdfs-dev@hadoop.apache.org,<JIRA.13256430.1568326715000.55510.1568326740049@Atlassian.JIRA>,"""Sahil Takiar (Jira)"" <jira@apache.org>",2026-09-30T21:05:00.143832
APACHE_LISTS_REMINING,Apache Lists,DeleteLocalRef,"[jira] [Resolved] (HDFS-14846) libhdfs tests are failing on trunk
 due to jni usage bugs",https://lists.apache.org/thread/<JIRA.13256430.1568326715000.7444.1568837760117@Atlassian.JIRA>,"
     [ https://issues.apache.org/jira/browse/HDFS-14846?page=com.atlassian.jira.plugin.system.issuetabpanels:all-tabpanel ]

Sahil Takiar resolved HDFS-14846.
---------------------------------
    Fix Version/s: 3.3.0
       Resolution: Fixed

> libhdfs tests are failing on trunk due to jni usage bugs
> --------------------------------------------------------
>
>                 Key: HDFS-14846
>",0,2019-09-18,hadoop,hdfs-dev@hadoop.apache.org,<JIRA.13256430.1568326715000.7444.1568837760117@Atlassian.JIRA>,"""Sahil Takiar (Jira)"" <jira@apache.org>",2026-09-30T21:05:00.143846
APACHE_LISTS_REMINING,Apache Lists,JNIEnv,"[jira] [Resolved] (HDFS-14488) libhdfs SIGSEGV during shutdown of
 Java",https://lists.apache.org/thread/<JIRA.13232910.1557719604000.30953.1570607340185@Atlassian.JIRA>,"
     [ https://issues.apache.org/jira/browse/HDFS-14488?page=com.atlassian.jira.plugin.system.issuetabpanels:all-tabpanel ]

Kotomi resolved HDFS-14488.
---------------------------
    Resolution: Cannot Reproduce

> libhdfs SIGSEGV during shutdown of Java
> ---------------------------------------
>
>                 Key: HDFS-14488
>                 URL: https://issues.apache.org/jira/browse/HDF",0,2019-10-09,hadoop,hdfs-dev@hadoop.apache.org,<JIRA.13232910.1557719604000.30953.1570607340185@Atlassian.JIRA>,"""Kotomi (Jira)"" <jira@apache.org>",2026-09-30T21:05:07.238131
APACHE_LISTS_REMINING,Apache Lists,JVM crash,"[jira] [Created] (HDDS-2308) Switch to centos with the
 apache/ozone-build docker image",https://lists.apache.org/thread/<JIRA.13262307.1571124016000.64415.1571124060051@Atlassian.JIRA>,"Marton Elek created HDDS-2308:
---------------------------------

             Summary: Switch to centos with the apache/ozone-build docker image
                 Key: HDDS-2308
                 URL: https://issues.apache.org/jira/browse/HDDS-2308
             Project: Hadoop Distributed Data Store
          Issue Type: Improvement
            Reporter: Marton Elek
            Assignee: Marton Ele",0,2019-10-15,hadoop,hdfs-dev@hadoop.apache.org,<JIRA.13262307.1571124016000.64415.1571124060051@Atlassian.JIRA>,"""Marton Elek (Jira)"" <jira@apache.org>",2026-09-30T21:05:07.238166
APACHE_LISTS_REMINING,Apache Lists,UnsatisfiedLinkError,"[jira] [Created] (HDFS-14911) hdfs oiv ""Delimited"" processer
 failing with java.lang.UnsatisfiedLinkError",https://lists.apache.org/thread/<JIRA.13262926.1571337533000.83855.1571337540095@Atlassian.JIRA>,"bb created HDFS-14911:
-------------------------

             Summary: hdfs oiv ""Delimited"" processer failing with java.lang.UnsatisfiedLinkError
                 Key: HDFS-14911
                 URL: https://issues.apache.org/jira/browse/HDFS-14911
             Project: Hadoop HDFS
          Issue Type: Wish
          Components: hdfs, namenode
    Affects Versions: 2.6.0
            Reporter: b",0,2019-10-17,hadoop,hdfs-dev@hadoop.apache.org,<JIRA.13262926.1571337533000.83855.1571337540095@Atlassian.JIRA>,"""bb (Jira)"" <jira@apache.org>",2026-09-30T21:05:07.238169
APACHE_LISTS_REMINING,Apache Lists,JVM crash,"[jira] [Resolved] (HDDS-2308) Switch to centos with the
 apache/ozone-build docker image",https://lists.apache.org/thread/<JIRA.13262307.1571124016000.146398.1573693080747@Atlassian.JIRA>,"
     [ https://issues.apache.org/jira/browse/HDDS-2308?page=com.atlassian.jira.plugin.system.issuetabpanels:all-tabpanel ]

Anu Engineer resolved HDDS-2308.
--------------------------------
    Fix Version/s: 0.5.0
       Resolution: Fixed

Committed to the build branch.

> Switch to centos with the apache/ozone-build docker image
> ---------------------------------------------------------
>
>   ",0,2019-11-14,hadoop,hdfs-dev@hadoop.apache.org,<JIRA.13262307.1571124016000.146398.1573693080747@Atlassian.JIRA>,"""Anu Engineer (Jira)"" <jira@apache.org>",2026-09-30T21:05:10.476839
APACHE_LISTS_REMINING,Apache Lists,JNIEnv,"[jira] [Created] (HDFS-15270) Account for *env == NULL in
 hdfsThreadDestructor",https://lists.apache.org/thread/<JIRA.13297654.1586539918000.31019.1586539920077@Atlassian.JIRA>,"Babneet Singh created HDFS-15270:
------------------------------------

             Summary: Account for *env == NULL in hdfsThreadDestructor
                 Key: HDFS-15270
                 URL: https://issues.apache.org/jira/browse/HDFS-15270
             Project: Hadoop HDFS
          Issue Type: Bug
         Environment: Please refer to the ""steps to reproduce"" the failure in https://github.",0,2020-04-10,hadoop,hdfs-dev@hadoop.apache.org,<JIRA.13297654.1586539918000.31019.1586539920077@Atlassian.JIRA>,"""Babneet Singh (Jira)"" <jira@apache.org>",2026-09-30T21:05:25.105848
APACHE_LISTS_REMINING,Apache Lists,JNIEnv,"[jira] [Resolved] (HDFS-15270) Account for *env == NULL in
 hdfsThreadDestructor",https://lists.apache.org/thread/<JIRA.13297654.1586539918000.93056.1588623060652@Atlassian.JIRA>,"
     [ https://issues.apache.org/jira/browse/HDFS-15270?page=com.atlassian.jira.plugin.system.issuetabpanels:all-tabpanel ]

Wei-Chiu Chuang resolved HDFS-15270.
------------------------------------
    Fix Version/s: 3.4.0
       Resolution: Fixed

Thanks [~babsingh] this is in the trunk. Do you have a branch in mind that you want this cherrypicked to?

> Account for *env == NULL in hdfsThreadDe",0,2020-05-04,hadoop,hdfs-dev@hadoop.apache.org,<JIRA.13297654.1586539918000.93056.1588623060652@Atlassian.JIRA>,"""Wei-Chiu Chuang (Jira)"" <jira@apache.org>",2026-09-30T21:05:30.251096
APACHE_LISTS_REMINING,Apache Lists,JNIEnv,"[jira] [Created] (HDFS-16021) heap-use-after-free in
 hdfsThreadDestructor",https://lists.apache.org/thread/<JIRA.13377645.1620658702000.432250.1620658740393@Atlassian.JIRA>,"Jeremy Coulon created HDFS-16021:
------------------------------------

             Summary: heap-use-after-free in hdfsThreadDestructor
                 Key: HDFS-16021
                 URL: https://issues.apache.org/jira/browse/HDFS-16021
             Project: Hadoop HDFS
          Issue Type: Bug
    Affects Versions: 3.3.0, 2.9.2, 2.9.1
            Reporter: Jeremy Coulon
         Attachments",0,2021-05-10,hadoop,hdfs-dev@hadoop.apache.org,<JIRA.13377645.1620658702000.432250.1620658740393@Atlassian.JIRA>,"""Jeremy Coulon (Jira)"" <jira@apache.org>",2026-09-30T21:06:02.018276
APACHE_LISTS_REMINING,Apache Lists,JNIEnv,"[jira] [Created] (HDFS-16084) getJNIEnv() returns invalid pointer
 when called twice after getGlobalJNIEnv() failed",https://lists.apache.org/thread/<JIRA.13384974.1624294740000.630144.1624294800546@Atlassian.JIRA>,"Antoine Pitrou created HDFS-16084:
-------------------------------------

             Summary: getJNIEnv() returns invalid pointer when called twice after getGlobalJNIEnv() failed
                 Key: HDFS-16084
                 URL: https://issues.apache.org/jira/browse/HDFS-16084
             Project: Hadoop HDFS
          Issue Type: Bug
          Components: libhdfs
    Affects Versions: 3.2",0,2021-06-21,hadoop,hdfs-dev@hadoop.apache.org,<JIRA.13384974.1624294740000.630144.1624294800546@Atlassian.JIRA>,"""Antoine Pitrou (Jira)"" <jira@apache.org>",2026-09-30T21:06:04.837744
APACHE_LISTS_REMINING,Apache Lists,JNA,Re: [Conference] Uber's story on running Apache Hadoop deployment in Docker,https://lists.apache.org/thread/<CAPwQCr=25wrRyGSvNgUfZj2HLQ44iKCyHK=AH7RFm=CYxZS3-w@mail.gmail.com>,"Thanks all for attending the session, Hope we can have some more Good
sessions.. Please find the recordings.

https://drive.google.com/drive/u/1/folders/1mtIEUfnEUtil65U0nGGeJNAUYVsPpktt

On Wed, Sep 8, 2021 at 7:37 PM Brahma Reddy Battula <brahma@apache.org>
wrote:

> Hi Sean,
>
> Pacific Time 9th, Sept 9:30 AM…..
>
> Please check the following link relevant time zone..
>
> Time zone :: https://t",0,2021-09-14,hadoop,hdfs-dev@hadoop.apache.org,<CAPwQCr=25wrRyGSvNgUfZj2HLQ44iKCyHK=AH7RFm=CYxZS3-w@mail.gmail.com>,Brahma Reddy Battula <brahma@apache.org>,2026-09-30T21:06:10.916148
APACHE_LISTS_REMINING,Apache Lists,JNIEnv,Fix for SEGV during java app shutfdown (HDFS-13585),https://lists.apache.org/thread/<CALogGJNLNVYjygMiQkJGkDCh1JKD7LjyViCrywQ47XX-UZhYWA@mail.gmail.com>,"Hi,

I'm new here.  I'm wondering if folks will accept a contribution to fix
https://issues.apache.org/jira/browse/HDFS-13585 ?

I can repro the issue by creating a Java application that calls
hdfsConnectNewInstance:
https://gist.github.com/emancebo/e413b0f53e4005c80cbf410fdb4c9cb9

The crash occurs in hdfsThreadDestructor.  It seems that any of the calls
on the JNIEnv can cause a crash.  I think ",0,2023-07-01,hadoop,hdfs-dev@hadoop.apache.org,<CALogGJNLNVYjygMiQkJGkDCh1JKD7LjyViCrywQ47XX-UZhYWA@mail.gmail.com>,Ed Mancebo <edmancebo@gmail.com>,2026-09-30T21:06:58.082383
APACHE_LISTS_REMINING,Apache Lists,JNIEnv,Re: Fix for SEGV during java app shutfdown (HDFS-13585),https://lists.apache.org/thread/<CAF3Ajay+cYLRnRbY-UL9+viQL=zvBL2nhpDr2HJbfqFQGh3g+g@mail.gmail.com>,"Thanks Ed for your feedback.
I think it is better to comment on JIRA HDFS-13585 directly. And feel free
to
submit PR there if interested and there will be some reviewers coming soon.
Please let me know if you will have any questions.
Thanks again.

Best Regards,
- He Xiaoqiao

On Sun, Jul 2, 2023 at 2:07 PM Ed Mancebo <edmancebo@gmail.com> wrote:

> Hi,
>
> I'm new here.  I'm wondering if folks wi",0,2023-07-02,hadoop,hdfs-dev@hadoop.apache.org,<CAF3Ajay+cYLRnRbY-UL9+viQL=zvBL2nhpDr2HJbfqFQGh3g+g@mail.gmail.com>,Xiaoqiao He <hexiaoqiao@apache.org>,2026-09-30T21:06:58.082394
APACHE_LISTS_REMINING,Apache Lists,JNIEnv,Re: Fix for SEGV during java app shutfdown (HDFS-13585),https://lists.apache.org/thread/<CAN95ov-i=kd3AY_GDDzCPVWm2FJ=UHbnRKigHgL9YwGqAS2Hqg@mail.gmail.com>,"Hi Ed,

Once you create the PR against the trunk branch, the CI would
run the tests. However, this is currently only for Linux. We've
recently setup a CI for Windows that runs daily on the trunk branch -
https://ci-hadoop.apache.org/view/Hadoop/job/hadoop-qbt-trunk-java8-win10-x86_64/

We're still in the process of setting it up to run for every PR that
gets raised (called the precommit CI). In th",0,2023-07-02,hadoop,hdfs-dev@hadoop.apache.org,<CAN95ov-i=kd3AY_GDDzCPVWm2FJ=UHbnRKigHgL9YwGqAS2Hqg@mail.gmail.com>,Gautham Banasandra <gaurava@apache.org>,2026-09-30T21:06:58.082396
APACHE_LISTS_REMINING,Apache Lists,JNIEnv,Re: Fix for SEGV during java app shutfdown (HDFS-13585),https://lists.apache.org/thread/<CALogGJMwch-_YFPEb++1gEGADxQkKw-MRbsToxzzMUYUF+jA3Q@mail.gmail.com>,"Thanks He Xiaoqiao and Gautham.  I'll move the discussion to jira and make
sure we run Windows CI

On Sun, Jul 2, 2023 at 1:12 AM Gautham Banasandra <gaurava@apache.org>
wrote:

> Hi Ed,
>
> Once you create the PR against the trunk branch, the CI would
> run the tests. However, this is currently only for Linux. We've
> recently setup a CI for Windows that runs daily on the trunk branch -
>
> https",0,2023-07-02,hadoop,hdfs-dev@hadoop.apache.org,<CALogGJMwch-_YFPEb++1gEGADxQkKw-MRbsToxzzMUYUF+jA3Q@mail.gmail.com>,Ed Mancebo <edmancebo@gmail.com>,2026-09-30T21:06:58.082398
APACHE_LISTS_REMINING,Apache Lists,UnsatisfiedLinkError,Re: [VOTE] Release Apache Hadoop 3.4.0 (RC3),https://lists.apache.org/thread/<bdcc3f77-6a78-45f6-9ac3-a64c86748478@oss.nttdata.com>,"+1 (binding)

Thanks for the great work, Shilun Fan.

+ verified checksums and signatures of src and site tarballs.
+ built from source tarball with native profile enabled on Rocky Linux 8
   and Ubuntu 22.04 (x86_64).
+ deployed pseudo cluster with and without kerberos enabled.
   + ran some example jobs on encryption zone.
   + ran some simple query against httpfs.
+ built site documentation and",0,2024-03-09,hadoop,hdfs-dev@hadoop.apache.org,<bdcc3f77-6a78-45f6-9ac3-a64c86748478@oss.nttdata.com>,Masatake Iwasaki <iwasakims@oss.nttdata.com>,2026-09-30T21:07:16.269238
APACHE_LISTS_REMINING,Apache Lists,UnsatisfiedLinkError,Re: [VOTE] Release Apache Hadoop 3.4.0 (RC3),https://lists.apache.org/thread/<CAL7CpJyKPctnE8CBCpHs5f3fJDgd21vtvvm9FgnOH=XSs0c1SA@mail.gmail.com>,"followup: overnight work happy too.

one interesting pain point is that on a raspberry pi 64 os checknative
complains that libcrypto is missing

> bin/hadoop checknative

2024-03-12 11:50:24,359 INFO bzip2.Bzip2Factory: Successfully loaded &
initialized native-bzip2 library system-native
2024-03-12 11:50:24,363 INFO zlib.ZlibFactory: Successfully loaded &
initialized native-zlib library
2024-03-12",0,2024-03-12,hadoop,hdfs-dev@hadoop.apache.org,<CAL7CpJyKPctnE8CBCpHs5f3fJDgd21vtvvm9FgnOH=XSs0c1SA@mail.gmail.com>,Steve Loughran <stevel@cloudera.com.INVALID>,2026-09-30T21:07:16.269253
APACHE_LISTS_REMINING,Apache Lists,UnsatisfiedLinkError,Re: [VOTE] Release Apache Hadoop 3.4.0 (RC3),https://lists.apache.org/thread/<CAAGq2guEqhKz+En1FqwDrh_P8jN402URDioS6YfRFr0AAtb2tw@mail.gmail.com>,">  Counter should be with yourself vote, where the current summary
is 5 +1 binding and 1 +1 non-binding. Let's re-count when deadline.

Just on the process: The release manager needs to ""explicitly"" vote like
any other before counting their own vote, there has been a lot of
discussions around that at multiple places & the official apache doc has
been updated as well [1], the last paragraph reads:
",0,2024-03-14,hadoop,hdfs-dev@hadoop.apache.org,<CAAGq2guEqhKz+En1FqwDrh_P8jN402URDioS6YfRFr0AAtb2tw@mail.gmail.com>,Ayush Saxena <ayushtkn@gmail.com>,2026-09-30T21:07:16.269255
APACHE_LISTS_REMINING,Apache Lists,UnsatisfiedLinkError,Re: [VOTE] Release Apache Hadoop 3.4.0 (RC3),https://lists.apache.org/thread/<CAF3AjaxdfWsdGM-sp75Qu2UkhWhCu=bW5PEZ7dYvmDFZ9Kh_4A@mail.gmail.com>,"Thanks Ayush for highlighting this information. Absolutely true, we should
count RM's vote when explicit +1 here.

Best Regards,
- He Xiaoqiao

On Thu, Mar 14, 2024 at 3:55 AM Ayush Saxena <ayushtkn@gmail.com> wrote:

> >  Counter should be with yourself vote, where the current summary
> is 5 +1 binding and 1 +1 non-binding. Let's re-count when deadline.
>
> Just on the process: The release manage",0,2024-03-14,hadoop,hdfs-dev@hadoop.apache.org,<CAF3AjaxdfWsdGM-sp75Qu2UkhWhCu=bW5PEZ7dYvmDFZ9Kh_4A@mail.gmail.com>,Xiaoqiao He <hexiaoqiao@apache.org>,2026-09-30T21:07:16.269257
APACHE_LISTS_REMINING,Apache Lists,UnsatisfiedLinkError,Re: [VOTE] Release Apache Hadoop 3.4.0 (RC3),https://lists.apache.org/thread/<CAFF2GdnM=M=Zb_31OQMeLK2n+JgOzvg2kCXA7_MyJj_vK0h+Kw@mail.gmail.com>,"+1 (binding).

Thanks for the great work, Shilun Fan.

* Verified signatures and checksums
* Successfully built from source with native code
* Deployed a distributed cluster (on K8s)
* Successfully ran some Erasure Coding operations with ISA-L codec
* Successfully ran some HDFS RBF operations

Regards,
- Takanobu Asanuma

2024年3月14日(木) 15:19 Xiaoqiao He <hexiaoqiao@apache.org>:

> Thanks Ayush for",0,2024-03-14,hadoop,hdfs-dev@hadoop.apache.org,<CAFF2GdnM=M=Zb_31OQMeLK2n+JgOzvg2kCXA7_MyJj_vK0h+Kw@mail.gmail.com>,Takanobu Asanuma <tasanuma@apache.org>,2026-09-30T21:07:16.269259
APACHE_LISTS_REMINING,Apache Lists,UnsatisfiedLinkError,Re: [VOTE] Release Apache Hadoop 3.4.0 (RC3),https://lists.apache.org/thread/<CAE9v2k6sMC+rrwCYQhGJGD8s1_hh-V0dr9uYfwkVh5AyfVLjZA@mail.gmail.com>,"+1 (binding).

* Verified the signature and checksum of all tarballs.
* Built from the source tarball on macOS 10.14 and OpenJDK 8.
* Execute basic HDFS/YARN commands and run the WordCount MapReduce job.
* Check the Yarn federation page and basic functionalities.
* Read the basic help documentation.

Best Regards,
Shilun Fan.

On Thu, Mar 14, 2024 at 4:40 PM Takanobu Asanuma <tasanuma@apache.org>
",0,2024-03-15,hadoop,hdfs-dev@hadoop.apache.org,<CAE9v2k6sMC+rrwCYQhGJGD8s1_hh-V0dr9uYfwkVh5AyfVLjZA@mail.gmail.com>,slfan1989 <slfan1989@apache.org>,2026-09-30T21:07:16.269261
APACHE_LISTS_REMINING,Apache Lists,UnsatisfiedLinkError,Re: [VOTE] Release Apache Hadoop 3.4.0 (RC3),https://lists.apache.org/thread/<CAE9v2k4iR4t167Q0HMz028w2=kZ-A+yAGfVt7RygBwXhvokhgw@mail.gmail.com>,"Hi folks,

The voting for hadoop-3.4.0-RC3 has ended, and we have received a total of
8 affirmative votes, with 6 binding and 2 non-binding.

In the order of the voting timeline:

binding (+6)

Masatake Iwasaki
Xiaoqiao He
Mukund Madhav Thakur
Steve Loughran
Takanobu Asanuma
Shilun Fan

non-binding(+2)

Suhail, Ahmar
Dongjoon Hyun

Thank you very much for helping with the review and validation!

W",0,2024-03-16,hadoop,hdfs-dev@hadoop.apache.org,<CAE9v2k4iR4t167Q0HMz028w2=kZ-A+yAGfVt7RygBwXhvokhgw@mail.gmail.com>,slfan1989 <slfan1989@apache.org>,2026-09-30T21:07:16.269263
APACHE_LISTS_REMINING,Apache Lists,JNIEnv,"[jira] [Resolved] (HDFS-16084) getJNIEnv() returns invalid pointer
 when called twice after getGlobalJNIEnv() failed",https://lists.apache.org/thread/<JIRA.13384974.1624294740000.13019.1724575800058@Atlassian.JIRA>,"
     [ https://issues.apache.org/jira/browse/HDFS-16084?page=com.atlassian.jira.plugin.system.issuetabpanels:all-tabpanel ]

Xiaoqiao He resolved HDFS-16084.
--------------------------------
    Fix Version/s: 3.5.0
     Hadoop Flags: Reviewed
       Resolution: Fixed

> getJNIEnv() returns invalid pointer when called twice after getGlobalJNIEnv() failed
> ----------------------------------------",0,2024-08-25,hadoop,hdfs-dev@hadoop.apache.org,<JIRA.13384974.1624294740000.13019.1724575800058@Atlassian.JIRA>,"""Xiaoqiao He (Jira)"" <jira@apache.org>",2026-09-30T21:07:27.328160
APACHE_LISTS_REMINING,Apache Lists,JNIEnv,Apache Hadoop qbt Report: trunk+JDK8 on Linux/x86_64,https://lists.apache.org/thread/<747509065.650.1724705155299@ci-hadoop2-ec2-va.apache.org>,"For more details, see https://ci-hadoop.apache.org/job/hadoop-qbt-trunk-java8-linux-x86_64/1681/

[Aug 25, 2024, 8:47:05 AM] (github) HDFS-16084. Fix getJNIEnv crash due to incorrect state set to tls var (#6969). Contributed by Kevin Cai.
[Aug 25, 2024, 9:51:14 AM] (github) HDFS-17573. Allow turn on both FSImage parallelization and compression (#6929). Contributed by Sung Dong Kim.




-1 overall
",0,2024-08-26,hadoop,hdfs-dev@hadoop.apache.org,<747509065.650.1724705155299@ci-hadoop2-ec2-va.apache.org>,Apache Jenkins Server <jenkins@builds.apache.org>,2026-09-30T21:07:27.328169
APACHE_LISTS_REMINING,Apache Lists,JNIEnv,Apache Hadoop qbt Report: trunk+JDK11 on Linux/x86_64,https://lists.apache.org/thread/<1220328862.670.1724791670860@ci-hadoop2-ec2-va.apache.org>,"For more details, see https://ci-hadoop.apache.org/job/hadoop-qbt-trunk-java11-linux-x86_64/729/

[Aug 25, 2024, 8:47:05 AM] (github) HDFS-16084. Fix getJNIEnv crash due to incorrect state set to tls var (#6969). Contributed by Kevin Cai.
[Aug 25, 2024, 9:51:14 AM] (github) HDFS-17573. Allow turn on both FSImage parallelization and compression (#6929). Contributed by Sung Dong Kim.
",0,2024-08-27,hadoop,hdfs-dev@hadoop.apache.org,<1220328862.670.1724791670860@ci-hadoop2-ec2-va.apache.org>,Apache Jenkins Server <jenkins@builds.apache.org>,2026-09-30T21:07:27.328171
APACHE_LISTS_REMINING,Apache Lists,JNA,"[jira] [Resolved] (HDFS-17704) TestDecommission and
 TestDecommissionWithBackoffMonitor often run timeout.",https://lists.apache.org/thread/<JIRA.13603623.1735877626000.103617.1737697860056@Atlassian.JIRA>,"
     [ https://issues.apache.org/jira/browse/HDFS-17704?page=com.atlassian.jira.plugin.system.issuetabpanels:all-tabpanel ]

Xiaoqiao He resolved HDFS-17704.
--------------------------------
    Fix Version/s: 3.5.0
     Hadoop Flags: Reviewed
       Resolution: Fixed

> TestDecommission and TestDecommissionWithBackoffMonitor often run timeout.
> --------------------------------------------------",0,2025-01-24,hadoop,hdfs-dev@hadoop.apache.org,<JIRA.13603623.1735877626000.103617.1737697860056@Atlassian.JIRA>,"""Xiaoqiao He (Jira)"" <jira@apache.org>",2026-09-30T21:07:37.968906
APACHE_LISTS_REMINING,Apache Lists,JNIEnv,"[jira] [Resolved] (HDFS-16021) heap-use-after-free in
 hdfsThreadDestructor",https://lists.apache.org/thread/<JIRA.13377645.1620658702000.71498.1789431900041@Atlassian.JIRA>,"
     [ https://issues.apache.org/jira/browse/HDFS-16021?page=com.atlassian.jira.plugin.system.issuetabpanels:all-tabpanel ]

Akira Ajisaka resolved HDFS-16021.
----------------------------------
    Resolution: Fixed

> heap-use-after-free in hdfsThreadDestructor
> -------------------------------------------
>
>                 Key: HDFS-16021
>                 URL: https://issues.apache.org/jira",0,2026-09-15,hadoop,hdfs-dev@hadoop.apache.org,<JIRA.13377645.1620658702000.71498.1789431900041@Atlassian.JIRA>,"""Akira Ajisaka (Jira)"" <jira@apache.org>",2026-09-30T21:08:29.064960
APACHE_LISTS_REMINING,Apache Lists,UnsatisfiedLinkError,"[jira] [Resolved] (MAPREDUCE-6212) UnsatisfiedLinkError:
 org.apache.hadoop.security.JniBasedUnixGroupsMapping.anchorNative()
 happened when starting MRAppMaster",https://lists.apache.org/thread/<JIRA.12765417.1420650016000.33981.1420679255184@Atlassian.JIRA>,"
     [ https://issues.apache.org/jira/browse/MAPREDUCE-6212?page=com.atlassian.jira.plugin.system.issuetabpanels:all-tabpanel ]

Vinod Kumar Vavilapalli resolved MAPREDUCE-6212.
------------------------------------------------
       Resolution: Invalid
    Fix Version/s:     (was: 2.6.0)

This seems like an environmental issue.

JIRA is a place for tracking potential bugs in the project, not usa",0,2015-01-08,hadoop,mapreduce-dev@hadoop.apache.org,<JIRA.12765417.1420650016000.33981.1420679255184@Atlassian.JIRA>,"""Vinod Kumar Vavilapalli (JIRA)"" <jira@apache.org>",2026-09-30T21:08:31.272000
APACHE_LISTS_REMINING,Apache Lists,UnsatisfiedLinkError,"[jira] [Reopened] (MAPREDUCE-6212) UnsatisfiedLinkError:
 org.apache.hadoop.security.JniBasedUnixGroupsMapping.anchorNative()
 happened when starting MRAppMaster",https://lists.apache.org/thread/<JIRA.12765417.1420650016000.37537.1420720355453@Atlassian.JIRA>,"
     [ https://issues.apache.org/jira/browse/MAPREDUCE-6212?page=com.atlassian.jira.plugin.system.issuetabpanels:all-tabpanel ]

Dinh Hoang Mai reopened MAPREDUCE-6212:
---------------------------------------
      Assignee: Dinh Hoang Mai

> UnsatisfiedLinkError: org.apache.hadoop.security.JniBasedUnixGroupsMapping.anchorNative() happened when starting MRAppMaster
> -----------------------------",0,2015-01-08,hadoop,mapreduce-dev@hadoop.apache.org,<JIRA.12765417.1420650016000.37537.1420720355453@Atlassian.JIRA>,"""Dinh Hoang Mai (JIRA)"" <jira@apache.org>",2026-09-30T21:08:31.272010
APACHE_LISTS_REMINING,Apache Lists,UnsatisfiedLinkError,"[jira] [Resolved] (MAPREDUCE-6212) UnsatisfiedLinkError:
 org.apache.hadoop.security.JniBasedUnixGroupsMapping.anchorNative()
 happened when starting MRAppMaster",https://lists.apache.org/thread/<JIRA.12765417.1420650016000.41681.1420749635768@Atlassian.JIRA>,"
     [ https://issues.apache.org/jira/browse/MAPREDUCE-6212?page=com.atlassian.jira.plugin.system.issuetabpanels:all-tabpanel ]

Chris Nauroth resolved MAPREDUCE-6212.
--------------------------------------
    Resolution: Invalid

> UnsatisfiedLinkError: org.apache.hadoop.security.JniBasedUnixGroupsMapping.anchorNative() happened when starting MRAppMaster
> --------------------------------------",0,2015-01-08,hadoop,mapreduce-dev@hadoop.apache.org,<JIRA.12765417.1420650016000.41681.1420749635768@Atlassian.JIRA>,"""Chris Nauroth (JIRA)"" <jira@apache.org>",2026-09-30T21:08:31.272012
APACHE_LISTS_REMINING,Apache Lists,JNIEnv,Apache Hadoop qbt Report: trunk+JDK8 on Linux/x86,https://lists.apache.org/thread/<1767525103.5825.1497021764339.JavaMail.jenkins@crius>,"For more details, see https://builds.apache.org/job/hadoop-qbt-trunk-java8-linux-x86/429/

[Jun 8, 2017 5:08:08 PM] (templedf) YARN-6679. Reduce Resource instance overhead via non-PBImpl (Contributed
[Jun 8, 2017 9:15:09 PM] (jzhuge) HDFS-11851. getGlobalJNIEnv() may deadlock if exception is thrown.
[Jun 8, 2017 9:36:47 PM] (liuml07) HDFS-11945. Internal lease recovery may not be retried for a lon",0,2017-06-09,hadoop,mapreduce-dev@hadoop.apache.org,<1767525103.5825.1497021764339.JavaMail.jenkins@crius>,Apache Jenkins Server <jenkins@builds.apache.org>,2026-09-30T21:09:46.189188
APACHE_LISTS_REMINING,Apache Lists,JNIEnv,Apache Hadoop qbt Report: trunk+JDK8 on Linux/ppc64le,https://lists.apache.org/thread/<986040069.5953.1497037194339.JavaMail.jenkins@crius>,"For more details, see https://builds.apache.org/job/hadoop-qbt-trunk-java8-linux-ppc/340/

[Jun 8, 2017 5:08:08 PM] (templedf) YARN-6679. Reduce Resource instance overhead via non-PBImpl (Contributed
[Jun 8, 2017 9:15:09 PM] (jzhuge) HDFS-11851. getGlobalJNIEnv() may deadlock if exception is thrown.
[Jun 8, 2017 9:36:47 PM] (liuml07) HDFS-11945. Internal lease recovery may not be retried for a lon",0,2017-06-09,hadoop,mapreduce-dev@hadoop.apache.org,<986040069.5953.1497037194339.JavaMail.jenkins@crius>,Apache Jenkins Server <jenkins@builds.apache.org>,2026-09-30T21:09:46.189198
APACHE_LISTS_REMINING,Apache Lists,compilation errors,Apache Hadoop qbt Report: trunk+JDK8 on Linux/x86,https://lists.apache.org/thread/<1473451986.1096.1521815596507.JavaMail.jenkins@jenkins-master.apache.org>,"For more details, see https://builds.apache.org/job/hadoop-qbt-trunk-java8-linux-x86/729/

[Mar 22, 2018 4:21:52 PM] (inigoiri) HDFS-13318. RBF: Fix FindBugs in hadoop-hdfs-rbf. Contributed by Ekanth
[Mar 22, 2018 5:21:10 PM] (kihwal) HDFS-13195. DataNode conf page cannot display the current value after
[Mar 22, 2018 5:52:02 PM] (arp) HADOOP-15334. Upgrade Maven surefire plugin. Contributed by Arp",0,2018-03-23,hadoop,mapreduce-dev@hadoop.apache.org,<1473451986.1096.1521815596507.JavaMail.jenkins@jenkins-master.apache.org>,Apache Jenkins Server <jenkins@builds.apache.org>,2026-09-30T21:10:07.919686
APACHE_LISTS_REMINING,Apache Lists,compilation errors,Apache Hadoop qbt Report: trunk+JDK8 on Windows/x64,https://lists.apache.org/thread/<1811526329.1268.1521860112470.JavaMail.jenkins@jenkins-master.apache.org>,"For more details, see https://builds.apache.org/job/hadoop-trunk-win/415/

[Mar 22, 2018 4:21:52 PM] (inigoiri) HDFS-13318. RBF: Fix FindBugs in hadoop-hdfs-rbf. Contributed by Ekanth
[Mar 22, 2018 5:21:10 PM] (kihwal) HDFS-13195. DataNode conf page cannot display the current value after
[Mar 22, 2018 5:52:02 PM] (arp) HADOOP-15334. Upgrade Maven surefire plugin. Contributed by Arpit
[Mar 22, 2018",0,2018-03-24,hadoop,mapreduce-dev@hadoop.apache.org,<1811526329.1268.1521860112470.JavaMail.jenkins@jenkins-master.apache.org>,Apache Jenkins Server <jenkins@builds.apache.org>,2026-09-30T21:10:07.919698
APACHE_LISTS_REMINING,Apache Lists,compilation errors,Apache Hadoop qbt Report: trunk+JDK9 on Linux/x86,https://lists.apache.org/thread/<2019904595.1575.1521961283791.JavaMail.jenkins@jenkins-master.apache.org>,"For more details, see https://builds.apache.org/job/hadoop-qbt-trunk-java9-linux-x86/16/

[Mar 18, 2018 5:14:33 AM] (sunilg) YARN-8040. [UI2] New YARN UI webapp does not respect current pathname
[Mar 18, 2018 5:30:30 AM] (sunilg) YARN-8028. Support authorizeUserAccessToQueue in RMWebServices.
[Mar 19, 2018 12:39:49 AM] (aajisaka) MAPREDUCE-7066. TestQueue fails on Java9
[Mar 19, 2018 7:02:37 AM] (",0,2018-03-25,hadoop,mapreduce-dev@hadoop.apache.org,<2019904595.1575.1521961283791.JavaMail.jenkins@jenkins-master.apache.org>,Apache Jenkins Server <jenkins@builds.apache.org>,2026-09-30T21:10:07.919701
APACHE_LISTS_REMINING,Apache Lists,JNI issue,Apache Hadoop qbt Report: trunk+JDK8 on Linux/x86,https://lists.apache.org/thread/<280962124.1695.1551800062719.JavaMail.jenkins@jenkins02>,"For more details, see https://builds.apache.org/job/hadoop-qbt-trunk-java8-linux-x86/1066/

[Mar 1, 2019 6:49:39 PM] (xyao) HDDS-1204. Fix ClassNotFound issue with javax.xml.bind.DatatypeConverter
[Mar 1, 2019 11:41:09 PM] (xyao) HDDS-134. SCM CA: OM sends CSR and uses certificate issued by SCM.
[Mar 2, 2019 12:15:20 AM] (7813154+ajayydv) HDDS-1183. Override getDelegationToken API for OzoneFileSys",0,2019-03-05,hadoop,mapreduce-dev@hadoop.apache.org,<280962124.1695.1551800062719.JavaMail.jenkins@jenkins02>,Apache Jenkins Server <jenkins@builds.apache.org>,2026-09-30T21:10:34.275749
APACHE_LISTS_REMINING,Apache Lists,JNA,Re: Update guava to 27.0-jre in hadoop-project,https://lists.apache.org/thread/<CAL7CpJzF4iggwto4oa8vRC4skZVpgytUyUs8kt22efABNVxyGg@mail.gmail.com>,"I know that the number of guava updates we could call painless is 0, but we
need to do this.

The last time we successfully updated Guava was 2012: h
ttps://issues.apache.org/jira/browse/HDFS-3187
That was the java 6 era

The last unsuccessful attempt, April 2017:
https://issues.apache.org/jira/browse/HADOOP-14386

Let's try again and this time if there are problems say: sorry, but its
time to mov",0,2019-04-02,hadoop,mapreduce-dev@hadoop.apache.org,<CAL7CpJzF4iggwto4oa8vRC4skZVpgytUyUs8kt22efABNVxyGg@mail.gmail.com>,Steve Loughran <stevel@cloudera.com.INVALID>,2026-09-30T21:10:36.541636
APACHE_LISTS_REMINING,Apache Lists,JNA,Re: Update guava to 27.0-jre in hadoop-project,https://lists.apache.org/thread/<CAL7CpJwnu3HfwoYeybWxyX0RJ6Fyh1He3Aa7gBWiH5LJ56hpuQ@mail.gmail.com>,"I am taking silence as happiness here.

+1 to the patch

On Tue, Apr 2, 2019 at 9:54 AM Steve Loughran <stevel@cloudera.com> wrote:

>
> I know that the number of guava updates we could call painless is 0, but
> we need to do this.
>
> The last time we successfully updated Guava was 2012: h
> ttps://issues.apache.org/jira/browse/HDFS-3187
> That was the java 6 era
>
> The last unsuccessful attempt",0,2019-04-03,hadoop,mapreduce-dev@hadoop.apache.org,<CAL7CpJwnu3HfwoYeybWxyX0RJ6Fyh1He3Aa7gBWiH5LJ56hpuQ@mail.gmail.com>,Steve Loughran <stevel@cloudera.com.INVALID>,2026-09-30T21:10:36.541646
APACHE_LISTS_REMINING,Apache Lists,JNA,Re: Update guava to 27.0-jre in hadoop-project,https://lists.apache.org/thread/<CADiq6=xtjZFanoYdkKbDsn2UabFpiqe5e3tyFZax3uJHK0wPXA@mail.gmail.com>,"+1

I watched Gabor working on this and this is a very comprehensive, which
also includes testing in downstreamers (HBase and Hive). So very good work.

Thanks!

On Wed, Apr 3, 2019 at 3:41 AM Steve Loughran <stevel@cloudera.com.invalid>
wrote:

> I am taking silence as happiness here.
>
> +1 to the patch
>
> On Tue, Apr 2, 2019 at 9:54 AM Steve Loughran <stevel@cloudera.com> wrote:
>
> >
> > I kn",0,2019-04-03,hadoop,mapreduce-dev@hadoop.apache.org,<CADiq6=xtjZFanoYdkKbDsn2UabFpiqe5e3tyFZax3uJHK0wPXA@mail.gmail.com>,Wei-Chiu Chuang <weichiu@cloudera.com.INVALID>,2026-09-30T21:10:36.541648
APACHE_LISTS_REMINING,Apache Lists,JNA,Re: [Conference] Uber's story on running Apache Hadoop deployment in Docker,https://lists.apache.org/thread/<CAPwQCr=25wrRyGSvNgUfZj2HLQ44iKCyHK=AH7RFm=CYxZS3-w@mail.gmail.com>,"Thanks all for attending the session, Hope we can have some more Good
sessions.. Please find the recordings.

https://drive.google.com/drive/u/1/folders/1mtIEUfnEUtil65U0nGGeJNAUYVsPpktt

On Wed, Sep 8, 2021 at 7:37 PM Brahma Reddy Battula <brahma@apache.org>
wrote:

> Hi Sean,
>
> Pacific Time 9th, Sept 9:30 AM…..
>
> Please check the following link relevant time zone..
>
> Time zone :: https://t",0,2021-09-14,hadoop,mapreduce-dev@hadoop.apache.org,<CAPwQCr=25wrRyGSvNgUfZj2HLQ44iKCyHK=AH7RFm=CYxZS3-w@mail.gmail.com>,Brahma Reddy Battula <brahma@apache.org>,2026-09-30T21:11:51.693861
APACHE_LISTS_REMINING,Apache Lists,UnsatisfiedLinkError,Re: [VOTE] Release Apache Hadoop 3.4.0 (RC3),https://lists.apache.org/thread/<bdcc3f77-6a78-45f6-9ac3-a64c86748478@oss.nttdata.com>,"+1 (binding)

Thanks for the great work, Shilun Fan.

+ verified checksums and signatures of src and site tarballs.
+ built from source tarball with native profile enabled on Rocky Linux 8
   and Ubuntu 22.04 (x86_64).
+ deployed pseudo cluster with and without kerberos enabled.
   + ran some example jobs on encryption zone.
   + ran some simple query against httpfs.
+ built site documentation and",0,2024-03-09,hadoop,mapreduce-dev@hadoop.apache.org,<bdcc3f77-6a78-45f6-9ac3-a64c86748478@oss.nttdata.com>,Masatake Iwasaki <iwasakims@oss.nttdata.com>,2026-09-30T21:13:01.995942
APACHE_LISTS_REMINING,Apache Lists,UnsatisfiedLinkError,Re: [VOTE] Release Apache Hadoop 3.4.0 (RC3),https://lists.apache.org/thread/<CAL7CpJyKPctnE8CBCpHs5f3fJDgd21vtvvm9FgnOH=XSs0c1SA@mail.gmail.com>,"followup: overnight work happy too.

one interesting pain point is that on a raspberry pi 64 os checknative
complains that libcrypto is missing

> bin/hadoop checknative

2024-03-12 11:50:24,359 INFO bzip2.Bzip2Factory: Successfully loaded &
initialized native-bzip2 library system-native
2024-03-12 11:50:24,363 INFO zlib.ZlibFactory: Successfully loaded &
initialized native-zlib library
2024-03-12",0,2024-03-12,hadoop,mapreduce-dev@hadoop.apache.org,<CAL7CpJyKPctnE8CBCpHs5f3fJDgd21vtvvm9FgnOH=XSs0c1SA@mail.gmail.com>,Steve Loughran <stevel@cloudera.com.INVALID>,2026-09-30T21:13:01.995970
APACHE_LISTS_REMINING,Apache Lists,UnsatisfiedLinkError,Re: [VOTE] Release Apache Hadoop 3.4.0 (RC3),https://lists.apache.org/thread/<CAAGq2guEqhKz+En1FqwDrh_P8jN402URDioS6YfRFr0AAtb2tw@mail.gmail.com>,">  Counter should be with yourself vote, where the current summary
is 5 +1 binding and 1 +1 non-binding. Let's re-count when deadline.

Just on the process: The release manager needs to ""explicitly"" vote like
any other before counting their own vote, there has been a lot of
discussions around that at multiple places & the official apache doc has
been updated as well [1], the last paragraph reads:
",0,2024-03-14,hadoop,mapreduce-dev@hadoop.apache.org,<CAAGq2guEqhKz+En1FqwDrh_P8jN402URDioS6YfRFr0AAtb2tw@mail.gmail.com>,Ayush Saxena <ayushtkn@gmail.com>,2026-09-30T21:13:01.995972
APACHE_LISTS_REMINING,Apache Lists,UnsatisfiedLinkError,Re: [VOTE] Release Apache Hadoop 3.4.0 (RC3),https://lists.apache.org/thread/<CAF3AjaxdfWsdGM-sp75Qu2UkhWhCu=bW5PEZ7dYvmDFZ9Kh_4A@mail.gmail.com>,"Thanks Ayush for highlighting this information. Absolutely true, we should
count RM's vote when explicit +1 here.

Best Regards,
- He Xiaoqiao

On Thu, Mar 14, 2024 at 3:55 AM Ayush Saxena <ayushtkn@gmail.com> wrote:

> >  Counter should be with yourself vote, where the current summary
> is 5 +1 binding and 1 +1 non-binding. Let's re-count when deadline.
>
> Just on the process: The release manage",0,2024-03-14,hadoop,mapreduce-dev@hadoop.apache.org,<CAF3AjaxdfWsdGM-sp75Qu2UkhWhCu=bW5PEZ7dYvmDFZ9Kh_4A@mail.gmail.com>,Xiaoqiao He <hexiaoqiao@apache.org>,2026-09-30T21:13:01.995974
APACHE_LISTS_REMINING,Apache Lists,UnsatisfiedLinkError,Re: [VOTE] Release Apache Hadoop 3.4.0 (RC3),https://lists.apache.org/thread/<CAFF2GdnM=M=Zb_31OQMeLK2n+JgOzvg2kCXA7_MyJj_vK0h+Kw@mail.gmail.com>,"+1 (binding).

Thanks for the great work, Shilun Fan.

* Verified signatures and checksums
* Successfully built from source with native code
* Deployed a distributed cluster (on K8s)
* Successfully ran some Erasure Coding operations with ISA-L codec
* Successfully ran some HDFS RBF operations

Regards,
- Takanobu Asanuma

2024年3月14日(木) 15:19 Xiaoqiao He <hexiaoqiao@apache.org>:

> Thanks Ayush for",0,2024-03-14,hadoop,mapreduce-dev@hadoop.apache.org,<CAFF2GdnM=M=Zb_31OQMeLK2n+JgOzvg2kCXA7_MyJj_vK0h+Kw@mail.gmail.com>,Takanobu Asanuma <tasanuma@apache.org>,2026-09-30T21:13:01.995976
APACHE_LISTS_REMINING,Apache Lists,UnsatisfiedLinkError,Re: [VOTE] Release Apache Hadoop 3.4.0 (RC3),https://lists.apache.org/thread/<CAE9v2k6sMC+rrwCYQhGJGD8s1_hh-V0dr9uYfwkVh5AyfVLjZA@mail.gmail.com>,"+1 (binding).

* Verified the signature and checksum of all tarballs.
* Built from the source tarball on macOS 10.14 and OpenJDK 8.
* Execute basic HDFS/YARN commands and run the WordCount MapReduce job.
* Check the Yarn federation page and basic functionalities.
* Read the basic help documentation.

Best Regards,
Shilun Fan.

On Thu, Mar 14, 2024 at 4:40 PM Takanobu Asanuma <tasanuma@apache.org>
",0,2024-03-15,hadoop,mapreduce-dev@hadoop.apache.org,<CAE9v2k6sMC+rrwCYQhGJGD8s1_hh-V0dr9uYfwkVh5AyfVLjZA@mail.gmail.com>,slfan1989 <slfan1989@apache.org>,2026-09-30T21:13:01.995978
APACHE_LISTS_REMINING,Apache Lists,UnsatisfiedLinkError,Re: [VOTE] Release Apache Hadoop 3.4.0 (RC3),https://lists.apache.org/thread/<CAE9v2k4iR4t167Q0HMz028w2=kZ-A+yAGfVt7RygBwXhvokhgw@mail.gmail.com>,"Hi folks,

The voting for hadoop-3.4.0-RC3 has ended, and we have received a total of
8 affirmative votes, with 6 binding and 2 non-binding.

In the order of the voting timeline:

binding (+6)

Masatake Iwasaki
Xiaoqiao He
Mukund Madhav Thakur
Steve Loughran
Takanobu Asanuma
Shilun Fan

non-binding(+2)

Suhail, Ahmar
Dongjoon Hyun

Thank you very much for helping with the review and validation!

W",0,2024-03-16,hadoop,mapreduce-dev@hadoop.apache.org,<CAE9v2k4iR4t167Q0HMz028w2=kZ-A+yAGfVt7RygBwXhvokhgw@mail.gmail.com>,slfan1989 <slfan1989@apache.org>,2026-09-30T21:13:01.995980
APACHE_LISTS_REMINING,Apache Lists,JNIEnv,Apache Hadoop qbt Report: trunk+JDK8 on Linux/x86_64,https://lists.apache.org/thread/<747509065.650.1724705155299@ci-hadoop2-ec2-va.apache.org>,"For more details, see https://ci-hadoop.apache.org/job/hadoop-qbt-trunk-java8-linux-x86_64/1681/

[Aug 25, 2024, 8:47:05 AM] (github) HDFS-16084. Fix getJNIEnv crash due to incorrect state set to tls var (#6969). Contributed by Kevin Cai.
[Aug 25, 2024, 9:51:14 AM] (github) HDFS-17573. Allow turn on both FSImage parallelization and compression (#6929). Contributed by Sung Dong Kim.




-1 overall
",0,2024-08-26,hadoop,mapreduce-dev@hadoop.apache.org,<747509065.650.1724705155299@ci-hadoop2-ec2-va.apache.org>,Apache Jenkins Server <jenkins@builds.apache.org>,2026-09-30T21:13:11.859658
APACHE_LISTS_REMINING,Apache Lists,JNIEnv,Apache Hadoop qbt Report: trunk+JDK11 on Linux/x86_64,https://lists.apache.org/thread/<1220328862.670.1724791670860@ci-hadoop2-ec2-va.apache.org>,"For more details, see https://ci-hadoop.apache.org/job/hadoop-qbt-trunk-java11-linux-x86_64/729/

[Aug 25, 2024, 8:47:05 AM] (github) HDFS-16084. Fix getJNIEnv crash due to incorrect state set to tls var (#6969). Contributed by Kevin Cai.
[Aug 25, 2024, 9:51:14 AM] (github) HDFS-17573. Allow turn on both FSImage parallelization and compression (#6929). Contributed by Sung Dong Kim.
",0,2024-08-27,hadoop,mapreduce-dev@hadoop.apache.org,<1220328862.670.1724791670860@ci-hadoop2-ec2-va.apache.org>,Apache Jenkins Server <jenkins@builds.apache.org>,2026-09-30T21:13:11.859677
APACHE_LISTS_REMINING,Apache Lists,javah,Re: Spark development with IntelliJ,https://lists.apache.org/thread/<1421490569611-10163.post@n3.nabble.com>,"*I followed the procedures instructed by
https://cwiki.apache.org/confluence/display/SPARK/Contributing+to+Spark#ContributingtoSpark-IntelliJ. 
But problems still occurs which has made me a little bit annoyed. 

My environment settings are:JAVA 1.7.0 Scala: 2.10.4 Spark:1.2.0, Intellij
Idea 14.0.2, Ubuntu 14.04 

Firstly I got the scala plugin correctly installed. 

I choosed maven-3, hadoop-2.4, ",0,2015-01-17,spark,dev@spark.apache.org,<1421490569611-10163.post@n3.nabble.com>,Chunnan Yao <yaochunnan@gmail.com>,2026-09-30T21:14:09.528464
APACHE_LISTS_REMINING,Apache Lists,javah,Re: Spark development with IntelliJ,"https://lists.apache.org/thread/
 <CAMAsSd+2Z=DzBQwcKY4TFrh+ubr-xUiHx8Haw+N5BdFkRRtLjQ@mail.gmail.com>","Yes I've seen that error in the past too, and was just talking to
Imran the other day about it. I thought it only occurred when the hive
module was enabled, which I don't enable.

The problem is that the plugin that causes an error in IntelliJ for
scalac is what parses these values.* I think he got it to work with
this change: http://stackoverflow.com/questions/26788367/quasiquotes-in-intellij-14/",0,2015-01-17,spark,dev@spark.apache.org,"
 <CAMAsSd+2Z=DzBQwcKY4TFrh+ubr-xUiHx8Haw+N5BdFkRRtLjQ@mail.gmail.com>",Sean Owen <sowen@cloudera.com>,2026-09-30T21:14:09.528481
APACHE_LISTS_REMINING,Apache Lists,javah,Re: Spark development with IntelliJ,"https://lists.apache.org/thread/
 <CAL34EqHOGsvrL9rSUT4FjvoX86gkjS5aWtRSNP6HnMLNc39bZA@mail.gmail.com>","Followed is the discussion between Imran and me.

2015-01-18 4:12 GMT+08:00 Chunnan Yao <yaochunnan@gmail.com>:

> Thank you for your patience! Im now not so familiar with the mailing list.
> I just clicked ""reply"" in Gmail, thinking it would be automatically
> attached to the list. I will later post the missed information to the
> spark-user list :) Your suggestions really helps!
>
> 2015-01-18 4",0,2015-01-18,spark,dev@spark.apache.org,"
 <CAL34EqHOGsvrL9rSUT4FjvoX86gkjS5aWtRSNP6HnMLNc39bZA@mail.gmail.com>",Chunnan Yao <yaochunnan@gmail.com>,2026-09-30T21:14:09.528483
APACHE_LISTS_REMINING,Apache Lists,javah,Re: Spark development with IntelliJ,"https://lists.apache.org/thread/
 <CA+3qhFQTYtNzN9WzsGgbcmpNYtFShkwBr5qAJz0f_uxNm3kK0g@mail.gmail.com>","btw, I updated the wiki to include instructions on making the
macro-paradise jar a compiler plugin for Intellij:

https://cwiki.apache.org/confluence/display/SPARK/Contributing+to+Spark#ContributingtoSpark-IntelliJ

On Sat, Jan 17, 2015 at 12:16 PM, Chunnan Yao <yaochunnan@gmail.com> wrote:

> Followed is the discussion between Imran and me.
>
>
> 2015-01-18 4:12 GMT+08:00 Chunnan Yao <yaochunnan@",0,2015-01-17,spark,dev@spark.apache.org,"
 <CA+3qhFQTYtNzN9WzsGgbcmpNYtFShkwBr5qAJz0f_uxNm3kK0g@mail.gmail.com>",Imran Rashid <irashid@cloudera.com>,2026-09-30T21:14:09.528485
APACHE_LISTS_REMINING,Apache Lists,JNA,RE: spark slave cannot execute without admin permission on windows,"https://lists.apache.org/thread/
 <014bc325f40f43b1937f2f3db4fc6cd3@DFM-DB3MBX15-08.exchange.corp.microsoft.com>","+ dev mailing list

If this is supposed to work, is there a regression then?

The spark core code shows the permission for copied file to \work is set to a+x at Line 442 of Utils.scala<https://github.com/apache/spark/blob/b271c265b742fa6947522eda4592e9e6a7fd1f3a/core/src/main/scala/org/apache/spark/util/Utils.scala> .
The example jar I used had all permissions including Read & Execute prior s",0,2015-02-19,spark,dev@spark.apache.org,"
 <014bc325f40f43b1937f2f3db4fc6cd3@DFM-DB3MBX15-08.exchange.corp.microsoft.com>",Judy Nash <judynash@exchange.microsoft.com>,2026-09-30T21:14:12.821736
APACHE_LISTS_REMINING,Apache Lists,JNA,RE: spark slave cannot execute without admin permission on windows,"https://lists.apache.org/thread/
 <14052b11efca4ffdaeb64e0ed224ac86@DFM-DB3MBX15-08.exchange.corp.microsoft.com>","Update to the thread.

Upon investigation, this is a bug on windows. Windows does not grant user permission read permission to jar files by default.
Have created a pull request for SPARK-5914<https://issues.apache.org/jira/browse/SPARK-5914> to grant read permission to jar owner (slave service account in this case). With this fix, slave will be able to run without admin permission.
FYI: master",0,2015-02-24,spark,dev@spark.apache.org,"
 <14052b11efca4ffdaeb64e0ed224ac86@DFM-DB3MBX15-08.exchange.corp.microsoft.com>",Judy Nash <judynash@exchange.microsoft.com>,2026-09-30T21:14:12.821759
APACHE_LISTS_REMINING,Apache Lists,javah,"Re: [ERROR] bin/compute-classpath.sh: fails with false positive test
 for java 1.7 vs 1.6","https://lists.apache.org/thread/
 <CACdU-dSoXW1C_EePBOmdfMQ3ZNaF=D1q79qG4xrmt4NGgtk-yw@mail.gmail.com>","it's not downgraded, it's your /etc/alternatives setup that's causing this.

you can update all of those entries by executing the following commands (as
root):

update-alternatives --install ""/usr/bin/java"" ""java""
""/usr/java/latest/bin/java"" 1
update-alternatives --install ""/usr/bin/javah"" ""javah""
""/usr/java/latest/bin/javah"" 1
update-alternatives --install ""/usr/bin/javac"" ""javac""
""/usr/java/late",0,2015-02-24,spark,dev@spark.apache.org,"
 <CACdU-dSoXW1C_EePBOmdfMQ3ZNaF=D1q79qG4xrmt4NGgtk-yw@mail.gmail.com>",shane knapp <sknapp@berkeley.edu>,2026-09-30T21:14:12.821764
APACHE_LISTS_REMINING,Apache Lists,compilation errors,"Re: Spark SQL 1.3.1　""saveAsParquetFile""　will  output  tachyon file with different block size",https://lists.apache.org/thread/<1430252360867-11870.post@n3.nabble.com>,"Hi Zhang,

How did you compile Spark 1.3.1 with Tachyon? when i changed Tachyon version
to 0.6.3 in core/pom.xml, make-distribution.sh and try to compile again,
many compilation errors raised.

Thanks,




--
View this message in context: http://apache-spark-developers-list.1001551.n3.nabble.com/Spark-SQL-1-3-1-saveAsParquetFile-will-output-tachyon-file-with-different-block-size-tp11561p11870.html",0,2015-04-28,spark,dev@spark.apache.org,<1430252360867-11870.post@n3.nabble.com>,sara mustafa <eng.sara.mustafa@gmail.com>,2026-09-30T21:14:20.019352
APACHE_LISTS_REMINING,Apache Lists,compilation errors,"Re: Spark SQL 1.3.1 ""saveAsParquetFile"" will output tachyon file with
 different block size","https://lists.apache.org/thread/
 <CAO17acZK10f-D6XdcrX=6t-AR5KAug6kCLiWpNyz9F9AyJ13kA@mail.gmail.com>","Hi,

You can apply this patch <https://github.com/apache/spark/pull/5354> and
recompile.

Hope this helps,
Calvin

On Tue, Apr 28, 2015 at 1:19 PM, sara mustafa <eng.sara.mustafa@gmail.com>
wrote:

> Hi Zhang,
>
> How did you compile Spark 1.3.1 with Tachyon? when i changed Tachyon
> version
> to 0.6.3 in core/pom.xml, make-distribution.sh and try to compile again,
> many compilation errors raised",0,2015-04-28,spark,dev@spark.apache.org,"
 <CAO17acZK10f-D6XdcrX=6t-AR5KAug6kCLiWpNyz9F9AyJ13kA@mail.gmail.com>",Calvin Jia <jia.calvin@gmail.com>,2026-09-30T21:14:20.019378
APACHE_LISTS_REMINING,Apache Lists,compilation errors,"Re:Re: Spark SQL 1.3.1　""saveAsParquetFile""　will  output  tachyon file with different block size",https://lists.apache.org/thread/<4760e852.222f.14d02ceccfe.Coremail.zhangxiongfei0815@163.com>,"HiActually I did not use Tachyon 0.6.3,just compiled it with 0.5.0 by make-distribution.sh. When I pulled the spark code from github,the Tachyon version was still 0.5.0 in pom,xml.

Regards
Zhang




At 2015-04-29 04:19:20, ""sara mustafa"" <eng.sara.mustafa@gmail.com> wrote:
>Hi Zhang,
>
>How did you compile Spark 1.3.1 with Tachyon? when i changed Tachyon version
>to 0.6.3 in core/pom.xml, make-di",0,2015-04-29,spark,dev@spark.apache.org,<4760e852.222f.14d02ceccfe.Coremail.zhangxiongfei0815@163.com>,zhangxiongfei  <zhangxiongfei0815@163.com>,2026-09-30T21:14:20.019381
APACHE_LISTS_REMINING,Apache Lists,JNA,Re: Tungsten off heap memory access for C++ libraries,https://lists.apache.org/thread/<1441143118219-13929.post@n3.nabble.com>,"Paul: I've worked on running C++ code on Spark at scale before (via JNA, ~200
cores) and am working on something more contribution-oriented now (via JNI). 
A few comments:
 * If you need something *today*, try JNA.  It can be slow (e.g. a short
native function in a tight loop) but works if you have an existing C
library.
 * If you want true zero-copy nested data structures (with explicit schema),
",0,2015-09-01,spark,dev@spark.apache.org,<1441143118219-13929.post@n3.nabble.com>,Paul Wais <paulwais@gmail.com>,2026-09-30T21:14:45.567775
APACHE_LISTS_REMINING,Apache Lists,JNA,Re: Tungsten off heap memory access for C++ libraries,"https://lists.apache.org/thread/
 <CA+y7k=CMAA-tm9QcqzZqtnDrao-JeFNtFNMEwR7Z=3aJFNWQcA@mail.gmail.com>","https://issues.apache.org/jira/browse/SPARK-10399

Is the jira to track.
On Sep 1, 2015 5:32 PM, ""Paul Wais"" <paulwais@gmail.com> wrote:

> Paul: I've worked on running C++ code on Spark at scale before (via JNA,
> ~200
> cores) and am working on something more contribution-oriented now (via
> JNI).
> A few comments:
>  * If you need something *today*, try JNA.  It can be slow (e.g. a short
> nati",0,2015-09-01,spark,dev@spark.apache.org,"
 <CA+y7k=CMAA-tm9QcqzZqtnDrao-JeFNtFNMEwR7Z=3aJFNWQcA@mail.gmail.com>",Paul Weiss <paulweiss.dev@gmail.com>,2026-09-30T21:14:45.567789
APACHE_LISTS_REMINING,Apache Lists,JNA,Re: Derby version in Spark,"https://lists.apache.org/thread/
 <OF441E98D9.8558E870-ON87257EC8.007A2C09-88257EC8.007ADBC7@us.ibm.com>","
Thanks, Ted. I'm working on my master branch. The lib_managed/jars
directory has a lot of jarballs, including hadoop and hive. Maybe these
were faulted in when I built with the following command?

  sbt/sbt -Phive assembly/assembly

The Derby jars seem to be used in order to manage the metastore_db
database. Maybe my question should be directed to the Hive community?

Thanks,
-Rick

Here are the ",0,2015-09-22,spark,dev@spark.apache.org,"
 <OF441E98D9.8558E870-ON87257EC8.007A2C09-88257EC8.007ADBC7@us.ibm.com>",Richard Hillegas <rhilleg@us.ibm.com>,2026-09-30T21:14:45.567792
APACHE_LISTS_REMINING,Apache Lists,JNA,Re: Derby version in Spark,"https://lists.apache.org/thread/
 <CALte62w7i-48jKWvMASd_bSiofWoU-Oz8CwJOqnMKXJqGVhpjQ@mail.gmail.com>","I see.
I use maven to build so I observe different contents under lib_managed
directory.

Here is snippet of dependency tree:

[INFO] |  +- org.spark-project.hive:hive-metastore:jar:1.2.1.spark:compile
[INFO] |  |  +- com.jolbox:bonecp:jar:0.8.0.RELEASE:compile
[INFO] |  |  +- org.apache.derby:derby:jar:10.10.1.1:compile

On Tue, Sep 22, 2015 at 3:21 PM, Richard Hillegas <rhilleg@us.ibm.com>
wrote",0,2015-09-22,spark,dev@spark.apache.org,"
 <CALte62w7i-48jKWvMASd_bSiofWoU-Oz8CwJOqnMKXJqGVhpjQ@mail.gmail.com>",Ted Yu <yuzhihong@gmail.com>,2026-09-30T21:14:45.567794
APACHE_LISTS_REMINING,Apache Lists,JNA,Re: Derby version in Spark,"https://lists.apache.org/thread/
 <CALte62xiY1JmwPgepCkV=xH9xQF-H4C9mxyDsqpA=FXVXFhR8A@mail.gmail.com>","I cloned Hive 1.2 code base and saw:

    <derby.version>10.10.2.0</derby.version>

So the version used by Spark is quite close to what Hive uses.

On Tue, Sep 22, 2015 at 3:29 PM, Ted Yu <yuzhihong@gmail.com> wrote:

> I see.
> I use maven to build so I observe different contents under lib_managed
> directory.
>
> Here is snippet of dependency tree:
>
> [INFO] |  +- org.spark-project.hive:hive-me",0,2015-09-22,spark,dev@spark.apache.org,"
 <CALte62xiY1JmwPgepCkV=xH9xQF-H4C9mxyDsqpA=FXVXFhR8A@mail.gmail.com>",Ted Yu <yuzhihong@gmail.com>,2026-09-30T21:14:45.567796
APACHE_LISTS_REMINING,Apache Lists,JNA,Re: Derby version in Spark,"https://lists.apache.org/thread/
 <OF90E42815.D4A6A8D0-ON87257EC8.007D2D45-88257EC8.007D43BF@us.ibm.com>","
Thanks, Ted. I'll follow up with the Hive folks.

Cheers,
-Rick

Ted Yu <yuzhihong@gmail.com> wrote on 09/22/2015 03:41:12 PM:

> From: Ted Yu <yuzhihong@gmail.com>
> To: Richard Hillegas/San Francisco/IBM@IBMUS
> Cc: Dev <dev@spark.apache.org>
> Date: 09/22/2015 03:41 PM
> Subject: Re: Derby version in Spark
>
> I cloned Hive 1.2 code base and saw:
>
>     <derby.version>10.10.2.0</derby.version",0,2015-09-22,spark,dev@spark.apache.org,"
 <OF90E42815.D4A6A8D0-ON87257EC8.007D2D45-88257EC8.007D43BF@us.ibm.com>",Richard Hillegas <rhilleg@us.ibm.com>,2026-09-30T21:14:45.567799
APACHE_LISTS_REMINING,Apache Lists,UnsatisfiedLinkError,Strange spark problems among different versions,https://lists.apache.org/thread/<1444853140070-14609.post@n3.nabble.com>,"Hi. I try to run the Spark Pi on the cluster, some strange errors happen and
I do not know what cause the error. Although I have posted this error to the
user@spark, I think it may be not a simple configuration error and the
developers may know it well.
  
  When I am using the hadoop2.6 and spark-1.5.1-bin-hadoop2.6 the error log
is below: 


118 10/01/01 11:59:14 ERROR yarn.ApplicationMaster: Us",0,2015-10-14,spark,dev@spark.apache.org,<1444853140070-14609.post@n3.nabble.com>,zhaoxia <zhaoxiahust@gmail.com>,2026-09-30T21:14:48.807079
APACHE_LISTS_REMINING,Apache Lists,javah,SparkLauncher#setJavaHome does not set JAVA_HOME in child process,https://lists.apache.org/thread/<1446294031943-14848.post@n3.nabble.com>,"Hi
the SparkLauncher#setJavaHome method uses its argument to find the java
executable, but it does not reset the JAVA_HOME env var in the child
process. As a result, spark scripts such as bin/spark-class that rely on
JAVA_HOME use the wrong value. Adding this to setJavaHome fixes the problem:

    builder.childEnv.put(""JAVA_HOME"", javaHome);

Should I submit a PR for this or if someone is already ",0,2015-10-31,spark,dev@spark.apache.org,<1446294031943-14848.post@n3.nabble.com>,gus <gustavo.arocena@gmail.com>,2026-09-30T21:14:48.807091
APACHE_LISTS_REMINING,Apache Lists,javah,Re: SparkLauncher#setJavaHome does not set JAVA_HOME in child process,"https://lists.apache.org/thread/
 <CALte62xKxy=iXspEaA16Yx_9rXiEU-TV3PpJdGMsei0Y3-6hpA@mail.gmail.com>","On Linux, I got the following test failure (with or without suggested
change):

testChildProcLauncher(org.apache.spark.launcher.SparkLauncherSuite)  Time
elapsed: 0.036 sec  <<< FAILURE!
java.lang.AssertionError: expected:<0> but was:<1>
at org.junit.Assert.fail(Assert.java:88)
at org.junit.Assert.failNotEquals(Assert.java:743)
at org.junit.Assert.assertEquals(Assert.java:118)
at org.junit.Assert.",0,2015-10-31,spark,dev@spark.apache.org,"
 <CALte62xKxy=iXspEaA16Yx_9rXiEU-TV3PpJdGMsei0Y3-6hpA@mail.gmail.com>",Ted Yu <yuzhihong@gmail.com>,2026-09-30T21:14:48.807093
APACHE_LISTS_REMINING,Apache Lists,javah,"Re: SparkLauncher#setJavaHome does not set JAVA_HOME in child
 process",https://lists.apache.org/thread/<1446553528318-14901.post@n3.nabble.com>,"Thanks, Ted.
The SparkLauncher test suite runs fine for me, with or without the change.
Do you agree this is a bug? If so, should I open a JIRA?



--
View this message in context: http://apache-spark-developers-list.1001551.n3.nabble.com/SparkLauncher-setJavaHome-does-not-set-JAVA-HOME-in-child-process-tp14848p14901.html
Sent from the Apache Spark Developers List mailing list archive at Nabble.co",0,2015-11-03,spark,dev@spark.apache.org,<1446553528318-14901.post@n3.nabble.com>,gus <gustavo.arocena@gmail.com>,2026-09-30T21:14:52.637199
APACHE_LISTS_REMINING,Apache Lists,javah,Re: SparkLauncher#setJavaHome does not set JAVA_HOME in child process,"https://lists.apache.org/thread/
 <CALte62x11PGU3+2_AB0QihqK5mgt7wG0_BDVgwe8yiwwfFBY7A@mail.gmail.com>","Opening JIRA is fine.

Thanks

On Tue, Nov 3, 2015 at 4:25 AM, gus <gustavo.arocena@gmail.com> wrote:

> Thanks, Ted.
> The SparkLauncher test suite runs fine for me, with or without the change.
> Do you agree this is a bug? If so, should I open a JIRA?
>
>
>
> --
> View this message in context:
> http://apache-spark-developers-list.1001551.n3.nabble.com/SparkLauncher-setJavaHome-does-not-set-JAVA",0,2015-11-03,spark,dev@spark.apache.org,"
 <CALte62x11PGU3+2_AB0QihqK5mgt7wG0_BDVgwe8yiwwfFBY7A@mail.gmail.com>",Ted Yu <yuzhihong@gmail.com>,2026-09-30T21:14:52.637213
APACHE_LISTS_REMINING,Apache Lists,compilation errors,mlib compilation errors,https://lists.apache.org/thread/<2015120716430383706640@kaiyuandao.com>,"hi， when I was compiling the mlib project in Intellij, it has the following errors. If I run mvn from command line, it works well. anyone came to the same issue? thanks



",0,2015-12-07,spark,dev@spark.apache.org,<2015120716430383706640@kaiyuandao.com>,"""wei.zhu@kaiyuandao.com"" <wei.zhu@kaiyuandao.com>",2026-09-30T21:14:58.323813
APACHE_LISTS_REMINING,Apache Lists,compilation errors,回复: mlib compilation errors,https://lists.apache.org/thread/<2015120816442376406446@kaiyuandao.com>,"probably it is because I ran ""./dev/change-scala-version.sh 2.11"" after importing these projects in intellij. I reimported these projects later. it works fine.  

closed for this thread. thanks



 
发件人： wei.zhu@kaiyuandao.com
发送时间： 2015-12-07 16:43
收件人： dev
主题： mlib compilation errors
hi， when I was compiling the mlib project in Intellij, it has the following errors. If I run mvn from ",0,2015-12-08,spark,dev@spark.apache.org,<2015120816442376406446@kaiyuandao.com>,"""wei.zhu@kaiyuandao.com"" <wei.zhu@kaiyuandao.com>",2026-09-30T21:14:58.323837
APACHE_LISTS_REMINING,Apache Lists,JNA,Re: Tungsten off heap memory access for C++ libraries,https://lists.apache.org/thread/<1461873386631-17387.post@n3.nabble.com>,"Hi,

I'm coming from the particle physics community and I'm also very interested
in the development of this project. We have a huge C++ codebase and would
like to start using the higher-level abstractions of Spark in our data
analyses. To this end, I've been developing code that copies data from our
C++ framework, ROOT, into Scala:

https://github.com/diana-hep/rootconverter/tree/master/scaroot-re",0,2016-04-28,spark,dev@spark.apache.org,<1461873386631-17387.post@n3.nabble.com>,"""jpivarski@gmail.com"" <jpivarski@gmail.com>",2026-09-30T21:15:46.918083
APACHE_LISTS_REMINING,Apache Lists,JNA,Re: Tungsten off heap memory access for C++ libraries,https://lists.apache.org/thread/<1461874433940-17388.post@n3.nabble.com>,"jpivarski@gmail.com wrote
> P.S. Concerning Java/C++ bindings, there are many. I tried JNI, JNA,
> BridJ, and JavaCPP personally, but in the end picked JNA because of its
> (comparatively) large user base. If Spark will be using Djinni, that could
> be a symmetry-breaking consideration and I'll start using it for
> consistency, maybe even interoperability.

I think I misunderstood what Djinni is. ",0,2016-04-28,spark,dev@spark.apache.org,<1461874433940-17388.post@n3.nabble.com>,"""jpivarski@gmail.com"" <jpivarski@gmail.com>",2026-09-30T21:15:46.918096
APACHE_LISTS_REMINING,Apache Lists,compilation errors,Re: Using Travis for JDK7/8 compilation and lint-java.,https://lists.apache.org/thread/<CAFu6yH0NhCHw4M6FMYNzx8OprG=n5A2QsoPJrn46s11vLp9n-w@mail.gmail.com>," Thank you for your opinion!

Sure. I know that history and totally agree with all your concerns.
I indeed has hesitated about sending this kind of suggestion for a while.

If Travis CI cannot handle those simple jobs at this time again,
we must turn off from Spark PR queue.
We can see the result quickly in one or two days.
To turn on/off, Spark have nothing to do. INFRA team will do that.

In fac",0,2016-05-23,spark,dev@spark.apache.org,<CAFu6yH0NhCHw4M6FMYNzx8OprG=n5A2QsoPJrn46s11vLp9n-w@mail.gmail.com>,Dongjoon Hyun <dongjoon@apache.org>,2026-09-30T21:15:50.700280
APACHE_LISTS_REMINING,Apache Lists,compilation errors,Re: Using Travis for JDK7/8 compilation and lint-java.,https://lists.apache.org/thread/<CAFu6yH26BO3PHtDg80HYqyNS85VPm40sAyA9Gf2WNhzUj4wX+A@mail.gmail.com>,"Thank you, Shane!

I really hope that SparkPullRequestBuilder handle them if possible.

Dongjoon.

On Mon, May 23, 2016 at 1:24 PM, Dongjoon Hyun <dongjoon@apache.org> wrote:

> Thank you for your opinion!
>
> Sure. I know that history and totally agree with all your concerns.
> I indeed has hesitated about sending this kind of suggestion for a while.
>
> If Travis CI cannot handle those simple jo",0,2016-05-23,spark,dev@spark.apache.org,<CAFu6yH26BO3PHtDg80HYqyNS85VPm40sAyA9Gf2WNhzUj4wX+A@mail.gmail.com>,Dongjoon Hyun <dongjoon@apache.org>,2026-09-30T21:15:50.700292
APACHE_LISTS_REMINING,Apache Lists,compilation errors,Re: Using Travis for JDK7/8 compilation and lint-java.,https://lists.apache.org/thread/<CAFu6yH0vuj9tbeShQmNQdV3kzF9-=msPcEivBM2ReWR__1YnFw@mail.gmail.com>,"I want to clarify something here.

For Travis CI, it's free for open source projects and there is only one
management point, `.travis.xml`, for Spark community.

It's not some like physical Jenkins cluster farm. It's just a cloud service
like Github.

PS.
I'm also not an employee of Travis(or Github). :-)
If Spark uses Travis CI freely, they might dislike me for the heavy traffic.


On Mon, May 23",0,2016-05-23,spark,dev@spark.apache.org,<CAFu6yH0vuj9tbeShQmNQdV3kzF9-=msPcEivBM2ReWR__1YnFw@mail.gmail.com>,Dongjoon Hyun <dongjoon@apache.org>,2026-09-30T21:15:50.700294
APACHE_LISTS_REMINING,Apache Lists,compilation errors,Re: Using Travis for JDK7/8 compilation and lint-java.,https://lists.apache.org/thread/<CALte62zmdNoBq4Ed-uxObKQY3+1e2oqeUkxPJA=CxTCC5h0fqQ@mail.gmail.com>,"For #1 below, currently Jenkins uses Java 8:

JAVA_HOME=/usr/java/jdk1.8.0_60


How about switching to Java 7 ?


My two cents.


On Mon, May 23, 2016 at 1:24 PM, Dongjoon Hyun <dongjoon@apache.org> wrote:

> Thank you for your opinion!
>
> Sure. I know that history and totally agree with all your concerns.
> I indeed has hesitated about sending this kind of suggestion for a while.
>
> If Travis C",0,2016-05-23,spark,dev@spark.apache.org,<CALte62zmdNoBq4Ed-uxObKQY3+1e2oqeUkxPJA=CxTCC5h0fqQ@mail.gmail.com>,Ted Yu <yuzhihong@gmail.com>,2026-09-30T21:15:50.700296
APACHE_LISTS_REMINING,Apache Lists,javah,Re: Creation of SparkML Estimators in Java broken?,https://lists.apache.org/thread/<CABSaYPWw-Q3b_9eq57WXaPumbP=oArs6w7p7y5L7uW_Ndd9zKw@mail.gmail.com>,"This is because we do not have excellent coverage for Java-friendly
wrappers.
I found we only implement JavaParams who is the wrappers of Scala Params.
We still need Java-friendly wrappers for other traits who extends from
Scala Params.

For example, in Scala we have:
    trait HasLabelCol extends Params
We should have the Java-friendly wrappers as follows:
    class JavaHasLabelCol extends JavaPa",0,2016-05-27,spark,dev@spark.apache.org,<CABSaYPWw-Q3b_9eq57WXaPumbP=oArs6w7p7y5L7uW_Ndd9zKw@mail.gmail.com>,Yanbo Liang <ybliang8@gmail.com>,2026-09-30T21:15:50.700297
APACHE_LISTS_REMINING,Apache Lists,javah,Re: Creation of SparkML Estimators in Java broken?,https://lists.apache.org/thread/<CABSaYPUmMdk_CRQYELtJbHdUpm5Vp4hoX2xiRLkeG4r=BNjscg@mail.gmail.com>,"Create JIRA https://issues.apache.org/jira/browse/SPARK-15605 .

2016-05-27 1:02 GMT-07:00 Yanbo Liang <ybliang8@gmail.com>:

> This is because we do not have excellent coverage for Java-friendly
> wrappers.
> I found we only implement JavaParams who is the wrappers of Scala Params.
> We still need Java-friendly wrappers for other traits who extends from
> Scala Params.
>
> For example, in Scala w",0,2016-05-27,spark,dev@spark.apache.org,<CABSaYPUmMdk_CRQYELtJbHdUpm5Vp4hoX2xiRLkeG4r=BNjscg@mail.gmail.com>,Yanbo Liang <ybliang8@gmail.com>,2026-09-30T21:15:50.700299
APACHE_LISTS_REMINING,Apache Lists,compilation errors,Can't build scala unidoc since Kafka 0.10 support was added,https://lists.apache.org/thread/<39341492-FFC3-4942-B00A-04C32C7DAE2D@videoamp.com>,"Hello,

I'm no longer able to successfully run `sbt unidoc` in branch-2.0, and the problem seems to stem from the addition of Kafka 0.10 support. If I remove either the Kafka 0.8 or 0.10 projects from the build then unidoc works. If I keep both in I get two dozen inexplicable compilation errors as part of the unidoc task execution. Here's the first few:

[error] /Users/msa/workspace/spark-2.0/exte",0,2016-07-02,spark,dev@spark.apache.org,<39341492-FFC3-4942-B00A-04C32C7DAE2D@videoamp.com>,Michael Allman <michael@videoamp.com>,2026-09-30T21:16:10.695774
APACHE_LISTS_REMINING,Apache Lists,compilation errors,Re: encoders for more complex types,https://lists.apache.org/thread/<CANx3uAic9K=ofzm2Wk3vYdW8wDvxJYF6jMCNJqz1wU3F+4jXRA@mail.gmail.com>,"well i was using Aggregators that returned sequences of structs, or structs
with sequences inside etc. and got compilation errors on the codegen.

i didnt bother trying to reproduce it so far, or post it, since what i did
was beyond the supposed usage anyhow.


On Thu, Oct 27, 2016 at 4:02 PM, Herman van Hövell tot Westerflier <
hvanhovell@databricks.com> wrote:

> What kind of difficulties are yo",0,2016-10-27,spark,dev@spark.apache.org,<CANx3uAic9K=ofzm2Wk3vYdW8wDvxJYF6jMCNJqz1wU3F+4jXRA@mail.gmail.com>,Koert Kuipers <koert@tresata.com>,2026-09-30T21:17:14.953573
APACHE_LISTS_REMINING,Apache Lists,compilation errors,Re: encoders for more complex types,https://lists.apache.org/thread/<CAAswR-42v1a-ps2AKwMm8rawSLKJCLRTZ9a_HstkiG1DG7Siwg@mail.gmail.com>,"I would categorize these as bugs.  We should (but probably don't fully yet)
support arbitrary nesting as long as you use basic collections / case
classes / primitives.  Please do open JIRAs as you find problems.

On Thu, Oct 27, 2016 at 1:05 PM, Koert Kuipers <koert@tresata.com> wrote:

> well i was using Aggregators that returned sequences of structs, or
> structs with sequences inside etc. and g",0,2016-10-27,spark,dev@spark.apache.org,<CAAswR-42v1a-ps2AKwMm8rawSLKJCLRTZ9a_HstkiG1DG7Siwg@mail.gmail.com>,Michael Armbrust <michael@databricks.com>,2026-09-30T21:17:14.953589
APACHE_LISTS_REMINING,Apache Lists,compilation errors,Re: encoders for more complex types,https://lists.apache.org/thread/<CANx3uAhj9y1Y0aYMJnm8n1Mco8J1AwaQF-CvKOZQ2McV8HWQeA@mail.gmail.com>,"ok will do

On Thu, Oct 27, 2016 at 4:51 PM, Michael Armbrust <michael@databricks.com>
wrote:

> I would categorize these as bugs.  We should (but probably don't fully
> yet) support arbitrary nesting as long as you use basic collections / case
> classes / primitives.  Please do open JIRAs as you find problems.
>
> On Thu, Oct 27, 2016 at 1:05 PM, Koert Kuipers <koert@tresata.com> wrote:
>
>> well",0,2016-10-27,spark,dev@spark.apache.org,<CANx3uAhj9y1Y0aYMJnm8n1Mco8J1AwaQF-CvKOZQ2McV8HWQeA@mail.gmail.com>,Koert Kuipers <koert@tresata.com>,2026-09-30T21:17:14.953592
APACHE_LISTS_REMINING,Apache Lists,compilation errors,Re: encoders for more complex types,https://lists.apache.org/thread/<CANx3uAixNRHHzXzvJrLk5JKhB0=vyMx0rjA+oUKCguxJF1mn9g@mail.gmail.com>,"https://issues.apache.org/jira/browse/SPARK-18147

On Thu, Oct 27, 2016 at 4:55 PM, Koert Kuipers <koert@tresata.com> wrote:

> ok will do
>
> On Thu, Oct 27, 2016 at 4:51 PM, Michael Armbrust <michael@databricks.com>
> wrote:
>
>> I would categorize these as bugs.  We should (but probably don't fully
>> yet) support arbitrary nesting as long as you use basic collections / case
>> classes / primit",0,2016-10-27,spark,dev@spark.apache.org,<CANx3uAixNRHHzXzvJrLk5JKhB0=vyMx0rjA+oUKCguxJF1mn9g@mail.gmail.com>,Koert Kuipers <koert@tresata.com>,2026-09-30T21:17:14.953594
APACHE_LISTS_REMINING,Apache Lists,JNI error,Re: [VOTE] Release Apache Spark 2.0.2 (RC1),https://lists.apache.org/thread/<CABjYQ38RLH8w5+bZdhLwM8Q6dZHkzdrkcOSVpyZBe1VyMAMLTA@mail.gmail.com>,"Oh, I forgot to note that when downloading and running against the Spark
2.0.2 without Hadoop binaries, I got a JNI error due to an exception with
org / slf4j / logger  (i.e. org.slf4j.Logger class is not found).


On Mon, Oct 31, 2016 at 4:35 PM Reynold Xin <rxin@databricks.com> wrote:

> OK I will cut a new RC tomorrow. Any other issues people have seen?
>
>
> On Fri, Oct 28, 2016 at 2:58 PM, Sh",0,2016-10-31,spark,dev@spark.apache.org,<CABjYQ38RLH8w5+bZdhLwM8Q6dZHkzdrkcOSVpyZBe1VyMAMLTA@mail.gmail.com>,Denny Lee <denny.g.lee@gmail.com>,2026-09-30T21:17:14.953596
APACHE_LISTS_REMINING,Apache Lists,JNA,SparkILoop doesn't run,https://lists.apache.org/thread/<B9BB5A40-7FCA-4D66-993C-6CAFD2BA3DB8@gmail.com>,"I am trying to use SparkILoop to write some tests(shown below) but the test hangs with the following stack trace. Any idea what is going on?


import org.apache.log4j.{Level, LogManager}
import org.apache.spark.repl.SparkILoop
import org.scalatest.{BeforeAndAfterAll, FunSuite}

class SparkReplSpec extends FunSuite with BeforeAndAfterAll {

  override def beforeAll(): Unit = {
  }

  override def a",0,2016-11-16,spark,dev@spark.apache.org,<B9BB5A40-7FCA-4D66-993C-6CAFD2BA3DB8@gmail.com>,Mohit Jaggi <mohitjaggi@gmail.com>,2026-09-30T21:17:33.169156
APACHE_LISTS_REMINING,Apache Lists,JNA,Fwd: SparkILoop doesn't run,https://lists.apache.org/thread/<CALRVTp+KU5SVAiEyqM6w7On+Wb5DR6uyHTu+WoE0s2FMpS71KA@mail.gmail.com>,"I am trying to use SparkILoop to write some tests(shown below) but the test
hangs with the following stack trace. Any idea what is going on?


import org.apache.log4j.{Level, LogManager}
import org.apache.spark.repl.SparkILoop
import org.scalatest.{BeforeAndAfterAll, FunSuite}

class SparkReplSpec extends FunSuite with BeforeAndAfterAll {

  override def beforeAll(): Unit = {
  }

  override def a",0,2016-11-17,spark,dev@spark.apache.org,<CALRVTp+KU5SVAiEyqM6w7On+Wb5DR6uyHTu+WoE0s2FMpS71KA@mail.gmail.com>,Mohit Jaggi <mohitjaggi@gmail.com>,2026-09-30T21:17:33.169181
APACHE_LISTS_REMINING,Apache Lists,JNA,Re: SparkILoop doesn't run,https://lists.apache.org/thread/<64C2FD46-49D4-4D32-A738-6DDDF2DD6E91@gmail.com>,"Thanks Holden. I did post to the user list but since this is not a common case, I am trying the developer list as well. Yes there is a reason: I get code from somewhere e.g. a notebook. This type of code did work for me before.

Mohit Jaggi
Founder,
Data Orchard LLC
www.dataorchardllc.com




> On Nov 17, 2016, at 8:53 AM, Holden Karau <holden@pigscanfly.ca> wrote:
> 
> Moving to user list
> 
> So",0,2016-11-17,spark,dev@spark.apache.org,<64C2FD46-49D4-4D32-A738-6DDDF2DD6E91@gmail.com>,Mohit Jaggi <mohitjaggi@gmail.com>,2026-09-30T21:17:33.169185
APACHE_LISTS_REMINING,Apache Lists,"UnsatisfiedLinkError, System.loadLibrary",Third party library,https://lists.apache.org/thread/<CA+2z6umkpgp+8H=q=WSQ5nsY_e6t5YxhOpCo46rkHnib_=Y-3g@mail.gmail.com>,"Hi,

I am trying to invoke C library from the Spark Stack using JNI interface
(here is sample  application code)


class SimpleApp {
 // ---Native methods
@native def foo (Top: String): String
}

object SimpleApp  {
   def main(args: Array[String]) {

    val conf = new
SparkConf().setAppName(""SimpleApplication"").set(""SPARK_LIBRARY_PATH"", ""lib"")
    val sc = new SparkContext(conf)
     System.load",0,2016-11-25,spark,dev@spark.apache.org,<CA+2z6umkpgp+8H=q=WSQ5nsY_e6t5YxhOpCo46rkHnib_=Y-3g@mail.gmail.com>,vineet chadha <start.vineet@gmail.com>,2026-09-30T21:17:33.169189
APACHE_LISTS_REMINING,Apache Lists,"UnsatisfiedLinkError, System.loadLibrary",Re: Third party library,https://lists.apache.org/thread/<CAPh_B=bW-h0mF8oYxqjOsdQ3-Gc9msnr0iV734cSBFx-J6buKw@mail.gmail.com>,"bcc dev@ and add user@


This is more a user@ list question rather than a dev@ list question. You
can do something like this:

object MySimpleApp {
  def loadResources(): Unit = // define some idempotent way to load
resources, e.g. with a flag or lazy val

  def main() = {
    ...

    sc.parallelize(1 to 10).mapPartitions { iter =>
      MySimpleApp.loadResources()

      // do whatever you want ",0,2016-11-25,spark,dev@spark.apache.org,<CAPh_B=bW-h0mF8oYxqjOsdQ3-Gc9msnr0iV734cSBFx-J6buKw@mail.gmail.com>,Reynold Xin <rxin@databricks.com>,2026-09-30T21:17:33.169193
APACHE_LISTS_REMINING,Apache Lists,compilation errors,Spark Source Code Configuration,https://lists.apache.org/thread/<MEXPR01MB04884066E9D6403B3D2F38E9817E0@MEXPR01MB0488.ausprd01.prod.outlook.com>,"Hi,

Is there any article/Docs/support to set up Apache Spark source code on  
Eclipse/InteliJ.

I have tried setting up the source code, by importing into Git & using  
maven. I am getting lot of compilation errors.

#suggestions

Regards,
Deepu Raj
+61 414 707 319

---------------------------------------------------------------------
To unsubscribe e-mail: dev-unsubscribe@spark.apache.org

",0,2017-01-19,spark,dev@spark.apache.org,<MEXPR01MB04884066E9D6403B3D2F38E9817E0@MEXPR01MB0488.ausprd01.prod.outlook.com>,Deepu Raj <deepuraj_tech@outlook.com>,2026-09-30T21:17:47.691641
APACHE_LISTS_REMINING,Apache Lists,compilation errors,Re: Spark Source Code Configuration,https://lists.apache.org/thread/<CADqp4WzyXdNJ+DhEm4-eMqmFMXPyA9ChFi7vvsZTTpdw=ugg7w@mail.gmail.com>,"Hi Deepu,

Hope this page can give you some help.
http://spark.apache.org/developer-tools.html

Best,
Kai

On Thu, Jan 19, 2017, 14:51 Deepu Raj <deepuraj_tech@outlook.com> wrote:

> Hi,
>
> Is there any article/Docs/support to set up Apache Spark source code on
> Eclipse/InteliJ.
>
> I have tried setting up the source code, by importing into Git & using
> maven. I am getting lot of compilation er",0,2017-01-19,spark,dev@spark.apache.org,<CADqp4WzyXdNJ+DhEm4-eMqmFMXPyA9ChFi7vvsZTTpdw=ugg7w@mail.gmail.com>,Kai Jiang <jiangkai@gmail.com>,2026-09-30T21:17:47.691688
APACHE_LISTS_REMINING,Apache Lists,compilation errors,Re: Spark Source Code Configuration,https://lists.apache.org/thread/<MEXPR01MB04886F398EC26C112B5687AD81710@MEXPR01MB0488.ausprd01.prod.outlook.com>,"Thanks Kai,

I am getting the message and its stuck when I run sbt any idea:-

""Set current project to spark-parent (in build file:/home/cloudera/spark/)""

Details attached.

Regards,
Deepu Raj
+61 414 707 319




On Fri, 20 Jan 2017 10:27:16 +1100, Kai Jiang <jiangkai@gmail.com> wrote:


Hi Deepu,

Hope this page can give you some help. http://spark.apache.org/developer-tools.html

Best,
Kai

On ",0,2017-01-20,spark,dev@spark.apache.org,<MEXPR01MB04886F398EC26C112B5687AD81710@MEXPR01MB0488.ausprd01.prod.outlook.com>,Deepu Raj <deepuraj_tech@outlook.com>,2026-09-30T21:17:47.691692
APACHE_LISTS_REMINING,Apache Lists,JNI error,Re: Spark Project build Issues.(Intellij),https://lists.apache.org/thread/<CALKvMUV5AFJp8ktog-7dFBOBceYh8ve-PHZw+JpeBadH-YsaeA@mail.gmail.com>,"Hi ,

I was able to successfully build the project(source code), from intellij.
But when i try to run any of the examples present in $SPARK_HOME/examples
folder , i am getting different errors for different example jobs.

example:
for structuredkafkawordcount example,

Exception in thread ""main"" java.lang.NoClassDefFoundError:
scala/collection/Seq
at
org.apache.spark.examples.sql.streaming.Structu",0,2017-06-28,spark,dev@spark.apache.org,<CALKvMUV5AFJp8ktog-7dFBOBceYh8ve-PHZw+JpeBadH-YsaeA@mail.gmail.com>,satyajit vegesna <satyajit.apasprk@gmail.com>,2026-09-30T21:18:01.668225
APACHE_LISTS_REMINING,Apache Lists,JVM crash,JVM Crashes after running example for long time,https://lists.apache.org/thread/<1508238034824-0.post@n3.nabble.com>,"hi
We have integrated spark with yarn cluster.
To test for long running cluster, we ran below script to launch application,
an example programme as given at bottom.

#Script which runs example infinitely
/while true
do
echo ""start $times""
/opt/ficlient/Spark/spark/bin/spark-submit --class
com.example.cfgtest.SparkPi --master yarn-client --driver-java-options
'-Dlog4j.configuration=file:""./log4j.pr",0,2017-10-17,spark,dev@spark.apache.org,<1508238034824-0.post@n3.nabble.com>,"""ashok.blend"" <ashok.blend@gmail.com>",2026-09-30T21:18:12.545558
APACHE_LISTS_REMINING,Apache Lists,JVM crash,Re: TimSort bug,https://lists.apache.org/thread/<CAEccTyw1K2hyGaxScvapuMeCOL2P6ynwA6G1DMSesOFsSt9VfA@mail.gmail.com>,"I looked into this, because it sure sounds like a similar issue from a few
years ago that was fixed in https://issues.apache.org/jira/browse/SPARK-5984

The change in that JIRA actually looks almost identical to the change
mentioned in the JDK bug:
http://hg.openjdk.java.net/jdk/jdk/rev/3a6d47df8239

Reading the paper
http://drops.dagstuhl.de/opus/volltexte/2018/9467/pdf/LIPIcs-ESA-2018-4.pdf in
s",0,2018-08-31,spark,dev@spark.apache.org,<CAEccTyw1K2hyGaxScvapuMeCOL2P6ynwA6G1DMSesOFsSt9VfA@mail.gmail.com>,Sean Owen <srowen@gmail.com>,2026-09-30T21:18:41.463164
APACHE_LISTS_REMINING,Apache Lists,JVM crash,Re: TimSort bug,https://lists.apache.org/thread/<CAEccTywrDwu24TL3kjmxJYUdNz6tJXFFHV+4JWeLbm3Z2dq3Kw@mail.gmail.com>,"TL;DR - We already had the fix from SPARK-5984. The delta from the current
JDK implementation to Spark's looks actually inconsequential. No action
required AFAICT.

On Fri, Aug 31, 2018 at 12:30 PM Sean Owen <srowen@gmail.com> wrote:

> I looked into this, because it sure sounds like a similar issue from a few
> years ago that was fixed in
> https://issues.apache.org/jira/browse/SPARK-5984
> The c",0,2018-08-31,spark,dev@spark.apache.org,<CAEccTywrDwu24TL3kjmxJYUdNz6tJXFFHV+4JWeLbm3Z2dq3Kw@mail.gmail.com>,Sean Owen <srowen@gmail.com>,2026-09-30T21:18:41.463183
APACHE_LISTS_REMINING,Apache Lists,JVM crash,Re: TimSort bug,https://lists.apache.org/thread/<CAPh_B=YFdNfVM9+S-X38WV5541cXBwvnDz8AzKAsjXv1U7Ma_g@mail.gmail.com>,"Thanks for looking into this, Sean! Loved the tl;dr.


On Fri, Aug 31, 2018 at 12:28 PM Sean Owen <srowen@gmail.com> wrote:

> TL;DR - We already had the fix from SPARK-5984. The delta from the current
> JDK implementation to Spark's looks actually inconsequential. No action
> required AFAICT.
>
> On Fri, Aug 31, 2018 at 12:30 PM Sean Owen <srowen@gmail.com> wrote:
>
>> I looked into this, because",0,2018-08-31,spark,dev@spark.apache.org,<CAPh_B=YFdNfVM9+S-X38WV5541cXBwvnDz8AzKAsjXv1U7Ma_g@mail.gmail.com>,Reynold Xin <rxin@databricks.com>,2026-09-30T21:18:41.463185
APACHE_LISTS_REMINING,Apache Lists,javah,"Re: [Apache Beam] Custom DataSourceV2 instanciation: parameters
 passing and Encoders",https://lists.apache.org/thread/<3fa7793db21b8746a449026047e06a4b218010e5.camel@apache.org>,"Hi everyone, 
Does anyone have comments on this question? 
CCing user ML
ThanksEtienne
Le mardi 11 décembre 2018 à 19:02 +0100, Etienne Chauchot a écrit :
> Hi Spark guys,
> I'm Etienne Chauchot and I'm a committer on the Apache Beam project. 
> We have what we call runners. They are pieces of software that translate pipelines written using Beam API into
> pipelines that use native execution engin",0,2018-12-18,spark,dev@spark.apache.org,<3fa7793db21b8746a449026047e06a4b218010e5.camel@apache.org>,Etienne Chauchot <echauchot@apache.org>,2026-09-30T21:18:53.872179
APACHE_LISTS_REMINING,Apache Lists,JNA,Spark master build hangs using parallel build option in maven,https://lists.apache.org/thread/<CAM1+NYgiJyFrwJ4_M2TSsgZr089oko_Yyum7Dc3AZ1inkvcwLw@mail.gmail.com>,"Hi All,

Spark master build hangs using parallel build option in maven. On running
build the sequentially on spark master using maven, build did not hang.
This issue occurs on giving hadoop-provided (*-Phadoop-provided
-Dhadoop.version=2.8.5) *option. Same command works fine to build
spark-2.4.3 parallelly

*Command to build spark master sequentially - *Spark build works fine
build/mvn  -Duse.zinc",0,2020-01-18,spark,dev@spark.apache.org,<CAM1+NYgiJyFrwJ4_M2TSsgZr089oko_Yyum7Dc3AZ1inkvcwLw@mail.gmail.com>,Saurabh Chawla <s.saurabhtim@gmail.com>,2026-09-30T21:19:40.568832
APACHE_LISTS_REMINING,Apache Lists,JNA,Re: Spark master build hangs using parallel build option in maven,https://lists.apache.org/thread/<CAEccTyw1-8SoTX+GKzfXHa++_PQX39Bq6ww6pAjebDnB6d2UXA@mail.gmail.com>,"I don't believe you can use a parallel build indeed. Some things
collide with each other. Some of the suites are run in parallel inside
the build though already.

On Fri, Jan 17, 2020 at 1:23 PM Saurabh Chawla <s.saurabhtim@gmail.com> wrote:
>
> Hi All,
>
> Spark master build hangs using parallel build option in maven. On running build the sequentially on spark master using maven, build did not ha",0,2020-01-17,spark,dev@spark.apache.org,<CAEccTyw1-8SoTX+GKzfXHa++_PQX39Bq6ww6pAjebDnB6d2UXA@mail.gmail.com>,Sean Owen <srowen@gmail.com>,2026-09-30T21:19:40.568848
APACHE_LISTS_REMINING,Apache Lists,JNA,Re: Spark master build hangs using parallel build option in maven,https://lists.apache.org/thread/<CAM1+NYhgDGQ1sRyKgLsNbvxsdNkasJtr2JRTk26UEaEqWCunpA@mail.gmail.com>,"Hi Sean,

Thanks for checking this.

I am able to see parallel build info in the readme file
https://github.com/apache/spark#building-spark

""
You can build Spark using more than one thread by using the -T option with
Maven, see ""Parallel builds in Maven 3""
<https://cwiki.apache.org/confluence/display/MAVEN/Parallel+builds+in+Maven+3>.
More detailed documentation is available from the project site",0,2020-01-18,spark,dev@spark.apache.org,<CAM1+NYhgDGQ1sRyKgLsNbvxsdNkasJtr2JRTk26UEaEqWCunpA@mail.gmail.com>,Saurabh Chawla <s.saurabhtim@gmail.com>,2026-09-30T21:19:40.568851
APACHE_LISTS_REMINING,Apache Lists,JNA,Re: Spark master build hangs using parallel build option in maven,https://lists.apache.org/thread/<CAFu6yH2gDC3b7F23Teaz8SHh4jziMKx2+hENK++RmZyyxC9XOw@mail.gmail.com>,"Hi, Saurabh.

It seems that you are hitting
https://issues.apache.org/jira/browse/SPARK-26095 .

And, we disabled the parallel build via
https://github.com/apache/spark/pull/23061 at 3.0.0.

According to the stack trace in JIRA and PR description,
`maven-shade-plugin` seems to be the root cause.

For now, I'd like to recommend you to disable it because `Maven` itself
warns you already. (You know t",0,2020-01-17,spark,dev@spark.apache.org,<CAFu6yH2gDC3b7F23Teaz8SHh4jziMKx2+hENK++RmZyyxC9XOw@mail.gmail.com>,Dongjoon Hyun <dongjoon.hyun@gmail.com>,2026-09-30T21:19:40.568853
APACHE_LISTS_REMINING,Apache Lists,JNA,Re: Spark master build hangs using parallel build option in maven,https://lists.apache.org/thread/<CAM1+NYiHPesVnxSQf8OGdhrk8D7tyR=GZbv9G_yLkHLfQWnkfg@mail.gmail.com>,"Hi Dongjoon,

Thanks for sharing the information related to parallel build issue in spark.

Sure will disable parallel build.

Regards
Saurabh Chawla

On Sat, Jan 18, 2020 at 1:08 PM Dongjoon Hyun <dongjoon.hyun@gmail.com>
wrote:

> Hi, Saurabh.
>
> It seems that you are hitting
> https://issues.apache.org/jira/browse/SPARK-26095 .
>
> And, we disabled the parallel build via
> https://github.com/a",0,2020-01-18,spark,dev@spark.apache.org,<CAM1+NYiHPesVnxSQf8OGdhrk8D7tyR=GZbv9G_yLkHLfQWnkfg@mail.gmail.com>,Saurabh Chawla <s.saurabhtim@gmail.com>,2026-09-30T21:19:40.568855
APACHE_LISTS_REMINING,Apache Lists,JNA,Re: Spark master build hangs using parallel build option in maven,https://lists.apache.org/thread/<CAEccTyzSTFNvd=Db8khyDEqKeT-CFh7N7wwGGeTU5=fCUXirVA@mail.gmail.com>,"I think we can remove that note from the README then, I'll do that.

On Sat, Jan 18, 2020 at 1:38 AM Dongjoon Hyun <dongjoon.hyun@gmail.com> wrote:
>
> Hi, Saurabh.
>
> It seems that you are hitting https://issues.apache.org/jira/browse/SPARK-26095 .
>
> And, we disabled the parallel build via https://github.com/apache/spark/pull/23061 at 3.0.0.
>
> According to the stack trace in JIRA and PR desc",0,2020-01-18,spark,dev@spark.apache.org,<CAEccTyzSTFNvd=Db8khyDEqKeT-CFh7N7wwGGeTU5=fCUXirVA@mail.gmail.com>,Sean Owen <srowen@gmail.com>,2026-09-30T21:19:40.568858
APACHE_LISTS_REMINING,Apache Lists,compilation errors,Re: Scala 3 support approach,https://lists.apache.org/thread/<1603030286634-0.post@n3.nabble.com>,"Thanks for the input, Sean.

> Spark depends on a number of Scala libraries, so needs them all to support
> version X before Spark can. This only happened for 2.13 about 4-5 months
> ago. I wonder if even a fraction of the necessary libraries have 3.0
> support yet?

As far as I understand, here shows off one of the differences, we could use
Scala 2.13 binary dependencies in Scala 3 project: it wa",0,2020-10-18,spark,dev@spark.apache.org,<1603030286634-0.post@n3.nabble.com>,gemelen <gemelen@gmail.com>,2026-09-30T21:20:09.402338
APACHE_LISTS_REMINING,Apache Lists,compilation errors,Re: Scala 3 support approach,https://lists.apache.org/thread/<CAFu6yH3iS9MNOLROinJeH2GAL+3+hgJNfQJrao1ZFMPSq3XFHQ@mail.gmail.com>,"Hi, Denis

We are currently moving toward Scala 3 together by focusing on completion
SPARK-25075 first as a stepping stone.

    https://issues.apache.org/jira/browse/SPARK-25075
    Build and test Spark against Scala 2.13

We didn't finish it yet. We need to have Jenkins jobs with Scala 2.13.
Also, we should complete PySpark/SparkR and all IT testing on Scala
2.13-built distribution.

In addition",0,2020-10-18,spark,dev@spark.apache.org,<CAFu6yH3iS9MNOLROinJeH2GAL+3+hgJNfQJrao1ZFMPSq3XFHQ@mail.gmail.com>,Dongjoon Hyun <dongjoon.hyun@gmail.com>,2026-09-30T21:20:09.402356
APACHE_LISTS_REMINING,Apache Lists,JNA,maven build failing in spark sql w/BouncyCastleProvider CNFE,https://lists.apache.org/thread/<CAL7CpJx=o8H3UzSa5ZEV1MeNXNBNkjSR8LskiYOD9O120f9hvg@mail.gmail.com>," trying to build spark master w/ hadoop trunk and the maven sbt plugin is
failing. This doesn't happen with the 3.3.5 RC0;

I note that the only mention of this anywhere was me in march.

clearly something in hadoop trunk has changed in a way which is
incompatible.

Has anyone else tried such a build/seen this problem? any suggestions of a
fix?

Created SPARK-41392 to cover this...

[INFO]
-------",0,2022-12-05,spark,dev@spark.apache.org,<CAL7CpJx=o8H3UzSa5ZEV1MeNXNBNkjSR8LskiYOD9O120f9hvg@mail.gmail.com>,Steve Loughran <stevel@cloudera.com.INVALID>,2026-09-30T21:21:29.313443
APACHE_LISTS_REMINING,Apache Lists,JNA,Re: maven build failing in spark sql w/BouncyCastleProvider CNFE,https://lists.apache.org/thread/<CAMFhwAYjtt2Wh7Z=wYevS=3QhD8anP7QeYYqdUddOw0sh0R+cQ@mail.gmail.com>,"Steve, does the lower version of scala plugin work for you? If that solves,
we could temporary downgrade for now.

On Mon, 5 Dec 2022 at 22:23, Steve Loughran <stevel@cloudera.com.invalid>
wrote:

>  trying to build spark master w/ hadoop trunk and the maven sbt plugin is
> failing. This doesn't happen with the 3.3.5 RC0;
>
> I note that the only mention of this anywhere was me in march.
>
> clear",0,2022-12-06,spark,dev@spark.apache.org,<CAMFhwAYjtt2Wh7Z=wYevS=3QhD8anP7QeYYqdUddOw0sh0R+cQ@mail.gmail.com>,Hyukjin Kwon <gurwls223@gmail.com>,2026-09-30T21:21:29.313483
APACHE_LISTS_REMINING,Apache Lists,JNA,Re: maven build failing in spark sql w/BouncyCastleProvider CNFE,https://lists.apache.org/thread/<60E5570C-3A4A-4D5C-A20B-0BC3A4351428@baidu.com>,"Steve, did compile failed happen when mvn build Spark master with hadoop 3.4.0-SNAPSHOT?

发件人: Hyukjin Kwon <gurwls223@gmail.com>
日期: 2022年12月6日 星期二 10:27
抄送: Apache Spark Dev <dev@spark.apache.org>
主题: Re: maven build failing in spark sql w/BouncyCastleProvider CNFE

Steve, does the lower version of scala plugin work for you? If that solves, we could temporary downgrade for now.

On Mon,",0,2022-12-06,spark,dev@spark.apache.org,<60E5570C-3A4A-4D5C-A20B-0BC3A4351428@baidu.com>,"""Yang,Jie(INF)"" <yangjie01@baidu.com>",2026-09-30T21:21:29.313490
APACHE_LISTS_REMINING,Apache Lists,JNA,Re: [VOTE] Release Apache Spark 3.4.0 (RC5),https://lists.apache.org/thread/<1537741D-0629-4853-BAFB-6818B56819BE@baidu.com>,"I suggest placing the fix of SPARK-39696 in the next RC, which is an issue that will be triggered after Scala 2.13.7.


1.       https://issues.apache.org/jira/browse/SPARK-39696

2.       https://github.com/apache/spark/pull/40663


Yang Jie


发件人: John Zhuge <jzhuge@apache.org>
日期: 2023年4月6日 星期四 13:59
收件人: Anton Okolnychyi <aokolnychyi@apache.org>
抄送: ""dev@spark.apache.org"" <dev@sp",0,2023-04-06,spark,dev@spark.apache.org,<1537741D-0629-4853-BAFB-6818B56819BE@baidu.com>,yangjie01 <yangjie01@baidu.com>,2026-09-30T21:21:44.407075
APACHE_LISTS_REMINING,Apache Lists,JNA,Re: [VOTE] Release Apache Spark 3.4.0 (RC5),https://lists.apache.org/thread/<CALAUJQ-WmeMCA-Pt3e4+GD8XLrp7qFtuz_qC+Ru0mUYXdvbHXA@mail.gmail.com>,"Thanks all. I am cutting v3.4.0-rc6 now considering all blockers have been
resolved.

On Thu, Apr 6, 2023 at 1:07 AM yangjie01 <yangjie01@baidu.com> wrote:

> I suggest placing the fix of SPARK-39696 in the next RC, which is an issue
> that will be triggered after Scala 2.13.7.
>
>
>
> 1.       https://issues.apache.org/jira/browse/SPARK-39696
>
> 2.       https://github.com/apache/spark/pull/4066",0,2023-04-06,spark,dev@spark.apache.org,<CALAUJQ-WmeMCA-Pt3e4+GD8XLrp7qFtuz_qC+Ru0mUYXdvbHXA@mail.gmail.com>,Xinrong Meng <xinrong.apache@gmail.com>,2026-09-30T21:21:44.407092
APACHE_LISTS_REMINING,Apache Lists,JNA,"Fwd: 📅 Wednesday: Join 6 Members at ""Ofir Press | Complementing Scale: Novel Guidance Methods for Improving LMs""",https://lists.apache.org/thread/<CAJ3fcbC42mqtM9HsvBVdesQoso-qrDgVwNA=gpRJYH1dirymbw@mail.gmail.com>,"They recently combined Apache Spark and  AI meeting in London.

An online session worth attending for some?

HTH

Mich

   view my Linkedin profile
<https://www.linkedin.com/in/mich-talebzadeh-ph-d-5205b2/>


 https://en.everybodywiki.com/Mich_Talebzadeh



*Disclaimer:* Use it at your own risk. Any and all responsibility for any
loss, damage or destruction of data or any other property which may ",0,2023-08-24,spark,dev@spark.apache.org,<CAJ3fcbC42mqtM9HsvBVdesQoso-qrDgVwNA=gpRJYH1dirymbw@mail.gmail.com>,Mich Talebzadeh <mich.talebzadeh@gmail.com>,2026-09-30T21:22:24.698969
APACHE_LISTS_REMINING,Apache Lists,JNA,"Re: [VOTE] Updating documentation hosted for EOL and maintenance
 releases",https://lists.apache.org/thread/<CB9B397B-B378-4A0E-895F-C5B7F1A05720@baidu.com>,"+1

发件人: Yikun Jiang <yikunkero@gmail.com>
日期: 2023年9月26日 星期二 18:06
收件人: dev <dev@spark.apache.org>
抄送: Hyukjin Kwon <gurwls223@apache.org>, Ruifeng Zheng <ruifengz@apache.org>
主题: Re: [VOTE] Updating documentation hosted for EOL and maintenance releases

+1, I believe it is a wise choice to update the EOL policy of the document based on the real demands of community users.

Regards,
Yi",0,2023-09-26,spark,dev@spark.apache.org,<CB9B397B-B378-4A0E-895F-C5B7F1A05720@baidu.com>,yangjie01 <yangjie01@baidu.com.INVALID>,2026-09-30T21:22:43.384338
APACHE_LISTS_REMINING,Apache Lists,JNA,Re: [VOTE] Updating documentation hosted for EOL and maintenance releases,https://lists.apache.org/thread/<CABfDjEDxtWd_Jjegx83OozVM9doggNn8oR=vm-15D7a7DYX+vA@mail.gmail.com>,"+1

On Tue, Sep 26, 2023 at 10:39 AM yangjie01 <yangjie01@baidu.com.invalid>
wrote:

> +1
>
>
>
> *发件人**: *Yikun Jiang <yikunkero@gmail.com>
> *日期**: *2023年9月26日 星期二 18:06
> *收件人**: *dev <dev@spark.apache.org>
> *抄送**: *Hyukjin Kwon <gurwls223@apache.org>, Ruifeng Zheng <
> ruifengz@apache.org>
> *主题**: *Re: [VOTE] Updating documentation hosted for EOL and maintenance
> releases
>
>
>
> +1, I beli",0,2023-09-26,spark,dev@spark.apache.org,<CABfDjEDxtWd_Jjegx83OozVM9doggNn8oR=vm-15D7a7DYX+vA@mail.gmail.com>,Herman van Hovell <herman@databricks.com.INVALID>,2026-09-30T21:22:43.384367
APACHE_LISTS_REMINING,Apache Lists,JNA,Re: [VOTE] Updating documentation hosted for EOL and maintenance releases,https://lists.apache.org/thread/<CALZ+4C7Z9EN79ZtEqho6OzZ3NgUc5FPW=LUDe5TDK9G7QXfQew@mail.gmail.com>,"+1

A disposição | At your disposal

Michel Miotto Barbosa
https://www.linkedin.com/in/michelmiottobarbosa/
mmiottobarbosa@gmail.com
+55 11 984 342 347




On Tue, Sep 26, 2023 at 11:44 AM Herman van Hovell
<herman@databricks.com.invalid> wrote:

> +1
>
> On Tue, Sep 26, 2023 at 10:39 AM yangjie01 <yangjie01@baidu.com.invalid>
> wrote:
>
>> +1
>>
>>
>>
>> *发件人**: *Yikun Jiang <yikunkero@gmail.com>",0,2023-09-26,spark,dev@spark.apache.org,<CALZ+4C7Z9EN79ZtEqho6OzZ3NgUc5FPW=LUDe5TDK9G7QXfQew@mail.gmail.com>,Michel Miotto Barbosa <mmiottobarbosa@gmail.com>,2026-09-30T21:22:43.384370
APACHE_LISTS_REMINING,Apache Lists,JNA,"Re: [VOTE] Updating documentation hosted for EOL and maintenance
 releases",https://lists.apache.org/thread/<b1e930b0-77cf-4371-91f6-4dff512788c1@gmail.com>,"+1

Best regards,
Maciej Szymkiewicz

Web:https://zero323.net
PGP: A30CEF0C31A501EC

On 9/26/23 17:12, Michel Miotto Barbosa wrote:
> +1
>
> A disposição | At your disposal
>
> Michel Miotto Barbosa
> https://www.linkedin.com/in/michelmiottobarbosa/
> mmiottobarbosa@gmail.com
> +55 11 984 342 347
>
>
>
>
> On Tue, Sep 26, 2023 at 11:44 AM Herman van Hovell 
> <herman@databric",0,2023-09-26,spark,dev@spark.apache.org,<b1e930b0-77cf-4371-91f6-4dff512788c1@gmail.com>,Maciej <mszymkiewicz@gmail.com>,2026-09-30T21:22:43.384372
APACHE_LISTS_REMINING,Apache Lists,JNA,Re: [VOTE] Updating documentation hosted for EOL and maintenance releases,https://lists.apache.org/thread/<CABjYQ3_dUVPgKVtqK4y3DbeHY5kBT5tpURcrskg_B0UEp4KM_Q@mail.gmail.com>,"+1

On Tue, Sep 26, 2023 at 10:52 Maciej <mszymkiewicz@gmail.com> wrote:

> +1
>
> Best regards,
> Maciej Szymkiewicz
>
> Web: https://zero323.net
> PGP: A30CEF0C31A501EC
>
> On 9/26/23 17:12, Michel Miotto Barbosa wrote:
>
> +1
>
> A disposição | At your disposal
>
> Michel Miotto Barbosa
> https://www.linkedin.com/in/michelmiottobarbosa/
> mmiottobarbosa@gmail.com
> +55 11 984 342 347
>
>
>
>
> ",0,2023-09-26,spark,dev@spark.apache.org,<CABjYQ3_dUVPgKVtqK4y3DbeHY5kBT5tpURcrskg_B0UEp4KM_Q@mail.gmail.com>,Denny Lee <denny.g.lee@gmail.com>,2026-09-30T21:22:43.384374
APACHE_LISTS_REMINING,Apache Lists,JNA,Re: [VOTE] Updating documentation hosted for EOL and maintenance releases,https://lists.apache.org/thread/<CA+oJM0atWNuExs9gYeBrViQZ6F=9sXKyBegQ7LE7VZ8tgweyww@mail.gmail.com>,"+1

Denny Lee <denny.g.lee@gmail.com> 于2023年9月26日周二 12:07写道：

> +1
>
> On Tue, Sep 26, 2023 at 10:52 Maciej <mszymkiewicz@gmail.com> wrote:
>
>> +1
>>
>> Best regards,
>> Maciej Szymkiewicz
>>
>> Web: https://zero323.net
>> PGP: A30CEF0C31A501EC
>>
>> On 9/26/23 17:12, Michel Miotto Barbosa wrote:
>>
>> +1
>>
>> A disposição | At your disposal
>>
>> Michel Miotto Barbosa
>> https://www.linkedin.co",0,2023-09-26,spark,dev@spark.apache.org,<CA+oJM0atWNuExs9gYeBrViQZ6F=9sXKyBegQ7LE7VZ8tgweyww@mail.gmail.com>,Yuanjian Li <xyliyuanjian@gmail.com>,2026-09-30T21:22:43.384376
APACHE_LISTS_REMINING,Apache Lists,JNA,Request for Guidance on Optimizing Apache Spark for ARM with SVE,"https://lists.apache.org/thread/
 <OSAPR01MB502600C7EC0EF79AAC5E65AA9E632@OSAPR01MB5026.jpnprd01.prod.outlook.com>","Hello Spark Community,

I am currently looking to optimize Apache Spark for ARM architecture by leveraging Scalable Vector Extensions (SVE). I am aware of Gluten and OAP which help optimize Spark performance externally, but the goal is to contribute directly to the Spark repository, and I’m seeking advice on the following aspects:

1. AVX Optimization Efforts: I am interested in understanding any ",0,2024-09-19,spark,dev@spark.apache.org,"
 <OSAPR01MB502600C7EC0EF79AAC5E65AA9E632@OSAPR01MB5026.jpnprd01.prod.outlook.com>","""Ajeya.BS@fujitsu.com.INVALID"" <Ajeya.BS@fujitsu.com.INVALID>",2026-09-30T21:23:15.578183
APACHE_LISTS_REMINING,Apache Lists,JNA,"Fwd: Help: Configure `secrets.CODECOV_TOKEN` for Github Spark repo to
 ensure successful daily scheduling of workflow `build_coverage.yml`",https://lists.apache.org/thread/<CAB80WO-M39BcGOYeWjQCJtxRvhtcq3SEROocgWXBaMXMuCaM0w@mail.gmail.com>,"Hi, all,

As described in the email, I would like to add a configuration item
*`secrets.CODECOV_TOKEN` *in *Apache Spark Settings*.
The problem now is that I don't have the permission to *see this tab
settings*, and I don't know who has the permission to see this tab.
*Can anyone tell me how to do it? Or tell who has this permission?*

[image: image.png]

Thanks!


---------- Forwarded message ---",0,2025-01-08,spark,dev@spark.apache.org,<CAB80WO-M39BcGOYeWjQCJtxRvhtcq3SEROocgWXBaMXMuCaM0w@mail.gmail.com>,Pan Bingkun <panbingkun@apache.org>,2026-09-30T21:24:25.918713
APACHE_LISTS_REMINING,Apache Lists,JNA,Re: confirm unsubscribe from dev@spark.apache.org,https://lists.apache.org/thread/<c1c97497-e587-44cb-866f-c5d5e4ce9e56@hrmnjt.dev>,"unsubscribe

On 25/01/2026 16:58, dev-help@spark.apache.org wrote:
> Hi! This is the ezmlm program. I'm managing the
> dev@spark.apache.org mailing list.
>
> To confirm that you would like
>
>     harman@hrmnjt.dev
>
> removed from the dev mailing list, please send a short reply
> to this address:
>
>     dev-uc.1769345896.licjnakppmlamdclnepl-harman=hrmnjt.dev@spark.apache.org
>
> Usually, this h",0,2026-01-25,spark,dev@spark.apache.org,<c1c97497-e587-44cb-866f-c5d5e4ce9e56@hrmnjt.dev>,Harmanjeet Singh Nagi <harman@hrmnjt.dev>,2026-09-30T21:24:59.874856
APACHE_LISTS_REMINING,Apache Lists,JNA,Re: (send this email to subscribe),"https://lists.apache.org/thread/
 <CALte62xi_fzDTsWkz24S9V5iqpzwB=sisfHyJL5zvfvRqOWC=w@mail.gmail.com>","There is no need to include user@spark.apache.org in subscription request.

FYI

On Fri, Jan 2, 2015 at 7:36 AM, Pankaj <pankajnarang81@gmail.com> wrote:

>
>
",0,2015-01-02,spark,user@spark.apache.org,"
 <CALte62xi_fzDTsWkz24S9V5iqpzwB=sisfHyJL5zvfvRqOWC=w@mail.gmail.com>",Ted Yu <yuzhihong@gmail.com>,2026-09-30T21:26:18.217888
APACHE_LISTS_REMINING,Apache Lists,JNA,Re: Publishing streaming results to web interface,"https://lists.apache.org/thread/
 <CALoGfdr4x2-6cDadXox7af_3WkkE5J_FU7L2Siy3GpbfUWPv0g@mail.gmail.com>","Try and see if this helps. http://zeppelin-project.org/

-Sathish


On Fri Jan 02 2015 at 8:20:54 PM Pankaj Narang <pankajnarang81@gmail.com>
wrote:

> Thomus,
>
> Spark does not provide any web interface directly. There might be third
> party apps providing dashboards
> but I am not aware of any for the same purpose.
>
> *You can use some methods so that this data is saved on file system instead
",0,2015-01-03,spark,user@spark.apache.org,"
 <CALoGfdr4x2-6cDadXox7af_3WkkE5J_FU7L2Siy3GpbfUWPv0g@mail.gmail.com>",Sathish Kumaran Vairavelu <vsathishkumaran@gmail.com>,2026-09-30T21:26:18.217939
APACHE_LISTS_REMINING,Apache Lists,JNA,Re: saveAsTextFile,"https://lists.apache.org/thread/
 <1909261071.948366.1420303464057.JavaMail.yahoo@jws10759.mail.gq1.yahoo.com>","
@lailaBased on the error u mentioned in the nabble link below, it seems like there are no permissions to write to HDFS. So this is possibly why saveAsTextFile is failing.

      From: Pankaj Narang <pankajnarang81@gmail.com>
 To: user@spark.apache.org 
 Sent: Saturday, January 3, 2015 4:07 AM
 Subject: Re: saveAsTextFile
   
If you can paste the code here I can certainly help.

Also confirm the v",0,2015-01-03,spark,user@spark.apache.org,"
 <1909261071.948366.1420303464057.JavaMail.yahoo@jws10759.mail.gq1.yahoo.com>",Sanjay Subramanian <sanjaysubramanian@yahoo.com.INVALID>,2026-09-30T21:26:18.218006
APACHE_LISTS_REMINING,Apache Lists,UnsatisfiedLinkError,Snappy error when driver is running in JBoss,https://lists.apache.org/thread/<1420583175636-21004.post@n3.nabble.com>,"I get this exception(java.lang.UnsatisfiedLinkError) when the driver is
running inside JBoss. 

We are running with DataStax 4.6 version, which is using spark 1.1.0. The
driver runs inside a wildfly container. The snappy-java version is 1.0.5.


2015-01-06 20:25:03,771 ERROR [akka.actor.ActorSystemImpl]
(sparkDriver-akka.actor.default-dispatcher-22) Uncaught fatal error from
thread [sparkDriver-ak",0,2015-01-06,spark,user@spark.apache.org,<1420583175636-21004.post@n3.nabble.com>,Charles <charles.li@cenx.com>,2026-09-30T21:26:18.218017
APACHE_LISTS_REMINING,Apache Lists,UnsatisfiedLinkError,Re: Snappy error when driver is running in JBoss,"https://lists.apache.org/thread/
 <CALte62x-OSCudZ4XC-Xon16m==zGj4Kc8WdAB7CK64FtZbaZVw@mail.gmail.com>","Might be due to conflict between multiple snappy jars.

Can you check the classpath to see if there are more than one snappy jar ?

Cheers

On Tue, Jan 6, 2015 at 2:26 PM, Charles <charles.li@cenx.com> wrote:

> I get this exception(java.lang.UnsatisfiedLinkError) when the driver is
> running inside JBoss.
>
> We are running with DataStax 4.6 version, which is using spark 1.1.0. The
> driver runs ",0,2015-01-06,spark,user@spark.apache.org,"
 <CALte62x-OSCudZ4XC-Xon16m==zGj4Kc8WdAB7CK64FtZbaZVw@mail.gmail.com>",Ted Yu <yuzhihong@gmail.com>,2026-09-30T21:26:18.218024
APACHE_LISTS_REMINING,Apache Lists,UnsatisfiedLinkError,Re: Spark 1.1.0 and HBase: Snappy UnsatisfiedLinkError,https://lists.apache.org/thread/<1420583751699-21005.post@n3.nabble.com>,"Hi, I am getting this same error. Did you figure out how to solve the
problem? Thanks!



--
View this message in context: http://apache-spark-user-list.1001560.n3.nabble.com/Spark-1-1-0-and-HBase-Snappy-UnsatisfiedLinkError-tp19827p21005.html
Sent from the Apache Spark User List mailing list archive at Nabble.com.

---------------------------------------------------------------------
To unsubscri",0,2015-01-06,spark,user@spark.apache.org,<1420583751699-21005.post@n3.nabble.com>,Charles <charles.li@cenx.com>,2026-09-30T21:26:18.218031
APACHE_LISTS_REMINING,Apache Lists,UnsatisfiedLinkError,Re: Snappy error when driver is running in JBoss,https://lists.apache.org/thread/<F676F10E-6BA7-440D-8412-999763871F21@cenx.com>,"Hi 
    Thanks for the reply! I did do a echo $CLASSPATH, but I got nothing. Since we are running inside jboss, I guess the class path is not set?
    People did mention that JBoss loads snappy-java multiple times. But I cannot find a way to solve that problem. 

Cheers  


On Jan 6, 2015, at 5:35 PM, Ted Yu <yuzhihong@gmail.com> wrote:

> Might be due to conflict between multiple snappy jars.
> 
",0,2015-01-06,spark,user@spark.apache.org,<F676F10E-6BA7-440D-8412-999763871F21@cenx.com>,Charles Li <charles.li@cenx.com>,2026-09-30T21:26:18.218038
APACHE_LISTS_REMINING,Apache Lists,JNA,ScalaReflectionException when using saveAsParquetFile in sbt,https://lists.apache.org/thread/<1420667661639-21020.post@n3.nabble.com>,"I'm on Spark 1.2.0, with Scala 1.11.2, and SBT 0.13.7.

When running:

case class Test(message: String)

val sc = new SparkContext(""local"", ""shell"")
val sqlContext = new SQLContext(sc)
import sqlContext._

val testing = sc.parallelize(List(Test(""this""), Test(""is""), Test(""a""),
Test(""test"")))

testing.saveAsParquetFile(""test"")

I get the following error:

scala.ScalaReflectionException: class
org.ap",0,2015-01-07,spark,user@spark.apache.org,<1420667661639-21020.post@n3.nabble.com>,figpope <drewii2ii@gmail.com>,2026-09-30T21:26:18.218045
APACHE_LISTS_REMINING,Apache Lists,JNA,Re: ScalaReflectionException when using saveAsParquetFile in sbt,"https://lists.apache.org/thread/
 <251843881.466662.1420980224687.JavaMail.yahoo@jws10629.mail.bf1.yahoo.com>","I have the same exception when I run the following example fromSpark SQL Programming Guide - Spark 1.2.0 Documentation

|   |
|   |   |   |   |   |
| Spark SQL Programming Guide - Spark 1.2.0 DocumentationSpark SQL Programming Guide Overview Getting Started Data Sources RDDs Inferring the Schema Using Reflection Programmatically Specifying the Schema Parquet Files Loading Data Programmatically  |
",0,2015-01-11,spark,user@spark.apache.org,"
 <251843881.466662.1420980224687.JavaMail.yahoo@jws10629.mail.bf1.yahoo.com>",Shing Hing Man <matmsh@yahoo.com.INVALID>,2026-09-30T21:26:18.218051
APACHE_LISTS_REMINING,Apache Lists,"UnsatisfiedLinkError, System.loadLibrary",no snappyjava in java.library.path,"https://lists.apache.org/thread/
 <CA+n1gAfnhB3okMfEccyG4rq2jGnr9s_kuSc6zkYi2zANk3gSAQ@mail.gmail.com>","Hi,
  My Spark job failed with ""no snappyjava in java.library.path"" as:
Caused by: java.lang.UnsatisfiedLinkError: no snappyjava in
java.library.path
    at java.lang.ClassLoader.loadLibrary(ClassLoader.java:1857)
    at java.lang.Runtime.loadLibrary0(Runtime.java:870)
    at java.lang.System.loadLibrary(System.java:1119)
    at
org.xerial.snappy.SnappyNativeLoader.loadLibrary(SnappyNativeLoader.j",0,2015-01-12,spark,user@spark.apache.org,"
 <CA+n1gAfnhB3okMfEccyG4rq2jGnr9s_kuSc6zkYi2zANk3gSAQ@mail.gmail.com>",Dan Dong <dongdan39@gmail.com>,2026-09-30T21:26:18.218063
APACHE_LISTS_REMINING,Apache Lists,"UnsatisfiedLinkError, System.loadLibrary",Re: no snappyjava in java.library.path,https://lists.apache.org/thread/<54B4314D.40400@darose.net>,"I ran into this recently.  Turned out we had an old 
org-xerial-snappy.properties file in one of our conf directories that 
had the setting:

# Disables loading Snappy-Java native library bundled in the
# snappy-java-*.jar file forcing to load the Snappy-Java native
# library from the java.library.path.
#
org.xerial.snappy.disable.bundled.libs=true

When I switched that to false, it made the probl",0,2015-01-12,spark,user@spark.apache.org,<54B4314D.40400@darose.net>,David Rosenstrauch <darose@darose.net>,2026-09-30T21:26:18.218071
APACHE_LISTS_REMINING,Apache Lists,System.loadLibrary,Re: OpenCV + Spark : Where to put System.loadLibrary ?,https://lists.apache.org/thread/<1421216260804-21132.post@n3.nabble.com>,"Hi Jaonary Rabarisoa,
      Where you able to fix this issue? Actually i am trying to integrate
OpenCV with Spark.It would be very helpful if you could share your
experience in integrating opencv with spark.It would really help me if you
could share some code how to use Mat ,IplImage and spark rdd 's . I am
relatively new to both spark and OpenCV
any help would be really appreciated.

Thanks in Ad",0,2015-01-13,spark,user@spark.apache.org,<1421216260804-21132.post@n3.nabble.com>,Jishnu Prathap <jishnu.prathap@wipro.com>,2026-09-30T21:26:18.218078
APACHE_LISTS_REMINING,Apache Lists,compilation errors,Re: maven doesn't build dependencies with Scala 2.11,"https://lists.apache.org/thread/
 <CALte62yB22=rv6GCCLSfSa36FAGic_hzxaK+g+1F+wkFq55xjg@mail.gmail.com>","I did the following:
 1655  dev/change-version-to-2.11.sh
 1657  mvn -DHADOOP_PROFILE=hadoop-2.4 -Pyarn,hive -Phadoop-2.4
-Dscala-2.11 -DskipTests clean package

And mvn command passed.

Did you see any cross-compilation errors ?

Cheers

BTW the two links you mentioned are consistent in terms of building for
Scala 2.11

On Sat, Jan 17, 2015 at 3:43 PM, Walrus theCat <walrusthecat@gmail.com>
wrote",0,2015-01-17,spark,user@spark.apache.org,"
 <CALte62yB22=rv6GCCLSfSa36FAGic_hzxaK+g+1F+wkFq55xjg@mail.gmail.com>",Ted Yu <yuzhihong@gmail.com>,2026-09-30T21:26:18.218086
APACHE_LISTS_REMINING,Apache Lists,compilation errors,Re: maven doesn't build dependencies with Scala 2.11,"https://lists.apache.org/thread/
 <CALte62ziTyqEtApcE0DvAysRQexJuZCByMo=_3Q6nMX=EzV9mQ@mail.gmail.com>","There're 3 jars under lib_managed/jars directory with and
without -Dscala-2.11 flag.

Difference between scala-2.10 and scala-2.11 profiles is that scala-2.10
profile has the following:
      <modules>
        <module>external/kafka</module>
      </modules>

FYI

On Sat, Jan 17, 2015 at 4:07 PM, Ted Yu <yuzhihong@gmail.com> wrote:

> I did the following:
>  1655  dev/change-version-to-2.11.sh
>  ",0,2015-01-17,spark,user@spark.apache.org,"
 <CALte62ziTyqEtApcE0DvAysRQexJuZCByMo=_3Q6nMX=EzV9mQ@mail.gmail.com>",Ted Yu <yuzhihong@gmail.com>,2026-09-30T21:26:18.218093
APACHE_LISTS_REMINING,Apache Lists,compilation errors,Re: maven doesn't build dependencies with Scala 2.11,"https://lists.apache.org/thread/
 <CAMAsSdK_Uzm+zDtF5KXiD+yz6bNUFhFLEC8fqeHYD0p-XyRUgg@mail.gmail.com>","I could be wrong, but I thought this was on purpose. At the time it
was set up, there was no 2.11 Kafka available? or one of its
dependencies wouldn't work with 2.11?

But I'm not sure what the OP means by ""maven doesn't build Spark's
dependencies"" because Ted indicates it does, and of course you can see
that these artifacts are published.

On Sun, Jan 18, 2015 at 2:46 AM, Ted Yu <yuzhihong@gmail.",0,2015-01-18,spark,user@spark.apache.org,"
 <CAMAsSdK_Uzm+zDtF5KXiD+yz6bNUFhFLEC8fqeHYD0p-XyRUgg@mail.gmail.com>",Sean Owen <sowen@cloudera.com>,2026-09-30T21:26:18.218099
APACHE_LISTS_REMINING,Apache Lists,compilation errors,Re: maven doesn't build dependencies with Scala 2.11,"https://lists.apache.org/thread/
 <CALte62wTE_eiCzE4ywmPaR6UNEjdQ4teA8Z86gzUhs6O1AVu3w@mail.gmail.com>","bq. there was no 2.11 Kafka available

That's right. Adding external/kafka module resulted in:

[ERROR] Failed to execute goal on project spark-streaming-kafka_2.11: Could
not resolve dependencies for project
org.apache.spark:spark-streaming-kafka_2.11:jar:1.3.0-SNAPSHOT: Could not
find artifact org.apache.kafka:kafka_2.11:jar:0.8.0 in central (
https://repo1.maven.org/maven2) -> [Help 1]

Cheers
",0,2015-01-18,spark,user@spark.apache.org,"
 <CALte62wTE_eiCzE4ywmPaR6UNEjdQ4teA8Z86gzUhs6O1AVu3w@mail.gmail.com>",Ted Yu <yuzhihong@gmail.com>,2026-09-30T21:26:18.218106
APACHE_LISTS_REMINING,Apache Lists,JNA,"RE: Streaming with Java: Expected ReduceByWindow to Return
 JavaDStream","https://lists.apache.org/thread/
 <64474308D680D540A4D8151B0F7C03F70277FB78@SHSMSX104.ccr.corp.intel.com>","Hi Jeff,

>>From my understanding it seems more like a bug, since JavaDStreamLike is used for Java code, return a Scala DStream is not reasonable. You can fix this by submitting a PR, or I can help you to fix this.

Thanks
Jerry

From: Jeff Nadler [mailto:jnadler@srcginc.com]
Sent: Monday, January 19, 2015 2:04 PM
To: user@spark.apache.org
Subject: Streaming with Java: Expected ReduceByWindow to R",0,2015-01-19,spark,user@spark.apache.org,"
 <64474308D680D540A4D8151B0F7C03F70277FB78@SHSMSX104.ccr.corp.intel.com>","""Shao, Saisai"" <saisai.shao@intel.com>",2026-09-30T21:26:18.218111
APACHE_LISTS_REMINING,Apache Lists,JNA,"Re: Streaming with Java: Expected ReduceByWindow to Return
 JavaDStream","https://lists.apache.org/thread/
 <CAGUewziHQRQYp=o6NQgbrRnU-15X2G3LwNxGQ49XddGwuuTX9g@mail.gmail.com>","For anyone who finds this later, looks like Jerry already took care of this
here:  https://issues.apache.org/jira/browse/SPARK-5315

Thanks!

On Sun, Jan 18, 2015 at 10:28 PM, Shao, Saisai <saisai.shao@intel.com>
wrote:

>  Hi Jeff,
>
>
>
> From my understanding it seems more like a bug, since JavaDStreamLike is
> used for Java code, return a Scala DStream is not reasonable. You can fix
> this by ",0,2015-01-19,spark,user@spark.apache.org,"
 <CAGUewziHQRQYp=o6NQgbrRnU-15X2G3LwNxGQ49XddGwuuTX9g@mail.gmail.com>",Jeff Nadler <jnadler@srcginc.com>,2026-09-30T21:26:18.218118
APACHE_LISTS_REMINING,Apache Lists,JNA,Re: reading a csv dynamically,"https://lists.apache.org/thread/
 <CA+3qhFT9OfDfg9jncKyrHBCxnnzfKrzg=+q9KAWuM7YS=u=Tjw@mail.gmail.com>","Spark can definitely process data with optional fields.  It kinda depends
on what you want to do with the results -- its more of a object design /
knowing scala types question.

Eg., scala has a built in type Option specifically for handling optional
data, which works nicely in pattern matching & functional programming.
Just to save myself some typing, I'm going to show an example with 2 or 3
fiel",0,2015-01-22,spark,user@spark.apache.org,"
 <CA+3qhFT9OfDfg9jncKyrHBCxnnzfKrzg=+q9KAWuM7YS=u=Tjw@mail.gmail.com>",Imran Rashid <irashid@cloudera.com>,2026-09-30T21:26:18.218125
APACHE_LISTS_REMINING,Apache Lists,javah,Can't access remote Hive table from spark,https://lists.apache.org/thread/<tencent_2BE7CD8A01A772D15D5EF50A@qq.com>,"Hi,
I built and started a single node standalone Spark 1.2.0 cluster along with a single node Hive 0.14.0 instance installed by Ambari 1.17.0. On the Spark and Hive node I can create and query tables inside Hive, and on remote machines I can submit the SparkPi example to the Spark master. But I failed to run the following example code :


 
public class SparkTest {
 
	public static void mai",0,2015-01-25,spark,user@spark.apache.org,<tencent_2BE7CD8A01A772D15D5EF50A@qq.com>,""" guxiaobo1982 "" <guxiaobo1982@qq.com>",2026-09-30T21:26:18.218170
APACHE_LISTS_REMINING,Apache Lists,javah,Re: Can't access remote Hive table from spark,https://lists.apache.org/thread/<tencent_455028DB07DB2C9A56D522BC@qq.com>,"Here is the full log message.
 
[main] DEBUG DataNucleus.Datastore.Schema - Column ""PART_COL_STATS.MAX_COL_LEN"" added to internal representation of table.
 
[main] DEBUG DataNucleus.Datastore.Schema - Field [org.apache.hadoop.hive.metastore.model.MPartitionColumnStatistics.maxColLen] -> Column(s) [PART_COL_STATS.MAX_COL_LEN] using mapping of type ""org.datanucleus.store.rdbms.mapping.java.LongM",0,2015-01-25,spark,user@spark.apache.org,<tencent_455028DB07DB2C9A56D522BC@qq.com>,""" guxiaobo1982 "" <guxiaobo1982@qq.com>",2026-09-30T21:26:18.218179
APACHE_LISTS_REMINING,Apache Lists,javah,RE: Can't access remote Hive table from spark,https://lists.apache.org/thread/<54c57843.c286440a.2ff3.4ee6@mx.google.com>,"This happened to me as well, putting hive-site.xml inside conf doesn't seem to work. Instead I added /etc/hive/conf to SPARK_CLASSPATH and it worked. You can try this approach.

-Skanda

-----Original Message-----
From: ""guxiaobo1982"" <guxiaobo1982@qq.com>
Sent: ‎25-‎01-‎2015 13:50
To: ""user@spark.apache.org"" <user@spark.apache.org>
Subject: Can't access remote Hive table from spark

Hi,
I built a",0,2015-01-26,spark,user@spark.apache.org,<54c57843.c286440a.2ff3.4ee6@mx.google.com>,Skanda Prasad <skanda.ganapathy@gmail.com>,2026-09-30T21:26:18.218187
APACHE_LISTS_REMINING,Apache Lists,javah,Re: RE: Can't access remote Hive table from spark,https://lists.apache.org/thread/<tencent_7EF28E491FAF44393301A711@qq.com>,"Hi Skanda,


How do set up your SPARK_CLASSPATH?


I add the following line to my SPARK_HOME/conf/spark-env.sh , and still got the same error.
 
export SPARK_CLASSPATH=${SPARK_CLASSPATH}:/etc/hive/conf





------------------ Original ------------------
From:  ""Skanda Prasad"";<skanda.ganapathy@gmail.com>;
Send time: Monday, Jan 26, 2015 7:41 AM
To: """"<guxiaobo1982@qq.com>; ""user@s",0,2015-02-01,spark,user@spark.apache.org,<tencent_7EF28E491FAF44393301A711@qq.com>,""" guxiaobo1982 "" <guxiaobo1982@qq.com>",2026-09-30T21:27:19.122148
APACHE_LISTS_REMINING,Apache Lists,javah,Re:  RE: Can't access remote Hive table from spark,https://lists.apache.org/thread/<tencent_74A92D4622222E0371F8F149@qq.com>,"The following line does not work too 
export SPARK_CLASSPATH=/etc/hive/conf




------------------ Original ------------------
From:  ""guxiaobo1982"";<guxiaobo1982@qq.com>;
Send time: Sunday, Feb 1, 2015 2:15 PM
To: ""Skanda Prasad""<skanda.ganapathy@gmail.com>; ""user@spark.apache.org""<user@spark.apache.org>; 
Cc: ""徐涛""<77044003@qq.com>; 
Subject:  Re: RE: Can't access remote Hive table fro",0,2015-02-01,spark,user@spark.apache.org,<tencent_74A92D4622222E0371F8F149@qq.com>,""" guxiaobo1982 "" <guxiaobo1982@qq.com>",2026-09-30T21:27:19.122165
APACHE_LISTS_REMINING,Apache Lists,javah,Re:  Can't access remote Hive table from spark,https://lists.apache.org/thread/<tencent_5290C4FC68778CD51B3C9C12@qq.com>,"One friend told me that I should add the hive-site.xml file to the --files option of spark-submit command, but how can I run and debug my program inside eclipse?






------------------ Original ------------------
From:  ""guxiaobo1982"";<guxiaobo1982@qq.com>;
Send time: Sunday, Feb 1, 2015 4:18 PM
To: ""Jörn Franke""<jornfranke@gmail.com>; 

Subject:  Re: Can't access remote Hive table f",0,2015-02-01,spark,user@spark.apache.org,<tencent_5290C4FC68778CD51B3C9C12@qq.com>,""" guxiaobo1982 "" <guxiaobo1982@qq.com>",2026-09-30T21:27:19.122168
APACHE_LISTS_REMINING,Apache Lists,compilation errors,Re: maven doesn't build dependencies with Scala 2.11,"https://lists.apache.org/thread/
 <CALte62z5CmHPfAnwuL8ieTtZFSHTo1oJYyfkJ5T3YEhLSe1z=w@mail.gmail.com>","Now that Kafka 0.8.2.0 has been released, adding external/kafka module
works.

FYI

On Sun, Jan 18, 2015 at 7:36 PM, Ted Yu <yuzhihong@gmail.com> wrote:

> bq. there was no 2.11 Kafka available
>
> That's right. Adding external/kafka module resulted in:
>
> [ERROR] Failed to execute goal on project spark-streaming-kafka_2.11:
> Could not resolve dependencies for project
> org.apache.spark:spark-st",0,2015-02-05,spark,user@spark.apache.org,"
 <CALte62z5CmHPfAnwuL8ieTtZFSHTo1oJYyfkJ5T3YEhLSe1z=w@mail.gmail.com>",Ted Yu <yuzhihong@gmail.com>,2026-09-30T21:27:19.122170
APACHE_LISTS_REMINING,Apache Lists,javah,Re: Can't access remote Hive table from spark,https://lists.apache.org/thread/<54D412B1.9050406@gmail.com>,"Please note that Spark 1.2.0 /only/ support Hive 0.13.1 /or/ 0.12.0, 
none of other versions are supported.

Best,
Cheng

On 1/25/15 12:18 AM, guxiaobo1982 wrote:

> Hi,
> I built and started a single node standalone Spark 1.2.0 cluster along 
> with a single node Hive 0.14.0 instance installed by Ambari 1.17.0. On 
> the Spark and Hive node I can create and query tables inside Hive, and 
> on rem",0,2015-02-05,spark,user@spark.apache.org,<54D412B1.9050406@gmail.com>,Cheng Lian <lian.cs.zju@gmail.com>,2026-09-30T21:27:19.122172
APACHE_LISTS_REMINING,Apache Lists,javah,Re: RE: Can't access remote Hive table from spark,"https://lists.apache.org/thread/
 <CAHwdqEvA0v7HNoibLRari6Y-RvE4_SbUoqTebLRHfBVqxNeR8Q@mail.gmail.com>","Hi,

My spark-env.sh has the following entries with respect to classpath:

export SPARK_CLASSPATH=$SPARK_CLASSPATH:/usr/lib/hive/lib/*:/etc/hive/conf/

-Skanda

On Sun, Feb 1, 2015 at 11:45 AM, guxiaobo1982 <guxiaobo1982@qq.com> wrote:

> Hi Skanda,
>
> How do set up your SPARK_CLASSPATH?
>
> I add the following line to my SPARK_HOME/conf/spark-env.sh , and still
> got the same error.
>
> export S",0,2015-02-06,spark,user@spark.apache.org,"
 <CAHwdqEvA0v7HNoibLRari6Y-RvE4_SbUoqTebLRHfBVqxNeR8Q@mail.gmail.com>",Skanda <skanda.ganapathy@gmail.com>,2026-09-30T21:27:19.122175
APACHE_LISTS_REMINING,Apache Lists,javah,Re: Can't access remote Hive table from spark,https://lists.apache.org/thread/<02C93D9C-895C-491C-AE17-A21E112AB656@hortonworks.com>,"Not sure spark standalone mode. But on spark-on-yarn, it should work. You can check following link:

 http://hortonworks.com/hadoop-tutorial/using-apache-spark-hdp/

Thanks.

Zhan Zhang

On Feb 5, 2015, at 5:02 PM, Cheng Lian <lian.cs.zju@gmail.com<mailto:lian.cs.zju@gmail.com>> wrote:


Please note that Spark 1.2.0 only support Hive 0.13.1 or 0.12.0, none of other versions are supporte",0,2015-02-06,spark,user@spark.apache.org,<02C93D9C-895C-491C-AE17-A21E112AB656@hortonworks.com>,Zhan Zhang <zzhang@hortonworks.com>,2026-09-30T21:27:19.122177
APACHE_LISTS_REMINING,Apache Lists,javah,"Can we execute ""create table"" and ""load data"" commands against Hive
 inside HiveContext?",https://lists.apache.org/thread/<tencent_75D650FA22933ABF07D55DA5@qq.com>,"Hi,


I am playing with the following example code:


 
public class SparkTest {
 
	public static void main(String[] args){
 
		String appName= ""This is a test application"";
 
		String master=""spark://lix1.bh.com:7077"";
 
		
 
		SparkConf conf = new SparkConf().setAppName(appName).setMaster(master);
 
		JavaSparkContext sc = new JavaSparkContext(conf);
 
		
 
		JavaHiveConte",0,2015-02-06,spark,user@spark.apache.org,<tencent_75D650FA22933ABF07D55DA5@qq.com>,""" guxiaobo1982 "" <guxiaobo1982@qq.com>",2026-09-30T21:27:19.122179
APACHE_LISTS_REMINING,Apache Lists,javah,Re:  Can't access remote Hive table from spark,https://lists.apache.org/thread/<tencent_70789D9E03B432CA5888BFAF@qq.com>,"Hi Zhan Zhang,


With the pre-bulit version 1.2.0 of spark against the yarn cluster installed by ambari 1.7.0, I come with the following errors:
 
[xiaobogu@lix1 spark]$ ./bin/spark-submit --class org.apache.spark.examples.SparkPi    --master yarn-cluster  --num-executors 3 --driver-memory 512m  --executor-memory 512m   --executor-cores 1  lib/spark-examples*.jar 10
 


 
Spark assembly ",0,2015-02-08,spark,user@spark.apache.org,<tencent_70789D9E03B432CA5888BFAF@qq.com>,""" guxiaobo1982 "" <guxiaobo1982@qq.com>",2026-09-30T21:27:19.122182
APACHE_LISTS_REMINING,Apache Lists,javah,Re: Can't access remote Hive table from spark,"https://lists.apache.org/thread/
 <CALte62xy6ML2XP2ggE9+gFuR5zkOkcPbgF1pxVyK9_BF+pg4aw@mail.gmail.com>","Caused by: org.apache.hadoop.ipc.RemoteException(org.apache.hadoop.security.AccessControlException):
Permission denied: user=xiaobogu, access=WRITE,
inode=""/user"":hdfs:hdfs:drwxr-xr-x

Looks like permission issue. Can you give access to 'xiaobogu' ?

Cheers

On Sat, Feb 7, 2015 at 8:15 AM, guxiaobo1982 <guxiaobo1982@qq.com> wrote:

> Hi Zhan Zhang,
>
> With the pre-bulit version 1.2.0 of spark aga",0,2015-02-07,spark,user@spark.apache.org,"
 <CALte62xy6ML2XP2ggE9+gFuR5zkOkcPbgF1pxVyK9_BF+pg4aw@mail.gmail.com>",Ted Yu <yuzhihong@gmail.com>,2026-09-30T21:27:19.122184
APACHE_LISTS_REMINING,Apache Lists,javah,Re: Can't access remote Hive table from spark,https://lists.apache.org/thread/<E8833AC9-046E-44EC-9580-9A2938E1CE87@hortonworks.com>,"Yes. You need to create xiaobogu under /user and provide right permission to xiaobogu.

Thanks.

Zhan Zhang

On Feb 7, 2015, at 8:15 AM, guxiaobo1982 <guxiaobo1982@qq.com<mailto:guxiaobo1982@qq.com>> wrote:

Hi Zhan Zhang,

With the pre-bulit version 1.2.0 of spark against the yarn cluster installed by ambari 1.7.0, I come with the following errors:

[xiaobogu@lix1 spark]$ ./bin/spark-",0,2015-02-07,spark,user@spark.apache.org,<E8833AC9-046E-44EC-9580-9A2938E1CE87@hortonworks.com>,Zhan Zhang <zzhang@hortonworks.com>,2026-09-30T21:27:19.122186
APACHE_LISTS_REMINING,Apache Lists,javah,Re:  Can't access remote Hive table from spark,https://lists.apache.org/thread/<tencent_159220320D2AE2A443F9C304@qq.com>,"Hi Lian,
Will the latest 0.14.0 version of Hive,which is installed by ambari 1.7.0 by default, be supported by the next release of Spark?


Regards,




------------------ Original ------------------
From:  ""Cheng Lian"";<lian.cs.zju@gmail.com>;
Send time: Friday, Feb 6, 2015 9:02 AM
To: """"<guxiaobo1982@qq.com>; ""user@spark.apache.org""<user@spark.apache.org>; 

Subject:  Re: Can't acc",0,2015-02-09,spark,user@spark.apache.org,<tencent_159220320D2AE2A443F9C304@qq.com>,""" guxiaobo1982 "" <guxiaobo1982@qq.com>",2026-09-30T21:27:19.122188
APACHE_LISTS_REMINING,Apache Lists,javah,"Re: Can we execute ""create table"" and ""load data"" commands against
 Hive inside HiveContext?","https://lists.apache.org/thread/
 <CAHP0waJJKQEn07-5NEq7BFeFE2Z4B3Are6DnAeUPZ+0NfjJ0qw@mail.gmail.com>","org.apache.hadoop.hive.ql.security.authorization.plugin.sqlstd.SQLStdConfOnlyAuthorizerFactory
was introduced in Hive 0.14 and Spark SQL only supports Hive 0.12 and
0.13.1. Can you change the setting of hive.security.authorization.manager
to someone accepted by 0.12 or 0.13.1?

On Thu, Feb 5, 2015 at 11:40 PM, guxiaobo1982 <guxiaobo1982@qq.com> wrote:

> Hi,
>
> I am playing with the following exa",0,2015-02-10,spark,user@spark.apache.org,"
 <CAHP0waJJKQEn07-5NEq7BFeFE2Z4B3Are6DnAeUPZ+0NfjJ0qw@mail.gmail.com>",Yin Huai <yhuai@databricks.com>,2026-09-30T21:27:19.122190
APACHE_LISTS_REMINING,Apache Lists,javah,Re:  Can't access remote Hive table from spark,https://lists.apache.org/thread/<tencent_3147095A57CB5B715A0E9EC5@qq.com>,"Hi Zhan,
My Single Node Cluster of Hadoop is installed by Ambari 1.7.0, I tried to create the /user/xiaobogu directory in hdfs, but both failed with user xiaobogu and root



[xiaobogu@lix1 current]$ hadoop dfs -mkdir /user/xiaobogu
 
DEPRECATED: Use of this script to execute hdfs command is deprecated.
 
Instead use the hdfs command for it.
 


 
mkdir: Permission denied: user=xiaob",0,2015-02-11,spark,user@spark.apache.org,<tencent_3147095A57CB5B715A0E9EC5@qq.com>,""" guxiaobo1982 "" <guxiaobo1982@qq.com>",2026-09-30T21:27:19.122192
APACHE_LISTS_REMINING,Apache Lists,javah,Re: Question related to Spark SQL,"https://lists.apache.org/thread/
 <CA+AqtqW0Z7b2wxL7yavWg_yc8QUYZgWu6XHFodD_1iA2N+dCsQ@mail.gmail.com>","I dint mean that. When you try the above approach only one client will have
access to the cached data.

But when you expose your data through a thrift server the case is quite
different.

In the case of thrift server all the request goes to the thrift server and
spark will be able to take the advantage of caching.

That is Thrift server be your sole client to the spark cluster.

check this link
ht",0,2015-02-11,spark,user@spark.apache.org,"
 <CA+AqtqW0Z7b2wxL7yavWg_yc8QUYZgWu6XHFodD_1iA2N+dCsQ@mail.gmail.com>",VISHNU SUBRAMANIAN <johnfedrickenator@gmail.com>,2026-09-30T21:27:19.122194
APACHE_LISTS_REMINING,Apache Lists,javah,Re: Can't access remote Hive table from spark,https://lists.apache.org/thread/<86F1D233-9CCD-456D-9523-FBCC5A268C48@hortonworks.com>,"You need to have right hdfs account, e.g., hdfs,  to create directory and assign permission.

Thanks.

Zhan Zhang
On Feb 11, 2015, at 4:34 AM, guxiaobo1982 <guxiaobo1982@qq.com<mailto:guxiaobo1982@qq.com>> wrote:

Hi Zhan,
My Single Node Cluster of Hadoop is installed by Ambari 1.7.0, I tried to create the /user/xiaobogu directory in hdfs, but both failed with user xiaobogu and root

[xi",0,2015-02-11,spark,user@spark.apache.org,<86F1D233-9CCD-456D-9523-FBCC5A268C48@hortonworks.com>,Zhan Zhang <zzhang@hortonworks.com>,2026-09-30T21:27:19.122197
APACHE_LISTS_REMINING,Apache Lists,javah,Re:  Can't access remote Hive table from spark,https://lists.apache.org/thread/<tencent_41DFAE55023A799E71231399@qq.com>,"Hi Zhan,


Yes, I found there is a hdfs account, which is created by Ambari, but what's the password for this account, how can I login under this account?
Can I just change the password for the hdfs account?


Regards,






------------------ Original ------------------
From:  ""Zhan Zhang"";<zzhang@hortonworks.com>;
Send time: Thursday, Feb 12, 2015 2:00 AM
To: """"<guxiaobo1982@qq.",0,2015-02-12,spark,user@spark.apache.org,<tencent_41DFAE55023A799E71231399@qq.com>,""" guxiaobo1982 "" <guxiaobo1982@qq.com>",2026-09-30T21:27:19.122199
APACHE_LISTS_REMINING,Apache Lists,javah,Re: Can't access remote Hive table from spark,https://lists.apache.org/thread/<B25ACA8E-F5B4-40C0-ADEC-191F4F514A10@hortonworks.com>,"When you log in, you have root access. Then you can do “su hdfs” or any other account. Then you can create hdfs directory and change permission, etc.


Thanks

Zhan Zhang

On Feb 11, 2015, at 11:28 PM, guxiaobo1982 <guxiaobo1982@qq.com<mailto:guxiaobo1982@qq.com>> wrote:

Hi Zhan,

Yes, I found there is a hdfs account, which is created by Ambari, but what's the password for this account",0,2015-02-12,spark,user@spark.apache.org,<B25ACA8E-F5B4-40C0-ADEC-191F4F514A10@hortonworks.com>,Zhan Zhang <zzhang@hortonworks.com>,2026-09-30T21:27:19.122201
APACHE_LISTS_REMINING,Apache Lists,javah,Re: Percentile example,https://lists.apache.org/thread/<D108E6A6.15857%c.kohler@elsevier.com>,"

The best approach I've found to calculate Percentiles in Spark is to leverage SparkSQL.  If you use the Hive Query Language support, you can use the UDAFs for percentiles (as of Spark 1.2)

Something like this (Note: syntax not guaranteed to run but should give you the gist of what you need to do):


JavaSparkContext sc = new JavaSparkContext(sparkConf);

JavaHiveContext hsc = new JavaHiveContex",0,2015-02-17,spark,user@spark.apache.org,<D108E6A6.15857%c.kohler@elsevier.com>,"""Kohler, Curt E (ELS-STL)"" <C.kohler@elsevier.com>",2026-09-30T21:27:19.122203
APACHE_LISTS_REMINING,Apache Lists,javah,RE: Percentile example,https://lists.apache.org/thread/<COL128-W30FED9F7BF52C965C627D1DD2C0@phx.gbl>,"Thanks Kohler, that's very interesting approach. I never used Spark SQL and not sure whether my cluster was configured well for it. But will definitely have a try. 😃

From: C.kohler@elsevier.com
To: mylpis@hotmail.com; user@spark.apache.org
Subject: Re: Percentile example
Date: Tue, 17 Feb 2015 17:41:53 +0000













The best approach I’ve found to calculate Percentiles in Spark is t",0,2015-02-18,spark,user@spark.apache.org,<COL128-W30FED9F7BF52C965C627D1DD2C0@phx.gbl>,SiMaYunRui <mylpis@hotmail.com>,2026-09-30T21:27:19.122205
APACHE_LISTS_REMINING,Apache Lists,JNA,spark slave cannot execute without admin permission on windows,"https://lists.apache.org/thread/
 <27b07c69a933418f974ddbd7620a757c@DFM-DB3MBX15-08.exchange.corp.microsoft.com>","Hi,

Is it possible to configure spark to run without admin permission on windows?

My current setup run master & slave successfully with admin permission.
However, if I downgrade permission level from admin to user, SparkPi fails with the following exception on the slave node:
Exception in thread ""main"" org.apache.spark.SparkException: Job aborted due to s
tage failure: Task 0 in stage 0.0 failed",0,2015-02-19,spark,user@spark.apache.org,"
 <27b07c69a933418f974ddbd7620a757c@DFM-DB3MBX15-08.exchange.corp.microsoft.com>",Judy Nash <judynash@exchange.microsoft.com>,2026-09-30T21:27:19.122207
APACHE_LISTS_REMINING,Apache Lists,JNA,Re: spark slave cannot execute without admin permission on windows,"https://lists.apache.org/thread/
 <CAHUQ+_bEWyA_a9=QhZdL63rs9e=k5n+cgQ-kz7Hu-B6vNKB69g@mail.gmail.com>","You need not require admin permission, but just make sure all those jars
has execute permission ( read/write access)

Thanks
Best Regards

On Thu, Feb 19, 2015 at 11:30 AM, Judy Nash <judynash@exchange.microsoft.com
> wrote:

>  Hi,
>
>
>
> Is it possible to configure spark to run without admin permission on
> windows?
>
>
>
> My current setup run master & slave successfully with admin permission.",0,2015-02-19,spark,user@spark.apache.org,"
 <CAHUQ+_bEWyA_a9=QhZdL63rs9e=k5n+cgQ-kz7Hu-B6vNKB69g@mail.gmail.com>",Akhil Das <akhil@sigmoidanalytics.com>,2026-09-30T21:27:19.122209
APACHE_LISTS_REMINING,Apache Lists,JNA,RE: spark slave cannot execute without admin permission on windows,"https://lists.apache.org/thread/
 <014bc325f40f43b1937f2f3db4fc6cd3@DFM-DB3MBX15-08.exchange.corp.microsoft.com>","+ dev mailing list

If this is supposed to work, is there a regression then?

The spark core code shows the permission for copied file to \work is set to a+x at Line 442 of Utils.scala<https://github.com/apache/spark/blob/b271c265b742fa6947522eda4592e9e6a7fd1f3a/core/src/main/scala/org/apache/spark/util/Utils.scala> .
The example jar I used had all permissions including Read & Execute prior s",0,2015-02-19,spark,user@spark.apache.org,"
 <014bc325f40f43b1937f2f3db4fc6cd3@DFM-DB3MBX15-08.exchange.corp.microsoft.com>",Judy Nash <judynash@exchange.microsoft.com>,2026-09-30T21:27:19.122211
APACHE_LISTS_REMINING,Apache Lists,JVM crash,Re: Spark Performance on Yarn,"https://lists.apache.org/thread/
 <CAMAsSdJ_kjU_=1hHN=71zpuYKV4oofPnbAJ3DeR_7Kn8bVW06Q@mail.gmail.com>","None of this really points to the problem. These indicate that workers
died but not why. I'd first go locate executor logs that reveal more
about what's happening. It sounds like a hard-er type of failure, like
JVM crash or running out of file handles, or GC thrashing.

On Fri, Feb 20, 2015 at 4:51 AM, lbierman <leebierman@gmail.com> wrote:
> I'm a bit new to Spark, but had a question on performan",0,2015-02-20,spark,user@spark.apache.org,"
 <CAMAsSdJ_kjU_=1hHN=71zpuYKV4oofPnbAJ3DeR_7Kn8bVW06Q@mail.gmail.com>",Sean Owen <sowen@cloudera.com>,2026-09-30T21:27:19.122213
APACHE_LISTS_REMINING,Apache Lists,JVM crash,Re: Spark Performance on Yarn,"https://lists.apache.org/thread/
 <CACBYxKJ3nE=jhEF-0XFL8DCua=+6Eb0ghE9bwt6hhn45AjY0LQ@mail.gmail.com>","Are you specifying the executor memory, cores, or number of executors
anywhere?  If not, you won't be taking advantage of the full resources on
the cluster.

-Sandy

On Fri, Feb 20, 2015 at 2:41 AM, Sean Owen <sowen@cloudera.com> wrote:

> None of this really points to the problem. These indicate that workers
> died but not why. I'd first go locate executor logs that reveal more
> about what's hap",0,2015-02-20,spark,user@spark.apache.org,"
 <CACBYxKJ3nE=jhEF-0XFL8DCua=+6Eb0ghE9bwt6hhn45AjY0LQ@mail.gmail.com>",Sandy Ryza <sandy.ryza@cloudera.com>,2026-09-30T21:27:19.122215
APACHE_LISTS_REMINING,Apache Lists,JNA,RE: spark slave cannot execute without admin permission on windows,"https://lists.apache.org/thread/
 <14052b11efca4ffdaeb64e0ed224ac86@DFM-DB3MBX15-08.exchange.corp.microsoft.com>","Update to the thread.

Upon investigation, this is a bug on windows. Windows does not grant user permission read permission to jar files by default.
Have created a pull request for SPARK-5914<https://issues.apache.org/jira/browse/SPARK-5914> to grant read permission to jar owner (slave service account in this case). With this fix, slave will be able to run without admin permission.
FYI: master",0,2015-02-24,spark,user@spark.apache.org,"
 <14052b11efca4ffdaeb64e0ed224ac86@DFM-DB3MBX15-08.exchange.corp.microsoft.com>",Judy Nash <judynash@exchange.microsoft.com>,2026-09-30T21:27:19.122217
APACHE_LISTS_REMINING,Apache Lists,javah,group by order by fails,https://lists.apache.org/thread/<1424932408852-21815.post@n3.nabble.com>,"Hi,
I need to find top 10 most selling samples. So query looks like:
select  s.name, count(s.name) from sample s group by s.name order by
count(s.name)

This query fails with following error:
org.apache.spark.sql.catalyst.errors.package$TreeNodeException: sort, tree:
Sort [COUNT(name#0) ASC], true
 Exchange (RangePartitioning [COUNT(name#0) ASC], 200)
  Aggregate false, [name#0], [name#0 AS
name#1",0,2015-02-25,spark,user@spark.apache.org,<1424932408852-21815.post@n3.nabble.com>,tridib <tridib.samanta@live.com>,2026-09-30T21:27:19.122220
APACHE_LISTS_REMINING,Apache Lists,javah,Re: group by order by fails,"https://lists.apache.org/thread/
 <CAHUQ+_bmPuooOE+xDyvD_Ki5t97oKo0bY1yFSxEOau6f4TB=sQ@mail.gmail.com>","Which version of spark are you having? It seems there was a similar Jira
https://issues.apache.org/jira/browse/SPARK-2474

Thanks
Best Regards

On Thu, Feb 26, 2015 at 12:03 PM, tridib <tridib.samanta@live.com> wrote:

> Hi,
> I need to find top 10 most selling samples. So query looks like:
> select  s.name, count(s.name) from sample s group by s.name order by
> count(s.name)
>
> This query fails ",0,2015-02-26,spark,user@spark.apache.org,"
 <CAHUQ+_bmPuooOE+xDyvD_Ki5t97oKo0bY1yFSxEOau6f4TB=sQ@mail.gmail.com>",Akhil Das <akhil@sigmoidanalytics.com>,2026-09-30T21:27:19.122224
APACHE_LISTS_REMINING,Apache Lists,javah,RE: group by order by fails,https://lists.apache.org/thread/<BAY177-W17604525C3FFC7E29FD9A6E8140@phx.gbl>,"Actually I just realized , I am using 1.2.0.
 
Thanks
Tridib
 
Date: Thu, 26 Feb 2015 12:37:06 +0530
Subject: Re: group by order by fails
From: akhil@sigmoidanalytics.com
To: tridib.samanta@live.com
CC: user@spark.apache.org

Which version of spark are you having? It seems there was a similar Jira https://issues.apache.org/jira/browse/SPARK-2474ThanksBest Regards

On Thu, Feb 26, 2015 at 12:03 PM,",0,2015-02-25,spark,user@spark.apache.org,<BAY177-W17604525C3FFC7E29FD9A6E8140@phx.gbl>,Tridib Samanta <tridib.samanta@live.com>,2026-09-30T21:27:19.122226
APACHE_LISTS_REMINING,Apache Lists,"UnsatisfiedLinkError, System.loadLibrary",Error: no snappyjava in java.library.path,"https://lists.apache.org/thread/
 <CA+n1gAeEnzmR0G_m1BD9CYz39pW6=mLxv=JbGw4xF_aNwtkZrA@mail.gmail.com>","Hi, All,
  When I run a small program in spark-shell, I got the following error:
...
Caused by: java.lang.UnsatisfiedLinkError: no snappyjava in
java.library.path
    at java.lang.ClassLoader.loadLibrary(ClassLoader.java:1886)
    at java.lang.Runtime.loadLibrary0(Runtime.java:849)
    at java.lang.System.loadLibrary(System.java:1088)
    at
org.xerial.snappy.SnappyNativeLoader.loadLibrary(SnappyN",0,2015-02-26,spark,user@spark.apache.org,"
 <CA+n1gAeEnzmR0G_m1BD9CYz39pW6=mLxv=JbGw4xF_aNwtkZrA@mail.gmail.com>",Dan Dong <dongdan39@gmail.com>,2026-09-30T21:27:19.122228
APACHE_LISTS_REMINING,Apache Lists,"UnsatisfiedLinkError, System.loadLibrary",Re: Error: no snappyjava in java.library.path,"https://lists.apache.org/thread/
 <CAAOnQ7v4Cg-v2rOO_XVwLizPKGF3_5Qz2RFVq-=biRpr0r_TGg@mail.gmail.com>","Hi Dan,

This is a CDH issue, so I'd recommend using cdh-user@cloudera.org for
those questions.

This is an issue with fixed in recent CM 5.3 updates; if you're not
using CM, or want a workaround, you can manually configure
""spark.driver.extraLibraryPath"" and ""spark.executor.extraLibraryPath""
to include the path to the $HADOOP_HOME/lib/native/ directory.

(Note this is not a classpath issue, but a",0,2015-02-26,spark,user@spark.apache.org,"
 <CAAOnQ7v4Cg-v2rOO_XVwLizPKGF3_5Qz2RFVq-=biRpr0r_TGg@mail.gmail.com>",Marcelo Vanzin <vanzin@cloudera.com>,2026-09-30T21:27:19.122230
APACHE_LISTS_REMINING,Apache Lists,javah,Re: group by order by fails,"https://lists.apache.org/thread/
 <CAAswR-7AVx2ZgcMCNLf19Ri9DW4-ZGEkUP6A+3KvfV0yNhRajw@mail.gmail.com>","Assign an alias to the count in the select clause and use that alias in the
order by clause.

On Wed, Feb 25, 2015 at 11:17 PM, Tridib Samanta <tridib.samanta@live.com>
wrote:

> Actually I just realized , I am using 1.2.0.
>
> Thanks
> Tridib
>
> ------------------------------
> Date: Thu, 26 Feb 2015 12:37:06 +0530
> Subject: Re: group by order by fails
> From: akhil@sigmoidanalytics.com
> To: t",0,2015-02-26,spark,user@spark.apache.org,"
 <CAAswR-7AVx2ZgcMCNLf19Ri9DW4-ZGEkUP6A+3KvfV0yNhRajw@mail.gmail.com>",Michael Armbrust <michael@databricks.com>,2026-09-30T21:27:19.122233
APACHE_LISTS_REMINING,Apache Lists,javah,RE: group by order by fails,https://lists.apache.org/thread/<BAY177-W13ED8C17EF62D56EC5988E8150@phx.gbl>,"Thanks Michael! It worked. Some how my mails are not getting accepted by spark user mailing list. :(
 
From: michael@databricks.com
Date: Thu, 26 Feb 2015 17:49:43 -0800
Subject: Re: group by order by fails
To: tridib.samanta@live.com
CC: akhil@sigmoidanalytics.com; user@spark.apache.org

Assign an alias to the count in the select clause and use that alias in the order by clause.
On Wed, Feb 25, 2",0,2015-02-27,spark,user@spark.apache.org,<BAY177-W13ED8C17EF62D56EC5988E8150@phx.gbl>,Tridib Samanta <tridib.samanta@live.com>,2026-09-30T21:27:19.122235
APACHE_LISTS_REMINING,Apache Lists,UnsatisfiedLinkError,"UnsatisfiedLinkError related to libgfortran when running MLLIB code
 on RHEL 5.8","https://lists.apache.org/thread/
 <CAN8oA5cgK8mrsBQjkQzayHDY+yXAeZNoihGkW3ke9Cp=tjLz1Q@mail.gmail.com>","Hi Folks,

We are trying to run the following code from the spark shell in a CDH 5.3
cluster running on RHEL 5.8.

*spark-shell --master yarn --deploy-mode client --num-executors 15
--executor-cores 6 --executor-memory 12G *
*import org.apache.spark.mllib.recommendation.ALS *
*import org.apache.spark.mllib.recommendation.Rating *
*val users_item_score_clean =
sc.textFile(""/tmp/spark_mllib_test"").m",0,2015-03-03,spark,user@spark.apache.org,"
 <CAN8oA5cgK8mrsBQjkQzayHDY+yXAeZNoihGkW3ke9Cp=tjLz1Q@mail.gmail.com>",Prashant Sharma <sharma.prashant.1983@gmail.com>,2026-09-30T21:27:35.679048
APACHE_LISTS_REMINING,Apache Lists,UnsatisfiedLinkError,"Re: UnsatisfiedLinkError related to libgfortran when running MLLIB
 code on RHEL 5.8","https://lists.apache.org/thread/
 <CAJgQjQ-ydN=nvTH0GeFkpTL0zxrbCgZgO6D=iPhLv3rxiX9diA@mail.gmail.com>","libgfortran.x86_64 4.1.2-52.el5_8.1 comes with libgfortran.so.1 but
not libgfortran.so.3. JBLAS requires the latter. If you have root
access, you can try to install a newer version of libgfortran.
Otherwise, maybe you can try Spark 1.3, which doesn't use JBLAS in
ALS. -Xiangrui

On Tue, Mar 3, 2015 at 11:21 AM, Prashant Sharma
<sharma.prashant.1983@gmail.com> wrote:
> Hi Folks,
>
> We are trying t",0,2015-03-03,spark,user@spark.apache.org,"
 <CAJgQjQ-ydN=nvTH0GeFkpTL0zxrbCgZgO6D=iPhLv3rxiX9diA@mail.gmail.com>",Xiangrui Meng <mengxr@gmail.com>,2026-09-30T21:27:35.679069
APACHE_LISTS_REMINING,Apache Lists,System.loadLibrary,Re: Parallel execution of JavaDStream/JavaPairDStream,https://lists.apache.org/thread/<1425456178070-21904.post@n3.nabble.com>,"14/06/19 15:03:36 WARN LoadSnappy: Snappy native library not loaded 

The problem is Snappy library is not loaded in the workers. This is because
you would have written the system.loadlibrary outside map function which is
not shipped to the workers.  

Regards
Jishnu Prathap



--
View this message in context: http://apache-spark-user-list.1001560.n3.nabble.com/Parallel-execution-of-JavaDStream-Ja",0,2015-03-04,spark,user@spark.apache.org,<1425456178070-21904.post@n3.nabble.com>,Jishnu Prathap <jishnu.prathap@wipro.com>,2026-09-30T21:27:35.679072
APACHE_LISTS_REMINING,Apache Lists,javah,issue creating spark context with CDH 5.3.1,https://lists.apache.org/thread/<1425904415356-21968.post@n3.nabble.com>,"Hi,
I am using CDH5.3.1
I am getting bellow error while, even spark context not getting created,
I am submitting my job like this -
submitting command-
 spark-submit --jars
./analiticlibs/utils-common-1.0.0.jar,./analiticlibs/mysql-connector-java-5.1.17.jar,./analiticlibs/log4j-1.2.17.jar,./analiticlibs/ant-launcher-1.9.1.jar,./analiticlibs/antlr-2.7.7.jar,./analiticlibs/antlr-runtime-3.4.jar,./an",0,2015-03-09,spark,user@spark.apache.org,<1425904415356-21968.post@n3.nabble.com>,sachin Singh <sachin.shashi@gmail.com>,2026-09-30T21:27:35.679074
APACHE_LISTS_REMINING,Apache Lists,javah,Re: issue creating spark context with CDH 5.3.1,"https://lists.apache.org/thread/
 <CAMAsSd+joCGicbkBQ9rp32dJoU-=cPMb1hX2w4ji++RXFK1JtA@mail.gmail.com>","This one is CDH-specific and is already answered in the forums, so I'd
go there instead.
Ex: http://community.cloudera.com/t5/Advanced-Analytics-Apache-Spark/Spark-sql-and-Hive-tables/td-p/22051

On Mon, Mar 9, 2015 at 12:33 PM, sachin Singh <sachin.shashi@gmail.com> wrote:
> Hi,
> I am using CDH5.3.1
> I am getting bellow error while, even spark context not getting created,
> I am submitting my j",0,2015-03-09,spark,user@spark.apache.org,"
 <CAMAsSd+joCGicbkBQ9rp32dJoU-=cPMb1hX2w4ji++RXFK1JtA@mail.gmail.com>",Sean Owen <sowen@cloudera.com>,2026-09-30T21:27:35.679076
APACHE_LISTS_REMINING,Apache Lists,javah,Re: hbase sql query,"https://lists.apache.org/thread/
 <CAH2_py+gjEzs_JKn=toxkKDg0xzEzmUK+++rv-w2uEvJ-68sHw@mail.gmail.com>","Ah, missed that java was a requirement.  What distribution of Hadoop are
you suing?  Here is an example that may help, along with a few links to the
JavaHbaseContext and a basic example.

https://github.com/tmalaska/SparkOnHBase

https://github.com/tmalaska/SparkOnHBase/blob/master/src/main/java/com/cloudera/spark/hbase/example/JavaHBaseMapGetPutExample.java

https://github.com/tmalaska/SparkOnHBa",0,2015-03-12,spark,user@spark.apache.org,"
 <CAH2_py+gjEzs_JKn=toxkKDg0xzEzmUK+++rv-w2uEvJ-68sHw@mail.gmail.com>",Todd Nist <tsindotg@gmail.com>,2026-09-30T21:27:35.679079
APACHE_LISTS_REMINING,Apache Lists,javah,RE: hbase sql query,"https://lists.apache.org/thread/
 <DB3PR07MB025408AA5A1A627F5C3E6B08E060@DB3PR07MB025.eurprd07.prod.outlook.com>","Thanks Todd,
But this particular code is missing JavaHbaseContext.java file. The code only has JavaHbaseContext.scala.
Moreover I specifically wanted to perform join queries on tables with millions of records and expect millisecond latency. For doing a sql query of such type I guess we need JavaSchemaRdds and sqlContext.sql only. Isn’t it ??



Thanks,
Udbhav Agarwal

From: Todd Nist [mai",0,2015-03-12,spark,user@spark.apache.org,"
 <DB3PR07MB025408AA5A1A627F5C3E6B08E060@DB3PR07MB025.eurprd07.prod.outlook.com>",Udbhav Agarwal <udbhav.agarwal@syncoms.com>,2026-09-30T21:27:35.679081
APACHE_LISTS_REMINING,Apache Lists,javah,issue while creating spark context,https://lists.apache.org/thread/<1427197885452-22196.post@n3.nabble.com>,"hi all,
all of sudden I getting below error when I am submitting spark job using
master as yarn its not able to create spark context,previously working fine,
I am using CDH5.3.1 and creating javaHiveContext
spark-submit --jars
./analiticlibs/mysql-connector-java-5.1.17.jar,./analiticlibs/log4j-1.2.17.jar 
--master yarn --class myproject.com.java.jobs.Aggregationtask
sparkjob-1.0.jar

error message",0,2015-03-24,spark,user@spark.apache.org,<1427197885452-22196.post@n3.nabble.com>,sachin Singh <sachin.shashi@gmail.com>,2026-09-30T21:27:35.679083
APACHE_LISTS_REMINING,Apache Lists,javah,Re: issue while creating spark context,"https://lists.apache.org/thread/
 <CAHUQ+_Zp-k2aciDsOfZbWDd=_HW_c+bw-+JF=8ah0igPb0oXMA@mail.gmail.com>","Its an IOException, just make sure you are having the correct permission
over */user/spark* directory.

Thanks
Best Regards

On Tue, Mar 24, 2015 at 5:21 PM, sachin Singh <sachin.shashi@gmail.com>
wrote:

> hi all,
> all of sudden I getting below error when I am submitting spark job using
> master as yarn its not able to create spark context,previously working
> fine,
> I am using CDH5.3.1 and cre",0,2015-03-24,spark,user@spark.apache.org,"
 <CAHUQ+_Zp-k2aciDsOfZbWDd=_HW_c+bw-+JF=8ah0igPb0oXMA@mail.gmail.com>",Akhil Das <akhil@sigmoidanalytics.com>,2026-09-30T21:27:35.679085
APACHE_LISTS_REMINING,Apache Lists,javah,Re: issue while creating spark context,"https://lists.apache.org/thread/
 <CAKVKMDCoxeQ3GdYPsQ7zfLL8cDP9nPDsL5k9kQVjCH4vKSbXNw@mail.gmail.com>","Hi Akhil,
thanks for your quick reply,
I would like to request please elaborate i.e. what kind of permission
required ..

thanks in advance,

Regards
Sachin

On Tue, Mar 24, 2015 at 5:29 PM, Akhil Das <akhil@sigmoidanalytics.com>
wrote:

> Its an IOException, just make sure you are having the correct permission
> over */user/spark* directory.
>
> Thanks
> Best Regards
>
> On Tue, Mar 24, 2015 at 5",0,2015-03-24,spark,user@spark.apache.org,"
 <CAKVKMDCoxeQ3GdYPsQ7zfLL8cDP9nPDsL5k9kQVjCH4vKSbXNw@mail.gmail.com>",Sachin Singh <sachin.shashi@gmail.com>,2026-09-30T21:27:35.679088
APACHE_LISTS_REMINING,Apache Lists,javah,Re: issue while creating spark context,"https://lists.apache.org/thread/
 <CAHUQ+_avn7MVMtwhC=ZNpkSOjU0S5+AjBqspG6znENFFOp4m-g@mail.gmail.com>","write permission as its clearly saying:

java.io.IOException:* Error in creating log directory:*
file:*/user/spark/*applicationHistory/application_1427194309307_0005

Thanks
Best Regards

On Tue, Mar 24, 2015 at 6:08 PM, Sachin Singh <sachin.shashi@gmail.com>
wrote:

> Hi Akhil,
> thanks for your quick reply,
> I would like to request please elaborate i.e. what kind of permission
> required ..
>
>",0,2015-03-24,spark,user@spark.apache.org,"
 <CAHUQ+_avn7MVMtwhC=ZNpkSOjU0S5+AjBqspG6znENFFOp4m-g@mail.gmail.com>",Akhil Das <akhil@sigmoidanalytics.com>,2026-09-30T21:27:35.679090
APACHE_LISTS_REMINING,Apache Lists,javah,Re: issue while creating spark context,"https://lists.apache.org/thread/
 <CAKVKMDA8nFtACvugYq9eiswOc7rN3xr9-GbhP5wL4kERFq19xA@mail.gmail.com>","hi,
I can see required permission is granted for this directory as under,

 hadoop dfs -ls /user/spark
DEPRECATED: Use of this script to execute hdfs command is deprecated.
Instead use the hdfs command for it.

Found 1 items
*drwxrwxrwt   - spark spark          0 2015-03-20 01:04
/user/spark/applicationHistory*

regards
Sachin


On Tue, Mar 24, 2015 at 6:13 PM, Akhil Das <akhil@sigmoidanalytics.co",0,2015-03-24,spark,user@spark.apache.org,"
 <CAKVKMDA8nFtACvugYq9eiswOc7rN3xr9-GbhP5wL4kERFq19xA@mail.gmail.com>",Sachin Singh <sachin.shashi@gmail.com>,2026-09-30T21:27:35.679092
APACHE_LISTS_REMINING,Apache Lists,javah,Re: issue while creating spark context,"https://lists.apache.org/thread/
 <CAHUQ+_ZPZoURTVrFpMYY8MXfNjKL0Q=eAhrC+Jhj+zvOwdfn=Q@mail.gmail.com>","Its in your local file system, not in hdfs.

Thanks
Best Regards

On Tue, Mar 24, 2015 at 6:25 PM, Sachin Singh <sachin.shashi@gmail.com>
wrote:

> hi,
> I can see required permission is granted for this directory as under,
>
>  hadoop dfs -ls /user/spark
> DEPRECATED: Use of this script to execute hdfs command is deprecated.
> Instead use the hdfs command for it.
>
> Found 1 items
> *drwxrwxrwt  ",0,2015-03-24,spark,user@spark.apache.org,"
 <CAHUQ+_ZPZoURTVrFpMYY8MXfNjKL0Q=eAhrC+Jhj+zvOwdfn=Q@mail.gmail.com>",Akhil Das <akhil@sigmoidanalytics.com>,2026-09-30T21:27:35.679094
APACHE_LISTS_REMINING,Apache Lists,UnsatisfiedLinkError,Re: upgrade from spark 1.2.1 to 1.3 on EC2 cluster and problems,"https://lists.apache.org/thread/
 <CAGUQu44Brv0bqyYUGdcZp3uBscNOgWSb1-PuU-mw87Hga+N+Gw@mail.gmail.com>","Is there any way that I can install the new one and remove previous version.
I installed spark 1.3 on my EC2 master and set teh spark home to the new
one.
But when I start teh spark-shell I get -
 java.lang.UnsatisfiedLinkError:
org.apache.hadoop.security.JniBasedUnixGroupsMapping.anchorNative()V
    at
org.apache.hadoop.security.JniBasedUnixGroupsMapping.anchorNative(Native
Method)

Is There no w",0,2015-03-25,spark,user@spark.apache.org,"
 <CAGUQu44Brv0bqyYUGdcZp3uBscNOgWSb1-PuU-mw87Hga+N+Gw@mail.gmail.com>",roni <roni.epi112@gmail.com>,2026-09-30T21:27:35.679096
APACHE_LISTS_REMINING,Apache Lists,UnsatisfiedLinkError,Re: upgrade from spark 1.2.1 to 1.3 on EC2 cluster and problems,"https://lists.apache.org/thread/
 <CAKW0i0wY+H+gOOoWhRDNSZ_gpdF=A5oOEb7xkc=Hq12Qm-x=YQ@mail.gmail.com>","You could stop the running the processes and run the same processes using
the new version, starting with the master and then the slaves. You would
have to snoop around a bit to get the command-line arguments right, but
it's doable. Use `ps -efw` to find the command-lines used. Be sure to rerun
them as the same user. Or look at what the EC2 scripts do.

Dean Wampler, Ph.D.
Author: Programming Scala",0,2015-03-25,spark,user@spark.apache.org,"
 <CAKW0i0wY+H+gOOoWhRDNSZ_gpdF=A5oOEb7xkc=Hq12Qm-x=YQ@mail.gmail.com>",Dean Wampler <deanwampler@gmail.com>,2026-09-30T21:27:35.679098
APACHE_LISTS_REMINING,Apache Lists,UnsatisfiedLinkError,Re: upgrade from spark 1.2.1 to 1.3 on EC2 cluster and problems,https://lists.apache.org/thread/<FB428122-FE39-4582-9D4D-AD72E0046142@hortonworks.com>,"
On 25 Mar 2015, at 21:54, roni <roni.epi112@gmail.com<mailto:roni.epi112@gmail.com>> wrote:

Is there any way that I can install the new one and remove previous version.
I installed spark 1.3 on my EC2 master and set teh spark home to the new one.
But when I start teh spark-shell I get -
 java.lang.UnsatisfiedLinkError: org.apache.hadoop.security.JniBasedUnixGroupsMapping.anchorNative()V
 ",0,2015-03-26,spark,user@spark.apache.org,<FB428122-FE39-4582-9D4D-AD72E0046142@hortonworks.com>,Steve Loughran <stevel@hortonworks.com>,2026-09-30T21:27:35.679100
APACHE_LISTS_REMINING,Apache Lists,System.loadLibrary,"Unable to save dataframe with UDT created with
 sqlContext.createDataFrame","https://lists.apache.org/thread/
 <CAKOOPDtrO=55yv0vB55C-AjObGSsWU5xETrUJFZTqxXMJRJeMA@mail.gmail.com>","Hi all,

DataFrame with an user defined type (here mllib.Vector) created with
sqlContex.createDataFrame can't be saved to parquet file and raise
ClassCastException:
org.apache.spark.mllib.linalg.DenseVector cannot be cast to
org.apache.spark.sql.Row error.

Here is an example of code to reproduce this error :






















*object TestDataFrame {  def main(args: Array[String]): Unit = {
//",0,2015-03-31,spark,user@spark.apache.org,"
 <CAKOOPDtrO=55yv0vB55C-AjObGSsWU5xETrUJFZTqxXMJRJeMA@mail.gmail.com>",Jaonary Rabarisoa <jaonary@gmail.com>,2026-09-30T21:27:35.679102
APACHE_LISTS_REMINING,Apache Lists,System.loadLibrary,"Re: Unable to save dataframe with UDT created with
 sqlContext.createDataFrame","https://lists.apache.org/thread/
 <CAJgQjQ-Kp7vcpnm3ywKLAP1HNiESs7G2sNOoskyBjUBfkc_DZg@mail.gmail.com>","I cannot reproduce this error on master, but I'm not aware of any
recent bug fixes that are related. Could you build and try the current
master? -Xiangrui

On Tue, Mar 31, 2015 at 4:10 AM, Jaonary Rabarisoa <jaonary@gmail.com> wrote:
> Hi all,
>
> DataFrame with an user defined type (here mllib.Vector) created with
> sqlContex.createDataFrame can't be saved to parquet file and raise
> ClassCastExc",0,2015-03-31,spark,user@spark.apache.org,"
 <CAJgQjQ-Kp7vcpnm3ywKLAP1HNiESs7G2sNOoskyBjUBfkc_DZg@mail.gmail.com>",Xiangrui Meng <mengxr@gmail.com>,2026-09-30T21:27:35.679105
APACHE_LISTS_REMINING,Apache Lists,System.loadLibrary,"Re: Unable to save dataframe with UDT created with
 sqlContext.createDataFrame","https://lists.apache.org/thread/
 <CAKOOPDtLG0BDZ_KnXk=Xy=b90ZsF8uzmAcyPWZo1J32h0+TFaA@mail.gmail.com>","Hmm, I got the same error with the master. Here is another test example
that fails. Here, I explicitly create
a Row RDD which corresponds to the use case I am in :









*object TestDataFrame {  def main(args: Array[String]): Unit = {
val conf = new SparkConf().setAppName(""TestDataFrame"").setMaster(""local[4]"")
   val sc = new SparkContext(conf)    val sqlContext = new
SQLContext(sc)*
*    impor",0,2015-04-01,spark,user@spark.apache.org,"
 <CAKOOPDtLG0BDZ_KnXk=Xy=b90ZsF8uzmAcyPWZo1J32h0+TFaA@mail.gmail.com>",Jaonary Rabarisoa <jaonary@gmail.com>,2026-09-30T21:27:58.967460
APACHE_LISTS_REMINING,Apache Lists,UnsatisfiedLinkError,"Spark, snappy and HDFS",https://lists.apache.org/thread/<1427940822952-22349.post@n3.nabble.com>,"Has anyone else encountered the following error when trying to read a snappy
compressed sequence file from HDFS?

*java.lang.UnsatisfiedLinkError:
org.apache.hadoop.util.NativeCodeLoader.buildSupportsSnappy()Z*

The following works for me when the file is uncompressed:

import org.apache.hadoop.io._
val hdfsPath = ""hdfs://nost.name/path/to/folder""
val file = sc.sequenceFile[BytesWritable,String](h",0,2015-04-01,spark,user@spark.apache.org,<1427940822952-22349.post@n3.nabble.com>,Nick Travers <n.e.travers@gmail.com>,2026-09-30T21:27:58.967479
APACHE_LISTS_REMINING,Apache Lists,UnsatisfiedLinkError,"Re: Spark, snappy and HDFS",https://lists.apache.org/thread/<8E098585A2244E608E7DC2CACF014238@gmail.com>,"Can you read snappy compressed file in hdfs?  Looks like the libsnappy.so is not in the hadoop native lib path.

On Thursday, April 2, 2015 at 10:13 AM, Nick Travers wrote:

> Has anyone else encountered the following error when trying to read a snappy
> compressed sequence file from HDFS?
> 
> *java.lang.UnsatisfiedLinkError:
> org.apache.hadoop.util.NativeCodeLoader.buildSupportsSnappy()Z*
> 
> ",0,2015-04-02,spark,user@spark.apache.org,<8E098585A2244E608E7DC2CACF014238@gmail.com>,Xianjin YE <advancedxy@gmail.com>,2026-09-30T21:27:58.967482
APACHE_LISTS_REMINING,Apache Lists,UnsatisfiedLinkError,"Re: Spark, snappy and HDFS","https://lists.apache.org/thread/
 <CAC3vbXFQPh_X=q_mV-EFjdU_pFASg6mqB=DFzHQByeEfhzs+dw@mail.gmail.com>","Thanks for the super quick response!

I can read the file just fine in hadoop, it's just when I point Spark at
this file it can't seem to read it due to the missing snappy jars / so's.

I'l paying around with adding some things to spark-env.sh file, but still
nothing.

On Wed, Apr 1, 2015 at 7:19 PM, Xianjin YE <advancedxy@gmail.com> wrote:

> Can you read snappy compressed file in hdfs?  Looks li",0,2015-04-01,spark,user@spark.apache.org,"
 <CAC3vbXFQPh_X=q_mV-EFjdU_pFASg6mqB=DFzHQByeEfhzs+dw@mail.gmail.com>",Nick Travers <n.e.travers@gmail.com>,2026-09-30T21:27:58.967484
APACHE_LISTS_REMINING,Apache Lists,UnsatisfiedLinkError,"Re: Spark, snappy and HDFS",https://lists.apache.org/thread/<AF1A93034EF54356A29087A09A494103@gmail.com>,"Do you have the same hadoop config for all nodes in your cluster(you run it in a cluster, right?)? 
Check the node(usually the executor) which gives the java.lang.UnsatisfiedLinkError to see whether the libsnappy.so is in the hadoop native lib path.



On Thursday, April 2, 2015 at 10:22 AM, Nick Travers wrote:

> Thanks for the super quick response!
> 
> I can read the file just fine in hadoop, i",0,2015-04-02,spark,user@spark.apache.org,<AF1A93034EF54356A29087A09A494103@gmail.com>,Xianjin YE <advancedxy@gmail.com>,2026-09-30T21:27:58.967486
APACHE_LISTS_REMINING,Apache Lists,UnsatisfiedLinkError,"Re: Spark, snappy and HDFS","https://lists.apache.org/thread/
 <CAC3vbXFafBK3zzc03fswKGPfSA97k7Dv--qrXOkGYZqdBgOYwg@mail.gmail.com>","I'm actually running this in a separate environment to our HDFS cluster.

I think I've been able to sort out the issue by copying
/opt/cloudera/parcels/CDH/lib to the machine I'm running this on (I'm just
using a one-worker setup at present) and adding the following to
spark-env.sh:

export
JAVA_LIBRARY_PATH=$JAVA_LIBRARY_PATH:/home/nickt/lib/hadoop/lib/native
export LD_LIBRARY_PATH=$LD_LIBRARY_PA",0,2015-04-01,spark,user@spark.apache.org,"
 <CAC3vbXFafBK3zzc03fswKGPfSA97k7Dv--qrXOkGYZqdBgOYwg@mail.gmail.com>",Nick Travers <n.e.travers@gmail.com>,2026-09-30T21:27:58.967489
APACHE_LISTS_REMINING,Apache Lists,System.loadLibrary,"Re: Unable to save dataframe with UDT created with
 sqlContext.createDataFrame","https://lists.apache.org/thread/
 <CAJgQjQ91RBL+vSyiir9+ahG6Ph+Z+Wt7BMMMjHzWiaEZDdTTiQ@mail.gmail.com>","I reproduced the bug on master and submitted a patch for it:
https://github.com/apache/spark/pull/5329. It may get into Spark
1.3.1. Thanks for reporting the bug! -Xiangrui

On Wed, Apr 1, 2015 at 12:57 AM, Jaonary Rabarisoa <jaonary@gmail.com> wrote:
> Hmm, I got the same error with the master. Here is another test example that
> fails. Here, I explicitly create
> a Row RDD which corresponds to t",0,2015-04-02,spark,user@spark.apache.org,"
 <CAJgQjQ91RBL+vSyiir9+ahG6Ph+Z+Wt7BMMMjHzWiaEZDdTTiQ@mail.gmail.com>",Xiangrui Meng <mengxr@gmail.com>,2026-09-30T21:27:58.967491
APACHE_LISTS_REMINING,Apache Lists,UnsatisfiedLinkError,"Re: Spark, snappy and HDFS","https://lists.apache.org/thread/
 <CAMAsSd+X9xsnkD8GwM7mjaq5rAvGiELuAdSicUE=BUKsfPTvmw@mail.gmail.com>","Yes, any Hadoop-related process that asks for Snappy compression or
needs to read it will have to have the Snappy libs available on the
library path. That's usually set up for you in a distro or you can do
it manually like this. This is not Spark-specific.

The second question also isn't Spark-specific; you do not have a
SequenceFile of byte[] / String, but of byte[] / byte[]. Review what
you are ",0,2015-04-02,spark,user@spark.apache.org,"
 <CAMAsSd+X9xsnkD8GwM7mjaq5rAvGiELuAdSicUE=BUKsfPTvmw@mail.gmail.com>",Sean Owen <sowen@cloudera.com>,2026-09-30T21:27:58.967493
APACHE_LISTS_REMINING,Apache Lists,UnsatisfiedLinkError,"Re: Spark, snappy and HDFS","https://lists.apache.org/thread/
 <CAC3vbXHwtuVTrbcPyngU8u65JEr62+C=v3_ieA0i0pnbW35beg@mail.gmail.com>","Thanks all. I was able to get the decompression working by adding the
following to my spark-env.sh script:

export
JAVA_LIBRARY_PATH=$JAVA_LIBRARY_PATH:/home/nickt/lib/hadoop/lib/native
export LD_LIBRARY_PATH=$LD_LIBRARY_PATH:/home/nickt/lib/hadoop/lib/native
export
SPARK_LIBRARY_PATH=$SPARK_LIBRARY_PATH:/home/nickt/lib/hadoop/lib/native
export
SPARK_CLASSPATH=$SPARK_CLASSPATH:/home/nickt/lib/hado",0,2015-04-02,spark,user@spark.apache.org,"
 <CAC3vbXHwtuVTrbcPyngU8u65JEr62+C=v3_ieA0i0pnbW35beg@mail.gmail.com>",Nick Travers <n.e.travers@gmail.com>,2026-09-30T21:27:58.967495
APACHE_LISTS_REMINING,Apache Lists,System.loadLibrary,"Re: Unable to save dataframe with UDT created with
 sqlContext.createDataFrame","https://lists.apache.org/thread/
 <CAKOOPDsuc88nXKQs=O2gFSG+t-=2Cw9VZezpi-mZh1y0UUxxaA@mail.gmail.com>","Good! Thank you.

On Thu, Apr 2, 2015 at 9:05 AM, Xiangrui Meng <mengxr@gmail.com> wrote:

> I reproduced the bug on master and submitted a patch for it:
> https://github.com/apache/spark/pull/5329. It may get into Spark
> 1.3.1. Thanks for reporting the bug! -Xiangrui
>
> On Wed, Apr 1, 2015 at 12:57 AM, Jaonary Rabarisoa <jaonary@gmail.com>
> wrote:
> > Hmm, I got the same error with the master.",0,2015-04-03,spark,user@spark.apache.org,"
 <CAKOOPDsuc88nXKQs=O2gFSG+t-=2Cw9VZezpi-mZh1y0UUxxaA@mail.gmail.com>",Jaonary Rabarisoa <jaonary@gmail.com>,2026-09-30T21:27:58.967497
APACHE_LISTS_REMINING,Apache Lists,JNA,Re: StackOverflowError from KafkaReceiver when rate limiting used,"https://lists.apache.org/thread/
 <CAMAsSd+HzDcJZt-KfTvaAypYFEdPvHMXsCwTwCuK_mtM1YN7CQ@mail.gmail.com>","Yeah, this really shouldn't be recursive. It can't be optimized since
it's not a final/private method.  I think you're welcome to try a PR
to un-recursivize it.

On Thu, Apr 16, 2015 at 7:31 PM, Jeff Nadler <jnadler@srcginc.com> wrote:
>
> I've got a Kafka topic on which lots of data has built up, and a streaming
> app with a rate limit.
> During maintenance for example records will build up on Ka",0,2015-04-16,spark,user@spark.apache.org,"
 <CAMAsSd+HzDcJZt-KfTvaAypYFEdPvHMXsCwTwCuK_mtM1YN7CQ@mail.gmail.com>",Sean Owen <sowen@cloudera.com>,2026-09-30T21:27:58.967500
APACHE_LISTS_REMINING,Apache Lists,JNA,Re: Multiple HA spark clusters managed by 1 ZK cluster?,"https://lists.apache.org/thread/
 <CAHUQ+_YN16y57SniCV9V7cD9MfuzwGrdFsrToCpGsfuAnwRPFQ@mail.gmail.com>","nice, thanks for the information.

Thanks
Best Regards

On Wed, Apr 22, 2015 at 8:53 PM, Jeff Nadler <jnadler@srcginc.com> wrote:

>
> You can run multiple Spark clusters against one ZK cluster.   Just use
> this config to set independent ZK roots for each cluster:
>
>      spark.deploy.zookeeper.dir
>      The directory in ZooKeeper to store recovery state (default: /spark).
>
> -Jeff
>
>
> From:",0,2015-04-22,spark,user@spark.apache.org,"
 <CAHUQ+_YN16y57SniCV9V7cD9MfuzwGrdFsrToCpGsfuAnwRPFQ@mail.gmail.com>",Akhil Das <akhil@sigmoidanalytics.com>,2026-09-30T21:27:58.967502
APACHE_LISTS_REMINING,Apache Lists,JNA,Re: Question regarding join with multiple columns with pyspark,"https://lists.apache.org/thread/
 <CAA+15peW7H4W9MogLcr5tBjGZx7P6JtYsf6iCFxCD_et3QLHug@mail.gmail.com>","I just tested, your observation in DataFrame API is correct. It behaves
weirdly in case of multiple column join.  (Maybe we should report a Jira?)

Solution: You can go back to our good old composite key field concatenation
method. Not ideal, but workaround. (Of course you can use realSQL as well,
as shown below)

set up Data:

    a =
[[1993,1,100],[1993,2,200],[1994,1,1000],[1994,3,3000],[2000,1",0,2015-04-25,spark,user@spark.apache.org,"
 <CAA+15peW7H4W9MogLcr5tBjGZx7P6JtYsf6iCFxCD_et3QLHug@mail.gmail.com>",ayan guha <guha.ayan@gmail.com>,2026-09-30T21:27:58.967505
APACHE_LISTS_REMINING,Apache Lists,compilation errors,"Spark SQL - Registerfunction throwing MissingRequirementError in
 JavaMirror with primordial classloader","https://lists.apache.org/thread/
 <CANSBmbzbLA2ZmDT41wEXh1vp1Q8agr87QoAwLuiBHYmXP9UU7Q@mail.gmail.com>","Hi All,

I am trying to use a function within spark sql which accepts 2 - 4
arguments. I was able to get through compilation errors however, I see the
attached runtime exception when trying from Spark SQL.
(refer attachment for the complete stacktrace- StackTraceFor_runTestInSQL)

The function itself works well when tried as a regular function.

Here is how I am trying it:
************************",0,2015-04-26,spark,user@spark.apache.org,"
 <CANSBmbzbLA2ZmDT41wEXh1vp1Q8agr87QoAwLuiBHYmXP9UU7Q@mail.gmail.com>",Sunita Arvind <sunitarvind@gmail.com>,2026-09-30T21:27:58.967521
APACHE_LISTS_REMINING,Apache Lists,JNA,Re: Question regarding join with multiple columns with pyspark,"https://lists.apache.org/thread/
 <CAEY5v2tkYQa8hEMzShThYQ+adrRG0ODyyaWMAq=QeeHnetuEtg@mail.gmail.com>","Thanks again Ayan! To close the loop on this issue, I have filed the below
JIRA to track the issue:
https://issues.apache.org/jira/browse/SPARK-7197



On Fri, Apr 24, 2015 at 8:21 PM, ayan guha <guha.ayan@gmail.com> wrote:

> I just tested, your observation in DataFrame API is correct. It behaves
> weirdly in case of multiple column join.  (Maybe we should report a Jira?)
>
> Solution: You can go",0,2015-04-28,spark,user@spark.apache.org,"
 <CAEY5v2tkYQa8hEMzShThYQ+adrRG0ODyyaWMAq=QeeHnetuEtg@mail.gmail.com>",Ali Bajwa <ali.bajwa@gmail.com>,2026-09-30T21:27:58.967523
APACHE_LISTS_REMINING,Apache Lists,compilation errors,"Re: Spark SQL 1.3.1 ""saveAsParquetFile"" will output tachyon file with
 different block size","https://lists.apache.org/thread/
 <CAO17acZK10f-D6XdcrX=6t-AR5KAug6kCLiWpNyz9F9AyJ13kA@mail.gmail.com>","Hi,

You can apply this patch <https://github.com/apache/spark/pull/5354> and
recompile.

Hope this helps,
Calvin

On Tue, Apr 28, 2015 at 1:19 PM, sara mustafa <eng.sara.mustafa@gmail.com>
wrote:

> Hi Zhang,
>
> How did you compile Spark 1.3.1 with Tachyon? when i changed Tachyon
> version
> to 0.6.3 in core/pom.xml, make-distribution.sh and try to compile again,
> many compilation errors raised",0,2015-04-28,spark,user@spark.apache.org,"
 <CAO17acZK10f-D6XdcrX=6t-AR5KAug6kCLiWpNyz9F9AyJ13kA@mail.gmail.com>",Calvin Jia <jia.calvin@gmail.com>,2026-09-30T21:27:58.967526
APACHE_LISTS_REMINING,Apache Lists,JNA,Re: A problem of using spark streaming to capture network packets,"https://lists.apache.org/thread/
 <OF3E66E16A.30A08641-ON48257E36.0007F039-48257E36.000851AD@cn.ibm.com>","1. The full command line is written in a shell script:

LIB=/home/spark/.m2/repository

/opt/spark/bin/spark-submit \
--class spark.pcap.run.TestPcapSpark \
--jars
$LIB/org/pcap4j/pcap4j-core/1.4.0/pcap4j-core-1.4.0.jar,$LIB/org/pcap4j/pcap4j-packetfactory-static/1.4.0/pcap4j-packetfactory-static-1.4.0.jar,$LIB/
org/slf4j/slf4j-api/1.7.6/slf4j-api-1.7.6.jar,$LIB/org/slf4j/slf4j-log4j12/1.7",0,2015-04-29,spark,user@spark.apache.org,"
 <OF3E66E16A.30A08641-ON48257E36.0007F039-48257E36.000851AD@cn.ibm.com>",Lin Hao Xu <xulinhao@cn.ibm.com>,2026-09-30T21:27:58.967528
APACHE_LISTS_REMINING,Apache Lists,JNA,Re: A problem of using spark streaming to capture network packets,"https://lists.apache.org/thread/
 <CAKW0i0yqbiNHjziXhqfZkX-JGKNiw0E-F9CbKNsBf=D31W=HFA@mail.gmail.com>","Are the tasks on the slaves also running as root? If not, that might
explain the problem.

dean

Dean Wampler, Ph.D.
Author: Programming Scala, 2nd Edition
<http://shop.oreilly.com/product/0636920033073.do> (O'Reilly)
Typesafe <http://typesafe.com>
@deanwampler <http://twitter.com/deanwampler>
http://polyglotprogramming.com

On Tue, Apr 28, 2015 at 8:30 PM, Lin Hao Xu <xulinhao@cn.ibm.com> wrote:
",0,2015-04-28,spark,user@spark.apache.org,"
 <CAKW0i0yqbiNHjziXhqfZkX-JGKNiw0E-F9CbKNsBf=D31W=HFA@mail.gmail.com>",Dean Wampler <deanwampler@gmail.com>,2026-09-30T21:27:58.967530
APACHE_LISTS_REMINING,Apache Lists,JNA,Re: A problem of using spark streaming to capture network packets,"https://lists.apache.org/thread/
 <OFB09A3D31.2BC808DB-ON48257E36.00096A2E-48257E36.000991C8@cn.ibm.com>","Actually, to simplify this problem, we run our program on a single machine
with 4 slave workers. Since on a single machine, I think all slave workers
are ran with root privilege.

BTW, if we have a cluster, how to make sure slaves on remote machines run
program as root?

Best regards,

Lin Hao XU
IBM Research China
Email: xulinhao@cn.ibm.com
My Flickr: http://www.flickr.com/photos/xuli",0,2015-04-29,spark,user@spark.apache.org,"
 <OFB09A3D31.2BC808DB-ON48257E36.00096A2E-48257E36.000991C8@cn.ibm.com>",Lin Hao Xu <xulinhao@cn.ibm.com>,2026-09-30T21:27:58.967532
APACHE_LISTS_REMINING,Apache Lists,JNA,Re: A problem of using spark streaming to capture network packets,"https://lists.apache.org/thread/
 <OFC722EB72.B6FA7A4D-ON48257E36.000AC644-48257E36.000AD46C@cn.ibm.com>","btw, from spark web ui, the acl is marked with root

Best regards,

Lin Hao XU
IBM Research China
Email: xulinhao@cn.ibm.com
My Flickr: http://www.flickr.com/photos/xulinhao/sets



From:	Dean Wampler <deanwampler@gmail.com>
To:	Lin Hao Xu/China/IBM@IBMCN
Cc:	Hai Shan Wu/China/IBM@IBMCN, user <user@spark.apache.org>
Date:	2015/04/29 09:40
Subject:	Re: A problem of using spark stream",0,2015-04-29,spark,user@spark.apache.org,"
 <OFC722EB72.B6FA7A4D-ON48257E36.000AC644-48257E36.000AD46C@cn.ibm.com>",Lin Hao Xu <xulinhao@cn.ibm.com>,2026-09-30T21:27:58.967535
APACHE_LISTS_REMINING,Apache Lists,JNA,Re: A problem of using spark streaming to capture network packets,"https://lists.apache.org/thread/
 <CAKW0i0xW562y6RQYi2PTwfv8PQ88fPJmvcMZb7s2Ns6pBk0JFQ@mail.gmail.com>","I would use the ""ps"" command on each machine while the job is running to
confirm that every process involved is running as root.

Dean Wampler, Ph.D.
Author: Programming Scala, 2nd Edition
<http://shop.oreilly.com/product/0636920033073.do> (O'Reilly)
Typesafe <http://typesafe.com>
@deanwampler <http://twitter.com/deanwampler>
http://polyglotprogramming.com

On Tue, Apr 28, 2015 at 8:58 PM, Lin Hao",0,2015-04-29,spark,user@spark.apache.org,"
 <CAKW0i0xW562y6RQYi2PTwfv8PQ88fPJmvcMZb7s2Ns6pBk0JFQ@mail.gmail.com>",Dean Wampler <deanwampler@gmail.com>,2026-09-30T21:27:58.967540
APACHE_LISTS_REMINING,Apache Lists,compilation errors,Can't build Spark 1.3,https://lists.apache.org/thread/<D1936B88.2485%alexey.yakubovich@searshc.com>,"\
I downloaded the latest Spark (1.3.) from github. Then I tried to build it.
First for scala 2.10 (and hadoop 2.4):

build/mvn -Pyarn -Phadoop-2.4 -Dhadoop.version=2.4.0 -DskipTests clean package

That resulted in hangup after printing bunch of line like

[INFO] Dependency-reduced POM written at ……
INFO] Dependency-reduced -
Then I tried for scala 2.11

mvn -Pyarn -Phadoop-2.4 -Dscala-2.11 -Dskip",0,2015-06-02,spark,user@spark.apache.org,<D1936B88.2485%alexey.yakubovich@searshc.com>,"""Yakubovich, Alexey"" <Alexey.Yakubovich@searshc.com>",2026-09-30T21:28:59.779157
APACHE_LISTS_REMINING,Apache Lists,UnsatisfiedLinkError,Spark 1.4 HiveContext fails to initialise with native libs,"https://lists.apache.org/thread/
 <CABYfKVu6GDo__1OXoLFubENShPrt7DSnr0A27K7=VMjUchjZ=w@mail.gmail.com>","Hi all,

Trying out Spark 1.4 RC4 on MapR4/Hadoop 2.5.1 running in yarn-client mode with
Hive support.

*Build command;*
./make-distribution.sh --name mapr4.0.2_yarn_j6_2.10 --tgz -Pyarn -Pmapr4
-Phadoop-2.4 -Pmapr4 -Phive -Phadoop-provided
-Dhadoop.version=2.5.1-mapr-1501 -Dyarn.version=2.5.1-mapr-1501 -DskipTests
-e -X


When trying to run a hive query in the spark shell *sqlContext.sql(""show
ta",0,2015-06-04,spark,user@spark.apache.org,"
 <CABYfKVu6GDo__1OXoLFubENShPrt7DSnr0A27K7=VMjUchjZ=w@mail.gmail.com>",Night Wolf <nightwolfzor@gmail.com>,2026-09-30T21:28:59.779403
APACHE_LISTS_REMINING,Apache Lists,UnsatisfiedLinkError,Re: Spark 1.4 HiveContext fails to initialise with native libs,"https://lists.apache.org/thread/
 <CAHP0waKmCnj3XLsRDVL58Zmw9qd0WuYnMKVQs1-7MJ8m6r6_YA@mail.gmail.com>","Can you put the following setting in spark-defaults.conf and try again?

spark.sql.hive.metastore.sharedPrefixes
com.mysql.jdbc,org.postgresql,com.microsoft.sqlserver,oracle.jdbc,com.mapr.fs.shim.LibraryLoader,com.mapr.security.JNISecurity,com.mapr.fs.jni

https://issues.apache.org/jira/browse/SPARK-7819 has more context about it.

On Wed, Jun 3, 2015 at 9:38 PM, Night Wolf <nightwolfzor@gmail.com",0,2015-06-03,spark,user@spark.apache.org,"
 <CAHP0waKmCnj3XLsRDVL58Zmw9qd0WuYnMKVQs1-7MJ8m6r6_YA@mail.gmail.com>",Yin Huai <yhuai@databricks.com>,2026-09-30T21:28:59.779415
APACHE_LISTS_REMINING,Apache Lists,UnsatisfiedLinkError,Re: Spark 1.4 HiveContext fails to initialise with native libs,"https://lists.apache.org/thread/
 <CABYfKVsB9d-u=epBURET3e_HkpLs_Wh_j2ER_CDrkTXEiuB=Bw@mail.gmail.com>","Thanks Yin, that seems to work with the Shell. But on a compiled
application with Spark-submit it still fails with the same exception.

On Thu, Jun 4, 2015 at 2:46 PM, Yin Huai <yhuai@databricks.com> wrote:

> Can you put the following setting in spark-defaults.conf and try again?
>
> spark.sql.hive.metastore.sharedPrefixes
> com.mysql.jdbc,org.postgresql,com.microsoft.sqlserver,oracle.jdbc,com.ma",0,2015-06-04,spark,user@spark.apache.org,"
 <CABYfKVsB9d-u=epBURET3e_HkpLs_Wh_j2ER_CDrkTXEiuB=Bw@mail.gmail.com>",Night Wolf <nightwolfzor@gmail.com>,2026-09-30T21:28:59.779421
APACHE_LISTS_REMINING,Apache Lists,UnsatisfiedLinkError,Re: Spark 1.4 HiveContext fails to initialise with native libs,"https://lists.apache.org/thread/
 <CAHP0waJUiyk-pS=O0Uytsj8WGKkvfWuo=nXfc_GrXSn3aiT5ag@mail.gmail.com>","Are you using RC4?

On Wed, Jun 3, 2015 at 10:58 PM, Night Wolf <nightwolfzor@gmail.com> wrote:

> Thanks Yin, that seems to work with the Shell. But on a compiled
> application with Spark-submit it still fails with the same exception.
>
> On Thu, Jun 4, 2015 at 2:46 PM, Yin Huai <yhuai@databricks.com> wrote:
>
>> Can you put the following setting in spark-defaults.conf and try again?
>>
>> spark.",0,2015-06-04,spark,user@spark.apache.org,"
 <CAHP0waJUiyk-pS=O0Uytsj8WGKkvfWuo=nXfc_GrXSn3aiT5ag@mail.gmail.com>",Yin Huai <yhuai@databricks.com>,2026-09-30T21:28:59.779428
APACHE_LISTS_REMINING,Apache Lists,UnsatisfiedLinkError,"Apache Phoenix (4.3.1 and 4.4.0-HBase-0.98) on Spark 1.3.1
 ClassNotFoundException",https://lists.apache.org/thread/<2090914.9SjQqMW3Ph@madara>,"Hi,

I posted a question with regards to Phoenix and Spark Streaming on 
StackOverflow [1]. Please find a copy of the question to this email below the 
first stack trace. I also already contacted the Phoenix mailing list and tried 
the suggestion of setting spark.driver.userClassPathFirst. Unfortunately that 
only pushed me further into the dependency hell, which I tried to resolve 
until I hit a ",0,2015-06-09,spark,user@spark.apache.org,<2090914.9SjQqMW3Ph@madara>,Jeroen Vlek <j.vlek@anchormen.nl>,2026-09-30T21:28:59.779435
APACHE_LISTS_REMINING,Apache Lists,UnsatisfiedLinkError,"Re: Apache Phoenix (4.3.1 and 4.4.0-HBase-0.98) on Spark 1.3.1
 ClassNotFoundException","https://lists.apache.org/thread/
 <CAJ6CGtCRmbh58JHS=zjJ0AsC+3WtPrHCDFpCCC5UEFnVK00XPQ@mail.gmail.com>","This may or may not be helpful for your classpath issues, but I wanted to
verify that basic functionality worked, so I made a sample app here:

https://github.com/jmahonin/spark-streaming-phoenix

This consumes events off a Kafka topic using spark streaming, and writes
out event counts to Phoenix using the new phoenix-spark functionality:
http://phoenix.apache.org/phoenix_spark.html

It's definite",0,2015-06-09,spark,user@spark.apache.org,"
 <CAJ6CGtCRmbh58JHS=zjJ0AsC+3WtPrHCDFpCCC5UEFnVK00XPQ@mail.gmail.com>",Josh Mahonin <jmahonin@interset.com>,2026-09-30T21:28:59.779443
APACHE_LISTS_REMINING,Apache Lists,JNA,Re: How to use Apache spark mllib Model output in C++ component,"https://lists.apache.org/thread/
 <CAHUQ+_ZZFTS6S-4intLrQpL_GyYesNhp9oHkGOV2jts-NcQ1og@mail.gmail.com>","Hope Swig <http://www.swig.org/index.php> and JNA
<https://github.com/twall/jna/> might help for accessing c++ libraries from
Java.

Thanks
Best Regards

On Wed, Jun 10, 2015 at 11:50 AM, mahesht <mahesh.s.tuppad@gmail.com> wrote:

>
> There is C++ component which uses some model which we want to replace it by
> spark model output, but there is no C++ API support for reading model, what
> is the b",0,2015-06-10,spark,user@spark.apache.org,"
 <CAHUQ+_ZZFTS6S-4intLrQpL_GyYesNhp9oHkGOV2jts-NcQ1og@mail.gmail.com>",Akhil Das <akhil@sigmoidanalytics.com>,2026-09-30T21:28:59.779450
APACHE_LISTS_REMINING,Apache Lists,UnsatisfiedLinkError,"Re: Apache Phoenix (4.3.1 and 4.4.0-HBase-0.98) on Spark 1.3.1
 ClassNotFoundException",https://lists.apache.org/thread/<4283517.aIIYEBNpoN@madara>,"Hi Josh,

Thank you for your effort. Looking at your code, I feel that mine is 
semantically the same, except written in Java. The dependencies in the pom.xml 
all have the scope provided. The job is submitted as follows:

$ rm spark.log && MASTER=spark://maprdemo:7077 
/opt/mapr/spark/spark-1.3.1/bin/spark-submit-jars 
/home/mapr/projects/customer/lib/spark-streaming-
kafka_2.10-1.3.1.jar,/home/m",0,2015-06-10,spark,user@spark.apache.org,<4283517.aIIYEBNpoN@madara>,Jeroen Vlek <j.vlek@anchormen.nl>,2026-09-30T21:28:59.779458
APACHE_LISTS_REMINING,Apache Lists,UnsatisfiedLinkError,"Re: Apache Phoenix (4.3.1 and 4.4.0-HBase-0.98) on Spark 1.3.1
 ClassNotFoundException","https://lists.apache.org/thread/
 <CAJ6CGtBodLSGP_YWnu8amaHUkTQJ6SisefNi8aGYSbNeWG+kMA@mail.gmail.com>","Hi Jeroen,

Rather than bundle the Phoenix client JAR with your app, are you able to
include it in a static location either in the SPARK_CLASSPATH, or set the
conf values below (I use SPARK_CLASSPATH myself, though it's deprecated):

  spark.driver.extraClassPath
  spark.executor.extraClassPath

Josh

On Wed, Jun 10, 2015 at 4:11 AM, Jeroen Vlek <j.vlek@anchormen.nl> wrote:

> Hi Josh,
>
> Thank y",0,2015-06-10,spark,user@spark.apache.org,"
 <CAJ6CGtBodLSGP_YWnu8amaHUkTQJ6SisefNi8aGYSbNeWG+kMA@mail.gmail.com>",Josh Mahonin <jmahonin@interset.com>,2026-09-30T21:28:59.779465
APACHE_LISTS_REMINING,Apache Lists,UnsatisfiedLinkError,"Re: Apache Phoenix (4.3.1 and 4.4.0-HBase-0.98) on Spark 1.3.1
 ClassNotFoundException",https://lists.apache.org/thread/<1973232.f8K4etHuhh@madara>,"Hi Josh,

That worked! Thank you so much! (I can't believe it was something so obvious 
;) )

If you care about such a thing you could answer my question here for bounty: 
http://stackoverflow.com/questions/30639659/apache-phoenix-4-3-1-and-4-4-0-hbase-0-98-on-spark-1-3-1-classnotfoundexceptio

Have a great day!

Cheers,
Jeroen

On Wednesday 10 June 2015 08:58:02 Josh Mahonin wrote:
> Hi Jeroen,
>",0,2015-06-11,spark,user@spark.apache.org,<1973232.f8K4etHuhh@madara>,Jeroen Vlek <j.vlek@anchormen.nl>,2026-09-30T21:28:59.779481
APACHE_LISTS_REMINING,Apache Lists,UnsatisfiedLinkError,"Re: Apache Phoenix (4.3.1 and 4.4.0-HBase-0.98) on Spark 1.3.1
 ClassNotFoundException","https://lists.apache.org/thread/
 <CAJ6CGtCx5_7rPizcBCCtnL=DgLVYtBrJJ95LHs9w003cf850hQ@mail.gmail.com>","Hi Jeroen,

No problem. I think there's some magic involved with how the Spark
classloader(s) works, especially with regards to the HBase dependencies. I
know there's probably a more light-weight solution that doesn't require
customizing the Spark setup, but that's the most straight-forward way I've
found that works.

Looking again at the docs, I thought I had a PR that mentioned the
SPARK_CLASSPA",0,2015-06-11,spark,user@spark.apache.org,"
 <CAJ6CGtCx5_7rPizcBCCtnL=DgLVYtBrJJ95LHs9w003cf850hQ@mail.gmail.com>",Josh Mahonin <jmahonin@interset.com>,2026-09-30T21:28:59.779489
APACHE_LISTS_REMINING,Apache Lists,JNA,Re: How to use Apache spark mllib Model output in C++ component,"https://lists.apache.org/thread/
 <CAJgQjQ9zC9q8r--pfLPHBJhUJiuVUB6MsSYDU96u+9OYHBLjOw@mail.gmail.com>","In 1.3, we added some model save/load support in Parquet format. You
can use Parquet's C++ library (https://github.com/Parquet/parquet-cpp)
to load the data back. -Xiangrui

On Wed, Jun 10, 2015 at 12:15 AM, Akhil Das <akhil@sigmoidanalytics.com> wrote:
> Hope Swig and JNA might help for accessing c++ libraries from Java.
>
> Thanks
> Best Regards
>
> On Wed, Jun 10, 2015 at 11:50 AM, mahesht <mah",0,2015-06-17,spark,user@spark.apache.org,"
 <CAJgQjQ9zC9q8r--pfLPHBJhUJiuVUB6MsSYDU96u+9OYHBLjOw@mail.gmail.com>",Xiangrui Meng <mengxr@gmail.com>,2026-09-30T21:28:59.779496
APACHE_LISTS_REMINING,Apache Lists,UnsatisfiedLinkError,"[SPARK-SQL] libgplcompression.so already loaded in another
 classloader",https://lists.apache.org/thread/<tencent_3432675D56AE559F3CD5B9B3@qq.com>,"Hi, all
I found an Exception when using spark-sql 
java.lang.UnsatisfiedLinkError: Native Library /data/lib/native/libgplcompression.so already loaded in another classloader ...


I set  spark.sql.hive.metastore.jars=.....  in file spark-defaults.conf


It does not happen every time. Who knows why?


Spark version: 1.4.0
Hadoop version: 2.2.0",0,2015-07-07,spark,user@spark.apache.org,<tencent_3432675D56AE559F3CD5B9B3@qq.com>,""" Sea "" <261810726@qq.com>",2026-09-30T21:29:20.204179
APACHE_LISTS_REMINING,Apache Lists,UnsatisfiedLinkError,"Re: [SPARK-SQL] libgplcompression.so already loaded in another
 classloader","https://lists.apache.org/thread/
 <CAAswR-5X53eK0iD+q7DzPfsCPcjFa8u=BO7VswDARKnFWu-TKA@mail.gmail.com>","Here's a related JIRA: https://issues.apache.org/jira/browse/SPARK-7819
<https://issues.apache.org/jira/browse/SPARK-7819>

Typically you can work around this by making sure that the classes are
shared across the isolation boundary, as discussed in the comments.

On Tue, Jul 7, 2015 at 3:29 AM, Sea <261810726@qq.com> wrote:

> Hi, all
> I found an Exception when using spark-sql
> java.lang.Unsatis",0,2015-07-08,spark,user@spark.apache.org,"
 <CAAswR-5X53eK0iD+q7DzPfsCPcjFa8u=BO7VswDARKnFWu-TKA@mail.gmail.com>",Michael Armbrust <michael@databricks.com>,2026-09-30T21:29:20.204216
APACHE_LISTS_REMINING,Apache Lists,"UnsatisfiedLinkError, System.loadLibrary",java.lang.UnsatisfiedLinkError: no snappyjava in java.library.path,https://lists.apache.org/thread/<1437533510356-23945.post@n3.nabble.com>,"*java:*
java version ""1.7.0_60""
Java(TM) SE Runtime Environment (build 1.7.0_60-b19)
Java HotSpot(TM) 64-Bit Server VM (build 24.60-b09, mixed mode)

*scala*
Scala code runner version 2.10.5 -- Copyright 2002-2013, LAMP/EPFL

*hadoop cluster:*
with 51 Servers that hadoop-2.3-cdh-5.1.0 version ,and also setup Snappy ,
ls /home/cluster/apps/hadoop/lib/native/libsnappy*
/home/cluster/apps/hadoop/lib/",0,2015-07-21,spark,user@spark.apache.org,<1437533510356-23945.post@n3.nabble.com>,stark_summer <stark_summer@qq.com>,2026-09-30T21:29:20.204225
APACHE_LISTS_REMINING,Apache Lists,JNA,Re: Out of memory with twitter spark streaming,"https://lists.apache.org/thread/
 <CAHUQ+_b_h=-+3Sw8J7B_1M5nuE48U5aETHEUp9Yb4hx3gH=SDw@mail.gmail.com>","I'm not sure what you are upto, but if you can explain what you are trying
to achieve then may be we can restructure your code. On a quick glance i
could see :

 tweetsRDD*.collect()*.map(tweet=>
DBQuery.saveTweets(tweet))


Which will bring the whole data into your driver machine and it would
possibly run out of memory, You can avoid that.

Thanks
Best Regards

On Fri, Aug 7, 2015 at 11:23 AM, Pa",0,2015-08-09,spark,user@spark.apache.org,"
 <CAHUQ+_b_h=-+3Sw8J7B_1M5nuE48U5aETHEUp9Yb4hx3gH=SDw@mail.gmail.com>",Akhil Das <akhil@sigmoidanalytics.com>,2026-09-30T21:29:43.804537
APACHE_LISTS_REMINING,Apache Lists,JNA,Re: Spark Streaming Restart at scheduled intervals,"https://lists.apache.org/thread/
 <CAKW0i0zKAcQpWrD-HmkmtFBsSfUE6TtJxScOUR+RR2OP+gtQEA@mail.gmail.com>","org.apache.spark.streaming.twitter.TwitterInputDStream is a small class.
You could write your own that lets you change the filters at run time. Then
provide a mechanism in your app, like periodic polling of a database table
or file for the list of filters.

Dean Wampler, Ph.D.
Author: Programming Scala, 2nd Edition
<http://shop.oreilly.com/product/0636920033073.do> (O'Reilly)
Typesafe <http://type",0,2015-08-10,spark,user@spark.apache.org,"
 <CAKW0i0zKAcQpWrD-HmkmtFBsSfUE6TtJxScOUR+RR2OP+gtQEA@mail.gmail.com>",Dean Wampler <deanwampler@gmail.com>,2026-09-30T21:29:43.804563
APACHE_LISTS_REMINING,Apache Lists,JNA,Re: Question regarding join with multiple columns with pyspark,"https://lists.apache.org/thread/
 <CAFGBmWWu5FRPpqw==n6ExK1Nm7OEXDLYb-V6XYGusKyS1zvveA@mail.gmail.com>","The DataFrame issue has been fixed in Spark 1.5.  Refer to SPARK-7990
<https://issues.apache.org/jira/browse/SPARK-7990> and Stackoverflow: Spark
specify multiple column conditions for dataframe join
<http://stackoverflow.com/a/31889190/1344789>.

On Tue, Apr 28, 2015 at 12:55 PM, Ali Bajwa <ali.bajwa@gmail.com> wrote:

> Thanks again Ayan! To close the loop on this issue, I have filed the below
>",0,2015-08-13,spark,user@spark.apache.org,"
 <CAFGBmWWu5FRPpqw==n6ExK1Nm7OEXDLYb-V6XYGusKyS1zvveA@mail.gmail.com>",Dan LaBar <danielrlabar@gmail.com>,2026-09-30T21:29:43.804568
APACHE_LISTS_REMINING,Apache Lists,javah,Re:Re: What does Attribute and AttributeReference mean in Spark SQL,https://lists.apache.org/thread/<1f46b910.b7a0.14f640bbafc.Coremail.bit1129@163.com>,"
Thank you Michael for the detail explanation, it makes clear to me. Thanks!





At 2015-08-25 15:37:54, ""Michael Armbrust"" <michael@databricks.com> wrote:

Attribute is the Catalyst name for an input column from a child operator.  An AttributeReference has been resolved, meaning we know which input column in particular it is referring too.  An AttributeReference also has a known DataType.  In co",0,2015-08-25,spark,user@spark.apache.org,<1f46b910.b7a0.14f640bbafc.Coremail.bit1129@163.com>,Todd  <bit1129@163.com>,2026-09-30T21:29:43.804573
APACHE_LISTS_REMINING,Apache Lists,compilation errors,Scala: Overload method by its class type,"https://lists.apache.org/thread/
 <FF25CAA07602924FA1D3D78C549C3A0D71C789@MSGEXOXM1115.ent.wfb.bank.corp>","Hi all,

I have SomeClass[TYPE] { def some_method(args: fixed_type_args): TYPE }

And on runtime, I create instances of this class with different AnyVal + String types, but the return type of some_method varies.

I know I could do this with an implicit object, IF some_method received a type, but in this case, I need to have the TYPE defined on its class instance, so for example:

val int_instance ",0,2015-08-25,spark,user@spark.apache.org,"
 <FF25CAA07602924FA1D3D78C549C3A0D71C789@MSGEXOXM1115.ent.wfb.bank.corp>",<Saif.A.Ellafi@wellsfargo.com>,2026-09-30T21:29:43.804577
APACHE_LISTS_REMINING,Apache Lists,compilation errors,Re: Scala: Overload method by its class type,"https://lists.apache.org/thread/
 <CAHUQ+_Z8TXx=qHj8wuhpQN7yauiEauw6z2JvaNtvCx0j_cWFvw@mail.gmail.com>","This is more of a scala related question, have a look at the case classes
in scala http://www.scala-lang.org/old/node/107

Thanks
Best Regards

On Tue, Aug 25, 2015 at 6:55 PM, <Saif.A.Ellafi@wellsfargo.com> wrote:

> Hi all,
>
> I have SomeClass[TYPE] { def some_method(args: fixed_type_args): TYPE }
>
> And on runtime, I create instances of this class with different AnyVal +
> String types, but t",0,2015-08-30,spark,user@spark.apache.org,"
 <CAHUQ+_Z8TXx=qHj8wuhpQN7yauiEauw6z2JvaNtvCx0j_cWFvw@mail.gmail.com>",Akhil Das <akhil@sigmoidanalytics.com>,2026-09-30T21:29:43.804581
APACHE_LISTS_REMINING,Apache Lists,compilation errors,Re: Scala: Overload method by its class type,"https://lists.apache.org/thread/
 <CAKne9Z7sgZsR0ce6M7ObMFZH4mMD5gX386TydcCPmKzg6_ZaaA@mail.gmail.com>","What error are you seeing? Becasue while it's not the most idiomatic scala,
it should work. Can you give an example of an actual usage with the
compiler error?

2015-08-25 9:25 GMT-04:00 <Saif.A.Ellafi@wellsfargo.com>:

> Hi all,
>
> I have SomeClass[TYPE] { def some_method(args: fixed_type_args): TYPE }
>
> And on runtime, I create instances of this class with different AnyVal +
> String types, b",0,2015-08-30,spark,user@spark.apache.org,"
 <CAKne9Z7sgZsR0ce6M7ObMFZH4mMD5gX386TydcCPmKzg6_ZaaA@mail.gmail.com>",Jonathan Coveney <jcoveney@gmail.com>,2026-09-30T21:29:43.804585
APACHE_LISTS_REMINING,Apache Lists,JNI error,start master failed with error,"https://lists.apache.org/thread/
 <DM2PR0401MB091204512BB5646A2563E0BADA6B0@DM2PR0401MB0912.namprd04.prod.outlook.com>","Hi All,
                Error when issued start-master.sh as following.  Even I have my CLASSPATH=/u01/app/jdk1.8.0_60/lib:/u01/app/apache-hive-1.2.1-bin/lib:/u01/app/slf4j-1.7.12 set in environment profile.  Can anyone help?  Thank you very much.

Garry

Spark Command: /u01/app/jdk1.8.0_60/bin/java -cp /u01/app/spark-1.4.1-bin-without-hadoop/sbin/../conf/:/u01/app/spark-1.4.1-bin-without-hadoop/l",0,2015-08-31,spark,user@spark.apache.org,"
 <DM2PR0401MB091204512BB5646A2563E0BADA6B0@DM2PR0401MB0912.namprd04.prod.outlook.com>",Garry Chen <gc92@cornell.edu>,2026-09-30T21:29:43.804589
APACHE_LISTS_REMINING,Apache Lists,JNI error,Re: start master failed with error,"https://lists.apache.org/thread/
 <CAHUQ+_bviqs7F0EyBKHDaqUnT_Gm_HzXeZx8+r=fCB1=VuDOQg@mail.gmail.com>","slf4j classes would already be present in your spark-assembly jar (do a *jar
tf /u01/app/spark-1.4.1-bin-without-hadoop/lib/spark-assembly-1.4.1-hadoop2.2.0.jar
| grep ""org/slf4j/Logger""*)

[image: Inline image 1]

Thanks
Best Regards

On Mon, Aug 31, 2015 at 9:32 PM, Garry Chen <gc92@cornell.edu> wrote:

> Hi All,
>
>                 Error when issued start-master.sh as following.  Even I
> have ",0,2015-09-01,spark,user@spark.apache.org,"
 <CAHUQ+_bviqs7F0EyBKHDaqUnT_Gm_HzXeZx8+r=fCB1=VuDOQg@mail.gmail.com>",Akhil Das <akhil@sigmoidanalytics.com>,2026-09-30T21:29:43.804593
APACHE_LISTS_REMINING,Apache Lists,UnsatisfiedLinkError,Error using spark.driver.userClassPathFirst=true,https://lists.apache.org/thread/<1441106938888-24536.post@n3.nabble.com>,"Hi,

When I am submitting a spark job in the mode ""yarn-cluster"" with the
parameter ""spark.driver.userClassPathFirst"", my job fails; but if I don't
use this params, my job is concluded with success.. My environment is some
nodes with CDH5.4 and Spark 1.3.0.

Spark submit with fail:
spark-submit --class Main --master yarn-cluster --conf
spark.driver.userClassPathFirst=true --conf
spark.executor.use",0,2015-09-01,spark,user@spark.apache.org,<1441106938888-24536.post@n3.nabble.com>,cgalan <cgalangaliano@gmail.com>,2026-09-30T21:30:00.879029
APACHE_LISTS_REMINING,Apache Lists,UnsatisfiedLinkError,Re: Error using spark.driver.userClassPathFirst=true,"https://lists.apache.org/thread/
 <CAHUQ+_b2b74Bq4W6XAGorar8YtV-K5iszQZtXq_ME4tM=yf9cw@mail.gmail.com>","Its messing up your classpath, there was a discussion happened here
previously
https://community.cloudera.com/t5/Advanced-Analytics-Apache-Spark/spark-on-yarn-java-lang-UnsatisfiedLinkError-NativeCodeLoader/td-p/22724

Thanks
Best Regards

On Tue, Sep 1, 2015 at 4:58 PM, cgalan <cgalangaliano@gmail.com> wrote:

> Hi,
>
> When I am submitting a spark job in the mode ""yarn-cluster"" with the
> parame",0,2015-09-03,spark,user@spark.apache.org,"
 <CAHUQ+_b2b74Bq4W6XAGorar8YtV-K5iszQZtXq_ME4tM=yf9cw@mail.gmail.com>",Akhil Das <akhil@sigmoidanalytics.com>,2026-09-30T21:30:00.879053
APACHE_LISTS_REMINING,Apache Lists,UnsatisfiedLinkError,"Help! Problem of UnsatisfiedLinkError with Spark JDBC JNI dynamic
 library",https://lists.apache.org/thread/<276004286.1779272.1441405943227.JavaMail.yahoo@mail.yahoo.com>,"
Could anyone help me with Spark scala using JDBC to get data? The JDBC is based on our home-brewn C++ JNIlibrary.  I use sbt to compile and package the app into a jar and use spark-submit to submit the jar to standalone Spark.The problem is that it finally gives ""Exception in thread ""main"" java.lang.UnsatisfiedLinkError: "". Lots of googling and reading butstill I  haven't figured out a solution. ",0,2015-09-04,spark,user@spark.apache.org,<276004286.1779272.1441405943227.JavaMail.yahoo@mail.yahoo.com>,Jonathan Yue <jyue123@yahoo.com.INVALID>,2026-09-30T21:30:00.879058
APACHE_LISTS_REMINING,Apache Lists,UnsatisfiedLinkError,buildSupportsSnappy exception when reading the snappy file in Spark,"https://lists.apache.org/thread/
 <CAFcYrQuC=+MniW57rqa6LCa_B7MKRupWD9_nyz3jt9jEqOgSnA@mail.gmail.com>","hi all,

I met problem that can't read the file with snappy encoding from HDFS in
Spark1.4.1,

I have configured the SPARK_LIBRARY_PATH property in conf/spark-env.sh to
the native path of Hadoop and restarted the spark cluster

SPARK_LIBRARY_PATH=$SPARK_LIBRARY_PATH:/opt/app/install/cloudera/parcels/CDH-5.4.0-1.cdh5.4.0.p0.27/lib/hadoop/lib/native


the partial exception:

Caused by: org.apache.ha",0,2015-09-07,spark,user@spark.apache.org,"
 <CAFcYrQuC=+MniW57rqa6LCa_B7MKRupWD9_nyz3jt9jEqOgSnA@mail.gmail.com>","""dong.yajun"" <dongtalk@gmail.com>",2026-09-30T21:30:00.879062
APACHE_LISTS_REMINING,Apache Lists,UnsatisfiedLinkError,"Re: buildSupportsSnappy exception when reading the snappy file in
 Spark","https://lists.apache.org/thread/
 <CAHUQ+_bF2WmmNBYZBzHT=cxbrCeCsWswOVf2E=fZww3s+WCG5A@mail.gmail.com>","Looks like you are having different versions of snappy library. Here's a
similar discussion if you haven't seen it already
http://stackoverflow.com/questions/22150417/hadoop-mapreduce-java-lang-unsatisfiedlinkerror-org-apache-hadoop-util-nativec

Thanks
Best Regards

On Mon, Sep 7, 2015 at 7:41 AM, dong.yajun <dongtalk@gmail.com> wrote:

> hi all,
>
> I met problem that can't read the file with sn",0,2015-09-08,spark,user@spark.apache.org,"
 <CAHUQ+_bF2WmmNBYZBzHT=cxbrCeCsWswOVf2E=fZww3s+WCG5A@mail.gmail.com>",Akhil Das <akhil@sigmoidanalytics.com>,2026-09-30T21:30:00.879066
APACHE_LISTS_REMINING,Apache Lists,UnsatisfiedLinkError,"Re: buildSupportsSnappy exception when reading the snappy file in
 Spark","https://lists.apache.org/thread/
 <CAFcYrQvqf4dfEhjAsjDPXY68Es-3wcrm8LTT--d5i5mJXjyjLQ@mail.gmail.com>","hi Akhil,

I just use property key LD_LIBRARY_PATH in conf/spark-env.xml instead of
SPARK_LIBRARY_PATH which points to the path of native, it works.

thanks.

On Tue, Sep 8, 2015 at 6:14 PM, Akhil Das <akhil@sigmoidanalytics.com>
wrote:

> Looks like you are having different versions of snappy library. Here's a
> similar discussion if you haven't seen it already
> http://stackoverflow.com/question",0,2015-09-08,spark,user@spark.apache.org,"
 <CAFcYrQvqf4dfEhjAsjDPXY68Es-3wcrm8LTT--d5i5mJXjyjLQ@mail.gmail.com>","""dong.yajun"" <dongtalk@gmail.com>",2026-09-30T21:30:00.879069
APACHE_LISTS_REMINING,Apache Lists,"JNI error, JNI issue",JNI issues with mesos,https://lists.apache.org/thread/<55F04939.4050501@opensignal.com>,"I'm trying to run spark (1.4.1) on top of mesos (0.23).  I've followed 
the instructions (uploaded spark tarball to HDFS, set executor uri in 
both places etc) and yet on the slaves it's failing to lauch even the 
SparkPi example with a JNI error.  It does run with a local master.  A 
day of debugging later and it's time to ask for help!

  bin/spark-submit --master mesos://10.1.201.191:5050 --cla",0,2015-09-09,spark,user@spark.apache.org,<55F04939.4050501@opensignal.com>,Adrian Bridgett <adrian@opensignal.com>,2026-09-30T21:30:00.879073
APACHE_LISTS_REMINING,Apache Lists,"JNI error, JNI issue",Re: JNI issues with mesos,https://lists.apache.org/thread/<55F04DC3.60803@opensignal.com>,"5mins later...

Trying 1.5 with a fairly plain build:
./make-distribution.sh --tgz --name os1 -Phadoop-2.6

and on my first attempt stderr showed:
I0909 15:16:49.392144  1619 fetcher.cpp:441] Fetched 
'hdfs:///apps/spark/spark15.tgz' to 
'/tmp/mesos/slaves/20150826-133446-3217621258-5050-4064-S1/frameworks/20150826-133446-3217621258-5050-4064-211204/executors/20150826-133446-3217621258-5050-4064-S",0,2015-09-09,spark,user@spark.apache.org,<55F04DC3.60803@opensignal.com>,Adrian Bridgett <adrian@opensignal.com>,2026-09-30T21:30:00.879077
APACHE_LISTS_REMINING,Apache Lists,"JNI error, JNI issue",Re: JNI issues with mesos,"https://lists.apache.org/thread/
 <CAC2U_PfFhGL0Ci6vUuGLVQ3pCjYoWX4ijGTZ_Uc5vAS44EscNA@mail.gmail.com>","Hi Adrian,

Spark is expecting a specific naming of the tgz and also the folder name
inside, as this is generated by running make-distribution.sh --tgz in the
Spark source folder.

If you use a Spark 1.4 tgz generated with that script with the same name
and upload to HDFS again, fix the URI then it should work.

Tim

On Wed, Sep 9, 2015 at 8:18 AM, Adrian Bridgett <adrian@opensignal.com>
wrote:

>",0,2015-09-09,spark,user@spark.apache.org,"
 <CAC2U_PfFhGL0Ci6vUuGLVQ3pCjYoWX4ijGTZ_Uc5vAS44EscNA@mail.gmail.com>",Tim Chen <tim@mesosphere.io>,2026-09-30T21:30:00.879081
APACHE_LISTS_REMINING,Apache Lists,"JNI error, JNI issue",Re: JNI issues with mesos,https://lists.apache.org/thread/<55F07B72.6070002@opensignal.com>,"Thanks Tim,

There's a little more to it in fact - if I use the 
pre-built-with-hadoop-2.6 binaries, all is good (with correctly named 
tarballs in hdfs).   Using the pre-built with user-provided hadoop 
(including setting SPARK_DIST_CLASSPATH in setup-env.sh) then I get the 
JNI exception.

Aha - I've found the minimal set of changes that fixes it.  I can use 
the user-provided hadoop tarballs, b",0,2015-09-09,spark,user@spark.apache.org,<55F07B72.6070002@opensignal.com>,Adrian Bridgett <adrian@opensignal.com>,2026-09-30T21:30:00.879084
APACHE_LISTS_REMINING,Apache Lists,JNA,Re: Streaming Performance w/ UpdateStateByKey,"https://lists.apache.org/thread/
 <CA+AHuKkNnYAWhTfRKVaHkLzsr0o3zOOR+VvXB6CBytm_hzS3Jw@mail.gmail.com>","You could call DStream.persist(StorageLevel.MEMORY_ONLY) on the
stateDStream returned by updateStateByKey to achieve the same. As you have
seen, the downside is greater memory usage, and also higher GC overheads
(that;s the main one usually). So I suggest you run your benchmarks for a
long enough time to see what is the GC overheads. If it turns out that some
batches are randomly taking longer bec",0,2015-10-05,spark,user@spark.apache.org,"
 <CA+AHuKkNnYAWhTfRKVaHkLzsr0o3zOOR+VvXB6CBytm_hzS3Jw@mail.gmail.com>",Tathagata Das <tdas@databricks.com>,2026-09-30T21:30:18.385701
APACHE_LISTS_REMINING,Apache Lists,JNA,Re: API to run spark Jobs,https://lists.apache.org/thread/<1CC8E14B-1F7D-404F-9A5F-AEFE056729ED@icloud.com>,"hi Jeff 
Thanks
More specifically i need the Rest api to submit pyspark job, can you point me to Spark submit  REST api

> On Oct 6, 2015, at 10:25 PM, Jeff Nadler <jnadler@srcginc.com> wrote:
> 
> 
> Spark standalone doesn't come with a UI for submitting jobs.   Some Hadoop distros might, for example EMR in AWS has a job submit UI.
> 
> Spark submit just calls a REST api, you could build any UI y",0,2015-10-06,spark,user@spark.apache.org,<1CC8E14B-1F7D-404F-9A5F-AEFE056729ED@icloud.com>,shahid qadri <shahidashraff@icloud.com>,2026-09-30T21:30:18.385733
APACHE_LISTS_REMINING,Apache Lists,JNA,Re: API to run spark Jobs,"https://lists.apache.org/thread/
 <CALte62z_kvWZ92wyjPSgbgFK3O-e2k_4gOsb8pwLxtZr2Pb4OQ@mail.gmail.com>","Please take a look at:
org.apache.spark.deploy.rest.RestSubmissionClient

which is used
by core/src/main/scala/org/apache/spark/deploy/SparkSubmit.scala

FYI

On Tue, Oct 6, 2015 at 10:08 AM, shahid qadri <shahidashraff@icloud.com>
wrote:

> hi Jeff
> Thanks
> More specifically i need the Rest api to submit pyspark job, can you point
> me to Spark submit  REST api
>
> On Oct 6, 2015, at 10:25 PM, ",0,2015-10-06,spark,user@spark.apache.org,"
 <CALte62z_kvWZ92wyjPSgbgFK3O-e2k_4gOsb8pwLxtZr2Pb4OQ@mail.gmail.com>",Ted Yu <yuzhihong@gmail.com>,2026-09-30T21:30:18.385738
APACHE_LISTS_REMINING,Apache Lists,JNA,Re: API to run spark Jobs,"https://lists.apache.org/thread/
 <CAGUewzgY5HD1R8wOkvCcrYRY6KTD1oJxrTT76u+C+sjrFwuA0A@mail.gmail.com>","Yeah I was going to suggest looking at the code too.   It's a shame there
isn't a page in the docs that covers the port 6066 rest api.

On Tue, Oct 6, 2015 at 10:16 AM, Ted Yu <yuzhihong@gmail.com> wrote:

> Please take a look at:
> org.apache.spark.deploy.rest.RestSubmissionClient
>
> which is used
> by core/src/main/scala/org/apache/spark/deploy/SparkSubmit.scala
>
> FYI
>
> On Tue, Oct 6, 2015 ",0,2015-10-06,spark,user@spark.apache.org,"
 <CAGUewzgY5HD1R8wOkvCcrYRY6KTD1oJxrTT76u+C+sjrFwuA0A@mail.gmail.com>",Jeff Nadler <jnadler@srcginc.com>,2026-09-30T21:30:18.385742
APACHE_LISTS_REMINING,Apache Lists,JNA,Re: Streaming Performance w/ UpdateStateByKey,https://lists.apache.org/thread/<F8A07CD2-A0E6-4674-A278-B7AD6F6DA2B2@adobe.com>,"How are you determining how much time is serialization taking?

I made this change in a streaming app that relies heavily on updateStateByKey. The memory consumption went up 3x on the executors but I can't see any perf improvement. Task execution time is the same and the serialization state metric in the spark UI is 0-1ms in both scenarios.

Any idea where else to look or why am I not seeing any p",0,2015-10-10,spark,user@spark.apache.org,<F8A07CD2-A0E6-4674-A278-B7AD6F6DA2B2@adobe.com>,Adrian Tanase <atanase@adobe.com>,2026-09-30T21:30:18.385746
APACHE_LISTS_REMINING,Apache Lists,UnsatisfiedLinkError,Fwd: Problem about cannot open shared object file,"https://lists.apache.org/thread/
 <CAO0ZshKX9DEJ7wpRzX+NUVCYU-NadknWa-ahHVvDzSYHyUU8QA@mail.gmail.com>","Hello Everyone:
  I am new to Spark. Now I meet a problem which I cannot solve by using
Google.
  I have run the Pi example on Hadoop 2.6 successfully.
  After exploiting the spark platform and try to run Pi using spark
""./bin/spark-submit --class org.apache.spark.examples.SparkPi --master
yarn-cluster  --num-executors 2  lib/spark-examples*.jar 10"", some problems
occurred.

I listed the error log",0,2015-10-13,spark,user@spark.apache.org,"
 <CAO0ZshKX9DEJ7wpRzX+NUVCYU-NadknWa-ahHVvDzSYHyUU8QA@mail.gmail.com>",赵夏  <zhaoxiahust@gmail.com>,2026-09-30T21:30:18.385750
APACHE_LISTS_REMINING,Apache Lists,UnsatisfiedLinkError,Running in cluster mode causes native library linking to fail,"https://lists.apache.org/thread/
 <CA+CehZVK1j61GPutONibb4EWDe32x8jVxZM5sBpx=pQdWBrxYQ@mail.gmail.com>","Hello,

I am trying to run some scala code in cluster mode using spark-submit. This
code uses addLibrary to link with a .so that exists in the machine, and
this library has a function to be called natively (there's a native
definition as needed in the code).

The problem I'm facing is: whenever I try to run this code in cluster mode,
spark fails with the following message when trying to execute th",0,2015-10-14,spark,user@spark.apache.org,"
 <CA+CehZVK1j61GPutONibb4EWDe32x8jVxZM5sBpx=pQdWBrxYQ@mail.gmail.com>",Bernardo Vecchia Stein <bernardovstein@gmail.com>,2026-09-30T21:30:18.385755
APACHE_LISTS_REMINING,Apache Lists,UnsatisfiedLinkError,Re: Running in cluster mode causes native library linking to fail,"https://lists.apache.org/thread/
 <CADONuiSFDKJcWXaLK47HfBPeqHGtwbeFdadu9zWg+3yejTnvsA@mail.gmail.com>","Hi Bernardo

Is the native library installed on all machines of your cluster and are you
setting both the spark.driver.extraLibraryPath and
spark.executor.extraLibraryPath ?

Deenar



On 14 October 2015 at 05:44, Bernardo Vecchia Stein <
bernardovstein@gmail.com> wrote:

> Hello,
>
> I am trying to run some scala code in cluster mode using spark-submit.
> This code uses addLibrary to link with a ",0,2015-10-14,spark,user@spark.apache.org,"
 <CADONuiSFDKJcWXaLK47HfBPeqHGtwbeFdadu9zWg+3yejTnvsA@mail.gmail.com>",Deenar Toraskar <deenar.toraskar@gmail.com>,2026-09-30T21:30:18.385759
APACHE_LISTS_REMINING,Apache Lists,UnsatisfiedLinkError,Strange spark problems among different versions,https://lists.apache.org/thread/<1444846275379-25065.post@n3.nabble.com>,"  Hi. I try to run the Spark Pi on the cluster, some strange errors happen
and I do not know what cause the error.
 
  When I am using the hadoop2.6 and spark-1.5.1-bin-hadoop2.6 the error log
is below:


118 10/01/01 11:59:14 ERROR yarn.ApplicationMaster: User class threw
exception: java.lang.reflect.InvocationTargetException

119 java.lang.reflect.InvocationTargetException

Caused by: java.lang.",0,2015-10-14,spark,user@spark.apache.org,<1444846275379-25065.post@n3.nabble.com>,xia zhao <zhaoxiahust@gmail.com>,2026-09-30T21:30:18.385763
APACHE_LISTS_REMINING,Apache Lists,UnsatisfiedLinkError,Re: Running in cluster mode causes native library linking to fail,"https://lists.apache.org/thread/
 <CA+CehZXGy5jGqR3ep7oQaXi6d_BgLTz_j7zdsC6yXiQPvCMVGg@mail.gmail.com>","Hi Deenar,

Yes, the native library is installed on all machines of the cluster. I
tried a simpler approach by just using System.load() and passing the exact
path of the library, and things still won't work (I get exactly the same
error and message).

Any ideas of what might be failing?

Thank you,
Bernardo

On 14 October 2015 at 02:50, Deenar Toraskar <deenar.toraskar@gmail.com>
wrote:

> Hi Bern",0,2015-10-14,spark,user@spark.apache.org,"
 <CA+CehZXGy5jGqR3ep7oQaXi6d_BgLTz_j7zdsC6yXiQPvCMVGg@mail.gmail.com>",Bernardo Vecchia Stein <bernardovstein@gmail.com>,2026-09-30T21:30:18.385767
APACHE_LISTS_REMINING,Apache Lists,UnsatisfiedLinkError,Re: Running in cluster mode causes native library linking to fail,"https://lists.apache.org/thread/
 <CAHYFERASQ1TGiXsgb_niW4yam2Jj-OB1F7cVeMxNyuNZi5NMEQ@mail.gmail.com>","You can also try setting the env variable LD_LIBRARY_PATH to point where
your compiled libraries are.


Renato M.

2015-10-14 21:07 GMT+02:00 Bernardo Vecchia Stein <bernardovstein@gmail.com>
:

> Hi Deenar,
>
> Yes, the native library is installed on all machines of the cluster. I
> tried a simpler approach by just using System.load() and passing the exact
> path of the library, and things still ",0,2015-10-14,spark,user@spark.apache.org,"
 <CAHYFERASQ1TGiXsgb_niW4yam2Jj-OB1F7cVeMxNyuNZi5NMEQ@mail.gmail.com>",Renato Marroquín Mogrovejo <renatoj.marroquin@gmail.com>,2026-09-30T21:30:18.385772
APACHE_LISTS_REMINING,Apache Lists,UnsatisfiedLinkError,Re: Running in cluster mode causes native library linking to fail,"https://lists.apache.org/thread/
 <CA+CehZVoLcFy_Y0icXBr4r56qKq21vyX-16uF8Yipa85eazhvQ@mail.gmail.com>","Hi Renato,

I have done that as well, but so far no luck. I believe spark is finding
the library correctly, otherwise the error message would be ""no libraryname
found"" or something like that. The problem seems to be something else, and
I'm not sure how to find it.

Thanks,
Bernardo

On 14 October 2015 at 16:28, Renato Marroquín Mogrovejo <
renatoj.marroquin@gmail.com> wrote:

> You can also try se",0,2015-10-14,spark,user@spark.apache.org,"
 <CA+CehZVoLcFy_Y0icXBr4r56qKq21vyX-16uF8Yipa85eazhvQ@mail.gmail.com>",Bernardo Vecchia Stein <bernardovstein@gmail.com>,2026-09-30T21:30:18.385776
APACHE_LISTS_REMINING,Apache Lists,UnsatisfiedLinkError,Re: Running in cluster mode causes native library linking to fail,"https://lists.apache.org/thread/
 <CAHYFERB2KWVNkkYCs5OdGU71z7=xN2AH+fmRNZRuwWxZs5MKrA@mail.gmail.com>","Hi Bernardo,

So is this in distributed mode? or single node? Maybe fix the issue with a
single node first ;)
You are right that Spark finds the library but not the *.so file. I also
use System.load(<LIBRARY_NAME>) with LD_LIBRARY_PATH set, and I am able to
execute without issues. Maybe you'd like to double check paths, env
variables, or the parameters spark.driver.extraLibraryPath,
spark.executor",0,2015-10-14,spark,user@spark.apache.org,"
 <CAHYFERB2KWVNkkYCs5OdGU71z7=xN2AH+fmRNZRuwWxZs5MKrA@mail.gmail.com>",Renato Marroquín Mogrovejo <renatoj.marroquin@gmail.com>,2026-09-30T21:30:18.385790
APACHE_LISTS_REMINING,Apache Lists,"UnsatisfiedLinkError, System.loadLibrary",Re: Running in cluster mode causes native library linking to fail,"https://lists.apache.org/thread/
 <CAHYFERBThZPM18WpNkkb_xY1f-obCF-CcWHsPsqL+s=WTZJYQw@mail.gmail.com>","Sorry Bernardo, I just double checked. I use: System.loadLibrary(....);
Could you also try that?


Renato M.

2015-10-14 21:51 GMT+02:00 Renato Marroquín Mogrovejo <
renatoj.marroquin@gmail.com>:

> Hi Bernardo,
>
> So is this in distributed mode? or single node? Maybe fix the issue with a
> single node first ;)
> You are right that Spark finds the library but not the *.so file. I also
> use Syste",0,2015-10-14,spark,user@spark.apache.org,"
 <CAHYFERBThZPM18WpNkkb_xY1f-obCF-CcWHsPsqL+s=WTZJYQw@mail.gmail.com>",Renato Marroquín Mogrovejo <renatoj.marroquin@gmail.com>,2026-09-30T21:30:18.385795
APACHE_LISTS_REMINING,Apache Lists,"UnsatisfiedLinkError, System.loadLibrary",Re: Running in cluster mode causes native library linking to fail,"https://lists.apache.org/thread/
 <CA+CehZW7WD0+9RR7npbntzmiGW58piaZ0oesp9RppRp+U6EX5g@mail.gmail.com>","Hi Renato,

I am using a single master and a single worker node, both in the same
machine, to simplify everything. I have tested with System.loadLibrary() as
well (setting all the necessary paths) and get the same error. Just double
checked everything and the parameters are fine.

Bernardo

On 14 October 2015 at 16:54, Renato Marroquín Mogrovejo <
renatoj.marroquin@gmail.com> wrote:

> Sorry Berna",0,2015-10-14,spark,user@spark.apache.org,"
 <CA+CehZW7WD0+9RR7npbntzmiGW58piaZ0oesp9RppRp+U6EX5g@mail.gmail.com>",Bernardo Vecchia Stein <bernardovstein@gmail.com>,2026-09-30T21:30:18.385799
APACHE_LISTS_REMINING,Apache Lists,"UnsatisfiedLinkError, System.loadLibrary",RE: Running in cluster mode causes native library linking to fail,"https://lists.apache.org/thread/
 <HK2PR03MB0915E88DF038D0CC83CABD318D3E0@HK2PR03MB0915.apcprd03.prod.outlook.com>","Forwarding to the group, in case someone else has the same error. Just found out that I did not reply to the group in my original reply.

From: Prajod S Vettiyattil (WT01 - BAS)
Sent: 15 October 2015 11:45
To: 'Bernardo Vecchia Stein' <bernardovstein@gmail.com>
Subject: RE: Running in cluster mode causes native library linking to fail

Hi,

Also try the path settings given here: http://st",0,2015-10-15,spark,user@spark.apache.org,"
 <HK2PR03MB0915E88DF038D0CC83CABD318D3E0@HK2PR03MB0915.apcprd03.prod.outlook.com>",<prajod.vettiyattil@wipro.com>,2026-09-30T21:30:18.385804
APACHE_LISTS_REMINING,Apache Lists,javah,Re: [Spark Streaming] Design Patterns forEachRDD,https://lists.apache.org/thread/<D06C88C8-4510-43B4-9E17-9DBC0E92845D@gmail.com>,"Does this help ?

final JavaHBaseContext hbaseContext = new JavaHBaseContext(javaSparkContext, conf);
    customerModels.foreachRDD(new Function<JavaRDD<Customer>, Void>() {
      private static final long serialVersionUID = 1L;
      @Override
      public Void call(JavaRDD<Customer> currentRDD) throws Exception {
        JavaRDD<Promotions> customerWithPromotion = hbaseContext.mapPartition(curre",0,2015-10-21,spark,user@spark.apache.org,<D06C88C8-4510-43B4-9E17-9DBC0E92845D@gmail.com>,Sandip Mehta <sandip.mehta.sub@gmail.com>,2026-09-30T21:30:18.385808
APACHE_LISTS_REMINING,Apache Lists,javah,Re: [Spark Streaming] Design Patterns forEachRDD,"https://lists.apache.org/thread/
 <CAA9cJVWsmVk3_GLfrXvMt49EfAUZxhHgDQ0m8Y0rDxMa5bAttg@mail.gmail.com>","Hi Sandip,

Thanks for your response..

I am not sure if this is the same thing.
I am looking for a way to connect to external network as shown in the
example.

@All - Can anyone else let me know if they have a better solution?

Thanks
Nipun

On Wed, Oct 21, 2015 at 2:07 PM, Sandip Mehta <sandip.mehta.sub@gmail.com>
wrote:

> Does this help ?
>
> final JavaHBaseContext hbaseContext = new JavaHBase",0,2015-10-22,spark,user@spark.apache.org,"
 <CAA9cJVWsmVk3_GLfrXvMt49EfAUZxhHgDQ0m8Y0rDxMa5bAttg@mail.gmail.com>",Nipun Arora <nipunarora2512@gmail.com>,2026-09-30T21:30:18.385811
APACHE_LISTS_REMINING,Apache Lists,"UnsatisfiedLinkError, System.loadLibrary",Re: Running in cluster mode causes native library linking to fail,"https://lists.apache.org/thread/
 <CA+CehZVeNi=hRKwHH9sjOsqVGDteOMG_t-7Puq9qf4jjH2_5og@mail.gmail.com>","Hello guys,

After lots of time trying to make things work, I finally found what was
causing the issue:

I was calling the function from the library inside a map function, which
caused the code inside it to be run in executors instead of the driver.
Since only the driver had loaded the library, the executors would then give
an error. The tricky part is that the same error message was being
replica",0,2015-10-26,spark,user@spark.apache.org,"
 <CA+CehZVeNi=hRKwHH9sjOsqVGDteOMG_t-7Puq9qf4jjH2_5og@mail.gmail.com>",Bernardo Vecchia Stein <bernardovstein@gmail.com>,2026-09-30T21:30:18.385816
APACHE_LISTS_REMINING,Apache Lists,"UnsatisfiedLinkError, System.loadLibrary",RE: Running in cluster mode causes native library linking to fail,"https://lists.apache.org/thread/
 <HK2PR03MB0915C6BD75FB734E71C721358D220@HK2PR03MB0915.apcprd03.prod.outlook.com>","Hi Bernardo,

Glad that our suggestions helped. A bigger thanks for sharing your solution with us. That was a tricky and difficult problem to track and solve !

Regards,
Prajod

From: Bernardo Vecchia Stein [mailto:bernardovstein@gmail.com]
Sent: 26 October 2015 23:41
To: Prajod S Vettiyattil (WT01 - BAS) <prajod.vettiyattil@wipro.com>
Cc: user <user@spark.apache.org>
Subject: Re: Runni",0,2015-10-27,spark,user@spark.apache.org,"
 <HK2PR03MB0915C6BD75FB734E71C721358D220@HK2PR03MB0915.apcprd03.prod.outlook.com>",<prajod.vettiyattil@wipro.com>,2026-09-30T21:30:18.385819
APACHE_LISTS_REMINING,Apache Lists,JNA,Re: Spark build error,"https://lists.apache.org/thread/
 <CA+o9x6xrN2XYN6uK_CZX1VCi7S6cJvjjQNq2hm5m8Xpscs+_UQ@mail.gmail.com>","I think the scala version in Intellij is the same as the one used by sbt.

Whatever, I ran `*mvn clean*` in command line to clean all the compiled
content, and MAKE in Intellij IDEA, it completed successfully after some
noisy flume-sink related errors (also I marked all test folders to be
excluded).

So, after this, I tried to run `*examples/LogQuery.scala`*, then I
encountered an *java.lang.NoCla",0,2015-11-18,spark,user@spark.apache.org,"
 <CA+o9x6xrN2XYN6uK_CZX1VCi7S6cJvjjQNq2hm5m8Xpscs+_UQ@mail.gmail.com>",金国栋  <scujgd@gmail.com>,2026-09-30T21:30:29.297134
APACHE_LISTS_REMINING,Apache Lists,JNA,Re: Spark build error,"https://lists.apache.org/thread/
 <CA+o9x6zYZVBoE8+k=2EeeTnQTzw7c286OyreeCynLVWNb+8L1g@mail.gmail.com>","Sorry, I should have googled this more carefully. This has been resolved by
http://apache-spark-developers-list.1001551.n3.nabble.com/IntelliJ-Runtime-error-tt11383.html#a11384
.

It works for me just change `*provide*` to `*compile*`.

Thanks,

Jelly

2015-11-18 13:20 GMT+08:00 金国栋 <scujgd@gmail.com>:

> I think the scala version in Intellij is the same as the one used by sbt.
>
> Whatever, I ran",0,2015-11-18,spark,user@spark.apache.org,"
 <CA+o9x6zYZVBoE8+k=2EeeTnQTzw7c286OyreeCynLVWNb+8L1g@mail.gmail.com>",金国栋  <scujgd@gmail.com>,2026-09-30T21:30:29.297158
APACHE_LISTS_REMINING,Apache Lists,JNA,Re: Spark build error,"https://lists.apache.org/thread/
 <CAADy7x53EBs0EkuRW6XtpCkUGvS5dr1RAQt9KYysxNy_TdWB4Q@mail.gmail.com>","Spark-core is scope with provided in pom.xml. Intellij won't put the that
on classpath when you run it. You need to change them to compile scope
(also other related jars such as guava)

Alternative, One quick tip is that you can change the the source folder to
Test Source Folder (right click the source folder -> Mark directory as ->
Test Source Folder), then you can run it without changing the sco",0,2015-11-18,spark,user@spark.apache.org,"
 <CAADy7x53EBs0EkuRW6XtpCkUGvS5dr1RAQt9KYysxNy_TdWB4Q@mail.gmail.com>",Jeff Zhang <zjffdu@gmail.com>,2026-09-30T21:30:29.297162
APACHE_LISTS_REMINING,Apache Lists,JNA,Re: Spark build error,"https://lists.apache.org/thread/
 <CA+o9x6zEB81i6zrd3ZoO70kwbwqvHw4qiCQsmCFUns9QKO00Vg@mail.gmail.com>","Yeah, thanks!

And I think Intellij isn't really easy to use, I mean there is no clear
guide to explain what it does and how it does things (or the most chance is
that I missed it).

Again, thank u guys! I'm thrilled to get this done.

2015-11-18 13:44 GMT+08:00 Jeff Zhang <zjffdu@gmail.com>:

> Spark-core is scope with provided in pom.xml. Intellij won't put the that
> on classpath when you run i",0,2015-11-18,spark,user@spark.apache.org,"
 <CA+o9x6zEB81i6zrd3ZoO70kwbwqvHw4qiCQsmCFUns9QKO00Vg@mail.gmail.com>",金国栋  <scujgd@gmail.com>,2026-09-30T21:30:29.297165
APACHE_LISTS_REMINING,Apache Lists,UnsatisfiedLinkError,"Unable to load native-hadoop library for your platform - already
 loaded in another classloader","https://lists.apache.org/thread/
 <CADONuiT7Ceo5g+2vCF+aoNiY162-HJqTzLVM_z0nM72q8sxFAQ@mail.gmail.com>","Hi

I want to make sure we use short-circuit local reads for performance. I
have set the LD_LIBRARY_PATH correctly, confirmed that the native libraries
match our platform (i.e. are 64 bit and are loaded successfully). When I
start spark, i get the following message after increasing the logging level
for the relevant classes.

*15/11/18 17:47:23 DEBUG NativeCodeLoader: Failed to load native-hadoop
",0,2015-11-18,spark,user@spark.apache.org,"
 <CADONuiT7Ceo5g+2vCF+aoNiY162-HJqTzLVM_z0nM72q8sxFAQ@mail.gmail.com>",Deenar Toraskar <deenar.toraskar@gmail.com>,2026-09-30T21:30:29.297172
APACHE_LISTS_REMINING,Apache Lists,UnsatisfiedLinkError,JNI native linrary problem java.lang.UnsatisfiedLinkError,"https://lists.apache.org/thread/
 <CAEoFSy8QK1K7oWSGtt0E9Gs9JadyMGmGvGYampULurXqB-2mxA@mail.gmail.com>","Hi;

I try to use a natie library inside Spark.

I


Oriol.
",0,2015-11-25,spark,user@spark.apache.org,"
 <CAEoFSy8QK1K7oWSGtt0E9Gs9JadyMGmGvGYampULurXqB-2mxA@mail.gmail.com>",Oriol López Massaguer  <oriol.lopez@gmail.com>,2026-09-30T21:30:29.297178
APACHE_LISTS_REMINING,Apache Lists,UnsatisfiedLinkError,Spark 1.5.2 JNI native library java.lang.UnsatisfiedLinkError,"https://lists.apache.org/thread/
 <CAEoFSy9-h2RUJsJvaDd0DdR1OJUgP_zM1Lj=o7Vmb-q6F0CfYA@mail.gmail.com>","Hello;

I'm trying to use a native library in Spark.

I was using a simple standalone cluster with one master and worker.

According to the documentation I edited the spark-defautls.conf by setting:

spark.driver.extraClassPath=/opt/eTOX_spark/lib/org.RDKit.jar
spark.driver.extraLibraryPath=/opt/eTOX_spark/lib/
spark.executor.extraLibraryPath=/opt/eTOX_spark/lib/

In the path /opt/eTOX_spark/lib/ ",0,2015-11-25,spark,user@spark.apache.org,"
 <CAEoFSy9-h2RUJsJvaDd0DdR1OJUgP_zM1Lj=o7Vmb-q6F0CfYA@mail.gmail.com>",Oriol López Massaguer  <oriol.lopez@gmail.com>,2026-09-30T21:30:29.297184
APACHE_LISTS_REMINING,Apache Lists,UnsatisfiedLinkError,Re: Spark 1.5.2 JNI native library java.lang.UnsatisfiedLinkError,"https://lists.apache.org/thread/
 <CALte62zwNQc_gZV8RUWa9z6=L-q=s38NxtVb=OZNr-TqU_poyA@mail.gmail.com>","In your spark-env, did you set LD_LIBRARY_PATH ?

Cheers

On Wed, Nov 25, 2015 at 7:32 AM, Oriol López Massaguer <
oriol.lopez@gmail.com> wrote:

> Hello;
>
> I'm trying to use a native library in Spark.
>
> I was using a simple standalone cluster with one master and worker.
>
> According to the documentation I edited the spark-defautls.conf by setting:
>
> spark.driver.extraClassPath=/opt/eTOX_sp",0,2015-11-25,spark,user@spark.apache.org,"
 <CALte62zwNQc_gZV8RUWa9z6=L-q=s38NxtVb=OZNr-TqU_poyA@mail.gmail.com>",Ted Yu <yuzhihong@gmail.com>,2026-09-30T21:30:29.297188
APACHE_LISTS_REMINING,Apache Lists,UnsatisfiedLinkError,Re: Spark 1.5.2 JNI native library java.lang.UnsatisfiedLinkError,"https://lists.apache.org/thread/
 <CAEoFSy9rh8mdhM77g8j206AC1gqHfvFQyq6uhudS7Ps1ELKO3A@mail.gmail.com>","LD_LIBRARY_PATH points to /opt/eTOX_spark/lib/ the location of the nattive
libraries.


Oriol.

2015-11-25 17:39 GMT+01:00 Ted Yu <yuzhihong@gmail.com>:

> In your spark-env, did you set LD_LIBRARY_PATH ?
>
> Cheers
>
> On Wed, Nov 25, 2015 at 7:32 AM, Oriol López Massaguer <
> oriol.lopez@gmail.com> wrote:
>
>> Hello;
>>
>> I'm trying to use a native library in Spark.
>>
>> I was using a simple s",0,2015-11-26,spark,user@spark.apache.org,"
 <CAEoFSy9rh8mdhM77g8j206AC1gqHfvFQyq6uhudS7Ps1ELKO3A@mail.gmail.com>",Oriol López Massaguer  <oriol.lopez@gmail.com>,2026-09-30T21:30:29.297194
APACHE_LISTS_REMINING,Apache Lists,JNA,RE: Scala 2.11 and Akka 2.4.0,"https://lists.apache.org/thread/
 <CY1PR08MB129469B63C4DD42428A81EE2970F0@CY1PR08MB1294.namprd08.prod.outlook.com>","Hi Ted,

I’m still trying to figure out what could be missing to be changed in the spark’s poms. Here is the result of running the dependency graph (sorry for the long email):

[root@centos-infra-dev1 spark-1.5.2]# mvn dependency:tree -Dscala-2.11
[INFO] Scanning for projects...
[INFO] ------------------------------------------------------------------------
[INFO] Reactor Build Order:
[INF",0,2015-12-01,spark,user@spark.apache.org,"
 <CY1PR08MB129469B63C4DD42428A81EE2970F0@CY1PR08MB1294.namprd08.prod.outlook.com>","""Boavida, Rodrigo"" <Rodrigo.Boavida@Aspect.com>",2026-09-30T21:30:44.845907
APACHE_LISTS_REMINING,Apache Lists,JNA,Re: seriazable error in apache spark job,"https://lists.apache.org/thread/
 <CAPn6-YSRGM7YBQF6gVeAWwUh9+3rM0_Sgi_CtupzoBDGZYD6CQ@mail.gmail.com>","Looks you have a reference to some Akka class. Could you post your codes?

Best Regards,
Shixiong Zhu

2015-12-17 23:43 GMT-08:00 Pankaj Narang <pankajnarang81@gmail.com>:

> I am encountering below error. Can somebody guide ?
>
> Something similar is one this link
> https://github.com/elastic/elasticsearch-hadoop/issues/298
>
>
> actor.MentionCrawlActor
> java.io.NotSerializableException: actor.M",0,2015-12-18,spark,user@spark.apache.org,"
 <CAPn6-YSRGM7YBQF6gVeAWwUh9+3rM0_Sgi_CtupzoBDGZYD6CQ@mail.gmail.com>",Shixiong Zhu <zsxwing@gmail.com>,2026-09-30T21:30:44.845929
APACHE_LISTS_REMINING,Apache Lists,"UnsatisfiedLinkError, System.loadLibrary",Unable to read JSON input in Spark (YARN Cluster),"https://lists.apache.org/thread/
 <CAPKgQ9pdHnm3L8RfK66Pcw-cw4EFn-FHZqzpj0oLJNmcM6K-sA@mail.gmail.com>","Version: Spark 1.5.2

*Spark built with Hive*
git clone git://github.com/apache/spark.git
./make-distribution.sh  --tgz -Phadoop-2.4 -Pyarn -Dhadoop.version=2.4.0
-Phive -Phive-thriftserver


*Input:*
-sh-4.1$ hadoop fs -du -h /user/dvasthimal/poc_success_spark/data/input
2.5 G  /user/dvasthimal/poc_success_spark/data/input/dw_bid_1231.seq
2.5 G
 /user/dvasthimal/poc_success_spark/data/input/dw_ma",0,2016-01-01,spark,user@spark.apache.org,"
 <CAPKgQ9pdHnm3L8RfK66Pcw-cw4EFn-FHZqzpj0oLJNmcM6K-sA@mail.gmail.com>",ÐΞ€ρ@Ҝ (๏̯͡๏)  <deepujain@gmail.com>,2026-09-30T21:30:55.984494
APACHE_LISTS_REMINING,Apache Lists,"UnsatisfiedLinkError, System.loadLibrary",Re: Unable to read JSON input in Spark (YARN Cluster),"https://lists.apache.org/thread/
 <CAN_kNOXYA73FFGF4aHwUg2vnS-YaD5asaQDo2vJOeje8+o_UOg@mail.gmail.com>","Hi

Few suggestions:

1. Try storage mode as ""memory and disk"" both. >> to verify heap memory
error
2. Try to copy and read json source file from local filesystem (i.e.
Without hdfs) >> to verify minimum working code
3. Looks like some library issue which is causing lzo telated error.

On Saturday 2 January 2016, ÐΞ€ρ@Ҝ (๏̯͡๏) <deepujain@gmail.com> wrote:

> Version: Spark 1.5.2
>
> *Spark built w",0,2016-01-02,spark,user@spark.apache.org,"
 <CAN_kNOXYA73FFGF4aHwUg2vnS-YaD5asaQDo2vJOeje8+o_UOg@mail.gmail.com>",Vijay Gharge <vijay.gharge@gmail.com>,2026-09-30T21:30:55.984511
APACHE_LISTS_REMINING,Apache Lists,UnsatisfiedLinkError,Re: SparkContext SyntaxError: invalid syntax,"https://lists.apache.org/thread/
 <CACeEUcgdzYCfb9bJ9UJGMGFvAqCP4fSGdzu-Gtqpn2YY3_8phA@mail.gmail.com>","Now for simplicity I'm testing with wordcount.py from the provided
examples, and using Spark 1.6.0

The first error I get is:

16/01/08 19:14:46 ERROR lzo.GPLNativeCodeLoader: Could not load native gpl
library
java.lang.UnsatisfiedLinkError: no gplcompression in java.library.path
        at java.lang.ClassLoader.loadLibrary(ClassLoader.java:1864)
        at [....]

A bit lower down, I see this err",0,2016-01-08,spark,user@spark.apache.org,"
 <CACeEUcgdzYCfb9bJ9UJGMGFvAqCP4fSGdzu-Gtqpn2YY3_8phA@mail.gmail.com>",Andrew Weiner <andrewweiner2020@u.northwestern.edu>,2026-09-30T21:30:55.984514
APACHE_LISTS_REMINING,Apache Lists,UnsatisfiedLinkError,Re: Windows driver cannot run job on Linux cluster,"https://lists.apache.org/thread/
 <CA+uszJC0Kqu01Besog2ZKYvFyuBruD35RVci3G8THfs7J7UQRg@mail.gmail.com>","I am running spark-1.6.0-bin-hadoop2.6/

There is no stack trace because there is no exception; the driver just
seems to be waiting.  Here is driver DEBUG log:

16/01/11 16:31:51 INFO SparkContext: Running Spark version 1.6.0
16/01/11 16:31:51 DEBUG MutableMetricsFactory: field
org.apache.hadoop.metrics2.lib.MutableRate
org.apache.hadoop.security.UserGroupInformation$UgiMetrics.loginSuccess
with a",0,2016-01-11,spark,user@spark.apache.org,"
 <CA+uszJC0Kqu01Besog2ZKYvFyuBruD35RVci3G8THfs7J7UQRg@mail.gmail.com>",Andrew Wooster <andrew.w.wooster@gmail.com>,2026-09-30T21:30:55.984517
APACHE_LISTS_REMINING,Apache Lists,UnsatisfiedLinkError,ibsnappyjava.so: failed to map segment from shared object,https://lists.apache.org/thread/<1452568338360-25937.post@n3.nabble.com>,"I'm trying to get pyspark running on a shared web host.  I can get into the
pyspark shell but whenever I run a simple command like
sc.parallelize([1,2,3,4]).sum() I get an error that seems to stem from some
kind of permission issue with libsnappyjava.so:

Caused by: java.lang.UnsatisfiedLinkError:
/tmp/snappy-1.1.2-b7abadd6-9b05-4dee-885a-c80434db68e2-libsnappyjava.so:
/tmp/snappy-1.1.2-b7abadd6-9",0,2016-01-11,spark,user@spark.apache.org,<1452568338360-25937.post@n3.nabble.com>,yatinla <mike@yatinla.com>,2026-09-30T21:30:55.984520
APACHE_LISTS_REMINING,Apache Lists,UnsatisfiedLinkError,Re: ibsnappyjava.so: failed to map segment from shared object,"https://lists.apache.org/thread/
 <CAFzSYuzN1twQFVb8cfWHgqqC5kHPakO7Ss=X8Y=vKv2yVAKYfA@mail.gmail.com>","This is due to the snappy-java library; I think that you'll have to
configure either java.io.tmpdir or org.xerial.snappy.tempdir; see
https://github.com/xerial/snappy-java/blob/1198363176ad671d933fdaf0938b8b9e609c0d8a/src/main/java/org/xerial/snappy/SnappyLoader.java#L335



On Mon, Jan 11, 2016 at 7:12 PM, yatinla <mike@yatinla.com> wrote:

> I'm trying to get pyspark running on a shared web host",0,2016-01-11,spark,user@spark.apache.org,"
 <CAFzSYuzN1twQFVb8cfWHgqqC5kHPakO7Ss=X8Y=vKv2yVAKYfA@mail.gmail.com>",Josh Rosen <joshrosen@databricks.com>,2026-09-30T21:30:55.984522
APACHE_LISTS_REMINING,Apache Lists,UnsatisfiedLinkError,Re: ibsnappyjava.so: failed to map segment from shared object,"https://lists.apache.org/thread/
 <CAEtrY8ap8Zj2U808RqK_ETfPE+KDHr9zt1bYCK8d4hooamcCXA@mail.gmail.com>","Thanks!  Setting java.io.tmpdir did the trick.  Sadly, I still ran into an
issue with the amount of RAM pyspark was grabbing.  In fact I got a message
from my web provider warning that I was exceeding the memory limit for my
(entry level) account.  So I won't be pursuing it farther.  Oh well, it was
still good to get past that first issue.  Pyspark runs fine on my laptop so
for now I'll just have ",0,2016-01-12,spark,user@spark.apache.org,"
 <CAEtrY8ap8Zj2U808RqK_ETfPE+KDHr9zt1bYCK8d4hooamcCXA@mail.gmail.com>","""Mikey T."" <mike@yatinla.com>",2026-09-30T21:30:55.984525
APACHE_LISTS_REMINING,Apache Lists,UnsatisfiedLinkError,Re: SparkContext SyntaxError: invalid syntax,"https://lists.apache.org/thread/
 <CACeEUchNYnGkvx9MrdZjfAaZXCRqNi8d-E31D_tUjRvCyWiW0Q@mail.gmail.com>","Thanks for your continuing help.  Here is some additional info.

*OS/architecture*
output of *cat /proc/version*:
Linux version 2.6.18-400.1.1.el5 (mockbuild@x86-012.build.bos.redhat.com)

output of *lsb_release -a*:
LSB Version:
 :core-4.0-amd64:core-4.0-ia32:core-4.0-noarch:graphics-4.0-amd64:graphics-4.0-ia32:graphics-4.0-noarch:printing-4.0-amd64:printing-4.0-ia32:printing-4.0-noarch
Distribut",0,2016-01-13,spark,user@spark.apache.org,"
 <CACeEUchNYnGkvx9MrdZjfAaZXCRqNi8d-E31D_tUjRvCyWiW0Q@mail.gmail.com>",Andrew Weiner <andrewweiner2020@u.northwestern.edu>,2026-09-30T21:30:55.984528
APACHE_LISTS_REMINING,Apache Lists,UnsatisfiedLinkError,Re: SparkContext SyntaxError: invalid syntax,"https://lists.apache.org/thread/
 <CABr4ZAR+tC5FogRTwZWkEPeNxK-8PDH2aG4vLRBfcWbkitOtzw@mail.gmail.com>","Hi Andrew,

There are a couple of things to check.  First, is Python 2.7 the default
version on all nodes in the cluster or is it an alternate install? Meaning
what is the output of this command ""$>  python --version""  If it is an
alternate install, you could set the environment variable ""PYSPARK_PYTHON""
Python binary executable to use for PySpark in both driver and workers
(default is python).

D",0,2016-01-13,spark,user@spark.apache.org,"
 <CABr4ZAR+tC5FogRTwZWkEPeNxK-8PDH2aG4vLRBfcWbkitOtzw@mail.gmail.com>",Bryan Cutler <cutlerb@gmail.com>,2026-09-30T21:30:55.984530
APACHE_LISTS_REMINING,Apache Lists,UnsatisfiedLinkError,Re: SparkContext SyntaxError: invalid syntax,"https://lists.apache.org/thread/
 <CACeEUch8_JeQOV+s3wi5H2xr1fQOEPmDk5-_VAw1chqNWD+x=Q@mail.gmail.com>","Hi Bryan,

I ran ""$> python --version"" on every node on the cluster, and it is Python
2.7.8 for every single one.

When I try to submit the Python example in client mode
* ./bin/spark-submit      --master yarn     --deploy-mode client
--driver-memory 4g     --executor-memory 2g     --executor-cores 1
./examples/src/main/python/pi.py     10*
That's when I get this error that I mentioned:

16/01/14 ",0,2016-01-14,spark,user@spark.apache.org,"
 <CACeEUch8_JeQOV+s3wi5H2xr1fQOEPmDk5-_VAw1chqNWD+x=Q@mail.gmail.com>",Andrew Weiner <andrewweiner2020@u.northwestern.edu>,2026-09-30T21:30:55.984532
APACHE_LISTS_REMINING,Apache Lists,UnsatisfiedLinkError,Re: SparkContext SyntaxError: invalid syntax,"https://lists.apache.org/thread/
 <CABr4ZATQmiHKnfVsR12eSg_z9pN2-HLiYO7PYaVu=JmN8-z5ww@mail.gmail.com>","It seems like it could be the case that some other Python version is being
invoked.  To make sure, can you add something like this to the top of the
.py file you are submitting to get some more info about how the application
master is configured?

import sys, os
raise RuntimeError(""\n""+str(sys.version_info) +""\n""+
    str([(k,os.environ[k]) for k in os.environ if ""PY"" in k]))

On Thu, Jan 14, 2016",0,2016-01-14,spark,user@spark.apache.org,"
 <CABr4ZATQmiHKnfVsR12eSg_z9pN2-HLiYO7PYaVu=JmN8-z5ww@mail.gmail.com>",Bryan Cutler <cutlerb@gmail.com>,2026-09-30T21:30:55.984535
APACHE_LISTS_REMINING,Apache Lists,UnsatisfiedLinkError,Re: SparkContext SyntaxError: invalid syntax,"https://lists.apache.org/thread/
 <CACeEUcjJwBDon+VKHFidaGmnXB+F4ojZb1Ax8so_dNDdpAqyZA@mail.gmail.com>","Indeed!  Here is the output when I run in cluster mode:

Traceback (most recent call last):
  File ""pi.py"", line 22, in ?
    raise RuntimeError(""\n""+str(sys.version_info) +""\n""+
RuntimeError:
(2, 4, 3, 'final', 0)
[('PYSPARK_GATEWAY_PORT', '48079'), ('PYTHONPATH',
'/scratch2/hadoop/yarn/local/usercache/<username>/filecache/116/spark-assembly-1.6.0-hadoop2.4.0.jar:/home/<user>/spark-1.6.0-bin-hado",0,2016-01-15,spark,user@spark.apache.org,"
 <CACeEUcjJwBDon+VKHFidaGmnXB+F4ojZb1Ax8so_dNDdpAqyZA@mail.gmail.com>",Andrew Weiner <andrewweiner2020@u.northwestern.edu>,2026-09-30T21:30:55.984538
APACHE_LISTS_REMINING,Apache Lists,UnsatisfiedLinkError,Re: SparkContext SyntaxError: invalid syntax,"https://lists.apache.org/thread/
 <CACeEUcgj9Orb1ay9qZvy-Qu22+WQMUL37d=2cSeWHdxsCVH0xg@mail.gmail.com>","I tried playing around with my environment variables, and here is an update.

When I run in cluster mode, my environment variables do not persist
throughout the entire job.
For example, I tried creating a local copy of HADOOP_CONF_DIR in
/home/<username>/local/etc/hadoop/conf, and then, in spark-env.sh I the
variable:
export HADOOP_CONF_DIR=/home/<username>/local/etc/hadoop/conf

Later, when we pr",0,2016-01-15,spark,user@spark.apache.org,"
 <CACeEUcgj9Orb1ay9qZvy-Qu22+WQMUL37d=2cSeWHdxsCVH0xg@mail.gmail.com>",Andrew Weiner <andrewweiner2020@u.northwestern.edu>,2026-09-30T21:30:55.984540
APACHE_LISTS_REMINING,Apache Lists,UnsatisfiedLinkError,Re: SparkContext SyntaxError: invalid syntax,"https://lists.apache.org/thread/
 <CACeEUcjn31Mw2Efqk0YAScAwa4WEuYspD5SbNvD0WajqvDAr2Q@mail.gmail.com>","I finally got the pi.py example to run in yarn cluster mode.  This was the
key insight:
https://issues.apache.org/jira/browse/SPARK-9229

I had to set SPARK_YARN_USER_ENV in spark-env.sh:
export SPARK_YARN_USER_ENV=""PYSPARK_PYTHON=/home/aqualab/local/bin/python""

This caused the PYSPARK_PYTHON environment variable to be used in my yarn
environment in cluster mode.

Thank you for all your help!

Be",0,2016-01-15,spark,user@spark.apache.org,"
 <CACeEUcjn31Mw2Efqk0YAScAwa4WEuYspD5SbNvD0WajqvDAr2Q@mail.gmail.com>",Andrew Weiner <andrewweiner2020@u.northwestern.edu>,2026-09-30T21:30:55.984543
APACHE_LISTS_REMINING,Apache Lists,UnsatisfiedLinkError,Re: SparkContext SyntaxError: invalid syntax,"https://lists.apache.org/thread/
 <CACeEUcgAimQKzQRmR7BRsLAJ3A0UC001_BhdvcfUHLogbmUg1Q@mail.gmail.com>","Actually, I just found this [
https://issues.apache.org/jira/browse/SPARK-1680], which after a bit of
googling and reading leads me to believe that the preferred way to change
the yarn environment is to edit the spark-defaults.conf file by adding this
line:
spark.yarn.appMasterEnv.PYSPARK_PYTHON    /path/to/python

While both this solution and the solution from my prior email work, I
believe this ",0,2016-01-15,spark,user@spark.apache.org,"
 <CACeEUcgAimQKzQRmR7BRsLAJ3A0UC001_BhdvcfUHLogbmUg1Q@mail.gmail.com>",Andrew Weiner <andrewweiner2020@u.northwestern.edu>,2026-09-30T21:30:55.984545
APACHE_LISTS_REMINING,Apache Lists,UnsatisfiedLinkError,Re: SparkContext SyntaxError: invalid syntax,"https://lists.apache.org/thread/
 <CABr4ZAQ+ZHBb5b42w4nxxK-Ci7c0Q48hF4Cqb-cZZUKY=K_86Q@mail.gmail.com>","Glad you got it going!  It's wasn't very obvious what needed to be set,
maybe it is worth explicitly stating this in the docs since it seems to
have come up a couple times before too.

Bryan

On Fri, Jan 15, 2016 at 12:33 PM, Andrew Weiner <
andrewweiner2020@u.northwestern.edu> wrote:

> Actually, I just found this [
> https://issues.apache.org/jira/browse/SPARK-1680], which after a bit of
> googl",0,2016-01-15,spark,user@spark.apache.org,"
 <CABr4ZAQ+ZHBb5b42w4nxxK-Ci7c0Q48hF4Cqb-cZZUKY=K_86Q@mail.gmail.com>",Bryan Cutler <cutlerb@gmail.com>,2026-09-30T21:30:55.984548
APACHE_LISTS_REMINING,Apache Lists,compilation errors,Compiling only MLlib?,"https://lists.apache.org/thread/
 <CAJQx5NzsbdahpnrO-XBvDfO-qPWrZ1eBueDgkU39fy2N3Mkdwg@mail.gmail.com>","Hi, I'm very much interested in using Spark's MLlib in standalone programs.
I've never used Hadoop, and don't intend to deploy on massive clusters.
Building Spark has been an honest nightmare, and I've been on and off it
for weeks.

The build always runs out of RAM on my laptop (4g of RAM, Arch Linux) when
I try to build with Scala 2.11 support. No matter how I tweak JVM flags to
reduce maximum RA",0,2016-01-15,spark,user@spark.apache.org,"
 <CAJQx5NzsbdahpnrO-XBvDfO-qPWrZ1eBueDgkU39fy2N3Mkdwg@mail.gmail.com>",Colin Woodbury <colingw@gmail.com>,2026-09-30T21:30:55.984550
APACHE_LISTS_REMINING,Apache Lists,compilation errors,Re: Compiling only MLlib?,"https://lists.apache.org/thread/
 <CALte62xvNZGddipviu=joKHjwg6EaZFrbAg9GMXvbOKk+E87iw@mail.gmail.com>","Looks like you didn't have zinc running.

Take a look at install_zinc() in build/mvn, around line 83.
You can use build/mvn instead of running mvn directly.

I normally use the following command line:

bin/mvn clean -Phive -Phive-thriftserver -Pyarn -Phadoop-2.4
-Dhadoop.version=2.7.0 package -DskipTests

After one full build, you should be able to build MLlib module alone.

Cheers

On Fri, Jan 15",0,2016-01-15,spark,user@spark.apache.org,"
 <CALte62xvNZGddipviu=joKHjwg6EaZFrbAg9GMXvbOKk+E87iw@mail.gmail.com>",Ted Yu <yuzhihong@gmail.com>,2026-09-30T21:30:55.984553
APACHE_LISTS_REMINING,Apache Lists,compilation errors,Re: Compiling only MLlib?,https://lists.apache.org/thread/<79E79D29-974E-4834-98BD-2B5984921887@gmail.com>,"Have you tried just downloading a pre-built package, or linking to Spark through Maven? You don't need to build it unless you are changing code inside it. Check out http://spark.apache.org/docs/latest/quick-start.html#self-contained-applications for how to link to it.

Matei

> On Jan 15, 2016, at 6:13 PM, Colin Woodbury <colingw@gmail.com> wrote:
> 
> Hi, I'm very much interested in using Spark's",0,2016-01-15,spark,user@spark.apache.org,<79E79D29-974E-4834-98BD-2B5984921887@gmail.com>,Matei Zaharia <matei.zaharia@gmail.com>,2026-09-30T21:30:55.984555
APACHE_LISTS_REMINING,Apache Lists,UnsatisfiedLinkError,Re: SparkContext SyntaxError: invalid syntax,"https://lists.apache.org/thread/
 <CACeEUchQJt0iWzKhTsa-4GsDqaTBK=BiBLwOQU+VOjaTONn8Qw@mail.gmail.com>","Yeah, I do think it would be worth explicitly stating this in the docs.  I
was going to try to edit the docs myself and submit a pull request, but I'm
having trouble building the docs from github.  If anyone else wants to do
this, here is approximately what I would say:

(To be added to
http://spark.apache.org/docs/latest/configuration.html#environment-variables
)
""Note: When running Spark on YARN",0,2016-01-17,spark,user@spark.apache.org,"
 <CACeEUchQJt0iWzKhTsa-4GsDqaTBK=BiBLwOQU+VOjaTONn8Qw@mail.gmail.com>",Andrew Weiner <andrewweiner2020@u.northwestern.edu>,2026-09-30T21:30:55.984558
APACHE_LISTS_REMINING,Apache Lists,UnsatisfiedLinkError,RE: SparkContext SyntaxError: invalid syntax,https://lists.apache.org/thread/<BLU184-W30BA2D867BC200038AA8DE91C00@phx.gbl>,"Do you still need help on the PR?
btw, does this apply to YARN client mode?
 
From: andrewweiner2020@u.northwestern.edu
Date: Sun, 17 Jan 2016 17:00:39 -0600
Subject: Re: SparkContext SyntaxError: invalid syntax
To: cutlerb@gmail.com
CC: user@spark.apache.org

Yeah, I do think it would be worth explicitly stating this in the docs.  I was going to try to edit the docs myself and submit a pull reque",0,2016-01-17,spark,user@spark.apache.org,<BLU184-W30BA2D867BC200038AA8DE91C00@phx.gbl>,Felix Cheung <felixcheung_m@hotmail.com>,2026-09-30T21:30:55.984561
APACHE_LISTS_REMINING,Apache Lists,UnsatisfiedLinkError,Re: SparkContext SyntaxError: invalid syntax,"https://lists.apache.org/thread/
 <CACeEUciK7KKvGiKiH90nCg5WiG-70-b88BdZGUCZR9tzpB=M3g@mail.gmail.com>","Hi Felix,

Yeah, when I try to build the docs using jekyll build, I get a LoadError
(cannot load such file -- pygments) and I'm having trouble getting past it
at the moment.

>>From what I could tell, this does not apply to YARN in client mode.  I was
able to submit jobs in client mode and they would run fine without using
the appMasterEnv property.  I even confirmed that my environment variables
",0,2016-01-18,spark,user@spark.apache.org,"
 <CACeEUciK7KKvGiKiH90nCg5WiG-70-b88BdZGUCZR9tzpB=M3g@mail.gmail.com>",Andrew Weiner <andrewweiner2020@u.northwestern.edu>,2026-09-30T21:30:55.984563
APACHE_LISTS_REMINING,Apache Lists,UnsatisfiedLinkError,Contrib to Docs: Re: SparkContext SyntaxError: invalid syntax,https://lists.apache.org/thread/<569D4F24.3020700@megalearningllc.com>,"I don't think you have to build the docs, just fork them on Github and 
submit the pull request?

I have been able to do is submit a pull request just by editing the 
markdown file, I am just confused if I am supposed to merge it myself or 
wait for notification and/or wait for someone else to merge it?

https://github.com/jimlohse/spark/pull/1 ( which I believe everyone can 
see, on my end I can ",0,2016-01-18,spark,user@spark.apache.org,<569D4F24.3020700@megalearningllc.com>,Jim Lohse <sparkuser@megalearningllc.com>,2026-09-30T21:30:55.984566
APACHE_LISTS_REMINING,Apache Lists,UnsatisfiedLinkError,Re: SparkContext SyntaxError: invalid syntax,https://lists.apache.org/thread/<BLU407-EAS181B415F9F8CC23D970C24D91C20@phx.gbl>,"
I have to run this to install the pre-req to get jeykyll build to work, you do need the python pygments package:
(I’m on ubuntu)sudo apt-get install ruby ruby-dev make gcc nodejssudo gem install jekyll --no-rdoc --no-risudo gem install jekyll-redirect-fromsudo apt-get install python-Pygmentssudo apt-get install python-sphinxsudo gem install pygments.rb

Hope that helps!If not, I can try putting t",0,2016-01-20,spark,user@spark.apache.org,<BLU407-EAS181B415F9F8CC23D970C24D91C20@phx.gbl>,Felix Cheung <felixcheung_m@hotmail.com>,2026-09-30T21:30:55.984568
APACHE_LISTS_REMINING,Apache Lists,UnsatisfiedLinkError,Re: SparkContext SyntaxError: invalid syntax,"https://lists.apache.org/thread/
 <CACeEUcjuW=7Tp_+-Hc1mcV=Hqg1Nk-X91q+AzeMHGELy-8rwtA@mail.gmail.com>","Thanks Felix.  I think I was missing gem install pygments.rb and I also had
to roll back to Python 2.7 but I got it working.  I submitted the PR
submitted with the added explanation in the docs.

Andrew

On Wed, Jan 20, 2016 at 1:44 AM, Felix Cheung <felixcheung_m@hotmail.com>
wrote:

>
> I have to run this to install the pre-req to get jeykyll build to work,
> you do need the python pygments pack",0,2016-01-21,spark,user@spark.apache.org,"
 <CACeEUcjuW=7Tp_+-Hc1mcV=Hqg1Nk-X91q+AzeMHGELy-8rwtA@mail.gmail.com>",Andrew Weiner <andrewweiner2020@u.northwestern.edu>,2026-09-30T21:30:55.984573
APACHE_LISTS_REMINING,Apache Lists,UnsatisfiedLinkError,Re: library dependencies to run spark local mode,https://lists.apache.org/thread/<2A661AB7-C38B-485B-8A6B-D2E164AC78E4@gmail.com>,"I think this is an answer… 


HADOOP_HOME or hadoop.home.dir are not set.

Sorry


2016-02-04 14:10:08 o.a.h.u.Shell [DEBUG] Failed to detect a valid hadoop home directory
java.io.IOException: HADOOP_HOME or hadoop.home.dir are not set.
	at org.apache.hadoop.util.Shell.checkHadoopHome(Shell.java:303) [hadoop-common-2.7.1.jar:na]
	at org.apache.hadoop.util.Shell.<clinit>(Shell.java:328) [hadoop-com",0,2016-02-04,spark,user@spark.apache.org,<2A661AB7-C38B-485B-8A6B-D2E164AC78E4@gmail.com>,Valentin Popov <valentin.po@gmail.com>,2026-09-30T21:31:59.701939
APACHE_LISTS_REMINING,Apache Lists,JNA,Re: Single context Spark from Python and Scala,https://lists.apache.org/thread/<E8EAFD89-DA9D-4E9E-9EF7-9A2990BEE8F8@chandeep.com>,"You could consider using Zeppelin - https://zeppelin.incubator.apache.org/docs/latest/interpreter/spark.html <https://zeppelin.incubator.apache.org/docs/latest/interpreter/spark.html>

https://zeppelin.incubator.apache.org/ <https://zeppelin.incubator.apache.org/>

ZeppelinContext
Zeppelin automatically injects ZeppelinContext as variable 'z' in your scala/python environment. ZeppelinContext provi",0,2016-02-15,spark,user@spark.apache.org,<E8EAFD89-DA9D-4E9E-9EF7-9A2990BEE8F8@chandeep.com>,Chandeep Singh <cs@chandeep.com>,2026-09-30T21:31:59.701957
APACHE_LISTS_REMINING,Apache Lists,UnsatisfiedLinkError,"IllegalArgumentException UnsatisfiedLinkError snappy-1.1.2
 spark-shell error","https://lists.apache.org/thread/
 <CAG4H_gpWe3RdpoNs-1EO2Yj0DjGAEv3m+k3PStvpZco9jhagww@mail.gmail.com>","Hi,



I am trying to run spark 1.6.0.

I have previously just installed a fresh instance of hadoop 2.6.0 and hive
0.14.

Hadoop, mapreduce, hive and beeline are working.

However, as soon as I run `sc.textfile()` within spark-shell, it returns an
error:


    $ spark-shell
    Welcome to
          ____              __
         / __/__  ___ _____/ /__
        _\ \/ _ \/ _ `/ __/  '_/
       /___/ ",0,2016-02-16,spark,user@spark.apache.org,"
 <CAG4H_gpWe3RdpoNs-1EO2Yj0DjGAEv3m+k3PStvpZco9jhagww@mail.gmail.com>",Paolo Villaflores <pbvillaflores@gmail.com>,2026-09-30T21:31:59.701959
APACHE_LISTS_REMINING,Apache Lists,UnsatisfiedLinkError,"Re: IllegalArgumentException UnsatisfiedLinkError snappy-1.1.2
 spark-shell error","https://lists.apache.org/thread/
 <CALte62y0Gk7T3wMhxHU0=UCNLyefU-o3JS2ujmRS-56fuGarCQ@mail.gmail.com>","Have you seen this thread ?

http://search-hadoop.com/m/q3RTtW43zT1e2nfb&subj=Re+ibsnappyjava+so+failed+to+map+segment+from+shared+object

On Mon, Feb 15, 2016 at 7:09 PM, Paolo Villaflores <pbvillaflores@gmail.com>
wrote:

>
> Hi,
>
>
>
> I am trying to run spark 1.6.0.
>
> I have previously just installed a fresh instance of hadoop 2.6.0 and hive
> 0.14.
>
> Hadoop, mapreduce, hive and beeline a",0,2016-02-15,spark,user@spark.apache.org,"
 <CALte62y0Gk7T3wMhxHU0=UCNLyefU-o3JS2ujmRS-56fuGarCQ@mail.gmail.com>",Ted Yu <yuzhihong@gmail.com>,2026-09-30T21:31:59.701962
APACHE_LISTS_REMINING,Apache Lists,UnsatisfiedLinkError,"Re: IllegalArgumentException UnsatisfiedLinkError snappy-1.1.2
 spark-shell error","https://lists.apache.org/thread/
 <CAG4H_gqp3TpgFo1aKHZbXn50wnEK-z5fGay3rY6HxiLLa_ymkA@mail.gmail.com>","Yes, I have sen that. But java.io.tmpdir has a default definition in
linux--it is /tmp.



On Tue, Feb 16, 2016 at 2:17 PM, Ted Yu <yuzhihong@gmail.com> wrote:

> Have you seen this thread ?
>
>
> http://search-hadoop.com/m/q3RTtW43zT1e2nfb&subj=Re+ibsnappyjava+so+failed+to+map+segment+from+shared+object
>
> On Mon, Feb 15, 2016 at 7:09 PM, Paolo Villaflores <
> pbvillaflores@gmail.com> wrote:
>
>",0,2016-02-16,spark,user@spark.apache.org,"
 <CAG4H_gqp3TpgFo1aKHZbXn50wnEK-z5fGay3rY6HxiLLa_ymkA@mail.gmail.com>",Paolo Villaflores <pbvillaflores@gmail.com>,2026-09-30T21:31:59.701964
APACHE_LISTS_REMINING,Apache Lists,UnsatisfiedLinkError,Re: spark 1.6 Not able to start spark,"https://lists.apache.org/thread/
 <CAGw27w-OZO2uHYO-omravzD+bX+KWdYgbki1y+aToP4xBu6Tdg@mail.gmail.com>","I'm using hadoop 2.7

Exception in thread ""main"" java.lang.RuntimeException:
java.lang.reflect.InvocationTargetException
        at
org.apache.hadoop.util.ReflectionUtils.newInstance(ReflectionUtils.java:131)
        at org.apache.hadoop.security.Groups.<init>(Groups.java:70)
        at org.apache.hadoop.security.Groups.<init>(Groups.java:66)
        at
org.apache.hadoop.security.Groups.getUserToG",0,2016-02-23,spark,user@spark.apache.org,"
 <CAGw27w-OZO2uHYO-omravzD+bX+KWdYgbki1y+aToP4xBu6Tdg@mail.gmail.com>",Arunkumar Pillai <arunkumar1111@gmail.com>,2026-09-30T21:31:59.701966
APACHE_LISTS_REMINING,Apache Lists,UnsatisfiedLinkError,Re: spark 1.6 Not able to start spark,https://lists.apache.org/thread/<9C9E9C27-92B2-4BCC-9E49-DF73D939D66C@hortonworks.com>,"
On 23 Feb 2016, at 08:22, Arunkumar Pillai <arunkumar1111@gmail.com<mailto:arunkumar1111@gmail.com>> wrote:

        at org.apache.spark.deploy.SparkSubmit$.main(SparkSubmit.scala:121)
        at org.apache.spark.deploy.SparkSubmit.main(SparkSubmit.scala)
Caused by: java.lang.reflect.InvocationTargetException
        at sun.reflect.NativeConstructorAccessorImpl.newInstance0(Native Method)
       ",0,2016-02-23,spark,user@spark.apache.org,<9C9E9C27-92B2-4BCC-9E49-DF73D939D66C@hortonworks.com>,Steve Loughran <stevel@hortonworks.com>,2026-09-30T21:31:59.701969
APACHE_LISTS_REMINING,Apache Lists,javah,"How to obtain JavaHBaseContext  to connection SparkStreaming with
 HBase",https://lists.apache.org/thread/<B3EC8CA3BC7C0440BBCDDC51EB3E81539C162E@BDC-EXMBX2.mm-ads.com>,"I am trying to integrate SparkStreaming with HBase. I am calling following APIs to connect to HBase

HConnection hbaseConnection = HConnectionManager.createConnection(conf); hBaseTable = hbaseConnection.getTable(hbaseTable);

Since I cannot get the connection and broadcast the connection each API call to get data from HBase is very expensive.

I tried using JavaHBaseContext (JavaHBaseContext hbase",0,2016-03-09,spark,user@spark.apache.org,<B3EC8CA3BC7C0440BBCDDC51EB3E81539C162E@BDC-EXMBX2.mm-ads.com>,Rachana Srivastava <Rachana.Srivastava@markmonitor.com>,2026-09-30T21:32:14.241806
APACHE_LISTS_REMINING,Apache Lists,javah,"Re: How to obtain JavaHBaseContext to connection SparkStreaming with
 HBase","https://lists.apache.org/thread/
 <CALte62yM0gZ7btDKoFbth2HGNcRy7d=39FA4Boq8F+8Kn_-=GQ@mail.gmail.com>","bq. Question is how to get maven repository

As you may have noted, version has SNAPSHOT in it.
Please checkout latest code from master branch and build it yourself.

2.0 release is still a few months away - though backport of hbase-spark
module should come in 1.3 release.

On Wed, Mar 9, 2016 at 9:12 AM, Rachana Srivastava <
Rachana.Srivastava@markmonitor.com> wrote:

> I am trying to integrate S",0,2016-03-09,spark,user@spark.apache.org,"
 <CALte62yM0gZ7btDKoFbth2HGNcRy7d=39FA4Boq8F+8Kn_-=GQ@mail.gmail.com>",Ted Yu <yuzhihong@gmail.com>,2026-09-30T21:32:14.241823
APACHE_LISTS_REMINING,Apache Lists,JVM crash,No active SparkContext,https://lists.apache.org/thread/<56F3AB36.2090708@datapath.io>,"Hi there,

we're using with the java-api (1.6.0) a ScheduledExecutor that
continuously executes a SparkJob to a standalone cluster.

After each job we close the JavaSparkContext and create a new one.

But sometimes the Scheduling JVM crashes with:

24.03.2016-08:30:27:375# error - Application has been killed. Reason:
All masters are unresponsive! Giving up.
24.03.2016-08:30:27:398# error - Error i",0,2016-03-24,spark,user@spark.apache.org,<56F3AB36.2090708@datapath.io>,Max Schmidt <max@datapath.io>,2026-09-30T21:32:14.241826
APACHE_LISTS_REMINING,Apache Lists,JVM crash,Re: No active SparkContext,https://lists.apache.org/thread/<56FCC8C8.9040602@datapath.io>,"Just to mark this question closed - we expierienced an OOM-Exception on
the Master, which we didn't see on the Driver, but made him crash.

Am 24.03.2016 um 09:54 schrieb Max Schmidt:
> Hi there,
>
> we're using with the java-api (1.6.0) a ScheduledExecutor that
> continuously executes a SparkJob to a standalone cluster.
>
> After each job we close the JavaSparkContext and create a new one.
>
> Bu",0,2016-03-31,spark,user@spark.apache.org,<56FCC8C8.9040602@datapath.io>,Max Schmidt <max@datapath.io>,2026-09-30T21:32:14.241829
APACHE_LISTS_REMINING,Apache Lists,UnsatisfiedLinkError,Spark + Secure HDFS Cluster,https://lists.apache.org/thread/<1288155466.1593443.1460503559120.JavaMail.yahoo@mail.yahoo.com>,"Hello,
I am trying to understand Spark support to access secure HDFS cluster.
My plan is to deploy Spark on Mesos which will access a secure HDFS cluster running elsewhere in the network. I am trying to understand how much of support do exist as of now? 
My understanding is Spark as of now supports accessing secured Hadoop cluster only through ""Spark on YARN"" deployment option where the principal ",0,2016-04-12,spark,user@spark.apache.org,<1288155466.1593443.1460503559120.JavaMail.yahoo@mail.yahoo.com>,Vijay Srinivasaraghavan <vijikarthi@yahoo.com.INVALID>,2026-09-30T21:32:26.715468
APACHE_LISTS_REMINING,Apache Lists,UnsatisfiedLinkError,Spark acessing secured HDFS,https://lists.apache.org/thread/<1460504077363-26766.post@n3.nabble.com>,"Hello,

I am trying to understand Spark support to access secure HDFS cluster.

My plan is to deploy ""Spark on Mesos"" which will access a secure HDFS
cluster running elsewhere in the network. I am trying to understand how much
of support do exist as of now? 

My understanding is Spark as of now supports accessing secured Hadoop
cluster only through ""Spark on YARN"" deployment option where the princ",0,2016-04-12,spark,user@spark.apache.org,<1460504077363-26766.post@n3.nabble.com>,vijikarthi <vijikarthi@yahoo.com>,2026-09-30T21:32:26.715501
APACHE_LISTS_REMINING,Apache Lists,UnsatisfiedLinkError,"Re: IllegalArgumentException UnsatisfiedLinkError snappy-1.1.2
 spark-shell error",https://lists.apache.org/thread/<CAFoWv_d-CW1maeqHNYr6_MbY43zRW5EXZpfoek=KY02d5vn1_w@mail.gmail.com>,"Hi Paolo,
Were you able to get this resolved? I am hitting this issue, can you please
share what was your solution.
Thanks

On Mon, Feb 15, 2016 at 7:49 PM, Paolo Villaflores <pbvillaflores@gmail.com>
wrote:

>
> Yes, I have sen that. But java.io.tmpdir has a default definition in
> linux--it is /tmp.
>
>
>
> On Tue, Feb 16, 2016 at 2:17 PM, Ted Yu <yuzhihong@gmail.com> wrote:
>
>> Have you seen t",0,2016-06-15,spark,user@spark.apache.org,<CAFoWv_d-CW1maeqHNYr6_MbY43zRW5EXZpfoek=KY02d5vn1_w@mail.gmail.com>,Arul Ramachandran <arkuppai@gmail.com>,2026-09-30T21:33:02.052505
APACHE_LISTS_REMINING,Apache Lists,JNA,Re: Multiple compute nodes in standalone mode,https://lists.apache.org/thread/<CALte62yzdx0sxPeO+Ge8Kh3sVRthQdpUR8bcHn0r2gYfEr84zA@mail.gmail.com>,"Have you looked at:

https://spark.apache.org/docs/latest/spark-standalone.html

On Thu, Jun 23, 2016 at 12:28 PM, avendaon <jnandez@sharcnet.ca> wrote:

> Hi all,
>
> I have a cluster that has multiple nodes, and the data partition is
> unified,
> therefore all my nodes in my computer can access to the data I am working
> on. Right now, I run Spark in a single node, and it work beautifully.
>
> M",0,2016-06-23,spark,user@spark.apache.org,<CALte62yzdx0sxPeO+Ge8Kh3sVRthQdpUR8bcHn0r2gYfEr84zA@mail.gmail.com>,Ted Yu <yuzhihong@gmail.com>,2026-09-30T21:33:02.052524
APACHE_LISTS_REMINING,Apache Lists,javah,How to connect HBase and Spark using Python?,https://lists.apache.org/thread/<1469032365535-27372.post@n3.nabble.com>,"I'd like to know whether there's any way to query HBase with Spark SQL via
the PySpark interface. See my question on SO:
http://stackoverflow.com/questions/38470114/how-to-connect-hbase-and-spark-using-python

The new HBase-Spark module in HBase, which introduces the
HBaseContext/JavaHBaseContext, can solve this but it appears to cater to
Scala/Java users only. Anybody know how Python users can ma",0,2016-07-20,spark,user@spark.apache.org,<1469032365535-27372.post@n3.nabble.com>,Def_Os <njdevos@gmail.com>,2026-09-30T21:33:14.311011
APACHE_LISTS_REMINING,Apache Lists,compilation errors,spark 2.0 in intellij,https://lists.apache.org/thread/<HE1PR07MB149968AD9C331955FDFC2CB38F1C0@HE1PR07MB1499.eurprd07.prod.outlook.com>,"Dear all,

I am Newbie to Spark. Currently I am trying to import the source code of Spark 2.0 as a Module to an existing client project.

I have imported Spark-core, Spark-sql and Spark-catalyst as maven dependencies in this client project.

During compilation errors as missing SqlBaseParser.java occurred.

After searching online, I found an article in StackOverflow http://stackoverflow.com/questi",0,2016-08-09,spark,user@spark.apache.org,<HE1PR07MB149968AD9C331955FDFC2CB38F1C0@HE1PR07MB1499.eurprd07.prod.outlook.com>,Michael Jay <mich.jay@outlook.com>,2026-09-30T21:33:33.948802
APACHE_LISTS_REMINING,Apache Lists,compilation errors,Re: spark 2.0 in intellij,https://lists.apache.org/thread/<HE1PR07MB1499AB0A850CFA71438E00188F1C0@HE1PR07MB1499.eurprd07.prod.outlook.com>,"Hi,


The problem has been solved simply by updating the scala sdk version from incompactible 2.10.x to correct version 2.11.x

________________________________
From: Michael Jay <mich.jay@outlook.com>
Sent: Tuesday, August 9, 2016 10:11:12 PM
To: user@spark.apache.org
Subject: spark 2.0 in intellij


Dear all,

I am Newbie to Spark. Currently I am trying to import the source code of Spark 2.0 as ",0,2016-08-09,spark,user@spark.apache.org,<HE1PR07MB1499AB0A850CFA71438E00188F1C0@HE1PR07MB1499.eurprd07.prod.outlook.com>,Michael Jay <mich.jay@outlook.com>,2026-09-30T21:33:33.948825
APACHE_LISTS_REMINING,Apache Lists,JNA,S3A + EMR failure when writing Parquet?,https://lists.apache.org/thread/<CABc3QxGNtsvoYVHipPGS5nP1KaPTFkzMvq8N-L+CGuxyYfYMfA@mail.gmail.com>,"Hi,

I'm having some trouble figuring out a failure when using S3A when writing
a DataFrame as Parquet on EMR 4.7.2 (which is Hadoop 2.7.2 and Spark
1.6.2). It works when using EMRFS (s3://), though.

I'm using these extra conf params, though I've also tried without
everything but the encryption one with the same result:

--conf spark.hadooop.mapreduce.fileoutputcommitter.algorithm.version=2
--con",0,2016-08-28,spark,user@spark.apache.org,<CABc3QxGNtsvoYVHipPGS5nP1KaPTFkzMvq8N-L+CGuxyYfYMfA@mail.gmail.com>,Everett Anderson <everett@nuna.com.INVALID>,2026-09-30T21:33:33.948830
APACHE_LISTS_REMINING,Apache Lists,JNA,Re: S3A + EMR failure when writing Parquet?,https://lists.apache.org/thread/<CABc3QxH31xfsqcboDbbjwZ2jhA3cov3L50kO2=8_tpn8E8Ssew@mail.gmail.com>,"(Sorry, typo -- I was using spark.hadoop.mapreduce.
fileoutputcommitter.algorithm.version=2 not 'hadooop', of course)

On Sun, Aug 28, 2016 at 12:51 PM, Everett Anderson <everett@nuna.com> wrote:

> Hi,
>
> I'm having some trouble figuring out a failure when using S3A when writing
> a DataFrame as Parquet on EMR 4.7.2 (which is Hadoop 2.7.2 and Spark
> 1.6.2). It works when using EMRFS (s3://), th",0,2016-08-28,spark,user@spark.apache.org,<CABc3QxH31xfsqcboDbbjwZ2jhA3cov3L50kO2=8_tpn8E8Ssew@mail.gmail.com>,Everett Anderson <everett@nuna.com.INVALID>,2026-09-30T21:33:33.948834
APACHE_LISTS_REMINING,Apache Lists,javah,Issue with Spark HBase connector streamBulkGet method,https://lists.apache.org/thread/<1472443033512-27613.post@n3.nabble.com>,"I'm trying to use streamBulkGet method in my Spark application. I want to
save the result of this streamBulkGet to a JavaDStream object, but I'm
unable to get the code compiled. I get error:

Required: org.apache....JavaDStream<String>
Found: void


Here is the code:

JavaDStream<String> x =
this.javaHBaseContext.streamBulkGet(TableName.valueOf(""x""),
        1000,
        rowsRdd,
        get -> {",0,2016-08-28,spark,user@spark.apache.org,<1472443033512-27613.post@n3.nabble.com>,BiksN <bikrantneupane@gmail.com>,2026-09-30T21:33:33.948837
APACHE_LISTS_REMINING,Apache Lists,JNA,Re: S3A + EMR failure when writing Parquet?,https://lists.apache.org/thread/<CABc3QxHB220GoDSNNbWxNgLjvZE_1td3zDYjVfDai30Z-4Qypg@mail.gmail.com>,"Okay, I don't think it's really just S3A issue, anymore. I can run the job
using fs.s3.impl/spark.hadoop.fs.s3.impl set to the S3A impl as a --conf
param from the EMR console successfully, as well.

The problem seems related to the fact that we're trying to spark-submit
jobs to a YARN cluster from outside the cluster itself.

The docs <https://spark.apache.org/docs/1.6.2/running-on-yarn.html> sugg",0,2016-08-29,spark,user@spark.apache.org,<CABc3QxHB220GoDSNNbWxNgLjvZE_1td3zDYjVfDai30Z-4Qypg@mail.gmail.com>,Everett Anderson <everett@nuna.com.INVALID>,2026-09-30T21:33:33.948840
APACHE_LISTS_REMINING,Apache Lists,JNA,Re: S3A + EMR failure when writing Parquet?,https://lists.apache.org/thread/<5830D38F-12C1-4828-893F-B255522261BF@hortonworks.com>,"
On 29 Aug 2016, at 18:18, Everett Anderson <everett@nuna.com.INVALID<mailto:everett@nuna.com.invalid>> wrote:

Okay, I don't think it's really just S3A issue, anymore. I can run the job using fs.s3.impl/spark.hadoop.fs.s3.impl set to the S3A impl as a --conf param from the EMR console successfully, as well.

The problem seems related to the fact that we're trying to spark-submit jobs to a YA",0,2016-08-30,spark,user@spark.apache.org,<5830D38F-12C1-4828-893F-B255522261BF@hortonworks.com>,Steve Loughran <stevel@hortonworks.com>,2026-09-30T21:33:33.948843
APACHE_LISTS_REMINING,Apache Lists,JNA,Re: S3A + EMR failure when writing Parquet?,https://lists.apache.org/thread/<CABc3QxE0j9Mh+KDoE9xJ9_5++F_p5TQLtHs5U-os2jz_r6d4rA@mail.gmail.com>,"Hey,

Thanks for the reply and sorry for the late response!

I haven't been able to figure out the root cause, but I have been able to
get things working if both the cluster and the remote submitter use S3A
instead of EMRFS for all s3:// interactions, so I'm going with that, for
now.

My impression from reading your various other replies on S3A is that it's
also best to use mapreduce.fileoutputcom",0,2016-09-04,spark,user@spark.apache.org,<CABc3QxE0j9Mh+KDoE9xJ9_5++F_p5TQLtHs5U-os2jz_r6d4rA@mail.gmail.com>,Everett Anderson <everett@nuna.com.INVALID>,2026-09-30T21:33:46.306876
APACHE_LISTS_REMINING,Apache Lists,JNA,Re: Streaming Backpressure with Multiple Streams,https://lists.apache.org/thread/<CAKWX9VVHeVnjFNigya2sj1KbxyHGQhrwoDcZMfxGRXrytyd02g@mail.gmail.com>,"Does the same thing happen if you're only using direct stream plus back
pressure, not the receiver stream?

On Sep 9, 2016 6:41 PM, ""Jeff Nadler"" <jnadler@srcginc.com> wrote:

> Maybe this is a pretty esoteric implementation, but I'm seeing some bad
> behavior with backpressure plus multiple Kafka streams / direct streams.
>
> Here's the scenario:
> We have 1 Kafka topic using the reliable receive",0,2016-09-09,spark,user@spark.apache.org,<CAKWX9VVHeVnjFNigya2sj1KbxyHGQhrwoDcZMfxGRXrytyd02g@mail.gmail.com>,Cody Koeninger <cody@koeninger.org>,2026-09-30T21:33:46.306893
APACHE_LISTS_REMINING,Apache Lists,JNA,Re: Streaming Backpressure with Multiple Streams,https://lists.apache.org/thread/<CAGUewzjzDitN1+3Ti3pKjRDbnAU1cxn5q_zyznpE+hAux3qtmQ@mail.gmail.com>,"Yes I'll test that next.

On Sep 9, 2016 5:36 PM, ""Cody Koeninger"" <cody@koeninger.org> wrote:

> Does the same thing happen if you're only using direct stream plus back
> pressure, not the receiver stream?
>
> On Sep 9, 2016 6:41 PM, ""Jeff Nadler"" <jnadler@srcginc.com> wrote:
>
>> Maybe this is a pretty esoteric implementation, but I'm seeing some bad
>> behavior with backpressure plus multiple K",0,2016-09-09,spark,user@spark.apache.org,<CAGUewzjzDitN1+3Ti3pKjRDbnAU1cxn5q_zyznpE+hAux3qtmQ@mail.gmail.com>,Jeff Nadler <jnadler@srcginc.com>,2026-09-30T21:33:46.306896
APACHE_LISTS_REMINING,Apache Lists,JNA,Re: Streaming Backpressure with Multiple Streams,https://lists.apache.org/thread/<CAGUewzgmO0KHGQvgj1ykk57roNHeeP_5v17V68+H10-aCX8JgA@mail.gmail.com>,"So as you were maybe thinking, it only happens with the combination:

Direct Stream only + backpressure = works as expected

4x Receiver on Topic A + Direct Stream on Topic B + backpressure = the
direct stream is throttled even in the absence of scheduling delay

This is using Spark 1.5.0 on CDH.

After it's been running for several minutes if I look at ""Input Metadata"" I
can see that the direct s",0,2016-09-14,spark,user@spark.apache.org,<CAGUewzgmO0KHGQvgj1ykk57roNHeeP_5v17V68+H10-aCX8JgA@mail.gmail.com>,Jeff Nadler <jnadler@srcginc.com>,2026-09-30T21:33:46.306899
APACHE_LISTS_REMINING,Apache Lists,JNA,Re: Not all KafkaReceivers processing the data Why?,https://lists.apache.org/thread/<CAGUewzhKygmvbPG4KMFM2iiSe5kS_4QS-LRHUTMu28VYU8RdoA@mail.gmail.com>,"Sure the partitions exist, but is there data in all partitions?   Try the
kafka offset checker:

kafka-run-class.sh kafka.tools.ConsumerOffsetChecker --zookeeper
localhost:2181 -group <my-consumer-group> -topic <my-topic-name>

On Wed, Sep 14, 2016 at 1:00 PM, <Rachana.Srivastava@thomsonreuters.com>
wrote:

> Sure thanks I have removed dev.   I do see all the partitions created
> correctly at Kafk",0,2016-09-14,spark,user@spark.apache.org,<CAGUewzhKygmvbPG4KMFM2iiSe5kS_4QS-LRHUTMu28VYU8RdoA@mail.gmail.com>,Jeff Nadler <jnadler@srcginc.com>,2026-09-30T21:33:46.306901
APACHE_LISTS_REMINING,Apache Lists,JNA,Re: Best way to present data collected by Flume through Spark,https://lists.apache.org/thread/<CAJ3fcbCm-Yjn4TuGaOD23pj_2iq2UjDzbbW_grn0_m32jJgDkw@mail.gmail.com>,"Thanks guys.

This is I would propose to  proceed.


   1. For speed layer. get data through Spark Streaming (SS), loop over rdd
   for individual prices, do some work and alert the trader. This works OK but
   obviously is expensive resource wise
   2. In the same SS one cannot process RDD to disk  -->
   cachedRDD.saveAsTextFile(""/data/prices/prices_"" +
   System.currentTimeMillis.toString) and ",0,2016-09-15,spark,user@spark.apache.org,<CAJ3fcbCm-Yjn4TuGaOD23pj_2iq2UjDzbbW_grn0_m32jJgDkw@mail.gmail.com>,Mich Talebzadeh <mich.talebzadeh@gmail.com>,2026-09-30T21:33:46.306904
APACHE_LISTS_REMINING,Apache Lists,JNA,Re: Best way to present data collected by Flume through Spark,https://lists.apache.org/thread/<CAJ3fcbBCNz5+LJdPPqJe=kLTwn0s3WV2AqSZL+Ckv77ngHBNag@mail.gmail.com>,"OK this seems to be working for the ""Batch layer"". I will try to create a
functional diagram for it


   1. Publisher sends prices every two seconds
   2. Kafka receives data
   3. Flume delivers data from Kafka to HDFS on text files time stamped
   4. A Hive ORC external table (source table) is created on the directory
   where flume writes continuously
   5. All temporary flume tables are prefix",0,2016-09-15,spark,user@spark.apache.org,<CAJ3fcbBCNz5+LJdPPqJe=kLTwn0s3WV2AqSZL+Ckv77ngHBNag@mail.gmail.com>,Mich Talebzadeh <mich.talebzadeh@gmail.com>,2026-09-30T21:33:46.306906
APACHE_LISTS_REMINING,Apache Lists,javah,Java Compatibity Problems when we install rJava,https://lists.apache.org/thread/<9C6E9F62472F834688B022470389B8F71322B711@ARPMSW0016911.corp.heb.com>,"
The downloaded source packages are in
        �/tmp/RtmpfdQwg8/downloaded_packages�
[I 13:41:00.060 NotebookApp] Saving file at /R_test.ipynb
trying URL 'http://cran.us.r-project.org/src/contrib/rJava_0.9-8.tar.gz'
Content type 'application/x-gzip' length 656615 bytes (641 KB)
==================================================
downloaded 641 KB

* installing *source* package �rJava� ...",0,2016-09-19,spark,user@spark.apache.org,<9C6E9F62472F834688B022470389B8F71322B711@ARPMSW0016911.corp.heb.com>,"""Arif,Mubaraka"" <arif.mubaraka@heb.com>",2026-09-30T21:33:46.306908
APACHE_LISTS_REMINING,Apache Lists,UnsatisfiedLinkError,Tutorial error - zeppelin 0.6.2 built with spark 2.0 and mapr,https://lists.apache.org/thread/<CA+e75uu3nhqyXbFbci_8g=k6bE+RVEpv+1RLtKe7s8VQrhgPwQ@mail.gmail.com>,"Hi,

I built zeppeling 0.6 branch using spark 2.0 using following mvn :

mvn clean package -Pbuild-distr -Pmapr41 -Pyarn -Pspark-2.0 -Pscala-2.11
-DskipTests

Built went successful.
I only have following set in zeppelin-conf.sh

export HADOOP_HOME=/opt/mapr/hadoop/hadoop-2.5.1/

export HADOOP_CONF_DIR=$HADOOP_HOME/etc/hadoop


i.e. I am using embedded spark 2.0 created during build process.

After",0,2016-09-26,spark,user@spark.apache.org,<CA+e75uu3nhqyXbFbci_8g=k6bE+RVEpv+1RLtKe7s8VQrhgPwQ@mail.gmail.com>,Nirav Patel <npatel@xactlycorp.com>,2026-09-30T21:33:46.306910
APACHE_LISTS_REMINING,Apache Lists,UnsatisfiedLinkError,Re: Tutorial error - zeppelin 0.6.2 built with spark 2.0 and mapr,https://lists.apache.org/thread/<CA+e75usVMw8LkGF9yAb4VNSCj57etWzLVN0nWmd=cnLQnNYxeg@mail.gmail.com>,"FYI, it works when I use MapR configured Spark 2.0. ie

export SPARK_HOME=/opt/mapr/spark/spark-2.0.0-bin-without-hadoop


Thanks

Nirav

On Mon, Sep 26, 2016 at 3:45 PM, Nirav Patel <npatel@xactlycorp.com> wrote:

> Hi,
>
> I built zeppeling 0.6 branch using spark 2.0 using following mvn :
>
> mvn clean package -Pbuild-distr -Pmapr41 -Pyarn -Pspark-2.0 -Pscala-2.11
> -DskipTests
>
> Built went su",0,2016-09-26,spark,user@spark.apache.org,<CA+e75usVMw8LkGF9yAb4VNSCj57etWzLVN0nWmd=cnLQnNYxeg@mail.gmail.com>,Nirav Patel <npatel@xactlycorp.com>,2026-09-30T21:33:46.306913
APACHE_LISTS_REMINING,Apache Lists,javah,Correct SparkLauncher usage,https://lists.apache.org/thread/<CAMVC6RP-OO6pcCry1jwS4UjnVfzBD+2h=EthLMmrMeQEB-cH3Q@mail.gmail.com>,"Dear fellow Spark users,

I have been trying to use *SparkLauncher.startApplication()* to launch a
Spark app from within java code, but unable to do so. However, same piece
of code is working if I use *SparkLauncher.launch()*.

Here are the corresponding code snippets :

*SparkAppHandle handle = new SparkLauncher()*

*
.setSparkHome(""/Users/miqbal1/DISTRIBUTED_WORLD/UNPACKED/spark-1.6.1-bin-hadoop",0,2016-11-08,spark,user@spark.apache.org,<CAMVC6RP-OO6pcCry1jwS4UjnVfzBD+2h=EthLMmrMeQEB-cH3Q@mail.gmail.com>,Mohammad Tariq <dontariq@gmail.com>,2026-09-30T21:34:10.572900
APACHE_LISTS_REMINING,Apache Lists,javah,Re: Correct SparkLauncher usage,https://lists.apache.org/thread/<CAAOnQ7sHfsLQukqYdpHkKvQ9Uz3u8V3=jvZM9jLDrsT5PXLGyw@mail.gmail.com>,"On Mon, Nov 7, 2016 at 3:29 PM, Mohammad Tariq <dontariq@gmail.com> wrote:
> I have been trying to use SparkLauncher.startApplication() to launch a Spark app from within java code, but unable to do so. However, same piece of code is working if I use SparkLauncher.launch().
>
> Here are the corresponding code snippets :
>
> SparkAppHandle handle = new SparkLauncher()
>
>         .setSparkHome(""/Use",0,2016-11-07,spark,user@spark.apache.org,<CAAOnQ7sHfsLQukqYdpHkKvQ9Uz3u8V3=jvZM9jLDrsT5PXLGyw@mail.gmail.com>,Marcelo Vanzin <vanzin@cloudera.com>,2026-09-30T21:34:10.572918
APACHE_LISTS_REMINING,Apache Lists,javah,Re: Correct SparkLauncher usage,https://lists.apache.org/thread/<CAMVC6ROuwR2LSQzExOY+9inKENBArrZzU48h8=ef=7yntscCcw@mail.gmail.com>,"Hi Marcelo,

Thank you for the prompt response. I tried adding listeners as well, didn't
work either. Looks like it isn't starting the job at all.


[image: --]

Tariq, Mohammad
[image: https://]about.me/mti
<https://about.me/mti?promo=email_sig&utm_source=email_sig&utm_medium=external_link&utm_campaign=chrome_ext>




[image: http://]

Tariq, Mohammad
about.me/mti
[image: http://]
<http://about.m",0,2016-11-08,spark,user@spark.apache.org,<CAMVC6ROuwR2LSQzExOY+9inKENBArrZzU48h8=ef=7yntscCcw@mail.gmail.com>,Mohammad Tariq <dontariq@gmail.com>,2026-09-30T21:34:10.572921
APACHE_LISTS_REMINING,Apache Lists,javah,Re: Correct SparkLauncher usage,https://lists.apache.org/thread/<CAAOnQ7vfSdnJjiQ8XyPgX4=34r6ikM4K+WOVcX=qqpW0XaMScg@mail.gmail.com>,"Then you need to look at your logs to figure out why the child app is not
working. ""startApplication"" will by default redirect the child's output to
the parent's logs.

On Mon, Nov 7, 2016 at 3:42 PM, Mohammad Tariq <dontariq@gmail.com> wrote:

> Hi Marcelo,
>
> Thank you for the prompt response. I tried adding listeners as well,
> didn't work either. Looks like it isn't starting the job at all.
>",0,2016-11-07,spark,user@spark.apache.org,<CAAOnQ7vfSdnJjiQ8XyPgX4=34r6ikM4K+WOVcX=qqpW0XaMScg@mail.gmail.com>,Marcelo Vanzin <vanzin@cloudera.com>,2026-09-30T21:34:10.572923
APACHE_LISTS_REMINING,Apache Lists,javah,Re: Correct SparkLauncher usage,https://lists.apache.org/thread/<CAMVC6RPBohhfUViGD9SO6+b5rHhNsvr4mAUDyj2sFWD-q5RKaQ@mail.gmail.com>,"Hi Marcelo,

After a few changes I got it working. However I could not understand one
thing. I need to call Thread.sleep() and then get the state explicitly in
order to make it work.

Also, no matter what I do my launcher program doesn't call stateChanged()
or infoChanged(). Here is my code :

public class RMLauncher implements SparkAppHandle.Listener {

  public static void main(String[] args) {
",0,2016-11-11,spark,user@spark.apache.org,<CAMVC6RPBohhfUViGD9SO6+b5rHhNsvr4mAUDyj2sFWD-q5RKaQ@mail.gmail.com>,Mohammad Tariq <dontariq@gmail.com>,2026-09-30T21:34:10.572926
APACHE_LISTS_REMINING,Apache Lists,UnsatisfiedLinkError,"Cannot find Native Library in ""cluster"" deploy-mode",https://lists.apache.org/thread/<1479159680896-28072.post@n3.nabble.com>,"hey guys,

I'm hoping someone could provide some assistance. I'm having issues
(UnsatisfiedLinkError) calling some native libraries when submitting the
application in ""cluster"" mode. When running the application in local mode,
the application runs fine. Here's what my setup looks like.

The .so files are stored in the same location across all cluster nodes. The
node that submits the application ha",0,2016-11-14,spark,user@spark.apache.org,<1479159680896-28072.post@n3.nabble.com>,jtgenesis <jtgenesis@gmail.com>,2026-09-30T21:34:10.572929
APACHE_LISTS_REMINING,Apache Lists,UnsatisfiedLinkError,"Re: Cannot find Native Library in ""cluster"" deploy-mode",https://lists.apache.org/thread/<1479187561702-28074.post@n3.nabble.com>,"Hi jtgenesis,

UnsatisfiedLinkError could be caused by the missing library that your .so
files require, so you may have a look at the exception message.

You can also try setExecutorEnv(""LD_LIBRARY_PATH"", "".:"" +
sys.env(""LD_LIBRARY_PATH"")) and then submit your job with your .so files
using the --files option. Spark would put these .so files in the working
directory of each exectuor.

Best



--
Vi",0,2016-11-14,spark,user@spark.apache.org,<1479187561702-28074.post@n3.nabble.com>,Mo Tao <mythly@qq.com>,2026-09-30T21:34:10.572931
APACHE_LISTS_REMINING,Apache Lists,JNA,SparkILoop doesn't run,https://lists.apache.org/thread/<B9BB5A40-7FCA-4D66-993C-6CAFD2BA3DB8@gmail.com>,"I am trying to use SparkILoop to write some tests(shown below) but the test hangs with the following stack trace. Any idea what is going on?


import org.apache.log4j.{Level, LogManager}
import org.apache.spark.repl.SparkILoop
import org.scalatest.{BeforeAndAfterAll, FunSuite}

class SparkReplSpec extends FunSuite with BeforeAndAfterAll {

  override def beforeAll(): Unit = {
  }

  override def a",0,2016-11-16,spark,user@spark.apache.org,<B9BB5A40-7FCA-4D66-993C-6CAFD2BA3DB8@gmail.com>,Mohit Jaggi <mohitjaggi@gmail.com>,2026-09-30T21:34:10.572933
APACHE_LISTS_REMINING,Apache Lists,JNA,Re: SparkILoop doesn't run,https://lists.apache.org/thread/<CAJLcJd9_G7FX-W306H8a45jq=ZEzN88SwfCEU6dtVaZYiDv+iQ@mail.gmail.com>,"Moving to user list

So this might be a better question for the user list - but is there a
reason you are trying to use the SparkILoop for tests?

On Thu, Nov 17, 2016 at 5:47 PM Mohit Jaggi <mohitjaggi@gmail.com> wrote:

>
>
> I am trying to use SparkILoop to write some tests(shown below) but the
> test hangs with the following stack trace. Any idea what is going on?
>
>
> import org.apache.log4j",0,2016-11-17,spark,user@spark.apache.org,<CAJLcJd9_G7FX-W306H8a45jq=ZEzN88SwfCEU6dtVaZYiDv+iQ@mail.gmail.com>,Holden Karau <holden@pigscanfly.ca>,2026-09-30T21:34:10.572936
APACHE_LISTS_REMINING,Apache Lists,JNA,Re: SparkILoop doesn't run,https://lists.apache.org/thread/<64C2FD46-49D4-4D32-A738-6DDDF2DD6E91@gmail.com>,"Thanks Holden. I did post to the user list but since this is not a common case, I am trying the developer list as well. Yes there is a reason: I get code from somewhere e.g. a notebook. This type of code did work for me before.

Mohit Jaggi
Founder,
Data Orchard LLC
www.dataorchardllc.com




> On Nov 17, 2016, at 8:53 AM, Holden Karau <holden@pigscanfly.ca> wrote:
> 
> Moving to user list
> 
> So",0,2016-11-17,spark,user@spark.apache.org,<64C2FD46-49D4-4D32-A738-6DDDF2DD6E91@gmail.com>,Mohit Jaggi <mohitjaggi@gmail.com>,2026-09-30T21:34:10.572938
APACHE_LISTS_REMINING,Apache Lists,JNA,Re: SparkILoop doesn't run,https://lists.apache.org/thread/<CAB5KhyugAnkqXTFtCBdGQRyJyFo1MMF2kc=BxwerZ9m=O9eLvQ@mail.gmail.com>,"Trying it out locally gave me an NPE. I'll look into it in more
detail, however the SparkILoop.run() method is dead code. It's used
nowhere in spark and can be removed without any issues.

On Thu, Nov 17, 2016 at 11:16 AM, Mohit Jaggi <mohitjaggi@gmail.com> wrote:
> Thanks Holden. I did post to the user list but since this is not a common
> case, I am trying the developer list as well. Yes there i",0,2016-11-21,spark,user@spark.apache.org,<CAB5KhyugAnkqXTFtCBdGQRyJyFo1MMF2kc=BxwerZ9m=O9eLvQ@mail.gmail.com>,Jakob Odersky <jakob@odersky.com>,2026-09-30T21:34:10.572940
APACHE_LISTS_REMINING,Apache Lists,JNA,Re: SparkILoop doesn't run,https://lists.apache.org/thread/<CAB5Khyv1reA1EMKWgNkO1MrR8fX+Eo4ftP1W5NcV2EBhWUAyjQ@mail.gmail.com>,"The issue I was having had to do with missing classpath settings; in
sbt it can be solved by setting `fork:=true` to run tests in new jvms
with appropriate classpaths.

Mohit, from the looks of the error message, it also appears to be some
classpath issue. This typically happens when there are libraries of
multiple scala versions on the same classpath. You mention that it
worked before, can you re",0,2016-11-21,spark,user@spark.apache.org,<CAB5Khyv1reA1EMKWgNkO1MrR8fX+Eo4ftP1W5NcV2EBhWUAyjQ@mail.gmail.com>,Jakob Odersky <jakob@odersky.com>,2026-09-30T21:34:10.572942
APACHE_LISTS_REMINING,Apache Lists,"UnsatisfiedLinkError, System.loadLibrary",Re: Third party library,https://lists.apache.org/thread/<CAPh_B=bW-h0mF8oYxqjOsdQ3-Gc9msnr0iV734cSBFx-J6buKw@mail.gmail.com>,"bcc dev@ and add user@


This is more a user@ list question rather than a dev@ list question. You
can do something like this:

object MySimpleApp {
  def loadResources(): Unit = // define some idempotent way to load
resources, e.g. with a flag or lazy val

  def main() = {
    ...

    sc.parallelize(1 to 10).mapPartitions { iter =>
      MySimpleApp.loadResources()

      // do whatever you want ",0,2016-11-25,spark,user@spark.apache.org,<CAPh_B=bW-h0mF8oYxqjOsdQ3-Gc9msnr0iV734cSBFx-J6buKw@mail.gmail.com>,Reynold Xin <rxin@databricks.com>,2026-09-30T21:34:10.572945
APACHE_LISTS_REMINING,Apache Lists,"UnsatisfiedLinkError, System.loadLibrary",Re: Third party library,https://lists.apache.org/thread/<CAPh_B=aGRg2RRMMixzj1EaO9sJyVV6uU6re+XZNUOwT7Xgaqqg@mail.gmail.com>,"That's just standard JNI and has nothing to do with Spark, does it?


On Sat, Nov 26, 2016 at 11:19 AM, vineet chadha <start.vineet@gmail.com>
wrote:

> Thanks Reynold for quick reply.
>
>  I have tried following:
>
> class MySimpleApp {
>  // ---Native methods
>   @native def fooMethod (foo: String): String
> }
>
> object MySimpleApp {
>   val flag = false
>   def loadResources() {
> System.loadL",0,2016-11-26,spark,user@spark.apache.org,<CAPh_B=aGRg2RRMMixzj1EaO9sJyVV6uU6re+XZNUOwT7Xgaqqg@mail.gmail.com>,Reynold Xin <rxin@databricks.com>,2026-09-30T21:34:10.572947
APACHE_LISTS_REMINING,Apache Lists,"UnsatisfiedLinkError, System.loadLibrary",Re: Third party library,https://lists.apache.org/thread/<CA+iiNx8uhObKi-UsGA+PFFmof0MHkLAaLbP=3+=WMXJ33-t2ZQ@mail.gmail.com>,"Yes this is a Java JNI question. Nothing to do with Spark really.

 java.lang.UnsatisfiedLinkError typically would mean the way you setup
LD_LIBRARY_PATH
is wrong unless you tell us that it is working for other cases but not this
one.

On Sat, Nov 26, 2016 at 11:23 AM, Reynold Xin <rxin@databricks.com> wrote:

> That's just standard JNI and has nothing to do with Spark, does it?
>
>
> On Sat, Nov ",0,2016-11-26,spark,user@spark.apache.org,<CA+iiNx8uhObKi-UsGA+PFFmof0MHkLAaLbP=3+=WMXJ33-t2ZQ@mail.gmail.com>,kant kodali <kanth909@gmail.com>,2026-09-30T21:34:10.572949
APACHE_LISTS_REMINING,Apache Lists,"UnsatisfiedLinkError, System.loadLibrary",Re: Third party library,https://lists.apache.org/thread/<CA+2z6u=JLOrg3PanE0iPEjpG2Y3Ttxe4Pia38C9Gm1xWHvQw8A@mail.gmail.com>,"Just subscribed to  Spark User.  So, forwarding message again.

On Sat, Nov 26, 2016 at 11:50 AM, vineet chadha <start.vineet@gmail.com>
wrote:

> Thanks Kant. Can you give me a sample program which allows me to call jni
> from executor task ?   I have jni working in standalone program in
> scala/java.
>
> Regards,
> Vineet
>
> On Sat, Nov 26, 2016 at 11:43 AM, kant kodali <kanth909@gmail.com> wro",0,2016-11-26,spark,user@spark.apache.org,<CA+2z6u=JLOrg3PanE0iPEjpG2Y3Ttxe4Pia38C9Gm1xWHvQw8A@mail.gmail.com>,vineet chadha <start.vineet@gmail.com>,2026-09-30T21:34:10.572951
APACHE_LISTS_REMINING,Apache Lists,"UnsatisfiedLinkError, System.loadLibrary",Re: Third party library,https://lists.apache.org/thread/<CA+iiNx-d7uY7eLmcb6jxVBKML5Rjbz=MhXy7S64=xO_y_2CiRg@mail.gmail.com>,"If it is working for standalone program I would think you can apply the
same settings across all the spark worker  and client machines and give
that a try. Lets start with that.

On Sat, Nov 26, 2016 at 11:59 AM, vineet chadha <start.vineet@gmail.com>
wrote:

> Just subscribed to  Spark User.  So, forwarding message again.
>
> On Sat, Nov 26, 2016 at 11:50 AM, vineet chadha <start.vineet@gmail.com",0,2016-11-26,spark,user@spark.apache.org,<CA+iiNx-d7uY7eLmcb6jxVBKML5Rjbz=MhXy7S64=xO_y_2CiRg@mail.gmail.com>,kant kodali <kanth909@gmail.com>,2026-09-30T21:34:10.572954
APACHE_LISTS_REMINING,Apache Lists,"UnsatisfiedLinkError, System.loadLibrary",Re: Third party library,https://lists.apache.org/thread/<A208E0C2-D84D-4EF6-9E5B-4C55A6D4AF07@gmail.com>,"Maybe you've already checked these out. Some basic questions that come to my mind are:
1) is this library ""foolib"" or ""foo-C-library"" available on the worker node?
2) if yes, is it accessible by the user/program (rwx)?

Thanks,
Vasu. 

> On Nov 26, 2016, at 5:08 PM, kant kodali <kanth909@gmail.com> wrote:
> 
> If it is working for standalone program I would think you can apply the same settings ac",0,2016-11-26,spark,user@spark.apache.org,<A208E0C2-D84D-4EF6-9E5B-4C55A6D4AF07@gmail.com>,Gmail <vgouraba@gmail.com>,2026-09-30T21:34:10.572956
APACHE_LISTS_REMINING,Apache Lists,"UnsatisfiedLinkError, System.loadLibrary",Re: Third party library,https://lists.apache.org/thread/<CA+iiNx_BSADGLpYv0e4S4imH418YcZj0hNE1gQzTSSntrxhuQg@mail.gmail.com>,"I would say instead of LD_LIBRARY_PATH you might want to use java.library.
path

in the following way

java -Djava.library.path=/path/to/my/library or pass java.library.path
along with spark-submit

On Sat, Nov 26, 2016 at 6:44 PM, Gmail <vgouraba@gmail.com> wrote:

> Maybe you've already checked these out. Some basic questions that come to
> my mind are:
> 1) is this library ""foolib"" or ""foo-C-li",0,2016-11-26,spark,user@spark.apache.org,<CA+iiNx_BSADGLpYv0e4S4imH418YcZj0hNE1gQzTSSntrxhuQg@mail.gmail.com>,kant kodali <kanth909@gmail.com>,2026-09-30T21:34:10.572959
APACHE_LISTS_REMINING,Apache Lists,"UnsatisfiedLinkError, System.loadLibrary",Re: Third party library,https://lists.apache.org/thread/<8BF1C3B5-027C-42BA-8473-37562BE81631@hortonworks.com>,"
On 27 Nov 2016, at 02:55, kant kodali <kanth909@gmail.com<mailto:kanth909@gmail.com>> wrote:

I would say instead of LD_LIBRARY_PATH you might want to use java.library.path

in the following way

java -Djava.library.path=/path/to/my/library or pass java.library.path along with spark-submit


This is only going to set up paths on the submitting system; to load JNI code in the executors, the binary",0,2016-11-27,spark,user@spark.apache.org,<8BF1C3B5-027C-42BA-8473-37562BE81631@hortonworks.com>,Steve Loughran <stevel@hortonworks.com>,2026-09-30T21:34:10.572961
APACHE_LISTS_REMINING,Apache Lists,JNA,Re: SparkILoop doesn't run,https://lists.apache.org/thread/<CALRVTp+nnpSE_r9TrF2-V8vzNofeuBYvzfw8CcJ9UxE8mb+YLg@mail.gmail.com>,"Thanks, I will look into the classpaths and check.

On Mon, Nov 21, 2016 at 3:28 PM, Jakob Odersky <jakob@odersky.com> wrote:

> The issue I was having had to do with missing classpath settings; in
> sbt it can be solved by setting `fork:=true` to run tests in new jvms
> with appropriate classpaths.
>
> Mohit, from the looks of the error message, it also appears to be some
> classpath issue. This ",0,2016-11-28,spark,user@spark.apache.org,<CALRVTp+nnpSE_r9TrF2-V8vzNofeuBYvzfw8CcJ9UxE8mb+YLg@mail.gmail.com>,Mohit Jaggi <mohitjaggi@gmail.com>,2026-09-30T21:34:10.572964
APACHE_LISTS_REMINING,Apache Lists,JNI error,Debugging persistence of custom estimator,https://lists.apache.org/thread/<1481105039853-28178.post@n3.nabble.com>,"Hi,

I am writing my first own spark pipeline components with persistence and
have troubles debugging them.
https://github.com/geoHeil/sparkCustomEstimatorPersistenceProblem holds a
minimal example where
`sbt run` and `sbt test` result in ""different"" errors.

When I tried to debug it in IntelliJ I only got a very strange JNI error
when run / debugged via its internal launcher.

Any input would be ",0,2016-12-07,spark,user@spark.apache.org,<1481105039853-28178.post@n3.nabble.com>,geoHeil <georg.kf.heiler@gmail.com>,2026-09-30T21:34:17.658598
APACHE_LISTS_REMINING,Apache Lists,"UnsatisfiedLinkError, System.loadLibrary",Re: Third party library,https://lists.apache.org/thread/<CA+2z6ukQJhFPN8aTDQt6WAi8EXz8AmYDXh+G7cS5XjiarE405Q@mail.gmail.com>,"Thanks Steve and Kant. Apologies for late reply as I was out for vacation.
Got  it working.  For other users:

def loadResources() {

        System.loadLibrary(""foolib"")

         val MyInstance  = new MyClass

         val retstr = MyInstance.foo(""mystring"") // method trying to invoke

 }

    val conf = new
SparkConf().setAppName(""SimpleApplication"").set(""SPARK_LIBRARY_PATH"",
 ""/lib/location"")
",0,2016-12-13,spark,user@spark.apache.org,<CA+2z6ukQJhFPN8aTDQt6WAi8EXz8AmYDXh+G7cS5XjiarE405Q@mail.gmail.com>,vineet chadha <start.vineet@gmail.com>,2026-09-30T21:34:17.658619
APACHE_LISTS_REMINING,Apache Lists,"UnsatisfiedLinkError, System.loadLibrary",Re: Third party library,https://lists.apache.org/thread/<CAB5Khysnr1HTLLhXJCoa=h6wzrEbGWgkJW=FYS0Ag6ECtmH51Q@mail.gmail.com>,"Hi Vineet,
great to see you solved the problem! Since this just appeared in my
inbox, I wanted to take the opportunity for a shameless plug:
https://github.com/jodersky/sbt-jni. In case you're using sbt and also
developing the native library, this plugin may help with the pains of
building and packaging JNI applications.

cheers,
--Jakob

On Tue, Dec 13, 2016 at 11:02 AM, vineet chadha <start.vine",0,2016-12-13,spark,user@spark.apache.org,<CAB5Khysnr1HTLLhXJCoa=h6wzrEbGWgkJW=FYS0Ag6ECtmH51Q@mail.gmail.com>,Jakob Odersky <jakob@odersky.com>,2026-09-30T21:34:17.658623
APACHE_LISTS_REMINING,Apache Lists,"UnsatisfiedLinkError, System.loadLibrary",Re: Third party library,https://lists.apache.org/thread/<CA+2z6ukVAhHHK8v_JxZqtCDGvgggU08z0Jn+8JBsmf+BiHAuoQ@mail.gmail.com>,"Thanks Jakob for sharing the link. Will try it out.

Regards,
Vineet

On Tue, Dec 13, 2016 at 3:00 PM, Jakob Odersky <jakob@odersky.com> wrote:

> Hi Vineet,
> great to see you solved the problem! Since this just appeared in my
> inbox, I wanted to take the opportunity for a shameless plug:
> https://github.com/jodersky/sbt-jni. In case you're using sbt and also
> developing the native library, th",0,2016-12-13,spark,user@spark.apache.org,<CA+2z6ukVAhHHK8v_JxZqtCDGvgggU08z0Jn+8JBsmf+BiHAuoQ@mail.gmail.com>,vineet chadha <start.vineet@gmail.com>,2026-09-30T21:34:17.658626
APACHE_LISTS_REMINING,Apache Lists,JNA,Re: [Spark SQL] Task failed while writing rows,https://lists.apache.org/thread/<CAJng51FNp_8RSMS1Xf_k-ryHUr0m_mpsADvXMJsMhy0iuJVV5g@mail.gmail.com>,"It seems like an issue w/ Hadoop. What do you get when you run hdfs
dfsadmin -report?

Anecdotally(And w/o specifics as it has been a while), I've generally used
Parquet instead of ORC as I've gotten a bunch of random problems reading
and writing ORC w/ Spark... but given ORC performs a lot better w/ Hive it
can be a pain.

On Sun, Dec 18, 2016 at 5:49 PM, Joseph Naegele <jnaegele@grierforensics.c",0,2016-12-19,spark,user@spark.apache.org,<CAJng51FNp_8RSMS1Xf_k-ryHUr0m_mpsADvXMJsMhy0iuJVV5g@mail.gmail.com>,Michael Stratton <michael.stratton@komodohealth.com>,2026-09-30T21:34:17.658630
APACHE_LISTS_REMINING,Apache Lists,JNA,RE: [Spark SQL] Task failed while writing rows,https://lists.apache.org/thread/<034701d25a29$2ae38b00$80aaa100$@grierforensics.com>,"Thanks Michael, hdfs dfsadmin -report tells me:

 

Configured Capacity: 7999424823296 (7.28 TB)

Present Capacity: 7997657774971 (7.27 TB)

DFS Remaining: 7959091768187 (7.24 TB)

DFS Used: 38566006784 (35.92 GB)

DFS Used%: 0.48%

Under replicated blocks: 0

Blocks with corrupt replicas: 0

Missing blocks: 0

Missing blocks (with replication factor 1): 0

 

-------------------------------------",0,2016-12-19,spark,user@spark.apache.org,<034701d25a29$2ae38b00$80aaa100$@grierforensics.com>,"""Joseph Naegele"" <jnaegele@grierforensics.com>",2026-09-30T21:34:17.658633
APACHE_LISTS_REMINING,Apache Lists,JNA,Re: [Spark SQL] Task failed while writing rows,https://lists.apache.org/thread/<CAJng51EVbBdCw0Yt5z49Jtt5DOSZ3+HEwKijLQGF7-_emZ21wQ@mail.gmail.com>,"I don't think the issue is an empty partition, but it may not hurt to try a
repartition prior to writing just to rule it out due to the premature EOF
exception.

On Mon, Dec 19, 2016 at 1:53 PM, Joseph Naegele <jnaegele@grierforensics.com
> wrote:

> Thanks Michael, hdfs dfsadmin -report tells me:
>
>
>
> Configured Capacity: 7999424823296 (7.28 TB)
>
> Present Capacity: 7997657774971 (7.27 TB)
>
",0,2016-12-19,spark,user@spark.apache.org,<CAJng51EVbBdCw0Yt5z49Jtt5DOSZ3+HEwKijLQGF7-_emZ21wQ@mail.gmail.com>,Michael Stratton <michael.stratton@komodohealth.com>,2026-09-30T21:34:17.658636
APACHE_LISTS_REMINING,Apache Lists,JNA,Re: [Spark SQL] Task failed while writing rows,https://lists.apache.org/thread/<CAMx2MhWq9jBs1=ii6uR8cqT2MtZ=Zp7stkJ1dM7WuCau52d1hA@mail.gmail.com>,"Hi,

I've just read your message.  Have you resolved the problem ?
If not, what is the contents of /etc/hosts ?

On Mon, Dec 19, 2016 at 10:09 PM, Michael Stratton <
michael.stratton@komodohealth.com> wrote:

> I don't think the issue is an empty partition, but it may not hurt to try
> a repartition prior to writing just to rule it out due to the premature EOF
> exception.
>
> On Mon, Dec 19, 2016",0,2016-12-25,spark,user@spark.apache.org,<CAMx2MhWq9jBs1=ii6uR8cqT2MtZ=Zp7stkJ1dM7WuCau52d1hA@mail.gmail.com>,Timur Shenkao <tsh@timshenkao.su>,2026-09-30T21:34:17.658639
APACHE_LISTS_REMINING,Apache Lists,JVM crash,Re: Spark 2.x OFF_HEAP persistence,https://lists.apache.org/thread/<CAHYz_O1VDUv2DJ7HQvowdVnLmmLSEjvGjQ6qjRzELe0Yi2UsrQ@mail.gmail.com>,"Thanks for the reply Gene. Looks like this means, with Spark 2.x, one has
to change from rdd.persist(StorageLevel.OFF_HEAP) to
rdd.saveAsTextFile(alluxioPath) / rdd.saveAsObjectFile (alluxioPath) for
guarantees like persisted rdd surviving a Spark JVM crash etc,  as also the
other benefits you mention.

Vin.

On Thu, Jan 5, 2017 at 2:50 AM, Gene Pang <gene.pang@gmail.com> wrote:

> Hi Vin,
>
> Fro",0,2017-01-05,spark,user@spark.apache.org,<CAHYz_O1VDUv2DJ7HQvowdVnLmmLSEjvGjQ6qjRzELe0Yi2UsrQ@mail.gmail.com>,Vin J <winjoshi3@gmail.com>,2026-09-30T21:34:48.048332
APACHE_LISTS_REMINING,Apache Lists,JNA,Re: Storage history in web UI,https://lists.apache.org/thread/<CACo38_QZ-nkVvGxTLJnkE0B5p6t5XxZ_Rh5GQgrOZ8sSH3aTAA@mail.gmail.com>,"Hi,

A possible workaround...Use SparkListener and save the results to a custom
sink.

After all web UI is a mere bag of SparkListeners + excellent
visualizations.

Jacek

On 3 Jan 2017 4:14 p.m., ""Joseph Naegele"" <jnaegele@grierforensics.com>
wrote:

Hi all,

Is there any way to observe Storage history in Spark, i.e. which RDDs were
cached and where, etc. after an application completes? It appear",0,2017-01-08,spark,user@spark.apache.org,<CACo38_QZ-nkVvGxTLJnkE0B5p6t5XxZ_Rh5GQgrOZ8sSH3aTAA@mail.gmail.com>,Jacek Laskowski <jacek@japila.pl>,2026-09-30T21:34:48.048355
APACHE_LISTS_REMINING,Apache Lists,JNA,Re: Storage history in web UI,https://lists.apache.org/thread/<CAMTDNfRyJs1RpaPFyw=vy+-vvSMwRq8JvTQpFXeJoLp1d2KkuQ@mail.gmail.com>,"@jacek - thanks a lot for the book

@joe - looks like the rest api also exposes a few things like
/applications/[app-id]/storage/rdd
/applications/[app-id]/storage/rdd/[rdd-id]
that might perhaps be of interest to you ?
http://spark.apache.org/docs/latest/monitoring.html





On 9 January 2017 at 12:07:34 AM, Jacek Laskowski (jacek@japila.pl) wrote:

Hi,

A possible workaround...Use SparkListener ",0,2017-01-08,spark,user@spark.apache.org,<CAMTDNfRyJs1RpaPFyw=vy+-vvSMwRq8JvTQpFXeJoLp1d2KkuQ@mail.gmail.com>,Appu K <kutt4n@gmail.com>,2026-09-30T21:34:48.048359
APACHE_LISTS_REMINING,Apache Lists,JNA,Re: Spark SQL 1.6.3 ORDER BY and partitions,https://lists.apache.org/thread/<BY1PR0501MB160849323FD98BCCD422AD8ED0640@BY1PR0501MB1608.namprd05.prod.outlook.com>,"I am not sure what do you mean that ""table"" is comprised of 200/1200 partitions.


A partition could mean the dataset(RDD/DataFrame) will be chunked within Spark, then processed; Or it could mean you define the metadata in the Hive of the partitions of the table.

If you mean the first one, so you control the number of partitions by 'spark.sql.shuffle.partitions', which has the default value of 20",0,2017-01-09,spark,user@spark.apache.org,<BY1PR0501MB160849323FD98BCCD422AD8ED0640@BY1PR0501MB1608.namprd05.prod.outlook.com>,Yong Zhang <java8964@hotmail.com>,2026-09-30T21:34:48.048364
APACHE_LISTS_REMINING,Apache Lists,JVM crash,Re: Spark 2.x OFF_HEAP persistence,https://lists.apache.org/thread/<CAKiCf1LCZvmL-7KsDFXpj_m=gKeMz7k=oVQKa=5+XX48-FtY_w@mail.gmail.com>,"Yes, as far as I can tell, your description is accurate.

Thanks,
Gene

On Wed, Jan 4, 2017 at 9:37 PM, Vin J <winjoshi3@gmail.com> wrote:

> Thanks for the reply Gene. Looks like this means, with Spark 2.x, one has
> to change from rdd.persist(StorageLevel.OFF_HEAP) to rdd.saveAsTextFile(alluxioPath)
> / rdd.saveAsObjectFile (alluxioPath) for guarantees like persisted rdd
> surviving a Spark JVM ",0,2017-01-09,spark,user@spark.apache.org,<CAKiCf1LCZvmL-7KsDFXpj_m=gKeMz7k=oVQKa=5+XX48-FtY_w@mail.gmail.com>,Gene Pang <gene.pang@gmail.com>,2026-09-30T21:34:48.048368
APACHE_LISTS_REMINING,Apache Lists,compilation errors,Spark Source Code Configuration,https://lists.apache.org/thread/<MEXPR01MB04884066E9D6403B3D2F38E9817E0@MEXPR01MB0488.ausprd01.prod.outlook.com>,"Hi,

Is there any article/Docs/support to set up Apache Spark source code on  
Eclipse/InteliJ.

I have tried setting up the source code, by importing into Git & using  
maven. I am getting lot of compilation errors.

#suggestions

Regards,
Deepu Raj
+61 414 707 319

---------------------------------------------------------------------
To unsubscribe e-mail: user-unsubscribe@spark.apache.org

",0,2017-01-19,spark,user@spark.apache.org,<MEXPR01MB04884066E9D6403B3D2F38E9817E0@MEXPR01MB0488.ausprd01.prod.outlook.com>,Deepu Raj <deepuraj_tech@outlook.com>,2026-09-30T21:34:48.048372
APACHE_LISTS_REMINING,Apache Lists,compilation errors,Re: Spark Source Code Configuration,https://lists.apache.org/thread/<CADqp4WzyXdNJ+DhEm4-eMqmFMXPyA9ChFi7vvsZTTpdw=ugg7w@mail.gmail.com>,"Hi Deepu,

Hope this page can give you some help.
http://spark.apache.org/developer-tools.html

Best,
Kai

On Thu, Jan 19, 2017, 14:51 Deepu Raj <deepuraj_tech@outlook.com> wrote:

> Hi,
>
> Is there any article/Docs/support to set up Apache Spark source code on
> Eclipse/InteliJ.
>
> I have tried setting up the source code, by importing into Git & using
> maven. I am getting lot of compilation er",0,2017-01-19,spark,user@spark.apache.org,<CADqp4WzyXdNJ+DhEm4-eMqmFMXPyA9ChFi7vvsZTTpdw=ugg7w@mail.gmail.com>,Kai Jiang <jiangkai@gmail.com>,2026-09-30T21:34:48.048376
APACHE_LISTS_REMINING,Apache Lists,compilation errors,Re: Spark Source Code Configuration,https://lists.apache.org/thread/<MEXPR01MB04886F398EC26C112B5687AD81710@MEXPR01MB0488.ausprd01.prod.outlook.com>,"Thanks Kai,

I am getting the message and its stuck when I run sbt any idea:-

""Set current project to spark-parent (in build file:/home/cloudera/spark/)""

Details attached.

Regards,
Deepu Raj
+61 414 707 319




On Fri, 20 Jan 2017 10:27:16 +1100, Kai Jiang <jiangkai@gmail.com> wrote:


Hi Deepu,

Hope this page can give you some help. http://spark.apache.org/developer-tools.html

Best,
Kai

On ",0,2017-01-20,spark,user@spark.apache.org,<MEXPR01MB04886F398EC26C112B5687AD81710@MEXPR01MB0488.ausprd01.prod.outlook.com>,Deepu Raj <deepuraj_tech@outlook.com>,2026-09-30T21:34:48.048380
APACHE_LISTS_REMINING,Apache Lists,JNA,Re: spark cluster performance decreases by adding more nodes,https://lists.apache.org/thread/<314CE11F66A4A67B.2ff3c2a1-f80d-4773-9831-4599ecfe582a@mail.outlook.com>,"Maybe your master or zeppelin server is running out of memory and the more data it receives the more memory swapping it has to do....something to check.




Get Outlook for Android







On Wed, May 17, 2017 at 11:14 AM -0400, ""Junaid Nasir"" <jnasir@an10.io> wrote:










I have a large data set of 1B records and want to run analytics using Apache spark because of the scaling it provides, but ",0,2017-05-17,spark,user@spark.apache.org,<314CE11F66A4A67B.2ff3c2a1-f80d-4773-9831-4599ecfe582a@mail.outlook.com>,darren@ontrenet.com,2026-09-30T21:35:07.729865
APACHE_LISTS_REMINING,Apache Lists,JNA,Re: spark cluster performance decreases by adding more nodes,https://lists.apache.org/thread/<D328F9BC-3519-43A0-8A37-26CAD9C0019E@gmail.com>,"The issue might be group by , which under certain circumstances can cause a lot of traffic to one node. This transfer is of course obsolete the less nodes you have.
Have you checked in the UI what it reports?

> On 17. May 2017, at 17:13, Junaid Nasir <jnasir@an10.io> wrote:
> 
> I have a large data set of 1B records and want to run analytics using Apache spark because of the scaling it provides, ",0,2017-05-17,spark,user@spark.apache.org,<D328F9BC-3519-43A0-8A37-26CAD9C0019E@gmail.com>,Jörn Franke  <jornfranke@gmail.com>,2026-09-30T21:35:07.729881
APACHE_LISTS_REMINING,Apache Lists,JNA,Re: spark cluster performance decreases by adding more nodes,https://lists.apache.org/thread/<CAA+15pf3W5sdRuhOQBzZfx_gmT4sjb2yG36t4Bn51FP7Z_FX7A@mail.gmail.com>,"How many nodes do you have in casandra cluster?

On Thu, 18 May 2017 at 1:33 am, Jörn Franke <jornfranke@gmail.com> wrote:

> The issue might be group by , which under certain circumstances can cause
> a lot of traffic to one node. This transfer is of course obsolete the less
> nodes you have.
> Have you checked in the UI what it reports?
>
> On 17. May 2017, at 17:13, Junaid Nasir <jnasir@an10.io",0,2017-05-17,spark,user@spark.apache.org,<CAA+15pf3W5sdRuhOQBzZfx_gmT4sjb2yG36t4Bn51FP7Z_FX7A@mail.gmail.com>,ayan guha <guha.ayan@gmail.com>,2026-09-30T21:35:07.729884
APACHE_LISTS_REMINING,Apache Lists,JNA,Re: spark cluster performance decreases by adding more nodes,https://lists.apache.org/thread/<4fa597b8-6ac7-4c77-a715-a114d990f588@iJunaid>,"  
  
One cassandra node.
    
  
 Best Regards,  
Junaid Nasir
  
  
  
  
  

  
  
>   
> On May 18, 2017 at 3:56 AM,  <ayan guha (mailto:guha.ayan@gmail.com)>  wrote:
>   
>   
>   
> How many nodes do you have in casandra cluster?
>   
>
>   
>   
> On Thu, 18 May 2017 at 1:33 am, Jörn Franke  <jornfranke@gmail.com (mailto:jornfranke@gmail.com)>  wrote:
>   
> >   
> >   
> >
> >   
> > The i",0,2017-05-18,spark,user@spark.apache.org,<4fa597b8-6ac7-4c77-a715-a114d990f588@iJunaid>,jnasir@an10.io,2026-09-30T21:35:07.729886
APACHE_LISTS_REMINING,Apache Lists,JNA,Re: spark cluster performance decreases by adding more nodes,https://lists.apache.org/thread/<CABO3qfP6DLp_JkWe6trqO7KuNpSGzkPzW9hXUbY97SAJB=jKpg@mail.gmail.com>,"I can see tasks are equally dividing between nodes, how to check if one
node is getting all the traffic?
also I get similar results when querying just df.count(). thank you for
your time :)

On Wed, May 17, 2017 at 8:32 PM, Jörn Franke <jornfranke@gmail.com> wrote:

> The issue might be group by , which under certain circumstances can cause
> a lot of traffic to one node. This transfer is of cours",0,2017-05-18,spark,user@spark.apache.org,<CABO3qfP6DLp_JkWe6trqO7KuNpSGzkPzW9hXUbY97SAJB=jKpg@mail.gmail.com>,Junaid Nasir <jnasir@an10.io>,2026-09-30T21:35:07.729888
APACHE_LISTS_REMINING,Apache Lists,JNI error,Re: Spark Project build Issues.(Intellij),https://lists.apache.org/thread/<CALKvMUV5AFJp8ktog-7dFBOBceYh8ve-PHZw+JpeBadH-YsaeA@mail.gmail.com>,"Hi ,

I was able to successfully build the project(source code), from intellij.
But when i try to run any of the examples present in $SPARK_HOME/examples
folder , i am getting different errors for different example jobs.

example:
for structuredkafkawordcount example,

Exception in thread ""main"" java.lang.NoClassDefFoundError:
scala/collection/Seq
at
org.apache.spark.examples.sql.streaming.Structu",0,2017-06-28,spark,user@spark.apache.org,<CALKvMUV5AFJp8ktog-7dFBOBceYh8ve-PHZw+JpeBadH-YsaeA@mail.gmail.com>,satyajit vegesna <satyajit.apasprk@gmail.com>,2026-09-30T21:35:14.058281
APACHE_LISTS_REMINING,Apache Lists,JNA,Re: Iterate over grouped df to create new rows/df,https://lists.apache.org/thread/<CAA+15pdn5y32=nFJ0Ea6UxSdAHUp0svdCrRFj=qgVQ1HNGzQTA@mail.gmail.com>,"Hi

Happy that my solution worked for you. The solution is a sql trick to
identify the boundaries of a session. It has nothing to do with spark
itself.

In the first step it calculates the difference between two consecutive
rows. Then it gives a number fg which is a running number, remains same for
the records within 2 mins of the revious record and increments where the
gap is higher. That is the ",0,2017-07-10,spark,user@spark.apache.org,<CAA+15pdn5y32=nFJ0Ea6UxSdAHUp0svdCrRFj=qgVQ1HNGzQTA@mail.gmail.com>,ayan guha <guha.ayan@gmail.com>,2026-09-30T21:35:19.281995
APACHE_LISTS_REMINING,Apache Lists,JNA,unsubscribe,https://lists.apache.org/thread/<CANtwteByj_je=Gnyqwu8BXF4V=T_U3WNa60vRGJ58iU+mVA4bA@mail.gmail.com>,"Please unsubscribe me.

-- 
regards
Jnana Sagar
",0,2017-07-25,spark,user@spark.apache.org,<CANtwteByj_je=Gnyqwu8BXF4V=T_U3WNa60vRGJ58iU+mVA4bA@mail.gmail.com>,Jnana Sagar <jnanasagarkr@gmail.com>,2026-09-30T21:35:19.282030
APACHE_LISTS_REMINING,Apache Lists,JNA,UNSUBSCRIBE,https://lists.apache.org/thread/<CANtwteCgSN5voJgVxiDj6UghC2nfjy+T5w3AQ6ab8QNA85Pfuw@mail.gmail.com>,"Please Unsubscribe me.

-- 
regards
Jnana Sagar
",0,2017-08-02,spark,user@spark.apache.org,<CANtwteCgSN5voJgVxiDj6UghC2nfjy+T5w3AQ6ab8QNA85Pfuw@mail.gmail.com>,Jnana Sagar <jnanasagarkr@gmail.com>,2026-09-30T21:35:23.931059
APACHE_LISTS_REMINING,Apache Lists,UnsatisfiedLinkError,Add snappy support for spark in Windows,https://lists.apache.org/thread/<CALKP4H5QreJysg4AxZg_MfakR=7Xji4t41=N2RFTrGrFt_fXrg@mail.gmail.com>,"I am working on importing snappy compressed json file into spark rdd or
dataset. However I meet this error: java.lang.UnsatisfiedLinkError:
org.apache.hadoop.util.NativeCodeLoader.buildSupportsSnappy()Z

I have set the following configuration:

SparkConf conf = new SparkConf()
            .setAppName(""normal spark"")
            .setMaster(""local"")
            .set(""spark.io.compression.codec"",
""or",0,2017-12-04,spark,user@spark.apache.org,<CALKP4H5QreJysg4AxZg_MfakR=7Xji4t41=N2RFTrGrFt_fXrg@mail.gmail.com>,Junfeng Chen <darouwan@gmail.com>,2026-09-30T21:36:36.719626
APACHE_LISTS_REMINING,Apache Lists,UnsatisfiedLinkError,Re: Add snappy support for spark in Windows,https://lists.apache.org/thread/<5FCAAD2C-D0BC-4077-9764-EC39C366CF86@capitalone.com>,"It seems a common mistake that the path is not accessible by workers/executors.

Best regards
Richard

Sent from my iPhone

On Dec 3, 2017, at 22:32, Junfeng Chen <darouwan@gmail.com<mailto:darouwan@gmail.com>> wrote:


I am working on importing snappy compressed json file into spark rdd or dataset. However I meet this error: java.lang.UnsatisfiedLinkError: org.apache.hadoop.util.NativeC",0,2017-12-04,spark,user@spark.apache.org,<5FCAAD2C-D0BC-4077-9764-EC39C366CF86@capitalone.com>,"""Qiao, Richard"" <Richard.Qiao@capitalone.com>",2026-09-30T21:36:36.719638
APACHE_LISTS_REMINING,Apache Lists,UnsatisfiedLinkError,Re: Add snappy support for spark in Windows,https://lists.apache.org/thread/<CALKP4H7hNincP8fu_OcjqLuf7QkVb0X83+ZRXEzszkj0FpuUKw@mail.gmail.com>,"But I am working on my local development machine, so it should have no
relative to workers/executers.

I find some documents about enable snappy on hadoop. If I want to use
snappy with spark, do I need to config spark as hadoop or have some easy
way to access it?


Regard,
Junfeng Chen

On Mon, Dec 4, 2017 at 4:12 PM, Qiao, Richard <Richard.Qiao@capitalone.com>
wrote:

> It seems a common mistake ",0,2017-12-04,spark,user@spark.apache.org,<CALKP4H7hNincP8fu_OcjqLuf7QkVb0X83+ZRXEzszkj0FpuUKw@mail.gmail.com>,Junfeng Chen <darouwan@gmail.com>,2026-09-30T21:36:36.719641
APACHE_LISTS_REMINING,Apache Lists,UnsatisfiedLinkError,Re: Add snappy support for spark in Windows,https://lists.apache.org/thread/<EB73DE56-ECEB-4494-8416-A978A8F8ED0C@capitalone.com>,"Junjeng, it worth a try to start your spark local with hadoop.dll/winutils.exe etc hadoop windows support package in HADOOP_HOME, if you didn’t do that yet.

Best Regards
Richard


From: Junfeng Chen <darouwan@gmail.com>
Date: Monday, December 4, 2017 at 3:53 AM
To: ""Qiao, Richard"" <Richard.Qiao@capitalone.com>
Cc: ""user@spark.apache.org"" <user@spark.apache.org>
Subject: Re: Add snappy s",0,2017-12-04,spark,user@spark.apache.org,<EB73DE56-ECEB-4494-8416-A978A8F8ED0C@capitalone.com>,"""Qiao, Richard"" <Richard.Qiao@capitalone.com>",2026-09-30T21:36:36.719643
APACHE_LISTS_REMINING,Apache Lists,UnsatisfiedLinkError,Re: Add snappy support for spark in Windows,https://lists.apache.org/thread/<CALKP4H5QBd-OLa3H2HO2c=GOoYDPVHsPQZrS2hAcwHHYhLX3Tg@mail.gmail.com>,"I have put winutils and hadoop.dll within HADOOP_HOME, and spark works well
with it, but snappy decompress function throw the above exception.


Regard,
Junfeng Chen

On Mon, Dec 4, 2017 at 7:07 PM, Qiao, Richard <Richard.Qiao@capitalone.com>
wrote:

> Junjeng, it worth a try to start your spark local with
> hadoop.dll/winutils.exe etc hadoop windows support package in HADOOP_HOME,
> if you didn’t",0,2017-12-04,spark,user@spark.apache.org,<CALKP4H5QBd-OLa3H2HO2c=GOoYDPVHsPQZrS2hAcwHHYhLX3Tg@mail.gmail.com>,Junfeng Chen <darouwan@gmail.com>,2026-09-30T21:36:36.719645
APACHE_LISTS_REMINING,Apache Lists,"UnsatisfiedLinkError, System.loadLibrary",Re: Spark Dataframe and HIVE,https://lists.apache.org/thread/<CAB1GMvkGBF8Ppe56uB9pwy+3ccg9V5E5t_gpxQct8Rh1EK=-jw@mail.gmail.com>,"When I do that , and then do a select, full of errors. I think Hive table
to read.

select * from mine;
OK
SLF4J: Failed to load class ""org.slf4j.impl.StaticLoggerBinder"".
SLF4J: Defaulting to no-operation (NOP) logger implementation
SLF4J: See http://www.slf4j.org/codes.html#StaticLoggerBinder for further
details.
java.lang.reflect.InvocationTargetException
at sun.reflect.NativeMethodAccessorImpl",0,2018-02-11,spark,user@spark.apache.org,<CAB1GMvkGBF8Ppe56uB9pwy+3ccg9V5E5t_gpxQct8Rh1EK=-jw@mail.gmail.com>,☼ R Nair (रविशंकर नायर)  <ravishankar.nair@gmail.com>,2026-09-30T21:36:46.665146
APACHE_LISTS_REMINING,Apache Lists,"UnsatisfiedLinkError, System.loadLibrary",Re: Spark Dataframe and HIVE,https://lists.apache.org/thread/<CAFbeQtHGD33+EF4VvVdvXROvqv3_xNnrfx6W4P+L0iqSsxMMkg@mail.gmail.com>,"I can see its trying to read the parquet and failing while decompressing
using snappy:
parquet.hadoop.ParquetRecordReader.nextKeyValue(
ParquetRecordReader.java:201)

So the table looks good but this needs to be fixed before you can query the
data in hive.

Thanks
Deepak

On Sun, Feb 11, 2018 at 1:45 PM, ☼ R Nair (रविशंकर नायर) <
ravishankar.nair@gmail.com> wrote:

> When I do that , and then do a",0,2018-02-11,spark,user@spark.apache.org,<CAFbeQtHGD33+EF4VvVdvXROvqv3_xNnrfx6W4P+L0iqSsxMMkg@mail.gmail.com>,Deepak Sharma <deepakmca05@gmail.com>,2026-09-30T21:36:46.665161
APACHE_LISTS_REMINING,Apache Lists,"UnsatisfiedLinkError, System.loadLibrary",Re: Spark Dataframe and HIVE,https://lists.apache.org/thread/<CAPy9viCuXAviE_KFs9+GoPTCanJ6cvFm8gj3S_9+DNNMxvJVKg@mail.gmail.com>,"Your table is missing a ""PARTITIONED BY "" section.

Spark 2.x save the partition information in the  TBLPROPERTIES  section.


On Sun, Feb 11, 2018 at 10:41 AM, Deepak Sharma <deepakmca05@gmail.com>
wrote:

> I can see its trying to read the parquet and failing while decompressing
> using snappy:
> parquet.hadoop.ParquetRecordReader.nextKeyValue(ParquetRecor
> dReader.java:201)
>
> So the table lo",0,2018-02-11,spark,user@spark.apache.org,<CAPy9viCuXAviE_KFs9+GoPTCanJ6cvFm8gj3S_9+DNNMxvJVKg@mail.gmail.com>,Shmuel Blitz <shmuel.blitz@similarweb.com>,2026-09-30T21:36:46.665163
APACHE_LISTS_REMINING,Apache Lists,"UnsatisfiedLinkError, System.loadLibrary",Re: Spark Dataframe and HIVE,https://lists.apache.org/thread/<CAB1GMvn9jEvcTd0rbwFAnn_dar799gtCY9soFbBaUbRQSnW9NQ@mail.gmail.com>,"Hi,
So , is this a bug, or something I need to fix? If its our issue, how can
we fix? Please help.

Best,

On Sun, Feb 11, 2018 at 3:49 AM, Shmuel Blitz <shmuel.blitz@similarweb.com>
wrote:

> Your table is missing a ""PARTITIONED BY "" section.
>
> Spark 2.x save the partition information in the  TBLPROPERTIES  section.
>
>
> On Sun, Feb 11, 2018 at 10:41 AM, Deepak Sharma <deepakmca05@gmail.com>
>",0,2018-02-11,spark,user@spark.apache.org,<CAB1GMvn9jEvcTd0rbwFAnn_dar799gtCY9soFbBaUbRQSnW9NQ@mail.gmail.com>,☼ R Nair (रविशंकर नायर)  <ravishankar.nair@gmail.com>,2026-09-30T21:36:46.665166
APACHE_LISTS_REMINING,Apache Lists,"UnsatisfiedLinkError, System.loadLibrary",Re: Spark Dataframe and HIVE,https://lists.apache.org/thread/<7043A2D1-DE92-4A8E-A78B-EA9EB5404575@hortonworks.com>,"Its not a bug. You're missing a parquet dependency for Hive. Try saving the sample table as a CSV and seeing if that works. If it does, now you know its a matter of format. Lets try to keep this simple and see why Hive isn’t reading the files you created.

+1 Deepak. Lets also make sure we are using the Hive DDL to point to the tables file and definition.

Does this have to be in parquet? Hive",0,2018-02-11,spark,user@spark.apache.org,<7043A2D1-DE92-4A8E-A78B-EA9EB5404575@hortonworks.com>,Patrick Alwell <palwell@hortonworks.com>,2026-09-30T21:36:46.665168
APACHE_LISTS_REMINING,Apache Lists,compilation errors,"Error: NoSuchFieldError: HIVE_STATS_JDBC_TIMEOUT while running a
 Spark-Hive Job",https://lists.apache.org/thread/<CAMe19oOn9LY6KOSY-ei-r+FFKy1NSnXf_yiqPTy8X5-D8AvtBQ@mail.gmail.com>,"Hello there,
I am using *spark-2.3.0* compiled using the following Maven Command:
*mvn -Pyarn -Phive -Phive-thriftserver -DskipTests clean install.*
I have configured it to run with *Hive v2.3.3*. Also, all the Hive related
jars (*v1.2.1*) in the Spark's JAR folder have been replaced by all the
JARs available in Hive's *lib* folder and i have also configured Hive to
use *spark* as an *execution en",0,2018-04-16,spark,user@spark.apache.org,<CAMe19oOn9LY6KOSY-ei-r+FFKy1NSnXf_yiqPTy8X5-D8AvtBQ@mail.gmail.com>,Rishikesh Gawade <rishikeshg1996@gmail.com>,2026-09-30T21:37:10.270931
APACHE_LISTS_REMINING,Apache Lists,javah,"Re: [Apache Beam] Custom DataSourceV2 instanciation: parameters
 passing and Encoders",https://lists.apache.org/thread/<3fa7793db21b8746a449026047e06a4b218010e5.camel@apache.org>,"Hi everyone, 
Does anyone have comments on this question? 
CCing user ML
ThanksEtienne
Le mardi 11 décembre 2018 à 19:02 +0100, Etienne Chauchot a écrit :
> Hi Spark guys,
> I'm Etienne Chauchot and I'm a committer on the Apache Beam project. 
> We have what we call runners. They are pieces of software that translate pipelines written using Beam API into
> pipelines that use native execution engin",0,2018-12-18,spark,user@spark.apache.org,<3fa7793db21b8746a449026047e06a4b218010e5.camel@apache.org>,Etienne Chauchot <echauchot@apache.org>,2026-09-30T21:37:51.429301
APACHE_LISTS_REMINING,Apache Lists,JNI error,Hadoop free spark on kubernetes => NoClassDefFound,https://lists.apache.org/thread/<40EF8EC4A9C6ED40BAE0ADEA64DF05DC4679B339@DEGAMES02.eso.local>,"Hi,

we are having problems with using a custom hadoop lib in a spark image

when running it on a kubernetes cluster while following the steps of the documentation.

Details in the description below.



Does anyone else had similar problems? Is there something missing in the setup below?

Or is this a bug?







Hadoop free spark on kubernetes





Using custom hadoop libraries in spark image

do",0,2019-02-27,spark,user@spark.apache.org,<40EF8EC4A9C6ED40BAE0ADEA64DF05DC4679B339@DEGAMES02.eso.local>,Sommer Tobias <Tobias.Sommer@esolutions.de>,2026-09-30T21:37:57.350138
APACHE_LISTS_REMINING,Apache Lists,JNI error,Hadoop free spark on kubernetes => NoClassDefFound,https://lists.apache.org/thread/<40EF8EC4A9C6ED40BAE0ADEA64DF05DC4679BFCE@DEGAMES02.eso.local>,"Hi,

we are having problems with using a custom hadoop lib in a spark image

when running it on a kubernetes cluster while following the steps of the documentation.

Details in the description below.



Does anyone else had similar problems? Is there something missing in the setup below?

Or is this a bug?







Hadoop free spark on kubernetes





Using custom hadoop libraries in spark image

do",0,2019-03-07,spark,user@spark.apache.org,<40EF8EC4A9C6ED40BAE0ADEA64DF05DC4679BFCE@DEGAMES02.eso.local>,Sommer Tobias <Tobias.Sommer@esolutions.de>,2026-09-30T21:38:03.284293
APACHE_LISTS_REMINING,Apache Lists,JNI error,"[SparkSQL, user-defined Hadoop, K8s]  Hadoop free spark on
 kubernetes => NoClassDefFound",https://lists.apache.org/thread/<40EF8EC4A9C6ED40BAE0ADEA64DF05DC4679BFF6@DEGAMES02.eso.local>,"Hi all,

we are having problems with using a custom hadoop lib in a spark image

when running it on a kubernetes cluster while following the steps of the documentation.

Details in the description below.



Does anyone else had similar problems? Is there something missing in the setup below?

Or is this a bug?



Hadoop free spark on kubernetes





Using custom hadoop libraries in spark image

do",0,2019-03-07,spark,user@spark.apache.org,<40EF8EC4A9C6ED40BAE0ADEA64DF05DC4679BFF6@DEGAMES02.eso.local>,Sommer Tobias <Tobias.Sommer@esolutions.de>,2026-09-30T21:38:03.284311
APACHE_LISTS_REMINING,Apache Lists,UnsatisfiedLinkError,spark ./build/mvn test failed on aarch64,https://lists.apache.org/thread/<CAKzHFyUsmFJJ8oqYZhSrxAGiFhr-uWNQVBymi2n-RRfURKhjbQ@mail.gmail.com>,"Hi all,
Recently I run './build/mvn test' of spark on aarch64, and master and
branch-2.4 are all failled, the log pieces as below:

......

[INFO] T E S T S
[INFO] -------------------------------------------------------
[INFO] Running org.apache.spark.util.kvstore.LevelDBTypeInfoSuite
[INFO] Tests run: 10, Failures: 0, Errors: 0, Skipped: 0, Time elapsed:
0.081 s - in org.apache.spark.util.kvstore",0,2019-06-05,spark,user@spark.apache.org,<CAKzHFyUsmFJJ8oqYZhSrxAGiFhr-uWNQVBymi2n-RRfURKhjbQ@mail.gmail.com>,Tianhua huang <huangtianhua223@gmail.com>,2026-09-30T21:38:23.041368
APACHE_LISTS_REMINING,Apache Lists,UnsatisfiedLinkError,spark ./build/mvn test failed on aarch64,https://lists.apache.org/thread/<CAKzHFyXi8wPyYTGXNZ5O9RHRPJvE88g0ChxWW8X31UbKfr8wHA@mail.gmail.com>,"Hi all,
Recently I run './build/mvn test' of spark on aarch64, and master and
branch-2.4 are all failled, the log pieces as below:

......

[INFO] T E S T S
[INFO] -------------------------------------------------------
[INFO] Running org.apache.spark.util.kvstore.LevelDBTypeInfoSuite
[INFO] Tests run: 10, Failures: 0, Errors: 0, Skipped: 0, Time elapsed:
0.081 s - in org.apache.spark.util.kvstore",0,2019-06-05,spark,user@spark.apache.org,<CAKzHFyXi8wPyYTGXNZ5O9RHRPJvE88g0ChxWW8X31UbKfr8wHA@mail.gmail.com>,Tianhua huang <huangtianhua223@gmail.com>,2026-09-30T21:38:23.041396
APACHE_LISTS_REMINING,Apache Lists,compilation errors,Operators supported by Spark Structured Streaming,https://lists.apache.org/thread/<201911291308309509066@gmail.com>,"Hi:
    Spark Structured Streaming uses the DataFrame API. When programming, there are no compilation errors, but when running, it will report various unsupported conditions. The official website does not seem to have a document to list the unsupported operators. This will Inconvenient when developing. How did you solve this problem?



shicheng31604@gmail.com
",0,2019-11-29,spark,user@spark.apache.org,<201911291308309509066@gmail.com>,"""shicheng31604@gmail.com"" <shicheng31604@gmail.com>",2026-09-30T21:38:44.300841
APACHE_LISTS_REMINING,Apache Lists,compilation errors,Re: Operators supported by Spark Structured Streaming,https://lists.apache.org/thread/<CAFX8L20r3=c2ZFVTdBRdtH-MWSdfKM8pfwzdVFcpwfB2DuxGyQ@mail.gmail.com>,"Hi,

Unsupported operations in Structured Streaming is explained in the guide
doc.
http://spark.apache.org/docs/latest/structured-streaming-programming-guide.html#unsupported-operations

Thanks,
Jungtaek Lim (HeartSaVioR)


On Fri, Nov 29, 2019 at 2:08 PM shicheng31604@gmail.com <
shicheng31604@gmail.com> wrote:

> Hi:
>     Spark Structured Streaming uses the DataFrame API. When programming,
> th",0,2019-11-29,spark,user@spark.apache.org,<CAFX8L20r3=c2ZFVTdBRdtH-MWSdfKM8pfwzdVFcpwfB2DuxGyQ@mail.gmail.com>,Jungtaek Lim <kabhwan.opensource@gmail.com>,2026-09-30T21:38:44.300858
APACHE_LISTS_REMINING,Apache Lists,compilation errors,Re: Operators supported by Spark Structured Streaming,https://lists.apache.org/thread/<CAJigUYcFUNEia7oStTdk2CAvHy2EjTW7AFqN_ubjPJcvSSuuSg@mail.gmail.com>,"It is still not complete. For example, the supported operators are
different under different outputmodes. For developers, only try.

Jungtaek Lim <kabhwan.opensource@gmail.com> 于2019年11月29日周五 下午1:36写道：

> Hi,
>
> Unsupported operations in Structured Streaming is explained in the guide
> doc.
>
> http://spark.apache.org/docs/latest/structured-streaming-programming-guide.html#unsupported-operations
",0,2019-11-29,spark,user@spark.apache.org,<CAJigUYcFUNEia7oStTdk2CAvHy2EjTW7AFqN_ubjPJcvSSuuSg@mail.gmail.com>,hahaha sc <shicheng31604@gmail.com>,2026-09-30T21:38:44.300861
APACHE_LISTS_REMINING,Apache Lists,javah,SparkAppHandle can not stop application in yarn client mode,"https://lists.apache.org/thread/
 <HK0PR04MB32194B88F464161AD5DD9D2C9E020@HK0PR04MB3219.apcprd04.prod.outlook.com>","Hi all,

When using spark launcher starts app in yarn client mode, the sparkAppHandle#stop() can not stop the application.


SparkLauncher launcher = new SparkLauncher()
        .setAppName(""My Launcher"")
        .setJavaHome(""/usr/bin/hadoop/software/java"")
        .setSparkHome(""/usr/bin/hadoop/software/sparkonyarn"")
        .setConf(""spark.executor.instances"", ""1"")
        .setConf(""s",0,2020-02-05,spark,user@spark.apache.org,"
 <HK0PR04MB32194B88F464161AD5DD9D2C9E020@HK0PR04MB3219.apcprd04.prod.outlook.com>",Zhang Victor <zhangshuai_work@outlook.com>,2026-09-30T21:38:53.650787
APACHE_LISTS_REMINING,Apache Lists,UnsatisfiedLinkError,"[Spark Core] - Installation issue -
 ""java.lang.UnsatisfiedLinkError: no zstd-jni in java.library.path""",https://lists.apache.org/thread/<1602081836101-0.post@n3.nabble.com>,"Dear all,I have setup two Spark standalone test clusters which both suffered
from the same problem. I have a workaround but it's bad. I would appreciate
some help and input. I'm too much of a beginner to conclude that it's a bug
but I found someone else having the exact same issue on Stack Overflow
(where I also posted my own question.) My own question on Stack Overflow.
<https://stackoverflow.com",0,2020-10-07,spark,user@spark.apache.org,<1602081836101-0.post@n3.nabble.com>,jelvis <andreas@jelvemark.com>,2026-09-30T21:39:25.794043
APACHE_LISTS_REMINING,Apache Lists,UnsatisfiedLinkError,"spark-sql on windows throws Exception in thread ""main"" java.lang.UnsatisfiedLinkError:",https://lists.apache.org/thread/<CAJ3fcbD0O_-sxY+F8nSHh81Xa=tmdFyv94fM=zU0JL8VkeThew@mail.gmail.com>,"Need to create some hive test tables for pyCharm

SPARK_HOME is set up as

D:\temp\spark-3.0.1-bin-hadoop2.7

HADOOP_HOME is

c:\hadoop\

spark-shell works. Trying to run spark-sql, I get the following errors

PS C:\tmp\hive> spark-sql
log4j:WARN No appenders could be found for logger
(org.apache.hadoop.hive.conf.HiveConf).
log4j:WARN Please initialize the log4j system properly.
log4j:WARN See htt",0,2020-11-16,spark,user@spark.apache.org,<CAJ3fcbD0O_-sxY+F8nSHh81Xa=tmdFyv94fM=zU0JL8VkeThew@mail.gmail.com>,Mich Talebzadeh <mich.talebzadeh@gmail.com>,2026-09-30T21:39:28.874200
APACHE_LISTS_REMINING,Apache Lists,UnsatisfiedLinkError,"In windows 10, accessing Hive from PySpark with PyCharm throws error",https://lists.apache.org/thread/<CAJ3fcbA2RbpZHHSR2Oh=YpqJi_9GE4sCeYm-e2L_B8tPCR7Suw@mail.gmail.com>,"Hi,

I have a simple code that tries to create Hive derby database as follows:

from pyspark import SparkContext
from pyspark.sql import SQLContext
from pyspark.sql import HiveContext
from pyspark.sql import SparkSession
from pyspark.sql import Row
from pyspark.sql.types import StringType, ArrayType
from pyspark.sql.functions import udf, col, max as max, to_date, date_add, \
    add_months
from da",0,2020-12-02,spark,user@spark.apache.org,<CAJ3fcbA2RbpZHHSR2Oh=YpqJi_9GE4sCeYm-e2L_B8tPCR7Suw@mail.gmail.com>,Mich Talebzadeh <mich.talebzadeh@gmail.com>,2026-09-30T21:39:33.881125
APACHE_LISTS_REMINING,Apache Lists,UnsatisfiedLinkError,"Re: In windows 10, accessing Hive from PySpark with PyCharm throws
 error",https://lists.apache.org/thread/<88cf3388-d7ee-4525-9ac0-f7bbfae17d59@dtechspace.com>,"Apparently this is a OS dynamic lib link error.ï¿½ Make sure you have the 
LD_LIBRARY_PATH (in Linux) or PATH (windows) set up properly for the 
right .so or .dll file...

On 12/2/20 5:31 PM, Mich Talebzadeh wrote:
> Hi,
>
> I have a simple code that tries to create Hive derby database as follows:
>
> from pysparkimport SparkContext
> from pyspark.sqlimport SQLContext
> from pyspark.sqlimport Hive",0,2020-12-02,spark,user@spark.apache.org,<88cf3388-d7ee-4525-9ac0-f7bbfae17d59@dtechspace.com>,Artemis User <artemis@dtechspace.com>,2026-09-30T21:39:33.881143
APACHE_LISTS_REMINING,Apache Lists,UnsatisfiedLinkError,"Re: In windows 10, accessing Hive from PySpark with PyCharm throws error",https://lists.apache.org/thread/<CAJ3fcbB_JJSb+RBBt5RLRKKpBNk65XuE7c4ursLMBPUJ=QCTSQ@mail.gmail.com>,"This is becoming serious pain.

using powershell I am using spark-submit as follows:

PS C:\Users\admin> spark-submit.cmd
C:\Users\admin\PycharmProjects\pythonProject\main.py

WARNING: An illegal reflective access operation has occurred

WARNING: Illegal reflective access by org.apache.spark.unsafe.Platform
(file:/D:/temp/spark/jars/spark-unsafe_2.12-3.0.1.jar) to constructor
java.nio.DirectByteBu",0,2020-12-03,spark,user@spark.apache.org,<CAJ3fcbB_JJSb+RBBt5RLRKKpBNk65XuE7c4ursLMBPUJ=QCTSQ@mail.gmail.com>,Mich Talebzadeh <mich.talebzadeh@gmail.com>,2026-09-30T21:39:33.881145
APACHE_LISTS_REMINING,Apache Lists,UnsatisfiedLinkError,"Re: In windows 10, accessing Hive from PySpark with PyCharm throws
 error",https://lists.apache.org/thread/<4ead1112-3f1a-791d-dc3b-ec8763f9cafc@dtechspace.com>,"You don't have to include all your config and log messages.ï¿½ The error 
message would suffice.ï¿½ The java.lang.UnsatisfiedLinkError exception 
indicates that the JVM can't find some OS-specific libraries (or 
commonly referred as native libraries).ï¿½ On Windows, they would be some 
dll files.ï¿½ Look into your Hadoop installation and you will find the 
$HADOOPHOME/lib/native directory.ï¿½ All ",0,2020-12-03,spark,user@spark.apache.org,<4ead1112-3f1a-791d-dc3b-ec8763f9cafc@dtechspace.com>,Artemis User <artemis@dtechspace.com>,2026-09-30T21:39:33.881147
APACHE_LISTS_REMINING,Apache Lists,UnsatisfiedLinkError,"Re: In windows 10, accessing Hive from PySpark with PyCharm throws error",https://lists.apache.org/thread/<CAJ3fcbDypSeZA9FFKSsqTxC9KYse8DjWhKVc43+xeo6qWG4DDQ@mail.gmail.com>,"OK with PyCharm itself, i am getting this error

pyspark.sql.utils.AnalysisException: java.lang.RuntimeException: Error
while running command to get file permissions : java.io.IOException: (null)
entry in command string: null ls -F
C:\Users\admin\PycharmProjects\pythonProject\hive-scratchdir

I gather null ls is because it cannot find winutil.exe?


Now if i run the command manually with winutils.",0,2020-12-04,spark,user@spark.apache.org,<CAJ3fcbDypSeZA9FFKSsqTxC9KYse8DjWhKVc43+xeo6qWG4DDQ@mail.gmail.com>,Mich Talebzadeh <mich.talebzadeh@gmail.com>,2026-09-30T21:39:33.881149
APACHE_LISTS_REMINING,Apache Lists,JNI error,spark 3.1.1 history server fails to boot with scala/MatchError,https://lists.apache.org/thread/<CAFF6QLaySgTVG-h-5hRCnyZgLr=4ETk3RYkKppb9YkfF40d1UA@mail.gmail.com>,"we have spark 2.4.x clusters running fine; however when running spark 3.1.1
the spark history server fails to boot

note: we build spark 3.1.1 from source for hadoop 3.2.1
we use supervisord to start services so our start command is:

$SPARK_HOME/bin/spark-class org.apache.spark.deploy.history.HistoryServer

Error: A JNI error occurred, please check your installation and try again
Expectation in t",0,2021-05-20,spark,user@spark.apache.org,<CAFF6QLaySgTVG-h-5hRCnyZgLr=4ETk3RYkKppb9YkfF40d1UA@mail.gmail.com>,Bulldog20630405 <bulldog20630405@gmail.com>,2026-09-30T21:39:56.507266
APACHE_LISTS_REMINING,Apache Lists,JNA,Re: Migration to Spark 3.2,https://lists.apache.org/thread/<CABjuqfoFgwdM25O2Y7LTQXyzZuYnG_88BNQjTrO9uU8KUH6F2w@mail.gmail.com>,"Hi Stephen,

Thank you for your answer!
Here it is, it seems that jackson dependencies are correct, no? :

Thanks,

[INFO] com.krrier:spark-lib-full:jar:0.0.1-SNAPSHOT
[INFO] +- com.krrier:backend:jar:0.0.1-SNAPSHOT:compile
[INFO] |  \- com.krrier:data:jar:0.0.1-SNAPSHOT:compile
[INFO] +- com.krrier:plugin-api:jar:0.0.1-SNAPSHOT:compile
[INFO] +- com.opencsv:opencsv:jar:4.2:compile
[INFO] |  +- or",0,2022-01-27,spark,user@spark.apache.org,<CABjuqfoFgwdM25O2Y7LTQXyzZuYnG_88BNQjTrO9uU8KUH6F2w@mail.gmail.com>,Aurélien Mazoyer  <aurelien@aepsilon.com>,2026-09-30T21:40:58.584550
APACHE_LISTS_REMINING,Apache Lists,JNA,Re: Migration to Spark 3.2,https://lists.apache.org/thread/<51AA5B2A-CD3B-49E8-9F2F-00A38FDFC4CB@infomedia.com.au>,"Hi Aurélien,

Your Jackson versions look fine.

What happens if you change the scope of your Jackson dependencies to “provided”?

This should result in your application using the versions provided by Spark and avoid this potential collision.

Cheers,

Steve C

On 27 Jan 2022, at 9:48 pm, Aurélien Mazoyer <aurelien@aepsilon.com<mailto:aurelien@aepsilon.com>> wrote:

Hi Stephen,

Tha",0,2022-01-27,spark,user@spark.apache.org,<51AA5B2A-CD3B-49E8-9F2F-00A38FDFC4CB@infomedia.com.au>,Stephen Coy <scoy@infomedia.com.au.INVALID>,2026-09-30T21:40:58.584582
APACHE_LISTS_REMINING,Apache Lists,JNA,Re: Migration to Spark 3.2,https://lists.apache.org/thread/<CABjuqfrCdM513+=94EDxb+TACDvrVvDV1PLGtLWPrv0TR73B=g@mail.gmail.com>,"Hi Stephen,

Thank you for your answer. Yes, I changed the scope to ""provided"" but got
the same error :-( FYI. I am getting this error while running tests.

Regards,

Aurelien

Le jeu. 27 janv. 2022 à 23:57, Stephen Coy <scoy@infomedia.com.au> a écrit :

> Hi Aurélien,
>
> Your Jackson versions look fine.
>
> What happens if you change the scope of your Jackson dependencies to
> “provided”?
>
> Th",0,2022-01-30,spark,user@spark.apache.org,<CABjuqfrCdM513+=94EDxb+TACDvrVvDV1PLGtLWPrv0TR73B=g@mail.gmail.com>,Aurélien Mazoyer  <aurelien@aepsilon.com>,2026-09-30T21:40:58.584584
APACHE_LISTS_REMINING,Apache Lists,JNA,Re: Migration to Spark 3.2,https://lists.apache.org/thread/<CABjuqfpMDKmNpYNbGiitTP_zdA8cO9QWN=-HL1B-xZtUGbC-+w@mail.gmail.com>,"Hi Stephen,

I managed to solve my issue, I had a conflicting version of jackson
databind that came from parent pom.

Thank you,

Aurelien

Le dim. 30 janv. 2022 à 23:28, Aurélien Mazoyer <aurelien@aepsilon.com> a
écrit :

> Hi Stephen,
>
> Thank you for your answer. Yes, I changed the scope to ""provided"" but got
> the same error :-( FYI. I am getting this error while running tests.
>
> Regards,
>",0,2022-01-31,spark,user@spark.apache.org,<CABjuqfpMDKmNpYNbGiitTP_zdA8cO9QWN=-HL1B-xZtUGbC-+w@mail.gmail.com>,Aurélien Mazoyer  <aurelien@aepsilon.com>,2026-09-30T21:40:58.584586
APACHE_LISTS_REMINING,Apache Lists,JNA,RE: Spark Kafka Integration,https://lists.apache.org/thread/<59ce0986107c4e628a56d580afec59e9@EXCH-CORP2.SSI.CORP>,"I believe it is 3.1, but if there is a different version that “works better” with spark, any advice would be appreciated.  Our entire team is totally new to spark and kafka (this is a poc trial).

From: Mich Talebzadeh [mailto:mich.talebzadeh@gmail.com]
Sent: Friday, February 25, 2022 2:30 PM
To: Michael Williams (SSI) <Michael.Williams@ssigroup.com>
Cc: user@spark.apache.org
Subject: Re: Sp",0,2022-02-25,spark,user@spark.apache.org,<59ce0986107c4e628a56d580afec59e9@EXCH-CORP2.SSI.CORP>,"""Michael Williams (SSI)"" <Michael.Williams@ssigroup.com>",2026-09-30T21:41:02.375240
APACHE_LISTS_REMINING,Apache Lists,JNA,Re: Spark Kafka Integration,https://lists.apache.org/thread/<CAEccTyy3hOHHfVTVsTYpMDK0tGXiTK+VG-xC7e-TwcfSVH_MDA@mail.gmail.com>,"Spark 3.2.1 is compiled vs Kafka 2.8.0; the forthcoming Spark 3.3 against
Kafka 3.1.0.
It may well be mutually compatible though.

On Fri, Feb 25, 2022 at 2:40 PM Michael Williams (SSI) <
Michael.Williams@ssigroup.com> wrote:

> I believe it is 3.1, but if there is a different version that “works
> better” with spark, any advice would be appreciated.  Our entire team is
> totally new to spark and ",0,2022-02-25,spark,user@spark.apache.org,<CAEccTyy3hOHHfVTVsTYpMDK0tGXiTK+VG-xC7e-TwcfSVH_MDA@mail.gmail.com>,Sean Owen <srowen@gmail.com>,2026-09-30T21:41:02.375271
APACHE_LISTS_REMINING,Apache Lists,JNA,Re: Spark Kafka Integration,https://lists.apache.org/thread/<CAJ3fcbBbVwP_hWCdB1wN=5EYdOm_EAtWNCXujH69mzprtSAamw@mail.gmail.com>,"these are the old and news ones

For spark 3.1.1 I needed these jar files to make it work

kafka-clients-2.7.0.jar  --> kafka-clients-3.1.0.jar
<https://repo1.maven.org/maven2/org/apache/kafka/kafka-clients/3.1.0/kafka-clients-3.1.0.jar>
commons-pool2-2.9.0.jar  --> commons-pool2-2.11.1.jar
<https://repo1.maven.org/maven2/org/apache/commons/commons-pool2/2.11.1/commons-pool2-2.11.1.jar>
spark-stre",0,2022-02-25,spark,user@spark.apache.org,<CAJ3fcbBbVwP_hWCdB1wN=5EYdOm_EAtWNCXujH69mzprtSAamw@mail.gmail.com>,Mich Talebzadeh <mich.talebzadeh@gmail.com>,2026-09-30T21:41:02.375273
APACHE_LISTS_REMINING,Apache Lists,JNA,RE: Spark Kafka Integration,https://lists.apache.org/thread/<22c8023d14584bf3b48a91095908e57b@EXCH-CORP2.SSI.CORP>,"Thank you, that is good to know.

From: Sean Owen [mailto:srowen@gmail.com]
Sent: Friday, February 25, 2022 2:46 PM
To: Michael Williams (SSI) <Michael.Williams@ssigroup.com>
Cc: Mich Talebzadeh <mich.talebzadeh@gmail.com>; user@spark.apache.org
Subject: Re: Spark Kafka Integration

Spark 3.2.1 is compiled vs Kafka 2.8.0; the forthcoming Spark 3.3 against Kafka 3.1.0.
It may well be mutua",0,2022-02-25,spark,user@spark.apache.org,<22c8023d14584bf3b48a91095908e57b@EXCH-CORP2.SSI.CORP>,"""Michael Williams (SSI)"" <Michael.Williams@ssigroup.com>",2026-09-30T21:41:02.375276
APACHE_LISTS_REMINING,Apache Lists,JNA,RE: Spark Kafka Integration,https://lists.apache.org/thread/<2e0c6400f38947e5931b87b11c1a7a23@EXCH-CORP2.SSI.CORP>,"Ahh, ok.  So, Kafka 3.1 is supported for Spark 3.2.1.  Thank you very much.

From: Mich Talebzadeh [mailto:mich.talebzadeh@gmail.com]
Sent: Friday, February 25, 2022 2:50 PM
To: Michael Williams (SSI) <Michael.Williams@ssigroup.com>
Cc: user@spark.apache.org
Subject: Re: Spark Kafka Integration

these are the old and news ones

For spark 3.1.1 I needed these jar files to make it work

",0,2022-02-25,spark,user@spark.apache.org,<2e0c6400f38947e5931b87b11c1a7a23@EXCH-CORP2.SSI.CORP>,"""Michael Williams (SSI)"" <Michael.Williams@ssigroup.com>",2026-09-30T21:41:02.375278
APACHE_LISTS_REMINING,Apache Lists,JNA,python API in Spark-streaming-kafka spark 3.2.1,https://lists.apache.org/thread/<23acf9356798482fab85a6bbade979b5@grupawp.pl>,"Hi,
I've read in the documentation, that since spark 3.2.1 python API for spark-streaming-kafka is back in the game.
https://spark.apache.org/docs/3.2.1/streaming-programming-guide.html#advanced-sources

But in the Kafka Integration Guide there is no documentation for the python API.
https://spark.apache.org/docs/3.2.1/streaming-kafka-0-10-integration.html

Where can I find basic information how t",0,2022-03-07,spark,user@spark.apache.org,<23acf9356798482fab85a6bbade979b5@grupawp.pl>,Wiśniewski Michał  <Michal.Wisniewski@grupawp.pl>,2026-09-30T21:41:09.077606
APACHE_LISTS_REMINING,Apache Lists,JNA,"Fwd: 📅 Wednesday: Join 6 Members at ""Ofir Press | Complementing Scale: Novel Guidance Methods for Improving LMs""",https://lists.apache.org/thread/<CAJ3fcbC42mqtM9HsvBVdesQoso-qrDgVwNA=gpRJYH1dirymbw@mail.gmail.com>,"They recently combined Apache Spark and  AI meeting in London.

An online session worth attending for some?

HTH

Mich

   view my Linkedin profile
<https://www.linkedin.com/in/mich-talebzadeh-ph-d-5205b2/>


 https://en.everybodywiki.com/Mich_Talebzadeh



*Disclaimer:* Use it at your own risk. Any and all responsibility for any
loss, damage or destruction of data or any other property which may ",0,2023-08-24,spark,user@spark.apache.org,<CAJ3fcbC42mqtM9HsvBVdesQoso-qrDgVwNA=gpRJYH1dirymbw@mail.gmail.com>,Mich Talebzadeh <mich.talebzadeh@gmail.com>,2026-09-30T21:45:17.816971
APACHE_LISTS_REMINING,Apache Lists,UnsatisfiedLinkError,Can not complete the read csv task,"https://lists.apache.org/thread/
 <SEYPR06MB5256B70E059E1F502A1CA4E9BCD3A@SEYPR06MB5256.apcprd06.prod.outlook.com>","Dear friends,

I'm trying to get a fresh start with Spark. I tried to read few CSV files in a folder, but the task got stuck and not completed as shown in the copied content from the terminal.

Can someone help to understand what is going wrong?

Versions;
java version ""11.0.16"" 2022-07-19 LTS
Java(TM) SE Runtime Environment 18.9 (build 11.0.16+11-LTS-199)
Java HotSpot(TM) 64-Bit Server VM 18.9 (b",0,2023-10-12,spark,user@spark.apache.org,"
 <SEYPR06MB5256B70E059E1F502A1CA4E9BCD3A@SEYPR06MB5256.apcprd06.prod.outlook.com>",Kelum Perera <kelum0823@hotmail.com>,2026-09-30T21:45:29.553429
APACHE_LISTS_REMINING,Apache Lists,UnsatisfiedLinkError,Fw: Can not complete the read csv task,"https://lists.apache.org/thread/
 <SEYPR06MB5256D1495291B7FB79CC5027BCD2A@SEYPR06MB5256.apcprd06.prod.outlook.com>","
________________________________
From: Kelum Perera <kelum0823@hotmail.com>
Sent: Thursday, October 12, 2023 11:40 AM
To: user@spark.apache.org <user@spark.apache.org>; Kelum Perera <kelum0823@hotmail.com>; Kelum Gmail <kelum0823@gmail.com>
Subject: Can not complete the read csv task

Dear friends,

I'm trying to get a fresh start with Spark. I tried to read few CSV files in a folder, but the tas",0,2023-10-13,spark,user@spark.apache.org,"
 <SEYPR06MB5256D1495291B7FB79CC5027BCD2A@SEYPR06MB5256.apcprd06.prod.outlook.com>",Kelum Perera <kelum0823@hotmail.com>,2026-09-30T21:45:29.553439
APACHE_LISTS_REMINING,Apache Lists,UnsatisfiedLinkError,Fwd: Fw: Can not complete the read csv task,https://lists.apache.org/thread/<CAJ+cJrKi+a_pQCkTPRKLX0GK=hsgJvtA4f9092PXYp5JxaEs_w@mail.gmail.com>,"Dear group members,

I'm trying to get a fresh start with Spark, but came a cross following
issue;

I tried to read few CSV files from a folder, but the task got stuck and
didn't complete. ( copied content from the terminal.)

Can someone help to understand what is going wrong?

Versions;
java version ""11.0.16"" 2022-07-19 LTS
Java(TM) SE Runtime Environment 18.9 (build 11.0.16+11-LTS-199)
Java Hot",0,2023-10-13,spark,user@spark.apache.org,<CAJ+cJrKi+a_pQCkTPRKLX0GK=hsgJvtA4f9092PXYp5JxaEs_w@mail.gmail.com>,KP Youtuber <kelumbackup@gmail.com>,2026-09-30T21:45:29.553441
APACHE_LISTS_REMINING,Apache Lists,UnsatisfiedLinkError,Re: Can not complete the read csv task,https://lists.apache.org/thread/<CAEgmiqC3kYRbopO68OXOXbUJfKLHH1C347Gn3hkunaJz3v=CcQ@mail.gmail.com>,"This command only defines a new DataFrame, in order to see some results you
need to do something like merged_spark_data.show() on a new line.

Regarding the error I think it's typical error that you get when you run
Spark on Windows OS. You can suppress it using Winutils tool (Google it or
ChatGPT it to see how).

On Thu, 12 Oct 2023, 11:58 Kelum Perera, <kelum0823@hotmail.com> wrote:

> Dear frie",0,2023-10-14,spark,user@spark.apache.org,<CAEgmiqC3kYRbopO68OXOXbUJfKLHH1C347Gn3hkunaJz3v=CcQ@mail.gmail.com>,Khalid Mammadov <khalidmammadov9@gmail.com>,2026-09-30T21:45:29.553443
APACHE_LISTS_REMINING,Apache Lists,UnsatisfiedLinkError,"Re: [DISCUSS] Possible workaround for Hadoop ZStandardDecompressor
 errors triggered by small ZSTD files?",https://lists.apache.org/thread/<CAFgOEN6+FjZ_VS+1N_rcWsjEyn0s8U4PqPXt2G91tPE7HTyKMw@mail.gmail.com>,"Hi,

thx for your response.

According to the following documentation, it seems that CDP 7.1.9 uses
Hadoop 3.1.1:

https://docs.cloudera.com/cdp-private-cloud-base/7.1.9/runtime-release-notes/topics/rt-pvc-runtime-component-versions-719sp1-chf12.html


I used the command below to extract and install the native libraries in our
environment. However, when running with Hadoop 3.1.1 I encountered the
",0,2025-12-05,spark,user@spark.apache.org,<CAFgOEN6+FjZ_VS+1N_rcWsjEyn0s8U4PqPXt2G91tPE7HTyKMw@mail.gmail.com>,FengYu Cao <camper.xlii@gmail.com>,2026-09-30T21:52:09.258539
APACHE_LISTS_REMINING,Apache Lists,UnsatisfiedLinkError,"Re: [DISCUSS] Possible workaround for Hadoop ZStandardDecompressor
 errors triggered by small ZSTD files?",https://lists.apache.org/thread/<CAGUyL8haO7GnYVK_Oc7WEorrCVznst7Yzz7RRzN6OpCckALD-w@mail.gmail.com>,"That's why I use sbt dependencies to execute the test with more recent
versions. I checked the jvm was using the right classes with
-verbose:class, so ...

El vie, 5 dic 2025, 8:39, FengYu Cao <camper.xlii@gmail.com> escribió:

> Hi,
>
> thx for your response.
>
> According to the following documentation, it seems that CDP 7.1.9 uses
> Hadoop 3.1.1:
>
>
> https://docs.cloudera.com/cdp-private-clou",0,2025-12-05,spark,user@spark.apache.org,<CAGUyL8haO7GnYVK_Oc7WEorrCVznst7Yzz7RRzN6OpCckALD-w@mail.gmail.com>,Ángel Álvarez Pascua  <angel.alvarez.pascua@gmail.com>,2026-09-30T21:52:09.258670
APACHE_LISTS_REMINING,Apache Lists,compilation errors,Re: Review Request 33065: Patch for KAFKA-1928,https://lists.apache.org/thread/<20150515221258.1460.58517@reviews.apache.org>,"
-----------------------------------------------------------
This is an automatically generated e-mail. To reply, visit:
https://reviews.apache.org/r/33065/#review83959
-----------------------------------------------------------


Thanks for the patch. There seem to be some compilation errors. Perhaps need to rebase.

:core:compileScala/Users/junrao/intellij/kafka/core/src/main/scala/kafka/api/Con",0,2015-05-15,kafka,dev@kafka.apache.org,<20150515221258.1460.58517@reviews.apache.org>,"""Jun Rao"" <junrao@gmail.com>",2026-09-30T21:53:22.924126
APACHE_LISTS_REMINING,Apache Lists,compilation errors,"[jira] [Commented] (KAFKA-2270) incorrect package name in unit
 tests",https://lists.apache.org/thread/<JIRA.12838041.1434427474000.83893.1434465241320@Atlassian.JIRA>,"
    [ https://issues.apache.org/jira/browse/KAFKA-2270?page=com.atlassian.jira.plugin.system.issuetabpanels:comment-tabpanel&focusedCommentId=14588109#comment-14588109 ] 

Jun Rao commented on KAFKA-2270:
--------------------------------

Thanks for the patch. Got a bunch of compilation errors like the following due to unused imports. Could you remove them?

kafka/core/src/test/scala/unit/kafka/K",0,2015-06-16,kafka,dev@kafka.apache.org,<JIRA.12838041.1434427474000.83893.1434465241320@Atlassian.JIRA>,"""Jun Rao (JIRA)"" <jira@apache.org>",2026-09-30T21:53:29.972093
APACHE_LISTS_REMINING,Apache Lists,JNA,Build failed in Jenkins: Kafka-trunk #525,https://lists.apache.org/thread/<1628070748.1210.1436224188852.JavaMail.jenkins@crius>,"See <https://builds.apache.org/job/Kafka-trunk/525/changes>

Changes:

[junrao] kafka-2248; Use Apache Rat to enforce copyright headers; patched by Ewen Cheslack-Postava; reviewed by Gwen Shapira, Joel Joshy and Jun Rao

------------------------------------------
Started by an SCM change
Building remotely on jenkins-ubuntu-1404-4gb-1e7 (jenkins-cloud-4GB cloud-slave Ubuntu ubuntu) in workspace <ht",0,2015-07-06,kafka,dev@kafka.apache.org,<1628070748.1210.1436224188852.JavaMail.jenkins@crius>,Apache Jenkins Server  <jenkins@builds.apache.org>,2026-09-30T21:53:41.165385
APACHE_LISTS_REMINING,Apache Lists,JNA,Build failed in Jenkins: KafkaPreCommit #136,https://lists.apache.org/thread/<842426004.1239.1436225955921.JavaMail.jenkins@crius>,"See <https://builds.apache.org/job/KafkaPreCommit/136/changes>

Changes:

[junrao] kafka-2248; Use Apache Rat to enforce copyright headers; patched by Ewen Cheslack-Postava; reviewed by Gwen Shapira, Joel Joshy and Jun Rao

[junrao] kafka-2132; Move Log4J appender to a separate module; patched by Ashish Singh; reviewed by Gwen Shapira, Aditya Auradkar and Jun Rao

---------------------------------",0,2015-07-06,kafka,dev@kafka.apache.org,<842426004.1239.1436225955921.JavaMail.jenkins@crius>,Apache Jenkins Server  <jenkins@builds.apache.org>,2026-09-30T21:53:41.165402
APACHE_LISTS_REMINING,Apache Lists,JNA,Re: Build failed in Jenkins: KafkaPreCommit #136,"https://lists.apache.org/thread/
 <CAOeJiJgioq+LipfgbfPYGs8vCPcVjjGNqkfB6-fuxD8sN=6hng@mail.gmail.com>","Ha ha, hoisted on our own petard.

-Jay

On Mon, Jul 6, 2015 at 4:39 PM, Apache Jenkins Server <
jenkins@builds.apache.org> wrote:

> See <https://builds.apache.org/job/KafkaPreCommit/136/changes>
>
> Changes:
>
> [junrao] kafka-2248; Use Apache Rat to enforce copyright headers; patched
> by Ewen Cheslack-Postava; reviewed by Gwen Shapira, Joel Joshy and Jun Rao
>
> [junrao] kafka-2132; Move Log4J",0,2015-07-06,kafka,dev@kafka.apache.org,"
 <CAOeJiJgioq+LipfgbfPYGs8vCPcVjjGNqkfB6-fuxD8sN=6hng@mail.gmail.com>",Jay Kreps <jay@confluent.io>,2026-09-30T21:53:41.165405
APACHE_LISTS_REMINING,Apache Lists,JNA,Build failed in Jenkins: KafkaPreCommit #137,https://lists.apache.org/thread/<467438147.1597.1436287197098.JavaMail.jenkins@crius>,"See <https://builds.apache.org/job/KafkaPreCommit/137/changes>

Changes:

[wangguoz] KAFKA-2314: proper MirrorMaker's message handler help message; reviewed by Guozhang Wang

------------------------------------------
Started by an SCM change
Building remotely on ubuntu3 (Ubuntu ubuntu legacy-ubuntu) in workspace <https://builds.apache.org/job/KafkaPreCommit/ws/>
 > git rev-parse --is-inside-work-",0,2015-07-07,kafka,dev@kafka.apache.org,<467438147.1597.1436287197098.JavaMail.jenkins@crius>,Apache Jenkins Server  <jenkins@builds.apache.org>,2026-09-30T21:53:41.165408
APACHE_LISTS_REMINING,Apache Lists,JNA,Build failed in Jenkins: Kafka-trunk #527,https://lists.apache.org/thread/<2142847914.1604.1436288949266.JavaMail.jenkins@crius>,"See <https://builds.apache.org/job/Kafka-trunk/527/changes>

Changes:

[wangguoz] KAFKA-2314: proper MirrorMaker's message handler help message; reviewed by Guozhang Wang

[junrao] kafka-1367; Broker topic metadata not kept in sync with ZooKeeper; patched by Ashish Singh; reviewed by Jun Rao

------------------------------------------
Started by an SCM change
Building remotely on ubuntu-1 (docker ",0,2015-07-07,kafka,dev@kafka.apache.org,<2142847914.1604.1436288949266.JavaMail.jenkins@crius>,Apache Jenkins Server  <jenkins@builds.apache.org>,2026-09-30T21:53:41.165410
APACHE_LISTS_REMINING,Apache Lists,JNA,Build failed in Jenkins: KafkaPreCommit #138,https://lists.apache.org/thread/<1239716106.1614.1436290757318.JavaMail.jenkins@crius>,"See <https://builds.apache.org/job/KafkaPreCommit/138/changes>

Changes:

[junrao] kafka-1367; Broker topic metadata not kept in sync with ZooKeeper; patched by Ashish Singh; reviewed by Jun Rao

[joe.stein] KAFKA-2304 Supported enabling JMX in Kafka Vagrantfile patch by Stevo Slavic reviewed by Ewen Cheslack-Postava

------------------------------------------
Started by an SCM change
Building rem",0,2015-07-07,kafka,dev@kafka.apache.org,<1239716106.1614.1436290757318.JavaMail.jenkins@crius>,Apache Jenkins Server  <jenkins@builds.apache.org>,2026-09-30T21:53:41.165428
APACHE_LISTS_REMINING,Apache Lists,JNA,Re: Build failed in Jenkins: KafkaPreCommit #138,"https://lists.apache.org/thread/
 <CAE1jLMOCB33E3gCNajgWbQYgDvb7wSpNCQf0jmuuO3ddKqBEJg@mail.gmail.com>","Is there a way to run the Jenkins build with more detailed output, e.g.
with one of gradle's debug flags? It looks like in the Jenkins environment
the exclude rules (which should be ignoring the build/ directory) aren't
working like they did for me and the reviewers, but there's not enough
useful info here to figure out why. Although even with those turned on, I'm
not sure the right info is logged",0,2015-07-07,kafka,dev@kafka.apache.org,"
 <CAE1jLMOCB33E3gCNajgWbQYgDvb7wSpNCQf0jmuuO3ddKqBEJg@mail.gmail.com>",Ewen Cheslack-Postava <ewen@confluent.io>,2026-09-30T21:53:41.165431
APACHE_LISTS_REMINING,Apache Lists,JNA,Build failed in Jenkins: Kafka-trunk #528,https://lists.apache.org/thread/<1627878717.1625.1436293678261.JavaMail.jenkins@crius>,"See <https://builds.apache.org/job/Kafka-trunk/528/changes>

Changes:

[joe.stein] KAFKA-2304 Supported enabling JMX in Kafka Vagrantfile patch by Stevo Slavic reviewed by Ewen Cheslack-Postava

------------------------------------------
Started by an SCM change
Building remotely on H10 (Ubuntu ubuntu) in workspace <https://builds.apache.org/job/Kafka-trunk/ws/>
 > git rev-parse --is-inside-work-t",0,2015-07-07,kafka,dev@kafka.apache.org,<1627878717.1625.1436293678261.JavaMail.jenkins@crius>,Apache Jenkins Server  <jenkins@builds.apache.org>,2026-09-30T21:53:41.165434
APACHE_LISTS_REMINING,Apache Lists,JNA,Build failed in Jenkins: Kafka-trunk #530,https://lists.apache.org/thread/<870433169.1724.1436303356066.JavaMail.jenkins@crius>,"See <https://builds.apache.org/job/Kafka-trunk/530/changes>

Changes:

[wangguoz] KAFKA-2317: follow-up of KAFKA1367; reviewed by Guozhang Wang

[wangguoz] KAFKA-2313: javadoc fix for KafkaConsumer deserialization; reviewed by Guozhang Wang

------------------------------------------
Started by an SCM change
Building remotely on jenkins-ubuntu-1404-4gb-15f (jenkins-cloud-4GB cloud-slave Ubuntu ubu",0,2015-07-07,kafka,dev@kafka.apache.org,<870433169.1724.1436303356066.JavaMail.jenkins@crius>,Apache Jenkins Server  <jenkins@builds.apache.org>,2026-09-30T21:53:41.165436
APACHE_LISTS_REMINING,Apache Lists,JNA,Re: Build failed in Jenkins: KafkaPreCommit #138,"https://lists.apache.org/thread/
 <CAFc58G9gYx847ka2A5eC1aucoVsdiK7h2gmy0XB8n3Cw-VtVmA@mail.gmail.com>","Ewen,

We did have at least one successful run (
https://builds.apache.org/job/Kafka-trunk/526/console) after the rat patch.
Perhaps you can file an Apache infra ticket to figure out why other runs
fail?

Thanks,

Jun

On Tue, Jul 7, 2015 at 11:16 AM, Ewen Cheslack-Postava <ewen@confluent.io>
wrote:

> Is there a way to run the Jenkins build with more detailed output, e.g.
> with one of gradle's d",0,2015-07-07,kafka,dev@kafka.apache.org,"
 <CAFc58G9gYx847ka2A5eC1aucoVsdiK7h2gmy0XB8n3Cw-VtVmA@mail.gmail.com>",Jun Rao <jun@confluent.io>,2026-09-30T21:53:41.165439
APACHE_LISTS_REMINING,Apache Lists,JNA,Build failed in Jenkins: KafkaPreCommit #140,https://lists.apache.org/thread/<1461532702.1837.1436326781881.JavaMail.jenkins@crius>,"See <https://builds.apache.org/job/KafkaPreCommit/140/changes>

Changes:

[jjkoshy] KAFKA-2298; Client Selector can drop connections on InvalidReceiveException without notifying NetworkClient; reviewed by Jason Gustafson and Joel Koshy

------------------------------------------
Started by an SCM change
Building remotely on ubuntu-5 (docker Ubuntu ubuntu5 ubuntu) in workspace <https://builds.apach",0,2015-07-08,kafka,dev@kafka.apache.org,<1461532702.1837.1436326781881.JavaMail.jenkins@crius>,Apache Jenkins Server  <jenkins@builds.apache.org>,2026-09-30T21:53:41.165441
APACHE_LISTS_REMINING,Apache Lists,JNA,Build failed in Jenkins: Kafka-trunk #531,https://lists.apache.org/thread/<1182683322.1844.1436328567006.JavaMail.jenkins@crius>,"See <https://builds.apache.org/job/Kafka-trunk/531/changes>

Changes:

[jjkoshy] KAFKA-2298; Client Selector can drop connections on InvalidReceiveException without notifying NetworkClient; reviewed by Jason Gustafson and Joel Koshy

------------------------------------------
Started by an SCM change
Building remotely on jenkins-ubuntu-1404-4gb-43c (jenkins-cloud-4GB cloud-slave Ubuntu ubuntu) in ",0,2015-07-08,kafka,dev@kafka.apache.org,<1182683322.1844.1436328567006.JavaMail.jenkins@crius>,Apache Jenkins Server  <jenkins@builds.apache.org>,2026-09-30T21:53:41.165444
APACHE_LISTS_REMINING,Apache Lists,JNA,Re: Build failed in Jenkins: KafkaPreCommit #138,https://lists.apache.org/thread/<20150708044427.GP10692@jkoshy-ld1.linkedin.biz>,"You can reproduce the rat failure by running: ./gradlew clean &&
gradlew test

If you run gradlew test again it does not report any error.

build.gradle uses Grgit to expand the gitignore files to exclude.  For
a clean build, the build directory does not exist (yet). So it is not
excluded by rat.  On subsequent builds it does exist, so it is
excluded.

The easiest fix is to probably explicitly spe",0,2015-07-07,kafka,dev@kafka.apache.org,<20150708044427.GP10692@jkoshy-ld1.linkedin.biz>,Joel Koshy <jjkoshy.w@gmail.com>,2026-09-30T21:53:41.165446
APACHE_LISTS_REMINING,Apache Lists,JNA,Re: Build failed in Jenkins: KafkaPreCommit #138,https://lists.apache.org/thread/<20150708053529.GQ10692@jkoshy-ld1.linkedin.biz>,"> explicitly specify an exclude for build/rat/rat-report.xml

(btw, I went ahead with a trivial commit for the above - let me know
if there are any concerns)

On Tue, Jul 07, 2015 at 09:44:27PM -0700, Joel Koshy wrote:
> You can reproduce the rat failure by running: ./gradlew clean &&
> gradlew test
> 
> If you run gradlew test again it does not report any error.
> 
> build.gradle uses Grgit to ex",0,2015-07-07,kafka,dev@kafka.apache.org,<20150708053529.GQ10692@jkoshy-ld1.linkedin.biz>,Joel Koshy <jjkoshy.w@gmail.com>,2026-09-30T21:53:41.165448
APACHE_LISTS_REMINING,Apache Lists,JNA,Re: Build failed in Jenkins: KafkaPreCommit #138,"https://lists.apache.org/thread/
 <CAE1jLMMAti8r6MgKrZp4BV6eY-NSBwoUPVkupsOQn173xVkVew@mail.gmail.com>","Ah, that makes sense, thanks for finding that. We could alternatively use
build/** to avoid everything under build, or include a more complete list
via .gitignore instead (although that would have to be done carefully since
the pattern matching works differently). Unfortunately grgit is required to
filter out files that aren't covered by .gitignore and untracked by git.

-Ewen

On Tue, Jul 7, 2015",0,2015-07-07,kafka,dev@kafka.apache.org,"
 <CAE1jLMMAti8r6MgKrZp4BV6eY-NSBwoUPVkupsOQn173xVkVew@mail.gmail.com>",Ewen Cheslack-Postava <ewen@confluent.io>,2026-09-30T21:53:41.165451
APACHE_LISTS_REMINING,Apache Lists,JNA,Build failed in Jenkins: KafkaPreCommit #142,https://lists.apache.org/thread/<1531683518.2103.1436377148832.JavaMail.jenkins@crius>,"See <https://builds.apache.org/job/KafkaPreCommit/142/changes>

Changes:

[wangguoz] KAFKA-2308: make MemoryRecords idempotent; reviewed by Guozhang Wang

[cshapi] KAFKA-2316: Drop java 1.6 support; patched by Sriharsha Chintalapani reviewed by Ismael Juma and Gwen Shapira

------------------------------------------
Started by an SCM change
Building remotely on H11 (Ubuntu ubuntu) in workspace <ht",0,2015-07-08,kafka,dev@kafka.apache.org,<1531683518.2103.1436377148832.JavaMail.jenkins@crius>,Apache Jenkins Server  <jenkins@builds.apache.org>,2026-09-30T21:53:41.165454
APACHE_LISTS_REMINING,Apache Lists,JNA,Re: Build failed in Jenkins: KafkaPreCommit #142,"https://lists.apache.org/thread/
 <CAE1jLMNZzrJiic6VdrOD=b2CneuBu+r=k7R60yz4K1A6tbrBEg@mail.gmail.com>","Joel, this looks like it's failing for basically the same file set as the
last fix. We probably want to just ignore all of build/, not just
build/rat/rat-report.xml.

I would say rat may end up being too much of a hassle, but it already
caught invalid license headers in another case...

-Ewen

On Wed, Jul 8, 2015 at 10:39 AM, Apache Jenkins Server <
jenkins@builds.apache.org> wrote:

> See <https:",0,2015-07-08,kafka,dev@kafka.apache.org,"
 <CAE1jLMNZzrJiic6VdrOD=b2CneuBu+r=k7R60yz4K1A6tbrBEg@mail.gmail.com>",Ewen Cheslack-Postava <ewen@confluent.io>,2026-09-30T21:53:41.165456
APACHE_LISTS_REMINING,Apache Lists,JNA,Build failed in Jenkins: KafkaPreCommit #142,"https://lists.apache.org/thread/
 <CAAOfhrD8v=Y385e_wML3745u0QA4CYzN0ud9XiXtSRgores3cQ@mail.gmail.com>","Agreed that we should change it to exclude build/** - however, build 142
failure does not seem to be rat-related is it? E.g., compare the console
output with an earlier build (138 I think). Sorry I can't verify/debug right
now, but can look tomorrow.

On Wednesday, July 8, 2015, Ewen Cheslack-Postava <ewen@confluent.io
<javascript:_e(%7B%7D,'cvml','ewen@confluent.io');>> wrote:

> Joel, this looks",0,2015-07-08,kafka,dev@kafka.apache.org,"
 <CAAOfhrD8v=Y385e_wML3745u0QA4CYzN0ud9XiXtSRgores3cQ@mail.gmail.com>",Joel Koshy <jjkoshy.w@gmail.com>,2026-09-30T21:53:41.165458
APACHE_LISTS_REMINING,Apache Lists,JNA,Re: Build failed in Jenkins: KafkaPreCommit #142,"https://lists.apache.org/thread/
 <CAE1jLMOimx4UV+D6RV9Pv9pzu1LKCMynw-Jj+LgQfqOxPDeP2g@mail.gmail.com>","Of course you're right -- my bad, I scanned the log too quickly and misread
the cause of the error.

On Wed, Jul 8, 2015 at 10:30 PM, Joel Koshy <jjkoshy.w@gmail.com> wrote:

> Agreed that we should change it to exclude build/** - however, build 142
> failure does not seem to be rat-related is it? E.g., compare the console
> output with an earlier build (138 I think). Sorry I can't verify/debug
> ",0,2015-07-09,kafka,dev@kafka.apache.org,"
 <CAE1jLMOimx4UV+D6RV9Pv9pzu1LKCMynw-Jj+LgQfqOxPDeP2g@mail.gmail.com>",Ewen Cheslack-Postava <ewen@confluent.io>,2026-09-30T21:53:41.165461
APACHE_LISTS_REMINING,Apache Lists,JVM crash,Number of kafka topics/partitions supported per cluster of n nodes,"https://lists.apache.org/thread/
 <CANXk_5=w=QUdUa45sbDG_ADjS9JkfnW9BxKUdHhCVnW6SvAceA@mail.gmail.com>","Hi,

I'm looking forward to a benchmark which can explain how many total number
of topics and partitions can be created in a cluster of n nodes, given the
message size varies between x and y bytes and how does it vary with varying
heap sizes and how it affects the system performance.

e.g. the result should look like: t topics with p partitions each can be
supported in a cluster of n nodes with a ",0,2015-07-28,kafka,dev@kafka.apache.org,"
 <CANXk_5=w=QUdUa45sbDG_ADjS9JkfnW9BxKUdHhCVnW6SvAceA@mail.gmail.com>",Prabhjot Bharaj <prabhbharaj@gmail.com>,2026-09-30T21:53:41.165463
APACHE_LISTS_REMINING,Apache Lists,JVM crash,"Re: Number of kafka topics/partitions supported per cluster of n
 nodes","https://lists.apache.org/thread/
 <CAOHWcC+Lst33wr5EFNOiEtBLVfHHxOOJtqFCSmFuBJ+LsevLYw@mail.gmail.com>","Kafka store it meta data in Zookeeper Cluster so evaluate ""how many total
number of topics and partitions can be created in a cluster ""  maybe same
as to test Zookeeper's expansibility  and disk IO performance .

2015-07-28 13:51 GMT+08:00 Prabhjot Bharaj <prabhbharaj@gmail.com>:

> Hi,
>
> I'm looking forward to a benchmark which can explain how many total number
> of topics and partitions can be",0,2015-07-28,kafka,dev@kafka.apache.org,"
 <CAOHWcC+Lst33wr5EFNOiEtBLVfHHxOOJtqFCSmFuBJ+LsevLYw@mail.gmail.com>",Darion Yaphet <darion.yaphet@gmail.com>,2026-09-30T21:53:41.165466
APACHE_LISTS_REMINING,Apache Lists,JVM crash,"Re: Number of kafka topics/partitions supported per cluster of n
 nodes","https://lists.apache.org/thread/
 <CANXk_5kPQRktt+2Unvbb20SoEANvZrzS7ft+DqoEN6nN9dZFig@mail.gmail.com>","Sure. I would be doing that.
I have seen that if I have 5-7 topics with 256 partitions each on a machine
with 4CPUs, 8GB RAM, the jvm crashes with OutOfMemoryError
And, this happens in many machines in the cluster. (I'll update the exact
number as well)

I was wondering how I could tune the JVM to its limits, for handling such
scenario.

Regards,
Prabhjot

On Tue, Jul 28, 2015 at 12:27 PM, Darion ",0,2015-07-28,kafka,dev@kafka.apache.org,"
 <CANXk_5kPQRktt+2Unvbb20SoEANvZrzS7ft+DqoEN6nN9dZFig@mail.gmail.com>",Prabhjot Bharaj <prabhbharaj@gmail.com>,2026-09-30T21:53:41.165477
APACHE_LISTS_REMINING,Apache Lists,JVM crash,"Re: Number of kafka topics/partitions supported per cluster of n
 nodes","https://lists.apache.org/thread/
 <CAO8VPaXke70_6WL84uUDe54z6MUthXU9ZX66tc0-1G-RxBJsyg@mail.gmail.com>","I think these would definitely be useful statistics to have and I've tried
to do similar tests! The biggest difference is probably going to be the
hardware specs on whatever cluster you decide to run it on. Maybe
benchmarks performed on different AWS servers would be helpful too, but I'd
like to see these!

On Mon, Jul 27, 2015 at 10:51 PM, Prabhjot Bharaj <prabhbharaj@gmail.com>
wrote:

> Hi,
>
>",0,2015-07-28,kafka,dev@kafka.apache.org,"
 <CAO8VPaXke70_6WL84uUDe54z6MUthXU9ZX66tc0-1G-RxBJsyg@mail.gmail.com>",JIEFU GONG <jgong@berkeley.edu>,2026-09-30T21:53:41.165481
APACHE_LISTS_REMINING,Apache Lists,JVM crash,"Re: Number of kafka topics/partitions supported per cluster of n
 nodes","https://lists.apache.org/thread/
 <CANXk_5=-Mg8W23tqUsHqSEd+srYvXYuwpQdwRPVd0uXk-q74+Q@mail.gmail.com>","I would be using the servers available at my place of work. I dont have
access to AWS servers. I would starting off with a small number of nodes in
the cluster and then plot a graph with x-axis as the number of servers in
the cluster and y-axis as the number of topics with partitions, before the
cluster gives up.

I need 1 help here: What parameters should I keep in mind for tuning the
JVM, if I h",0,2015-07-28,kafka,dev@kafka.apache.org,"
 <CANXk_5=-Mg8W23tqUsHqSEd+srYvXYuwpQdwRPVd0uXk-q74+Q@mail.gmail.com>",Prabhjot Bharaj <prabhbharaj@gmail.com>,2026-09-30T21:53:41.165486
APACHE_LISTS_REMINING,Apache Lists,JVM crash,"Re: Number of kafka topics/partitions supported per cluster of n
 nodes","https://lists.apache.org/thread/
 <CANXk_5=E+T57ZUmLVmXpd0S155D+cnVf+VdSkCgHi6uPCFvLdA@mail.gmail.com>","@Jiefu Gong,

Are the results of your tests available publicly?

Regards,
Prabhjot

On Tue, Jul 28, 2015 at 10:35 PM, Prabhjot Bharaj <prabhbharaj@gmail.com>
wrote:

> I would be using the servers available at my place of work. I dont have
> access to AWS servers. I would starting off with a small number of nodes in
> the cluster and then plot a graph with x-axis as the number of servers in
> the ",0,2015-07-28,kafka,dev@kafka.apache.org,"
 <CANXk_5=E+T57ZUmLVmXpd0S155D+cnVf+VdSkCgHi6uPCFvLdA@mail.gmail.com>",Prabhjot Bharaj <prabhbharaj@gmail.com>,2026-09-30T21:53:41.165489
APACHE_LISTS_REMINING,Apache Lists,JNA,ReplicaManager recover after losing a broker,"https://lists.apache.org/thread/
 <CAK7fnCrf-=WDzv5mndWCaybhg5CTbtnrQrGNgMWvC_mmp2iVmQ@mail.gmail.com>","We run 5 node kafka cluster in production with replication factor is 3. If
we lose a broker for couple days and kafka-data is wiped off when it comes
back online, we had to do rolling restart of all brokers to make them
heathy.

It recovers itself for most part, FailedFetchRequests and
UnderReplicatedPartitions decreases slowly after failed broker comes
online. But after some time UnderReplicatedP",0,2015-07-30,kafka,dev@kafka.apache.org,"
 <CAK7fnCrf-=WDzv5mndWCaybhg5CTbtnrQrGNgMWvC_mmp2iVmQ@mail.gmail.com>",Rajasekar Elango <relango@salesforce.com>,2026-09-30T21:53:41.165491
APACHE_LISTS_REMINING,Apache Lists,JNIEnv,"[jira] [Created] (KAFKA-2421) Upgrade LZ4 to version 1.3 to avoid
 crashing with IBM Java 7",https://lists.apache.org/thread/<JIRA.12854175.1439304703000.33307.1439304706279@Atlassian.JIRA>,"Rajini Sivaram created KAFKA-2421:
-------------------------------------

             Summary: Upgrade LZ4 to version 1.3 to avoid crashing with IBM Java 7
                 Key: KAFKA-2421
                 URL: https://issues.apache.org/jira/browse/KAFKA-2421
             Project: Kafka
          Issue Type: Bug
    Affects Versions: 0.8.2.1
         Environment: IBM Java 7
            Reporter: ",0,2015-08-11,kafka,dev@kafka.apache.org,<JIRA.12854175.1439304703000.33307.1439304706279@Atlassian.JIRA>,"""Rajini Sivaram (JIRA)"" <jira@apache.org>",2026-09-30T21:53:51.876263
APACHE_LISTS_REMINING,Apache Lists,JNIEnv,"[jira] [Updated] (KAFKA-2421) Upgrade LZ4 to version 1.3 to avoid
 crashing with IBM Java 7",https://lists.apache.org/thread/<JIRA.12854175.1439304703000.33474.1439306326379@Atlassian.JIRA>,"
     [ https://issues.apache.org/jira/browse/KAFKA-2421?page=com.atlassian.jira.plugin.system.issuetabpanels:all-tabpanel ]

Rajini Sivaram updated KAFKA-2421:
----------------------------------
    Status: Patch Available  (was: Open)

> Upgrade LZ4 to version 1.3 to avoid crashing with IBM Java 7
> ------------------------------------------------------------
>
>                 Key: KAFKA-2421
",0,2015-08-11,kafka,dev@kafka.apache.org,<JIRA.12854175.1439304703000.33474.1439306326379@Atlassian.JIRA>,"""Rajini Sivaram (JIRA)"" <jira@apache.org>",2026-09-30T21:53:51.876281
APACHE_LISTS_REMINING,Apache Lists,JNIEnv,"[jira] [Updated] (KAFKA-2421) Upgrade LZ4 to version 1.3 to avoid
 crashing with IBM Java 7",https://lists.apache.org/thread/<JIRA.12854175.1439304703000.33472.1439306326240@Atlassian.JIRA>,"
     [ https://issues.apache.org/jira/browse/KAFKA-2421?page=com.atlassian.jira.plugin.system.issuetabpanels:all-tabpanel ]

Rajini Sivaram updated KAFKA-2421:
----------------------------------
    Attachment: KAFKA-2421.patch

> Upgrade LZ4 to version 1.3 to avoid crashing with IBM Java 7
> ------------------------------------------------------------
>
>                 Key: KAFKA-2421
>       ",0,2015-08-11,kafka,dev@kafka.apache.org,<JIRA.12854175.1439304703000.33472.1439306326240@Atlassian.JIRA>,"""Rajini Sivaram (JIRA)"" <jira@apache.org>",2026-09-30T21:53:51.876284
APACHE_LISTS_REMINING,Apache Lists,JNIEnv,"[jira] [Commented] (KAFKA-2421) Upgrade LZ4 to version 1.3 to avoid
 crashing with IBM Java 7",https://lists.apache.org/thread/<JIRA.12854175.1439304703000.33473.1439306326308@Atlassian.JIRA>,"
    [ https://issues.apache.org/jira/browse/KAFKA-2421?page=com.atlassian.jira.plugin.system.issuetabpanels:comment-tabpanel&focusedCommentId=14681931#comment-14681931 ] 

Rajini Sivaram commented on KAFKA-2421:
---------------------------------------

Created reviewboard https://reviews.apache.org/r/37357/diff/
 against branch origin/trunk

> Upgrade LZ4 to version 1.3 to avoid crashing with IBM",0,2015-08-11,kafka,dev@kafka.apache.org,<JIRA.12854175.1439304703000.33473.1439306326308@Atlassian.JIRA>,"""Rajini Sivaram (JIRA)"" <jira@apache.org>",2026-09-30T21:53:51.876287
APACHE_LISTS_REMINING,Apache Lists,JNIEnv,"[jira] [Commented] (KAFKA-2421) Upgrade LZ4 to version 1.3 to avoid
 crashing with IBM Java 7",https://lists.apache.org/thread/<JIRA.12854175.1439304703000.33549.1439306865652@Atlassian.JIRA>,"
    [ https://issues.apache.org/jira/browse/KAFKA-2421?page=com.atlassian.jira.plugin.system.issuetabpanels:comment-tabpanel&focusedCommentId=14681947#comment-14681947 ] 

Rajini Sivaram commented on KAFKA-2421:
---------------------------------------

Attached patch upgrades LZ4 to version 1.3 and fixes the reference to a method that was moved to a different class. Have tested that all unit test",0,2015-08-11,kafka,dev@kafka.apache.org,<JIRA.12854175.1439304703000.33549.1439306865652@Atlassian.JIRA>,"""Rajini Sivaram (JIRA)"" <jira@apache.org>",2026-09-30T21:53:51.876289
APACHE_LISTS_REMINING,Apache Lists,JNIEnv,"[jira] [Updated] (KAFKA-2421) Upgrade LZ4 to version 1.3 to avoid
 crashing with IBM Java 7",https://lists.apache.org/thread/<JIRA.12854175.1439304703000.35932.1439319407712@Atlassian.JIRA>,"
     [ https://issues.apache.org/jira/browse/KAFKA-2421?page=com.atlassian.jira.plugin.system.issuetabpanels:all-tabpanel ]

Rajini Sivaram updated KAFKA-2421:
----------------------------------
    Attachment: KAFKA-2421_2015-08-11_18:54:26.patch

> Upgrade LZ4 to version 1.3 to avoid crashing with IBM Java 7
> ------------------------------------------------------------
>
>                 Key:",0,2015-08-11,kafka,dev@kafka.apache.org,<JIRA.12854175.1439304703000.35932.1439319407712@Atlassian.JIRA>,"""Rajini Sivaram (JIRA)"" <jira@apache.org>",2026-09-30T21:53:51.876291
APACHE_LISTS_REMINING,Apache Lists,JNIEnv,"[jira] [Commented] (KAFKA-2421) Upgrade LZ4 to version 1.3 to avoid
 crashing with IBM Java 7",https://lists.apache.org/thread/<JIRA.12854175.1439304703000.35933.1439319407794@Atlassian.JIRA>,"
    [ https://issues.apache.org/jira/browse/KAFKA-2421?page=com.atlassian.jira.plugin.system.issuetabpanels:comment-tabpanel&focusedCommentId=14682303#comment-14682303 ] 

Rajini Sivaram commented on KAFKA-2421:
---------------------------------------

Updated reviewboard https://reviews.apache.org/r/37357/diff/
 against branch origin/trunk

> Upgrade LZ4 to version 1.3 to avoid crashing with IBM",0,2015-08-11,kafka,dev@kafka.apache.org,<JIRA.12854175.1439304703000.35933.1439319407794@Atlassian.JIRA>,"""Rajini Sivaram (JIRA)"" <jira@apache.org>",2026-09-30T21:53:51.876294
APACHE_LISTS_REMINING,Apache Lists,JNIEnv,"[jira] [Commented] (KAFKA-2421) Upgrade LZ4 to version 1.3 to avoid
 crashing with IBM Java 7",https://lists.apache.org/thread/<JIRA.12854175.1439304703000.228788.1441148687025@Atlassian.JIRA>,"
    [ https://issues.apache.org/jira/browse/KAFKA-2421?page=com.atlassian.jira.plugin.system.issuetabpanels:comment-tabpanel&focusedCommentId=14726385#comment-14726385 ] 

Jun Rao commented on KAFKA-2421:
--------------------------------

The patch no longer applies. Could you rebase?

> Upgrade LZ4 to version 1.3 to avoid crashing with IBM Java 7
> -----------------------------------------------",0,2015-09-01,kafka,dev@kafka.apache.org,<JIRA.12854175.1439304703000.228788.1441148687025@Atlassian.JIRA>,"""Jun Rao (JIRA)"" <jira@apache.org>",2026-09-30T21:54:00.465662
APACHE_LISTS_REMINING,Apache Lists,UnsatisfiedLinkError,"[jira] [Created] (KAFKA-2501) getting one test failed when building
 apache kafka",https://lists.apache.org/thread/<JIRA.12861268.1441187717000.233634.1441187745725@Atlassian.JIRA>,"naresh gundu created KAFKA-2501:
-----------------------------------

             Summary: getting one test failed when building apache kafka
                 Key: KAFKA-2501
                 URL: https://issues.apache.org/jira/browse/KAFKA-2501
             Project: Kafka
          Issue Type: Test
          Components: build
    Affects Versions: 0.8.2.0
         Environment: Ubuntu 15.04
     ",0,2015-09-02,kafka,dev@kafka.apache.org,<JIRA.12861268.1441187717000.233634.1441187745725@Atlassian.JIRA>,"""naresh gundu (JIRA)"" <jira@apache.org>",2026-09-30T21:54:00.465680
APACHE_LISTS_REMINING,Apache Lists,compilation errors,Re: Review Request 34492: Patch for KAFKA-2210,https://lists.apache.org/thread/<20150903003225.17241.97305@reviews.apache.org>,"
-----------------------------------------------------------
This is an automatically generated e-mail. To reply, visit:
https://reviews.apache.org/r/34492/
-----------------------------------------------------------

(Updated Sept. 3, 2015, 12:32 a.m.)


Review request for kafka.


Bugs: KAFKA-2210
    https://issues.apache.org/jira/browse/KAFKA-2210


Repository: kafka


Description (updated)
--",0,2015-09-03,kafka,dev@kafka.apache.org,<20150903003225.17241.97305@reviews.apache.org>,"""Parth Brahmbhatt"" <brahmbhatt.parth@gmail.com>",2026-09-30T21:54:00.465683
APACHE_LISTS_REMINING,Apache Lists,compilation errors,Re: Review Request 34492: Patch for KAFKA-2210,https://lists.apache.org/thread/<20150903003701.16296.89626@reviews.apache.org>,"
-----------------------------------------------------------
This is an automatically generated e-mail. To reply, visit:
https://reviews.apache.org/r/34492/
-----------------------------------------------------------

(Updated Sept. 3, 2015, 12:36 a.m.)


Review request for kafka.


Bugs: KAFKA-2210
    https://issues.apache.org/jira/browse/KAFKA-2210


Repository: kafka


Description (updated)
--",0,2015-09-03,kafka,dev@kafka.apache.org,<20150903003701.16296.89626@reviews.apache.org>,"""Parth Brahmbhatt"" <brahmbhatt.parth@gmail.com>",2026-09-30T21:54:00.465685
APACHE_LISTS_REMINING,Apache Lists,compilation errors,Re: Review Request 34492: Patch for KAFKA-2210,https://lists.apache.org/thread/<20150903003750.16295.1886@reviews.apache.org>,"

> On Sept. 2, 2015, 11:13 p.m., Jun Rao wrote:
> > Hmm, did you attach the right patch? It doesn't seem to apply to trunk and my last round of minor comments didn't seem to get addressed. Also, one more suggestion below.

Can you take a look now? I am not sure why the patch looked weird the first time around. I have cherry picked Ismeal's change but I had to fix some compilation errors so you wi",0,2015-09-03,kafka,dev@kafka.apache.org,<20150903003750.16295.1886@reviews.apache.org>,"""Parth Brahmbhatt"" <brahmbhatt.parth@gmail.com>",2026-09-30T21:54:00.465687
APACHE_LISTS_REMINING,Apache Lists,compilation errors,Re: Review Request 34492: Patch for KAFKA-2210,https://lists.apache.org/thread/<20150903004121.16296.98091@reviews.apache.org>,"
-----------------------------------------------------------
This is an automatically generated e-mail. To reply, visit:
https://reviews.apache.org/r/34492/#review97582
-----------------------------------------------------------

Ship it!


Thanks Parth, LGTM.

- Ismael Juma


On Sept. 3, 2015, 12:36 a.m., Parth Brahmbhatt wrote:
> 
> -----------------------------------------------------------
> T",0,2015-09-03,kafka,dev@kafka.apache.org,<20150903004121.16296.98091@reviews.apache.org>,"""Ismael Juma"" <misc@juma.me.uk>",2026-09-30T21:54:00.465690
APACHE_LISTS_REMINING,Apache Lists,compilation errors,Re: Review Request 34492: Patch for KAFKA-2210,https://lists.apache.org/thread/<20150903004405.16296.28553@reviews.apache.org>,"

> On Sept. 2, 2015, 1:11 p.m., Ismael Juma wrote:
> > Hi Parth, I finally had a bit of time to look into this in more detail and I pushed a commit with my suggestions to make the `KafkaApis` code a bit more readable:
> > 
> > https://github.com/ijuma/kafka/commit/7737a9feb0c6d8cb4be3fe22992f8dc10b657154
> > 
> > As you said, it's difficult to do much better given the lack of common interfaces.
>",0,2015-09-03,kafka,dev@kafka.apache.org,<20150903004405.16296.28553@reviews.apache.org>,"""Parth Brahmbhatt"" <brahmbhatt.parth@gmail.com>",2026-09-30T21:54:00.465692
APACHE_LISTS_REMINING,Apache Lists,compilation errors,Re: Review Request 34492: Patch for KAFKA-2210,https://lists.apache.org/thread/<20150903004414.16296.84394@reviews.apache.org>,"

> On Sept. 2, 2015, 4:36 p.m., Jun Rao wrote:
> > core/src/main/scala/kafka/common/ErrorMapping.scala, lines 55-57
> > <https://reviews.apache.org/r/34492/diff/14/?file=1061760#file1061760line55>
> >
> >     Could you add the missing error cords 23-28 in the comment?

copied the error constant from Error.java and added in comments. I am not sure if you already have a jira to actually fix this. I",0,2015-09-03,kafka,dev@kafka.apache.org,<20150903004414.16296.84394@reviews.apache.org>,"""Parth Brahmbhatt"" <brahmbhatt.parth@gmail.com>",2026-09-30T21:54:00.465694
APACHE_LISTS_REMINING,Apache Lists,compilation errors,Re: Review Request 34492: Patch for KAFKA-2210,https://lists.apache.org/thread/<20150903005122.16295.74007@reviews.apache.org>,"

> On Sept. 2, 2015, 1:11 p.m., Ismael Juma wrote:
> > Hi Parth, I finally had a bit of time to look into this in more detail and I pushed a commit with my suggestions to make the `KafkaApis` code a bit more readable:
> > 
> > https://github.com/ijuma/kafka/commit/7737a9feb0c6d8cb4be3fe22992f8dc10b657154
> > 
> > As you said, it's difficult to do much better given the lack of common interfaces.
>",0,2015-09-03,kafka,dev@kafka.apache.org,<20150903005122.16295.74007@reviews.apache.org>,"""Ismael Juma"" <misc@juma.me.uk>",2026-09-30T21:54:00.465696
APACHE_LISTS_REMINING,Apache Lists,UnsatisfiedLinkError,"[jira] [Commented] (KAFKA-2501) getting one test failed when
 building apache kafka",https://lists.apache.org/thread/<JIRA.12861268.1441187717000.243029.1441254886422@Atlassian.JIRA>,"
    [ https://issues.apache.org/jira/browse/KAFKA-2501?page=com.atlassian.jira.plugin.system.issuetabpanels:comment-tabpanel&focusedCommentId=14728491#comment-14728491 ] 

Ewen Cheslack-Postava commented on KAFKA-2501:
----------------------------------------------

This looks like there's something wrong with the Snappy dependency, not with Kafka itself. What platform are you running this on? It",0,2015-09-03,kafka,dev@kafka.apache.org,<JIRA.12861268.1441187717000.243029.1441254886422@Atlassian.JIRA>,"""Ewen Cheslack-Postava (JIRA)"" <jira@apache.org>",2026-09-30T21:54:00.465698
APACHE_LISTS_REMINING,Apache Lists,UnsatisfiedLinkError,"[jira] [Commented] (KAFKA-2501) getting one test failed when
 building apache kafka",https://lists.apache.org/thread/<JIRA.12861268.1441187717000.243144.1441255848024@Atlassian.JIRA>,"
    [ https://issues.apache.org/jira/browse/KAFKA-2501?page=com.atlassian.jira.plugin.system.issuetabpanels:comment-tabpanel&focusedCommentId=14728500#comment-14728500 ] 

naresh gundu commented on KAFKA-2501:
-------------------------------------

i am working on rhel7.1 and Ubuntu 15.04 ppc64 le 

> getting one test failed when building apache kafka
> -------------------------------------------",0,2015-09-03,kafka,dev@kafka.apache.org,<JIRA.12861268.1441187717000.243144.1441255848024@Atlassian.JIRA>,"""naresh gundu (JIRA)"" <jira@apache.org>",2026-09-30T21:54:00.465700
APACHE_LISTS_REMINING,Apache Lists,UnsatisfiedLinkError,"[jira] [Updated] (KAFKA-2501) getting one test failed when building
 apache kafka",https://lists.apache.org/thread/<JIRA.12861268.1441187717000.243153.1441256085792@Atlassian.JIRA>,"
     [ https://issues.apache.org/jira/browse/KAFKA-2501?page=com.atlassian.jira.plugin.system.issuetabpanels:all-tabpanel ]

naresh gundu updated KAFKA-2501:
--------------------------------
           Environment: Ubuntu 15.04 ppc64 le  (was: Ubuntu 15.04)
    Remaining Estimate: 48h  (was: 1m)
     Original Estimate: 48h  (was: 1m)

> getting one test failed when building apache kafka
> -------",0,2015-09-03,kafka,dev@kafka.apache.org,<JIRA.12861268.1441187717000.243153.1441256085792@Atlassian.JIRA>,"""naresh gundu (JIRA)"" <jira@apache.org>",2026-09-30T21:54:00.465703
APACHE_LISTS_REMINING,Apache Lists,UnsatisfiedLinkError,"[jira] [Commented] (KAFKA-2501) getting one test failed when
 building apache kafka",https://lists.apache.org/thread/<JIRA.12861268.1441187717000.243377.1441257526020@Atlassian.JIRA>,"
    [ https://issues.apache.org/jira/browse/KAFKA-2501?page=com.atlassian.jira.plugin.system.issuetabpanels:comment-tabpanel&focusedCommentId=14728519#comment-14728519 ] 

Ewen Cheslack-Postava commented on KAFKA-2501:
----------------------------------------------

Can you find the snappy-java jar on your classpath and verify it actually contains the necessary file? It looks like the version of ",0,2015-09-03,kafka,dev@kafka.apache.org,<JIRA.12861268.1441187717000.243377.1441257526020@Atlassian.JIRA>,"""Ewen Cheslack-Postava (JIRA)"" <jira@apache.org>",2026-09-30T21:54:00.465705
APACHE_LISTS_REMINING,Apache Lists,UnsatisfiedLinkError,"[jira] [Commented] (KAFKA-2501) getting one test failed when
 building apache kafka",https://lists.apache.org/thread/<JIRA.12861268.1441187717000.243719.1441261426144@Atlassian.JIRA>,"
    [ https://issues.apache.org/jira/browse/KAFKA-2501?page=com.atlassian.jira.plugin.system.issuetabpanels:comment-tabpanel&focusedCommentId=14728564#comment-14728564 ] 

naresh gundu commented on KAFKA-2501:
-------------------------------------

Hi Even,

I following the below steps to build the apache kafka 
git clone https://github.com/apache/kafka.git --branch 0.8.2
cd kafka
gradle
./gradle",0,2015-09-03,kafka,dev@kafka.apache.org,<JIRA.12861268.1441187717000.243719.1441261426144@Atlassian.JIRA>,"""naresh gundu (JIRA)"" <jira@apache.org>",2026-09-30T21:54:00.465707
APACHE_LISTS_REMINING,Apache Lists,UnsatisfiedLinkError,"[jira] [Commented] (KAFKA-2501) getting one test failed when
 building apache kafka",https://lists.apache.org/thread/<JIRA.12861268.1441187717000.243735.1441261785777@Atlassian.JIRA>,"
    [ https://issues.apache.org/jira/browse/KAFKA-2501?page=com.atlassian.jira.plugin.system.issuetabpanels:comment-tabpanel&focusedCommentId=14728567#comment-14728567 ] 

naresh gundu commented on KAFKA-2501:
-------------------------------------

root@69bb9e99fb8d:/kafka/core/build/dependant-libs-2.10.4# jar -tf snappy-java-1.1.1.6.jar
META-INF/MANIFEST.MF
org/
org/xerial/
org/xerial/snappy/
or",0,2015-09-03,kafka,dev@kafka.apache.org,<JIRA.12861268.1441187717000.243735.1441261785777@Atlassian.JIRA>,"""naresh gundu (JIRA)"" <jira@apache.org>",2026-09-30T21:54:00.465709
APACHE_LISTS_REMINING,Apache Lists,JNIEnv,"[jira] [Commented] (KAFKA-2421) Upgrade LZ4 to version 1.3 to avoid
 crashing with IBM Java 7",https://lists.apache.org/thread/<JIRA.12854175.1439304703000.278058.1441712385933@Atlassian.JIRA>,"
    [ https://issues.apache.org/jira/browse/KAFKA-2421?page=com.atlassian.jira.plugin.system.issuetabpanels:comment-tabpanel&focusedCommentId=14734672#comment-14734672 ] 

Rajini Sivaram commented on KAFKA-2421:
---------------------------------------

Updated reviewboard https://reviews.apache.org/r/37357/diff/
 against branch origin/trunk

> Upgrade LZ4 to version 1.3 to avoid crashing with IBM",0,2015-09-08,kafka,dev@kafka.apache.org,<JIRA.12854175.1439304703000.278058.1441712385933@Atlassian.JIRA>,"""Rajini Sivaram (JIRA)"" <jira@apache.org>",2026-09-30T21:54:00.465711
APACHE_LISTS_REMINING,Apache Lists,JNIEnv,"[jira] [Updated] (KAFKA-2421) Upgrade LZ4 to version 1.3 to avoid
 crashing with IBM Java 7",https://lists.apache.org/thread/<JIRA.12854175.1439304703000.278057.1441712385864@Atlassian.JIRA>,"
     [ https://issues.apache.org/jira/browse/KAFKA-2421?page=com.atlassian.jira.plugin.system.issuetabpanels:all-tabpanel ]

Rajini Sivaram updated KAFKA-2421:
----------------------------------
    Attachment: kafka-2421_2015-09-08_11:38:03.patch

> Upgrade LZ4 to version 1.3 to avoid crashing with IBM Java 7
> ------------------------------------------------------------
>
>                 Key:",0,2015-09-08,kafka,dev@kafka.apache.org,<JIRA.12854175.1439304703000.278057.1441712385864@Atlassian.JIRA>,"""Rajini Sivaram (JIRA)"" <jira@apache.org>",2026-09-30T21:54:00.465714
APACHE_LISTS_REMINING,Apache Lists,JNIEnv,"[jira] [Commented] (KAFKA-2421) Upgrade LZ4 to version 1.3 to avoid
 crashing with IBM Java 7",https://lists.apache.org/thread/<JIRA.12854175.1439304703000.278075.1441712745933@Atlassian.JIRA>,"
    [ https://issues.apache.org/jira/browse/KAFKA-2421?page=com.atlassian.jira.plugin.system.issuetabpanels:comment-tabpanel&focusedCommentId=14734674#comment-14734674 ] 

Rajini Sivaram commented on KAFKA-2421:
---------------------------------------

[~junrao] Sorry I was away for the last couple of weeks. The patch has been updated.

> Upgrade LZ4 to version 1.3 to avoid crashing with IBM Java",0,2015-09-08,kafka,dev@kafka.apache.org,<JIRA.12854175.1439304703000.278075.1441712745933@Atlassian.JIRA>,"""Rajini Sivaram (JIRA)"" <jira@apache.org>",2026-09-30T21:54:00.465716
APACHE_LISTS_REMINING,Apache Lists,UnsatisfiedLinkError,"[jira] [Created] (KAFKA-2543) facing test failure while building
 apache-kafka from source",https://lists.apache.org/thread/<JIRA.12863791.1442218518000.327887.1442218545652@Atlassian.JIRA>,"naresh gundu created KAFKA-2543:
-----------------------------------

             Summary: facing test failure while building apache-kafka from source
                 Key: KAFKA-2543
                 URL: https://issues.apache.org/jira/browse/KAFKA-2543
             Project: Kafka
          Issue Type: Bug
          Components: build
    Affects Versions: 0.8.2.1
         Environment: Linux ppc ",0,2015-09-14,kafka,dev@kafka.apache.org,<JIRA.12863791.1442218518000.327887.1442218545652@Atlassian.JIRA>,"""naresh gundu (JIRA)"" <jira@apache.org>",2026-09-30T21:54:00.465719
APACHE_LISTS_REMINING,Apache Lists,JNA,Build failed in Jenkins: Kafka-trunk #639,https://lists.apache.org/thread/<1009173060.7396.1443209279253.JavaMail.jenkins@crius>,"See <https://builds.apache.org/job/Kafka-trunk/639/changes>

Changes:

[wangguoz] KAFKA-2555: Fix infinite recursive ensurePartitionAssignment in callback's commitSync

------------------------------------------
Started by an SCM change
[EnvInject] - Loading node environment variables.
Building remotely on jenkins-ubuntu-1404-4gb-baf (jenkins-cloud-4GB cloud-slave Ubuntu ubuntu) in workspace <http",0,2015-09-25,kafka,dev@kafka.apache.org,<1009173060.7396.1443209279253.JavaMail.jenkins@crius>,Apache Jenkins Server  <jenkins@builds.apache.org>,2026-09-30T21:54:00.465721
APACHE_LISTS_REMINING,Apache Lists,javah,Build failed in Jenkins: kafka-trunk-jdk7 #671,https://lists.apache.org/thread/<1029167537.511.1444516697975.JavaMail.jenkins@crius>,"See <https://builds.apache.org/job/kafka-trunk-jdk7/671/changes>

Changes:

[junrao] KAFKA-2614; No more clients can connect after

------------------------------------------
Started by an SCM change
[EnvInject] - Loading node environment variables.
Building remotely on ubuntu-2 (docker Ubuntu ubuntu) in workspace <https://builds.apache.org/job/kafka-trunk-jdk7/ws/>
 > git rev-parse --is-inside-wo",0,2015-10-10,kafka,dev@kafka.apache.org,<1029167537.511.1444516697975.JavaMail.jenkins@crius>,Apache Jenkins Server  <jenkins@builds.apache.org>,2026-09-30T21:54:18.910157
APACHE_LISTS_REMINING,Apache Lists,javah,Build failed in Jenkins: kafka-trunk-jdk7 #674,https://lists.apache.org/thread/<519868720.977.1444678695458.JavaMail.jenkins@crius>,"See <https://builds.apache.org/job/kafka-trunk-jdk7/674/changes>

Changes:

[jjkoshy] KAFKA-2443 KAFKA-2567; Expose windowSize on Rate; - Throttle time should

------------------------------------------
Started by an SCM change
[EnvInject] - Loading node environment variables.
Building remotely on ubuntu-2 (docker Ubuntu ubuntu) in workspace <https://builds.apache.org/job/kafka-trunk-jdk7/ws/>
 > ",0,2015-10-12,kafka,dev@kafka.apache.org,<519868720.977.1444678695458.JavaMail.jenkins@crius>,Apache Jenkins Server  <jenkins@builds.apache.org>,2026-09-30T21:54:18.910173
APACHE_LISTS_REMINING,Apache Lists,javah,Build failed in Jenkins: kafka-trunk-jdk7 #684,https://lists.apache.org/thread/<993107164.1589.1444776866990.JavaMail.jenkins@crius>,"See <https://builds.apache.org/job/kafka-trunk-jdk7/684/changes>

Changes:

[wangguoz] MINOR: flush record collector after local state flush

------------------------------------------
Started by an SCM change
[EnvInject] - Loading node environment variables.
Building remotely on ubuntu-6 (docker Ubuntu ubuntu) in workspace <https://builds.apache.org/job/kafka-trunk-jdk7/ws/>
Cloning the remote Gi",0,2015-10-13,kafka,dev@kafka.apache.org,<993107164.1589.1444776866990.JavaMail.jenkins@crius>,Apache Jenkins Server  <jenkins@builds.apache.org>,2026-09-30T21:54:18.910176
APACHE_LISTS_REMINING,Apache Lists,JNA,Build failed in Jenkins: kafka-trunk-jdk7 #726,https://lists.apache.org/thread/<1828529950.6244.1445997636999.JavaMail.jenkins@crius>,"See <https://builds.apache.org/job/kafka-trunk-jdk7/726/changes>

Changes:

[wangguoz] KAFKA-2683: ensure wakeup exceptions raised to user

[wangguoz] MINOR: Expose ReplicaManager gauges

------------------------------------------
Started by an SCM change
Started by an SCM change
[EnvInject] - Loading node environment variables.
Building remotely on jenkins-ubuntu-1404-4gb-819 (jenkins-cloud-4GB c",0,2015-10-28,kafka,dev@kafka.apache.org,<1828529950.6244.1445997636999.JavaMail.jenkins@crius>,Apache Jenkins Server  <jenkins@builds.apache.org>,2026-09-30T21:54:18.910179
APACHE_LISTS_REMINING,Apache Lists,compilation errors,"[jira] [Commented] (KAFKA-2834) kafka-merge-pr.py should run tests
 before pushing it to trunk",https://lists.apache.org/thread/<JIRA.12912927.1447439463000.65412.1447443250960@Atlassian.JIRA>,"
    [ https://issues.apache.org/jira/browse/KAFKA-2834?page=com.atlassian.jira.plugin.system.issuetabpanels:comment-tabpanel&focusedCommentId=15004573#comment-15004573 ] 

Sriharsha Chintalapani commented on KAFKA-2834:
-----------------------------------------------

[~guozhang] unit tests actually. I've seen trunk has compilation errors or test failures recently having this will help while merg",0,2015-11-13,kafka,dev@kafka.apache.org,<JIRA.12912927.1447439463000.65412.1447443250960@Atlassian.JIRA>,"""Sriharsha Chintalapani (JIRA)"" <jira@apache.org>",2026-09-30T21:54:29.513746
APACHE_LISTS_REMINING,Apache Lists,JNIEnv,"[jira] [Commented] (KAFKA-2421) Upgrade LZ4 to version 1.3 to avoid
 crashing with IBM Java 7",https://lists.apache.org/thread/<JIRA.12854175.1439304703000.107820.1447862530960@Atlassian.JIRA>,"
    [ https://issues.apache.org/jira/browse/KAFKA-2421?page=com.atlassian.jira.plugin.system.issuetabpanels:comment-tabpanel&focusedCommentId=15011263#comment-15011263 ] 

Grant Henke commented on KAFKA-2421:
------------------------------------

[~rsivaram] Do you mind if I finish this up? I would like to add a few unit tests related to compression size and get this merged. Its related to KAFKA-",0,2015-11-18,kafka,dev@kafka.apache.org,<JIRA.12854175.1439304703000.107820.1447862530960@Atlassian.JIRA>,"""Grant Henke (JIRA)"" <jira@apache.org>",2026-09-30T21:54:29.513769
APACHE_LISTS_REMINING,Apache Lists,JNIEnv,"[jira] [Assigned] (KAFKA-2421) Upgrade LZ4 to version 1.3 to avoid
 crashing with IBM Java 7",https://lists.apache.org/thread/<JIRA.12854175.1439304703000.109111.1447869311122@Atlassian.JIRA>,"
     [ https://issues.apache.org/jira/browse/KAFKA-2421?page=com.atlassian.jira.plugin.system.issuetabpanels:all-tabpanel ]

Grant Henke reassigned KAFKA-2421:
----------------------------------

    Assignee: Grant Henke  (was: Rajini Sivaram)

> Upgrade LZ4 to version 1.3 to avoid crashing with IBM Java 7
> ------------------------------------------------------------
>
>                 Key: KA",0,2015-11-18,kafka,dev@kafka.apache.org,<JIRA.12854175.1439304703000.109111.1447869311122@Atlassian.JIRA>,"""Grant Henke (JIRA)"" <jira@apache.org>",2026-09-30T21:54:29.513773
APACHE_LISTS_REMINING,Apache Lists,JNIEnv,"[jira] [Commented] (KAFKA-2421) Upgrade LZ4 to version 1.3 to avoid
 crashing with IBM Java 7",https://lists.apache.org/thread/<JIRA.12854175.1439304703000.109114.1447869311143@Atlassian.JIRA>,"
    [ https://issues.apache.org/jira/browse/KAFKA-2421?page=com.atlassian.jira.plugin.system.issuetabpanels:comment-tabpanel&focusedCommentId=15011532#comment-15011532 ] 

Grant Henke commented on KAFKA-2421:
------------------------------------

[~rsivaram] I am going to send a PR for this today. I hope thats okay.

> Upgrade LZ4 to version 1.3 to avoid crashing with IBM Java 7
> ---------------",0,2015-11-18,kafka,dev@kafka.apache.org,<JIRA.12854175.1439304703000.109114.1447869311143@Atlassian.JIRA>,"""Grant Henke (JIRA)"" <jira@apache.org>",2026-09-30T21:54:29.513776
APACHE_LISTS_REMINING,Apache Lists,JNIEnv,"[jira] [Commented] (KAFKA-2421) Upgrade LZ4 to version 1.3 to avoid
 crashing with IBM Java 7",https://lists.apache.org/thread/<JIRA.12854175.1439304703000.109208.1447869615052@Atlassian.JIRA>,"
    [ https://issues.apache.org/jira/browse/KAFKA-2421?page=com.atlassian.jira.plugin.system.issuetabpanels:comment-tabpanel&focusedCommentId=15011547#comment-15011547 ] 

ASF GitHub Bot commented on KAFKA-2421:
---------------------------------------

GitHub user granthenke opened a pull request:

    https://github.com/apache/kafka/pull/552

    KAFKA-2421: Upgrade LZ4 to version 1.3

    A few",0,2015-11-18,kafka,dev@kafka.apache.org,<JIRA.12854175.1439304703000.109208.1447869615052@Atlassian.JIRA>,"""ASF GitHub Bot (JIRA)"" <jira@apache.org>",2026-09-30T21:54:29.513778
APACHE_LISTS_REMINING,Apache Lists,JNIEnv,"[jira] [Commented] (KAFKA-2421) Upgrade LZ4 to version 1.3 to avoid
 crashing with IBM Java 7",https://lists.apache.org/thread/<JIRA.12854175.1439304703000.110518.1447875491480@Atlassian.JIRA>,"
    [ https://issues.apache.org/jira/browse/KAFKA-2421?page=com.atlassian.jira.plugin.system.issuetabpanels:comment-tabpanel&focusedCommentId=15011781#comment-15011781 ] 

Rajini Sivaram commented on KAFKA-2421:
---------------------------------------

[~granthenke] Thank you for picking this up.

> Upgrade LZ4 to version 1.3 to avoid crashing with IBM Java 7
> -----------------------------------",0,2015-11-18,kafka,dev@kafka.apache.org,<JIRA.12854175.1439304703000.110518.1447875491480@Atlassian.JIRA>,"""Rajini Sivaram (JIRA)"" <jira@apache.org>",2026-09-30T21:54:29.513781
APACHE_LISTS_REMINING,Apache Lists,JNA,Build failed in Jenkins: kafka_0.9.0_jdk7 #44,https://lists.apache.org/thread/<128115937.7578.1448497923530.JavaMail.jenkins@crius>,"See <https://builds.apache.org/job/kafka_0.9.0_jdk7/44/changes>

Changes:

[wangguoz] KAFKA-2718: Prevent temp directory being reused in parallel test runs

[junrao] KAFKA-2878; Guard against OutOfMemory in Kafka broker

------------------------------------------
[...truncated 1862 lines...]
jdk1.7.0_51/jre/lib/locale/it/
jdk1.7.0_51/jre/lib/locale/it/LC_MESSAGES/
jdk1.7.0_51/jre/lib/locale/it/LC_",0,2015-11-26,kafka,dev@kafka.apache.org,<128115937.7578.1448497923530.JavaMail.jenkins@crius>,Apache Jenkins Server  <jenkins@builds.apache.org>,2026-09-30T21:54:29.513783
APACHE_LISTS_REMINING,Apache Lists,JNA,Build failed in Jenkins: kafka-trunk-jdk7 #867,https://lists.apache.org/thread/<918061888.9465.1448998980433.JavaMail.jenkins@crius>,"See <https://builds.apache.org/job/kafka-trunk-jdk7/867/changes>

Changes:

[wangguoz] MINOR: Update LinkedIn JVM tuning settings

------------------------------------------
[...truncated 1793 lines...]
jdk1.7.0_51/jre/lib/amd64/libjava.so
jdk1.7.0_51/jre/lib/amd64/libJdbcOdbc.so
jdk1.7.0_51/jre/lib/amd64/fxavcodecplugin-52.so
jdk1.7.0_51/jre/lib/amd64/server/
jdk1.7.0_51/jre/lib/amd64/server/libj",0,2015-12-01,kafka,dev@kafka.apache.org,<918061888.9465.1448998980433.JavaMail.jenkins@crius>,Apache Jenkins Server  <jenkins@builds.apache.org>,2026-09-30T21:54:37.759446
APACHE_LISTS_REMINING,Apache Lists,JNIEnv,"[jira] [Commented] (KAFKA-2421) Upgrade LZ4 to version 1.3 to avoid
 crashing with IBM Java 7",https://lists.apache.org/thread/<JIRA.12854175.1439304703000.236807.1448999891012@Atlassian.JIRA>,"
    [ https://issues.apache.org/jira/browse/KAFKA-2421?page=com.atlassian.jira.plugin.system.issuetabpanels:comment-tabpanel&focusedCommentId=15034476#comment-15034476 ] 

ASF GitHub Bot commented on KAFKA-2421:
---------------------------------------

Github user asfgit closed the pull request at:

    https://github.com/apache/kafka/pull/552


> Upgrade LZ4 to version 1.3 to avoid crashing with",0,2015-12-01,kafka,dev@kafka.apache.org,<JIRA.12854175.1439304703000.236807.1448999891012@Atlassian.JIRA>,"""ASF GitHub Bot (JIRA)"" <jira@apache.org>",2026-09-30T21:54:37.759467
APACHE_LISTS_REMINING,Apache Lists,JNIEnv,"[jira] [Updated] (KAFKA-2421) Upgrade LZ4 to version 1.3 to avoid
 crashing with IBM Java 7",https://lists.apache.org/thread/<JIRA.12854175.1439304703000.236826.1449000012136@Atlassian.JIRA>,"
     [ https://issues.apache.org/jira/browse/KAFKA-2421?page=com.atlassian.jira.plugin.system.issuetabpanels:all-tabpanel ]

Guozhang Wang updated KAFKA-2421:
---------------------------------
       Resolution: Fixed
    Fix Version/s: 0.9.1.0
           Status: Resolved  (was: Patch Available)

> Upgrade LZ4 to version 1.3 to avoid crashing with IBM Java 7
> ------------------------------------",0,2015-12-01,kafka,dev@kafka.apache.org,<JIRA.12854175.1439304703000.236826.1449000012136@Atlassian.JIRA>,"""Guozhang Wang (JIRA)"" <jira@apache.org>",2026-09-30T21:54:37.759471
APACHE_LISTS_REMINING,Apache Lists,JNA,Kafka build fails,https://lists.apache.org/thread/<201601132345.u0DNjPr6013114@d01av04.pok.ibm.com>,"Hi,

I am trying to build Kafka on a fresh Ubuntu VM using the following 
commands and gradle is failing with the error message below. Is there any 
step I am missing?
Thanks.



$ sudo add-apt-repository ppa:webupd8team/java
$ sudo apt-get update
$ sudo apt-get install oracle-java7-installer
$ git clone https://github.com/apache/kafka.git
$ cd kafka/
$ sudo apt-get install gradle
$ sudo ln -s /us",0,2016-01-13,kafka,dev@kafka.apache.org,<201601132345.u0DNjPr6013114@d01av04.pok.ibm.com>,"""Vahid S Hashemian"" <vahidhashemian@us.ibm.com>",2026-09-30T21:55:18.942688
APACHE_LISTS_REMINING,Apache Lists,JNA,Re: Kafka build fails,"https://lists.apache.org/thread/
 <CAD5tkZaDUKYGX14Ri_FVXNXtPRaRJ6BoiPCCaPEQX+23F4d-Lg@mail.gmail.com>","Hi Vahid,

It looks like the Gradle version you installed is 1.5. Kafka requires at
least 2.0.

Ismael

On Wed, Jan 13, 2016 at 11:45 PM, Vahid S Hashemian <
vahidhashemian@us.ibm.com> wrote:

> Hi,
>
> I am trying to build Kafka on a fresh Ubuntu VM using the following
> commands and gradle is failing with the error message below. Is there any
> step I am missing?
> Thanks.
>
>
>
> $ sudo add-apt",0,2016-01-13,kafka,dev@kafka.apache.org,"
 <CAD5tkZaDUKYGX14Ri_FVXNXtPRaRJ6BoiPCCaPEQX+23F4d-Lg@mail.gmail.com>",Ismael Juma <ismael@juma.me.uk>,2026-09-30T21:55:18.942724
APACHE_LISTS_REMINING,Apache Lists,JNA,Re: Kafka build fails,https://lists.apache.org/thread/<201601140011.u0E0BRbU025865@d01av03.pok.ibm.com>,"Hi Ismael,

Thank you for your quick and helpful response. You were right.
I was following the build instructions at 
https://github.com/apache/kafka#apache-kafka and that piece of information 
seems to be missing there.

In any case, these set of commands worked for me to build Kafka:

$ sudo add-apt-repository ppa:webupd8team/java
$ sudo add-apt-repository ppa:cwchien/gradle
$ sudo apt-get updat",0,2016-01-13,kafka,dev@kafka.apache.org,<201601140011.u0E0BRbU025865@d01av03.pok.ibm.com>,"""Vahid S Hashemian"" <vahidhashemian@us.ibm.com>",2026-09-30T21:55:18.942727
APACHE_LISTS_REMINING,Apache Lists,javah,Build failed in Jenkins: kafka-trunk-jdk7 #1042,https://lists.apache.org/thread/<1482856376.8407.1455655212644.JavaMail.jenkins@crius>,"See <https://builds.apache.org/job/kafka-trunk-jdk7/1042/changes>

Changes:

[me] MINOR: Reconcile differences in .bat & .sh start scripts

------------------------------------------
Started by an SCM change
[EnvInject] - Loading node environment variables.
Building remotely on ubuntu-us1 (docker Ubuntu ubuntu ubuntu-us) in workspace <https://builds.apache.org/job/kafka-trunk-jdk7/ws/>
Cloning the",0,2016-02-16,kafka,dev@kafka.apache.org,<1482856376.8407.1455655212644.JavaMail.jenkins@crius>,Apache Jenkins Server  <jenkins@builds.apache.org>,2026-09-30T21:55:28.053086
APACHE_LISTS_REMINING,Apache Lists,JNI error,"[jira] [Created] (KAFKA-3326) Error: A JNI error has occurred,
 please check your installation and try again",https://lists.apache.org/thread/<JIRA.12946558.1457015915000.208859.1457015958071@Atlassian.JIRA>,"iyaozhen created KAFKA-3326:
-------------------------------

             Summary: Error: A JNI error has occurred, please check your installation and try again
                 Key: KAFKA-3326
                 URL: https://issues.apache.org/jira/browse/KAFKA-3326
             Project: Kafka
          Issue Type: Wish
          Components: config
    Affects Versions: 0.9.0.1
            Reporter",0,2016-03-03,kafka,dev@kafka.apache.org,<JIRA.12946558.1457015915000.208859.1457015958071@Atlassian.JIRA>,"""iyaozhen (JIRA)"" <jira@apache.org>",2026-09-30T21:55:41.790675
APACHE_LISTS_REMINING,Apache Lists,JNI error,"[jira] [Updated] (KAFKA-3326) Error: A JNI error has occurred,
 please check your installation and try again",https://lists.apache.org/thread/<JIRA.12946558.1457015915000.209023.1457017578041@Atlassian.JIRA>,"
     [ https://issues.apache.org/jira/browse/KAFKA-3326?page=com.atlassian.jira.plugin.system.issuetabpanels:all-tabpanel ]

iyaozhen updated KAFKA-3326:
----------------------------
    Issue Type: Bug  (was: Wish)

> Error: A JNI error has occurred, please check your installation and try again
> -----------------------------------------------------------------------------
>
>                 Ke",0,2016-03-03,kafka,dev@kafka.apache.org,<JIRA.12946558.1457015915000.209023.1457017578041@Atlassian.JIRA>,"""iyaozhen (JIRA)"" <jira@apache.org>",2026-09-30T21:55:41.790692
APACHE_LISTS_REMINING,Apache Lists,JNI error,"[jira] [Commented] (KAFKA-3326) Error: A JNI error has occurred,
 please check your installation and try again",https://lists.apache.org/thread/<JIRA.12946558.1457015915000.19016.1457341248846@Atlassian.JIRA>,"
    [ https://issues.apache.org/jira/browse/KAFKA-3326?page=com.atlassian.jira.plugin.system.issuetabpanels:comment-tabpanel&focusedCommentId=15182774#comment-15182774 ] 

iyaozhen commented on KAFKA-3326:
---------------------------------

Oh no. It is my problem.

MD5 (kafka_2.11-0.9.0.1.tgz) = dfc0601ad7bb815e21e1697bc2d8c967 But https://dist.apache.org/repos/dist/release/kafka/0.9.0.1/kafka_2",0,2016-03-07,kafka,dev@kafka.apache.org,<JIRA.12946558.1457015915000.19016.1457341248846@Atlassian.JIRA>,"""iyaozhen (JIRA)"" <jira@apache.org>",2026-09-30T21:55:41.790695
APACHE_LISTS_REMINING,Apache Lists,javah,Build failed in Jenkins: kafka-trunk-jdk8 #456,https://lists.apache.org/thread/<163604868.6592.1458436401469.JavaMail.jenkins@crius>,"See <https://builds.apache.org/job/kafka-trunk-jdk8/456/changes>

Changes:

[cshapi] KAFKA-3427: broker can return incorrect version of fetch response when

------------------------------------------
[...truncated 1607 lines...]
jdk1.8.0_45/lib/visualvm/platform/modules/locale/org-netbeans-modules-options-keymap_zh_CN.jar
jdk1.8.0_45/lib/visualvm/platform/modules/locale/org-netbeans-modules-spi-ac",0,2016-03-20,kafka,dev@kafka.apache.org,<163604868.6592.1458436401469.JavaMail.jenkins@crius>,Apache Jenkins Server  <jenkins@builds.apache.org>,2026-09-30T21:55:41.790698
APACHE_LISTS_REMINING,Apache Lists,javah,Build failed in Jenkins: kafka-trunk-jdk8 #463,https://lists.apache.org/thread/<663571786.7046.1458587649267.JavaMail.jenkins@crius>,"See <https://builds.apache.org/job/kafka-trunk-jdk8/463/changes>

Changes:

[wangguoz] MINOR: Add InterfaceStability.Unstable annotations to some Kafka Streams

------------------------------------------
[...truncated 1610 lines...]
jdk1.8.0_45/lib/visualvm/platform/modules/locale/org-openide-io_ja.jar
jdk1.8.0_45/lib/visualvm/platform/modules/locale/org-netbeans-modules-uihandler_ja.jar
jdk1.8.0_",0,2016-03-21,kafka,dev@kafka.apache.org,<663571786.7046.1458587649267.JavaMail.jenkins@crius>,Apache Jenkins Server  <jenkins@builds.apache.org>,2026-09-30T21:55:41.790700
APACHE_LISTS_REMINING,Apache Lists,javah,Build failed in Jenkins: kafka-trunk-jdk8 #464,https://lists.apache.org/thread/<332839207.7069.1458595354093.JavaMail.jenkins@crius>,"See <https://builds.apache.org/job/kafka-trunk-jdk8/464/changes>

Changes:

[me] MINOR: fix documentation version

[me] MINOR: update new version in additional places

------------------------------------------
[...truncated 1610 lines...]
jdk1.8.0_45/lib/visualvm/platform/modules/locale/org-openide-io_ja.jar
jdk1.8.0_45/lib/visualvm/platform/modules/locale/org-netbeans-modules-uihandler_ja.jar
jd",0,2016-03-21,kafka,dev@kafka.apache.org,<332839207.7069.1458595354093.JavaMail.jenkins@crius>,Apache Jenkins Server  <jenkins@builds.apache.org>,2026-09-30T21:55:41.790703
APACHE_LISTS_REMINING,Apache Lists,JNA,Build failed in Jenkins: kafka-trunk-jdk7 #1144,https://lists.apache.org/thread/<1386057593.7847.1458766526584.JavaMail.jenkins@crius>,"See <https://builds.apache.org/job/kafka-trunk-jdk7/1144/changes>

Changes:

[cshapi] KAFKA-3441: 0.10.0 documentation still says ""0.9.0""

[wangguoz] KAFKA-3432; Cluster.update() thread-safety

------------------------------------------
[...truncated 1769 lines...]
jdk1.7.0_51/jre/lib/amd64/libjfxwebkit.so
jdk1.7.0_51/jre/lib/amd64/libnpt.so
jdk1.7.0_51/jre/lib/amd64/libjavafx-font.so
jdk1.7.0_51/",0,2016-03-23,kafka,dev@kafka.apache.org,<1386057593.7847.1458766526584.JavaMail.jenkins@crius>,Apache Jenkins Server  <jenkins@builds.apache.org>,2026-09-30T21:55:41.790706
APACHE_LISTS_REMINING,Apache Lists,compilation errors,"[jira] [Resolved] (KAFKA-869) Java API needs Encoder / Decoder
 interfaces",https://lists.apache.org/thread/<JIRA.12644022.1366674402000.246389.1460791105612@Atlassian.JIRA>,"
     [ https://issues.apache.org/jira/browse/KAFKA-869?page=com.atlassian.jira.plugin.system.issuetabpanels:all-tabpanel ]

Manikumar Reddy resolved KAFKA-869.
-----------------------------------
    Resolution: Won't Fix

This issue not exists in new java client classes.

> Java API needs Encoder / Decoder interfaces
> -------------------------------------------
>
>                 Key: KAFKA-86",0,2016-04-16,kafka,dev@kafka.apache.org,<JIRA.12644022.1366674402000.246389.1460791105612@Atlassian.JIRA>,"""Manikumar Reddy (JIRA)"" <jira@apache.org>",2026-09-30T21:55:52.640222
APACHE_LISTS_REMINING,Apache Lists,JNI error,"[jira] [Resolved] (KAFKA-3326) Error: A JNI error has occurred,
 please check your installation and try again",https://lists.apache.org/thread/<JIRA.12946558.1457015915000.277041.1461147445479@Atlassian.JIRA>,"
     [ https://issues.apache.org/jira/browse/KAFKA-3326?page=com.atlassian.jira.plugin.system.issuetabpanels:all-tabpanel ]

Manikumar Reddy resolved KAFKA-3326.
------------------------------------
    Resolution: Not A Problem

> Error: A JNI error has occurred, please check your installation and try again
> -----------------------------------------------------------------------------
>
>      ",0,2016-04-20,kafka,dev@kafka.apache.org,<JIRA.12946558.1457015915000.277041.1461147445479@Atlassian.JIRA>,"""Manikumar Reddy (JIRA)"" <jira@apache.org>",2026-09-30T21:55:52.640239
APACHE_LISTS_REMINING,Apache Lists,JNA,Build failed in Jenkins: kafka-trunk-jdk7 #1345,https://lists.apache.org/thread/<1491301366.4023.1465207009322.JavaMail.jenkins@crius>,"See <https://builds.apache.org/job/kafka-trunk-jdk7/1345/>

------------------------------------------
Started by user ijuma
[EnvInject] - Loading node environment variables.
Building remotely on H11 (docker Ubuntu ubuntu yahoo-not-h2) in workspace <https://builds.apache.org/job/kafka-trunk-jdk7/ws/>
 > git rev-parse --is-inside-work-tree # timeout=10
Fetching changes from the remote Git repositor",0,2016-06-06,kafka,dev@kafka.apache.org,<1491301366.4023.1465207009322.JavaMail.jenkins@crius>,Apache Jenkins Server  <jenkins@builds.apache.org>,2026-09-30T21:56:15.161435
APACHE_LISTS_REMINING,Apache Lists,JVM crash,Re: [DISCUSS] Java 8 as a minimum requirement,https://lists.apache.org/thread/<CD644DE9-FFDE-4457-AA4D-D7273A391138@wooga.net>,"
Hi Ismael,

Unfortunately Java 8 doesn't play nice with FreeBSD. We have seen a lot of JVM crashes running our 0.9 brokers on Java 8... Java 7 on the other hand is totally stable. 

Until these issues have been addressed, this would cause some serious issues for us.

Regards 

Jan",0,2016-06-17,kafka,dev@kafka.apache.org,<CD644DE9-FFDE-4457-AA4D-D7273A391138@wooga.net>,jan.omar@wooga.net,2026-09-30T21:56:15.161451
APACHE_LISTS_REMINING,Apache Lists,JVM crash,Re: [DISCUSS] Java 8 as a minimum requirement,https://lists.apache.org/thread/<CAD5tkZbfJtEtuC9XOPKRKGf=mOBDXGYb8fJjO3PmwFKBX4ZCuw@mail.gmail.com>,"Hi Jan,

That's interesting. Do you have some references you can share on this? It
would be good to know which Java 8 versions have been tested and whether it
is something that is being worked on.

Ismael

On Fri, Jun 17, 2016 at 12:02 AM, <jan.omar@wooga.net> wrote:

>
> Hi Ismael,
>
> Unfortunately Java 8 doesn't play nice with FreeBSD. We have seen a lot of
> JVM crashes running our 0.9 brokers",0,2016-06-17,kafka,dev@kafka.apache.org,<CAD5tkZbfJtEtuC9XOPKRKGf=mOBDXGYb8fJjO3PmwFKBX4ZCuw@mail.gmail.com>,Ismael Juma <ismael@juma.me.uk>,2026-09-30T21:56:15.161454
APACHE_LISTS_REMINING,Apache Lists,JVM crash,Re: [DISCUSS] Java 8 as a minimum requirement,https://lists.apache.org/thread/<20160711202624.GH47941@pop.rubicorp.com>,"On Fri, Jun 17, 2016 at 12:02:17AM +0200, jan.omar@wooga.net wrote:
> 
> Hi Ismael,
> 
> Unfortunately Java 8 doesn't play nice with FreeBSD. We have seen a lot of JVM crashes running our 0.9 brokers on Java 8... Java 7 on the other hand is totally stable. 
> 
> Until these issues have been addressed, this would cause some serious issues for us.
> 
I can second this on the FreeBSD front.

-pete


",0,2016-07-11,kafka,dev@kafka.apache.org,<20160711202624.GH47941@pop.rubicorp.com>,Pete Wright <pwright@rubiconproject.com>,2026-09-30T21:56:22.665982
APACHE_LISTS_REMINING,Apache Lists,JNA,Build failed in Jenkins: kafka-0.10.0-jdk7 #159,https://lists.apache.org/thread/<919862013.607.1469265750022.JavaMail.jenkins@crius>,"See <https://builds.apache.org/job/kafka-0.10.0-jdk7/159/changes>

Changes:

[ismael] KAFKA-3960; Committed offset not set after first assign

------------------------------------------
[...truncated 1929 lines...]
jdk1.7.0_51/THIRDPARTYLICENSEREADME-JAVAFX.txt
Building remotely on H10 (docker Ubuntu ubuntu yahoo-not-h2) in workspace <https://builds.apache.org/job/kafka-0.10.0-jdk7/ws/>
Cloning th",0,2016-07-23,kafka,dev@kafka.apache.org,<919862013.607.1469265750022.JavaMail.jenkins@crius>,Apache Jenkins Server  <jenkins@builds.apache.org>,2026-09-30T21:56:22.665998
APACHE_LISTS_REMINING,Apache Lists,JNA,Build failed in Jenkins: kafka-trunk-jdk8 #883,https://lists.apache.org/thread/<245009925.2273.1473920306164.JavaMail.jenkins@crius>,"See <https://builds.apache.org/job/kafka-trunk-jdk8/883/changes>

Changes:

[wangguoz] KAFKA-4160: Ensure rebalance listener not called with coordinator lock

------------------------------------------
Started by an SCM change
[EnvInject] - Loading node environment variables.
Building remotely on jenkins-test-ee0 (Ubuntu ubuntu jenkins-cloud-8GB jenkins-cloud-4GB cloud-slave) in workspace <https:/",0,2016-09-15,kafka,dev@kafka.apache.org,<245009925.2273.1473920306164.JavaMail.jenkins@crius>,Apache Jenkins Server  <jenkins@builds.apache.org>,2026-09-30T21:56:40.496236
APACHE_LISTS_REMINING,Apache Lists,JNA,"[jira] [Created] (KAFKA-4470) Exception
 (java.lang.RuntimeException) encountered during startup:
 org.codehaus.jackson.JsonParseException:",https://lists.apache.org/thread/<JIRA.13024326.1480486190000.397793.1480486198989@Atlassian.JIRA>,"JianwenSun created KAFKA-4470:
---------------------------------

             Summary: Exception (java.lang.RuntimeException) encountered during startup: org.codehaus.jackson.JsonParseException: 
                 Key: KAFKA-4470
                 URL: https://issues.apache.org/jira/browse/KAFKA-4470
             Project: Kafka
          Issue Type: Bug
            Reporter: JianwenSun


upgrade 2.",0,2016-11-30,kafka,dev@kafka.apache.org,<JIRA.13024326.1480486190000.397793.1480486198989@Atlassian.JIRA>,"""JianwenSun (JIRA)"" <jira@apache.org>",2026-09-30T21:56:57.782155
APACHE_LISTS_REMINING,Apache Lists,JNA,"[jira] [Updated] (KAFKA-4470) Exception
 (java.lang.RuntimeException) encountered during startup:
 org.codehaus.jackson.JsonParseException:",https://lists.apache.org/thread/<JIRA.13024326.1480486190000.397871.1480486559705@Atlassian.JIRA>,"
     [ https://issues.apache.org/jira/browse/KAFKA-4470?page=com.atlassian.jira.plugin.system.issuetabpanels:all-tabpanel ]

JianwenSun updated KAFKA-4470:
------------------------------
    Priority: Blocker  (was: Major)

> Exception (java.lang.RuntimeException) encountered during startup: org.codehaus.jackson.JsonParseException: 
> --------------------------------------------------------------",0,2016-11-30,kafka,dev@kafka.apache.org,<JIRA.13024326.1480486190000.397871.1480486559705@Atlassian.JIRA>,"""JianwenSun (JIRA)"" <jira@apache.org>",2026-09-30T21:56:57.782172
APACHE_LISTS_REMINING,Apache Lists,JNA,"[jira] [Commented] (KAFKA-4470) Exception
 (java.lang.RuntimeException) encountered during startup:
 org.codehaus.jackson.JsonParseException:",https://lists.apache.org/thread/<JIRA.13024326.1480486190000.401267.1480515779271@Atlassian.JIRA>,"
    [ https://issues.apache.org/jira/browse/KAFKA-4470?page=com.atlassian.jira.plugin.system.issuetabpanels:comment-tabpanel&focusedCommentId=15708722#comment-15708722 ] 

Rajini Sivaram commented on KAFKA-4470:
---------------------------------------

JIRA is on the wrong project?

> Exception (java.lang.RuntimeException) encountered during startup: org.codehaus.jackson.JsonParseException: 
> --",0,2016-11-30,kafka,dev@kafka.apache.org,<JIRA.13024326.1480486190000.401267.1480515779271@Atlassian.JIRA>,"""Rajini Sivaram (JIRA)"" <jira@apache.org>",2026-09-30T21:56:57.782174
APACHE_LISTS_REMINING,Apache Lists,compilation errors,[GitHub] kafka pull request #2271: MINOR: Improvements to Record related classes (WIP...,https://lists.apache.org/thread/<git-pr-2271-kafka@git.apache.org>,"GitHub user ijuma opened a pull request:

    https://github.com/apache/kafka/pull/2271

    MINOR: Improvements to Record related classes (WIP)

    Jason recently cleaned things up significantly by consolidating the Message/Record classes into the common Java code in the clients module. While reviewing that, I noticed a few things that could be improved a little more.
    
    I am creating the ",0,2016-12-17,kafka,dev@kafka.apache.org,<git-pr-2271-kafka@git.apache.org>,ijuma <git@git.apache.org>,2026-09-30T21:57:07.660654
APACHE_LISTS_REMINING,Apache Lists,JNA,"[jira] [Resolved] (KAFKA-4470) Exception
 (java.lang.RuntimeException) encountered during startup:
 org.codehaus.jackson.JsonParseException:",https://lists.apache.org/thread/<JIRA.13024326.1480486190000.624774.1483388638343@Atlassian.JIRA>,"
     [ https://issues.apache.org/jira/browse/KAFKA-4470?page=com.atlassian.jira.plugin.system.issuetabpanels:all-tabpanel ]

Ewen Cheslack-Postava resolved KAFKA-4470.
------------------------------------------
    Resolution: Invalid
      Assignee: Ewen Cheslack-Postava

Bug was filed on the wrong project.

> Exception (java.lang.RuntimeException) encountered during startup: org.codehaus.jackso",0,2017-01-02,kafka,dev@kafka.apache.org,<JIRA.13024326.1480486190000.624774.1483388638343@Atlassian.JIRA>,"""Ewen Cheslack-Postava (JIRA)"" <jira@apache.org>",2026-09-30T21:57:20.163489
APACHE_LISTS_REMINING,Apache Lists,UnsatisfiedLinkError,"[jira] [Resolved] (KAFKA-2543) facing test failure while building
 apache-kafka from source",https://lists.apache.org/thread/<JIRA.12863791.1442218518000.47.1484203976688@Atlassian.JIRA>,"
     [ https://issues.apache.org/jira/browse/KAFKA-2543?page=com.atlassian.jira.plugin.system.issuetabpanels:all-tabpanel ]

Guozhang Wang resolved KAFKA-2543.
----------------------------------
    Resolution: Cannot Reproduce

> facing test failure while building apache-kafka from source
> -----------------------------------------------------------
>
>                 Key: KAFKA-2543
>         ",0,2017-01-12,kafka,dev@kafka.apache.org,<JIRA.12863791.1442218518000.47.1484203976688@Atlassian.JIRA>,"""Guozhang Wang (JIRA)"" <jira@apache.org>",2026-09-30T21:57:20.163507
APACHE_LISTS_REMINING,Apache Lists,UnsatisfiedLinkError,"[jira] [Commented] (KAFKA-2501) getting one test failed when
 building apache kafka",https://lists.apache.org/thread/<JIRA.12861268.1441187717000.208608.1485399746417@Atlassian.JIRA>,"
    [ https://issues.apache.org/jira/browse/KAFKA-2501?page=com.atlassian.jira.plugin.system.issuetabpanels:comment-tabpanel&focusedCommentId=15839095#comment-15839095 ] 

Ewen Cheslack-Postava commented on KAFKA-2501:
----------------------------------------------

Exact duplicate by same reporter

> getting one test failed when building apache kafka
> -------------------------------------------",0,2017-01-26,kafka,dev@kafka.apache.org,<JIRA.12861268.1441187717000.208608.1485399746417@Atlassian.JIRA>,"""Ewen Cheslack-Postava (JIRA)"" <jira@apache.org>",2026-09-30T21:57:20.163511
APACHE_LISTS_REMINING,Apache Lists,UnsatisfiedLinkError,"[jira] [Resolved] (KAFKA-2501) getting one test failed when
 building apache kafka",https://lists.apache.org/thread/<JIRA.12861268.1441187717000.208610.1485399806394@Atlassian.JIRA>,"
     [ https://issues.apache.org/jira/browse/KAFKA-2501?page=com.atlassian.jira.plugin.system.issuetabpanels:all-tabpanel ]

Ewen Cheslack-Postava resolved KAFKA-2501.
------------------------------------------
       Resolution: Duplicate
         Assignee: Ewen Cheslack-Postava
    Fix Version/s:     (was: 0.8.2.0)

See duplicate, which was resolve as Can't Reproduce. This was also tagged for a",0,2017-01-26,kafka,dev@kafka.apache.org,<JIRA.12861268.1441187717000.208610.1485399806394@Atlassian.JIRA>,"""Ewen Cheslack-Postava (JIRA)"" <jira@apache.org>",2026-09-30T21:57:20.163513
APACHE_LISTS_REMINING,Apache Lists,"UnsatisfiedLinkError, JVM crash","[jira] [Created] (KAFKA-4988) JVM crash when running on Alpine
 Linux",https://lists.apache.org/thread/<JIRA.13060511.1490910727000.169796.1490910761710@Atlassian.JIRA>,"Vincent Rischmann created KAFKA-4988:
----------------------------------------

             Summary: JVM crash when running on Alpine Linux
                 Key: KAFKA-4988
                 URL: https://issues.apache.org/jira/browse/KAFKA-4988
             Project: Kafka
          Issue Type: Bug
          Components: streams
    Affects Versions: 0.10.2.0
            Reporter: Vincent Rischmann
",0,2017-03-30,kafka,dev@kafka.apache.org,<JIRA.13060511.1490910727000.169796.1490910761710@Atlassian.JIRA>,"""Vincent Rischmann (JIRA)"" <jira@apache.org>",2026-09-30T21:57:44.568264
APACHE_LISTS_REMINING,Apache Lists,"UnsatisfiedLinkError, JVM crash","[jira] [Commented] (KAFKA-4988) JVM crash when running on Alpine
 Linux",https://lists.apache.org/thread/<JIRA.13060511.1490910727000.179869.1490993681607@Atlassian.JIRA>,"
    [ https://issues.apache.org/jira/browse/KAFKA-4988?page=com.atlassian.jira.plugin.system.issuetabpanels:comment-tabpanel&focusedCommentId=15951626#comment-15951626 ] 

Matthias J. Sax commented on KAFKA-4988:
----------------------------------------

[~me@vrischmann.me] This might be a RocksDB issues and not a Kafka Streams issues. Would you mind, reaching out to RocksDB folks and double chec",0,2017-03-31,kafka,dev@kafka.apache.org,<JIRA.13060511.1490910727000.179869.1490993681607@Atlassian.JIRA>,"""Matthias J. Sax (JIRA)"" <jira@apache.org>",2026-09-30T21:57:44.568280
APACHE_LISTS_REMINING,Apache Lists,"UnsatisfiedLinkError, JVM crash","[jira] [Commented] (KAFKA-4988) JVM crash when running on Alpine
 Linux",https://lists.apache.org/thread/<JIRA.13060511.1490910727000.259083.1491936941750@Atlassian.JIRA>,"
    [ https://issues.apache.org/jira/browse/KAFKA-4988?page=com.atlassian.jira.plugin.system.issuetabpanels:comment-tabpanel&focusedCommentId=15964809#comment-15964809 ] 

Murad M commented on KAFKA-4988:
--------------------------------

Just faced same problem here. Running application in fully blown ubuntu environment has no problems. When deployed in official https://hub.docker.com/_/openjdk/",0,2017-04-11,kafka,dev@kafka.apache.org,<JIRA.13060511.1490910727000.259083.1491936941750@Atlassian.JIRA>,"""Murad M (JIRA)"" <jira@apache.org>",2026-09-30T21:57:55.201157
APACHE_LISTS_REMINING,Apache Lists,"UnsatisfiedLinkError, JVM crash","[jira] [Comment Edited] (KAFKA-4988) JVM crash when running on
 Alpine Linux",https://lists.apache.org/thread/<JIRA.13060511.1490910727000.259092.1491936941913@Atlassian.JIRA>,"
    [ https://issues.apache.org/jira/browse/KAFKA-4988?page=com.atlassian.jira.plugin.system.issuetabpanels:comment-tabpanel&focusedCommentId=15964809#comment-15964809 ] 

Murad M edited comment on KAFKA-4988 at 4/11/17 6:55 PM:
---------------------------------------------------------

Just faced same problem here. Running application in fully blown ubuntu environment has no problems. When deplo",0,2017-04-11,kafka,dev@kafka.apache.org,<JIRA.13060511.1490910727000.259092.1491936941913@Atlassian.JIRA>,"""Murad M (JIRA)"" <jira@apache.org>",2026-09-30T21:57:55.201178
APACHE_LISTS_REMINING,Apache Lists,compilation errors,[GitHub] kafka pull request #2846: [WIP]: Exactly once transactional coordinator,https://lists.apache.org/thread/<git-pr-2846-kafka@git.apache.org>,"GitHub user dguy opened a pull request:

    https://github.com/apache/kafka/pull/2846

    [WIP]: Exactly once transactional coordinator

    

You can merge this pull request into a Git repository by running:

    $ git pull https://github.com/confluentinc/kafka exactly-once-transactional-coordinator

Alternatively you can review and apply these changes as the patch at:

    https://github.com/a",0,2017-04-12,kafka,dev@kafka.apache.org,<git-pr-2846-kafka@git.apache.org>,dguy <git@git.apache.org>,2026-09-30T21:57:55.201182
APACHE_LISTS_REMINING,Apache Lists,compilation errors,[GitHub] kafka pull request #2849: KAFKA-5059: Implement Transactional Coordinator,https://lists.apache.org/thread/<git-pr-2849-kafka@git.apache.org>,"GitHub user dguy opened a pull request:

    https://github.com/apache/kafka/pull/2849

    KAFKA-5059: Implement Transactional Coordinator

    

You can merge this pull request into a Git repository by running:

    $ git pull https://github.com/confluentinc/kafka exactly-once-tc

Alternatively you can review and apply these changes as the patch at:

    https://github.com/apache/kafka/pull/2849",0,2017-04-13,kafka,dev@kafka.apache.org,<git-pr-2849-kafka@git.apache.org>,dguy <git@git.apache.org>,2026-09-30T21:57:55.201187
APACHE_LISTS_REMINING,Apache Lists,compilation errors,[jira] [Commented] (KAFKA-5059) Implement Transactional Coordinator,https://lists.apache.org/thread/<JIRA.13063492.1492005208000.273650.1492068461578@Atlassian.JIRA>,"
    [ https://issues.apache.org/jira/browse/KAFKA-5059?page=com.atlassian.jira.plugin.system.issuetabpanels:comment-tabpanel&focusedCommentId=15967233#comment-15967233 ] 

ASF GitHub Bot commented on KAFKA-5059:
---------------------------------------

GitHub user dguy opened a pull request:

    https://github.com/apache/kafka/pull/2849

    KAFKA-5059: Implement Transactional Coordinator

    
",0,2017-04-13,kafka,dev@kafka.apache.org,<JIRA.13063492.1492005208000.273650.1492068461578@Atlassian.JIRA>,"""ASF GitHub Bot (JIRA)"" <jira@apache.org>",2026-09-30T21:57:55.201190
APACHE_LISTS_REMINING,Apache Lists,UnsatisfiedLinkError,"[jira] [Created] (KAFKA-5576) Support Power platform by updating
 rocksdb",https://lists.apache.org/thread/<JIRA.13085894.1499680751000.205950.1499680800216@Atlassian.JIRA>,"Yussuf Shaikh created KAFKA-5576:
------------------------------------

             Summary: Support Power platform by updating rocksdb
                 Key: KAFKA-5576
                 URL: https://issues.apache.org/jira/browse/KAFKA-5576
             Project: Kafka
          Issue Type: Bug
    Affects Versions: 0.11.1.0
         Environment: $ cat /etc/lsb-release
DISTRIB_ID=Ubuntu
DISTRIB_REL",0,2017-07-10,kafka,dev@kafka.apache.org,<JIRA.13085894.1499680751000.205950.1499680800216@Atlassian.JIRA>,"""Yussuf Shaikh (JIRA)"" <jira@apache.org>",2026-09-30T21:58:28.798398
APACHE_LISTS_REMINING,Apache Lists,JVM crash,"[jira] [Created] (KAFKA-5592) Connection with plain client to
 SSL-secured broker causes OOM",https://lists.apache.org/thread/<JIRA.13087151.1500027408000.247003.1500027420381@Atlassian.JIRA>,"Marcin Łuczyński created KAFKA-5592:
---------------------------------------

             Summary: Connection with plain client to SSL-secured broker causes OOM
                 Key: KAFKA-5592
                 URL: https://issues.apache.org/jira/browse/KAFKA-5592
             Project: Kafka
          Issue Type: Bug
          Components: clients
    Affects Versions: 0.11.0.0
         Environmen",0,2017-07-14,kafka,dev@kafka.apache.org,<JIRA.13087151.1500027408000.247003.1500027420381@Atlassian.JIRA>,Marcin Łuczyński (JIRA)  <jira@apache.org>,2026-09-30T21:58:28.798414
APACHE_LISTS_REMINING,Apache Lists,JVM crash,"[jira] [Resolved] (KAFKA-5592) Connection with plain client to
 SSL-secured broker causes OOM",https://lists.apache.org/thread/<JIRA.13087151.1500027408000.59970.1504869301134@Atlassian.JIRA>,"
     [ https://issues.apache.org/jira/browse/KAFKA-5592?page=com.atlassian.jira.plugin.system.issuetabpanels:all-tabpanel ]

Manikumar resolved KAFKA-5592.
------------------------------
    Resolution: Duplicate

Marking this as duplicate of KAFKA-4493.

> Connection with plain client to SSL-secured broker causes OOM
> -------------------------------------------------------------
>
>            ",0,2017-09-08,kafka,dev@kafka.apache.org,<JIRA.13087151.1500027408000.59970.1504869301134@Atlassian.JIRA>,"""Manikumar (JIRA)"" <jira@apache.org>",2026-09-30T21:58:47.779565
APACHE_LISTS_REMINING,Apache Lists,JNA,"[jira] [Created] (KAFKA-5895) Update readme to reflect that Gradle
 2 is no longer good enough",https://lists.apache.org/thread/<JIRA.13102341.1505414034000.115590.1505414040251@Atlassian.JIRA>,"Matthias Weßendorf created KAFKA-5895:
-----------------------------------------

             Summary: Update readme to reflect that Gradle 2 is no longer good enough
                 Key: KAFKA-5895
                 URL: https://issues.apache.org/jira/browse/KAFKA-5895
             Project: Kafka
          Issue Type: Improvement
          Components: documentation
    Affects Versions: 0.11.0.2",0,2017-09-14,kafka,dev@kafka.apache.org,<JIRA.13102341.1505414034000.115590.1505414040251@Atlassian.JIRA>,Matthias Weßendorf (JIRA)  <jira@apache.org>,2026-09-30T21:58:47.779581
APACHE_LISTS_REMINING,Apache Lists,javah,Build failed in Jenkins: kafka-trunk-jdk8 #2241,https://lists.apache.org/thread/<1327799071.39.1511725084666.JavaMail.jenkins@jenkins-master.apache.org>,"See <https://builds.apache.org/job/kafka-trunk-jdk8/2241/display/redirect?page=changes>

Changes:

[wangguoz] MINOR: improve error message for Streams test

------------------------------------------
Started by an SCM change
[EnvInject] - Loading node environment variables.
Building remotely on ubuntu-eu2 (ubuntu trusty) in workspace <https://builds.apache.org/job/kafka-trunk-jdk8/ws/>
 > git rev-",0,2017-11-26,kafka,dev@kafka.apache.org,<1327799071.39.1511725084666.JavaMail.jenkins@jenkins-master.apache.org>,Apache Jenkins Server  <jenkins@builds.apache.org>,2026-09-30T21:59:01.611146
APACHE_LISTS_REMINING,Apache Lists,compilation errors,[GitHub] kafka pull request #4292: Is there something wrong? (for kafka 1.0),https://lists.apache.org/thread/<git-pr-4292-kafka@git.apache.org>,"GitHub user helowken opened a pull request:

    https://github.com/apache/kafka/pull/4292

    Is there something wrong? (for kafka 1.0)

       In kafka stream source code: InternalTopologyBuilder.java
    
    ![image](https://user-images.githubusercontent.com/30587995/33597792-79425f28-d9db-11e7-81f6-15e7f81df264.png)
    
    I think it should be: **globalGroups.add(node);**

You can merge th",0,2017-12-05,kafka,dev@kafka.apache.org,<git-pr-4292-kafka@git.apache.org>,helowken <git@git.apache.org>,2026-09-30T21:59:07.421404
APACHE_LISTS_REMINING,Apache Lists,JNA,[jira] [Resolved] (KAFKA-5895) Gradle 3.0+ is needed on the build,https://lists.apache.org/thread/<JIRA.13102341.1505414034000.516252.1513907580589@Atlassian.JIRA>,"
     [ https://issues.apache.org/jira/browse/KAFKA-5895?page=com.atlassian.jira.plugin.system.issuetabpanels:all-tabpanel ]

Ismael Juma resolved KAFKA-5895.
--------------------------------
       Resolution: Fixed
    Fix Version/s: 1.1.0

> Gradle 3.0+ is needed on the build
> ----------------------------------
>
>                 Key: KAFKA-5895
>                 URL: https://issues.apache.or",0,2017-12-22,kafka,dev@kafka.apache.org,<JIRA.13102341.1505414034000.516252.1513907580589@Atlassian.JIRA>,"""Ismael Juma (JIRA)"" <jira@apache.org>",2026-09-30T21:59:07.421439
APACHE_LISTS_REMINING,Apache Lists,compilation errors,Build failed in Jenkins: kafka-1.1-jdk7 #80,https://lists.apache.org/thread/<1048878514.69.1521080555985.JavaMail.jenkins@jenkins-master.apache.org>,"See <https://builds.apache.org/job/kafka-1.1-jdk7/80/display/redirect?page=changes>

Changes:

[jason] KAFKA-6640; Improve efficiency of KafkaAdminClient.describeTopics()

[matthias] MINOR: fixing streams test-util compilation errors in Eclipse (#4631)

------------------------------------------
[...truncated 1.52 MB...]
java.lang.NullPointerException
	at hudson.plugins.toolenv.ToolEnvBuildWrapper",0,2018-03-15,kafka,dev@kafka.apache.org,<1048878514.69.1521080555985.JavaMail.jenkins@jenkins-master.apache.org>,Apache Jenkins Server  <jenkins@builds.apache.org>,2026-09-30T21:59:22.268619
APACHE_LISTS_REMINING,Apache Lists,compilation errors,Build failed in Jenkins: kafka-trunk-jdk7 #3255,https://lists.apache.org/thread/<209643291.72.1521082270431.JavaMail.jenkins@jenkins-master.apache.org>,"See <https://builds.apache.org/job/kafka-trunk-jdk7/3255/display/redirect?page=changes>

Changes:

[jason] KAFKA-6640; Improve efficiency of KafkaAdminClient.describeTopics()

[mjsax] MINOR: fixing streams test-util compilation errors in Eclipse (#4631)

------------------------------------------
[...truncated 1.53 MB...]
org.apache.kafka.streams.integration.KStreamAggregationIntegrationTest > sho",0,2018-03-15,kafka,dev@kafka.apache.org,<209643291.72.1521082270431.JavaMail.jenkins@jenkins-master.apache.org>,Apache Jenkins Server  <jenkins@builds.apache.org>,2026-09-30T21:59:22.268635
APACHE_LISTS_REMINING,Apache Lists,JNA,"[jira] [Created] (KAFKA-6806) Unable to validate sink connectors
 without ""topics"" component which is not required",https://lists.apache.org/thread/<JIRA.13153705.1524145930000.299308.1524145980324@Atlassian.JIRA>,"Ivan Majnarić created KAFKA-6806:
------------------------------------

             Summary: Unable to validate sink connectors without ""topics"" component which is not required
                 Key: KAFKA-6806
                 URL: https://issues.apache.org/jira/browse/KAFKA-6806
             Project: Kafka
          Issue Type: Bug
          Components: KafkaConnect
    Affects Versions: 1.1.0
 ",0,2018-04-19,kafka,dev@kafka.apache.org,<JIRA.13153705.1524145930000.299308.1524145980324@Atlassian.JIRA>,Ivan Majnarić (JIRA)  <jira@apache.org>,2026-09-30T21:59:27.382485
APACHE_LISTS_REMINING,Apache Lists,JNI error,Build failed in Jenkins: kafka-trunk-jdk10 #84,https://lists.apache.org/thread/<369507412.1436.1525799425835.JavaMail.jenkins@jenkins-master.apache.org>,"See <https://builds.apache.org/job/kafka-trunk-jdk10/84/display/redirect?page=changes>

Changes:

[wangguoz] MINOR: Make Serdes less confusing in Scala (#4963)

------------------------------------------
Started by an SCM change
[EnvInject] - Loading node environment variables.
Building remotely on H26 (ubuntu xenial) in workspace <https://builds.apache.org/job/kafka-trunk-jdk10/ws/>
 > git rev-pa",0,2018-05-08,kafka,dev@kafka.apache.org,<369507412.1436.1525799425835.JavaMail.jenkins@jenkins-master.apache.org>,Apache Jenkins Server  <jenkins@builds.apache.org>,2026-09-30T21:59:33.787948
APACHE_LISTS_REMINING,Apache Lists,UnsatisfiedLinkError,[jira] [Created] (KAFKA-6888) java.lang.UnsatisfiedLinkError: librocksdbjni4271925274440341234.dll:  âÑX,https://lists.apache.org/thread/<JIRA.13158198.1525876084000.31355.1525876140276@Atlassian.JIRA>,"Sandeep Kapoor created KAFKA-6888:
-------------------------------------

             Summary: java.lang.UnsatisfiedLinkError: librocksdbjni4271925274440341234.dll:  âÑX
                 Key: KAFKA-6888
                 URL: https://issues.apache.org/jira/browse/KAFKA-6888
             Project: Kafka
          Issue Type: Bug
          Components: streams
    Affects Versions: 1.1.0, 0.11.0.0
   ",0,2018-05-09,kafka,dev@kafka.apache.org,<JIRA.13158198.1525876084000.31355.1525876140276@Atlassian.JIRA>,"""Sandeep Kapoor (JIRA)"" <jira@apache.org>",2026-09-30T21:59:33.787963
APACHE_LISTS_REMINING,Apache Lists,JNA,Re: Old deprecated producer,https://lists.apache.org/thread/<CAD5tkZYNDhTREbn5pH3TbeTJwf+KQoED5kkWdVKUo8_p82TCMw@mail.gmail.com>,"The old Scala producers were removed in 2.0.0. The Java producer supports
batching.

Ismael


On Sat, 7 Jul 2018, 05:38 jna, <jeannoelallart@gmail.com> wrote:

> Hello,
>
> I'm using the old producer API, and i saw since a long time (few
> versions) that this API is deprecated. When will you decide to remove
> this old API? If you won't remove it, perhaps you could remove the
> deprecated. Will yo",0,2018-07-07,kafka,dev@kafka.apache.org,<CAD5tkZYNDhTREbn5pH3TbeTJwf+KQoED5kkWdVKUo8_p82TCMw@mail.gmail.com>,Ismael Juma <ismaelj@gmail.com>,2026-09-30T21:59:45.767595
APACHE_LISTS_REMINING,Apache Lists,JNA,Re: Old deprecated producer,https://lists.apache.org/thread/<723fae07-67f3-d82e-b6c2-8caab7d8f413@gmail.com>,"Thx, Ismael. I mean ""user batch"".
Not a background thread batching. So i guess that transactions allow me 
to do that.


On 07/07/2018 17:34, Ismael Juma wrote:
> The old Scala producers were removed in 2.0.0. The Java producer supports
> batching.
>
> Ismael
>
>
> On Sat, 7 Jul 2018, 05:38 jna, <jeannoelallart@gmail.com> wrote:
>
>> Hello,
>>
>> I'm using the old producer API, and i saw since a l",0,2018-07-09,kafka,dev@kafka.apache.org,<723fae07-67f3-d82e-b6c2-8caab7d8f413@gmail.com>,jna <jeannoelallart@gmail.com>,2026-09-30T21:59:45.767613
APACHE_LISTS_REMINING,Apache Lists,"UnsatisfiedLinkError, JVM crash","[jira] [Resolved] (KAFKA-4988) JVM crash when running on Alpine
 Linux",https://lists.apache.org/thread/<JIRA.13060511.1490910727000.205581.1535739060311@Atlassian.JIRA>,"
     [ https://issues.apache.org/jira/browse/KAFKA-4988?page=com.atlassian.jira.plugin.system.issuetabpanels:all-tabpanel ]

John Roesler resolved KAFKA-4988.
---------------------------------
    Resolution: Won't Fix

I think this issue is out of our hands.

If you think there is something for us to do, please feel free to reopen the ticket and comment.

Thanks,

-John

> JVM crash when running",0,2018-08-31,kafka,dev@kafka.apache.org,<JIRA.13060511.1490910727000.205581.1535739060311@Atlassian.JIRA>,"""John Roesler (JIRA)"" <jira@apache.org>",2026-09-30T21:59:52.394046
APACHE_LISTS_REMINING,Apache Lists,compilation errors,"[jira] [Created] (KAFKA-7491) Kafka streams and Kafka streams test
 utils have split packages",https://lists.apache.org/thread/<JIRA.13190076.1539001393000.59934.1539001440112@Atlassian.JIRA>,"Robin Van Praet created KAFKA-7491:
--------------------------------------

             Summary: Kafka streams and Kafka streams test utils have split packages
                 Key: KAFKA-7491
                 URL: https://issues.apache.org/jira/browse/KAFKA-7491
             Project: Kafka
          Issue Type: Improvement
            Reporter: Robin Van Praet


When trying to test a Kafka Strea",0,2018-10-08,kafka,dev@kafka.apache.org,<JIRA.13190076.1539001393000.59934.1539001440112@Atlassian.JIRA>,"""Robin Van Praet (JIRA)"" <jira@apache.org>",2026-09-30T22:00:04.555807
APACHE_LISTS_REMINING,Apache Lists,JVM crash,"[jira] [Created] (KAFKA-7625) Kafka Broker node JVM crash -
 kafka.coordinator.transaction.TransactionCoordinator.$anonfun$handleEndTransaction",https://lists.apache.org/thread/<JIRA.13198380.1542212683000.346452.1542212700633@Atlassian.JIRA>,"Sebastian Puzoń created KAFKA-7625:
--------------------------------------

             Summary: Kafka Broker node JVM crash - kafka.coordinator.transaction.TransactionCoordinator.$anonfun$handleEndTransaction
                 Key: KAFKA-7625
                 URL: https://issues.apache.org/jira/browse/KAFKA-7625
             Project: Kafka
          Issue Type: Bug
          Components: core
    ",0,2018-11-14,kafka,dev@kafka.apache.org,<JIRA.13198380.1542212683000.346452.1542212700633@Atlassian.JIRA>,Sebastian Puzoń (JIRA)  <jira@apache.org>,2026-09-30T22:00:09.161181
APACHE_LISTS_REMINING,Apache Lists,JNA,Re: [DISCUSS] KIP-382: MirrorMaker 2.0,https://lists.apache.org/thread/<CAEE0Aw5sGaeg5XAHo1E-atzUdLdBJpBy8_KpgV+UWSRsSY2PtQ@mail.gmail.com>,"Hi Ryanne,

We had an IM exchange about KIP-382 and Mirus a few weeks back, but I also
want to post here to publicly express my support. I'm the primary developer
of Mirus, which is a Kafka Connect based replication tool we wrote at
Salesforce to replace Mirror Maker internally. We open-sourced Mirus in
August (see https://github.com/salesforce/mirus). Mirus has a very similar
basic architecture t",0,2018-12-11,kafka,dev@kafka.apache.org,<CAEE0Aw5sGaeg5XAHo1E-atzUdLdBJpBy8_KpgV+UWSRsSY2PtQ@mail.gmail.com>,Paul Davidson <pdavidson@salesforce.com>,2026-09-30T22:00:14.042637
APACHE_LISTS_REMINING,Apache Lists,JNA,Re: [VOTE] KIP-382 MirrorMaker 2.0,https://lists.apache.org/thread/<CAEE0Aw4x2vsFc36LGgs516RHG5Za1Q-BgTJFVRNgy=fTdNNEXA@mail.gmail.com>,"+1

Would be great to see the community build on the basic approach we took
with Mirus. Thanks Ryanne.

On Thu, Dec 20, 2018 at 9:01 AM Andrew Psaltis <psaltis.andrew@gmail.com>
wrote:

> +1
>
> Really looking forward to this and to helping in any way I can. Thanks for
> kicking this off Ryanne.
>
> On Thu, Dec 20, 2018 at 10:18 PM Andrew Otto <otto@wikimedia.org> wrote:
>
> > +1
> >
> > This look",0,2018-12-20,kafka,dev@kafka.apache.org,<CAEE0Aw4x2vsFc36LGgs516RHG5Za1Q-BgTJFVRNgy=fTdNNEXA@mail.gmail.com>,Paul Davidson <pdavidson@salesforce.com>,2026-09-30T22:00:14.042654
APACHE_LISTS_REMINING,Apache Lists,JNA,Re: [VOTE] KIP-382 MirrorMaker 2.0,https://lists.apache.org/thread/<CAFvEE5=F3QyZ8GucsLnDS1049ioDw0vr7-EX3oNjbTfeZJT7Ng@mail.gmail.com>,"Thanks for the votes so far!

Due to recent discussions, I've removed the high-level REST API from the
KIP.

On Thu, Dec 20, 2018 at 12:42 PM Paul Davidson <pdavidson@salesforce.com>
wrote:

> +1
>
> Would be great to see the community build on the basic approach we took
> with Mirus. Thanks Ryanne.
>
> On Thu, Dec 20, 2018 at 9:01 AM Andrew Psaltis <psaltis.andrew@gmail.com>
> wrote:
>
> > +1
> >",0,2018-12-20,kafka,dev@kafka.apache.org,<CAFvEE5=F3QyZ8GucsLnDS1049ioDw0vr7-EX3oNjbTfeZJT7Ng@mail.gmail.com>,Ryanne Dolan <ryannedolan@gmail.com>,2026-09-30T22:00:14.042657
APACHE_LISTS_REMINING,Apache Lists,JNA,Re: [VOTE] KIP-382 MirrorMaker 2.0,https://lists.apache.org/thread/<CAA7Co8NSBOr2bO5owPdddfDZPRL9hfYVLJ4-PF_jUOkxbEwHVw@mail.gmail.com>,"+1 (non binding)

Thank you Ryan for the KIP, let me know if you need support in implementing
it.

-
Srinivas

- Typed on tiny keys. pls ignore typos.{mobile app}


On Fri, 21 Dec, 2018, 08:26 Ryanne Dolan <ryannedolan@gmail.com wrote:

> Thanks for the votes so far!
>
> Due to recent discussions, I've removed the high-level REST API from the
> KIP.
>
> On Thu, Dec 20, 2018 at 12:42 PM Paul Davids",0,2018-12-21,kafka,dev@kafka.apache.org,<CAA7Co8NSBOr2bO5owPdddfDZPRL9hfYVLJ4-PF_jUOkxbEwHVw@mail.gmail.com>,Srinivas Reddy <srinivas96alluri@gmail.com>,2026-09-30T22:00:14.042659
APACHE_LISTS_REMINING,Apache Lists,JNA,Re: [VOTE] KIP-382 MirrorMaker 2.0,https://lists.apache.org/thread/<CAMTc-3FMiG4swVgFUHziHeFb-TK5WbYtaGOM05_Qx5u5L=03Qw@mail.gmail.com>,"+1 (non-binding)

Thanks for your effort Ryanne!

On Fri, Dec 21, 2018 at 2:23 AM Srinivas Reddy
<srinivas96alluri@gmail.com> wrote:
>
> +1 (non binding)
>
> Thank you Ryan for the KIP, let me know if you need support in implementing
> it.
>
> -
> Srinivas
>
> - Typed on tiny keys. pls ignore typos.{mobile app}
>
>
> On Fri, 21 Dec, 2018, 08:26 Ryanne Dolan <ryannedolan@gmail.com wrote:
>
> > Than",0,2018-12-21,kafka,dev@kafka.apache.org,<CAMTc-3FMiG4swVgFUHziHeFb-TK5WbYtaGOM05_Qx5u5L=03Qw@mail.gmail.com>,Sönke Liebau  <soenke.liebau@opencore.com.INVALID>,2026-09-30T22:00:14.042661
APACHE_LISTS_REMINING,Apache Lists,JNA,Re: [VOTE] KIP-382 MirrorMaker 2.0,https://lists.apache.org/thread/<CAFX5QBrsMu7fkiQRWWrhghMrkG2f8wYF-zWC70aukt02e5QqEQ@mail.gmail.com>,"+1 (non-binding)

Great stuff!
Eno

On Fri, Dec 21, 2018 at 10:04 AM Sönke Liebau
<soenke.liebau@opencore.com.invalid> wrote:

> +1 (non-binding)
>
> Thanks for your effort Ryanne!
>
> On Fri, Dec 21, 2018 at 2:23 AM Srinivas Reddy
> <srinivas96alluri@gmail.com> wrote:
> >
> > +1 (non binding)
> >
> > Thank you Ryan for the KIP, let me know if you need support in
> implementing
> > it.
> >
> > -
>",0,2018-12-21,kafka,dev@kafka.apache.org,<CAFX5QBrsMu7fkiQRWWrhghMrkG2f8wYF-zWC70aukt02e5QqEQ@mail.gmail.com>,Eno Thereska <eno.thereska@gmail.com>,2026-09-30T22:00:14.042664
APACHE_LISTS_REMINING,Apache Lists,JNA,Re: [VOTE] KIP-382 MirrorMaker 2.0,https://lists.apache.org/thread/<11E996C5-805F-4262-839D-17F1BAB5F9AE@live.com>,"+1 (non-binding)

Andrew Schofield
IBM Event Streams

﻿On 21/12/2018, 01:23, ""Srinivas Reddy"" <srinivas96alluri@gmail.com> wrote:

    +1 (non binding)
    
    Thank you Ryan for the KIP, let me know if you need support in implementing
    it.
    
    -
    Srinivas
    
    - Typed on tiny keys. pls ignore typos.{mobile app}
    
    
    On Fri, 21 Dec, 2018, 08:26 Ryanne Dol",0,2018-12-21,kafka,dev@kafka.apache.org,<11E996C5-805F-4262-839D-17F1BAB5F9AE@live.com>,Andrew Schofield <andrew_schofield@live.com>,2026-09-30T22:00:14.042666
APACHE_LISTS_REMINING,Apache Lists,JNA,Re: [VOTE] KIP-382 MirrorMaker 2.0,https://lists.apache.org/thread/<1545423423.2036534.1615765560.39E7FD6D@webmail.messagingengine.com>,"+1 (binding).  Nice work Ryan.
-Harsha

On Fri, Dec 21, 2018, at 8:14 AM, Andrew Schofield wrote:
> +1 (non-binding)
> 
> Andrew Schofield
> IBM Event Streams
> 
> ﻿On 21/12/2018, 01:23, ""Srinivas Reddy"" <srinivas96alluri@gmail.com> wrote:
> 
>     +1 (non binding)
>     
>     Thank you Ryan for the KIP, let me know if you need support in implementing
>     it.
>     
>     -
>     Srinivas
>    ",0,2018-12-21,kafka,dev@kafka.apache.org,<1545423423.2036534.1615765560.39E7FD6D@webmail.messagingengine.com>,Harsha <kafka@harsha.io>,2026-09-30T22:00:14.042668
APACHE_LISTS_REMINING,Apache Lists,JNA,Re: [VOTE] KIP-382 MirrorMaker 2.0,https://lists.apache.org/thread/<OF03EADF08.76E7627E-ON8025836D.003C2C2F-8025836D.003D1844@notes.na.collabserv.com>,"+1 non-binding

thanks for the KIP
--------------------------------------------------

Edoardo Comar

IBM Event Streams


Harsha <kafka@harsha.io> wrote on 21/12/2018 20:17:03:

> From: Harsha <kafka@harsha.io>
> To: dev@kafka.apache.org
> Date: 21/12/2018 20:17
> Subject: Re: [VOTE] KIP-382 MirrorMaker 2.0
> 
> +1 (binding).  Nice work Ryan.
> -Harsha
> 
> On Fri, Dec 21, 2018, at 8:14 AM, Andrew",0,2018-12-24,kafka,dev@kafka.apache.org,<OF03EADF08.76E7627E-ON8025836D.003C2C2F-8025836D.003D1844@notes.na.collabserv.com>,Edoardo Comar <ECOMAR@uk.ibm.com>,2026-09-30T22:00:14.042671
APACHE_LISTS_REMINING,Apache Lists,JNA,Re: [VOTE] KIP-382 MirrorMaker 2.0,https://lists.apache.org/thread/<CAMEhbAZZswejun2bp0uWQinNrtamn4-x7QerVYCJ0bgN9PR-aA@mail.gmail.com>,"+1 ! Great stuff

Stephane

On Mon., 24 Dec. 2018, 12:07 pm Edoardo Comar <ECOMAR@uk.ibm.com wrote:

> +1 non-binding
>
> thanks for the KIP
> --------------------------------------------------
>
> Edoardo Comar
>
> IBM Event Streams
>
>
> Harsha <kafka@harsha.io> wrote on 21/12/2018 20:17:03:
>
> > From: Harsha <kafka@harsha.io>
> > To: dev@kafka.apache.org
> > Date: 21/12/2018 20:17
> > Subject:",0,2018-12-24,kafka,dev@kafka.apache.org,<CAMEhbAZZswejun2bp0uWQinNrtamn4-x7QerVYCJ0bgN9PR-aA@mail.gmail.com>,Stephane Maarek <kafka.tutorials@gmail.com>,2026-09-30T22:00:14.042673
APACHE_LISTS_REMINING,Apache Lists,JVM crash,"[jira] [Resolved] (KAFKA-7625) Kafka Broker node JVM crash -
 kafka.coordinator.transaction.TransactionCoordinator.$anonfun$handleEndTransaction",https://lists.apache.org/thread/<JIRA.13198380.1542212683000.15649.1545926400430@Atlassian.JIRA>,"
     [ https://issues.apache.org/jira/browse/KAFKA-7625?page=com.atlassian.jira.plugin.system.issuetabpanels:all-tabpanel ]

Ismael Juma resolved KAFKA-7625.
--------------------------------
    Resolution: Not A Bug

Closing since it's not a Kafka issue. Someone else reported that changing the GC from G1 also made the issue go away. In any case, upgrading to the latest version of JDK 8 is the re",0,2018-12-27,kafka,dev@kafka.apache.org,<JIRA.13198380.1542212683000.15649.1545926400430@Atlassian.JIRA>,"""Ismael Juma (JIRA)"" <jira@apache.org>",2026-09-30T22:00:14.042675
APACHE_LISTS_REMINING,Apache Lists,JNA,Re: [EXTERNAL] [VOTE] KIP-382 MirrorMaker 2.0,https://lists.apache.org/thread/<F5568219-D5F5-4907-B6DB-33B1B2CA3773@comcast.com>,"+1 (non-binding). Fantastic work on the KIP Ryanne.

> On Dec 25, 2018, at 9:10 AM, Stephane Maarek <kafka.tutorials@gmail.com> wrote:
> 
> +1 ! Great stuff
> 
> Stephane
> 
> On Mon., 24 Dec. 2018, 12:07 pm Edoardo Comar <ECOMAR@uk.ibm.com wrote:
> 
>> +1 non-binding
>> 
>> thanks for the KIP
>> --------------------------------------------------
>> 
>> Edoardo Comar
>> 
>> IBM Event Streams
>> 
>",0,2019-01-02,kafka,dev@kafka.apache.org,<F5568219-D5F5-4907-B6DB-33B1B2CA3773@comcast.com>,"""McCaig, Rhys"" <Rhys_McCaig@comcast.com>",2026-09-30T22:00:19.305823
APACHE_LISTS_REMINING,Apache Lists,JNA,Re: [EXTERNAL] [VOTE] KIP-382 MirrorMaker 2.0,https://lists.apache.org/thread/<CA+OCqnYwQPzTL_jWyc9cr_vaEVqdYyXwxcdRLGFUy4cuAAL5OQ@mail.gmail.com>,"+1 (non-binding)
Thanks Ryanne

On Wed, Jan 2, 2019 at 4:47 AM McCaig, Rhys <Rhys_McCaig@comcast.com> wrote:
>
> +1 (non-binding). Fantastic work on the KIP Ryanne.
>
> > On Dec 25, 2018, at 9:10 AM, Stephane Maarek <kafka.tutorials@gmail.com> wrote:
> >
> > +1 ! Great stuff
> >
> > Stephane
> >
> > On Mon., 24 Dec. 2018, 12:07 pm Edoardo Comar <ECOMAR@uk.ibm.com wrote:
> >
> >> +1 non-binding
> >",0,2019-01-02,kafka,dev@kafka.apache.org,<CA+OCqnYwQPzTL_jWyc9cr_vaEVqdYyXwxcdRLGFUy4cuAAL5OQ@mail.gmail.com>,Mickael Maison <mickael.maison@gmail.com>,2026-09-30T22:00:19.305841
APACHE_LISTS_REMINING,Apache Lists,JNA,RE: [EXTERNAL] [VOTE] KIP-382 MirrorMaker 2.0,https://lists.apache.org/thread/<a65bd7dd3c674604a76afc7cd64ef980@gsdgeup05etn1.firmwide.corp.gs.com>,"+1 (non-binding)

Jonathan Skrzypek

-----Original Message-----
From: Mickael Maison <mickael.maison@gmail.com>
Sent: 02 January 2019 11:10
To: dev <dev@kafka.apache.org>
Subject: Re: [EXTERNAL] [VOTE] KIP-382 MirrorMaker 2.0

+1 (non-binding)
Thanks Ryanne

On Wed, Jan 2, 2019 at 4:47 AM McCaig, Rhys <Rhys_McCaig@comcast.com> wrote:
>
> +1 (non-binding). Fantastic work on the KIP R",0,2019-01-02,kafka,dev@kafka.apache.org,<a65bd7dd3c674604a76afc7cd64ef980@gsdgeup05etn1.firmwide.corp.gs.com>,"""Skrzypek, Jonathan"" <Jonathan.Skrzypek@gs.com>",2026-09-30T22:00:19.305844
APACHE_LISTS_REMINING,Apache Lists,JNA,Re: [EXTERNAL] [VOTE] KIP-382 MirrorMaker 2.0,https://lists.apache.org/thread/<CAFvEE5mRus-h7mKFojhB1-gNuPpMYd7Bu3ZsnXqtjbxncxWeYw@mail.gmail.com>,"Happy New Year all! Current tally is:
+12 non-binding
+1 binding

Thanks for the support so far!
Ryanne

On Wed, Jan 2, 2019 at 5:26 AM Skrzypek, Jonathan <Jonathan.Skrzypek@gs.com>
wrote:

> +1 (non-binding)
>
> Jonathan Skrzypek
>
> -----Original Message-----
> From: Mickael Maison <mickael.maison@gmail.com>
> Sent: 02 January 2019 11:10
> To: dev <dev@kafka.apache.org>
> Subject: Re: [EXTERNAL]",0,2019-01-03,kafka,dev@kafka.apache.org,<CAFvEE5mRus-h7mKFojhB1-gNuPpMYd7Bu3ZsnXqtjbxncxWeYw@mail.gmail.com>,Ryanne Dolan <ryannedolan@gmail.com>,2026-09-30T22:00:19.305847
APACHE_LISTS_REMINING,Apache Lists,JNA,Re: [VOTE] KIP-382 MirrorMaker 2.0,https://lists.apache.org/thread/<CAFc58G_8c54GoJSza6oLWvJ=P9m_c2Z61V4a3=Q5uv7qqFj+Qg@mail.gmail.com>,"Hi, Ryanne,

Thanks for KIP.  Still have a few more comments below.

100. ""This is not possible with MirrorMaker today -- records would be
replicated back and forth indefinitely, and the topics in either cluster
would be merged inconsistently between clusters. "" This is not 100% true
since MM can do the topic renaming through MirrorMakerMessageHandler.

101. For both Heartbeat and checkpoint, coul",0,2019-01-04,kafka,dev@kafka.apache.org,<CAFc58G_8c54GoJSza6oLWvJ=P9m_c2Z61V4a3=Q5uv7qqFj+Qg@mail.gmail.com>,Jun Rao <jun@confluent.io>,2026-09-30T22:00:19.305850
APACHE_LISTS_REMINING,Apache Lists,JNA,Re: [VOTE] KIP-382 MirrorMaker 2.0,https://lists.apache.org/thread/<CAFvEE5nQax_xSEo+ZtGShBY33BmnCeW7QJsAp_fMmbtg1EzQfg@mail.gmail.com>,"Thanks Jun, I've updated the KIP as requested. Brief notes below:

100. added ""...out-of-the-box (without custom handlers)...""

101. done. Good idea to include a MessageFormatter.

102. done.

> 103. [...] why is Heartbeat a separate connector?

Heartbeats themselves are replicated via MirrorSource/SinkConnector, so if
replication stops, you'll stop seeing heartbeats in downstream clusters.
I've u",0,2019-01-07,kafka,dev@kafka.apache.org,<CAFvEE5nQax_xSEo+ZtGShBY33BmnCeW7QJsAp_fMmbtg1EzQfg@mail.gmail.com>,Ryanne Dolan <ryannedolan@gmail.com>,2026-09-30T22:00:19.305853
APACHE_LISTS_REMINING,Apache Lists,JNA,Re: [VOTE] KIP-382 MirrorMaker 2.0,https://lists.apache.org/thread/<CAFc58G9VzPysCbS=2iQNY1eYKaTo1KLWt8Spgo1EQNQHtNEsWA@mail.gmail.com>,"Hi, Ryanne,

103. My point was that the MirrorMakerConnector can die while the Heartbeat
connector is still alive. So, one can't solely rely on Heartbeat for
monitoring?

105. Hmm, maybe I don't understand how this is done. Let's say we replica
topic1 from cluster A to cluster B. My understanding is that to translate
the offset from A to B for a consumer group, we read A.checkpoint file in
cluster",0,2019-01-09,kafka,dev@kafka.apache.org,<CAFc58G9VzPysCbS=2iQNY1eYKaTo1KLWt8Spgo1EQNQHtNEsWA@mail.gmail.com>,Jun Rao <jun@confluent.io>,2026-09-30T22:00:19.305859
APACHE_LISTS_REMINING,Apache Lists,JNA,Re: [VOTE] KIP-382 MirrorMaker 2.0,https://lists.apache.org/thread/<CAFvEE5=eVFd0V52o6Xq7J=5_Onp2spREPpyLUKnVoC52RtXbtQ@mail.gmail.com>,"Thanks Jun.

> 103. My point was that the MirrorMakerConnector can die while the
Heartbeat connector is still alive. So, one can't solely rely on Heartbeat
for monitoring?

Each cluster will have a heartbeat topic produced by
MirrorHeartbeatConnector, which doesn't have an associated ""source"" other
than time. This topic gets picked up by downstream MirrorSourceConnectors
and replicated like A.hear",0,2019-01-09,kafka,dev@kafka.apache.org,<CAFvEE5=eVFd0V52o6Xq7J=5_Onp2spREPpyLUKnVoC52RtXbtQ@mail.gmail.com>,Ryanne Dolan <ryannedolan@gmail.com>,2026-09-30T22:00:19.305863
APACHE_LISTS_REMINING,Apache Lists,JNA,Re: [VOTE] KIP-382 MirrorMaker 2.0,https://lists.apache.org/thread/<CAFc58G_NLg5eJV4_17AFDBdS0jxneKF4CRkBHb0+R2q+7mNE_g@mail.gmail.com>,"Hi, Ryanne,

Thanks for the explanation. All make sense to me now. +1 on the KIP from me.

Jun

On Wed, Jan 9, 2019 at 7:16 PM Ryanne Dolan <ryannedolan@gmail.com> wrote:

> Thanks Jun.
>
> > 103. My point was that the MirrorMakerConnector can die while the
> Heartbeat connector is still alive. So, one can't solely rely on Heartbeat
> for monitoring?
>
> Each cluster will have a heartbeat topic pr",0,2019-01-10,kafka,dev@kafka.apache.org,<CAFc58G_NLg5eJV4_17AFDBdS0jxneKF4CRkBHb0+R2q+7mNE_g@mail.gmail.com>,Jun Rao <jun@confluent.io>,2026-09-30T22:00:19.305867
APACHE_LISTS_REMINING,Apache Lists,JNA,Re: [VOTE] KIP-382 MirrorMaker 2.0,https://lists.apache.org/thread/<CABtAgwEkEg4nQun=6C8N+-yKjb0a6RtZU6kgwb0BJyXuNtUwsg@mail.gmail.com>,"Hi Ryanne,

Thanks for the KIP and patient discussion. +1 from me as well.

Jiangjie (Becket) Qin

On Fri, Jan 11, 2019 at 1:11 AM Jun Rao <jun@confluent.io> wrote:

> Hi, Ryanne,
>
> Thanks for the explanation. All make sense to me now. +1 on the KIP from
> me.
>
> Jun
>
> On Wed, Jan 9, 2019 at 7:16 PM Ryanne Dolan <ryannedolan@gmail.com> wrote:
>
> > Thanks Jun.
> >
> > > 103. My point was that",0,2019-01-12,kafka,dev@kafka.apache.org,<CABtAgwEkEg4nQun=6C8N+-yKjb0a6RtZU6kgwb0BJyXuNtUwsg@mail.gmail.com>,Becket Qin <becket.qin@gmail.com>,2026-09-30T22:00:19.305870
APACHE_LISTS_REMINING,Apache Lists,JNA,Re: [VOTE] KIP-382 MirrorMaker 2.0,https://lists.apache.org/thread/<CAFvEE5k8ZfnZb4nDuJCsdK3CbNHnKSN+PGuxzJ+DUQcpVq3fgQ@mail.gmail.com>,"Thanks all, this is a large KIP and has sparked a lot of great
discussion, both on and off the dev list. I'm closing the vote with
the following results:

+12 non-binding
+3 binding

The KIP is accepted!

Thanks,
Ryanne

On Fri, Jan 11, 2019 at 9:48 PM Becket Qin <becket.qin@gmail.com> wrote:
>
> Hi Ryanne,
>
> Thanks for the KIP and patient discussion. +1 from me as well.
>
> Jiangjie (Becket) Qi",0,2019-01-22,kafka,dev@kafka.apache.org,<CAFvEE5k8ZfnZb4nDuJCsdK3CbNHnKSN+PGuxzJ+DUQcpVq3fgQ@mail.gmail.com>,Ryanne Dolan <ryannedolan@gmail.com>,2026-09-30T22:00:19.305874
APACHE_LISTS_REMINING,Apache Lists,JNA,Re: [VOTE] KIP-382 MirrorMaker 2.0,https://lists.apache.org/thread/<CAFvEE5=35H6_dr4Gd8y6XRUz2uYP3jiqu13n47NMhL2iGpX2_g@mail.gmail.com>,"Hey y'all, I'm happy to announce that I've created a PR for MM2:

https://github.com/apache/kafka/pull/6295

Please take a look!

Ryanne


On Tue, Jan 22, 2019 at 11:43 AM Ryanne Dolan <ryannedolan@gmail.com> wrote:

> Thanks all, this is a large KIP and has sparked a lot of great
> discussion, both on and off the dev list. I'm closing the vote with
> the following results:
>
> +12 non-binding
> +",0,2019-02-20,kafka,dev@kafka.apache.org,<CAFvEE5=35H6_dr4Gd8y6XRUz2uYP3jiqu13n47NMhL2iGpX2_g@mail.gmail.com>,Ryanne Dolan <ryannedolan@gmail.com>,2026-09-30T22:00:23.908649
APACHE_LISTS_REMINING,Apache Lists,UnsatisfiedLinkError,[jira] [Created] (KAFKA-8622) Snappy Compression Not Working,https://lists.apache.org/thread/<JIRA.13242710.1562061843000.572735.1562061900061@Atlassian.JIRA>,"Kunal created KAFKA-8622:
----------------------------

             Summary: Snappy Compression Not Working
                 Key: KAFKA-8622
                 URL: https://issues.apache.org/jira/browse/KAFKA-8622
             Project: Kafka
          Issue Type: Bug
          Components: compression
    Affects Versions: 2.2.1, 2.3.0
            Reporter: Kunal


I am trying to produce a message o",0,2019-07-02,kafka,dev@kafka.apache.org,<JIRA.13242710.1562061843000.572735.1562061900061@Atlassian.JIRA>,"""Kunal (JIRA)"" <jira@apache.org>",2026-09-30T22:00:50.918577
APACHE_LISTS_REMINING,Apache Lists,JVM crash,"[jira] [Created] (KAFKA-8680) kafka use all of memory and jvm crash
 when performance test",https://lists.apache.org/thread/<JIRA.13245707.1563438728000.5757.1563438780271@Atlassian.JIRA>,"shiweiguang created KAFKA-8680:
----------------------------------

             Summary: kafka use all of memory and jvm crash when performance test
                 Key: KAFKA-8680
                 URL: https://issues.apache.org/jira/browse/KAFKA-8680
             Project: Kafka
          Issue Type: Bug
          Components: core
    Affects Versions: 1.1.1
            Reporter: shiweiguang


M",0,2019-07-18,kafka,dev@kafka.apache.org,<JIRA.13245707.1563438728000.5757.1563438780271@Atlassian.JIRA>,"""shiweiguang (JIRA)"" <jira@apache.org>",2026-09-30T22:00:50.918598
APACHE_LISTS_REMINING,Apache Lists,compilation errors,"[jira] [Created] (KAFKA-9057) Backport KAFKA-8819 and KAFKA-8340 to
 1.1 and 1.0 branches",https://lists.apache.org/thread/<JIRA.13262746.1571278771000.78308.1571278800075@Atlassian.JIRA>,"Randall Hauch created KAFKA-9057:
------------------------------------

             Summary: Backport KAFKA-8819 and KAFKA-8340 to 1.1 and 1.0 branches
                 Key: KAFKA-9057
                 URL: https://issues.apache.org/jira/browse/KAFKA-9057
             Project: Kafka
          Issue Type: Bug
          Components: KafkaConnect
    Affects Versions: 1.1.1, 1.0.2
            Reporte",0,2019-10-17,kafka,dev@kafka.apache.org,<JIRA.13262746.1571278771000.78308.1571278800075@Atlassian.JIRA>,"""Randall Hauch (Jira)"" <jira@apache.org>",2026-09-30T22:01:08.439728
APACHE_LISTS_REMINING,Apache Lists,UnsatisfiedLinkError,[jira] [Created] (KAFKA-9225) kafka fail to run on linux-aarch64,https://lists.apache.org/thread/<JIRA.13270063.1574416625000.197027.1574416680430@Atlassian.JIRA>,"jiamei xie created KAFKA-9225:
---------------------------------

             Summary: kafka fail to run on linux-aarch64
                 Key: KAFKA-9225
                 URL: https://issues.apache.org/jira/browse/KAFKA-9225
             Project: Kafka
          Issue Type: Bug
          Components: streams
            Reporter: jiamei xie
         Attachments: compat_report.html

Steps to repro",0,2019-11-22,kafka,dev@kafka.apache.org,<JIRA.13270063.1574416625000.197027.1574416680430@Atlassian.JIRA>,"""jiamei xie (Jira)"" <jira@apache.org>",2026-09-30T22:01:13.960917
APACHE_LISTS_REMINING,Apache Lists,compilation errors,Build failed in Jenkins: kafka-2.4-jdk8 #137,https://lists.apache.org/thread/<361005008.502.1581174474373.JavaMail.jenkins@jenkins02>,"See <https://builds.apache.org/job/kafka-2.4-jdk8/137/display/redirect?page=changes>

Changes:

[github] MINOR: Fix scala 2.11 compilation errors (#8064)


------------------------------------------
[...truncated 5.49 MB...]

org.apache.kafka.streams.test.OutputVerifierTest > shouldFailIfValueIsDifferentWithNullForCompareValueTimestamp PASSED

org.apache.kafka.streams.test.OutputVerifierTest > sho",0,2020-02-08,kafka,dev@kafka.apache.org,<361005008.502.1581174474373.JavaMail.jenkins@jenkins02>,Apache Jenkins Server  <jenkins@builds.apache.org>,2026-09-30T22:01:28.968542
APACHE_LISTS_REMINING,Apache Lists,JNA,"[jira] [Created] (KAFKA-9691) Flaky test
 kafka.admin.TopicCommandWithAdminClientTest#testDescribeUnderReplicatedPartitionsWhenReassignmentIsInProgress",https://lists.apache.org/thread/<JIRA.13290818.1583849102000.37612.1583849160076@Atlassian.JIRA>,"Tom Bentley created KAFKA-9691:
----------------------------------

             Summary: Flaky test kafka.admin.TopicCommandWithAdminClientTest#testDescribeUnderReplicatedPartitionsWhenReassignmentIsInProgress
                 Key: KAFKA-9691
                 URL: https://issues.apache.org/jira/browse/KAFKA-9691
             Project: Kafka
          Issue Type: Bug
          Components: unit test",0,2020-03-10,kafka,dev@kafka.apache.org,<JIRA.13290818.1583849102000.37612.1583849160076@Atlassian.JIRA>,"""Tom Bentley (Jira)"" <jira@apache.org>",2026-09-30T22:01:34.275066
APACHE_LISTS_REMINING,Apache Lists,JNA,"[jira] [Resolved] (KAFKA-9691) Flaky test
 kafka.admin.TopicCommandWithAdminClientTest#testDescribeUnderReplicatedPartitionsWhenReassignmentIsInProgress",https://lists.apache.org/thread/<JIRA.13290818.1583849102000.21999.1586442360420@Atlassian.JIRA>,"
     [ https://issues.apache.org/jira/browse/KAFKA-9691?page=com.atlassian.jira.plugin.system.issuetabpanels:all-tabpanel ]

Mickael Maison resolved KAFKA-9691.
-----------------------------------
    Fix Version/s: 2.6.0
       Resolution: Fixed

> Flaky test kafka.admin.TopicCommandWithAdminClientTest#testDescribeUnderReplicatedPartitionsWhenReassignmentIsInProgress
> --------------------------",0,2020-04-09,kafka,dev@kafka.apache.org,<JIRA.13290818.1583849102000.21999.1586442360420@Atlassian.JIRA>,"""Mickael Maison (Jira)"" <jira@apache.org>",2026-09-30T22:01:41.201974
APACHE_LISTS_REMINING,Apache Lists,UnsatisfiedLinkError,[jira] [Resolved] (KAFKA-8622) Snappy Compression Not Working,https://lists.apache.org/thread/<JIRA.13242710.1562061843000.35758.1586593500259@Atlassian.JIRA>,"
     [ https://issues.apache.org/jira/browse/KAFKA-8622?page=com.atlassian.jira.plugin.system.issuetabpanels:all-tabpanel ]

kaushik srinivas resolved KAFKA-8622.
-------------------------------------
    Resolution: Resolved

> Snappy Compression Not Working
> ------------------------------
>
>                 Key: KAFKA-8622
>                 URL: https://issues.apache.org/jira/browse/KAFKA-862",0,2020-04-11,kafka,dev@kafka.apache.org,<JIRA.13242710.1562061843000.35758.1586593500259@Atlassian.JIRA>,"""kaushik srinivas (Jira)"" <jira@apache.org>",2026-09-30T22:01:41.201992
APACHE_LISTS_REMINING,Apache Lists,UnsatisfiedLinkError,[jira] [Resolved] (KAFKA-6888) java.lang.UnsatisfiedLinkError: librocksdbjni4271925274440341234.dll:  âÑX,https://lists.apache.org/thread/<JIRA.13158198.1525876084000.43250.1589510160387@Atlassian.JIRA>,"
     [ https://issues.apache.org/jira/browse/KAFKA-6888?page=com.atlassian.jira.plugin.system.issuetabpanels:all-tabpanel ]

Matthias J. Sax resolved KAFKA-6888.
------------------------------------
    Resolution: Abandoned

> java.lang.UnsatisfiedLinkError: librocksdbjni4271925274440341234.dll:  âÑX
> --------------------------------------------------------------------------
>
>                ",0,2020-05-15,kafka,dev@kafka.apache.org,<JIRA.13158198.1525876084000.43250.1589510160387@Atlassian.JIRA>,"""Matthias J. Sax (Jira)"" <jira@apache.org>",2026-09-30T22:01:49.380506
APACHE_LISTS_REMINING,Apache Lists,compilation errors,Re: [DISCUSS] KIP-617: Allow Kafka Streams State Stores to be iterated backwards,https://lists.apache.org/thread/<f3b161cd-7dad-462a-9177-cb517b0678a1@www.fastmail.com>,"Hi Jorge,

Sorry for my silence, I've been absorbed with the 2.6 and 2.5.1 releases.

The idea to separate the new methods into ""mixin"" interfaces seems
like a good one, but as we've discovered in KIP-614, it doesn't work
out that way in practice. The problem is that the store implementations
are just the base layer that get composed with other layers in Streams
before they can be accessed in the ",0,2020-06-27,kafka,dev@kafka.apache.org,<f3b161cd-7dad-462a-9177-cb517b0678a1@www.fastmail.com>,"""John Roesler"" <vvcephei@apache.org>",2026-09-30T22:01:55.182520
APACHE_LISTS_REMINING,Apache Lists,compilation errors,"Re: [DISCUSS] KIP-617: Allow Kafka Streams State Stores to be
 iterated backwards",https://lists.apache.org/thread/<CAC3UcJuRSw5DNCSxF377-8FX+RH6aKLQ8BQUGy-EqsMKRbsj0g@mail.gmail.com>,"Thanks, John!

Make sense to reconsider the current approach. I was heading in a similar
direction while drafting the implementation. Metered, Caching, and other
layers will also have to get duplicated to build up new methods in `Stores`
factory, and class casting issues would appear on stores created by DSL.

I will draft a proposal with new methods (move methods from proposed
interfaces to exist",0,2020-06-29,kafka,dev@kafka.apache.org,<CAC3UcJuRSw5DNCSxF377-8FX+RH6aKLQ8BQUGy-EqsMKRbsj0g@mail.gmail.com>,Jorge Esteban Quilcate Otoya <quilcate.jorge@gmail.com>,2026-09-30T22:01:55.182537
APACHE_LISTS_REMINING,Apache Lists,compilation errors,"Re: [DISCUSS] KIP-617: Allow Kafka Streams State Stores to be
 iterated backwards",https://lists.apache.org/thread/<CAC3UcJsMohiH7oTNM-wK6w=eU80qvt=d+wYEZP3-BTz0BUPL7w@mail.gmail.com>,"Quick update: KIP is updated with latest changes now.
Will leave it open this week while working on the PR.

Hope to open a new vote thread over the next few days if no additional
feedback is provided.

Cheers,
Jorge.

On Mon, Jun 29, 2020 at 11:30 AM Jorge Esteban Quilcate Otoya <
quilcate.jorge@gmail.com> wrote:

> Thanks, John!
>
> Make sense to reconsider the current approach. I was heading in",0,2020-07-01,kafka,dev@kafka.apache.org,<CAC3UcJsMohiH7oTNM-wK6w=eU80qvt=d+wYEZP3-BTz0BUPL7w@mail.gmail.com>,Jorge Esteban Quilcate Otoya <quilcate.jorge@gmail.com>,2026-09-30T22:02:00.921751
APACHE_LISTS_REMINING,Apache Lists,compilation errors,Re: [DISCUSS] KIP-617: Allow Kafka Streams State Stores to be iterated backwards,https://lists.apache.org/thread/<05a0dec3-5928-47cc-9b87-8b02b0ba95d4@www.fastmail.com>,"Hi Jorge,

Thanks for the update. I think this is a good plan. 

I just took a look at the KIP again, and it looks like there’s a revision error in which two methods are proposed for SessionStore, but seem like they should be in ReadOnlySessionStore. Do I read that right?

Otherwise, I’m happy with your proposal. 

Thanks,
John

On Wed, Jul 1, 2020, at 17:01, Jorge Esteban Quilcate Otoya wrote:
> ",0,2020-07-02,kafka,dev@kafka.apache.org,<05a0dec3-5928-47cc-9b87-8b02b0ba95d4@www.fastmail.com>,"""John Roesler"" <vvcephei@apache.org>",2026-09-30T22:02:00.921766
APACHE_LISTS_REMINING,Apache Lists,compilation errors,"Re: [DISCUSS] KIP-617: Allow Kafka Streams State Stores to be
 iterated backwards",https://lists.apache.org/thread/<CAC3UcJts+i_AMi4XqriEfXG=cAegF3VM_e3UE7dRYQL6TgqS8A@mail.gmail.com>,"Thanks John.

> it looks like there’s a revision error in which two methods are proposed
for SessionStore, but seem like they should be in ReadOnlySessionStore. Do
I read that right?

Yes, I've opted to keep the new methods alongside the existing ones. In the
case of SessionStore, `findSessions` are in `SessionStore`, and `fetch` are
in `ReadOnlySessionStore`. If it makes more sense, I can move al",0,2020-07-02,kafka,dev@kafka.apache.org,<CAC3UcJts+i_AMi4XqriEfXG=cAegF3VM_e3UE7dRYQL6TgqS8A@mail.gmail.com>,Jorge Esteban Quilcate Otoya <quilcate.jorge@gmail.com>,2026-09-30T22:02:00.921769
APACHE_LISTS_REMINING,Apache Lists,compilation errors,"Re: [DISCUSS] KIP-617: Allow Kafka Streams State Stores to be
 iterated backwards",https://lists.apache.org/thread/<CAC3UcJuY+v-y2bky_+MensQ+OdSxEJ9r=iHfQWWzchLyzn2Lrg@mail.gmail.com>,"@John: I can see there are some deprecations in there as well. Will update
the KIP.

Thanks,
Jorge


On Thu, Jul 2, 2020 at 3:29 PM Jorge Esteban Quilcate Otoya <
quilcate.jorge@gmail.com> wrote:

> Thanks John.
>
> > it looks like there’s a revision error in which two methods are proposed
> for SessionStore, but seem like they should be in ReadOnlySessionStore. Do
> I read that right?
>
> Yes, I'",0,2020-07-02,kafka,dev@kafka.apache.org,<CAC3UcJuY+v-y2bky_+MensQ+OdSxEJ9r=iHfQWWzchLyzn2Lrg@mail.gmail.com>,Jorge Esteban Quilcate Otoya <quilcate.jorge@gmail.com>,2026-09-30T22:02:00.921771
APACHE_LISTS_REMINING,Apache Lists,compilation errors,"Re: [DISCUSS] KIP-617: Allow Kafka Streams State Stores to be
 iterated backwards",https://lists.apache.org/thread/<CAC3UcJvjZ8TjROb8R6fqN0egdETAr=0fXZ1dksvd18ZuzLTQ_g@mail.gmail.com>,"(sorry for the spam)

Actually `findSessions` are only deprecated on `InMemorySessionStore`,
which seems strange as RocksDB and interfaces haven't marked these methods
as deprecated.

Any hint on how to handle this?

Cheers,

On Thu, Jul 2, 2020 at 4:57 PM Jorge Esteban Quilcate Otoya <
quilcate.jorge@gmail.com> wrote:

> @John: I can see there are some deprecations in there as well. Will update
>",0,2020-07-02,kafka,dev@kafka.apache.org,<CAC3UcJvjZ8TjROb8R6fqN0egdETAr=0fXZ1dksvd18ZuzLTQ_g@mail.gmail.com>,Jorge Esteban Quilcate Otoya <quilcate.jorge@gmail.com>,2026-09-30T22:02:00.921773
APACHE_LISTS_REMINING,Apache Lists,compilation errors,Re: [DISCUSS] KIP-617: Allow Kafka Streams State Stores to be iterated backwards,https://lists.apache.org/thread/<b3d79f40-05ec-4dfb-92d9-88053ad70ca9@www.fastmail.com>,"Hey Jorge,

Thanks for the details. That sounds like a mistake to me on both counts.

I don’t think you need to worry about those depreciations. If the interface methods aren’t deprecated, then the methods are not deprecated. We should remove the annotations, but it doesn’t need to be in the kip.

I think any query methods should have been in the ReadOnly interface. I guess it’s up to you whether ",0,2020-07-02,kafka,dev@kafka.apache.org,<b3d79f40-05ec-4dfb-92d9-88053ad70ca9@www.fastmail.com>,"""John Roesler"" <vvcephei@apache.org>",2026-09-30T22:02:00.921776
APACHE_LISTS_REMINING,Apache Lists,compilation errors,"Re: [DISCUSS] KIP-617: Allow Kafka Streams State Stores to be
 iterated backwards",https://lists.apache.org/thread/<CAC3UcJv0dYRePzSwQd-3h+RtGXsFqs1-oHf-=Avso=TkF9C=eQ@mail.gmail.com>,"Hi John,

Thanks for the feedback.

I'd be happy to take the third option and consider moving methods to
ReadOnlySessionStore as part of the KIP.
Docs is updated to reflect these changes.

Cheers,
Jorge.

On Thu, Jul 2, 2020 at 10:06 PM John Roesler <vvcephei@apache.org> wrote:

> Hey Jorge,
>
> Thanks for the details. That sounds like a mistake to me on both counts.
>
> I don’t think you need to ",0,2020-07-03,kafka,dev@kafka.apache.org,<CAC3UcJv0dYRePzSwQd-3h+RtGXsFqs1-oHf-=Avso=TkF9C=eQ@mail.gmail.com>,Jorge Esteban Quilcate Otoya <quilcate.jorge@gmail.com>,2026-09-30T22:02:00.921778
APACHE_LISTS_REMINING,Apache Lists,compilation errors,Re: [DISCUSS] KIP-622 Add currentSystemTimeMs and currentStreamTimeMs to ProcessorContext,https://lists.apache.org/thread/<pony-df1bd352859fc1d3d965aa9c8c6cb63b74747bb5-64e959bf3fc1684c2fa32377fd1b10c5303cb525@dev.kafka.apache.org>,"1. Makes sense; let me propose something

2. That's not testing-only. The goal is to use the same API to access the time
in deployment and testing environments. The major driver is System.currentTimeMillis(),
which a) cannot be used in tests b) could go in specific cases back c) is not compatible
with punctuator call. The idea is that we could access clock using uniform API. 
For completness we sh",0,2020-07-03,kafka,dev@kafka.apache.org,<pony-df1bd352859fc1d3d965aa9c8c6cb63b74747bb5-64e959bf3fc1684c2fa32377fd1b10c5303cb525@dev.kafka.apache.org>,Piotr Smoli��ski <piotr.smolinski.77@gmail.com>,2026-09-30T22:02:00.921780
APACHE_LISTS_REMINING,Apache Lists,compilation errors,Re: [DISCUSS] KIP-622 Add currentSystemTimeMs and currentStreamTimeMs to ProcessorContext,https://lists.apache.org/thread/<879e09d4-667e-4101-bab3-7cb4d79c3f53@www.fastmail.com>,"Hi all,

1. Thanks, Boyang, it is nice to see usage examples in KIPs like this. It helps during the discussion, and it’s also good documentation later on. 

2. Yeah, this is a subtle point. The motivation mentions being able to control the  time during tests, but to be able to make it work, the processor implementation needs a public method on ProcessorContext to get the time. Otherwise, processor",0,2020-07-04,kafka,dev@kafka.apache.org,<879e09d4-667e-4101-bab3-7cb4d79c3f53@www.fastmail.com>,"""John Roesler"" <vvcephei@apache.org>",2026-09-30T22:02:00.921782
APACHE_LISTS_REMINING,Apache Lists,compilation errors,Re: [DISCUSS] KIP-617: Allow Kafka Streams State Stores to be iterated backwards,https://lists.apache.org/thread/<0403de58-706f-4c76-8d48-30ac979c9367@www.fastmail.com>,"Thanks Jorge,

This KIP looks good to me!

-John

On Fri, Jul 3, 2020, at 03:19, Jorge Esteban Quilcate Otoya wrote:
> Hi John,
> 
> Thanks for the feedback.
> 
> I'd be happy to take the third option and consider moving methods to
> ReadOnlySessionStore as part of the KIP.
> Docs is updated to reflect these changes.
> 
> Cheers,
> Jorge.
> 
> On Thu, Jul 2, 2020 at 10:06 PM John Roesler <vvcephei",0,2020-07-04,kafka,dev@kafka.apache.org,<0403de58-706f-4c76-8d48-30ac979c9367@www.fastmail.com>,"""John Roesler"" <vvcephei@apache.org>",2026-09-30T22:02:00.921785
APACHE_LISTS_REMINING,Apache Lists,compilation errors,"Re: [DISCUSS] KIP-622 Add currentSystemTimeMs and currentStreamTimeMs
 to ProcessorContext",https://lists.apache.org/thread/<CAKtxd0fdM7+83QPSie2HC-cOvGOcaDPXV8DKncvEJ4Td=gr_xg@mail.gmail.com>,"Hi all,

This reminds me of a previous issue I think that we were discussing.
@John Roesler <vvcephei@apache.org> I think you should remember this one.

A while back, we were talking about having suppress operator emit records
by wall-clock time instead of stream time.
If we are adding this, wouldn't that make it more feasible for us to
implement that feature for suppression?

If I recall correctl",0,2020-07-04,kafka,dev@kafka.apache.org,<CAKtxd0fdM7+83QPSie2HC-cOvGOcaDPXV8DKncvEJ4Td=gr_xg@mail.gmail.com>,Richard Yu <yohan.richard.yu@gmail.com>,2026-09-30T22:02:00.921787
APACHE_LISTS_REMINING,Apache Lists,compilation errors,Re: [DISCUSS] KIP-622 Add currentSystemTimeMs and currentStreamTimeMs to ProcessorContext,https://lists.apache.org/thread/<e3038e82-8e88-45ca-b8d5-8c44cd0f1590@www.fastmail.com>,"Hi Richard,

It’s good to hear from you!

Thanks for bringing up the wall-clock suppression feature. IIRC, someone actually started a KIP discussion for it already, but I don’t think it went to a vote. I don’t recall any technical impediment, just the lack of availability to finish it up. Although there is some association, it would be good to keep the KIPs separate.

Thanks,
John

On Sat, Jul 4, ",0,2020-07-04,kafka,dev@kafka.apache.org,<e3038e82-8e88-45ca-b8d5-8c44cd0f1590@www.fastmail.com>,"""John Roesler"" <vvcephei@apache.org>",2026-09-30T22:02:00.921789
APACHE_LISTS_REMINING,Apache Lists,compilation errors,"Re: [DISCUSS] KIP-622 Add currentSystemTimeMs and currentStreamTimeMs
 to ProcessorContext",https://lists.apache.org/thread/<82f775ee-89bb-ca09-84c5-a2277853519e@apache.org>,"William,

thanks for the KIP. LGMT. Feel free to start a vote.


-Matthias


On 7/4/20 10:14 AM, John Roesler wrote:
> Hi Richard,
> 
> It’s good to hear from you!
> 
> Thanks for bringing up the wall-clock suppression feature. IIRC, someone actually started a KIP discussion for it already, but I don’t think it went to a vote. I don’t recall any technical impediment, just the lack of availability ",0,2020-07-06,kafka,dev@kafka.apache.org,<82f775ee-89bb-ca09-84c5-a2277853519e@apache.org>,"""Matthias J. Sax"" <mjsax@apache.org>",2026-09-30T22:02:00.921791
APACHE_LISTS_REMINING,Apache Lists,compilation errors,"Re: [DISCUSS] KIP-622 Add currentSystemTimeMs and currentStreamTimeMs
 to ProcessorContext",https://lists.apache.org/thread/<CAJKanukCvYRMrgCYEnkCHfn_r9XJo8VS774uuFR2ddtJQrO61Q@mail.gmail.com>,"Hey John,

since ProcessorContext is a public API, I couldn't be sure that people
won't try to extend it. Without a default implementation, user code
compilation will break.

William and Piotr, it seems that we haven't added any example usage of the
new API, could we try to address that? It should help with the motivation
and follow-up meta comments as John proposed.

Boyang

On Mon, Jul 6, 2020 a",0,2020-07-07,kafka,dev@kafka.apache.org,<CAJKanukCvYRMrgCYEnkCHfn_r9XJo8VS774uuFR2ddtJQrO61Q@mail.gmail.com>,Boyang Chen <reluctanthero104@gmail.com>,2026-09-30T22:02:00.921793
APACHE_LISTS_REMINING,Apache Lists,compilation errors,"Re: [DISCUSS] KIP-622 Add currentSystemTimeMs and currentStreamTimeMs
 to ProcessorContext",https://lists.apache.org/thread/<CABCyPFcwZ354vkraOfxBrBir0gxxkB5tqQJGuVQnX5Ztmgte-w@mail.gmail.com>,"Sure, I would appreciate help from Piotr creating an example.

On Tue, Jul 7, 2020 at 12:03 PM Boyang Chen <reluctanthero104@gmail.com>
wrote:

> Hey John,
>
> since ProcessorContext is a public API, I couldn't be sure that people
> won't try to extend it. Without a default implementation, user code
> compilation will break.
>
> William and Piotr, it seems that we haven't added any example usage o",0,2020-07-07,kafka,dev@kafka.apache.org,<CABCyPFcwZ354vkraOfxBrBir0gxxkB5tqQJGuVQnX5Ztmgte-w@mail.gmail.com>,William Bottrell <bottrellw@gmail.com>,2026-09-30T22:02:00.921795
APACHE_LISTS_REMINING,Apache Lists,compilation errors,"Re: [DISCUSS] KIP-622 Add currentSystemTimeMs and currentStreamTimeMs
 to ProcessorContext",https://lists.apache.org/thread/<bc734aa8-7149-5216-2df2-10176d073e7e@apache.org>,"I think, we don't need a default implementation for the new methods.

What would be the use-case to implement the  `ProcessorContext`
interface? In contract to, for example, `KeyValueStore`,
`ProcessorContext` is a use-only interface because it's never passed
into Kafka Streams, but only handed out to the user.


-Matthias


On 7/7/20 1:28 PM, William Bottrell wrote:
> Sure, I would appreciate hel",0,2020-07-07,kafka,dev@kafka.apache.org,<bc734aa8-7149-5216-2df2-10176d073e7e@apache.org>,"""Matthias J. Sax"" <mjsax@apache.org>",2026-09-30T22:02:00.921798
APACHE_LISTS_REMINING,Apache Lists,compilation errors,"Re: [DISCUSS] KIP-617: Allow Kafka Streams State Stores to be
 iterated backwards",https://lists.apache.org/thread/<6a8b4f10-ece6-e753-1697-f1d3f375ba10@apache.org>,"Finally cycling back to this.

Overall I like the KIP.

Two comments:

 - I tried to figure out why the two InMemoerySessionStore methods are
deprecated and it seems those annotations are there since the class was
added; as this seems to be a bug, and there are no backward
compatibility concerns, I just did a PR to remove those annotations:

https://github.com/apache/kafka/pull/9061


 - about mov",0,2020-07-22,kafka,dev@kafka.apache.org,<6a8b4f10-ece6-e753-1697-f1d3f375ba10@apache.org>,"""Matthias J. Sax"" <mjsax@apache.org>",2026-09-30T22:02:00.921800
APACHE_LISTS_REMINING,Apache Lists,compilation errors,"Re: [DISCUSS] KIP-617: Allow Kafka Streams State Stores to be
 iterated backwards",https://lists.apache.org/thread/<CAC3UcJtGe1E-MC0qYeuoJGzaZ0kk8Co-Vot-4JZj90rtjyV-mw@mail.gmail.com>,"Thanks Matthias.

1. PR looks good to me.

2. About adding default methods, I think for correctness and backward
compatibility default methods should be added to avoid breaking potential
clients.
I have updated the KIP accordingly.


Jorge.

On Thu, Jul 23, 2020 at 5:19 AM Matthias J. Sax <mjsax@apache.org> wrote:

> Finally cycling back to this.
>
> Overall I like the KIP.
>
> Two comments:
>
>  ",0,2020-07-23,kafka,dev@kafka.apache.org,<CAC3UcJtGe1E-MC0qYeuoJGzaZ0kk8Co-Vot-4JZj90rtjyV-mw@mail.gmail.com>,Jorge Esteban Quilcate Otoya <quilcate.jorge@gmail.com>,2026-09-30T22:02:00.921802
APACHE_LISTS_REMINING,Apache Lists,compilation errors,"Re: [DISCUSS] KIP-622 Add currentSystemTimeMs and currentStreamTimeMs
 to ProcessorContext",https://lists.apache.org/thread/<1100a952-ca70-6008-18bb-eb65ac3dc900@apache.org>,"Hi,

I just had one more thought about an additional improvement we might
want to include in this KIP.

Kafka Streams ships with a `WallclockTimestampExtractor` that just
returns `System.currentTimeMillis()` and thus, cannot be mocked. And it
seems that there is no way for a user to build a custom timestamps
extractor that returns the TTD's mocked system time.

Thus, it might be nice, to add a `Mo",0,2020-07-26,kafka,dev@kafka.apache.org,<1100a952-ca70-6008-18bb-eb65ac3dc900@apache.org>,"""Matthias J. Sax"" <mjsax@apache.org>",2026-09-30T22:02:00.921805
APACHE_LISTS_REMINING,Apache Lists,compilation errors,Re: [DISCUSS] KIP-622 Add currentSystemTimeMs and currentStreamTimeMs to ProcessorContext,https://lists.apache.org/thread/<1fe0cc78-7969-494c-898c-99d31cc8f6d9@www.fastmail.com>,"Thanks Matthias,

This is a really good point. It might be a bummer
to have to actually change the topology between
testing and production. Do you think we can rather
evolve the TimestampExtractor interface to let
Streams pass in the current system time, along with
the current record and the current partition time?

For example, we could add a new method:
long extract(
  ConsumerRecord<Object, Obj",0,2020-07-28,kafka,dev@kafka.apache.org,<1fe0cc78-7969-494c-898c-99d31cc8f6d9@www.fastmail.com>,"""John Roesler"" <vvcephei@apache.org>",2026-09-30T22:02:00.921807
APACHE_LISTS_REMINING,Apache Lists,compilation errors,"Re: [DISCUSS] KIP-622 Add currentSystemTimeMs and currentStreamTimeMs
 to ProcessorContext",https://lists.apache.org/thread/<0cdca383-f685-90bd-d08c-399f52c1633c@apache.org>,"Interesting proposal.

However, it raises the question how the runtime would pass in the
`systemTime` parameter? To be accurate, we would need to call
`Time.milliseconds()` each time before we call the timestamp extractor.
This sound expensive and maybe the extractor does not even use this value.

Or we only call `Time.milliseconds()` periodically (as we also do in our
runtime code) to make it che",0,2020-08-03,kafka,dev@kafka.apache.org,<0cdca383-f685-90bd-d08c-399f52c1633c@apache.org>,"""Matthias J. Sax"" <mjsax@apache.org>",2026-09-30T22:02:05.879325
APACHE_LISTS_REMINING,Apache Lists,compilation errors,[jira] [Created] (KAFKA-10389) Fix zero copy tagged arrays,https://lists.apache.org/thread/<JIRA.13322134.1597184234000.205642.1597184280135@Atlassian.JIRA>,"Jason Gustafson created KAFKA-10389:
---------------------------------------

             Summary: Fix zero copy tagged arrays
                 Key: KAFKA-10389
                 URL: https://issues.apache.org/jira/browse/KAFKA-10389
             Project: Kafka
          Issue Type: Bug
            Reporter: Jason Gustafson


We're missing a bunch of zero-copy checks in the message generator. As a",0,2020-08-11,kafka,dev@kafka.apache.org,<JIRA.13322134.1597184234000.205642.1597184280135@Atlassian.JIRA>,"""Jason Gustafson (Jira)"" <jira@apache.org>",2026-09-30T22:02:05.879343
APACHE_LISTS_REMINING,Apache Lists,JNIEnv,"[jira] [Created] (KAFKA-10396) Overall memory of container keep on
 growing due to kafka stream / rocksdb and OOM killed once limit reached",https://lists.apache.org/thread/<JIRA.13322468.1597301775000.213408.1597301820139@Atlassian.JIRA>,"Vagesh Mathapati created KAFKA-10396:
----------------------------------------

             Summary: Overall memory of container keep on growing due to kafka stream / rocksdb and OOM killed once limit reached
                 Key: KAFKA-10396
                 URL: https://issues.apache.org/jira/browse/KAFKA-10396
             Project: Kafka
          Issue Type: Bug
          Components: KafkaCon",0,2020-08-13,kafka,dev@kafka.apache.org,<JIRA.13322468.1597301775000.213408.1597301820139@Atlassian.JIRA>,"""Vagesh Mathapati (Jira)"" <jira@apache.org>",2026-09-30T22:02:05.879345
APACHE_LISTS_REMINING,Apache Lists,compilation errors,Re: [DISCUSS] KIP-622 Add currentSystemTimeMs and currentStreamTimeMs to ProcessorContext,https://lists.apache.org/thread/<87ce3072-ecf3-4851-9b71-4201a3d400f4@www.fastmail.com>,"Thanks for the reply, Matthias,

I see what you mean. I suppose I was thinking that we would pass in the cached system time, which is also what we’re proposing to add to the ProcessorContext.

If you think there’s something about the timestamp extractor in particular that would make people want more precision, then something like Time would do the trick. Since it’s not a public API, maybe just ‘Su",0,2020-08-14,kafka,dev@kafka.apache.org,<87ce3072-ecf3-4851-9b71-4201a3d400f4@www.fastmail.com>,"""John Roesler"" <vvcephei@apache.org>",2026-09-30T22:02:05.879347
APACHE_LISTS_REMINING,Apache Lists,compilation errors,"Re: [DISCUSS] KIP-622 Add currentSystemTimeMs and currentStreamTimeMs
 to ProcessorContext",https://lists.apache.org/thread/<837A2FAB-1E33-4304-B10E-C1CD2114C47E@gmail.com>,"Hi,
I would like to revive this KIP.
1. As per proposed solution, we want to add following method in ProcessorContext class
/**
 * Returns current cached wall-clock system timestamp in milliseconds.
 *
 * @return the current cached wall-clock system timestamp in milliseconds
 */
long currentSystemTimeMs();
but InternalProcessorContext class already contains same method: https://github.com/guozhang",0,2020-11-27,kafka,dev@kafka.apache.org,<837A2FAB-1E33-4304-B10E-C1CD2114C47E@gmail.com>,Rohit Deshpande <rohitdeshaws@gmail.com>,2026-09-30T22:02:21.064674
APACHE_LISTS_REMINING,Apache Lists,compilation errors,"Re: [DISCUSS] KIP-622 Add currentSystemTimeMs and currentStreamTimeMs
 to ProcessorContext",https://lists.apache.org/thread/<e7d31168-cbc2-4f56-c262-615ed0498d3a@apache.org>,"1. We don't need to worry about impl detail. But yes, we can remove the
method from the interanl context that extends `ProcessorContext` already

2. Same here: we can discuss on the PR.


Btw: it seems you got enough votes. Can you close the vote? Looking
forward to your PR.


-Matthias

On 11/27/20 9:51 PM, Rohit Deshpande wrote:
> Hi,
> I would like to revive this KIP.
> 1. As per proposed solut",0,2020-12-04,kafka,dev@kafka.apache.org,<e7d31168-cbc2-4f56-c262-615ed0498d3a@apache.org>,"""Matthias J. Sax"" <mjsax@apache.org>",2026-09-30T22:02:25.136664
APACHE_LISTS_REMINING,Apache Lists,JNIEnv,"[jira] [Resolved] (KAFKA-10396) Overall memory of container keep on
 growing due to kafka stream / rocksdb and OOM killed once limit reached",https://lists.apache.org/thread/<JIRA.13322468.1597301775000.150855.1616786580253@Atlassian.JIRA>,"
     [ https://issues.apache.org/jira/browse/KAFKA-10396?page=com.atlassian.jira.plugin.system.issuetabpanels:all-tabpanel ]

A. Sophie Blee-Goldman resolved KAFKA-10396.
--------------------------------------------
    Resolution: Fixed

> Overall memory of container keep on growing due to kafka stream / rocksdb and OOM killed once limit reached
> ------------------------------------------------",0,2021-03-26,kafka,dev@kafka.apache.org,<JIRA.13322468.1597301775000.150855.1616786580253@Atlassian.JIRA>,"""A. Sophie Blee-Goldman (Jira)"" <jira@apache.org>",2026-09-30T22:02:45.051015
APACHE_LISTS_REMINING,Apache Lists,JVM crash,"[jira] [Created] (KAFKA-12731) High number of rebalances lead to GC
 Overhead limit exceeded JVM crash",https://lists.apache.org/thread/<JIRA.13375855.1619706233000.375769.1619706240056@Atlassian.JIRA>,"Filip created KAFKA-12731:
-----------------------------

             Summary: High number of rebalances lead to GC Overhead limit exceeded JVM crash
                 Key: KAFKA-12731
                 URL: https://issues.apache.org/jira/browse/KAFKA-12731
             Project: Kafka
          Issue Type: Bug
          Components: clients
    Affects Versions: 2.5.1
            Reporter: Filip
   ",0,2021-04-29,kafka,dev@kafka.apache.org,<JIRA.13375855.1619706233000.375769.1619706240056@Atlassian.JIRA>,"""Filip (Jira)"" <jira@apache.org>",2026-09-30T22:02:49.817165
APACHE_LISTS_REMINING,Apache Lists,JVM crash,"[jira] [Resolved] (KAFKA-13257) KafkaStreams Support For Latest
 RocksDB Version",https://lists.apache.org/thread/<JIRA.13398592.1630479839000.960244.1630517760466@Atlassian.JIRA>,"
     [ https://issues.apache.org/jira/browse/KAFKA-13257?page=com.atlassian.jira.plugin.system.issuetabpanels:all-tabpanel ]

Guozhang Wang resolved KAFKA-13257.
-----------------------------------
    Resolution: Not A Problem

> KafkaStreams Support For Latest RocksDB Version
> -----------------------------------------------
>
>                 Key: KAFKA-13257
>                 URL: https://is",0,2021-09-01,kafka,dev@kafka.apache.org,<JIRA.13398592.1630479839000.960244.1630517760466@Atlassian.JIRA>,"""Guozhang Wang (Jira)"" <jira@apache.org>",2026-09-30T22:03:08.774913
APACHE_LISTS_REMINING,Apache Lists,JNA,RE: [External] WELCOME to dev@kafka.apache.org,"https://lists.apache.org/thread/
 <CO1P114MB121782068F44236A2A4AB7E281A59@CO1P114MB1217.NAMP114.PROD.OUTLOOK.COM>","Hi,

I'm contacting you to please ask for an ETA, if it is planned, for the release in the following link:

[KAFKA-9366] Upgrade log4j to log4j2 - ASF JIRA (apache.org)

Hope to hear from you soon,

Thanks,

Nicola Nozza

-----Original Message-----
From: dev-help@kafka.apache.org <dev-help@kafka.apache.org>
Sent: martedì 7 giugno 2022 16:33
To: Nozza, Nicola <nicola.nozza@accenture.com>
Subject: [",0,2022-06-07,kafka,dev@kafka.apache.org,"
 <CO1P114MB121782068F44236A2A4AB7E281A59@CO1P114MB1217.NAMP114.PROD.OUTLOOK.COM>","""Nozza, Nicola"" <nicola.nozza@accenture.com.INVALID>",2026-09-30T22:03:43.148900
APACHE_LISTS_REMINING,Apache Lists,JVM crash,"[jira] [Created] (KAFKA-14221) Update Apache Kafka JVM version in
 CI to latest versions",https://lists.apache.org/thread/<JIRA.13481137.1662996118000.287734.1662996120021@Atlassian.JIRA>,"Matthew de Detrich created KAFKA-14221:
------------------------------------------

             Summary: Update Apache Kafka JVM version in CI to latest versions
                 Key: KAFKA-14221
                 URL: https://issues.apache.org/jira/browse/KAFKA-14221
             Project: Kafka
          Issue Type: Task
            Reporter: Matthew de Detrich


In a recent test (see [https://ci",0,2022-09-12,kafka,dev@kafka.apache.org,<JIRA.13481137.1662996118000.287734.1662996120021@Atlassian.JIRA>,"""Matthew de Detrich (Jira)"" <jira@apache.org>",2026-09-30T22:03:55.253870
APACHE_LISTS_REMINING,Apache Lists,UnsatisfiedLinkError,[jira] [Reopened] (KAFKA-8622) Snappy Compression Not Working,https://lists.apache.org/thread/<JIRA.13242710.1562061843000.102949.1677268980539@Atlassian.JIRA>,"
     [ https://issues.apache.org/jira/browse/KAFKA-8622?page=com.atlassian.jira.plugin.system.issuetabpanels:all-tabpanel ]

Matthias J. Sax reopened KAFKA-8622:
------------------------------------

> Snappy Compression Not Working
> ------------------------------
>
>                 Key: KAFKA-8622
>                 URL: https://issues.apache.org/jira/browse/KAFKA-8622
>             Project: Ka",0,2023-02-24,kafka,dev@kafka.apache.org,<JIRA.13242710.1562061843000.102949.1677268980539@Atlassian.JIRA>,"""Matthias J. Sax (Jira)"" <jira@apache.org>",2026-09-30T22:04:15.370777
APACHE_LISTS_REMINING,Apache Lists,UnsatisfiedLinkError,[jira] [Resolved] (KAFKA-8622) Snappy Compression Not Working,https://lists.apache.org/thread/<JIRA.13242710.1562061843000.102954.1677268980549@Atlassian.JIRA>,"
     [ https://issues.apache.org/jira/browse/KAFKA-8622?page=com.atlassian.jira.plugin.system.issuetabpanels:all-tabpanel ]

Matthias J. Sax resolved KAFKA-8622.
------------------------------------
    Resolution: Fixed

> Snappy Compression Not Working
> ------------------------------
>
>                 Key: KAFKA-8622
>                 URL: https://issues.apache.org/jira/browse/KAFKA-8622
>  ",0,2023-02-24,kafka,dev@kafka.apache.org,<JIRA.13242710.1562061843000.102954.1677268980549@Atlassian.JIRA>,"""Matthias J. Sax (Jira)"" <jira@apache.org>",2026-09-30T22:04:15.370792
APACHE_LISTS_REMINING,Apache Lists,compilation errors,[DISCUSS] Should we continue to merge without a green build? No!,https://lists.apache.org/thread/<CAHn4u3scqBeMknSabiN1OtuhPSGWPb-JUoJ+jFfpRjQKAj+jCg@mail.gmail.com>,"Hi all,

The state of our CI worries me a lot. Just this week, we merged two PRs
with compilation errors and one PR introducing persistent failures. This
really hurts the quality and the velocity of the project and it basically
defeats the purpose of having a CI because we tend to ignore it nowadays.

Should we continue to merge without a green build? No! We should not so I
propose to prevent merg",0,2023-11-11,kafka,dev@kafka.apache.org,<CAHn4u3scqBeMknSabiN1OtuhPSGWPb-JUoJ+jFfpRjQKAj+jCg@mail.gmail.com>,David Jacot <djacot@confluent.io.INVALID>,2026-09-30T22:04:59.292612
APACHE_LISTS_REMINING,Apache Lists,compilation errors,Re: [DISCUSS] Should we continue to merge without a green build? No!,https://lists.apache.org/thread/<CACsfnZ2KSjZZHwC+h0fBdSqMygGV76qR1QVFYAKoyuWrWXO68g@mail.gmail.com>,"Hi David,

Thanks for bringing this point and also for creating the revert PRs. I
think there has been an effort in the community to fix a lot of flakey
tests(like around MirrorMaker). I also agree that we shouldn't merge PRs
without green builds and look to ignore flaky tests. For example, I did a
quick search for some of the common (and sometimes longstanding flakey
tests) and this is a brief li",0,2023-11-11,kafka,dev@kafka.apache.org,<CACsfnZ2KSjZZHwC+h0fBdSqMygGV76qR1QVFYAKoyuWrWXO68g@mail.gmail.com>,Sagar <sagarmeansocean@gmail.com>,2026-09-30T22:04:59.292631
APACHE_LISTS_REMINING,Apache Lists,compilation errors,Re: [DISCUSS] Should we continue to merge without a green build? No!,https://lists.apache.org/thread/<CAD5tkZa2GFuSSGk_Cyc4dHg5sbGM+8zoMeb9GcrWcDX-HUNRoA@mail.gmail.com>,"Hi David,

I would be fine with:
1. Only allowing merges if the build is green
2. Disabling all flaky tests that aren't fixed within a week. That is, if a
test is flaky for more than a week, it should be automatically disabled (it
doesn't add any value since it gets ignored).

We need both to make this work, if you just do step 1, then we will be
stuck with no ability to merge anything.

Ismael


",0,2023-11-11,kafka,dev@kafka.apache.org,<CAD5tkZa2GFuSSGk_Cyc4dHg5sbGM+8zoMeb9GcrWcDX-HUNRoA@mail.gmail.com>,Ismael Juma <me@ismaeljuma.com>,2026-09-30T22:04:59.292635
APACHE_LISTS_REMINING,Apache Lists,compilation errors,Re: [DISCUSS] Should we continue to merge without a green build? No!,https://lists.apache.org/thread/<CAD5tkZYGH6v7F78e+ZJnsJ9m8VKt_Kbk2e1wx0rf4tXV-28qhA@mail.gmail.com>,"One more thing:

3. If test flakiness is introduced by a recent PR, it's appropriate to
revert said PR vs disabling the flaky tests.

Ismael

On Sat, Nov 11, 2023, 8:45 AM Ismael Juma <me@ismaeljuma.com> wrote:

> Hi David,
>
> I would be fine with:
> 1. Only allowing merges if the build is green
> 2. Disabling all flaky tests that aren't fixed within a week. That is, if
> a test is flaky for more",0,2023-11-11,kafka,dev@kafka.apache.org,<CAD5tkZYGH6v7F78e+ZJnsJ9m8VKt_Kbk2e1wx0rf4tXV-28qhA@mail.gmail.com>,Ismael Juma <me@ismaeljuma.com>,2026-09-30T22:04:59.292638
APACHE_LISTS_REMINING,Apache Lists,compilation errors,Re: [DISCUSS] Should we continue to merge without a green build? No!,https://lists.apache.org/thread/<fc729e13-846d-4bb2-93b3-5c5545ceab76@app.fastmail.com>,"Thanks, all,

This proposal sounds good to me.

We could try to just disable the current flaky tests as a one-time step and configure GitHub only to merge green builds as a bulwark against the future.

By definition, flaky tests may not fail during the buggy PR build itself, but they should make themselves known soon afterwards, in the nightly and subsequent PRs. As long as committers are empowere",0,2023-11-11,kafka,dev@kafka.apache.org,<fc729e13-846d-4bb2-93b3-5c5545ceab76@app.fastmail.com>,"""John Roesler"" <vvcephei@apache.org>",2026-09-30T22:04:59.292642
APACHE_LISTS_REMINING,Apache Lists,compilation errors,"[jira] [Created] (KAFKA-15875) Snapshot class is package protected
 but returned in public methods",https://lists.apache.org/thread/<JIRA.13558995.1700643362000.7147.1700643420003@Atlassian.JIRA>,"Josep Prat created KAFKA-15875:
----------------------------------

             Summary: Snapshot class is package protected but returned in public methods
                 Key: KAFKA-15875
                 URL: https://issues.apache.org/jira/browse/KAFKA-15875
             Project: Kafka
          Issue Type: Task
    Affects Versions: 3.6.0
            Reporter: Josep Prat
            Assignee:",0,2023-11-22,kafka,dev@kafka.apache.org,<JIRA.13558995.1700643362000.7147.1700643420003@Atlassian.JIRA>,"""Josep Prat (Jira)"" <jira@apache.org>",2026-09-30T22:04:59.292648
APACHE_LISTS_REMINING,Apache Lists,compilation errors,"Re: [DISCUSS] KIP-1026: Handling producer snapshot when upgrading
 from < v2.8.0 for Tiered Storage",https://lists.apache.org/thread/<CAA=itPDdk7M6xwCRdSHYPkPCD6BY158xmbgF=VQ8F_TL2w86MQ@mail.gmail.com>,"Hi Arpit,

Thanks for the clarification. Replying here without updating the KIP
is fine for now.

I disagree with your evaluation of the backwards compatibility. If you
change the return type of a method, that breaks both source and binary
compatibility.
After upgrading, plugin implementations using this method would face
compilation errors. Implementations that were compiled against the old
inter",0,2024-03-14,kafka,dev@kafka.apache.org,<CAA=itPDdk7M6xwCRdSHYPkPCD6BY158xmbgF=VQ8F_TL2w86MQ@mail.gmail.com>,Greg Harris <greg.harris@aiven.io.INVALID>,2026-09-30T22:05:17.941438
APACHE_LISTS_REMINING,Apache Lists,compilation errors,"Re: [DISCUSS] KIP-1026: Handling producer snapshot when upgrading
 from < v2.8.0 for Tiered Storage",https://lists.apache.org/thread/<CALkmrLSxTMEUKRKtWe1KEaVhF-U5+uf+wHTQPond+sj+n-JS=g@mail.gmail.com>,"Hi Arpit,

Thanks for the KIP!

I agree with Greg that we should make it clear about backward Compatibility.
Since you don't have permission to edit the KIP, you could think about it
and write in the email thread directly.

Questions:
1. Could you explain what will happen if one partition created after v2.8,
which should upload the producer snapshot file, but somehow it didn't
upload this file to ",0,2024-03-15,kafka,dev@kafka.apache.org,<CALkmrLSxTMEUKRKtWe1KEaVhF-U5+uf+wHTQPond+sj+n-JS=g@mail.gmail.com>,Luke Chen <showuon@gmail.com>,2026-09-30T22:05:17.941454
APACHE_LISTS_REMINING,Apache Lists,compilation errors,"Re: [DISCUSS] KIP-1026: Handling producer snapshot when upgrading
 from < v2.8.0 for Tiered Storage",https://lists.apache.org/thread/<CADLRvwhKJz9QP8Zoi65OFuE5sPpk4_JNcgLyQ5+k8-vyv0L+Xg@mail.gmail.com>,"Hi Arpit,

Thanks for the KIP!

There is an open ticket [1] to generate the empty producer snapshot for
segments which lacks one.
Tiered storage is supported from IBP 2.8-IV1 which mandates that all the
segments should have
the producer snapshots. If we make the producer snapshot optional, then we
have to handle all
the edge cases as Luke mentioned.

Shall we propose to generate the empty producer",0,2024-03-15,kafka,dev@kafka.apache.org,<CADLRvwhKJz9QP8Zoi65OFuE5sPpk4_JNcgLyQ5+k8-vyv0L+Xg@mail.gmail.com>,Kamal Chandraprakash <kamal.chandraprakash@gmail.com>,2026-09-30T22:05:17.941457
APACHE_LISTS_REMINING,Apache Lists,compilation errors,"Re: [DISCUSS] KIP-1026: Handling producer snapshot when upgrading
 from < v2.8.0 for Tiered Storage",https://lists.apache.org/thread/<CACg5Bju3t9mu+SR7zxq0bMhVrwPNUSQ2gOELEME9ep9Abp3ggg@mail.gmail.com>,"Hi All,
I was looking at one of the plugin implementation
<https://github.com/Aiven-Open/tiered-storage-for-apache-kafka/blob/c8484843dbd146d3c6ff1fe955e790335bb10db6/core/src/main/java/io/aiven/kafka/tieredstorage/RemoteStorageManager.java#L292>s
and Indeed it is expected to encounter a compilation error
[image: Screenshot 2024-03-15 at 2.55.49 PM.png]

To overcome the backward compatibility issu",0,2024-03-15,kafka,dev@kafka.apache.org,<CACg5Bju3t9mu+SR7zxq0bMhVrwPNUSQ2gOELEME9ep9Abp3ggg@mail.gmail.com>,Arpit Goyal <goyal.arpit.91@gmail.com>,2026-09-30T22:05:17.941459
APACHE_LISTS_REMINING,Apache Lists,JNA,"[jira] [Created] (KAFKA-16991) Flaky Test
 org.apache.kafka.streams.integration.PurgeRepartitionTopicIntegrationTest.shouldRestoreState",https://lists.apache.org/thread/<JIRA.13583077.1718728534000.62883.1718728560012@Atlassian.JIRA>,"Matthias J. Sax created KAFKA-16991:
---------------------------------------

             Summary: Flaky Test org.apache.kafka.streams.integration.PurgeRepartitionTopicIntegrationTest.shouldRestoreState
                 Key: KAFKA-16991
                 URL: https://issues.apache.org/jira/browse/KAFKA-16991
             Project: Kafka
          Issue Type: Test
          Components: streams, unit",0,2024-06-18,kafka,dev@kafka.apache.org,<JIRA.13583077.1718728534000.62883.1718728560012@Atlassian.JIRA>,"""Matthias J. Sax (Jira)"" <jira@apache.org>",2026-09-30T22:05:34.964604
APACHE_LISTS_REMINING,Apache Lists,JNA,"[jira] [Created] (KAFKA-16994) Flaky Test
 SlidingWindowedKStreamIntegrationTest.shouldRestoreAfterJoinRestart",https://lists.apache.org/thread/<JIRA.13583081.1718730366000.62969.1718730420016@Atlassian.JIRA>,"Matthias J. Sax created KAFKA-16994:
---------------------------------------

             Summary: Flaky Test SlidingWindowedKStreamIntegrationTest.shouldRestoreAfterJoinRestart
                 Key: KAFKA-16994
                 URL: https://issues.apache.org/jira/browse/KAFKA-16994
             Project: Kafka
          Issue Type: Test
            Reporter: Matthias J. Sax
         Attachments: ",0,2024-06-18,kafka,dev@kafka.apache.org,<JIRA.13583081.1718730366000.62969.1718730420016@Atlassian.JIRA>,"""Matthias J. Sax (Jira)"" <jira@apache.org>",2026-09-30T22:05:34.964637
APACHE_LISTS_REMINING,Apache Lists,JNA,"[jira] [Created] (KAFKA-17020) After enabling tiered storage,
 occasional residual logs are left in the replica",https://lists.apache.org/thread/<JIRA.13583503.1719036426000.70134.1719036480014@Atlassian.JIRA>,"Jianbin Chen created KAFKA-17020:
------------------------------------

             Summary: After enabling tiered storage, occasional residual logs are left in the replica
                 Key: KAFKA-17020
                 URL: https://issues.apache.org/jira/browse/KAFKA-17020
             Project: Kafka
          Issue Type: Wish
    Affects Versions: 3.7.0
            Reporter: Jianbin Chen


",0,2024-06-22,kafka,dev@kafka.apache.org,<JIRA.13583503.1719036426000.70134.1719036480014@Atlassian.JIRA>,"""Jianbin Chen (Jira)"" <jira@apache.org>",2026-09-30T22:05:34.964640
APACHE_LISTS_REMINING,Apache Lists,JNA,"[jira] [Resolved] (KAFKA-16991) Flaky Test
 org.apache.kafka.streams.integration.PurgeRepartitionTopicIntegrationTest.shouldRestoreState",https://lists.apache.org/thread/<JIRA.13583077.1718728534000.87228.1720016940053@Atlassian.JIRA>,"
     [ https://issues.apache.org/jira/browse/KAFKA-16991?page=com.atlassian.jira.plugin.system.issuetabpanels:all-tabpanel ]

Bill Bejeck resolved KAFKA-16991.
---------------------------------
    Resolution: Fixed

> Flaky Test org.apache.kafka.streams.integration.PurgeRepartitionTopicIntegrationTest.shouldRestoreState
> --------------------------------------------------------------------------",0,2024-07-03,kafka,dev@kafka.apache.org,<JIRA.13583077.1718728534000.87228.1720016940053@Atlassian.JIRA>,"""Bill Bejeck (Jira)"" <jira@apache.org>",2026-09-30T22:05:40.654270
APACHE_LISTS_REMINING,Apache Lists,JVM crash,"[jira] [Resolved] (KAFKA-8680) kafka use all of memory and jvm
 crash when performance test",https://lists.apache.org/thread/<JIRA.13245707.1563438728000.109989.1720841040046@Atlassian.JIRA>,"
     [ https://issues.apache.org/jira/browse/KAFKA-8680?page=com.atlassian.jira.plugin.system.issuetabpanels:all-tabpanel ]

zhangzhisheng resolved KAFKA-8680.
----------------------------------
      Assignee: zhangzhisheng
    Resolution: Not A Bug

> kafka use all of memory and jvm crash when performance test
> -----------------------------------------------------------
>
>                 Key",0,2024-07-13,kafka,dev@kafka.apache.org,<JIRA.13245707.1563438728000.109989.1720841040046@Atlassian.JIRA>,"""zhangzhisheng (Jira)"" <jira@apache.org>",2026-09-30T22:05:40.654287
APACHE_LISTS_REMINING,Apache Lists,UnsatisfiedLinkError,"[jira] [Created] (KAFKA-17227) Apache Kafka 3.8.0 /tmp exec
 permission",https://lists.apache.org/thread/<JIRA.13587438.1722430299000.142503.1722430320009@Atlassian.JIRA>,"Francisco Martinez created KAFKA-17227:
------------------------------------------

             Summary: Apache Kafka 3.8.0 /tmp exec permission
                 Key: KAFKA-17227
                 URL: https://issues.apache.org/jira/browse/KAFKA-17227
             Project: Kafka
          Issue Type: Bug
    Affects Versions: 3.8.0
            Reporter: Francisco Martinez
         Attachments: kaf",0,2024-07-31,kafka,dev@kafka.apache.org,<JIRA.13587438.1722430299000.142503.1722430320009@Atlassian.JIRA>,"""Francisco Martinez (Jira)"" <jira@apache.org>",2026-09-30T22:05:40.654290
APACHE_LISTS_REMINING,Apache Lists,JNA,"[jira] [Resolved] (KAFKA-17308) Topic Replication failure :: Config
 properties exclude should be backwards compatible.",https://lists.apache.org/thread/<JIRA.13588468.1723294514000.163446.1723370340256@Atlassian.JIRA>,"
     [ https://issues.apache.org/jira/browse/KAFKA-17308?page=com.atlassian.jira.plugin.system.issuetabpanels:all-tabpanel ]

Arnab Dutta resolved KAFKA-17308.
---------------------------------
    Resolution: Fixed

Only Eclipse compiler shows this compiler error.

Eclipse has a problem with correctly inferring generic types and Eclipse compiler is not able to infer the type String for the colle",0,2024-08-11,kafka,dev@kafka.apache.org,<JIRA.13588468.1723294514000.163446.1723370340256@Atlassian.JIRA>,"""Arnab Dutta (Jira)"" <jira@apache.org>",2026-09-30T22:05:46.295209
APACHE_LISTS_REMINING,Apache Lists,compilation errors,Re: [DISCUSS] Changing which commit we build in PRs,https://lists.apache.org/thread/<CA+0Ze6rENQkp21kpzM8KJ1etKeEjmgyQrjGip5LVAg397sSEMQ@mail.gmail.com>,"Thanks for raising the correctness aspect, José. We currently have a
compromise solution since PRs are not required to be up-to-date with trunk
before merging. Basically, as long as a PR does not have conflicts and has
passing tests, it can be merged. That's the situation today. We rely on the
trunk builds to retroactively inform us about problems.

The merge queue is probably the solution to your",0,2025-01-17,kafka,dev@kafka.apache.org,<CA+0Ze6rENQkp21kpzM8KJ1etKeEjmgyQrjGip5LVAg397sSEMQ@mail.gmail.com>,David Arthur <mumrah@gmail.com>,2026-09-30T22:06:12.923825
APACHE_LISTS_REMINING,Apache Lists,compilation errors,Re: [DISCUSS] Changing which commit we build in PRs,https://lists.apache.org/thread/<CAAGWar6meZi-g8TkSPdr8UUiF4ck2hTvfJydMK-wsO=Z==bvbQ@mail.gmail.com>,"David, just to make sure I understand, are you saying this will help with
the actual test runtime, or only the compile time of the build? Just
wondering because I've personally never found the compile times to be a
roadblock, since the test times are so long. If this change only speeds up
compiling then it's hardly going to be noticeable imho

-Sophie

On Fri, Jan 17, 2025 at 5:16 PM David Arthur ",0,2025-01-22,kafka,dev@kafka.apache.org,<CAAGWar6meZi-g8TkSPdr8UUiF4ck2hTvfJydMK-wsO=Z==bvbQ@mail.gmail.com>,Sophie Blee-Goldman <sophie@responsive.dev>,2026-09-30T22:06:12.923858
APACHE_LISTS_REMINING,Apache Lists,compilation errors,Re: [DISCUSS] Changing which commit we build in PRs,https://lists.apache.org/thread/<CA+0Ze6pOSDYQfqO_y6T948_Akm3FEF4DqXUH4uhNZJhnJ29HJA@mail.gmail.com>,"This change will help with test time since it will increase cache hits for
the Gradle test tasks. For example, if your PR only changes streams code
you should ideally not see other modules get re-tested (unless they are
downstream dependencies of :streams).

I've learned from ASF Infra that merge queues will be available soon. In
light of this, I'm going to expand this proposal into a KIP that inc",0,2025-01-22,kafka,dev@kafka.apache.org,<CA+0Ze6pOSDYQfqO_y6T948_Akm3FEF4DqXUH4uhNZJhnJ29HJA@mail.gmail.com>,David Arthur <mumrah@gmail.com>,2026-09-30T22:06:12.923860
APACHE_LISTS_REMINING,Apache Lists,compilation errors,Re: [DISCUSS] Changing which commit we build in PRs,https://lists.apache.org/thread/<CAAGWar6O0049_F27knKQMwKMxxs3c_hq=BHfRnaszMj_uVmAVg@mail.gmail.com>,">
> This change will help with test time since it will increase cache hits for
> the Gradle test tasks. For example, if your PR only changes streams code
> you should ideally not see other modules get re-tested (unless they are
> downstream dependencies of :streams).


Ok thanks for clarifying. But in that case (sorry in advance if this is a
dumb question) I'm not understanding why the trunk-merge",0,2025-01-22,kafka,dev@kafka.apache.org,<CAAGWar6O0049_F27knKQMwKMxxs3c_hq=BHfRnaszMj_uVmAVg@mail.gmail.com>,Sophie Blee-Goldman <sophie@responsive.dev>,2026-09-30T22:06:12.923863
APACHE_LISTS_REMINING,Apache Lists,compilation errors,Re: [DISCUSS] Changing which commit we build in PRs,https://lists.apache.org/thread/<CA+0Ze6rzE0du=g1iz+fAoDZiRn_nmLJPJYJui5oZsL5+Hq2gQg@mail.gmail.com>,"It's a good question, Sophie. The answer is not entirely obvious.

The build cache basically just loads the latest cache produced by the trunk
builds. However, there are un-built commits on trunk quite frequently.
These are commits which are being built by the current CI run, or are
waiting for the next CI run to kick off. We only run a single trunk build
at once, so having un-built commits on tru",0,2025-01-22,kafka,dev@kafka.apache.org,<CA+0Ze6rzE0du=g1iz+fAoDZiRn_nmLJPJYJui5oZsL5+Hq2gQg@mail.gmail.com>,David Arthur <mumrah@gmail.com>,2026-09-30T22:06:12.923865
APACHE_LISTS_REMINING,Apache Lists,compilation errors,Re: [DISCUSS] Changing which commit we build in PRs,https://lists.apache.org/thread/<CAAGWar6UwsOgFp1mHVJ_F5eQZe55LQiyQP8t5S7N3Vkjap3ayw@mail.gmail.com>,"Thanks for taking the time to explain David! That makes sense

I also saw your KIP about using the merge queue so it sounds like we have a
plan here

On Wed, Jan 22, 2025 at 6:07 PM David Arthur <mumrah@gmail.com> wrote:

> It's a good question, Sophie. The answer is not entirely obvious.
>
> The build cache basically just loads the latest cache produced by the trunk
> builds. However, there are u",0,2025-01-23,kafka,dev@kafka.apache.org,<CAAGWar6UwsOgFp1mHVJ_F5eQZe55LQiyQP8t5S7N3Vkjap3ayw@mail.gmail.com>,Sophie Blee-Goldman <sophie@responsive.dev>,2026-09-30T22:06:12.923867
APACHE_LISTS_REMINING,Apache Lists,JNA,"[jira] [Reopened] (KAFKA-17182) Consumer fetch sessions are evicted
 too quickly with AsyncKafkaConsumer",https://lists.apache.org/thread/<JIRA.13586579.1721681306000.118463.1738362660044@Atlassian.JIRA>,"
     [ https://issues.apache.org/jira/browse/KAFKA-17182?page=com.atlassian.jira.plugin.system.issuetabpanels:all-tabpanel ]

Lianet Magrans reopened KAFKA-17182:
------------------------------------

Reopening to investigated reported issues. Reverted in trunk and 4.0 in the meantime

> Consumer fetch sessions are evicted too quickly with AsyncKafkaConsumer
> ------------------------------------",0,2025-01-31,kafka,dev@kafka.apache.org,<JIRA.13586579.1721681306000.118463.1738362660044@Atlassian.JIRA>,"""Lianet Magrans (Jira)"" <jira@apache.org>",2026-09-30T22:06:12.923870
APACHE_LISTS_REMINING,Apache Lists,compilation errors,Re: [DISCUSS] KIP-1124: Providing a clear Kafka Client upgrade path,https://lists.apache.org/thread/<364b80ff-574e-4b79-ad16-c52014be7079@apache.org>,"Hi,

Thanks for all the updates and all the discussions regarding this KIP!

IMO, the KIP does not precisely enough explain the rationale behind the 
proposed upgrade path. That makes the KIP hard to understand. I believe 
the KIP should be a bit more explicit about the reasons. That does not 
mean we need to include all details in the user-facing recommendation in 
the docs. But the details are r",0,2025-02-27,kafka,dev@kafka.apache.org,<364b80ff-574e-4b79-ad16-c52014be7079@apache.org>,Bruno Cadonna <cadonna@apache.org>,2026-09-30T22:06:17.262858
APACHE_LISTS_REMINING,Apache Lists,compilation errors,Re: [DISCUSS] KIP-1124: Providing a clear Kafka Client upgrade path,https://lists.apache.org/thread/<35a5e97b-0973-486e-8de3-a91a5c35ad93@apache.org>,"Thanks all. I am happy that we are making progress to close this out.

As mentioned in my (long) email last Friday, I also think that the KIP 
makes a lot of implicit assumptions, and it might benefit from begin 
more explicit, even explaining things that are ""set in stone"" already, 
and the KIP does not change them (like API deprecation timelines and 
guarantees). But as Bruno said, it would help",0,2025-02-27,kafka,dev@kafka.apache.org,<35a5e97b-0973-486e-8de3-a91a5c35ad93@apache.org>,"""Matthias J. Sax"" <mjsax@apache.org>",2026-09-30T22:06:17.262874
APACHE_LISTS_REMINING,Apache Lists,compilation errors,Re: [DISCUSS] KIP-1124: Providing a clear Kafka Client upgrade path,https://lists.apache.org/thread/<CAD5tkZYf-ZgdhcxKGh_K-4YAr5JN-j-0u7WGttc6Peb1wNxoKg@mail.gmail.com>,"Hi Matthias,

Two quick comments:

1. Yes, please help edit the KIP directly. It's easy enough to revert if
Kuan disagrees.
2. Regarding client upgrades, the test in
https://github.com/apache/kafka/pull/18193/files is an example of test that
only starts from 2.1 (since we did not merge #18193).

Ismael

On Thu, Feb 27, 2025 at 11:36 PM Matthias J. Sax <mjsax@apache.org> wrote:

> Thanks all. I am ",0,2025-02-28,kafka,dev@kafka.apache.org,<CAD5tkZYf-ZgdhcxKGh_K-4YAr5JN-j-0u7WGttc6Peb1wNxoKg@mail.gmail.com>,Ismael Juma <me@ismaeljuma.com>,2026-09-30T22:06:17.262876
APACHE_LISTS_REMINING,Apache Lists,compilation errors,Re: [DISCUSS] KIP-1124: Providing a clear Kafka Client upgrade path,https://lists.apache.org/thread/<pony-aee21b52-949c-497c-a85d-04b13332406e-dev@kafka.apache.org>,"Hi Matthias,

Feel free to edit the KIP directly – I'm totally fine with it. Thanks a lot!

Best,
Kuan-Po Tseng

On 2025/02/28 07:35:10 ""Matthias J. Sax"" wrote:
> Thanks all. I am happy that we are making progress to close this out.
> 
> As mentioned in my (long) email last Friday, I also think that the KIP 
> makes a lot of implicit assumptions, and it might benefit from begin 
> more explicit, e",0,2025-02-28,kafka,dev@kafka.apache.org,<pony-aee21b52-949c-497c-a85d-04b13332406e-dev@kafka.apache.org>,Kuan Po Tseng <brandboat@apache.org>,2026-09-30T22:06:17.262878
APACHE_LISTS_REMINING,Apache Lists,compilation errors,Re: [DISCUSS] KIP-1124: Providing a clear Kafka Client upgrade path,https://lists.apache.org/thread/<0b98878f-38f0-4e4d-a677-cdf0b9bf6a27@apache.org>,"Thanks for pointing me to test Ismael. Glad to see I just missed it, and 
that we indeed have a test for it.


>> Feel free to edit the KIP directly – I'm totally fine with it. Thanks a lot!

Thanks Kuan-Po!

I did update the wiki page and added more details. I did follow Bruno's 
suggestion, to be a little bit more elaborate, as the KIP page is mainly 
for Kafka maintainers. -- We might want to d",0,2025-02-28,kafka,dev@kafka.apache.org,<0b98878f-38f0-4e4d-a677-cdf0b9bf6a27@apache.org>,"""Matthias J. Sax"" <mjsax@apache.org>",2026-09-30T22:06:17.262880
APACHE_LISTS_REMINING,Apache Lists,compilation errors,Re: [DISCUSS] KIP-1124: Providing a clear Kafka Client upgrade path,https://lists.apache.org/thread/<pony-2dc2cb4a-1fe5-409e-8b12-4e732775f08e-dev@kafka.apache.org>,"hi Matthias

thanks for your updates. it looks great and readable.

Regarding API compatibility, we state ""we only provide API backward compatibility for version 3.7, 3.8, and 3.9"" However, within Connect APIs, we have removed a public API that was deprecated by 3.7 [0][1]. 

Since this KIP will likely include Connect APIs, it's important to discuss this now. We could: 1) add extra descriptions to",0,2025-03-01,kafka,dev@kafka.apache.org,<pony-2dc2cb4a-1fe5-409e-8b12-4e732775f08e-dev@kafka.apache.org>,Chia-Ping Tsai <chia7712@apache.org>,2026-09-30T22:06:21.659354
APACHE_LISTS_REMINING,Apache Lists,compilation errors,Re: [DISCUSS] KIP-1124: Providing a clear Kafka Client upgrade path,https://lists.apache.org/thread/<CAD5tkZbeCBUP8etZTtGmgk0_of01HooNHnncYoyvUXF6gXt7DQ@mail.gmail.com>,"Hi Chia-Ping,

Is this Connect removal the only one that did not meet the stated
requirement?

We do indeed aim not to remove APIs deprecated within the last 12 months
before the next major release, but I'm not sure how strictly this is
followed (since it's not enforced).

If this Connect case is the only one that deviates from that rule, I would
recommended reverting it. But if there are many mor",0,2025-03-01,kafka,dev@kafka.apache.org,<CAD5tkZbeCBUP8etZTtGmgk0_of01HooNHnncYoyvUXF6gXt7DQ@mail.gmail.com>,Ismael Juma <me@ismaeljuma.com>,2026-09-30T22:06:21.659370
APACHE_LISTS_REMINING,Apache Lists,compilation errors,Re: [DISCUSS] KIP-1124: Providing a clear Kafka Client upgrade path,https://lists.apache.org/thread/<CAD5tkZY9cLDRkvxse5uS+Wbw7D9epKN0ChKm4X8hOBk1J0RztA@mail.gmail.com>,"One more thing, 3.7 was released in Feb 2024 and hence it will be more than
12 months by the time 4.0 is released. Technically, it would be ok to
remove APIs deprecated in 3.7.

Ismael

On Sat, Mar 1, 2025, 8:34 AM Ismael Juma <me@ismaeljuma.com> wrote:

> Hi Chia-Ping,
>
> Is this Connect removal the only one that did not meet the stated
> requirement?
>
> We do indeed aim not to remove APIs depr",0,2025-03-01,kafka,dev@kafka.apache.org,<CAD5tkZY9cLDRkvxse5uS+Wbw7D9epKN0ChKm4X8hOBk1J0RztA@mail.gmail.com>,Ismael Juma <me@ismaeljuma.com>,2026-09-30T22:06:21.659372
APACHE_LISTS_REMINING,Apache Lists,compilation errors,Re: [DISCUSS] KIP-1124: Providing a clear Kafka Client upgrade path,https://lists.apache.org/thread/<a0114b5d-1e7b-4fd6-9472-4ee4560597ba@apache.org>,"Don't have a strong opinion about the Connect case.

I guess the question is: why was it removed? Oversight (ie, accidentally 
too early) or deliberately? Also, what is the impact if we keep the API 
and revert the removal?

IMHO, the 3-releases-rule can have exceptions, if there are good reason 
for it. I just don't have enough context about the change to judge.



>> One more thing, 3.7 was rele",0,2025-03-01,kafka,dev@kafka.apache.org,<a0114b5d-1e7b-4fd6-9472-4ee4560597ba@apache.org>,"""Matthias J. Sax"" <mjsax@apache.org>",2026-09-30T22:06:21.659375
APACHE_LISTS_REMINING,Apache Lists,compilation errors,Re: [DISCUSS] KIP-1124: Providing a clear Kafka Client upgrade path,https://lists.apache.org/thread/<CAELjCs+SoUAfYhXedMrtt8o=NG15TSgxOd+m9pzHDXL7YpPwSQ@mail.gmail.com>,"hi

> If this Connect case is the only one that deviates from that rule, I would
recommended reverting it. But if there are many more cases, we may need to
look into them in more detail.

I briefly checked the commit history, and this is the only one that needs
to be highlighted. Fortunately, it is easy to revert.

> why was it removed? Oversight (ie, accidentally
too early) or deliberately?

deli",0,2025-03-02,kafka,dev@kafka.apache.org,<CAELjCs+SoUAfYhXedMrtt8o=NG15TSgxOd+m9pzHDXL7YpPwSQ@mail.gmail.com>,Chia-Ping Tsai <chia7712@gmail.com>,2026-09-30T22:06:21.659377
APACHE_LISTS_REMINING,Apache Lists,compilation errors,Re: [DISCUSS] KIP-1124: Providing a clear Kafka Client upgrade path,https://lists.apache.org/thread/<bc78b0ec-9356-4500-98f7-22e6e0c6bc6d@apache.org>,">> deliberately.

For this case, what was the reason that the 3-prior-release rule was 
ignored?


-Matthias

On 3/1/25 11:29 PM, Chia-Ping Tsai wrote:
> hi
> 
>> If this Connect case is the only one that deviates from that rule, I would
> recommended reverting it. But if there are many more cases, we may need to
> look into them in more detail.
> 
> I briefly checked the commit history, and this ",0,2025-03-02,kafka,dev@kafka.apache.org,<bc78b0ec-9356-4500-98f7-22e6e0c6bc6d@apache.org>,"""Matthias J. Sax"" <mjsax@apache.org>",2026-09-30T22:06:21.659379
APACHE_LISTS_REMINING,Apache Lists,compilation errors,Re: [DISCUSS] KIP-1124: Providing a clear Kafka Client upgrade path,https://lists.apache.org/thread/<CAELjCsJb379XhFfSouHs1cfJPA-6cDH0Y13aLx7VvB3Wzs9GsQ@mail.gmail.com>,"> For this case, what was the reason that the 3-prior-release rule was
ignored?

According to KIP-970 (
https://cwiki.apache.org/confluence/display/KAFKA/KIP-970%3A+Deprecate+and+remove+Connect%27s+redundant+task+configurations+endpoint),
it seems the main reason to avoid ""a bit of a maintenance burden to have
two different endpoints for the same purpose"".

Best,
Chia-Ping


Matthias J. Sax <mjsax",0,2025-03-03,kafka,dev@kafka.apache.org,<CAELjCsJb379XhFfSouHs1cfJPA-6cDH0Y13aLx7VvB3Wzs9GsQ@mail.gmail.com>,Chia-Ping Tsai <chia7712@gmail.com>,2026-09-30T22:06:21.659381
APACHE_LISTS_REMINING,Apache Lists,compilation errors,Re: [DISCUSS] KIP-1124: Providing a clear Kafka Client upgrade path,https://lists.apache.org/thread/<pony-b3329bcc-b069-4692-aba5-0aad34ddd632-dev@kafka.apache.org>,"hi Matthias,

I apologize, I used the wrong word in my previous response. The PR ""deliberately"" removed the public API, but it was an ""oversight"" that we weren't aware of the ""3 prior releases"" rule.[0]

To simplify the upgrade path, I suggest reverting this change in 4.x and creating a ticket to track its removal in 5.0..

[0] https://github.com/apache/kafka/pull/17412#issuecomment-2693221650

Be",0,2025-03-03,kafka,dev@kafka.apache.org,<pony-b3329bcc-b069-4692-aba5-0aad34ddd632-dev@kafka.apache.org>,Chia-Ping Tsai <chia7712@apache.org>,2026-09-30T22:06:21.659383
APACHE_LISTS_REMINING,Apache Lists,compilation errors,Re: [DISCUSS] KIP-1124: Providing a clear Kafka Client upgrade path,https://lists.apache.org/thread/<CAD5tkZaygAC2cC_=Nu0nt=JzMmF17PgQ+dnX60xZt-MhgZMFXQ@mail.gmail.com>,"Hmm, where is this 3 release rule documented? I don't recall it being
agreed as a project wide rule before. Do you have a reference?

Ismael

On Sat, Mar 1, 2025, 2:32 PM Matthias J. Sax <mjsax@apache.org> wrote:

> Don't have a strong opinion about the Connect case.
>
> I guess the question is: why was it removed? Oversight (ie, accidentally
> too early) or deliberately? Also, what is the impact ",0,2025-03-02,kafka,dev@kafka.apache.org,<CAD5tkZaygAC2cC_=Nu0nt=JzMmF17PgQ+dnX60xZt-MhgZMFXQ@mail.gmail.com>,Ismael Juma <me@ismaeljuma.com>,2026-09-30T22:06:21.659385
APACHE_LISTS_REMINING,Apache Lists,JNA,[jira] [Created] (KAFKA-19728) Disk space is not being freed,https://lists.apache.org/thread/<JIRA.13629528.1758507851000.94404.1758507900008@Atlassian.JIRA>,"Jianbin Chen created KAFKA-19728:
------------------------------------

             Summary: Disk space is not being freed
                 Key: KAFKA-19728
                 URL: https://issues.apache.org/jira/browse/KAFKA-19728
             Project: Kafka
          Issue Type: Wish
    Affects Versions: 3.9.1
            Reporter: Jianbin Chen


I found that the remoteFetch thread is holding the",0,2025-09-22,kafka,dev@kafka.apache.org,<JIRA.13629528.1758507851000.94404.1758507900008@Atlassian.JIRA>,"""Jianbin Chen (Jira)"" <jira@apache.org>",2026-09-30T22:06:45.496971
APACHE_LISTS_REMINING,Apache Lists,JVM crash,"Re: [EXT] Re: [DISCUSS] KIP-1225: Add Optional TTL Support to Kafka
 Streams State Stores",https://lists.apache.org/thread/<AMBPR09MB8155C70878EC72C93A50859184E0A@AMBPR09MB8155.eurprd09.prod.outlook.com>,"I agree, sole point summarizes to very basic point that KStreams is pure Java, so it can call a JNI bridge to access native RocksDB  compaction filter and shiping the native JNI code inside streams would be possible but very tricky and will surely add cross platform build complexity, extra maintenance, and risks JVM crashes if there are bugs.

Best,
Ankur
________________________________
From",0,2025-10-07,kafka,dev@kafka.apache.org,<AMBPR09MB8155C70878EC72C93A50859184E0A@AMBPR09MB8155.eurprd09.prod.outlook.com>,Ankur Sinha <ankur.sinha@michelin.com>,2026-09-30T22:06:49.892663
APACHE_LISTS_REMINING,Apache Lists,JVM crash,[jira] [Created] (KAFKA-20935) Kafka: lz4-java ( CVE-2026-59949 ),https://lists.apache.org/thread/<JIRA.13661899.1786705857000.6762.1786705860009@Atlassian.JIRA>,"Krishna Chidrawar created KAFKA-20935:
-----------------------------------------

             Summary: Kafka: lz4-java ( CVE-2026-59949 ) 
                 Key: KAFKA-20935
                 URL: https://issues.apache.org/jira/browse/KAFKA-20935
             Project: Kafka
          Issue Type: Bug
            Reporter: Krishna Chidrawar


*Aqua Description :* ### Summary

Insufficient validation ",0,2026-08-14,kafka,dev@kafka.apache.org,<JIRA.13661899.1786705857000.6762.1786705860009@Atlassian.JIRA>,"""Krishna Chidrawar (Jira)"" <jira@apache.org>",2026-09-30T22:07:31.067842
APACHE_LISTS_REMINING,Apache Lists,JVM crash,[jira] [Resolved] (KAFKA-20935) Kafka: lz4-java ( CVE-2026-59949 ),https://lists.apache.org/thread/<JIRA.13661899.1786705857000.6778.1786706400048@Atlassian.JIRA>,"
     [ https://issues.apache.org/jira/browse/KAFKA-20935?page=com.atlassian.jira.plugin.system.issuetabpanels:all-tabpanel ]

Mickael Maison resolved KAFKA-20935.
------------------------------------
    Resolution: Duplicate

CVE-2026-59949 is fixed in lz-java 1.11.1: https://github.com/advisories/GHSA-xx22-p4ch-683r

> Kafka: lz4-java ( CVE-2026-59949 ) 
> -----------------------------------
>
",0,2026-08-14,kafka,dev@kafka.apache.org,<JIRA.13661899.1786705857000.6778.1786706400048@Atlassian.JIRA>,"""Mickael Maison (Jira)"" <jira@apache.org>",2026-09-30T22:07:31.067859
APACHE_LISTS_REMINING,Apache Lists,JNA,"[jira] [Created] (KAFKA-21040) Upgrade testcontainers to 2.x so
 ClientAssertionKeycloakIntegrationTest can run against Docker 29+",https://lists.apache.org/thread/<JIRA.13665114.1788624554000.51458.1788624600016@Atlassian.JIRA>,"Chia-Ping Tsai created KAFKA-21040:
--------------------------------------

             Summary: Upgrade testcontainers to 2.x so ClientAssertionKeycloakIntegrationTest can run against Docker 29+
                 Key: KAFKA-21040
                 URL: https://issues.apache.org/jira/browse/KAFKA-21040
             Project: Kafka
          Issue Type: Improvement
            Reporter: Chia-Ping Tsa",0,2026-09-05,kafka,dev@kafka.apache.org,<JIRA.13665114.1788624554000.51458.1788624600016@Atlassian.JIRA>,"""Chia-Ping Tsai (Jira)"" <jira@apache.org>",2026-09-30T22:07:34.289140
APACHE_LISTS_REMINING,Apache Lists,JNA,"[jira] [Resolved] (KAFKA-21040) Upgrade testcontainers to 2.x so
 ClientAssertionKeycloakIntegrationTest can run against Docker 29+",https://lists.apache.org/thread/<JIRA.13665114.1788624554000.53763.1788782340051@Atlassian.JIRA>,"
     [ https://issues.apache.org/jira/browse/KAFKA-21040?page=com.atlassian.jira.plugin.system.issuetabpanels:all-tabpanel ]

Chia-Ping Tsai resolved KAFKA-21040.
------------------------------------
    Fix Version/s: 4.5.0
       Resolution: Fixed

> Upgrade testcontainers to 2.x so ClientAssertionKeycloakIntegrationTest can run against Docker 29+
> ---------------------------------------------",0,2026-09-07,kafka,dev@kafka.apache.org,<JIRA.13665114.1788624554000.53763.1788782340051@Atlassian.JIRA>,"""Chia-Ping Tsai (Jira)"" <jira@apache.org>",2026-09-30T22:07:34.289154
APACHE_LISTS_REMINING,Apache Lists,JNA,Mirrormaker stops consuming,"https://lists.apache.org/thread/
 <CAK7fnCqsv0X06JrU8YK=ne-Y=tgQQmoQj77RRZ8HkOEfbzDf4w@mail.gmail.com>","We recently upgraded to kafka 0.8.2.1 and found issues with mirrormaker
that randomly stops consuming. We had to restart the mirrormaker process to
resolve the problem. This problem has occurred several times in past two
weeks.

Here is what I found in analysis:

When this problem happens:

Mirrormaker log stopped rolling (ie nothing in logs) . Last couple of
messages in mirrormaker log are Produc",0,2015-05-22,kafka,users@kafka.apache.org,"
 <CAK7fnCqsv0X06JrU8YK=ne-Y=tgQQmoQj77RRZ8HkOEfbzDf4w@mail.gmail.com>",Rajasekar Elango <relango@salesforce.com>,2026-09-30T22:07:55.528299
APACHE_LISTS_REMINING,Apache Lists,JNA,Re: Mirrormaker stops consuming,https://lists.apache.org/thread/<20150522161247.GH24404@jkoshy-ld1.linkedin.biz>,"The threaddump suggests that one of the producers
(mirrormaker-producer-6) is blocked on write for some reason. So the
data-channel for that producer (which sits between the consumers and
the producer) is full which blocks the consumers from progressing.

This appears to be in your (custom) SSLSocketChannel code. If you take
consecutive threaddumps I'm guessing you would see the same trace. If
thi",0,2015-05-22,kafka,users@kafka.apache.org,<20150522161247.GH24404@jkoshy-ld1.linkedin.biz>,Joel Koshy <jjkoshy.w@gmail.com>,2026-09-30T22:07:55.528313
APACHE_LISTS_REMINING,Apache Lists,JNA,Re: Mirrormaker stops consuming,"https://lists.apache.org/thread/
 <CAEhFmJ0W-3nujwTKArWSpOZ1x+-AmQ_ZRBTUEurou8m8s2dRVA@mail.gmail.com>","It is possible that the message produced rate is slower than the consumed
message rate which results in insufficient space left for the internal data
channel mirror maker uses to buffer the data from consumer to producer. You
can check histogram MirrorMaker-DataChannel-Size to see if any space left.

On Fri, May 22, 2015 at 11:35 PM, Rajasekar Elango <relango@salesforce.com>
wrote:

> We recently ",0,2015-05-23,kafka,users@kafka.apache.org,"
 <CAEhFmJ0W-3nujwTKArWSpOZ1x+-AmQ_ZRBTUEurou8m8s2dRVA@mail.gmail.com>",tao xiao <xiaotao183@gmail.com>,2026-09-30T22:07:55.528314
APACHE_LISTS_REMINING,Apache Lists,JNA,Re: Mirrormaker stops consuming,"https://lists.apache.org/thread/
 <CAK7fnCorERCWVCBgp9Q5aqFbi-fPhbqOBeF8cTqRhBSybS_cGQ@mail.gmail.com>","Thanks for pointers Joel. Will look into SSLSocketChannel. Yes this was
working fine before upgrade.

If its just one producer thread stuck on write, it might affect only one
consumer thread/partition. But we found consuming stopped for all
topic/partitions. Or Is it only single  data channel shared between all
producer and consumer threads..?

Thanks,
Raja.


On Fri, May 22, 2015 at 12:12 PM, Joe",0,2015-05-22,kafka,users@kafka.apache.org,"
 <CAK7fnCorERCWVCBgp9Q5aqFbi-fPhbqOBeF8cTqRhBSybS_cGQ@mail.gmail.com>",Rajasekar Elango <relango@salesforce.com>,2026-09-30T22:07:55.528316
APACHE_LISTS_REMINING,Apache Lists,JNA,Re: Mirrormaker stops consuming,https://lists.apache.org/thread/<20150522164027.GI24404@jkoshy-ld1.linkedin.biz>,"The issue is that multiple consumers feed into all the data channels.
So they will all eventually block if any data channel becomes full.
The mirror maker on trunk is significantly different so this is not an
issue on trunk.

On Fri, May 22, 2015 at 12:37:01PM -0400, Rajasekar Elango wrote:
> Thanks for pointers Joel. Will look into SSLSocketChannel. Yes this was
> working fine before upgrade.
> 
",0,2015-05-22,kafka,users@kafka.apache.org,<20150522164027.GI24404@jkoshy-ld1.linkedin.biz>,Joel Koshy <jjkoshy.w@gmail.com>,2026-09-30T22:07:55.528318
APACHE_LISTS_REMINING,Apache Lists,javah,"Re: wow--kafka--why? unresolved dependency:
 com.eed3si9n#sbt-assembly;0.8.8:
 not found","https://lists.apache.org/thread/
 <CACF+8rpUd=dAj5dh6P6CaPZz7r9FCGT4GG4gvPhXWKAzSdNqQQ@mail.gmail.com>","Thanks

Now I get the below error  I am on ubuntu 14.04.


sudo add-apt-repository ppa:cwchien/gradle
sudo apt-get update
sudo apt-get install --upgrade gradle
git clone https://github.com/apache/kafka.git
cd kafka
git checkout -b 0.8.2.1
gradle --debug




04:32:54.478 [DEBUG]
[org.apache.http.impl.conn.PoolingClientConnectionManager] Connection
released: [id: 0][route: {s}->https://repo1.maven.o",0,2015-07-24,kafka,users@kafka.apache.org,"
 <CACF+8rpUd=dAj5dh6P6CaPZz7r9FCGT4GG4gvPhXWKAzSdNqQQ@mail.gmail.com>",David Montgomery <davidmontgomery@gmail.com>,2026-09-30T22:08:01.715686
APACHE_LISTS_REMINING,Apache Lists,"javah, JNA","Re: wow--kafka--why? unresolved dependency:
 com.eed3si9n#sbt-assembly;0.8.8:
 not found","https://lists.apache.org/thread/
 <CAE1jLMN_8axPkE6eoNgf1aWzHk8isX7EZPrRjqVCnDgQv0M1Zw@mail.gmail.com>","I think you're just having connectivity issues with Maven Central. I just
ran your exact set of commands in a VM and the final gradle command
(without --debug) ran fine and you can see it downloaded the file you had
trouble with (
https://repo1.maven.org/maven2/org/eclipse/jgit/org.eclipse.jgit/3.3.0.201403021825-r/org.eclipse.jgit-3.3.0.201403021825-r.jar).
A subsequent ./gradlew jar worked fine ",0,2015-07-23,kafka,users@kafka.apache.org,"
 <CAE1jLMN_8axPkE6eoNgf1aWzHk8isX7EZPrRjqVCnDgQv0M1Zw@mail.gmail.com>",Ewen Cheslack-Postava <ewen@confluent.io>,2026-09-30T22:08:01.715702
APACHE_LISTS_REMINING,Apache Lists,JVM crash,Number of kafka topics/partitions supported per cluster of n nodes,"https://lists.apache.org/thread/
 <CANXk_5=w=QUdUa45sbDG_ADjS9JkfnW9BxKUdHhCVnW6SvAceA@mail.gmail.com>","Hi,

I'm looking forward to a benchmark which can explain how many total number
of topics and partitions can be created in a cluster of n nodes, given the
message size varies between x and y bytes and how does it vary with varying
heap sizes and how it affects the system performance.

e.g. the result should look like: t topics with p partitions each can be
supported in a cluster of n nodes with a ",0,2015-07-28,kafka,users@kafka.apache.org,"
 <CANXk_5=w=QUdUa45sbDG_ADjS9JkfnW9BxKUdHhCVnW6SvAceA@mail.gmail.com>",Prabhjot Bharaj <prabhbharaj@gmail.com>,2026-09-30T22:08:01.715704
APACHE_LISTS_REMINING,Apache Lists,JVM crash,"Re: Number of kafka topics/partitions supported per cluster of n
 nodes","https://lists.apache.org/thread/
 <CAO8VPaXke70_6WL84uUDe54z6MUthXU9ZX66tc0-1G-RxBJsyg@mail.gmail.com>","I think these would definitely be useful statistics to have and I've tried
to do similar tests! The biggest difference is probably going to be the
hardware specs on whatever cluster you decide to run it on. Maybe
benchmarks performed on different AWS servers would be helpful too, but I'd
like to see these!

On Mon, Jul 27, 2015 at 10:51 PM, Prabhjot Bharaj <prabhbharaj@gmail.com>
wrote:

> Hi,
>
>",0,2015-07-28,kafka,users@kafka.apache.org,"
 <CAO8VPaXke70_6WL84uUDe54z6MUthXU9ZX66tc0-1G-RxBJsyg@mail.gmail.com>",JIEFU GONG <jgong@berkeley.edu>,2026-09-30T22:08:01.715706
APACHE_LISTS_REMINING,Apache Lists,JVM crash,"Re: Number of kafka topics/partitions supported per cluster of n
 nodes","https://lists.apache.org/thread/
 <CANXk_5=-Mg8W23tqUsHqSEd+srYvXYuwpQdwRPVd0uXk-q74+Q@mail.gmail.com>","I would be using the servers available at my place of work. I dont have
access to AWS servers. I would starting off with a small number of nodes in
the cluster and then plot a graph with x-axis as the number of servers in
the cluster and y-axis as the number of topics with partitions, before the
cluster gives up.

I need 1 help here: What parameters should I keep in mind for tuning the
JVM, if I h",0,2015-07-28,kafka,users@kafka.apache.org,"
 <CANXk_5=-Mg8W23tqUsHqSEd+srYvXYuwpQdwRPVd0uXk-q74+Q@mail.gmail.com>",Prabhjot Bharaj <prabhbharaj@gmail.com>,2026-09-30T22:08:01.715708
APACHE_LISTS_REMINING,Apache Lists,JVM crash,"Re: Number of kafka topics/partitions supported per cluster of n
 nodes","https://lists.apache.org/thread/
 <CANXk_5=E+T57ZUmLVmXpd0S155D+cnVf+VdSkCgHi6uPCFvLdA@mail.gmail.com>","@Jiefu Gong,

Are the results of your tests available publicly?

Regards,
Prabhjot

On Tue, Jul 28, 2015 at 10:35 PM, Prabhjot Bharaj <prabhbharaj@gmail.com>
wrote:

> I would be using the servers available at my place of work. I dont have
> access to AWS servers. I would starting off with a small number of nodes in
> the cluster and then plot a graph with x-axis as the number of servers in
> the ",0,2015-07-28,kafka,users@kafka.apache.org,"
 <CANXk_5=E+T57ZUmLVmXpd0S155D+cnVf+VdSkCgHi6uPCFvLdA@mail.gmail.com>",Prabhjot Bharaj <prabhbharaj@gmail.com>,2026-09-30T22:08:01.715710
APACHE_LISTS_REMINING,Apache Lists,compilation errors,New Consumer API + Reactive Kafka,https://lists.apache.org/thread/<etPan.565f03ce.1190cde7.151@Krzysztofs-MacBook-Pro-2.local>,"Hello,

I’m the main maintainer of Reactive Kafka - a wrapper library that provides Kafka API as Reactive Streams (https://github.com/softwaremill/reactive-kafka).
I’m a bit concerned about switching to Kafka 0.9 because of the new Consumer API which doesn’t seem to fit well into this paradigm, comparing to the old one. My main concerns are:

1. Our current code uses the KafkaIterator and reads me",0,2015-12-02,kafka,users@kafka.apache.org,<etPan.565f03ce.1190cde7.151@Krzysztofs-MacBook-Pro-2.local>,Krzysztof Ciesielski <krzysztof.ciesielski@softwaremill.pl>,2026-09-30T22:08:17.314918
APACHE_LISTS_REMINING,Apache Lists,compilation errors,Re: New Consumer API + Reactive Kafka,"https://lists.apache.org/thread/
 <CAA9QSJJh4jjHoVkbkmXy85n_t0O4jc=o=S=tdLGwe6v-8kxAfg@mail.gmail.com>","On Wed, Dec 2, 2015 at 10:44 PM, Krzysztof Ciesielski <
krzysztof.ciesielski@softwaremill.pl> wrote:

> Hello,
>
> I’m the main maintainer of Reactive Kafka - a wrapper library that
> provides Kafka API as Reactive Streams (
> https://github.com/softwaremill/reactive-kafka).
> I’m a bit concerned about switching to Kafka 0.9 because of the new
> Consumer API which doesn’t seem to fit well into thi",0,2015-12-02,kafka,users@kafka.apache.org,"
 <CAA9QSJJh4jjHoVkbkmXy85n_t0O4jc=o=S=tdLGwe6v-8kxAfg@mail.gmail.com>",Gwen Shapira <gwen@confluent.io>,2026-09-30T22:08:17.314930
APACHE_LISTS_REMINING,Apache Lists,compilation errors,Re: New Consumer API + Reactive Kafka,"https://lists.apache.org/thread/
 <CAOeJiJi3fnWL9ADfk_qSuNse4cyRTb+zw2vjUB7YJPto1Dcj-Q@mail.gmail.com>","It's worth noting that both the old and new consumer are identical in the
number of records fetched at once and this is bounded by the fetch size and
the number of partitions you subscribe to. The old consumer held these in
memory internally and waited for you to ask for them, the new consumer
immediately gives you what it has. Overall, though, the new consumer gives
much better control over what ",0,2015-12-02,kafka,users@kafka.apache.org,"
 <CAOeJiJi3fnWL9ADfk_qSuNse4cyRTb+zw2vjUB7YJPto1Dcj-Q@mail.gmail.com>",Jay Kreps <jay@confluent.io>,2026-09-30T22:08:17.314932
APACHE_LISTS_REMINING,Apache Lists,compilation errors,Re: New Consumer API + Reactive Kafka,https://lists.apache.org/thread/<etPan.565f2341.41a7c4c9.151@Krzysztofs-MacBook-Pro-2.local>,"I see, that’s actually a very important point, thanks Jay.
I think that we are very optimistic about updating Reactive Kafka now after getting all these details :)
I have one more question: in the new client we only have to call commitSync(offsets). This is a ‘void’ method so I suspect that it commits atomically?
In our current native committer, we have quite a lot of additional code for retries, ",0,2015-12-02,kafka,users@kafka.apache.org,<etPan.565f2341.41a7c4c9.151@Krzysztofs-MacBook-Pro-2.local>,Krzysztof Ciesielski <krzysztof.ciesielski@softwaremill.pl>,2026-09-30T22:08:17.314934
APACHE_LISTS_REMINING,Apache Lists,compilation errors,Re: New Consumer API + Reactive Kafka,"https://lists.apache.org/thread/
 <CAHwHRrWafEAQ8O4-E8UogNitQ7rLoULPPFiZBqLx56M0BWH0eg@mail.gmail.com>","In the new API commitSync() handles retires and reconnecting, and will only
throw an exception if it encounters a non-retriable error (e.g. it is been
told that the partitions it wants to commit no longer belongs to itself) or
a timeout has elapsed. You can find possible exceptions thrown from this
function here (for function commitSync):

http://kafka.apache.org/090/javadoc/index.html?org/apache/",0,2015-12-02,kafka,users@kafka.apache.org,"
 <CAHwHRrWafEAQ8O4-E8UogNitQ7rLoULPPFiZBqLx56M0BWH0eg@mail.gmail.com>",Guozhang Wang <wangguoz@gmail.com>,2026-09-30T22:08:17.314936
APACHE_LISTS_REMINING,Apache Lists,JVM crash,Re: [DISCUSS] Java 8 as a minimum requirement,https://lists.apache.org/thread/<CD644DE9-FFDE-4457-AA4D-D7273A391138@wooga.net>,"
Hi Ismael,

Unfortunately Java 8 doesn't play nice with FreeBSD. We have seen a lot of JVM crashes running our 0.9 brokers on Java 8... Java 7 on the other hand is totally stable. 

Until these issues have been addressed, this would cause some serious issues for us.

Regards 

Jan",0,2016-06-17,kafka,users@kafka.apache.org,<CD644DE9-FFDE-4457-AA4D-D7273A391138@wooga.net>,jan.omar@wooga.net,2026-09-30T22:08:42.362091
APACHE_LISTS_REMINING,Apache Lists,JVM crash,Re: [DISCUSS] Java 8 as a minimum requirement,https://lists.apache.org/thread/<CAD5tkZbfJtEtuC9XOPKRKGf=mOBDXGYb8fJjO3PmwFKBX4ZCuw@mail.gmail.com>,"Hi Jan,

That's interesting. Do you have some references you can share on this? It
would be good to know which Java 8 versions have been tested and whether it
is something that is being worked on.

Ismael

On Fri, Jun 17, 2016 at 12:02 AM, <jan.omar@wooga.net> wrote:

>
> Hi Ismael,
>
> Unfortunately Java 8 doesn't play nice with FreeBSD. We have seen a lot of
> JVM crashes running our 0.9 brokers",0,2016-06-17,kafka,users@kafka.apache.org,<CAD5tkZbfJtEtuC9XOPKRKGf=mOBDXGYb8fJjO3PmwFKBX4ZCuw@mail.gmail.com>,Ismael Juma <ismael@juma.me.uk>,2026-09-30T22:08:42.362106
APACHE_LISTS_REMINING,Apache Lists,JVM crash,Re: [DISCUSS] Java 8 as a minimum requirement,https://lists.apache.org/thread/<1466117292.84041.640132505.5C51BDA1@webmail.messagingengine.com>,"-1 on removing suport 0.10.1.0 . This is minor release and removing
support JDK 1.7 which lot of users still depend on not a good idea and
definitely they are not getting enough heads up to migrate their other
services to JDK1.7. 
We can consider this for 0.11.0 release time line again depends on the
dates .

Thanks,
Harsha

On Thu, Jun 16, 2016, at 03:08 PM, Ismael Juma wrote:
> Hi Jan,
> 
> That",0,2016-06-16,kafka,users@kafka.apache.org,<1466117292.84041.640132505.5C51BDA1@webmail.messagingengine.com>,Harsha <kafka@harsha.io>,2026-09-30T22:08:42.362108
APACHE_LISTS_REMINING,Apache Lists,JVM crash,Re: [DISCUSS] Java 8 as a minimum requirement,https://lists.apache.org/thread/<CAD5tkZa9vkEmObFLxsoSPgtZpVL5k-H3QKS+RKLUd4BnGm2puw@mail.gmail.com>,"Hi Harsha,

Are you saying that you are aware of many Kafka users still using Java 7
who would be ready to upgrade to the next Kafka feature release (whatever
that version number is) before they can upgrade to Java 8?

The 0.10.1 versus 0.11.0.0 is something that can be discussed separately as
no decision has been made on what the next version will be (we did go
straight from 0.9.0 to 0.10.0 where",0,2016-06-17,kafka,users@kafka.apache.org,<CAD5tkZa9vkEmObFLxsoSPgtZpVL5k-H3QKS+RKLUd4BnGm2puw@mail.gmail.com>,Ismael Juma <ismael@juma.me.uk>,2026-09-30T22:08:42.362111
APACHE_LISTS_REMINING,Apache Lists,JVM crash,Re: [DISCUSS] Java 8 as a minimum requirement,https://lists.apache.org/thread/<CAHXdrokgE4jhZacqMQqZ1ufP2HGKh+O9WQcv7d5GWwT_--hWig@mail.gmail.com>,"+1 to Java8 - we have already moved to Java8 last year.

On Fri, Jun 17, 2016 at 12:48 PM, Ismael Juma <ismael@juma.me.uk> wrote:

> Hi Harsha,
>
> Are you saying that you are aware of many Kafka users still using Java 7
> who would be ready to upgrade to the next Kafka feature release (whatever
> that version number is) before they can upgrade to Java 8?
>
> The 0.10.1 versus 0.11.0.0 is somethin",0,2016-06-17,kafka,users@kafka.apache.org,<CAHXdrokgE4jhZacqMQqZ1ufP2HGKh+O9WQcv7d5GWwT_--hWig@mail.gmail.com>,Achanta Vamsi Subhash <achanta.vamsi@flipkart.com>,2026-09-30T22:08:42.362113
APACHE_LISTS_REMINING,Apache Lists,JVM crash,Re: [DISCUSS] Java 8 as a minimum requirement,https://lists.apache.org/thread/<CAAUywg_gkBRmUP-bxfk4LSfmWefzn0+f7M1Wz8oaEMGPA5V+nw@mail.gmail.com>,"+1 on Java 8 already, Scala 2.11 is enough as well

On Fri, Jun 17, 2016 at 9:48 AM, Achanta Vamsi Subhash <
achanta.vamsi@flipkart.com> wrote:

> +1 to Java8 - we have already moved to Java8 last year.
>
> On Fri, Jun 17, 2016 at 12:48 PM, Ismael Juma <ismael@juma.me.uk> wrote:
>
> > Hi Harsha,
> >
> > Are you saying that you are aware of many Kafka users still using Java 7
> > who would be ready",0,2016-06-17,kafka,users@kafka.apache.org,<CAAUywg_gkBRmUP-bxfk4LSfmWefzn0+f7M1Wz8oaEMGPA5V+nw@mail.gmail.com>,Stevo Slavić  <sslavic@gmail.com>,2026-09-30T22:08:42.362115
APACHE_LISTS_REMINING,Apache Lists,JVM crash,Re: [DISCUSS] Java 8 as a minimum requirement,https://lists.apache.org/thread/<CAPbAcg5Dcz2ZNQ-+3ZSUYMCKrfBDOARiXzSt5cB6gsA7ir-xXw@mail.gmail.com>,"That would be very doubtful imho. It is much more adventurous to go latest
Kafka release than to go JDK 8.
On 17 Jun 2016 3:19 a.m., ""Ismael Juma"" <ismael@juma.me.uk> wrote:

> Hi Harsha,
>
> Are you saying that you are aware of many Kafka users still using Java 7
> who would be ready to upgrade to the next Kafka feature release (whatever
> that version number is) before they can upgrade to Java 8",0,2016-06-17,kafka,users@kafka.apache.org,<CAPbAcg5Dcz2ZNQ-+3ZSUYMCKrfBDOARiXzSt5cB6gsA7ir-xXw@mail.gmail.com>,Philippe Derome <phderome@gmail.com>,2026-09-30T22:08:42.362117
APACHE_LISTS_REMINING,Apache Lists,JVM crash,Re: [DISCUSS] Java 8 as a minimum requirement,https://lists.apache.org/thread/<1466185713.1201749.640882585.6569E259@webmail.messagingengine.com>,"Hi Ismael,
        ""Are you saying that you are aware of many Kafka users still
        using Java 7
> who would be ready to upgrade to the next Kafka feature release (whatever
> that version number is) before they can upgrade to Java 8?""
I know there quite few users who are still on java 7 and regarding the
upgrade we can't say Yes or no.  Its upto the user discretion when they
choose to upgrade ",0,2016-06-17,kafka,users@kafka.apache.org,<1466185713.1201749.640882585.6569E259@webmail.messagingengine.com>,Harsha <kafka@harsha.io>,2026-09-30T22:08:42.362119
APACHE_LISTS_REMINING,Apache Lists,JVM crash,Re: broker randomly shuts down,https://lists.apache.org/thread/<CAPXNJrXaNppNsX4adPtyWv+r3RkwSdUizmkNMMKDBZWKXi+29g@mail.gmail.com>,"Perhaps it's a JVM crash? You might not see anything in the standard
application-level logs, you'd need to look for the stderr.

On Thu, Jun 30, 2016 at 5:07 PM allen chan <allen.michael.chan@gmail.com>
wrote:

> Anyone else have ideas?
>
> This is still happening. I moved off zookeeper from the server to its own
> dedicated VMs.
> Kakfa starts with 4G of heap and gets nowhere near that much consu",0,2016-07-01,kafka,users@kafka.apache.org,<CAPXNJrXaNppNsX4adPtyWv+r3RkwSdUizmkNMMKDBZWKXi+29g@mail.gmail.com>,Shikhar Bhushan <shikhar@confluent.io>,2026-09-30T22:08:46.313117
APACHE_LISTS_REMINING,Apache Lists,JVM crash,Re: broker randomly shuts down,https://lists.apache.org/thread/<CAPTHB+C3HoC1zGgABoefFA2VrS65BU+2-mShq=V-Xdx6QnjM3Q@mail.gmail.com>,"Hi Shikhar,
I do not see stderr log file anywhere. Can you point me to where kafka
would write such a file?

On Thu, Jun 30, 2016 at 5:10 PM, Shikhar Bhushan <shikhar@confluent.io>
wrote:

> Perhaps it's a JVM crash? You might not see anything in the standard
> application-level logs, you'd need to look for the stderr.
>
> On Thu, Jun 30, 2016 at 5:07 PM allen chan <allen.michael.chan@gmail.com>
>",0,2016-06-30,kafka,users@kafka.apache.org,<CAPTHB+C3HoC1zGgABoefFA2VrS65BU+2-mShq=V-Xdx6QnjM3Q@mail.gmail.com>,allen chan <allen.michael.chan@gmail.com>,2026-09-30T22:08:46.313130
APACHE_LISTS_REMINING,Apache Lists,JVM crash,Re: broker randomly shuts down,https://lists.apache.org/thread/<CAPXNJrX3EM4pvkUajd0+BkkroA+6yJhrC=is1wK9Os_MWHXrWQ@mail.gmail.com>,"This is somewhat specific to your runtime environment, you can check out
whatever script is getting used for bringing up Kafka, and where the stderr
of the java command is being redirected (hopefully not /dev/null!).

On Thu, Jun 30, 2016 at 5:24 PM allen chan <allen.michael.chan@gmail.com>
wrote:

> Hi Shikhar,
> I do not see stderr log file anywhere. Can you point me to where kafka
> would write",0,2016-07-01,kafka,users@kafka.apache.org,<CAPXNJrX3EM4pvkUajd0+BkkroA+6yJhrC=is1wK9Os_MWHXrWQ@mail.gmail.com>,Shikhar Bhushan <shikhar@confluent.io>,2026-09-30T22:08:46.313132
APACHE_LISTS_REMINING,Apache Lists,JVM crash,Re: [DISCUSS] Java 8 as a minimum requirement,https://lists.apache.org/thread/<20160711202624.GH47941@pop.rubicorp.com>,"On Fri, Jun 17, 2016 at 12:02:17AM +0200, jan.omar@wooga.net wrote:
> 
> Hi Ismael,
> 
> Unfortunately Java 8 doesn't play nice with FreeBSD. We have seen a lot of JVM crashes running our 0.9 brokers on Java 8... Java 7 on the other hand is totally stable. 
> 
> Until these issues have been addressed, this would cause some serious issues for us.
> 
I can second this on the FreeBSD front.

-pete


",0,2016-07-11,kafka,users@kafka.apache.org,<20160711202624.GH47941@pop.rubicorp.com>,Pete Wright <pwright@rubiconproject.com>,2026-09-30T22:08:46.313134
APACHE_LISTS_REMINING,Apache Lists,javah,Re: Kafka Streams on Windows?,https://lists.apache.org/thread/<CAHoiPjweo-xSj3TiodcDVf4wNnnJ8u6PcwWDPF7LT5ps+xQ3eA@mail.gmail.com>,"I took that approach.  It was painful, but, ultimately did get me a working
Windows development environment.

To any who follow in my footsteps, here is my trail:

   1. Upgrade to at least Kafka Streams 0.10.0.1 (currently only in RC).
      - This is necessary because .1 bumps the rocksdb dependency to 4.8.0,
      where the previous 4.4 dependency did not yet support loading a
Windows JNI
     ",0,2016-08-05,kafka,users@kafka.apache.org,<CAHoiPjweo-xSj3TiodcDVf4wNnnJ8u6PcwWDPF7LT5ps+xQ3eA@mail.gmail.com>,Mathieu Fenniak <mathieu.fenniak@replicon.com>,2026-09-30T22:08:56.039635
APACHE_LISTS_REMINING,Apache Lists,javah,Re: Kafka Streams on Windows?,https://lists.apache.org/thread/<CAJikTEXmn2UxkoKc0P4JsXqqwcNeP3pFfm2j5=eZH9pdgQaOvA@mail.gmail.com>,"Thanks for providing the instructions - appreciated.

On Fri, 5 Aug 2016 at 14:10 Mathieu Fenniak <mathieu.fenniak@replicon.com>
wrote:

> I took that approach.  It was painful, but, ultimately did get me a working
> Windows development environment.
>
> To any who follow in my footsteps, here is my trail:
>
>    1. Upgrade to at least Kafka Streams 0.10.0.1 (currently only in RC).
>       - This i",0,2016-08-05,kafka,users@kafka.apache.org,<CAJikTEXmn2UxkoKc0P4JsXqqwcNeP3pFfm2j5=eZH9pdgQaOvA@mail.gmail.com>,Damian Guy <damian.guy@gmail.com>,2026-09-30T22:08:56.039648
APACHE_LISTS_REMINING,Apache Lists,javah,Re: Kafka Streams on Windows?,https://lists.apache.org/thread/<CAA4zQxLrwNJG3EK1mFZO5gdONtUyYe4OsCdD5cR8oL3x6M5u5A@mail.gmail.com>,"Thanks a lot for investing and also for sharing back your findings, Mathieu!

-Michael


On Fri, Aug 5, 2016 at 3:10 PM, Mathieu Fenniak <
mathieu.fenniak@replicon.com> wrote:

> I took that approach.  It was painful, but, ultimately did get me a working
> Windows development environment.
>
> To any who follow in my footsteps, here is my trail:
>
>    1. Upgrade to at least Kafka Streams 0.10.0.1 ",0,2016-08-05,kafka,users@kafka.apache.org,<CAA4zQxLrwNJG3EK1mFZO5gdONtUyYe4OsCdD5cR8oL3x6M5u5A@mail.gmail.com>,Michael Noll <michael@confluent.io>,2026-09-30T22:08:56.039650
APACHE_LISTS_REMINING,Apache Lists,JVM crash,Re: why did Kafka choose pull instead of push for a consumer ?,https://lists.apache.org/thread/<20cdacd1-bf58-9db4-ac7b-cf8a8a7b76b1@mixmax.com>,"@Gerard
Here are my initial benchmarks
Producer on Machine 1 (m4.xlarge on AWS)Broker on Machine 2 (m4.xlarge on AWS)
Consumer on Machine 3 (m4.xlarge on AWS)
Data size 1.2KB
Receive throughtput: ~24K
Kafka Receive throughput ~58K (same exact configuration)
All the benchmarks I ran are with default options So what pulsar guys are saying
is that Kafka doesn't persist every message by default instea",0,2016-09-23,kafka,users@kafka.apache.org,<20cdacd1-bf58-9db4-ac7b-cf8a8a7b76b1@mixmax.com>,kant kodali <kanth909@gmail.com>,2026-09-30T22:08:59.468919
APACHE_LISTS_REMINING,Apache Lists,JVM crash,RE: why did Kafka choose pull instead of push for a consumer ?,https://lists.apache.org/thread/<add3ad203d3942258660060877934e83@MCM-EXDAG01.surescripts.local>,"Kafka writes each message but the OS is writing those to in memory disk cache.  Kafka periodically calls fsync() to tell the OS to force the disk cache to actual disk.  Kafka gets high availability by replicating messages to other brokers so that the messages are in-memory on several machines at once.  If all the replicas fail around the same time you could lose data.

-Dave

-----Original Mes",0,2016-09-23,kafka,users@kafka.apache.org,<add3ad203d3942258660060877934e83@MCM-EXDAG01.surescripts.local>,"""Tauzell, Dave"" <Dave.Tauzell@surescripts.com>",2026-09-30T22:08:59.468933
APACHE_LISTS_REMINING,Apache Lists,"JNA, JVM crash",JVM crash when closing persistent store (rocksDB),https://lists.apache.org/thread/<CANToE-O=cRSkZuOZmz5dMPiQ02f9Vv=kRTeUv44QHhRXrzRExg@mail.gmail.com>,"Hi,

I have a simple test where I create a topology builder with one topic, one
processor using a persistent store, then I create a kafka streams, start
it, wait a bit, then close. Each time, the jvm crashes (seg fault) when
flushing the data. Anyone has already met this kind of problem ?

OS:
Ubuntu 16.04

JVM:
openjdk version ""1.8.0_91""
OpenJDK Runtime Environment (build 1.8.0_91-8u91-b14-3ubunt",0,2016-10-11,kafka,users@kafka.apache.org,<CANToE-O=cRSkZuOZmz5dMPiQ02f9Vv=kRTeUv44QHhRXrzRExg@mail.gmail.com>,Pierre Coquentin <pierre.coquentin@gmail.com>,2026-09-30T22:09:03.661684
APACHE_LISTS_REMINING,Apache Lists,"JNA, JVM crash",Re: JVM crash when closing persistent store (rocksDB),https://lists.apache.org/thread/<FFB1EC25-B266-4DB1-B982-6D76C5E10ED9@gmail.com>,"Hi Pierre,

I tried the exact code on MacOs and am not getting any errors. Could you check if all the directories in /tmp where Kafka Streams writes the RocksDb files are empty? I'm wondering if there is some bad state left over. 

Finally looks like you are running 0.10.0, could you try running trunk to see if the problem still exists? I'm running trunk. I know there were a couple of RocksDb fixe",0,2016-10-11,kafka,users@kafka.apache.org,<FFB1EC25-B266-4DB1-B982-6D76C5E10ED9@gmail.com>,Eno Thereska <eno.thereska@gmail.com>,2026-09-30T22:09:03.661698
APACHE_LISTS_REMINING,Apache Lists,"JNA, JVM crash",Re: JVM crash when closing persistent store (rocksDB),https://lists.apache.org/thread/<CANToE-NJ4GhwToJvi5FCKnJS_-o_EFX8YbC8Cux3gynmHp4b_g@mail.gmail.com>,"Hi,

I already tried to store rocks db files somewhere else by specifying the
kafa state dir properties, but no luck, same behavior.
I will try to run with the trunk tomorrow to see if it's stop correctly,
and I will keep you inform. There must be something with my configuration,
because I googled and saw nothing about this problem.

On Tue, Oct 11, 2016 at 9:28 PM, Eno Thereska <eno.thereska@gmai",0,2016-10-11,kafka,users@kafka.apache.org,<CANToE-NJ4GhwToJvi5FCKnJS_-o_EFX8YbC8Cux3gynmHp4b_g@mail.gmail.com>,Pierre Coquentin <pierre.coquentin@gmail.com>,2026-09-30T22:09:03.661701
APACHE_LISTS_REMINING,Apache Lists,"JNA, JVM crash",Re: JVM crash when closing persistent store (rocksDB),https://lists.apache.org/thread/<CANToE-OBmocOJUT_Qkj3dkD6Krh7x5UKm5Eb6=vb_NXtr6_Svw@mail.gmail.com>,"Ok it works against the trunk and the branch 0.10.1, both have a dependency
to rockdb 4.9.0 vs 4.4.1 for kafka 0.10.0.
Do you know when 0.10.1 will be released ?

On Tue, Oct 11, 2016 at 9:39 PM, Pierre Coquentin <
pierre.coquentin@gmail.com> wrote:

> Hi,
>
> I already tried to store rocks db files somewhere else by specifying the
> kafa state dir properties, but no luck, same behavior.
> I will ",0,2016-10-12,kafka,users@kafka.apache.org,<CANToE-OBmocOJUT_Qkj3dkD6Krh7x5UKm5Eb6=vb_NXtr6_Svw@mail.gmail.com>,Pierre Coquentin <pierre.coquentin@gmail.com>,2026-09-30T22:09:03.661703
APACHE_LISTS_REMINING,Apache Lists,"JNA, JVM crash",Re: JVM crash when closing persistent store (rocksDB),https://lists.apache.org/thread/<CAJikTEUcHWsAQid5kTdzSxp14D1aJ17bN=aU41JZLWLY6zgDsA@mail.gmail.com>,"0.10.1 will release will hopefully be within the next couple of weeks.

On Wed, 12 Oct 2016 at 15:52 Pierre Coquentin <pierre.coquentin@gmail.com>
wrote:

> Ok it works against the trunk and the branch 0.10.1, both have a dependency
> to rockdb 4.9.0 vs 4.4.1 for kafka 0.10.0.
> Do you know when 0.10.1 will be released ?
>
> On Tue, Oct 11, 2016 at 9:39 PM, Pierre Coquentin <
> pierre.coquentin@gm",0,2016-10-12,kafka,users@kafka.apache.org,<CAJikTEUcHWsAQid5kTdzSxp14D1aJ17bN=aU41JZLWLY6zgDsA@mail.gmail.com>,Damian Guy <damian.guy@gmail.com>,2026-09-30T22:09:03.661705
APACHE_LISTS_REMINING,Apache Lists,"JNA, JVM crash",Re: JVM crash when closing persistent store (rocksDB),https://lists.apache.org/thread/<F35B5DA9-E3D8-45E0-B4C2-4A1AEC50BFF9@gmail.com>,"Depending on how voting goes, the tentative date is Oct 17th:
https://cwiki.apache.org/confluence/display/KAFKA/Release+Plan+0.10.1 <https://cwiki.apache.org/confluence/display/KAFKA/Release+Plan+0.10.1>

Thanks
Eno
> On 12 Oct 2016, at 16:00, Damian Guy <damian.guy@gmail.com> wrote:
> 
> 0.10.1 will release will hopefully be within the next couple of weeks.
> 
> On Wed, 12 Oct 2016 at 15:52 Pierr",0,2016-10-12,kafka,users@kafka.apache.org,<F35B5DA9-E3D8-45E0-B4C2-4A1AEC50BFF9@gmail.com>,Eno Thereska <eno.thereska@gmail.com>,2026-09-30T22:09:03.661707
APACHE_LISTS_REMINING,Apache Lists,JNA,Re: Kafka Streams Aggregate By Date,https://lists.apache.org/thread/<5c84bb33-9c4a-b460-c3e0-279059d5e267@confluent.io>,"-----BEGIN PGP SIGNED MESSAGE-----
Hash: SHA512

Hi,

You just need to read you stream and apply an (windowed) aggregation
on it.

If you use non-windowed aggregation you will get ""since the
beginning"". If you use windowed aggregation you can specify the window
size as 1 hour and get those results.

One comment: it seems that you want to count *all* queries. To make
this work, you need to make sur",0,2016-10-18,kafka,users@kafka.apache.org,<5c84bb33-9c4a-b460-c3e0-279059d5e267@confluent.io>,"""Matthias J. Sax"" <matthias@confluent.io>",2026-09-30T22:09:03.661709
APACHE_LISTS_REMINING,Apache Lists,JNA,Re: Kafka Streams Aggregate By Date,https://lists.apache.org/thread/<CAHsXEHWkBPbx4+RzvEvC9VerNB0CyOJ9ka7YoaoSzJJJ74LOSQ@mail.gmail.com>,"Hi Matthias,

Thanks for your detailed answer. By the way I couldn't find ""KGroupedStream""
at version of 0.10.0.1?

Kind Regards,
Furkan KAMACI

On Tue, Oct 18, 2016 at 8:41 PM, Matthias J. Sax <matthias@confluent.io>
wrote:

> -----BEGIN PGP SIGNED MESSAGE-----
> Hash: SHA512
>
> Hi,
>
> You just need to read you stream and apply an (windowed) aggregation
> on it.
>
> If you use non-windowed aggr",0,2016-10-18,kafka,users@kafka.apache.org,<CAHsXEHWkBPbx4+RzvEvC9VerNB0CyOJ9ka7YoaoSzJJJ74LOSQ@mail.gmail.com>,Furkan KAMACI <furkankamaci@gmail.com>,2026-09-30T22:09:03.661711
APACHE_LISTS_REMINING,Apache Lists,JNA,Re: Problem with timestamp in Producer,https://lists.apache.org/thread/<b0bb2f1a-2e31-3067-7a15-e866e48209fd@confluent.io>,"-----BEGIN PGP SIGNED MESSAGE-----
Hash: SHA512

The simplest way should be to check the java classpath.

Insert an

echo $CLASSPATH

at the end of bin/kafka-run-class.sh

Than run bin/kafka-console-producer.sh with no argument.

You should see the classpath be printed out. Look for
'kafka-clients-XXX.jar' -- XXX will be the version number.


- -Matthias


On 10/29/16 12:11 AM, Debasish Ghosh wrot",0,2016-10-30,kafka,users@kafka.apache.org,<b0bb2f1a-2e31-3067-7a15-e866e48209fd@confluent.io>,"""Matthias J. Sax"" <matthias@confluent.io>",2026-09-30T22:09:03.661713
APACHE_LISTS_REMINING,Apache Lists,JNA,Re: Problem with timestamp in Producer,https://lists.apache.org/thread/<CAE7GCT6VKqhzsTcyDGBnR8Jr_fGVN32Qn3rEX1Fr6L0Bn5SgQw@mail.gmail.com>,"I think I found out what happened .. I was installing Kafka under DC/OS on
AWS and following this doc https://dcos.io/docs/1.8/usage/tutorials/kafka/ for
kafka installation. This works fine and installs kafka version 0.10.0.

But in the example where it shows how to produce and consume messages, this
doc says the following ..

core@ip-10-0-6-153 ~ $ docker run -it mesosphere/kafka-client
> root@7d",0,2016-10-30,kafka,users@kafka.apache.org,<CAE7GCT6VKqhzsTcyDGBnR8Jr_fGVN32Qn3rEX1Fr6L0Bn5SgQw@mail.gmail.com>,Debasish Ghosh <ghosh.debasish@gmail.com>,2026-09-30T22:09:03.661714
APACHE_LISTS_REMINING,Apache Lists,UnsatisfiedLinkError,Re: Kafka Streaming,https://lists.apache.org/thread/<CAOT3TWo=Ym4zaKROw+nRd1nRSK62Qer1d43GiKfe4Tpomtv3ZQ@mail.gmail.com>,"I just cloned 3.1x and tried to run a test. I am still seeing rocksdb error:

Exception in thread ""StreamThread-1"" java.lang.UnsatisfiedLinkError:
C:\Users\manchlia\AppData\Local\Temp\librocksdbjni1087890444431344273.dll:
Can't find dependent libraries


On Mon, Oct 24, 2016 at 11:26 AM, Matthias J. Sax <matthias@confluent.io>
wrote:

> -----BEGIN PGP SIGNED MESSAGE-----
> Hash: SHA512
>
> It's a ",0,2016-11-28,kafka,users@kafka.apache.org,<CAOT3TWo=Ym4zaKROw+nRd1nRSK62Qer1d43GiKfe4Tpomtv3ZQ@mail.gmail.com>,Mohit Anchlia <mohitanchlia@gmail.com>,2026-09-30T22:09:08.069422
APACHE_LISTS_REMINING,Apache Lists,"javah, UnsatisfiedLinkError",Re: Kafka Streaming,https://lists.apache.org/thread/<CAHwHRrW8qePo5MUSarS3-8dMHsT9nZxj9cE0AvLq8uvBrQF4rA@mail.gmail.com>,"Hello Mohit,

I'm copy-pasting Mathieu's previous email on making Streams to work on
Windows, note it was for 0.10.0.1 but I think the process should be very
similar.

--------

To any who follow in my footsteps, here is my trail:

   1. Upgrade to at least Kafka Streams 0.10.0.1 (currently only in RC).
      - This is necessary because .1 bumps the rocksdb dependency to 4.8.0,
      where the pre",0,2016-11-29,kafka,users@kafka.apache.org,<CAHwHRrW8qePo5MUSarS3-8dMHsT9nZxj9cE0AvLq8uvBrQF4rA@mail.gmail.com>,Guozhang Wang <wangguoz@gmail.com>,2026-09-30T22:09:08.069453
APACHE_LISTS_REMINING,Apache Lists,JVM crash,Potential memory leak in rocksdb,https://lists.apache.org/thread/<CANToE-PBWPzH_823x2p=J28O8re2iSE1R4JQrO7N38tJ1YOOfg@mail.gmail.com>,"Hi,

We ran a few tests with apache kafka 0.10.1.1.
We use a Topology with only one processor and a KVStore configured as
persistent backed by rocksdb 4.9.0. Each events received are stored using
the method put(key, value) and in the punctuate method, we iterate over all
entries with all(), processing them and deleting them with delete(key).
Then after a few days, the jvm crashed due to lack of me",0,2017-02-04,kafka,users@kafka.apache.org,<CANToE-PBWPzH_823x2p=J28O8re2iSE1R4JQrO7N38tJ1YOOfg@mail.gmail.com>,Pierre Coquentin <pierre.coquentin@gmail.com>,2026-09-30T22:09:21.598711
APACHE_LISTS_REMINING,Apache Lists,JVM crash,Re: Potential memory leak in rocksdb,https://lists.apache.org/thread/<CAJikTEXZz=g13FE_Nyo6hjQnSKjhNktQituSKwDOt5ZtGrjn5Q@mail.gmail.com>,"Hi Pierre,

When you are iterating over the entries do you close the iterator once you
are finished? If you don't then that will cause a memory leak.

Thanks,
Damian

On Sat, 4 Feb 2017 at 16:18 Pierre Coquentin <pierre.coquentin@gmail.com>
wrote:

> Hi,
>
> We ran a few tests with apache kafka 0.10.1.1.
> We use a Topology with only one processor and a KVStore configured as
> persistent backed by",0,2017-02-04,kafka,users@kafka.apache.org,<CAJikTEXZz=g13FE_Nyo6hjQnSKjhNktQituSKwDOt5ZtGrjn5Q@mail.gmail.com>,Damian Guy <damian.guy@gmail.com>,2026-09-30T22:09:21.598726
APACHE_LISTS_REMINING,Apache Lists,JVM crash,Re: Potential memory leak in rocksdb,https://lists.apache.org/thread/<CANToE-O-=OzKWYUhnfqW_b3aFKOVd4KXyz8pk0UNupdWJkQgJw@mail.gmail.com>,"The iterator is inside a try-with-resources. And if the memory leak was
inside our code, we will see it using visualvm or jmap, and that's not the
case. This is not a memory leak in the heap. That's why my guess goes
directly to rocksdb.

On Sat, Feb 4, 2017 at 5:31 PM, Damian Guy <damian.guy@gmail.com> wrote:

> Hi Pierre,
>
> When you are iterating over the entries do you close the iterator once",0,2017-02-04,kafka,users@kafka.apache.org,<CANToE-O-=OzKWYUhnfqW_b3aFKOVd4KXyz8pk0UNupdWJkQgJw@mail.gmail.com>,Pierre Coquentin <pierre.coquentin@gmail.com>,2026-09-30T22:09:21.598729
APACHE_LISTS_REMINING,Apache Lists,JVM crash,Re: Potential memory leak in rocksdb,https://lists.apache.org/thread/<CAJikTEUEv9jdQxSSFRM7TtOr4d4VMMiDcJvSXFaX6eRpAm8tbw@mail.gmail.com>,"Keeping the rocksdb iterator wouldn't cause a memory leak in the heap. That
is why i asked.

On Sat, 4 Feb 2017 at 16:36 Pierre Coquentin <pierre.coquentin@gmail.com>
wrote:

> The iterator is inside a try-with-resources. And if the memory leak was
> inside our code, we will see it using visualvm or jmap, and that's not the
> case. This is not a memory leak in the heap. That's why my guess goes
> ",0,2017-02-04,kafka,users@kafka.apache.org,<CAJikTEUEv9jdQxSSFRM7TtOr4d4VMMiDcJvSXFaX6eRpAm8tbw@mail.gmail.com>,Damian Guy <damian.guy@gmail.com>,2026-09-30T22:09:21.598731
APACHE_LISTS_REMINING,Apache Lists,JVM crash,Re: Potential memory leak in rocksdb,https://lists.apache.org/thread/<CANToE-P+xR9DJL+kJFg4anAHmNCqJ7QJamw806u2cO+1zDiskA@mail.gmail.com>,"Oh ok, this is a snippet of the code we use :

            List<KeyValue<K, V>> keyValues = new ArrayList<>();
            try (KeyValueIterator<K, V> iterator = kvStore.all()) {
                iterator.forEachRemaining(keyValues::add);
            }
            // process all entries at once
            try {
                // business stuff
            } catch (Exception e) {
                /",0,2017-02-04,kafka,users@kafka.apache.org,<CANToE-P+xR9DJL+kJFg4anAHmNCqJ7QJamw806u2cO+1zDiskA@mail.gmail.com>,Pierre Coquentin <pierre.coquentin@gmail.com>,2026-09-30T22:09:21.598733
APACHE_LISTS_REMINING,Apache Lists,JVM crash,Re: Potential memory leak in rocksdb,https://lists.apache.org/thread/<CAJikTEU5TnG1Eg5uP8-supg=Hom23mPMp5+D55UVKB=e_RM7Mg@mail.gmail.com>,"Looks fine

On Sat, 4 Feb 2017 at 19:27, Pierre Coquentin <pierre.coquentin@gmail.com>
wrote:

Oh ok, this is a snippet of the code we use :

            List<KeyValue<K, V>> keyValues = new ArrayList<>();
            try (KeyValueIterator<K, V> iterator = kvStore.all()) {
                iterator.forEachRemaining(keyValues::add);
            }
            // process all entries at once
          ",0,2017-02-04,kafka,users@kafka.apache.org,<CAJikTEU5TnG1Eg5uP8-supg=Hom23mPMp5+D55UVKB=e_RM7Mg@mail.gmail.com>,Damian Guy <damian.guy@gmail.com>,2026-09-30T22:09:21.598735
APACHE_LISTS_REMINING,Apache Lists,JVM crash,Re: Potential memory leak in rocksdb,https://lists.apache.org/thread/<CAHwHRrVHhTm4bVan3bkcjXtbtSuOutsCvjBTyNk_nMEkYvtX3Q@mail.gmail.com>,"Hello Pierre,

As Damian said your code looks fine and I cannot think of a direct reason
for the rocksdb memory leak on top of my head.

Could you build and try out the latest Kafka trunk (will be released as
0.10.2 in a few days) which contains a newer version of RocksDB and see if
this issue still exists?


Guozhang

On Sat, Feb 4, 2017 at 11:54 AM, Damian Guy <damian.guy@gmail.com> wrote:

> Lo",0,2017-02-08,kafka,users@kafka.apache.org,<CAHwHRrVHhTm4bVan3bkcjXtbtSuOutsCvjBTyNk_nMEkYvtX3Q@mail.gmail.com>,Guozhang Wang <wangguoz@gmail.com>,2026-09-30T22:09:21.598737
APACHE_LISTS_REMINING,Apache Lists,JVM crash,Re: Potential memory leak in rocksdb,https://lists.apache.org/thread/<CANToE-PKL-H=7Vp54i8MQq0w1Ep3L+M9am6hrgCEacP2vq6XSw@mail.gmail.com>,"Well, I am a little perplexed now... I have already recompiled the branch
0.10.1 with rocksdb 4.11.2 and it doesn't seem better.
So I have modified the launcher of our jvm to use jemalloc with the profile
enabled and from the first result I have, it seems that the problem comes
from the method all()...
But I don't understand how the iterator could not be closed correctly with
a try-with-resources.",0,2017-02-08,kafka,users@kafka.apache.org,<CANToE-PKL-H=7Vp54i8MQq0w1Ep3L+M9am6hrgCEacP2vq6XSw@mail.gmail.com>,Pierre Coquentin <pierre.coquentin@gmail.com>,2026-09-30T22:09:21.598739
APACHE_LISTS_REMINING,Apache Lists,JVM crash,Re: Potential memory leak in rocksdb,https://lists.apache.org/thread/<CAHwHRrVzyj2fRy32jf-Z-krSms+6QpgUyJzk_3EdN1eYQo7LCg@mail.gmail.com>,"Pierre,

Apache mailing list has some restricts to attach large attachments and I
think that is why your gif files are not shown up. Could you try using a
gist link?

Guozhang

On Wed, Feb 8, 2017 at 9:49 AM, Pierre Coquentin <pierre.coquentin@gmail.com
> wrote:

> Well, I am a little perplexed now... I have already recompiled the branch
> 0.10.1 with rocksdb 4.11.2 and it doesn't seem better.
> S",0,2017-02-09,kafka,users@kafka.apache.org,<CAHwHRrVzyj2fRy32jf-Z-krSms+6QpgUyJzk_3EdN1eYQo7LCg@mail.gmail.com>,Guozhang Wang <wangguoz@gmail.com>,2026-09-30T22:09:21.598741
APACHE_LISTS_REMINING,Apache Lists,JVM crash,Re: Potential memory leak in rocksdb,https://lists.apache.org/thread/<CANToE-O2JHswwCh=FnRHQzqdyZNuAjpkVQXQxajrH+MKPJjuQw@mail.gmail.com>,"Here is the gist with the two gif

https://gist.github.com/PierreCoquentin/d2df46e5e1c0d3506f6311b343e6f775

On Fri, Feb 10, 2017 at 7:45 AM, Guozhang Wang <wangguoz@gmail.com> wrote:

> Pierre,
>
> Apache mailing list has some restricts to attach large attachments and I
> think that is why your gif files are not shown up. Could you try using a
> gist link?
>
> Guozhang
>
> On Wed, Feb 8, 2017 at ",0,2017-02-10,kafka,users@kafka.apache.org,<CANToE-O2JHswwCh=FnRHQzqdyZNuAjpkVQXQxajrH+MKPJjuQw@mail.gmail.com>,Pierre Coquentin <pierre.coquentin@gmail.com>,2026-09-30T22:09:21.598743
APACHE_LISTS_REMINING,Apache Lists,JVM crash,Re: Potential memory leak in rocksdb,https://lists.apache.org/thread/<CAMpf5JXJwoUeMKW0D-1yr1FRK4MONtA4WX=OQ0GarUJoBNFcoQ@mail.gmail.com>,"Hi,
We also seem to be facing some potential rocksdb issue when there are more
than one partition state store created on a machine.
It looks like rocksdb is spending too much time in disk i/o.

Could you please tell under what case you get the issue and also after how
long running the streams application you face these issues.

In another application where we run only single partition stream, so o",0,2017-02-10,kafka,users@kafka.apache.org,<CAMpf5JXJwoUeMKW0D-1yr1FRK4MONtA4WX=OQ0GarUJoBNFcoQ@mail.gmail.com>,Sachin Mittal <sjmittal@gmail.com>,2026-09-30T22:09:21.598745
APACHE_LISTS_REMINING,Apache Lists,JVM crash,Re: Potential memory leak in rocksdb,https://lists.apache.org/thread/<CANToE-MSDWc7gPQNn-qjk1W1ryEt0dUMXiVxMBB7ADBgZxwyyw@mail.gmail.com>,"Hi Sachin,

We have 6 consumers per node, each managing multiple partitions. We see the
memory growing at the start of the application.
To get the memory snapshot, download jemalloc here
https://github.com/jemalloc/jemalloc/releases, compile and install it using
standard command with the option for enabling the profiling
./configure --enable-prof
make
sudo make install
Edit the launcher of your jv",0,2017-02-10,kafka,users@kafka.apache.org,<CANToE-MSDWc7gPQNn-qjk1W1ryEt0dUMXiVxMBB7ADBgZxwyyw@mail.gmail.com>,Pierre Coquentin <pierre.coquentin@gmail.com>,2026-09-30T22:09:21.598747
APACHE_LISTS_REMINING,Apache Lists,JVM crash,Re: Potential memory leak in rocksdb,https://lists.apache.org/thread/<CAHwHRrWudUna1iaEno6jK9c-A2pjJcKvxUM99VYbWALWEC437w@mail.gmail.com>,"Pierre,

Could you let me know what serdes do you use for the key-value pair of type
<K, V>?

I looked at the 0.10.1.1 code and did not find any obvious memory leak from
Streams in its iterator implementation. One thing that I'm suspecting is
that when returning the key-value pair, we call the serdes to deserialize
the bytes returned from RocksDB:

KeyValue<>(serdes.keyFrom(iter.key()), serdes.val",0,2017-02-12,kafka,users@kafka.apache.org,<CAHwHRrWudUna1iaEno6jK9c-A2pjJcKvxUM99VYbWALWEC437w@mail.gmail.com>,Guozhang Wang <wangguoz@gmail.com>,2026-09-30T22:09:21.598749
APACHE_LISTS_REMINING,Apache Lists,JVM crash,Re: Potential memory leak in rocksdb,https://lists.apache.org/thread/<CANToE-O=uESc4o2ZiJ1NxstpptmbnhdK6z-_ydjm_sh=F3Jhzg@mail.gmail.com>,"For the K, we use a simple StringSerde, for the V, we use a custom Serde
which translates an avro payload into a generic bean containing an
identifier, a version and an Avro record.

On Sun, Feb 12, 2017 at 10:39 PM, Guozhang Wang <wangguoz@gmail.com> wrote:

> Pierre,
>
> Could you let me know what serdes do you use for the key-value pair of type
> <K, V>?
>
> I looked at the 0.10.1.1 code and di",0,2017-02-13,kafka,users@kafka.apache.org,<CANToE-O=uESc4o2ZiJ1NxstpptmbnhdK6z-_ydjm_sh=F3Jhzg@mail.gmail.com>,Pierre Coquentin <pierre.coquentin@gmail.com>,2026-09-30T22:09:21.598750
APACHE_LISTS_REMINING,Apache Lists,JVM crash,Re: Potential memory leak in rocksdb,https://lists.apache.org/thread/<CAHwHRrXxPwgYVr1CTWgoudKr7cqkaQ+52pHfpUZS4J-wv7K97w@mail.gmail.com>,"I see. The serdes should be fine then.

Could you also check the .sst files on disks and see if their count keep
increasing? If .sst files are not cleaned up in time and disk usage keep
increasing then it could mean that some iterators are still not closed and
hence pin SST files from being deleted, or it means that your
num.compact.thread (default is 1) needs to be increased in order to keep up
w",0,2017-02-13,kafka,users@kafka.apache.org,<CAHwHRrXxPwgYVr1CTWgoudKr7cqkaQ+52pHfpUZS4J-wv7K97w@mail.gmail.com>,Guozhang Wang <wangguoz@gmail.com>,2026-09-30T22:09:21.598752
APACHE_LISTS_REMINING,Apache Lists,JVM crash,Re: Potential memory leak in rocksdb,https://lists.apache.org/thread/<CANToE-M7mwZNT7njsGfMYc0wEnwzWTFtPJZY4NScOwqBAeEPXA@mail.gmail.com>,"I have checked from my previous test, and in each partition, there is
between 2 and 4 sst files. I am open to any test which could pinpoint what
I am missing :)
Off topic question: what's the best solution to clean the rocksdb logs ?
logrotate or is there a configuration directly in rocksdb ? Or are they
automatically deleted ?

On Mon, Feb 13, 2017 at 6:22 PM, Guozhang Wang <wangguoz@gmail.com> w",0,2017-02-14,kafka,users@kafka.apache.org,<CANToE-M7mwZNT7njsGfMYc0wEnwzWTFtPJZY4NScOwqBAeEPXA@mail.gmail.com>,Pierre Coquentin <pierre.coquentin@gmail.com>,2026-09-30T22:09:21.598755
APACHE_LISTS_REMINING,Apache Lists,JVM crash,Re: Potential memory leak in rocksdb,https://lists.apache.org/thread/<CAMpf5JVcdsXf8RAOUHw0ScyR4MANQQKJmC_M-kQvYzc7HqixnQ@mail.gmail.com>,"Hi,
We have made some changes at our side to control the rocksdb.
Firstly we are assigning one partition per thread. Also creating only 4
threads per VM (four cores).
This way only 4 rocks db state stores get created on one VM.
Then we are making sure that VMs state store directory is within the VM and
not on any externally mounted drive.

This way we notice that system is stable and in steady sta",0,2017-02-15,kafka,users@kafka.apache.org,<CAMpf5JVcdsXf8RAOUHw0ScyR4MANQQKJmC_M-kQvYzc7HqixnQ@mail.gmail.com>,Sachin Mittal <sjmittal@gmail.com>,2026-09-30T22:09:21.598757
APACHE_LISTS_REMINING,Apache Lists,JVM crash,Re: Potential memory leak in rocksdb,https://lists.apache.org/thread/<CANToE-OngKF5hnaR_y1SboQWi2c61K382=YmeGEmRqpWdM7LCA@mail.gmail.com>,"Hi Sachin,

So, I have reconfigured to use 6 consumers, each managing only one
partition. As you can see on the picture, the memory is still growing over
time but very slowly. It seems the number of partitions have an impact on
how fast the memory increases.
For now, we will use only the in memory configuration and wait for the next
release of kafka with the version 5.0 of rocksdb, and if I have s",0,2017-02-21,kafka,users@kafka.apache.org,<CANToE-OngKF5hnaR_y1SboQWi2c61K382=YmeGEmRqpWdM7LCA@mail.gmail.com>,Pierre Coquentin <pierre.coquentin@gmail.com>,2026-09-30T22:09:21.598759
APACHE_LISTS_REMINING,Apache Lists,JVM crash,Re: Potential memory leak in rocksdb,https://lists.apache.org/thread/<CAOTij-6BtsyKrKyKw1FW_Q-hmpuHG4eRcaFMBUKebFGt+JY6CA@mail.gmail.com>,"Pierre

Do you see keys persisting in Rocksdb even after deleting them? Imagine k1
got deleted in first execution of punctuate and then you see it in the
second execution of punctuate as well. Do you see such behaviour? That
could explain why Rocksdb size keeps increasing.

Regards
Sab


On 21 Feb 2017 1:53 a.m., ""Pierre Coquentin"" <pierre.coquentin@gmail.com>
wrote:

Hi Sachin,

So, I have reconf",0,2017-02-25,kafka,users@kafka.apache.org,<CAOTij-6BtsyKrKyKw1FW_Q-hmpuHG4eRcaFMBUKebFGt+JY6CA@mail.gmail.com>,Sabarish Sasidharan <sabarish.spk@gmail.com>,2026-09-30T22:09:21.598761
APACHE_LISTS_REMINING,Apache Lists,UnsatisfiedLinkError,Getting java.lang.UnsatisfiedLinkError: Cannot load module /tmp/librocksdbjni858257496864179953.so,https://lists.apache.org/thread/<CAAcELvnHaYGi4tC--u9Rhf-45-OF3Ds2i9ypLCYZ8idGtW_2=w@mail.gmail.com>,"I am using kafka_2.11-0.10.2.0. I have downloaded the binaries directly
from apache which contains rocksdbjni-5.0.1.jar. I am developing kafka
streaming application. It is using RocksDB for internal purpose. However,
during my application run, getting below error.

Exception in thread ""StreamThread-1"" java.lang.UnsatisfiedLinkError:
/tmp/librocksdbjni858257496864179953.so ( 0509-022 Cannot load mo",0,2017-03-31,kafka,users@kafka.apache.org,<CAAcELvnHaYGi4tC--u9Rhf-45-OF3Ds2i9ypLCYZ8idGtW_2=w@mail.gmail.com>,manish bansal <manishbansal8843@gmail.com>,2026-09-30T22:09:26.134930
APACHE_LISTS_REMINING,Apache Lists,UnsatisfiedLinkError,"Re: Getting java.lang.UnsatisfiedLinkError: Cannot load module
 /tmp/librocksdbjni858257496864179953.so",https://lists.apache.org/thread/<89a87789-079d-609c-e5c4-16b1eac57d97@confluent.io>,"Cross-posted twice (including an answer):

https://github.com/facebook/rocksdb/issues/2071
http://stackoverflow.com/questions/43140522/exception-in-thread-streamthread-1-java-lang-unsatisfiedlinkerror-cannot-load

> I don't understand why i need to re-build this. I downloaded the binaries which already has this jar pre-packaged. Kindly enlighten me. Thank you in advance.

The prebuild binaries are",0,2017-03-31,kafka,users@kafka.apache.org,<89a87789-079d-609c-e5c4-16b1eac57d97@confluent.io>,"""Matthias J. Sax"" <matthias@confluent.io>",2026-09-30T22:09:26.134960
APACHE_LISTS_REMINING,Apache Lists,UnsatisfiedLinkError,Kafka Streams with embedded RocksDB,https://lists.apache.org/thread/<DC8440D6-4296-409A-AEA1-ACBA298DD1DE@aseno.de>,"Hi there,

We have Kafka 0.11.0.0 running to DC/OS. So, I am developing on windows (it's not my fault ;-)) and have to ship to a Linux-Container (DC/OS) in order to run a java-app.

What is the best way to use Kafka-streams maven dependency w.r.t. RocksDB in order to work on both OSs?
Currently I am getting the following error:

UnsatisfiedLinkError … Can’t find dependency library. Trying to find ",0,2017-10-06,kafka,users@kafka.apache.org,<DC8440D6-4296-409A-AEA1-ACBA298DD1DE@aseno.de>,Valentin Forst <valentin@aseno.de>,2026-09-30T22:09:58.455819
APACHE_LISTS_REMINING,Apache Lists,UnsatisfiedLinkError,Re: Kafka Streams with embedded RocksDB,https://lists.apache.org/thread/<CALte62xjvJbBeRqSkUd63j7+cF4Mm1NTRAAAiMFFxgr1-0ws2w@mail.gmail.com>,"I assume you have read
https://github.com/facebook/rocksdb/wiki/Building-on-Windows

Please also see https://github.com/facebook/rocksdb/issues/2531

BTW your question should be directed to rocksdb forum.



On Fri, Oct 6, 2017 at 6:39 AM, Valentin Forst <valentin@aseno.de> wrote:

> Hi there,
>
> We have Kafka 0.11.0.0 running to DC/OS. So, I am developing on windows
> (it's not my fault ;-)) and",0,2017-10-06,kafka,users@kafka.apache.org,<CALte62xjvJbBeRqSkUd63j7+cF4Mm1NTRAAAiMFFxgr1-0ws2w@mail.gmail.com>,Ted Yu <yuzhihong@gmail.com>,2026-09-30T22:09:58.455833
APACHE_LISTS_REMINING,Apache Lists,UnsatisfiedLinkError,Re: Kafka Streams with embedded RocksDB,https://lists.apache.org/thread/<CAMpf5JVkLzW4xkFY-qyG1+Tnxyby6WJJ2g5wXX0jFwD2vjGgKg@mail.gmail.com>,"Well as far as I remember this was an old issue with 0.10.0.x or something.
In 0.10.2.x librocksdbjni dll is part of rocksdbjni-5.0.1.jar so there is
no need to build separately for windows.

Did something got changed in 0.11.x ?

Thanks
Sachin


On Fri, Oct 6, 2017 at 10:00 PM, Ted Yu <yuzhihong@gmail.com> wrote:

> I assume you have read
> https://github.com/facebook/rocksdb/wiki/Building-on-Win",0,2017-10-06,kafka,users@kafka.apache.org,<CAMpf5JVkLzW4xkFY-qyG1+Tnxyby6WJJ2g5wXX0jFwD2vjGgKg@mail.gmail.com>,Sachin Mittal <sjmittal@gmail.com>,2026-09-30T22:09:58.455836
APACHE_LISTS_REMINING,Apache Lists,UnsatisfiedLinkError,Re: Kafka Streams with embedded RocksDB,https://lists.apache.org/thread/<E4979DD1-82F0-4574-9D91-DE950061C8AC@aseno.de>,"Hi Ted,

Thank you for your reply... 
Yes, I have read the Info on the link, however I do not understand the intention of it..

So, I am using Kafka on a Container-Platform (DC/OS) , so I  cannot restrict my Kafka-Clients to a certain OS and need them to run on a JVM.
I do not want to compile and provide libs for every single OS my colleague may want to use.

It seems that this issue appears in th",0,2017-10-07,kafka,users@kafka.apache.org,<E4979DD1-82F0-4574-9D91-DE950061C8AC@aseno.de>,Valentin Forst <valentin@aseno.de>,2026-09-30T22:09:58.455838
APACHE_LISTS_REMINING,Apache Lists,UnsatisfiedLinkError,Re: Kafka Streams with embedded RocksDB,https://lists.apache.org/thread/<CAMpf5JV1RZtGJh6aDmjiVLnFXWWJOGLLaLPyT2nmeaOLwe0oLg@mail.gmail.com>,"I have checked rocksdbjni-5.0.1.jar included in kafka_2.12-0.11.0.0.tgz and
librocksdbjni dll is included.
I don't think you have to build anything extra fir windows OS.



On Sat, Oct 7, 2017 at 11:39 PM, Valentin Forst <valentin@aseno.de> wrote:

> Hi Ted,
>
> Thank you for your reply...
> Yes, I have read the Info on the link, however I do not understand the
> intention of it..
>
> So, I am usi",0,2017-10-08,kafka,users@kafka.apache.org,<CAMpf5JV1RZtGJh6aDmjiVLnFXWWJOGLLaLPyT2nmeaOLwe0oLg@mail.gmail.com>,Sachin Mittal <sjmittal@gmail.com>,2026-09-30T22:09:58.455840
APACHE_LISTS_REMINING,Apache Lists,"UnsatisfiedLinkError, System.loadLibrary",Error while fetching metadata with correlation id 3,https://lists.apache.org/thread/<CAF6DVKMYJojuVk=B+QPdzgAuv7T_hK3egGLLQ_OXsO=MvEuqdA@mail.gmail.com>,"Hi

I am seeing an warning like below and my kafka java producer client is not
able to write to kafka broker. (Kafka version 0.10.0 both client & server)

WARN  Error while fetching metadata with correlation id 3 :
{abcdef=LEADER_NOT_AVAILABLE}


   - OS - 14.04.1-Ubuntu
   - Java - 8


In kafka server.log I am seeing exception like below. I am using single
node kafka broker and zookeeper running ",0,2017-12-28,kafka,users@kafka.apache.org,<CAF6DVKMYJojuVk=B+QPdzgAuv7T_hK3egGLLQ_OXsO=MvEuqdA@mail.gmail.com>,Debraj Manna <subharaj.manna@gmail.com>,2026-09-30T22:10:04.776196
APACHE_LISTS_REMINING,Apache Lists,"UnsatisfiedLinkError, System.loadLibrary",Re: Error while fetching metadata with correlation id 3,https://lists.apache.org/thread/<CALte62y1Cx_0jekjqD-d9qf=V8iWGOX=Mp2Oc4Sh_7QOaP6fmg@mail.gmail.com>,"Please check https://github.com/xerial/snappy-java for how to build /
install snappyjava.

On Thu, Dec 28, 2017 at 5:29 AM, Debraj Manna <subharaj.manna@gmail.com>
wrote:

> Hi
>
> I am seeing an warning like below and my kafka java producer client is not
> able to write to kafka broker. (Kafka version 0.10.0 both client & server)
>
> WARN  Error while fetching metadata with correlation id 3 :
> {",0,2017-12-28,kafka,users@kafka.apache.org,<CALte62y1Cx_0jekjqD-d9qf=V8iWGOX=Mp2Oc4Sh_7QOaP6fmg@mail.gmail.com>,Ted Yu <yuzhihong@gmail.com>,2026-09-30T22:10:04.776211
APACHE_LISTS_REMINING,Apache Lists,UnsatisfiedLinkError,RocksDB error with KStream,https://lists.apache.org/thread/<CAK2z7j5Uz9+Z_7pUzCUFvKQtBM1cDRzj6scgo7=YdxienCCMFA@mail.gmail.com>,"Hi All,

While running Kafka streams application with a ""aggregate"" function in it.
Running via docker (alpine linux). I am getting
*""*java.lang.UnsatisfiedLinkError:
/tmp/librocksdbjni20844899025353663*88.so: libstdc++.so.6: cannot open
shared object file: No such file or directory"". *similar to what is
described here:

https://groups.google.com/forum/#!msg/confluent-platform/uFTFZh3v-kg/luNsCcRb",0,2018-07-30,kafka,users@kafka.apache.org,<CAK2z7j5Uz9+Z_7pUzCUFvKQtBM1cDRzj6scgo7=YdxienCCMFA@mail.gmail.com>,Vishnu Viswanath <vishnu.viswanath25@gmail.com>,2026-09-30T22:10:27.510447
APACHE_LISTS_REMINING,Apache Lists,UnsatisfiedLinkError,Re: RocksDB error with KStream,https://lists.apache.org/thread/<CAHwHRrU8fU0z6vC3eFVVuAW1QHriMUsfNoiMiGOVJKqcp0J7Gg@mail.gmail.com>,"Hello Vishnu,

Maybe this is the root cause of your issue?
https://github.com/docker-flink/docker-flink/issues/14


Guozhang

On Mon, Jul 30, 2018 at 8:44 AM, Vishnu Viswanath <
vishnu.viswanath25@gmail.com> wrote:

> Hi All,
>
> While running Kafka streams application with a ""aggregate"" function in it.
> Running via docker (alpine linux). I am getting
> *""*java.lang.UnsatisfiedLinkError:
> /tmp/l",0,2018-07-30,kafka,users@kafka.apache.org,<CAHwHRrU8fU0z6vC3eFVVuAW1QHriMUsfNoiMiGOVJKqcp0J7Gg@mail.gmail.com>,Guozhang Wang <wangguoz@gmail.com>,2026-09-30T22:10:27.510461
APACHE_LISTS_REMINING,Apache Lists,UnsatisfiedLinkError,Re: RocksDB error with KStream,https://lists.apache.org/thread/<CAK2z7j4BmzUzAKhiBMXk1d1MqFF2hcksBh1CU6fKyYgAwzhi7Q@mail.gmail.com>,"Thank you Guoshang. I finally solved the issue by shifting from openjdk to
https://hub.docker.com/r/anapsix/alpine-java/ in my container.
Looks like alpine openjdk has musl libc implementation but RocksJava
required glibc.

On Mon, Jul 30, 2018 at 9:31 AM Guozhang Wang <wangguoz@gmail.com> wrote:

> Hello Vishnu,
>
> Maybe this is the root cause of your issue?
> https://github.com/docker-flink/doc",0,2018-08-22,kafka,users@kafka.apache.org,<CAK2z7j4BmzUzAKhiBMXk1d1MqFF2hcksBh1CU6fKyYgAwzhi7Q@mail.gmail.com>,Vishnu Viswanath <vishnu.viswanath25@gmail.com>,2026-09-30T22:10:30.368309
APACHE_LISTS_REMINING,Apache Lists,UnsatisfiedLinkError,Re: RocksDB error with KStream,https://lists.apache.org/thread/<CAHwHRrXNVmQqBXxg+03euYNCLLRia+9Oy87rEoq9quvJ=NwjTg@mail.gmail.com>,"Glad to hear that!

On Wed, Aug 22, 2018 at 8:13 AM, Vishnu Viswanath <
vishnu.viswanath25@gmail.com> wrote:

> Thank you Guoshang. I finally solved the issue by shifting from openjdk to
> https://hub.docker.com/r/anapsix/alpine-java/ in my container.
> Looks like alpine openjdk has musl libc implementation but RocksJava
> required glibc.
>
> On Mon, Jul 30, 2018 at 9:31 AM Guozhang Wang <wangguoz",0,2018-08-22,kafka,users@kafka.apache.org,<CAHwHRrXNVmQqBXxg+03euYNCLLRia+9Oy87rEoq9quvJ=NwjTg@mail.gmail.com>,Guozhang Wang <wangguoz@gmail.com>,2026-09-30T22:10:30.368322
APACHE_LISTS_REMINING,Apache Lists,JNA,Re: Optimal Message Size for Kafka,https://lists.apache.org/thread/<CAA6rS-3U_hQV4u41agmB9JKxxhZS2TZ97U0kz35UHbkAP7Rs4g@mail.gmail.com>,"Take a look at the built in producer performance tools that you can do your
own benchmarking with your dataset. If compression is an option consider
that as well.

Here's a helpful cheatsheet to use:
https://github.com/JNachtwey/kafka-cheat-sheets/blob/master/kafka-performance.md

On Fri, Sep 7, 2018, 8:16 AM SenthilKumar K <senthilec566@gmail.com> wrote:

> Hello Experts,  We are planning to use ",0,2018-09-08,kafka,users@kafka.apache.org,<CAA6rS-3U_hQV4u41agmB9JKxxhZS2TZ97U0kz35UHbkAP7Rs4g@mail.gmail.com>,Matt Veitas <mveitas@gmail.com>,2026-09-30T22:10:32.831002
APACHE_LISTS_REMINING,Apache Lists,JNA,RE: Kafka upgrade process details,"https://lists.apache.org/thread/
 <BN7PR13MB2274043B4026299559ECED088C330@BN7PR13MB2274.namprd13.prod.outlook.com>","Thanks for prompt response.
I am not sure I understand correctly, but I am still confused why switching inter.broker.protocol.version in the last step would make the process irreversible.
If we agree that log conversion to a new format is applied when a new value of log.message.format.version or broker's default one is applied then according to documentation switching back to old version of brok",0,2019-05-09,kafka,users@kafka.apache.org,"
 <BN7PR13MB2274043B4026299559ECED088C330@BN7PR13MB2274.namprd13.prod.outlook.com>","""Chylek, Artur"" <Artur.Chylek@sabre.com>",2026-09-30T22:10:52.620131
APACHE_LISTS_REMINING,Apache Lists,JNA,Re: Kafka upgrade process details,https://lists.apache.org/thread/<CADLRvwh=faBfdJeobxkyXj20zpHGtCKsTUt5vMjrT7DVVNia1A@mail.gmail.com>,"Hi,

In Kafka v2.1.0, the OffsetCommit Request/Response schema version is
changed to v4 for the *__consumer_offsets* topic.
If you upgrade Kafka to v2.1.0 & higher and changed the
inter.broker.protocol version to 2.1, then you cannot revert back
to older versions as it doesn't know how to read the *__consumer_offsets *topic
with the latest offset message schema.

Indeed, if you want to revert back",0,2019-05-10,kafka,users@kafka.apache.org,<CADLRvwh=faBfdJeobxkyXj20zpHGtCKsTUt5vMjrT7DVVNia1A@mail.gmail.com>,Kamal Chandraprakash <kamal.chandraprakash@gmail.com>,2026-09-30T22:10:52.620147
APACHE_LISTS_REMINING,Apache Lists,JNA,RE: Kafka upgrade process details,"https://lists.apache.org/thread/
 <DM6PR13MB228130B51C46F0E8779047748C0F0@DM6PR13MB2281.namprd13.prod.outlook.com>","Hi,
Thanks for clarification. The KIP you posted is a great piece of information 😊

Regards,
Artur

-----Original Message-----
From: Kamal Chandraprakash [mailto:kamal.chandraprakash@gmail.com] 
Sent: Friday, May 10, 2019 3:50 PM
To: users@kafka.apache.org
Subject: Re: Kafka upgrade process details

Sabre Email Notification: This email is from an EXTERNAL source. Please use caution whe",0,2019-05-13,kafka,users@kafka.apache.org,"
 <DM6PR13MB228130B51C46F0E8779047748C0F0@DM6PR13MB2281.namprd13.prod.outlook.com>","""Chylek, Artur"" <Artur.Chylek@sabre.com>",2026-09-30T22:10:52.620150
APACHE_LISTS_REMINING,Apache Lists,JNA,Basic KafkaProducer failing,https://lists.apache.org/thread/<CALt+Tie+aHqjjueAzDwZFkuR52HyMqKVVxd8ROcuFhw-bag6HA@mail.gmail.com>,"Hello All,

I am trying to push some data into a topic using KafkaProducer API. But the
initialization is giving a NullPointer Exception.Tried debugging but could
not figure it out.

Kafka Maven version is 2.2.0

Below is the code & Exception:

> import java.util.Properties;
> import java.util.Random;
>
> import org.apache.kafka.clients.producer.KafkaProducer;
> import org.apache.kafka.clients.pro",0,2019-07-20,kafka,users@kafka.apache.org,<CALt+Tie+aHqjjueAzDwZFkuR52HyMqKVVxd8ROcuFhw-bag6HA@mail.gmail.com>,Venkata S A <asaideep@gmail.com>,2026-09-30T22:10:59.355797
APACHE_LISTS_REMINING,Apache Lists,JNA,Recovering from DisconnectException,https://lists.apache.org/thread/<CALfawRJ+7DXtPDAN1R5Pc1uta1imwM7+E=NRqYE56nqHKv4_MQ@mail.gmail.com>,"Hi,

I am using kafka client 2.0.1 and once in a while I see the following in
the logs:

2020-03-20 09:42:57.960  INFO 160813 --- [pool-1-thread-1]
o.a.kafka.clients.FetchSessionHandler    : [Consumer clientId=consumer-1,
groupId=version-grabber-ajna0-mgmt1-1-prd] Error sending fetch request
(sessionId=1595671943, epoch=6275) to node 166:
org.apache.kafka.common.errors.DisconnectException.

and I ",0,2020-03-20,kafka,users@kafka.apache.org,<CALfawRJ+7DXtPDAN1R5Pc1uta1imwM7+E=NRqYE56nqHKv4_MQ@mail.gmail.com>,Dima Brodsky <dbrodsky@salesforce.com.INVALID>,2026-09-30T22:11:19.271658
APACHE_LISTS_REMINING,Apache Lists,UnsatisfiedLinkError,JNI linker issue on ARM (Raspberry PI),https://lists.apache.org/thread/<CALw+tqC7qsiFjOhaJti-m50rLF_a2=9g6MwAsnRWvvZWdbUurw@mail.gmail.com>,"I'm trying to install Kafka Streams on a Raspberry PI, it works fine as a
broker, works fine as both a producer and consumer, but when I try and run
streams on the PI rather than on the Mac there is a linker issue:

Exception in thread
""main-broker-f53264a1-0c70-445f-bf3f-bf634a9a1ed2-StreamThread-1""
java.lang.UnsatisfiedLinkError: /tmp/librocksdbjni15158764823832728522.so:
/tmp/librocksdbjni15158",0,2020-08-24,kafka,users@kafka.apache.org,<CALw+tqC7qsiFjOhaJti-m50rLF_a2=9g6MwAsnRWvvZWdbUurw@mail.gmail.com>,Steve Jones <jones.steveg@gmail.com>,2026-09-30T22:11:33.116994
APACHE_LISTS_REMINING,Apache Lists,UnsatisfiedLinkError,Re: JNI linker issue on ARM (Raspberry PI),https://lists.apache.org/thread/<e31a0c41-f5b3-42ef-a81f-92044a04caa6@www.fastmail.com>,"Hi Steve,

Which version of Streams is this? I vaguely recall that we updated to a version of Rocks that’s compiled for ARM, and I think some people have used it on ARM, but I might be misremembering. 

I’m afraid I can’t be much help in debugging this, but maybe some others on the list have more context. If all else fails, you can probably narrow it down to the Java RocksDB library. If you create",0,2020-08-24,kafka,users@kafka.apache.org,<e31a0c41-f5b3-42ef-a81f-92044a04caa6@www.fastmail.com>,"""John Roesler"" <vvcephei@apache.org>",2026-09-30T22:11:33.117006
APACHE_LISTS_REMINING,Apache Lists,UnsatisfiedLinkError,Re: JNI linker issue on ARM (Raspberry PI),https://lists.apache.org/thread/<CAFLS_9jRF_vo9ZJGfSr83Fbv8e0utSUDp=mi+ecKCRxOPU0CFQ@mail.gmail.com>,"Yeah, if you weren't already running it, try upgrading Streams to 2.6. They
recently
added support for ""all"" platforms to rocksdb and we updated the dependency
to
get this fix in 2.6. See KAFKA-9225
<https://issues.apache.org/jira/browse/KAFKA-9225>

If you already were running 2.6, then, that's unfortunate. You might have
some luck
asking the rocksdb folks if all else fails

On Mon, Aug 24, 2020 ",0,2020-08-24,kafka,users@kafka.apache.org,<CAFLS_9jRF_vo9ZJGfSr83Fbv8e0utSUDp=mi+ecKCRxOPU0CFQ@mail.gmail.com>,Sophie Blee-Goldman <sophie@confluent.io>,2026-09-30T22:11:33.117008
APACHE_LISTS_REMINING,Apache Lists,UnsatisfiedLinkError,Re: JNI linker issue on ARM (Raspberry PI),https://lists.apache.org/thread/<CALw+tqBLSK=6+6c8V82s+4U1CVfwaNEVg33G+90toJz3L2nzRQ@mail.gmail.com>,"Version: *kafka_2.12-2.5.0*

RocksDB compiles fine, Kafka compiles fine, I'm just trying to work out
where the linking is done and if that can be changed to a static rather
than a dynamic link.  Any hints appreciated, and I'll document out what
I've found.   Its very stable on the Raspberry Pi as a broker, and for
streams if the streams is run on another machine.

Steve

On Mon, 24 Aug 2020 at 17:",0,2020-08-24,kafka,users@kafka.apache.org,<CALw+tqBLSK=6+6c8V82s+4U1CVfwaNEVg33G+90toJz3L2nzRQ@mail.gmail.com>,Steve Jones <jones.steveg@gmail.com>,2026-09-30T22:11:33.117010
APACHE_LISTS_REMINING,Apache Lists,UnsatisfiedLinkError,Re: JNI linker issue on ARM (Raspberry PI),https://lists.apache.org/thread/<8c05ef7e-806e-4a9c-afc9-695b530cfcef@www.fastmail.com>,"Ah, yes, before messing with rocksjni. As Sophie said, you'll probably just want to try using 2.6.0. It should work ""out of the box"".

Thanks,
-John

On Mon, Aug 24, 2020, at 21:08, Steve Jones wrote:
> Version: *kafka_2.12-2.5.0*
> 
> RocksDB compiles fine, Kafka compiles fine, I'm just trying to work out
> where the linking is done and if that can be changed to a static rather
> than a dynamic l",0,2020-08-24,kafka,users@kafka.apache.org,<8c05ef7e-806e-4a9c-afc9-695b530cfcef@www.fastmail.com>,"""John Roesler"" <vvcephei@apache.org>",2026-09-30T22:11:33.117012
APACHE_LISTS_REMINING,Apache Lists,UnsatisfiedLinkError,Re: JNI linker issue on ARM (Raspberry PI),https://lists.apache.org/thread/<CALw+tqDsO-K5VcvWW-2jdA=ETD8EK5bo6QgdL2KHOEs-n9hEzQ@mail.gmail.com>,"Ok so an update here, it's just a learning thing alongside the day job so
it took a little longer than expected.  I upgraded to 2.6 but the same
thing happened, the reason is that rocksDB doesn't include the .so for the
Raspberry Pi platform, hence the linker error.  Solution was to build the
JNI jar on the Raspberry PI.

Blogged it so there is a record in case someone else has the challenge.
One ",0,2020-08-27,kafka,users@kafka.apache.org,<CALw+tqDsO-K5VcvWW-2jdA=ETD8EK5bo6QgdL2KHOEs-n9hEzQ@mail.gmail.com>,Steve Jones <jones.steveg@gmail.com>,2026-09-30T22:11:33.117014
APACHE_LISTS_REMINING,Apache Lists,UnsatisfiedLinkError,Re: JNI linker issue on ARM (Raspberry PI),https://lists.apache.org/thread/<CAHwHRrVesF-FUC+Q3qmv4o8SAb4X7sB4gyue0DLondmqpi7VOA@mail.gmail.com>,"Thanks for the update Steve! This is very helpful and I find the blog is a
good read too! Appreciate your contribution to the community.


Guozhang

On Thu, Aug 27, 2020 at 11:06 AM Steve Jones <jones.steveg@gmail.com> wrote:

> Ok so an update here, it's just a learning thing alongside the day job so
> it took a little longer than expected.  I upgraded to 2.6 but the same
> thing happened, the re",0,2020-08-27,kafka,users@kafka.apache.org,<CAHwHRrVesF-FUC+Q3qmv4o8SAb4X7sB4gyue0DLondmqpi7VOA@mail.gmail.com>,Guozhang Wang <wangguoz@gmail.com>,2026-09-30T22:11:33.117015
APACHE_LISTS_REMINING,Apache Lists,JNA,Kafka SSL,"https://lists.apache.org/thread/
 <MEAPR01MB339969FBC757956342CA81EB895E9@MEAPR01MB3399.ausprd01.prod.outlook.com>","Hi all

I'm working on Kafka(kafka_2.13-2.7.0)cluster with SSL enabled, and I need help on Kafka broker config(I got error of connection failed) and client SSL config(I got error of SSL handshake failed).


I setup Kafka and client SSL config by taking reference of
Apache Kafka<https://kafka.apache.org/documentation/#security_ssl>
Apache Kafka TLS encryption & authentication - Azure HDInsig",0,2021-04-30,kafka,users@kafka.apache.org,"
 <MEAPR01MB339969FBC757956342CA81EB895E9@MEAPR01MB3399.ausprd01.prod.outlook.com>",Calvin Chen <pingc.sh@hotmail.com>,2026-09-30T22:11:52.340973
APACHE_LISTS_REMINING,Apache Lists,JNA,Re: Kafka SSL,https://lists.apache.org/thread/<CADg-+raTbQXuQsos+PaNSVOZqr+h5NvS-vfj-H1AS+0derw_Gw@mail.gmail.com>,"Hi seems you setup in port 9093 only ssl as a method of authentication and
method of transfer encryption,  so it means in the client configuration you
would need the keystore configured as well, you could choose other mean of
authentication such as PLAIN_SSL or so own, hope thats helps, keep us
updated,  good luck

בתאריך יום ו׳, 30 באפר׳ 2021, 19:27, מאת Calvin Chen ‏<pingc.sh@hotmail.com
>:

> H",0,2021-04-30,kafka,users@kafka.apache.org,<CADg-+raTbQXuQsos+PaNSVOZqr+h5NvS-vfj-H1AS+0derw_Gw@mail.gmail.com>,Ran Lupovich <ranlupovich@gmail.com>,2026-09-30T22:11:52.340985
APACHE_LISTS_REMINING,Apache Lists,JNA,Re: Kafka SSL,https://lists.apache.org/thread/<CADg-+rafK5OT_uiMeHv-5V8Gj85yLfDgp2xu_WruoTDRYz06eQ@mail.gmail.com>,"https://docs.confluent.io/platform/current/kafka/authentication_ssl.html

Check this out

בתאריך יום ו׳, 30 באפר׳ 2021, 20:06, מאת Ran Lupovich ‏<
ranlupovich@gmail.com>:

> Hi seems you setup in port 9093 only ssl as a method of authentication and
> method of transfer encryption,  so it means in the client configuration you
> would need the keystore configured as well, you could choose other mean",0,2021-04-30,kafka,users@kafka.apache.org,<CADg-+rafK5OT_uiMeHv-5V8Gj85yLfDgp2xu_WruoTDRYz06eQ@mail.gmail.com>,Ran Lupovich <ranlupovich@gmail.com>,2026-09-30T22:11:52.340987
APACHE_LISTS_REMINING,Apache Lists,JNA,RE: Apache Kafka EOL policy,"https://lists.apache.org/thread/
 <BYAPR07MB60069EC44C66EFABFFDEE522E0AA9@BYAPR07MB6006.namprd07.prod.outlook.com>","Thanks a lot Josep. This cleared all our doubts.

Thanks
Gautham

-----Original Message-----
From: Josep Prat <josep.prat@aiven.io.INVALID> 
Sent: Tuesday, February 21, 2023 2:24 PM
To: Users <users@kafka.apache.org>
Subject: Re: Apache Kafka EOL policy

Hi Gautham,

""The last 3 releases are covered and one can upgrade to the latest version from the last previous 3"" means that you should be able t",0,2023-02-22,kafka,users@kafka.apache.org,"
 <BYAPR07MB60069EC44C66EFABFFDEE522E0AA9@BYAPR07MB6006.namprd07.prod.outlook.com>","""Jayanna, Gautham"" <gautham.jayanna@siemens.com>",2026-09-30T22:12:42.358663
APACHE_LISTS_REMINING,Apache Lists,JNA,Re: Does the kafka controller protocol have a fallback?,https://lists.apache.org/thread/<CAE-90A8Bo1E7r4M9NRZDpH-Cf5wMayB8iy7U9OMm+6qWcp8jHw@mail.gmail.com>,"Just following up, I realized I forgot to add some information.

This is using kafka 3.5.1,

I am in the process of setting up a kafka cluster which is configured to
> use KRaft.  There is a set of three controller nodes and a set of six
> brokers.  Both the controllers and the brokers are configured to use mTLS
> (Mutual TLS).  So the part of the controller config looks like:
>
> listeners=CONTRO",0,2024-04-22,kafka,users@kafka.apache.org,<CAE-90A8Bo1E7r4M9NRZDpH-Cf5wMayB8iy7U9OMm+6qWcp8jHw@mail.gmail.com>,Dima Brodsky <ddbrodsky@gmail.com>,2026-09-30T22:13:13.457897
APACHE_LISTS_REMINING,Apache Lists,JVM crash,"[jira] [Created] (FLINK-1442) Archived Execution Graph consumes too
 much memory",https://lists.apache.org/thread/<JIRA.12769893.1422131960000.166393.1422131974892@Atlassian.JIRA>,"Stephan Ewen created FLINK-1442:
-----------------------------------

             Summary: Archived Execution Graph consumes too much memory
                 Key: FLINK-1442
                 URL: https://issues.apache.org/jira/browse/FLINK-1442
             Project: Flink
          Issue Type: Bug
          Components: JobManager
    Affects Versions: 0.9
            Reporter: Stephan Ewen


The ",0,2015-01-24,flink,dev@flink.apache.org,<JIRA.12769893.1422131960000.166393.1422131974892@Atlassian.JIRA>,"""Stephan Ewen (JIRA)"" <jira@apache.org>",2026-09-30T22:14:18.205009
APACHE_LISTS_REMINING,Apache Lists,compilation errors,New to Apache Flink,"https://lists.apache.org/thread/
 <CAC3Ns4dhQZCPo6yo2DV+u387gPEJxdoc87DBT+dErwo12HQPSw@mail.gmail.com>","Hi,

I am new to Apache Flink and I really like the look of the API. I have been
working with Storm for the past year and have questions about the
DataStream API among others.

1. What are the interactions of the actor system in the flink ecosystem?
Where can I find more information?
2. Is there a Flink web UI in embedded mode? ( Not on cluster )
3. Why is there a poll time min of 50ms for the Dat",0,2016-01-06,flink,dev@flink.apache.org,"
 <CAC3Ns4dhQZCPo6yo2DV+u387gPEJxdoc87DBT+dErwo12HQPSw@mail.gmail.com>",Arjun Rao <sporty.arjun@gmail.com>,2026-09-30T22:15:07.157723
APACHE_LISTS_REMINING,Apache Lists,compilation errors,Re: New to Apache Flink,"https://lists.apache.org/thread/
 <CAC27z=Mj-r_M3+EzMnZF4s-FymiLBOC2MgAQF+Qa5twcYO-Hsg@mail.gmail.com>","Hi Arjun,

welcome to the Flink community :-)

On Thu, Jan 7, 2016 at 5:40 AM, Arjun Rao <sporty.arjun@gmail.com> wrote:

> Hi,
>
> I am new to Apache Flink and I really like the look of the API. I have been
> working with Storm for the past year and have questions about the
> DataStream API among others.
>
> 1. What are the interactions of the actor system in the flink ecosystem?
> Where can I fi",0,2016-01-07,flink,dev@flink.apache.org,"
 <CAC27z=Mj-r_M3+EzMnZF4s-FymiLBOC2MgAQF+Qa5twcYO-Hsg@mail.gmail.com>",Till Rohrmann <trohrmann@apache.org>,2026-09-30T22:15:07.157736
APACHE_LISTS_REMINING,Apache Lists,compilation errors,Re: New to Apache Flink,"https://lists.apache.org/thread/
 <CANC1h_uM1gUOCS31X8SE4svKCXAUgjj8qykL+qo+e5kfWUo0dg@mail.gmail.com>","For the generated classes like
""org.apache.flink.api.io.avro.generated.Address;"",
IntelliJ has a shortcut: Just right-click on the project, select ""Maven ->
generate sources and update folders"".

That should do the trick...

On Thu, Jan 7, 2016 at 11:55 AM, Till Rohrmann <trohrmann@apache.org> wrote:

> Hi Arjun,
>
> welcome to the Flink community :-)
>
> On Thu, Jan 7, 2016 at 5:40 AM, Arjun Rao ",0,2016-01-07,flink,dev@flink.apache.org,"
 <CANC1h_uM1gUOCS31X8SE4svKCXAUgjj8qykL+qo+e5kfWUo0dg@mail.gmail.com>",Stephan Ewen <sewen@apache.org>,2026-09-30T22:15:07.157738
APACHE_LISTS_REMINING,Apache Lists,compilation errors,Re: New to Apache Flink,"https://lists.apache.org/thread/
 <CAC3Ns4fkky8t_ztyVOuMw2-xaQk=9PyV2uD1+rOkk_PEq3ZVAQ@mail.gmail.com>","Thanks for the replies and help. Stephan, the Maven shortcut worked like a
charm :).

- As for the 50ms window duration, when I was running the WindowWordCount
example with a duration of 5ms, I encountered this error stack trace:

Exception in thread ""main"" java.lang.IllegalArgumentException: Window
length must be at least 50 msecs
at
org.apache.flink.streaming.runtime.operators.windowing.Abstract",0,2016-01-11,flink,dev@flink.apache.org,"
 <CAC3Ns4fkky8t_ztyVOuMw2-xaQk=9PyV2uD1+rOkk_PEq3ZVAQ@mail.gmail.com>",Arjun Rao <sporty.arjun@gmail.com>,2026-09-30T22:15:07.157740
APACHE_LISTS_REMINING,Apache Lists,compilation errors,Re: New to Apache Flink,"https://lists.apache.org/thread/
 <CAAdrtT3vLuwDP85QK0JQaX16Fxmo-AZaJoJE6M8LVvX_Q5Ubrw@mail.gmail.com>","Hi Arjun,

yes, it is possible to start the web dashboard also when running jobs from
the IDE.
It is a bit hacky though...

You can do it by creating a LocalStreamExecutionEnvironment as follows:

val config = new Configuration()
config.setBoolean(ConfigConstants.LOCAL_START_WEBSERVER, true)
config.setString(ConfigConstants.JOB_MANAGER_WEB_LOG_PATH_KEY,
""/path/to/some/random/text/file"")
new LocalS",0,2016-01-12,flink,dev@flink.apache.org,"
 <CAAdrtT3vLuwDP85QK0JQaX16Fxmo-AZaJoJE6M8LVvX_Q5Ubrw@mail.gmail.com>",Fabian Hueske <fhueske@gmail.com>,2026-09-30T22:15:07.157742
APACHE_LISTS_REMINING,Apache Lists,compilation errors,Re: New to Apache Flink,"https://lists.apache.org/thread/
 <CANC1h_uLczursQ8E=8vrKGbxeWJ7Ce2tLKo+W9_dv7mhqYZGjw@mail.gmail.com>","Actually, the latest master should have this fix. The Dashboard ignores the
log fiel if not found...

On Tue, Jan 12, 2016 at 10:32 AM, Fabian Hueske <fhueske@gmail.com> wrote:

> Hi Arjun,
>
> yes, it is possible to start the web dashboard also when running jobs from
> the IDE.
> It is a bit hacky though...
>
> You can do it by creating a LocalStreamExecutionEnvironment as follows:
>
> val config",0,2016-01-12,flink,dev@flink.apache.org,"
 <CANC1h_uLczursQ8E=8vrKGbxeWJ7Ce2tLKo+W9_dv7mhqYZGjw@mail.gmail.com>",Stephan Ewen <sewen@apache.org>,2026-09-30T22:15:07.157745
APACHE_LISTS_REMINING,Apache Lists,compilation errors,RE: Expected duration for cascading-flink tests?,https://lists.apache.org/thread/<9EA6963C-2F4B-442A-AF06-8C1A581624EB@transpac.com>,"Hi Fabian,

> From: Fabian Hueske
> Sent: March 29, 2016 3:51:08pm PDT
> To: dev@flink.apache.org
> Subject: Re: Expected duration for cascading-flink tests?
> 
> Hi Ken,
> 
> no, this is definitely not expected. The tests complete in about 30 mins on
> my machine.
> Is it possible that you have another Flink process running on your machine
> (maybe a debug thread in your IDE)? That could explain ",0,2016-03-29,flink,dev@flink.apache.org,<9EA6963C-2F4B-442A-AF06-8C1A581624EB@transpac.com>,Ken Krugler <kkrugler_lists@transpac.com>,2026-09-30T22:15:13.606443
APACHE_LISTS_REMINING,Apache Lists,compilation errors,Re: Expected duration for cascading-flink tests?,"https://lists.apache.org/thread/
 <CAAdrtT083jNcskZMtyhg7tewYYXK2-JVxtHUFuZH_B4PVboBFA@mail.gmail.com>","Hi Ken,

regarding the failed tests:
- cascading.JoinFieldedPipesPlatformTest$testJoinMergeGroupBy is expected
to fail due to restrictions in the MR/Tez engines. If I remember correctly,
this is about deadlocks that need to be resolved by splitting a job.
Flink's optimizer detects such situations and places a dam breaker to
resolve such a situation within a single job and is hence able to execute
",0,2016-03-30,flink,dev@flink.apache.org,"
 <CAAdrtT083jNcskZMtyhg7tewYYXK2-JVxtHUFuZH_B4PVboBFA@mail.gmail.com>",Fabian Hueske <fhueske@gmail.com>,2026-09-30T22:15:13.606459
APACHE_LISTS_REMINING,Apache Lists,compilation errors,cascading-flink 1.0 results,https://lists.apache.org/thread/<36128B5C-0A67-49E7-AD28-C62F7F868094@transpac.com>,"Hi Fabian,

I've been trying out the cascading-flink 1.0 branch (updated to cascading-3.1-wip-56) with our cascading.utils project.

I ran into one initial challenge, where older Kryo versions don't work with Flink - it seems like it has to be 2.24.0, otherwise you get a no-such-method error (2.19) or an odd hang while Kryo is trying to read (2.21). So there was a bit of version management require",0,2016-03-30,flink,dev@flink.apache.org,<36128B5C-0A67-49E7-AD28-C62F7F868094@transpac.com>,Ken Krugler <kkrugler_lists@transpac.com>,2026-09-30T22:15:13.606461
APACHE_LISTS_REMINING,Apache Lists,compilation errors,Re: cascading-flink 1.0 results,"https://lists.apache.org/thread/
 <CAAdrtT01pYqn5fRzzjyE7VdSVd_ND2y_zNz2sG=MCmESfEn5QQ@mail.gmail.com>","Hi Ken,

I'm currently on vacation and will be back in a week.
Would you like to open an issue at the cascading-flink Github project a
describe the Scheme.setNumSinkParts() problem?
I'll try to fix it when I'm back.

Thanks for checking with Chris the ComparePlatformsTest issue. I'll exclude
that test case.

Thanks, Fabian

2016-03-30 21:46 GMT+02:00 Ken Krugler <kkrugler_lists@transpac.com>:

> H",0,2016-04-01,flink,dev@flink.apache.org,"
 <CAAdrtT01pYqn5fRzzjyE7VdSVd_ND2y_zNz2sG=MCmESfEn5QQ@mail.gmail.com>",Fabian Hueske <fhueske@gmail.com>,2026-09-30T22:15:17.473953
APACHE_LISTS_REMINING,Apache Lists,compilation errors,RE: cascading-flink 1.0 results,https://lists.apache.org/thread/<16E7BD73-8ED2-42E5-A28D-C8C93475A349@transpac.com>,"Hi Fabian,

I figured you might be away - and sorry for interrupting your vacation.

I've got ahead and opened issues for these two items.

Regards,

-- Ken

> From: Fabian Hueske
> Sent: March 31, 2016 3:44:07pm PDT
> To: dev@flink.apache.org
> Subject: Re: cascading-flink 1.0 results
> 
> Hi Ken,
> 
> I'm currently on vacation and will be back in a week.
> Would you like to open an issue at the ",0,2016-03-31,flink,dev@flink.apache.org,<16E7BD73-8ED2-42E5-A28D-C8C93475A349@transpac.com>,Ken Krugler <kkrugler_lists@transpac.com>,2026-09-30T22:15:17.473977
APACHE_LISTS_REMINING,Apache Lists,compilation errors,Re: Expected duration for cascading-flink tests?,"https://lists.apache.org/thread/
 <CAAdrtT09F-u06vxgAziSaG3OQ7iRrMMxit5xmJtLg6kFN6-VNg@mail.gmail.com>","Hi Ken,

I fixed the issues you reported and pushed a new version that depends on
Flink 1.0.1 and Cascading 3.1-wip-56 to the master branch [1].
We will publish this branch soon as cascading-flink 0.2.

Thanks for your help,
Fabian

[1] https://github.com/dataArtisans/cascading-flink/tree/master

2016-03-30 11:04 GMT+02:00 Fabian Hueske <fhueske@gmail.com>:

> Hi Ken,
>
> regarding the failed test",0,2016-04-07,flink,dev@flink.apache.org,"
 <CAAdrtT09F-u06vxgAziSaG3OQ7iRrMMxit5xmJtLg6kFN6-VNg@mail.gmail.com>",Fabian Hueske <fhueske@gmail.com>,2026-09-30T22:15:17.473981
APACHE_LISTS_REMINING,Apache Lists,UnsatisfiedLinkError,"[jira] [Created] (FLINK-3725) Exception in thread ""main""
 scala.MatchError: ... (of class scala.Tuple4)",https://lists.apache.org/thread/<JIRA.12957672.1460373457000.191576.1460373505638@Atlassian.JIRA>,"Maxim Dobryakov created FLINK-3725:
--------------------------------------

             Summary: Exception in thread ""main"" scala.MatchError: ... (of class scala.Tuple4)
                 Key: FLINK-3725
                 URL: https://issues.apache.org/jira/browse/FLINK-3725
             Project: Flink
          Issue Type: Bug
          Components: JobManager
    Affects Versions: 1.0.1
         E",0,2016-04-11,flink,dev@flink.apache.org,<JIRA.12957672.1460373457000.191576.1460373505638@Atlassian.JIRA>,"""Maxim Dobryakov (JIRA)"" <jira@apache.org>",2026-09-30T22:15:17.473984
APACHE_LISTS_REMINING,Apache Lists,JNA,Re: offheap memory allocation and memory leak bug,https://lists.apache.org/thread/<CAK2vtervsw4muBOc4SWix0mR6Y9biJznjuYpF6_f9f0g9-_6LA@mail.gmail.com>,"Hi,

I think i found some information regarding this behavior.  In jvm it is
almost imposible to free allocated memory via ByteBuffer.allocateDirect.
There is no explicit way to say jvm ""free this direct bytebuffer"". In some
forums they said you can free memory with below method:

> def releaseBuffers(buffers:List[ByteBuffer]):List[ByteBuffer] = {
>
>     if(!buffers.isEmpty){
>
>         val clea",0,2016-06-19,flink,dev@flink.apache.org,<CAK2vtervsw4muBOc4SWix0mR6Y9biJznjuYpF6_f9f0g9-_6LA@mail.gmail.com>,CPC <achalil@gmail.com>,2026-09-30T22:15:25.179206
APACHE_LISTS_REMINING,Apache Lists,JNA,Re: offheap memory allocation and memory leak bug,https://lists.apache.org/thread/<CAC27z=Nr3F91xpeUCEEJRb0eKHOZnF-1asGemA5oCvSGQY7r-g@mail.gmail.com>,"Hi,

your observation sounds like a bug to me and we have to further investigate
it. I assume that you’re running a batch job, right? Could you maybe share
your complete configuration and the job to reproduce the problem with us?

I think that your investigation that direct buffers are not properly freed
and garbage collected can be right. I will open a JIRA issue to further
investigate and solve ",0,2016-06-20,flink,dev@flink.apache.org,<CAC27z=Nr3F91xpeUCEEJRb0eKHOZnF-1asGemA5oCvSGQY7r-g@mail.gmail.com>,Till Rohrmann <trohrmann@apache.org>,2026-09-30T22:15:25.179220
APACHE_LISTS_REMINING,Apache Lists,JNA,Re: offheap memory allocation and memory leak bug,https://lists.apache.org/thread/<CAK2vteo81dG99SFqCGjnyBGL1SB9_aOjNqQ8B18gKZmVZROtrQ@mail.gmail.com>,"Hi Till,

I saw jira issue. Do you want me to upload input dataset as well? If you
want i can prepare a github repo if it would be more easier.
On Jun 20, 2016 1:10 PM, ""Till Rohrmann"" <trohrmann@apache.org> wrote:

> Hi,
>
> your observation sounds like a bug to me and we have to further investigate
> it. I assume that you’re running a batch job, right? Could you maybe share
> your complete confi",0,2016-06-20,flink,dev@flink.apache.org,<CAK2vteo81dG99SFqCGjnyBGL1SB9_aOjNqQ8B18gKZmVZROtrQ@mail.gmail.com>,CPC <achalil@gmail.com>,2026-09-30T22:15:25.179223
APACHE_LISTS_REMINING,Apache Lists,JNA,Re: offheap memory allocation and memory leak bug,https://lists.apache.org/thread/<CAC27z=M39moLqjFeQYjUMh3bPF5PzkgZmRf3NHQjAOE4xdE+DA@mail.gmail.com>,"That would be great. Best you directly post the link to the JIRA issue.

Cheers,
Till

On Mon, Jun 20, 2016 at 12:55 PM, CPC <achalil@gmail.com> wrote:

> Hi Till,
>
> I saw jira issue. Do you want me to upload input dataset as well? If you
> want i can prepare a github repo if it would be more easier.
> On Jun 20, 2016 1:10 PM, ""Till Rohrmann"" <trohrmann@apache.org> wrote:
>
> > Hi,
> >
> > your ",0,2016-06-20,flink,dev@flink.apache.org,<CAC27z=M39moLqjFeQYjUMh3bPF5PzkgZmRf3NHQjAOE4xdE+DA@mail.gmail.com>,Till Rohrmann <trohrmann@apache.org>,2026-09-30T22:15:25.179225
APACHE_LISTS_REMINING,Apache Lists,UnsatisfiedLinkError,[Issue] java.lang.UnsatisfiedLinkError,https://lists.apache.org/thread/<CAMpYU5Tcwf7osfV5Ow8aJQSWUweVHjkfxkPtSDyGnqVTmZk4tg@mail.gmail.com>,"Hi ,

I am writing the data in S3 in avro data file, but when I deploy it on
cluster , I am facing the following issue :

*java.lang.UnsatisfiedLinkError:
org.xerial.snappy.SnappyNative.maxCompressedLength(I)*

This occurs when I try to add the record (GenericRecord) as :
writer.append(record);

The error still occurs even after removing the snappy jar dependency from
pom.

Do we have to add any o",0,2016-06-22,flink,dev@flink.apache.org,<CAMpYU5Tcwf7osfV5Ow8aJQSWUweVHjkfxkPtSDyGnqVTmZk4tg@mail.gmail.com>,Vinay Patil <vinay18.patil@gmail.com>,2026-09-30T22:15:25.179227
APACHE_LISTS_REMINING,Apache Lists,UnsatisfiedLinkError,Re: [Discuss] java.lang.UnsatisfiedLinkError,https://lists.apache.org/thread/<CAMpYU5QH2Bsk6OS7O4c7SW3SwbOMt1fTdOFyvyAhLq31NDDKgQ@mail.gmail.com>,"Hi All,

Just an update on this:

Setting the codec using DataFileWriter setCodec method :

writer.setCodec(CodecFactory.snappyCodec());

Pls help me with this issue

Regards,

Vinay
On Jun 22, 2016 10:47 PM, ""Vinay Patil"" <vinay18.patil@gmail.com> wrote:

> Hi ,
>
> I am writing the data in S3 in avro data file, but when I deploy it on
> cluster , I am facing the following issue :
>
> *java.lang.",0,2016-06-23,flink,dev@flink.apache.org,<CAMpYU5QH2Bsk6OS7O4c7SW3SwbOMt1fTdOFyvyAhLq31NDDKgQ@mail.gmail.com>,Vinay Patil <vinay18.patil@gmail.com>,2026-09-30T22:15:25.179229
APACHE_LISTS_REMINING,Apache Lists,UnsatisfiedLinkError,Re: [Discuss] java.lang.UnsatisfiedLinkError,https://lists.apache.org/thread/<CAC27z=PNcLkVd0aNOPz2c9L2xw-BaMtgrfM_udPAwhtpP4v9Pg@mail.gmail.com>,"Hi Vinay,

maybe this
http://stackoverflow.com/questions/22150417/hadoop-mapreduce-java-lang-unsatisfiedlinkerror-org-apache-hadoop-util-nativec
might help you.

Cheers,
Till

On Thu, Jun 23, 2016 at 5:15 AM, Vinay Patil <vinay18.patil@gmail.com>
wrote:

> Hi All,
>
> Just an update on this:
>
> Setting the codec using DataFileWriter setCodec method :
>
> writer.setCodec(CodecFactory.snappyCodec()",0,2016-06-23,flink,dev@flink.apache.org,<CAC27z=PNcLkVd0aNOPz2c9L2xw-BaMtgrfM_udPAwhtpP4v9Pg@mail.gmail.com>,Till Rohrmann <trohrmann@apache.org>,2026-09-30T22:15:25.179231
APACHE_LISTS_REMINING,Apache Lists,compilation errors,Re: Shading Plugin + Hadoop Dependency,https://lists.apache.org/thread/<901583751.255101.1466694450677.JavaMail.yahoo@mail.yahoo.com>,"Hi Rob,
I ran the build and now I could see the minikdc classes bundled in ""flink-shaded-include-yarn-tests/target/flink-shaded-include-yarn-tests-1.1-SNAPSHOT.jar"" location.

cd /workspace/git-projects/flink/flink-shaded-hadoop/flink-shaded-include-yarn-tests
$ jar tf target/flink-shaded-include-yarn-tests-1.1-SNAPSHOT.jar | grep minikdcminikdc-krb5.confminikdc.ldifforg/apache/hadoop/minikdc/org/",0,2016-06-23,flink,dev@flink.apache.org,<901583751.255101.1466694450677.JavaMail.yahoo@mail.yahoo.com>,Vijay Srinivasaraghavan <vijikarthi@yahoo.com.INVALID>,2026-09-30T22:15:25.179233
APACHE_LISTS_REMINING,Apache Lists,JVM crash,"[jira] [Created] (FLINK-4193) Task manager JVM crashes while
 deploying cancelling jobs",https://lists.apache.org/thread/<JIRA.12988298.1468246287000.77578.1468246330938@Atlassian.JIRA>,"Gyula Fora created FLINK-4193:
---------------------------------

             Summary: Task manager JVM crashes while deploying cancelling jobs
                 Key: FLINK-4193
                 URL: https://issues.apache.org/jira/browse/FLINK-4193
             Project: Flink
          Issue Type: Bug
          Components: Streaming, TaskManager
            Reporter: Gyula Fora
            Priorit",0,2016-07-11,flink,dev@flink.apache.org,<JIRA.12988298.1468246287000.77578.1468246330938@Atlassian.JIRA>,"""Gyula Fora (JIRA)"" <jira@apache.org>",2026-09-30T22:15:29.814587
APACHE_LISTS_REMINING,Apache Lists,UnsatisfiedLinkError,"[jira] [Created] (FLINK-5408) RocksDB initialization can fail with
 an UnsatisfiedLinkError in the presence of multiple classloaders",https://lists.apache.org/thread/<JIRA.13032115.1483572515000.644555.1483572538362@Atlassian.JIRA>,"Stephan Ewen created FLINK-5408:
-----------------------------------

             Summary: RocksDB initialization can fail with an UnsatisfiedLinkError in the presence of multiple classloaders
                 Key: FLINK-5408
                 URL: https://issues.apache.org/jira/browse/FLINK-5408
             Project: Flink
          Issue Type: Bug
          Components: ksDB State Backend
    Aff",0,2017-01-04,flink,dev@flink.apache.org,<JIRA.13032115.1483572515000.644555.1483572538362@Atlassian.JIRA>,"""Stephan Ewen (JIRA)"" <jira@apache.org>",2026-09-30T22:15:50.093395
APACHE_LISTS_REMINING,Apache Lists,"UnsatisfiedLinkError, System.loadLibrary",Using native library in Flink,https://lists.apache.org/thread/<OFCF00BBB5.ECBCCE51-ON86258160.006AE19D-86258160.006B2193@notes.na.collabserv.com>,"I am new Flink user just trying to learn a little bit.  I am trying to 
incorporate an existing C++ library into a new Flink application.  I am 
seeing some strange behavior when trying to link in the native (C++) 
library using java via JNI.
 
I am running this on Linux (RHEL6)
 
I can run my application once without error.  Sometimes it will run 
successfully a 2nd or 3rd time.  However, eventua",0,2017-07-17,flink,dev@flink.apache.org,<OFCF00BBB5.ECBCCE51-ON86258160.006AE19D-86258160.006B2193@notes.na.collabserv.com>,"""Mike Accola"" <maccola@us.ibm.com>",2026-09-30T22:16:13.069410
APACHE_LISTS_REMINING,Apache Lists,"UnsatisfiedLinkError, System.loadLibrary",Re: Using native library in Flink,https://lists.apache.org/thread/<5646300b-ed5b-9307-531a-a65d46b94cf7@apache.org>,"Hi Mike,

do you run Flink locally or in a cluster? You have to make sure that VM 
argument -Djava.library.path is set for all Flink JVMs. Job Manager and 
Task Managers might run in separate JVMs. Make also sure that the 
library is accessible from all node. I don't know what happens if the 
file is accessed by multiple processes/threads at the same time. It 
might also important where you put th",0,2017-07-18,flink,dev@flink.apache.org,<5646300b-ed5b-9307-531a-a65d46b94cf7@apache.org>,Timo Walther <twalthr@apache.org>,2026-09-30T22:16:13.069443
APACHE_LISTS_REMINING,Apache Lists,"UnsatisfiedLinkError, System.loadLibrary",Re: Using native library in Flink,https://lists.apache.org/thread/<CAGKOEz0HLDbVT0wsoapdv-E2XYwt-ukDzsF3ARyRFur2v4MLvA@mail.gmail.com>,"The solution mentioned by Timo works well with a standalone Flink cluster
but might not work with a YARN or Mesos cluster.  An alternative is to have
your Java library contain the native library within itself, and to extract
it to a temporary directory before calling `System.loadLibrary(...)`.
Note that you lose the advantages of using the native OS's packaging system
(e.g. security patches, depen",0,2017-07-18,flink,dev@flink.apache.org,<CAGKOEz0HLDbVT0wsoapdv-E2XYwt-ukDzsF3ARyRFur2v4MLvA@mail.gmail.com>,Eron Wright <eronwright@gmail.com>,2026-09-30T22:16:13.069445
APACHE_LISTS_REMINING,Apache Lists,"UnsatisfiedLinkError, System.loadLibrary",Re: Using native library in Flink,https://lists.apache.org/thread/<OF338BE306.189C6A1A-ON86258162.0072556D-86258162.0072A4C5@notes.na.collabserv.com>,"Timo/Eron -

Thank you for the responses. To answer a few of your questions:

- For now, I am just running in a simple, local environment 
(start-local.sh)
- I have this entry in the flink-conf.yaml file:  env.java.opts : 
""-Djava.library.path=/myPathWithTheLibrary"".  From looking at logs, it 
looks like the JVM is picking up this setting.  (plus if I remove the 
setting, things don't work at all)",0,2017-07-19,flink,dev@flink.apache.org,<OF338BE306.189C6A1A-ON86258162.0072556D-86258162.0072A4C5@notes.na.collabserv.com>,"""Mike Accola"" <maccola@us.ibm.com>",2026-09-30T22:16:13.069448
APACHE_LISTS_REMINING,Apache Lists,JNA,System resource logger,https://lists.apache.org/thread/<8528188A-082D-4A89-B718-4BD63127C5BF@data-artisans.com>,"Hi,

Lately I was debugging some weird test failures on Travis and I needed to look into metrics like:
- User, System, IOWait, IRQ CPU usages (based on CPU ticks since previous check)
- System wide memory consumption (including making sure that swap was disabled)
- network usage 
- etc…

Without an access to the machines itself. For this purpose I implemented some periodic daemon thread logger. Lo",0,2017-10-04,flink,dev@flink.apache.org,<8528188A-082D-4A89-B718-4BD63127C5BF@data-artisans.com>,Piotr Nowojski <piotr@data-artisans.com>,2026-09-30T22:16:21.948387
APACHE_LISTS_REMINING,Apache Lists,JNA,Re: System resource logger,https://lists.apache.org/thread/<ED8E3953-419B-45E6-AEEF-D3977B1167AC@greghogan.com>,"What if we added these as system metrics and added a way to write metrics to a (separate?) log file?


> On Oct 4, 2017, at 10:13 AM, Piotr Nowojski <piotr@data-artisans.com> wrote:
> 
> Hi,
> 
> Lately I was debugging some weird test failures on Travis and I needed to look into metrics like:
> - User, System, IOWait, IRQ CPU usages (based on CPU ticks since previous check)
> - System wide memory ",0,2017-10-04,flink,dev@flink.apache.org,<ED8E3953-419B-45E6-AEEF-D3977B1167AC@greghogan.com>,Greg Hogan <code@greghogan.com>,2026-09-30T22:16:21.948399
APACHE_LISTS_REMINING,Apache Lists,JNA,Re: System resource logger,https://lists.apache.org/thread/<A5462CF3-6CD1-4AB1-801B-80A37625170E@data-artisans.com>,"+1 thanks for pointing this out. It makes sense to just expand those system metrics (I was not aware of them). 

> On Oct 4, 2017, at 6:07 PM, Greg Hogan <code@greghogan.com> wrote:
> 
> What if we added these as system metrics and added a way to write metrics to a (separate?) log file?
> 
> 
>> On Oct 4, 2017, at 10:13 AM, Piotr Nowojski <piotr@data-artisans.com> wrote:
>> 
>> Hi,
>> 
>> Lately I",0,2017-10-05,flink,dev@flink.apache.org,<A5462CF3-6CD1-4AB1-801B-80A37625170E@data-artisans.com>,Piotr Nowojski <piotr@data-artisans.com>,2026-09-30T22:16:21.948402
APACHE_LISTS_REMINING,Apache Lists,JNA,Re: System resource logger,https://lists.apache.org/thread/<CAC27z=NriczFSivENOCGEOtOV10AeiBAwiNzDQAQth7UCtR3jg@mail.gmail.com>,"Thanks for the proposal Piotr. I like it a lot since it will help people to
better understand their system. I would also be in favour of adding them to
the system metrics. I think o.a.f.runtime.metrics.util.MetricUtils is the
right place to start. Given the small dependency footprint and the
compatible license, I would be in favour of option 1.

Cheers,
Till
​

On Thu, Oct 5, 2017 at 11:19 AM, Pio",0,2017-10-05,flink,dev@flink.apache.org,<CAC27z=NriczFSivENOCGEOtOV10AeiBAwiNzDQAQth7UCtR3jg@mail.gmail.com>,Till Rohrmann <trohrmann@apache.org>,2026-09-30T22:16:21.948404
APACHE_LISTS_REMINING,Apache Lists,JNA,Re: System resource logger,https://lists.apache.org/thread/<CABW0-KcUEbviVMBTETjRTVCj+zEYZ4ks4LBtaDka02iCWeZWmw@mail.gmail.com>,"System and processor info, marked as 'logged once' in gist shared by Piotr,
should still be logged instead of registered as metrics, right?

On Thu, Oct 5, 2017 at 2:38 AM, Till Rohrmann <trohrmann@apache.org> wrote:

> Thanks for the proposal Piotr. I like it a lot since it will help people to
> better understand their system. I would also be in favour of adding them to
> the system metrics. I th",0,2017-10-05,flink,dev@flink.apache.org,<CABW0-KcUEbviVMBTETjRTVCj+zEYZ4ks4LBtaDka02iCWeZWmw@mail.gmail.com>,Bowen Li <bowen.li@offerupnow.com>,2026-09-30T22:16:21.948407
APACHE_LISTS_REMINING,Apache Lists,JNA,Re: System resource logger,https://lists.apache.org/thread/<A8C9F343-2894-41D8-9A89-AC21DC9BEA71@data-artisans.com>,"I have decided to drop this static logged once part. Those are static informations, that user can obtain in some more conventional way.

For now I have left cpu, memory, swap and network interfaces stats.

Piotrek

> On 5 Oct 2017, at 18:45, Bowen Li <bowen.li@offerupnow.com> wrote:
> 
> System and processor info, marked as 'logged once' in gist shared by Piotr,
> should still be logged instead of",0,2017-10-11,flink,dev@flink.apache.org,<A8C9F343-2894-41D8-9A89-AC21DC9BEA71@data-artisans.com>,Piotr Nowojski <piotr@data-artisans.com>,2026-09-30T22:16:21.948409
APACHE_LISTS_REMINING,Apache Lists,UnsatisfiedLinkError,'mvn verify' fails at flink-hadoop-fs,https://lists.apache.org/thread/<C3BADD6743E25D47BCFFA8754B6A9AA24C59C0B3@MISOUT7MSGUSRDF.ITServices.sbc.com>,"I'm running 'mvn clean verify' on Windows with no Hadoop libraries installed, and the build fails (see below).
What's the solution? Is there a switch to skip Hadoop-related tests?
Or I need to install Hadoop libraries?

Thanks,
Alex


Tests run: 1, Failures: 0, Errors: 1, Skipped: 0, Time elapsed: 1.726 sec <<< FAILURE! - in org.apache.flink.runtime.fs.hdfs.HdfsBehaviorTest
org.apache.flink.runtim",0,2018-07-10,flink,dev@flink.apache.org,<C3BADD6743E25D47BCFFA8754B6A9AA24C59C0B3@MISOUT7MSGUSRDF.ITServices.sbc.com>,"""NEKRASSOV, ALEXEI"" <an4828@att.com>",2026-09-30T22:16:48.500372
APACHE_LISTS_REMINING,Apache Lists,UnsatisfiedLinkError,Re: 'mvn verify' fails at flink-hadoop-fs,https://lists.apache.org/thread/<c869ced7-ce06-4aa0-5b68-8d2d20cc28a2@apache.org>,"Generally, any test that uses HDFS will fail on Windows. We've disabled 
most of them, but some slip through from time to time.

Note that we do not provide any guarantees for all tests passing on Windows.

On 10.07.2018 16:28, NEKRASSOV, ALEXEI wrote:
> I'm running 'mvn clean verify' on Windows with no Hadoop libraries installed, and the build fails (see below).
> What's the solution? Is there a ",0,2018-07-10,flink,dev@flink.apache.org,<c869ced7-ce06-4aa0-5b68-8d2d20cc28a2@apache.org>,Chesnay Schepler <chesnay@apache.org>,2026-09-30T22:16:48.500405
APACHE_LISTS_REMINING,Apache Lists,UnsatisfiedLinkError,Re: 'mvn verify' fails at flink-hadoop-fs,https://lists.apache.org/thread/<5bee1d60-d290-f633-0966-68d236a74fd1@apache.org>,"There's currently no workaround except going in and manually disabling them.

On 10.07.2018 16:32, Chesnay Schepler wrote:
> Generally, any test that uses HDFS will fail on Windows. We've 
> disabled most of them, but some slip through from time to time.
>
> Note that we do not provide any guarantees for all tests passing on 
> Windows.
>
> On 10.07.2018 16:28, NEKRASSOV, ALEXEI wrote:
>> I'm runn",0,2018-07-10,flink,dev@flink.apache.org,<5bee1d60-d290-f633-0966-68d236a74fd1@apache.org>,Chesnay Schepler <chesnay@apache.org>,2026-09-30T22:16:48.500408
APACHE_LISTS_REMINING,Apache Lists,UnsatisfiedLinkError,RE: 'mvn verify' fails at flink-hadoop-fs,https://lists.apache.org/thread/<C3BADD6743E25D47BCFFA8754B6A9AA24C59C6D8@MISOUT7MSGUSRDF.ITServices.sbc.com>,"I added lines below to flink-hadoop-fs/pom.xml, and that allowed me to turn off the tests that were failing for me. 
Do we want to add this change to master?
If so, do I need to document this new switch somewhere?

(
the build then hang for me at flink-runtime, but that's a different issue
Tests run: 7, Failures: 0, Errors: 0, Skipped: 0, Time elapsed: 25.969 sec - in org.apache.flink.runtime.task",0,2018-07-10,flink,dev@flink.apache.org,<C3BADD6743E25D47BCFFA8754B6A9AA24C59C6D8@MISOUT7MSGUSRDF.ITServices.sbc.com>,"""NEKRASSOV, ALEXEI"" <an4828@att.com>",2026-09-30T22:16:48.500410
APACHE_LISTS_REMINING,Apache Lists,UnsatisfiedLinkError,Re: 'mvn verify' fails at flink-hadoop-fs,https://lists.apache.org/thread/<39f4440d-86f1-a981-4c37-a437995f1a57@apache.org>,"That flat-out disables all tests in the module, even those that could 
run on Windows.

We commonly add an OS check to respective tests that skip the tests, 
with an ""Assume.assumeTrue(os!=windows)"" statement in a ""@BeforeClass"" 
method.

On 10.07.2018 21:00, NEKRASSOV, ALEXEI wrote:
> I added lines below to flink-hadoop-fs/pom.xml, and that allowed me to turn off the tests that were failing for m",0,2018-07-10,flink,dev@flink.apache.org,<39f4440d-86f1-a981-4c37-a437995f1a57@apache.org>,Chesnay Schepler <chesnay@apache.org>,2026-09-30T22:16:48.500412
APACHE_LISTS_REMINING,Apache Lists,UnsatisfiedLinkError,RE: 'mvn verify' fails at flink-hadoop-fs,https://lists.apache.org/thread/<C3BADD6743E25D47BCFFA8754B6A9AA24C59C82A@MISOUT7MSGUSRDF.ITServices.sbc.com>,"I now see that the test that fails for me already has this check. But I don't think it is done correctly.

https://github.com/apache/flink/blob/master/flink-filesystems/flink-hadoop-fs/src/test/java/org/apache/flink/runtime/fs/hdfs/HdfsBehaviorTest.java has verifyOS() but a failed assumption in that method doesn't stop us from executing createHDFS() where there is no check, and thus the test fails",0,2018-07-10,flink,dev@flink.apache.org,<C3BADD6743E25D47BCFFA8754B6A9AA24C59C82A@MISOUT7MSGUSRDF.ITServices.sbc.com>,"""NEKRASSOV, ALEXEI"" <an4828@att.com>",2026-09-30T22:16:48.500415
APACHE_LISTS_REMINING,Apache Lists,JNA,"[jira] [Created] (FLINK-10681)
 elasticsearch6.ElasticsearchSinkITCase fails if wrong JNA installed",https://lists.apache.org/thread/<JIRA.13194175.1540481702000.201882.1540481760147@Atlassian.JIRA>,"Till Rohrmann created FLINK-10681:
-------------------------------------

             Summary: elasticsearch6.ElasticsearchSinkITCase fails if wrong JNA installed
                 Key: FLINK-10681
                 URL: https://issues.apache.org/jira/browse/FLINK-10681
             Project: Flink
          Issue Type: Bug
          Components: ElasticSearch Connector, Tests
    Affects Versions: 1",0,2018-10-25,flink,dev@flink.apache.org,<JIRA.13194175.1540481702000.201882.1540481760147@Atlassian.JIRA>,"""Till Rohrmann (JIRA)"" <jira@apache.org>",2026-09-30T22:16:58.206275
APACHE_LISTS_REMINING,Apache Lists,"UnsatisfiedLinkError, System.loadLibrary","[jira] [Created] (FLINK-11402) User code can fail with an
 UnsatisfiedLinkError in the presence of multiple classloaders",https://lists.apache.org/thread/<JIRA.13210842.1548108179000.145545.1548108240100@Atlassian.JIRA>,"Ufuk Celebi created FLINK-11402:
-----------------------------------

             Summary: User code can fail with an UnsatisfiedLinkError in the presence of multiple classloaders
                 Key: FLINK-11402
                 URL: https://issues.apache.org/jira/browse/FLINK-11402
             Project: Flink
          Issue Type: Bug
          Components: Distributed Coordination
    Affects ",0,2019-01-21,flink,dev@flink.apache.org,<JIRA.13210842.1548108179000.145545.1548108240100@Atlassian.JIRA>,"""Ufuk Celebi (JIRA)"" <jira@apache.org>",2026-09-30T22:17:11.224012
APACHE_LISTS_REMINING,Apache Lists,UnsatisfiedLinkError,[DISCUSS] ARM support for Flink,https://lists.apache.org/thread/<CAGLsBR9tibPRH38Nc=fMCL_uEFHgp4JjJ+wuFGOL7vezPC9oYQ@mail.gmail.com>," Hi Flink:
  Recently we meet a problem that we have to test and run Flink on ARM
arch. While after searching Flink community, I didn’t find an official ARM
release version.

Since Flink is made by Java and Scala language which can be ran
cross-platform usually, I think Flink can be built and ran on ARM directly
as well. Then with my local test, Flink was built and deployed success as
expected. Bu",0,2019-07-08,flink,dev@flink.apache.org,<CAGLsBR9tibPRH38Nc=fMCL_uEFHgp4JjJ+wuFGOL7vezPC9oYQ@mail.gmail.com>,Xiyuan Wang <wangxiyuan1007@gmail.com>,2026-09-30T22:17:39.768474
APACHE_LISTS_REMINING,Apache Lists,UnsatisfiedLinkError,Re: [DISCUSS] ARM support for Flink,https://lists.apache.org/thread/<C52C076E-938B-422F-8A9E-C6685C75C0F9@gmail.com>,"Hi Xiyuan,

Thanks for bring the discussion. 

WRT the exception, it's because the native bundled in the rocksdb jar file isn't compiled with cross platform support. You can refer [1] for how to build rocksdb which has ARM platform.

WRT ARM support, the rocksdb currently used in Flink is hosted in the Ververica git [2], so it won't be difficult to make it support ARM. However, I guess this git ex",0,2019-07-08,flink,dev@flink.apache.org,<C52C076E-938B-422F-8A9E-C6685C75C0F9@gmail.com>,Dian Fu <dian0511.fu@gmail.com>,2026-09-30T22:17:39.768492
APACHE_LISTS_REMINING,Apache Lists,UnsatisfiedLinkError,Re: [DISCUSS] ARM support for Flink,https://lists.apache.org/thread/<CAGLsBR_xDsgRpUEQLqA=4x1GNXB6_o_f73AJ3corTvhLCRdrjw@mail.gmail.com>,"Thanks for your help. I built the frocksdb locally on ARM and all the
related tests are passed now. Except some tests which can be fixed easily,
it seems that both building and testing are ran well on ARM.

Basing on my test, Is it possible to support Flink on ARM officailly? Seem
the worklist is not too long. And I can help with the CI testing part.

Need Flink team's idea.

Thanks.

Dian Fu <dia",0,2019-07-09,flink,dev@flink.apache.org,<CAGLsBR_xDsgRpUEQLqA=4x1GNXB6_o_f73AJ3corTvhLCRdrjw@mail.gmail.com>,Xiyuan Wang <wangxiyuan1007@gmail.com>,2026-09-30T22:17:39.768494
APACHE_LISTS_REMINING,Apache Lists,JVM crash,"[jira] [Created] (FLINK-13172) JVM crash with dynamic
 netty-tcnative wrapper to openSSL on some OS",https://lists.apache.org/thread/<JIRA.13243918.1562688392000.609609.1562688420127@Atlassian.JIRA>,"Nico Kruber created FLINK-13172:
-----------------------------------

             Summary: JVM crash with dynamic netty-tcnative wrapper to openSSL on some OS
                 Key: FLINK-13172
                 URL: https://issues.apache.org/jira/browse/FLINK-13172
             Project: Flink
          Issue Type: Bug
          Components: Runtime / Network, Tests
    Affects Versions: 1.9.0
     ",0,2019-07-09,flink,dev@flink.apache.org,<JIRA.13243918.1562688392000.609609.1562688420127@Atlassian.JIRA>,"""Nico Kruber (JIRA)"" <jira@apache.org>",2026-09-30T22:17:39.768497
APACHE_LISTS_REMINING,Apache Lists,UnsatisfiedLinkError,Re: [DISCUSS] ARM support for Flink,https://lists.apache.org/thread/<MWHPR14MB1839982D47C850D1DB3453E0DAF30@MWHPR14MB1839.namprd14.prod.outlook.com>,"Hi Xiyuan

Have you ever tried to release RocksDB on ARM like official doc[1] suggests? From our experience, cross-building for ARM did not work fine with Vagrant and we have to build rocksDB's binary file on ARM separately.

As frocksdb [2] might not always maintained in Flink, I think we'd better support to release RocksDB-java with ARM officially.


[1] https://github.com/facebook/rocksdb/blob/",0,2019-07-11,flink,dev@flink.apache.org,<MWHPR14MB1839982D47C850D1DB3453E0DAF30@MWHPR14MB1839.namprd14.prod.outlook.com>,Yun Tang <myasuka@live.com>,2026-09-30T22:17:39.768499
APACHE_LISTS_REMINING,Apache Lists,UnsatisfiedLinkError,Re: [DISCUSS] ARM support for Flink,https://lists.apache.org/thread/<CAGLsBR-y+YA=eaB2ac4gupm0w+Fg8MKt-sqB5JcVzT+uog6sbA@mail.gmail.com>,"Hi yun:
  I didn't try to build rocksdb with vagrant, but just `make -j8
rocksdbjava` directly in an ARM machine.  We hit some issues as well. My
colleague has created an issue in rocksdb[1]. Rocksdb doesn't contains ARM
.so file in his offical jar package. If you have the same request, let's
work together there.

Thanks.

[1]: https://github.com/facebook/rocksdb/issues/5559

Yun Tang <myasuka@liv",0,2019-07-11,flink,dev@flink.apache.org,<CAGLsBR-y+YA=eaB2ac4gupm0w+Fg8MKt-sqB5JcVzT+uog6sbA@mail.gmail.com>,Xiyuan Wang <wangxiyuan1007@gmail.com>,2026-09-30T22:17:39.768503
APACHE_LISTS_REMINING,Apache Lists,UnsatisfiedLinkError,Re: [DISCUSS] ARM support for Flink,https://lists.apache.org/thread/<CANC1h_uPQCgQ9ZxO2RVKm6oCk7nrzx-XPqSciWvp3wfb3A0wvg@mail.gmail.com>,"I think an ARM release would be cool.

To actually support that properly, we would need something like an ARM
profile for the CI builds (at least in the nightly tests), otherwise ARM
support would probably be broken frequently.
Maybe that could be a way to start? Create a Travis CI ARM build (if
possible) and see what tests pass and which parts of the system would need
to be adjusted?

On Thu, Jul",0,2019-07-11,flink,dev@flink.apache.org,<CANC1h_uPQCgQ9ZxO2RVKm6oCk7nrzx-XPqSciWvp3wfb3A0wvg@mail.gmail.com>,Stephan Ewen <sewen@apache.org>,2026-09-30T22:17:39.768519
APACHE_LISTS_REMINING,Apache Lists,UnsatisfiedLinkError,Re: [DISCUSS] ARM support for Flink,https://lists.apache.org/thread/<CAGLsBR80sMcbK69BhNGWaknvuVD-8zb52A3SKbpRo_pGBQHMhA@mail.gmail.com>,"Hi Stephan
  yeah, we should add an ARM CI first. But Travis CI doesn't support ARM
arch itself. OpenLab community support it. As I mentioned before, OpenLab
is an opensource CI system like travis-ci.[1], it uses opensource CI
project `zuul`[2] for its deployment. Now some opensource project has
intergreted with it already. For example, `contained` project from
CNCF community[3]. And I have a POC ",0,2019-07-12,flink,dev@flink.apache.org,<CAGLsBR80sMcbK69BhNGWaknvuVD-8zb52A3SKbpRo_pGBQHMhA@mail.gmail.com>,Xiyuan Wang <wangxiyuan1007@gmail.com>,2026-09-30T22:17:39.768522
APACHE_LISTS_REMINING,Apache Lists,JNI error,Issue running basic example locally,https://lists.apache.org/thread/<CAOF8eOob6qBvyvfhd-EdMn2aRkF9qU0c-YN0QBHy3AB5zOqvXw@mail.gmail.com>,"Hello everyone,

I'm using IntelliJ in a ubuntu environment with java 1.8 to run my Flink
framworks. My goal is consume few kinesis stream services and build a sort
of pipeline. Initially I have build my pom.xml file attached and a test
java class attached too.

However , once I run my class from the IDE and getting this error:

Error: A JNI error has occurred, please check your installation and t",0,2019-07-18,flink,dev@flink.apache.org,<CAOF8eOob6qBvyvfhd-EdMn2aRkF9qU0c-YN0QBHy3AB5zOqvXw@mail.gmail.com>,Andres Angel <ingenieroandresangel@gmail.com>,2026-09-30T22:17:39.768524
APACHE_LISTS_REMINING,Apache Lists,JNI error,Re: Issue running basic example locally,https://lists.apache.org/thread/<CAHjjfOTwD1UaZJPueVO1XAgpR55GOiPikRVEm0CxUUOFKfCf2Q@mail.gmail.com>,"Hi Andres,

`<scope>provided</scope>` of flink-streaming-java seems suspicious, can you
remove it and see what happens?

Andres Angel <ingenieroandresangel@gmail.com> 于2019年7月19日周五 上午3:10写道：

> Hello everyone,
>
> I'm using IntelliJ in a ubuntu environment with java 1.8 to run my Flink
> framworks. My goal is consume few kinesis stream services and build a sort
> of pipeline. Initially I have buil",0,2019-07-19,flink,dev@flink.apache.org,<CAHjjfOTwD1UaZJPueVO1XAgpR55GOiPikRVEm0CxUUOFKfCf2Q@mail.gmail.com>,Caizhi Weng <tsreaper96@gmail.com>,2026-09-30T22:17:39.768527
APACHE_LISTS_REMINING,Apache Lists,JNI error,Re: Issue running basic example locally,https://lists.apache.org/thread/<CAOF8eOq3fzOmvYdmkR0Y4p1WUue79-vZx4ftMqNMs=kNK+wYTw@mail.gmail.com>,"that was the issue , thanks so much man!!
AU

On Thu, Jul 18, 2019 at 8:56 PM Caizhi Weng <tsreaper96@gmail.com> wrote:

> Hi Andres,
>
> `<scope>provided</scope>` of flink-streaming-java seems suspicious, can you
> remove it and see what happens?
>
> Andres Angel <ingenieroandresangel@gmail.com> 于2019年7月19日周五 上午3:10写道：
>
> > Hello everyone,
> >
> > I'm using IntelliJ in a ubuntu environment with ",0,2019-07-19,flink,dev@flink.apache.org,<CAOF8eOq3fzOmvYdmkR0Y4p1WUue79-vZx4ftMqNMs=kNK+wYTw@mail.gmail.com>,Andres Angel <ingenieroandresangel@gmail.com>,2026-09-30T22:17:39.768529
APACHE_LISTS_REMINING,Apache Lists,UnsatisfiedLinkError,Re: [DISCUSS] ARM support for Flink,https://lists.apache.org/thread/<CANC1h_v3J1d37AYqJp6uw0VxzTudndB33P0LgW-WuWbYcfbGSQ@mail.gmail.com>,"I don't think it is feasible for Flink to migrate CI completely.

Is there a way to add ARM tests on an external CI in addition?
@Chesnay what do you think?


On Fri, Jul 12, 2019 at 4:45 AM Xiyuan Wang <wangxiyuan1007@gmail.com>
wrote:

> Hi Stephan
>   yeah, we should add an ARM CI first. But Travis CI doesn't support ARM
> arch itself. OpenLab community support it. As I mentioned before, OpenLa",0,2019-07-29,flink,dev@flink.apache.org,<CANC1h_v3J1d37AYqJp6uw0VxzTudndB33P0LgW-WuWbYcfbGSQ@mail.gmail.com>,Stephan Ewen <sewen@apache.org>,2026-09-30T22:17:39.768531
APACHE_LISTS_REMINING,Apache Lists,UnsatisfiedLinkError,Re: [DISCUSS] ARM support for Flink,https://lists.apache.org/thread/<CAGLsBR8sRH92tvnWa_t0B=Jn=t3i+g5NB+LDtJGeGORNFfsJTw@mail.gmail.com>,"Hi Stephan,
  Maybe I misled you in the previous email. We don't need to migrate CI
completely, travis-ci is still there working for X86 arch. What we need to
do is to add another CI tool for ARM arch.

  There are some ways to do it. As I wrote on
https://issues.apache.org/jira/browse/FLINK-13199 to @Chesnay:

1. Add OpenLab CI system for ARM arch test.OpenLab is very similar with
travis-ci. What",0,2019-07-30,flink,dev@flink.apache.org,<CAGLsBR8sRH92tvnWa_t0B=Jn=t3i+g5NB+LDtJGeGORNFfsJTw@mail.gmail.com>,Xiyuan Wang <wangxiyuan1007@gmail.com>,2026-09-30T22:17:39.768533
APACHE_LISTS_REMINING,Apache Lists,UnsatisfiedLinkError,Re: [DISCUSS] ARM support for Flink,https://lists.apache.org/thread/<a7d47ab9-b51e-7eac-6da9-e00b354c7e56@apache.org>,"We (as in the Flink PMC) cannot add apps to the GitHub repo; please 
check first with INFRA whether these CI systems are allowed.

On 30/07/2019 03:44, Xiyuan Wang wrote:
> Hi Stephan,
>    Maybe I misled you in the previous email. We don't need to migrate CI
> completely, travis-ci is still there working for X86 arch. What we need to
> do is to add another CI tool for ARM arch.
>
>    There are s",0,2019-07-31,flink,dev@flink.apache.org,<a7d47ab9-b51e-7eac-6da9-e00b354c7e56@apache.org>,Chesnay Schepler <chesnay@apache.org>,2026-09-30T22:17:39.768536
APACHE_LISTS_REMINING,Apache Lists,UnsatisfiedLinkError,Re: [DISCUSS] ARM support for Flink,https://lists.apache.org/thread/<CANC1h_vQnOEDVYieyHs_ZAxTQZUGKuNGNsuM1yNeyirKQJpATA@mail.gmail.com>,"Wow, that is pretty nice work, thanks a lot!

We need some support from Apache Infra to see if we can connect the Flink
Github Repo with the OpenLab CI.
We would also need a discussion on the developer mailing list, to get
community agreement.

Have you looked at whether we need to run all tests with ARM, or whether
maybe only the ""core"" and ""tests"" profile would be enough to get confidence
that F",0,2019-07-31,flink,dev@flink.apache.org,<CANC1h_vQnOEDVYieyHs_ZAxTQZUGKuNGNsuM1yNeyirKQJpATA@mail.gmail.com>,Stephan Ewen <sewen@apache.org>,2026-09-30T22:17:39.768538
APACHE_LISTS_REMINING,Apache Lists,UnsatisfiedLinkError,Re: [DISCUSS] ARM support for Flink,https://lists.apache.org/thread/<CAGLsBR8tf7djo_0ZaeebxUyFg1QbcBPXKfYPHE1Zj3uRQuogCQ@mail.gmail.com>,"Thanks for your reply.

We are now keeping investigating and debugging Flink on ARM.  It's hard for
us to say How many kinds of test are enough for ARM support at this moment,
but `core` and `test` are necessary of cause I think. What we do now is
following travis-ci, added all the module that tarvis-ci contains.

During out local test, there are just few tests failed[1]. We have
solutions for som",0,2019-08-01,flink,dev@flink.apache.org,<CAGLsBR8tf7djo_0ZaeebxUyFg1QbcBPXKfYPHE1Zj3uRQuogCQ@mail.gmail.com>,Xiyuan Wang <wangxiyuan1007@gmail.com>,2026-09-30T22:17:48.765535
APACHE_LISTS_REMINING,Apache Lists,UnsatisfiedLinkError,Re: [DISCUSS] ARM support for Flink,https://lists.apache.org/thread/<aa112ec6-7c24-777f-674e-a690b495ce78@apache.org>,"Please open a JIRA with INFRA and ask whether OpenLab/Drone are 
supported by INFRA.

On 01/08/2019 04:16, Xiyuan Wang wrote:
> Thanks for your reply.
>
> We are now keeping investigating and debugging Flink on ARM.  It's hard for
> us to say How many kinds of test are enough for ARM support at this moment,
> but `core` and `test` are necessary of cause I think. What we do now is
> following travi",0,2019-08-01,flink,dev@flink.apache.org,<aa112ec6-7c24-777f-674e-a690b495ce78@apache.org>,Chesnay Schepler <chesnay@apache.org>,2026-09-30T22:17:48.765552
APACHE_LISTS_REMINING,Apache Lists,UnsatisfiedLinkError,Re: [DISCUSS] ARM support for Flink,https://lists.apache.org/thread/<CANC1h_v=4UArYDzmHgyf14CcnbnxykngirWhNRh0fLVNNxjoSA@mail.gmail.com>,"Asking INFRA to add support means filing a JIRA ticket.

That works the same way as filing a FLINK Jira ticket, but selecting INFRA
as the project to file the ticket for.

On Thu, Aug 1, 2019 at 4:17 AM Xiyuan Wang <wangxiyuan1007@gmail.com> wrote:

> Thanks for your reply.
>
> We are now keeping investigating and debugging Flink on ARM.  It's hard for
> us to say How many kinds of test are enough",0,2019-08-01,flink,dev@flink.apache.org,<CANC1h_v=4UArYDzmHgyf14CcnbnxykngirWhNRh0fLVNNxjoSA@mail.gmail.com>,Stephan Ewen <sewen@apache.org>,2026-09-30T22:17:48.765555
APACHE_LISTS_REMINING,Apache Lists,UnsatisfiedLinkError,Re: [DISCUSS] ARM support for Flink,https://lists.apache.org/thread/<CAArz_dBFz9p4WW2dJ43GH0p9cnzYe33Ovzp2u6n2UenmjCzwvQ@mail.gmail.com>,"@Chesnay @ Stephan  Thanks for the suggestion and help, and I open a JIRA
in [1].

Any other questions you could feel free to ping us.

[1]  https://issues.apache.org/jira/browse/INFRA-18822

Regards,
Yikun
----------------------------------------
Jiang Yikun（Kero）
Mail: yikunkero@gmail.com


Stephan Ewen <sewen@apache.org> 于2019年8月1日周四 下午4:41写道：

> Asking INFRA to add support means filing a JIRA ",0,2019-08-02,flink,dev@flink.apache.org,<CAArz_dBFz9p4WW2dJ43GH0p9cnzYe33Ovzp2u6n2UenmjCzwvQ@mail.gmail.com>,Yikun Jiang <yikunkero@gmail.com>,2026-09-30T22:17:48.765558
APACHE_LISTS_REMINING,Apache Lists,javah,Re: [VOTE] FLIP-49: Unified Memory Configuration for TaskExecutors,https://lists.apache.org/thread/<CANC1h_viCV+WueqTprNiiy14oxu9U0erfYpbbOZTygfLbR3Eyg@mail.gmail.com>,"+1 to the proposal in general

A few things seems to be a bit put of sync with the latest discussions
though.

The section about JVM Parameters states that the
-XX:MaxDirectMemorySize value is set to Task Off-heap Memory, Shuffle
Memory and JVM Overhead.
The way I understand the last discussion conclusion is that it is only the
sum of shuffle memory and user-defined direct memory.

I am someone ne",0,2019-09-03,flink,dev@flink.apache.org,<CANC1h_viCV+WueqTprNiiy14oxu9U0erfYpbbOZTygfLbR3Eyg@mail.gmail.com>,Stephan Ewen <sewen@apache.org>,2026-09-30T22:18:14.331695
APACHE_LISTS_REMINING,Apache Lists,javah,Re: [VOTE] FLIP-49: Unified Memory Configuration for TaskExecutors,https://lists.apache.org/thread/<CAA_61XqvN7vsKBoMOSoPCSqAvoP1eCPYuutp6=GnPApLFQvsxg@mail.gmail.com>,"Thanks for starting the vote Xintong

Also +1 for the proposed FLIP-49.

@Stephan regarding namings: network vs shuffle.
My understanding so far was that the network memory is what we basically
give to Shuffle implementations and default netty implementation uses it in
particular mostly for networking.
Are the network pools used for something else outside of the shuffling
scope?

best,
Andrey

On ",0,2019-09-03,flink,dev@flink.apache.org,<CAA_61XqvN7vsKBoMOSoPCSqAvoP1eCPYuutp6=GnPApLFQvsxg@mail.gmail.com>,Andrey Zagrebin <andrey@ververica.com>,2026-09-30T22:18:14.331712
APACHE_LISTS_REMINING,Apache Lists,javah,Re: [VOTE] FLIP-49: Unified Memory Configuration for TaskExecutors,https://lists.apache.org/thread/<CAJNyZN4VypNM6pGcaJ1Rfc6=7BNdH6YqBWreHm=Kc0HOhL4YCQ@mail.gmail.com>,"Thanks for creating this FLIP and starting the vote Xintong.

+1 for the proposal from my side.

I agree with Stephan that we might wanna revisit some of the configuration
names.

If I understood it correctly, then Task Off-heap memory represents the
direct memory used by the user code, right? How would users configure
native memory requirements for the user code? If it is part of Task Off
heap me",0,2019-09-03,flink,dev@flink.apache.org,<CAJNyZN4VypNM6pGcaJ1Rfc6=7BNdH6YqBWreHm=Kc0HOhL4YCQ@mail.gmail.com>,Till Rohrmann <trohrmann@apache.org>,2026-09-30T22:18:14.331715
APACHE_LISTS_REMINING,Apache Lists,javah,Re: [VOTE] FLIP-49: Unified Memory Configuration for TaskExecutors,https://lists.apache.org/thread/<9716d732-51c9-40bc-990d-f4c097bc8b1f.wangzhijiang999@aliyun.com>,"Thanks for proposing this FLIP and also +1 on my side.

@Andrey Zagrebin For the point of ""network memory is actually used more than shuffling"", I guess that the component of queryable state is also using network/netty stack atm, which is outside of shuffling.
In addition, if we only consider the shuffle memory provided by shuffle service interface, we should not only consider the memory used by l",0,2019-09-03,flink,dev@flink.apache.org,<9716d732-51c9-40bc-990d-f4c097bc8b1f.wangzhijiang999@aliyun.com>,"""zhijiang"" <wangzhijiang999@aliyun.com.INVALID>",2026-09-30T22:18:14.331717
APACHE_LISTS_REMINING,Apache Lists,javah,Re: [VOTE] FLIP-49: Unified Memory Configuration for TaskExecutors,https://lists.apache.org/thread/<CAHsnkPt1OgMb5Am1O0RZEJcjYUAhCLnhhv5TaxgRgYvZfVRPhA@mail.gmail.com>,"Thanks for the voting and comments.

@Stephan
- The '-XX:MaxDirectMemorySize' value should not include JVM Overhead.
Thanks for correction.
- 'taskmanager.memory.framework.heap' it heap memory reserved for task
executor framework, which can not be allocated to task slots. I think users
should be able to configure both how many total java heap memory a task
executor should have and how many of the ",0,2019-09-04,flink,dev@flink.apache.org,<CAHsnkPt1OgMb5Am1O0RZEJcjYUAhCLnhhv5TaxgRgYvZfVRPhA@mail.gmail.com>,Xintong Song <tonysong820@gmail.com>,2026-09-30T22:18:14.331719
APACHE_LISTS_REMINING,Apache Lists,javah,Re: [VOTE] FLIP-49: Unified Memory Configuration for TaskExecutors,https://lists.apache.org/thread/<CANC1h_u3O3bErFtk=55X1SsdS577F9KqF3ccgON9Na9N=kz=uw@mail.gmail.com>,"If we later split the network memory into ""shuffle"" and ""other network
memory"", I think it would make sense to split the option then.

In that case ""taskmanager.memory.network"" would probably refer to the total
network memory, which would most likely be what most users actually
configure.
My feeling is that for now just having this value is actually easier, and
it is one less config value to break",0,2019-09-04,flink,dev@flink.apache.org,<CANC1h_u3O3bErFtk=55X1SsdS577F9KqF3ccgON9Na9N=kz=uw@mail.gmail.com>,Stephan Ewen <sewen@apache.org>,2026-09-30T22:18:14.331722
APACHE_LISTS_REMINING,Apache Lists,javah,Re: [VOTE] FLIP-49: Unified Memory Configuration for TaskExecutors,https://lists.apache.org/thread/<CAHsnkPtp=yJRaBfUZ-aEa8DrNeK6kWJbNbUXzcBHtxy_=isDYA@mail.gmail.com>,"@Stephan
Not sure what do you mean by ""just having this value"". Are you suggesting
that having ""taskmanager.memory.network"" refers to ""shuffle"" and ""other
network memory"", or only ""shuffle""?

I guess what you mean is only ""shuffle""? Because currently
""taskmanager.network.memory"" refers to shuffle buffers only, which is ""one
less config value to break"".

Thank you~

Xintong Song



On Wed, Sep 4, 2",0,2019-09-04,flink,dev@flink.apache.org,<CAHsnkPtp=yJRaBfUZ-aEa8DrNeK6kWJbNbUXzcBHtxy_=isDYA@mail.gmail.com>,Xintong Song <tonysong820@gmail.com>,2026-09-30T22:18:14.331724
APACHE_LISTS_REMINING,Apache Lists,javah,Re: [VOTE] FLIP-49: Unified Memory Configuration for TaskExecutors,https://lists.apache.org/thread/<CAA_61Xo8HPoEjYKMO8KQcHfVOvdFkJfTecqUeDMaGjz3XB3ymg@mail.gmail.com>,"@Zhijiang @Stephan
I agree with @Xintong for the scope of the shuffle memory.
but as @Zhijinag pointed out it is not easy to estimate real netty shuffle
memory consumption due to the overhead.
Everything that is pretty much O(1) comparing to the shuffle buffer size
can be accommodated in the general framework/task memory.
Depending on how big netty shuffle overhead (not buffers), we can either
mak",0,2019-09-04,flink,dev@flink.apache.org,<CAA_61Xo8HPoEjYKMO8KQcHfVOvdFkJfTecqUeDMaGjz3XB3ymg@mail.gmail.com>,Andrey Zagrebin <andrey@ververica.com>,2026-09-30T22:18:14.331726
APACHE_LISTS_REMINING,Apache Lists,javah,Re: [VOTE] FLIP-49: Unified Memory Configuration for TaskExecutors,https://lists.apache.org/thread/<CAJNyZN603fGR6TsXceNPG2-T2gdQvDqyqMcx25q_cSLWUTeXZw@mail.gmail.com>,"Just to clarify Xintong, you suggest that Task off-heap memory represents
direct and native memory. Since we don't know how the user will allocate
the memory we will add this value to -XX:MaxDirectMemorySize so that the
process won't fail if the user allocates only direct memory and no native
memory. Is that correct?

Cheers,
Till

On Wed, Sep 4, 2019 at 10:18 AM Xintong Song <tonysong820@gmail.co",0,2019-09-04,flink,dev@flink.apache.org,<CAJNyZN603fGR6TsXceNPG2-T2gdQvDqyqMcx25q_cSLWUTeXZw@mail.gmail.com>,Till Rohrmann <trohrmann@apache.org>,2026-09-30T22:18:14.331729
APACHE_LISTS_REMINING,Apache Lists,javah,Re: [VOTE] FLIP-49: Unified Memory Configuration for TaskExecutors,https://lists.apache.org/thread/<CAHsnkPs3DnkYwsytzQiVE2K_ACAomN-BV4WJXbZM+dip_phY3A@mail.gmail.com>,"@till

> Just to clarify Xintong, you suggest that Task off-heap memory represents
> direct and native memory. Since we don't know how the user will allocate
> the memory we will add this value to -XX:MaxDirectMemorySize so that the
> process won't fail if the user allocates only direct memory and no native
> memory. Is that correct?
>
Yes, this is what I mean.


Thank you~

Xintong Song



On Wed",0,2019-09-04,flink,dev@flink.apache.org,<CAHsnkPs3DnkYwsytzQiVE2K_ACAomN-BV4WJXbZM+dip_phY3A@mail.gmail.com>,Xintong Song <tonysong820@gmail.com>,2026-09-30T22:18:14.331731
APACHE_LISTS_REMINING,Apache Lists,javah,Re: [VOTE] FLIP-49: Unified Memory Configuration for TaskExecutors,https://lists.apache.org/thread/<CANC1h_twjAraA+zs3G-+gQ60oPp7+EBpOpSwWC+OxQVCjr9q1A@mail.gmail.com>,"Maybe to clear up confusion about my suggestion:

I would vote to keep the name of the config parameter
""taskmanager.memory.network"" because it is the same key as currently (good
to not break things unless good reason) and there currently is no case or
even a concrete follow-up where we would actually differentiate between
different types of network memory.

I would suggest to not prematurely rena",0,2019-09-04,flink,dev@flink.apache.org,<CANC1h_twjAraA+zs3G-+gQ60oPp7+EBpOpSwWC+OxQVCjr9q1A@mail.gmail.com>,Stephan Ewen <sewen@apache.org>,2026-09-30T22:18:14.331733
APACHE_LISTS_REMINING,Apache Lists,javah,Re: [VOTE] FLIP-49: Unified Memory Configuration for TaskExecutors,https://lists.apache.org/thread/<CANC1h_sa2zr9rMvAa101ab7ojKX=q-ppt+eE8dS3hPOGRrY5LA@mail.gmail.com>,"Let's not block on config key names, just go ahead and we figure this out
concurrently or on the PR later.


On Wed, Sep 4, 2019 at 3:48 PM Stephan Ewen <sewen@apache.org> wrote:

> Maybe to clear up confusion about my suggestion:
>
> I would vote to keep the name of the config parameter
> ""taskmanager.memory.network"" because it is the same key as currently (good
> to not break things unless good ",0,2019-09-04,flink,dev@flink.apache.org,<CANC1h_sa2zr9rMvAa101ab7ojKX=q-ppt+eE8dS3hPOGRrY5LA@mail.gmail.com>,Stephan Ewen <sewen@apache.org>,2026-09-30T22:18:14.331735
APACHE_LISTS_REMINING,Apache Lists,javah,Re: [VOTE] FLIP-49: Unified Memory Configuration for TaskExecutors,https://lists.apache.org/thread/<CAM7-19LxwfpRHf8BqfUJyEOGC78Mw1JQzDLMO98dV2M4=i5gUA@mail.gmail.com>,"+1 (non-binding)

Minor:
1. Is it worth a separate ""Limitations"" section to contain all relative
information like the Unsafe support issue in Java 12, just like many other
FLIPs?
2. About the config names, if we change them later in PR, does it mean we
will need to update the FLIP document? If so, it seems we need another vote
after the modification according to current bylaw? Or maybe we could ju",0,2019-09-06,flink,dev@flink.apache.org,<CAM7-19LxwfpRHf8BqfUJyEOGC78Mw1JQzDLMO98dV2M4=i5gUA@mail.gmail.com>,Yu Li <carp84@gmail.com>,2026-09-30T22:18:14.331738
APACHE_LISTS_REMINING,Apache Lists,javah,Re: [VOTE] FLIP-49: Unified Memory Configuration for TaskExecutors,https://lists.apache.org/thread/<CAHsnkPtom=ezrTDLpDi6bagHqV+R17ZuLEC4sxW5_Qgrs-Nu+Q@mail.gmail.com>,"+1 (non-binding) from my side.

@Yu, thanks for the vote.
- The current FLIP document already mentioned the issue that Unsafe is not
supported in Java 12, in the section 'Unifying Explicit and Implicit Memory
Allocation'. It makes sense to me to emphasize this by adding a separate
limitation section.
- I think we should also update the FLIP document if we change the config
names later in PRs. But ",0,2019-09-06,flink,dev@flink.apache.org,<CAHsnkPtom=ezrTDLpDi6bagHqV+R17ZuLEC4sxW5_Qgrs-Nu+Q@mail.gmail.com>,Xintong Song <tonysong820@gmail.com>,2026-09-30T22:18:14.331740
APACHE_LISTS_REMINING,Apache Lists,javah,Re: [VOTE] FLIP-49: Unified Memory Configuration for TaskExecutors,https://lists.apache.org/thread/<CAHsnkPvBSpv0bFQeu59Z90m_2yuGn46xbP9kNmuhkwbW-nF1Hw@mail.gmail.com>,"Thanks all for the votes.
So far, we have

   - 4 binding +1 votes (Stephan, Andrey, Till, Zhijiang)
   - 2 un-binding +1 votes (Xintong, Yu)
   - No -1 votes

There are more than 3 binding +1 votes and no -1 votes, and the voting time
has past. According to the new bylaws, I'm happily to announce that FLIP-49
is approved to be adopted by Apache Flink.

Regarding the minors mentioned during the vo",0,2019-09-06,flink,dev@flink.apache.org,<CAHsnkPvBSpv0bFQeu59Z90m_2yuGn46xbP9kNmuhkwbW-nF1Hw@mail.gmail.com>,Xintong Song <tonysong820@gmail.com>,2026-09-30T22:18:14.331742
APACHE_LISTS_REMINING,Apache Lists,javah,Re: [VOTE] FLIP-49: Unified Memory Configuration for TaskExecutors,https://lists.apache.org/thread/<CANC1h_ttrg+MO4iRsU3qtZPKHijqh3xsq32eqr-UZcWDS85kCg@mail.gmail.com>,"One thing that I just came across: Some of these options should also have a
corresponding value for the JobManager, like JVM overhead, metaspace,
direct memory.

On Fri, Sep 6, 2019 at 4:34 AM Xintong Song <tonysong820@gmail.com> wrote:

> Thanks all for the votes.
> So far, we have
>
>    - 4 binding +1 votes (Stephan, Andrey, Till, Zhijiang)
>    - 2 un-binding +1 votes (Xintong, Yu)
>    - No -",0,2019-09-09,flink,dev@flink.apache.org,<CANC1h_ttrg+MO4iRsU3qtZPKHijqh3xsq32eqr-UZcWDS85kCg@mail.gmail.com>,Stephan Ewen <sewen@apache.org>,2026-09-30T22:18:14.331744
APACHE_LISTS_REMINING,Apache Lists,javah,Re: [VOTE] FLIP-49: Unified Memory Configuration for TaskExecutors,https://lists.apache.org/thread/<CAHsnkPsOPEwPsY8Crhr-=z-GN8CnZEgaAF7=S_bmSqR3zAuh_A@mail.gmail.com>,"True. It would be easier for the users to understand if JM and TM have
corresponding config options. Maybe we can have another FLIP addressing
this afterwards.

Thank you~

Xintong Song



On Mon, Sep 9, 2019 at 11:38 PM Stephan Ewen <sewen@apache.org> wrote:

> One thing that I just came across: Some of these options should also have a
> corresponding value for the JobManager, like JVM overhead, ",0,2019-09-12,flink,dev@flink.apache.org,<CAHsnkPsOPEwPsY8Crhr-=z-GN8CnZEgaAF7=S_bmSqR3zAuh_A@mail.gmail.com>,Xintong Song <tonysong820@gmail.com>,2026-09-30T22:18:14.331764
APACHE_LISTS_REMINING,Apache Lists,javah,Re: Use of loading flink-conf.yaml in Flink-sql client,https://lists.apache.org/thread/<834247812.7526615.1568533009667@mail.yahoo.com>," Hi,
   i was reading through the Flink docs, and i have got to an understanding that each application will have its own instance of Jobamanager and TaskManagers and so every application will have to have a initial configuration for defining the application topology to be drawn in the flink cluster, so every application will have a separate flink-conf.yaml  , which will specifically define the Fli",0,2019-09-15,flink,dev@flink.apache.org,<834247812.7526615.1568533009667@mail.yahoo.com>,Dipanjan Mazumder <javahub@yahoo.com.INVALID>,2026-09-30T22:18:14.331766
APACHE_LISTS_REMINING,Apache Lists,javah,Re: Use of loading flink-conf.yaml in Flink-sql client,https://lists.apache.org/thread/<CAJNyZN5cGsRr1RWu=B47ssKvoLW6LKutn6WXFTCNCPL6uK+qKg@mail.gmail.com>,"Hi Dipanjan,

not every configuration options in the flink-conf.yaml are relevant for the
SQL client. If you submit to an already existing cluster, then you only
need to learn about the address and the port or if it is using high
availability where ZooKeeper is running. However, in the general case, the
Flink SQL client can also deploy a new per-job mode cluster just for your
job. In order to do t",0,2019-09-16,flink,dev@flink.apache.org,<CAJNyZN5cGsRr1RWu=B47ssKvoLW6LKutn6WXFTCNCPL6uK+qKg@mail.gmail.com>,Till Rohrmann <trohrmann@apache.org>,2026-09-30T22:18:14.331768
APACHE_LISTS_REMINING,Apache Lists,javah,"Re: use of org.apache.flink.yarn.cli.FlinkYarnSessionCli in Flink Sql
 client",https://lists.apache.org/thread/<7E9B519E-BA96-4ED8-B96F-DEEE08A1E68F@gmail.com>,"Hi Dipanjan:

I just looked through the Flink SQL client code and got the same conclusion as you.
Look forward to receiving other comments.

Best,
Terry Wang



> 在 2019年9月22日，下午11:53，Dipanjan Mazumder <javahub@yahoo.com.INVALID> 写道：
> 
> Hi ,
>   Thanks again for responding on my earlier queries..
>     I was again going through the Flink SQL client code and came across the default custom command",0,2019-09-23,flink,dev@flink.apache.org,<7E9B519E-BA96-4ED8-B96F-DEEE08A1E68F@gmail.com>,Terry Wang <zjuwangg@gmail.com>,2026-09-30T22:18:14.331771
APACHE_LISTS_REMINING,Apache Lists,javah,"Re: use of org.apache.flink.yarn.cli.FlinkYarnSessionCli in Flink Sql
 client",https://lists.apache.org/thread/<4085B1A4-EF5E-42E5-93CE-2F971D6D1EF1@gmail.com>,"Hi Dipanjan,

I think you are right that it's already been supported to submit a job to cluster via SQL client. This is supported in [1]. Besides, I think that it is not configured in the YAML. It's specified in the CLI options when you start up the SQL client CLI.

[1] https://issues.apache.org/jira/browse/FLINK-8852 <https://issues.apache.org/jira/browse/FLINK-8852>
> 在 2019年9月23日，上午11:00，Terry ",0,2019-09-23,flink,dev@flink.apache.org,<4085B1A4-EF5E-42E5-93CE-2F971D6D1EF1@gmail.com>,Dian Fu <dian0511.fu@gmail.com>,2026-09-30T22:18:14.331773
APACHE_LISTS_REMINING,Apache Lists,JNA,"[jira] [Created] (FLINK-14226) Subset of nightly tests fail due to
 No output has been received in the last 10m0s",https://lists.apache.org/thread/<JIRA.13258985.1569483503000.56135.1569483540528@Atlassian.JIRA>,"Gary Yao created FLINK-14226:
--------------------------------

             Summary: Subset of nightly tests fail due to No output has been received in the last 10m0s
                 Key: FLINK-14226
                 URL: https://issues.apache.org/jira/browse/FLINK-14226
             Project: Flink
          Issue Type: Bug
          Components: Build System
            Reporter: Gary Yao


http",0,2019-09-26,flink,dev@flink.apache.org,<JIRA.13258985.1569483503000.56135.1569483540528@Atlassian.JIRA>,"""Gary Yao (Jira)"" <jira@apache.org>",2026-09-30T22:18:14.331775
APACHE_LISTS_REMINING,Apache Lists,compilation errors,[REMINDER] Ensuring build stability,https://lists.apache.org/thread/<CAC2R2954JH=C5qATLsaJ6jxpBWqGcu2WgXh1+zY3zF7Nqi5sFA@mail.gmail.com>,"Hi community,

We created the builds@flink.apache.org mailing list as an effort to be more
transparent about build instabilities, especially about issues that were
only
surfacing in CRON builds at the time, such as, Scala 2.12 and Java 9
compilation errors.

While the situation has gotten better, there still occasionally issues
concerning the CRON builds that are reported late (e.g., [1][2]). The
",0,2019-10-18,flink,dev@flink.apache.org,<CAC2R2954JH=C5qATLsaJ6jxpBWqGcu2WgXh1+zY3zF7Nqi5sFA@mail.gmail.com>,Gary Yao <gary@ververica.com>,2026-09-30T22:18:39.957637
APACHE_LISTS_REMINING,Apache Lists,compilation errors,Re: [REMINDER] Ensuring build stability,https://lists.apache.org/thread/<CAELO931wGSgaibRgzXECm3ods2W+=wuzFPB6SZ5zRhc_o8WjGg@mail.gmail.com>,"+1 to encourage every developer to subscribe builds@f.a.o and welcome any
suggestions about the builds notification.

I think everyone should pay more attention on the failed builds, not only
the one who merged commits. The build is still not stable.
If you find a failed test case from the failed builds, you can search in
the JIRA[1] by the test name to see whether there is already a issue
created",0,2019-10-18,flink,dev@flink.apache.org,<CAELO931wGSgaibRgzXECm3ods2W+=wuzFPB6SZ5zRhc_o8WjGg@mail.gmail.com>,Jark Wu <imjark@gmail.com>,2026-09-30T22:18:39.957655
APACHE_LISTS_REMINING,Apache Lists,JNIEnv,"[jira] [Created] (FLINK-15934) RocksDB rocksdb_delete_helper return
 false",https://lists.apache.org/thread/<JIRA.13283629.1580967325000.15199.1580967360450@Atlassian.JIRA>,"forideal created FLINK-15934:
--------------------------------

             Summary: RocksDB rocksdb_delete_helper return false
                 Key: FLINK-15934
                 URL: https://issues.apache.org/jira/browse/FLINK-15934
             Project: Flink
          Issue Type: Bug
          Components: Runtime / State Backends
    Affects Versions: 1.8.0
            Reporter: forideal


Hi ",0,2020-02-06,flink,dev@flink.apache.org,<JIRA.13283629.1580967325000.15199.1580967360450@Atlassian.JIRA>,"""forideal (Jira)"" <jira@apache.org>",2026-09-30T22:20:15.014913
APACHE_LISTS_REMINING,Apache Lists,JNI error,"[jira] [Created] (FLINK-16378) Kerberized YARN on Docker test fails
 on jdk11 on AZP",https://lists.apache.org/thread/<JIRA.13288852.1583149233000.330.1583149260029@Atlassian.JIRA>,"Robert Metzger created FLINK-16378:
--------------------------------------

             Summary: Kerberized YARN on Docker test fails on jdk11 on AZP
                 Key: FLINK-16378
                 URL: https://issues.apache.org/jira/browse/FLINK-16378
             Project: Flink
          Issue Type: Bug
          Components: Build System / Azure Pipelines
            Reporter: Robert Metzger",0,2020-03-02,flink,dev@flink.apache.org,<JIRA.13288852.1583149233000.330.1583149260029@Atlassian.JIRA>,"""Robert Metzger (Jira)"" <jira@apache.org>",2026-09-30T22:20:24.027971
APACHE_LISTS_REMINING,Apache Lists,JNI error,"[jira] [Created] (FLINK-16380) AZP: Python test fails on jdk11
 nightly test (misc profile)",https://lists.apache.org/thread/<JIRA.13288860.1583151568000.522.1583151600237@Atlassian.JIRA>,"Robert Metzger created FLINK-16380:
--------------------------------------

             Summary: AZP: Python test fails on jdk11 nightly test (misc profile)
                 Key: FLINK-16380
                 URL: https://issues.apache.org/jira/browse/FLINK-16380
             Project: Flink
          Issue Type: Bug
          Components: Build System / Azure Pipelines
            Reporter: Robert ",0,2020-03-02,flink,dev@flink.apache.org,<JIRA.13288860.1583151568000.522.1583151600237@Atlassian.JIRA>,"""Robert Metzger (Jira)"" <jira@apache.org>",2026-09-30T22:20:24.027990
APACHE_LISTS_REMINING,Apache Lists,JVM crash,"[jira] [Created] (FLINK-18153) flink-daemon does not detect errors
 if JVM crashes immediately",https://lists.apache.org/thread/<JIRA.13309701.1591356591000.188213.1591356600163@Atlassian.JIRA>,"Chesnay Schepler created FLINK-18153:
----------------------------------------

             Summary: flink-daemon does not detect errors if JVM crashes immediately
                 Key: FLINK-18153
                 URL: https://issues.apache.org/jira/browse/FLINK-18153
             Project: Flink
          Issue Type: Bug
          Components: Runtime / Coordination
    Affects Versions: 1.11.0
 ",0,2020-06-05,flink,dev@flink.apache.org,<JIRA.13309701.1591356591000.188213.1591356600163@Atlassian.JIRA>,"""Chesnay Schepler (Jira)"" <jira@apache.org>",2026-09-30T22:20:43.729176
APACHE_LISTS_REMINING,Apache Lists,JNI error,"[jira] [Created] (FLINK-18246) PyFlink e2e fails with java version
 mismatch on JDK11 nightly build",https://lists.apache.org/thread/<JIRA.13310823.1591856920000.237745.1591856940324@Atlassian.JIRA>,"Robert Metzger created FLINK-18246:
--------------------------------------

             Summary: PyFlink e2e fails with java version mismatch on JDK11 nightly build
                 Key: FLINK-18246
                 URL: https://issues.apache.org/jira/browse/FLINK-18246
             Project: Flink
          Issue Type: Bug
          Components: API / Python, Build System, Tests
    Affects Versio",0,2020-06-11,flink,dev@flink.apache.org,<JIRA.13310823.1591856920000.237745.1591856940324@Atlassian.JIRA>,"""Robert Metzger (Jira)"" <jira@apache.org>",2026-09-30T22:20:43.729197
APACHE_LISTS_REMINING,Apache Lists,compilation errors,Re: Flink JDK compatibility problem.,https://lists.apache.org/thread/<CADoiZqra4dk_Y1ZerPJoKxs+6XXEtydR_EfF=2X7rA7LArmBbQ@mail.gmail.com>,"Hi,

I've been fiddling around to try to see if this really works when compiling
with Java 14.
I have the simplest form of this fix working and I've put up a pull request
for just that. https://github.com/apache/flink/pull/12799
I also found that there are two different values for java.version that make
the build needlessly hard to debug (for which I created
https://issues.apache.org/jira/browse/F",0,2020-07-01,flink,dev@flink.apache.org,<CADoiZqra4dk_Y1ZerPJoKxs+6XXEtydR_EfF=2X7rA7LArmBbQ@mail.gmail.com>,Niels Basjes <Niels@basjes.nl>,2026-09-30T22:20:48.591232
APACHE_LISTS_REMINING,Apache Lists,compilation errors,Re: Flink JDK compatibility problem.,https://lists.apache.org/thread/<6bbd6216-f072-1441-d9da-aef3a7b98b0f@apache.org>,"My understanding is that you can only remove the exports by either a) 
removing all usages or b) migrating the project to modules and declare 
the JDK dependencies that way.

a) is not viable AFAIK and in at least one case would require dropping 
features (the JMX reporter), while b) appears to be a massive task; 
modularization for larger projects is not trivial, it does not play 
nicely with the",0,2020-07-01,flink,dev@flink.apache.org,<6bbd6216-f072-1441-d9da-aef3a7b98b0f@apache.org>,Chesnay Schepler <chesnay@apache.org>,2026-09-30T22:20:48.591262
APACHE_LISTS_REMINING,Apache Lists,UnsatisfiedLinkError,"[jira] [Created] (FLINK-18470) Tests
 RocksKeyGroupsRocksSingleStateIteratorTest#testMergeIteratorByte &
 RocksKeyGroupsRocksSingleStateIteratorTest#testMergeIteratorShort fail
 locally",https://lists.apache.org/thread/<JIRA.13314702.1593700178000.377117.1593700200132@Atlassian.JIRA>,"Dawid Wysakowicz created FLINK-18470:
----------------------------------------

             Summary: Tests RocksKeyGroupsRocksSingleStateIteratorTest#testMergeIteratorByte & RocksKeyGroupsRocksSingleStateIteratorTest#testMergeIteratorShort fail locally
                 Key: FLINK-18470
                 URL: https://issues.apache.org/jira/browse/FLINK-18470
             Project: Flink
          Is",0,2020-07-02,flink,dev@flink.apache.org,<JIRA.13314702.1593700178000.377117.1593700200132@Atlassian.JIRA>,"""Dawid Wysakowicz (Jira)"" <jira@apache.org>",2026-09-30T22:20:48.591266
APACHE_LISTS_REMINING,Apache Lists,JNA,"[jira] [Created] (FLINK-20057) Use docker images instead of direct
 downloads in all end to end tests",https://lists.apache.org/thread/<JIRA.13339462.1604912050000.152764.1604912100072@Atlassian.JIRA>,"Robert Metzger created FLINK-20057:
--------------------------------------

             Summary: Use docker images instead of direct downloads in all end to end tests
                 Key: FLINK-20057
                 URL: https://issues.apache.org/jira/browse/FLINK-20057
             Project: Flink
          Issue Type: Improvement
          Components: Test Infrastructure
    Affects Versions: ",0,2020-11-09,flink,dev@flink.apache.org,<JIRA.13339462.1604912050000.152764.1604912100072@Atlassian.JIRA>,"""Robert Metzger (Jira)"" <jira@apache.org>",2026-09-30T22:21:11.174414
APACHE_LISTS_REMINING,Apache Lists,JNA,Re: [Discussion] More Deep Learning usages on Apache Flink,"https://lists.apache.org/thread/
 <SA0PR06MB7020C67F05D78A70B7FD0E16FCA70@SA0PR06MB7020.namprd06.prod.outlook.com>","Hi Becket,

Talking about the IPC, DJL is leveraging the JNI/JNA directly to connect to DL engines C /C++ API. So the latency between C++ and Java is minimum (~10ns). Performance wise speaking, DJL can offers true multi threading Java inference, means load model once, use in as many threads you would like... It’s been using to deal with some streaming tasks with 1ms budget.. and DJL only consume",0,2021-01-15,flink,dev@flink.apache.org,"
 <SA0PR06MB7020C67F05D78A70B7FD0E16FCA70@SA0PR06MB7020.namprd06.prod.outlook.com>",Qing Lan <lanking520@live.com>,2026-09-30T22:21:20.663862
APACHE_LISTS_REMINING,Apache Lists,JNA,Re: [Discussion] More Deep Learning usages on Apache Flink,https://lists.apache.org/thread/<CABtAgwGSx=UhPr4ogcH0hhHO9EJ3sju-Chec3wCLeS5NPWZA1Q@mail.gmail.com>,"Hi Qing,

Thanks for the numbers. They look very good. I am wondering if we can have
DJL integrated with some existing Flink AI ecosystem projects.

For example, the project flink-ai-extended [1] provides the capability to
run a distributed TF/PyTorch cluster on top of Flink, which allows people
to combine the data processing and ML training / inference in the same
Flink project. Leveraging DJL mi",0,2021-01-18,flink,dev@flink.apache.org,<CABtAgwGSx=UhPr4ogcH0hhHO9EJ3sju-Chec3wCLeS5NPWZA1Q@mail.gmail.com>,Becket Qin <becket.qin@gmail.com>,2026-09-30T22:21:20.663878
APACHE_LISTS_REMINING,Apache Lists,UnsatisfiedLinkError,"[jira] [Created] (FLINK-22447) when job failed and restore from
 rocksdb, it produced a exception ""Could not load the native RocksDB
 library""",https://lists.apache.org/thread/<JIRA.13374866.1619331869000.334387.1619331900731@Atlassian.JIRA>,"zlzhang0122 created FLINK-22447:
-----------------------------------

             Summary: when job failed and restore from rocksdb, it produced a exception ""Could not load the native RocksDB library""
                 Key: FLINK-22447
                 URL: https://issues.apache.org/jira/browse/FLINK-22447
             Project: Flink
          Issue Type: Bug
          Components: Runtime / State ",0,2021-04-25,flink,dev@flink.apache.org,<JIRA.13374866.1619331869000.334387.1619331900731@Atlassian.JIRA>,"""zlzhang0122 (Jira)"" <jira@apache.org>",2026-09-30T22:21:34.066547
APACHE_LISTS_REMINING,Apache Lists,JVM crash,"[jira] [Created] (FLINK-22545) JVM crashes when runing
 OperatorEventSendingCheckpointITCase.testOperatorEventAckLost",https://lists.apache.org/thread/<JIRA.13376319.1620015385000.404371.1620015420091@Atlassian.JIRA>,"Guowei Ma created FLINK-22545:
---------------------------------

             Summary: JVM crashes when runing OperatorEventSendingCheckpointITCase.testOperatorEventAckLost
                 Key: FLINK-22545
                 URL: https://issues.apache.org/jira/browse/FLINK-22545
             Project: Flink
          Issue Type: Bug
          Components: Tests
    Affects Versions: 1.12.3
         ",0,2021-05-03,flink,dev@flink.apache.org,<JIRA.13376319.1620015385000.404371.1620015420091@Atlassian.JIRA>,"""Guowei Ma (Jira)"" <jira@apache.org>",2026-09-30T22:21:37.417725
APACHE_LISTS_REMINING,Apache Lists,javah,Re: Issue with using siddhi extension function with flink,https://lists.apache.org/thread/<CAJNyZN6=iVoYZnxLjceZjAYzXgJin6NQQXkqaG-VmBhonpH=tA@mail.gmail.com>,"Hi Dipanjan,

Please double check whether the libraries are really contained in the job
jar you are submitting because if the library is contained in this jar,
then it should be on the classpath and you should be able to load it.

Cheers,
Till

On Thu, May 20, 2021 at 3:43 PM Dipanjan Mazumder <javahub@yahoo.com> wrote:

> Hi ,
>
>    i am trying to integrate siddhi with flink while trying to use ",0,2021-05-21,flink,dev@flink.apache.org,<CAJNyZN6=iVoYZnxLjceZjAYzXgJin6NQQXkqaG-VmBhonpH=tA@mail.gmail.com>,Till Rohrmann <trohrmann@apache.org>,2026-09-30T22:21:37.417744
APACHE_LISTS_REMINING,Apache Lists,javah,Re: How to use or configure flink checkpointing with siddhi internal state,https://lists.apache.org/thread/<CAJNyZN6O+Da5OWd_UG1PhpFYJW1KqnOEy6i=63w2CD4Ods8qQA@mail.gmail.com>,"Hi Dipanjan,

I am assuming that you are using the flink-siddhi library [1]. I am not an
expert but it looks as if the AbstractSiddhiOperator overrides the
snapshotState [2] method to store the Siddhi state in Flink.

[1] https://github.com/haoch/flink-siddhi
[2]
https://github.com/haoch/flink-siddhi/blob/master/core/src/main/java/org/apache/flink/streaming/siddhi/operator/AbstractSiddhiOperator.j",0,2021-06-01,flink,dev@flink.apache.org,<CAJNyZN6O+Da5OWd_UG1PhpFYJW1KqnOEy6i=63w2CD4Ods8qQA@mail.gmail.com>,Till Rohrmann <trohrmann@apache.org>,2026-09-30T22:21:43.368663
APACHE_LISTS_REMINING,Apache Lists,javah,"Re: How to use or configure flink checkpointing with siddhi
 internal state",https://lists.apache.org/thread/<425737487.1495217.1622544664551@mail.yahoo.com>," Hi Till,
    Thanks so that means it should work will try and see ..
RegardsDipanjan
    On Tuesday, June 1, 2021, 01:48:19 PM GMT+5:30, Till Rohrmann <trohrmann@apache.org> wrote:  
 
 Hi Dipanjan,
I am assuming that you are using the flink-siddhi library [1]. I am not an expert but it looks as if the AbstractSiddhiOperator overrides the snapshotState [2] method to store the Siddhi state in Flin",0,2021-06-01,flink,dev@flink.apache.org,<425737487.1495217.1622544664551@mail.yahoo.com>,Dipanjan Mazumder <javahub@yahoo.com.INVALID>,2026-09-30T22:21:43.368683
APACHE_LISTS_REMINING,Apache Lists,javah,Re: Getting Abstract method Error with flink 1.13.0 and 1.12.0,https://lists.apache.org/thread/<CAJNyZN4rkW_5stx170XA_6KwGGJg=HpKk8unqqq5731KqwboFA@mail.gmail.com>,"Hi Dipanjan,

this type of question is best sent to Flink's user mailing list because
there are a lot more people using Flink who could help you. The dev mailing
list is intended to be used for development discussions.

Cheers,
Till

On Tue, Jun 1, 2021 at 1:31 PM Dipanjan Mazumder <javahub@yahoo.com> wrote:

> Hi ,
>
>    I have integrated flink-siddhi library ([com.github.haoch/flink-siddhi_2.11",0,2021-06-01,flink,dev@flink.apache.org,<CAJNyZN4rkW_5stx170XA_6KwGGJg=HpKk8unqqq5731KqwboFA@mail.gmail.com>,Till Rohrmann <trohrmann@apache.org>,2026-09-30T22:21:43.368686
APACHE_LISTS_REMINING,Apache Lists,javah,Re: Getting Abstract method Error with flink 1.13.0 and 1.12.0,https://lists.apache.org/thread/<69780021.1527080.1622552998634@mail.yahoo.com>," Thanks Till will do so ...
    On Tuesday, June 1, 2021, 06:22:32 PM GMT+5:30, Till Rohrmann <trohrmann@apache.org> wrote:  
 
 Hi Dipanjan,
this type of question is best sent to Flink's user mailing list because there are a lot more people using Flink who could help you. The dev mailing list is intended to be used for development discussions.
Cheers,Till
On Tue, Jun 1, 2021 at 1:31 PM Dipanjan M",0,2021-06-01,flink,dev@flink.apache.org,<69780021.1527080.1622552998634@mail.yahoo.com>,Dipanjan Mazumder <javahub@yahoo.com.INVALID>,2026-09-30T22:21:43.368689
APACHE_LISTS_REMINING,Apache Lists,JVM crash,[jira] [Created] (FLINK-22937) rocksdb cause jvm to crash,https://lists.apache.org/thread/<JIRA.13382833.1623212012000.573844.1623212040064@Atlassian.JIRA>,"Piers created FLINK-22937:
-----------------------------

             Summary: rocksdb cause jvm to crash
                 Key: FLINK-22937
                 URL: https://issues.apache.org/jira/browse/FLINK-22937
             Project: Flink
          Issue Type: Bug
          Components: Runtime / State Backends
    Affects Versions: 1.13.1
         Environment: deployment: native kubernates
     ",0,2021-06-09,flink,dev@flink.apache.org,<JIRA.13382833.1623212012000.573844.1623212040064@Atlassian.JIRA>,"""Piers (Jira)"" <jira@apache.org>",2026-09-30T22:21:43.368691
APACHE_LISTS_REMINING,Apache Lists,JNA,"[jira] [Created] (FLINK-22968)  String type cannot be used when
 creating Flink SQL",https://lists.apache.org/thread/<JIRA.13383291.1623374327000.586469.1623374340083@Atlassian.JIRA>,"DaChun created FLINK-22968:
------------------------------

             Summary:  String type cannot be used when creating Flink SQL
                 Key: FLINK-22968
                 URL: https://issues.apache.org/jira/browse/FLINK-22968
             Project: Flink
          Issue Type: Bug
          Components: Table SQL / API
    Affects Versions: 1.13.1, 1.12.3
         Environment: D:\anzhua",0,2021-06-11,flink,dev@flink.apache.org,<JIRA.13383291.1623374327000.586469.1623374340083@Atlassian.JIRA>,"""DaChun (Jira)"" <jira@apache.org>",2026-09-30T22:21:43.368694
APACHE_LISTS_REMINING,Apache Lists,JNIEnv,"[jira] [Created] (FLINK-23346) RocksDBStateBackend may core dump in
 flink_compactionfilterjni.cc",https://lists.apache.org/thread/<JIRA.13388886.1626014417000.720772.1626014460313@Atlassian.JIRA>,"Congxian Qiu created FLINK-23346:
------------------------------------

             Summary: RocksDBStateBackend may core dump in flink_compactionfilterjni.cc
                 Key: FLINK-23346
                 URL: https://issues.apache.org/jira/browse/FLINK-23346
             Project: Flink
          Issue Type: Bug
          Components: Runtime / State Backends
    Affects Versions: 1.12.4, 1.1",0,2021-07-11,flink,dev@flink.apache.org,<JIRA.13388886.1626014417000.720772.1626014460313@Atlassian.JIRA>,"""Congxian Qiu (Jira)"" <jira@apache.org>",2026-09-30T22:21:48.219839
APACHE_LISTS_REMINING,Apache Lists,JVM crash,[jira] [Created] (FLINK-23349) GroupWindowITCase JVM crash on azure,https://lists.apache.org/thread/<JIRA.13388915.1626058180000.721896.1626058200032@Atlassian.JIRA>,"Xintong Song created FLINK-23349:
------------------------------------

             Summary: GroupWindowITCase JVM crash on azure
                 Key: FLINK-23349
                 URL: https://issues.apache.org/jira/browse/FLINK-23349
             Project: Flink
          Issue Type: Bug
          Components: Table SQL / Planner
    Affects Versions: 1.13.1
            Reporter: Xintong Song


h",0,2021-07-12,flink,dev@flink.apache.org,<JIRA.13388915.1626058180000.721896.1626058200032@Atlassian.JIRA>,"""Xintong Song (Jira)"" <jira@apache.org>",2026-09-30T22:21:48.219855
APACHE_LISTS_REMINING,Apache Lists,JVM crash,"[jira] [Created] (FLINK-23572) KubernetesSharedInformerITCase JVM
 crash on azure",https://lists.apache.org/thread/<JIRA.13392981.1627876423000.823511.1627876440307@Atlassian.JIRA>,"Xintong Song created FLINK-23572:
------------------------------------

             Summary: KubernetesSharedInformerITCase JVM crash on azure
                 Key: FLINK-23572
                 URL: https://issues.apache.org/jira/browse/FLINK-23572
             Project: Flink
          Issue Type: Bug
          Components: Deployment / Kubernetes
    Affects Versions: 1.14.0
            Reporter:",0,2021-08-02,flink,dev@flink.apache.org,<JIRA.13392981.1627876423000.823511.1627876440307@Atlassian.JIRA>,"""Xintong Song (Jira)"" <jira@apache.org>",2026-09-30T22:21:52.778623
APACHE_LISTS_REMINING,Apache Lists,JVM crash,"[jira] [Created] (FLINK-23794) JdbcExactlyOnceSinkE2eTest JVM crash
 on Azure",https://lists.apache.org/thread/<JIRA.13395382.1629089371000.888655.1629089400111@Atlassian.JIRA>,"Xintong Song created FLINK-23794:
------------------------------------

             Summary: JdbcExactlyOnceSinkE2eTest JVM crash on Azure
                 Key: FLINK-23794
                 URL: https://issues.apache.org/jira/browse/FLINK-23794
             Project: Flink
          Issue Type: Bug
          Components: Connectors / JDBC
    Affects Versions: 1.14.0
            Reporter: Xintong S",0,2021-08-16,flink,dev@flink.apache.org,<JIRA.13395382.1629089371000.888655.1629089400111@Atlassian.JIRA>,"""Xintong Song (Jira)"" <jira@apache.org>",2026-09-30T22:21:52.778640
APACHE_LISTS_REMINING,Apache Lists,JVM crash,"[jira] [Created] (FLINK-23796) UnalignedCheckpointRescaleITCase JVM
 crash on Azure",https://lists.apache.org/thread/<JIRA.13395385.1629090597000.888733.1629090600383@Atlassian.JIRA>,"Xintong Song created FLINK-23796:
------------------------------------

             Summary: UnalignedCheckpointRescaleITCase JVM crash on Azure
                 Key: FLINK-23796
                 URL: https://issues.apache.org/jira/browse/FLINK-23796
             Project: Flink
          Issue Type: Bug
          Components: Runtime / Checkpointing
    Affects Versions: 1.14.0
            Reporte",0,2021-08-16,flink,dev@flink.apache.org,<JIRA.13395385.1629090597000.888733.1629090600383@Atlassian.JIRA>,"""Xintong Song (Jira)"" <jira@apache.org>",2026-09-30T22:21:52.778644
APACHE_LISTS_REMINING,Apache Lists,JVM crash,[jira] [Created] (FLINK-23829) SavepointITCase JVM crash on azure,https://lists.apache.org/thread/<JIRA.13395602.1629173340000.893735.1629173400457@Atlassian.JIRA>,"Xintong Song created FLINK-23829:
------------------------------------

             Summary: SavepointITCase JVM crash on azure
                 Key: FLINK-23829
                 URL: https://issues.apache.org/jira/browse/FLINK-23829
             Project: Flink
          Issue Type: Bug
          Components: Runtime / Checkpointing
    Affects Versions: 1.14.0
            Reporter: Xintong Song
 ",0,2021-08-17,flink,dev@flink.apache.org,<JIRA.13395602.1629173340000.893735.1629173400457@Atlassian.JIRA>,"""Xintong Song (Jira)"" <jira@apache.org>",2026-09-30T22:21:52.778660
APACHE_LISTS_REMINING,Apache Lists,JVM crash,"[jira] [Created] (FLINK-23983) JVM crash when running
 RocksDBStateBackendConfigTest",https://lists.apache.org/thread/<JIRA.13397399.1629947729000.931589.1629947760121@Atlassian.JIRA>,"Xintong Song created FLINK-23983:
------------------------------------

             Summary: JVM crash when running RocksDBStateBackendConfigTest
                 Key: FLINK-23983
                 URL: https://issues.apache.org/jira/browse/FLINK-23983
             Project: Flink
          Issue Type: Bug
          Components: Runtime / State Backends
    Affects Versions: 1.14.0
            Repor",0,2021-08-26,flink,dev@flink.apache.org,<JIRA.13397399.1629947729000.931589.1629947760121@Atlassian.JIRA>,"""Xintong Song (Jira)"" <jira@apache.org>",2026-09-30T22:21:52.778662
APACHE_LISTS_REMINING,Apache Lists,JVM crash,[jira] [Created] (FLINK-24330) HiveRunnerITCase JVM crash,https://lists.apache.org/thread/<JIRA.13401945.1631930619000.1032359.1631930640029@Atlassian.JIRA>,"Xintong Song created FLINK-24330:
------------------------------------

             Summary: HiveRunnerITCase JVM crash
                 Key: FLINK-24330
                 URL: https://issues.apache.org/jira/browse/FLINK-24330
             Project: Flink
          Issue Type: Bug
          Components: Connectors / Hive
    Affects Versions: 1.15.0
            Reporter: Xintong Song
             Fi",0,2021-09-18,flink,dev@flink.apache.org,<JIRA.13401945.1631930619000.1032359.1631930640029@Atlassian.JIRA>,"""Xintong Song (Jira)"" <jira@apache.org>",2026-09-30T22:21:56.807920
APACHE_LISTS_REMINING,Apache Lists,JNA,Elasticsearch6 connector in flink stand alone,"https://lists.apache.org/thread/
 <AS8PR01MB8054555A27F4431DAA1BBDDEBC919@AS8PR01MB8054.eurprd01.prod.exchangelabs.com>","Hi Team,

I am migrating from flink 1.13 session cluster to stand alone. While converting whenever I added elasticsearch6 connector I am getting a error.

Error:

Exception in thread ""main"" java.lang.ExceptionInInitializerError
        at org.apache.logging.log4j.core.impl.MutableLogEvent.<init>(MutableLogEvent.java:62)
        at org.apache.logging.log4j.core.impl.MutableLogEvent.<init>(M",0,2021-11-08,flink,dev@flink.apache.org,"
 <AS8PR01MB8054555A27F4431DAA1BBDDEBC919@AS8PR01MB8054.eurprd01.prod.exchangelabs.com>",Ravi Sankar Reddy Sangana <RaviS@radware.com>,2026-09-30T22:22:05.115925
APACHE_LISTS_REMINING,Apache Lists,JNA,Re: Elasticsearch6 connector in flink stand alone,https://lists.apache.org/thread/<CAJJqkHOTwaEBpW2oghtKi+Ud2Xc_8EYPsZ5gWOapLFZSLO61=w@mail.gmail.com>,"Hi Ravi,

I'm moving this thread to the user@flink mailing list, which is designed
for these type of questions.

For your issue, I don't think it's related to the elasticsearch
integration. It seems like there is something wrong with your log4j setup.
Either you have a conflicting log4j jars on the classpath (for Flink
1.13.x, make sure you're using 2.12.1 version [1]) or there is something
wrong ",0,2021-11-08,flink,dev@flink.apache.org,<CAJJqkHOTwaEBpW2oghtKi+Ud2Xc_8EYPsZ5gWOapLFZSLO61=w@mail.gmail.com>,David Morávek  <dmvk@apache.org>,2026-09-30T22:22:05.115942
APACHE_LISTS_REMINING,Apache Lists,JVM crash,"[jira] [Created] (FLINK-24916) AvroExternalJarProgramITCase JVM
 crash on Azure",https://lists.apache.org/thread/<JIRA.13411965.1637045170000.22482.1637045220024@Atlassian.JIRA>,"Yun Gao created FLINK-24916:
-------------------------------

             Summary: AvroExternalJarProgramITCase JVM crash on Azure
                 Key: FLINK-24916
                 URL: https://issues.apache.org/jira/browse/FLINK-24916
             Project: Flink
          Issue Type: Bug
          Components: Formats (JSON, Avro, Parquet, ORC, SequenceFile)
    Affects Versions: 1.12.5
        ",0,2021-11-16,flink,dev@flink.apache.org,<JIRA.13411965.1637045170000.22482.1637045220024@Atlassian.JIRA>,"""Yun Gao (Jira)"" <jira@apache.org>",2026-09-30T22:22:05.115945
APACHE_LISTS_REMINING,Apache Lists,UnsatisfiedLinkError,[jira] [Created] (FLINK-24932) Frocksdb cannot run on Apple M1,https://lists.apache.org/thread/<JIRA.13412183.1637132086000.28117.1637132100009@Atlassian.JIRA>,"Yun Tang created FLINK-24932:
--------------------------------

             Summary: Frocksdb cannot run on Apple M1
                 Key: FLINK-24932
                 URL: https://issues.apache.org/jira/browse/FLINK-24932
             Project: Flink
          Issue Type: Bug
          Components: Runtime / State Backends
            Reporter: Yun Tang


After we bump up RocksDB version to 6.20.3",0,2021-11-17,flink,dev@flink.apache.org,<JIRA.13412183.1637132086000.28117.1637132100009@Atlassian.JIRA>,"""Yun Tang (Jira)"" <jira@apache.org>",2026-09-30T22:22:05.115947
APACHE_LISTS_REMINING,Apache Lists,JVM crash,"[jira] [Created] (FLINK-26037) TaskManagerRunnerTest JVM crash with
 exit code 239",https://lists.apache.org/thread/<JIRA.13427395.1644392667000.273979.1644392700030@Atlassian.JIRA>,"Yun Gao created FLINK-26037:
-------------------------------

             Summary: TaskManagerRunnerTest JVM crash with exit code 239
                 Key: FLINK-26037
                 URL: https://issues.apache.org/jira/browse/FLINK-26037
             Project: Flink
          Issue Type: Bug
          Components: Runtime / Coordination
    Affects Versions: 1.15.0
            Reporter: Yun Gao

",0,2022-02-09,flink,dev@flink.apache.org,<JIRA.13427395.1644392667000.273979.1644392700030@Atlassian.JIRA>,"""Yun Gao (Jira)"" <jira@apache.org>",2026-09-30T22:22:21.917704
APACHE_LISTS_REMINING,Apache Lists,UnsatisfiedLinkError,"[jira] [Created] (FLINK-26876) flink-statebackend-rocksdb
 EmbeddedRocksDBStateBackend crashing on mac m1",https://lists.apache.org/thread/<JIRA.13436043.1648412466000.489552.1648412520064@Atlassian.JIRA>,"Damian Święcki created FLINK-26876:
--------------------------------------

             Summary: flink-statebackend-rocksdb EmbeddedRocksDBStateBackend crashing on mac m1
                 Key: FLINK-26876
                 URL: https://issues.apache.org/jira/browse/FLINK-26876
             Project: Flink
          Issue Type: Bug
            Reporter: Damian Święcki


Caused by: java.lang.Unsatisf",0,2022-03-27,flink,dev@flink.apache.org,<JIRA.13436043.1648412466000.489552.1648412520064@Atlassian.JIRA>,Damian Święcki (Jira)  <jira@apache.org>,2026-09-30T22:22:27.342316
APACHE_LISTS_REMINING,Apache Lists,"UnsatisfiedLinkError, System.loadLibrary","[jira] [Created] (FLINK-30232) shading of netty epoll shared
 library does not account for ARM64 platform",https://lists.apache.org/thread/<JIRA.13506892.1669673106000.150426.1669673160010@Atlassian.JIRA>,"Chris Thomson created FLINK-30232:
-------------------------------------

             Summary: shading of netty epoll shared library does not account for ARM64 platform
                 Key: FLINK-30232
                 URL: https://issues.apache.org/jira/browse/FLINK-30232
             Project: Flink
          Issue Type: Bug
          Components: BuildSystem / Shaded
    Affects Versions: 1.15.",0,2022-11-28,flink,dev@flink.apache.org,<JIRA.13506892.1669673106000.150426.1669673160010@Atlassian.JIRA>,"""Chris Thomson (Jira)"" <jira@apache.org>",2026-09-30T22:23:14.885649
APACHE_LISTS_REMINING,Apache Lists,UnsatisfiedLinkError,"[jira] [Created] (FLINK-30498) frocksdb throw an
 UnsatisfiedLinkError",https://lists.apache.org/thread/<JIRA.13515356.1671791573000.234112.1671791580015@Atlassian.JIRA>,"tanjialiang created FLINK-30498:
-----------------------------------

             Summary: frocksdb throw an UnsatisfiedLinkError
                 Key: FLINK-30498
                 URL: https://issues.apache.org/jira/browse/FLINK-30498
             Project: Flink
          Issue Type: Bug
          Components: Runtime / State Backends
    Affects Versions: 1.14.6
            Reporter: tanjialiang",0,2022-12-23,flink,dev@flink.apache.org,<JIRA.13515356.1671791573000.234112.1671791580015@Atlassian.JIRA>,"""tanjialiang (Jira)"" <jira@apache.org>",2026-09-30T22:23:19.122335
APACHE_LISTS_REMINING,Apache Lists,UnsatisfiedLinkError,[jira] [Created] (FLINK-31307) RocksDB：java.lang.UnsatisfiedLinkError,https://lists.apache.org/thread/<JIRA.13526931.1677810641000.121184.1677810660010@Atlassian.JIRA>,"Wujunzhe created FLINK-31307:
--------------------------------

             Summary: RocksDB：java.lang.UnsatisfiedLinkError
                 Key: FLINK-31307
                 URL: https://issues.apache.org/jira/browse/FLINK-31307
             Project: Flink
          Issue Type: Bug
    Affects Versions: 1.14.5
            Reporter: Wujunzhe
         Attachments: image-2023-03-03-10-27-04-810.png",0,2023-03-03,flink,dev@flink.apache.org,<JIRA.13526931.1677810641000.121184.1677810660010@Atlassian.JIRA>,"""Wujunzhe (Jira)"" <jira@apache.org>",2026-09-30T22:23:35.691558
APACHE_LISTS_REMINING,Apache Lists,compilation errors,Scala Compilation Errors with Flink code in IntelliJ. Builds fine with Maven command line.,https://lists.apache.org/thread/<-RhW7M9hb5kjEis8ijNMqzUB6PU3Qb2gqoD4e2M9ekjc0HCxL2IxKzrYUXrSeRF_47NjCeTbpk3bR-sqchF3riuwKZcB7FXAl_aIWwrXDKI=@proton.me>,"I clone the Flink git repository, master branch, I configure a Java 8 JDK, and I can build the flink project successfully with:

mvn clean package -DskipTests

However, when I load the project into IntelliJ, and try to compile the project and run the Scala tests in the IDE I get a lot of compilation errors with the existing Scala code like:

./flink/flink-scala/src/test/scala/org/apache/flink/api/",0,2023-05-11,flink,dev@flink.apache.org,<-RhW7M9hb5kjEis8ijNMqzUB6PU3Qb2gqoD4e2M9ekjc0HCxL2IxKzrYUXrSeRF_47NjCeTbpk3bR-sqchF3riuwKZcB7FXAl_aIWwrXDKI=@proton.me>,Brandon Wright <BrandonWright4@proton.me.INVALID>,2026-09-30T22:23:44.830981
APACHE_LISTS_REMINING,Apache Lists,compilation errors,"Re:Scala Compilation Errors with Flink code in IntelliJ. Builds
 fine with Maven command line.",https://lists.apache.org/thread/<85f5547.6e86.1880e27ce73.Coremail.liuwenclever@163.com>,"


Hi Brandon Wright,


    I think you could try the following actions in IntelliJ IDE:
First, execute the command ""mvn clean install  -Dfast -DskipTests=true -Dscala-2.12"" in terminal.
Second, in ""File -> Invalidate Caches"", select all options and restart the IDE.
        Finally, click ""maven reload"" in the maven plugin, and wait until the reloading process is finished.
   If it not work after ",0,2023-05-12,flink,dev@flink.apache.org,<85f5547.6e86.1880e27ce73.Coremail.liuwenclever@163.com>,"""Wencong Liu"" <liuwenclever@163.com>",2026-09-30T22:23:44.831013
APACHE_LISTS_REMINING,Apache Lists,compilation errors,Re:Scala Compilation Errors with Flink code in IntelliJ. Builds fine with Maven command line.,https://lists.apache.org/thread/<md6Wm4IQ0QSEzx1m2N1OLykcjNjgFA49orRnBegsAvMsSn_oMSBkgxVDgOc-dfWLMUJMz_K6jH09BJ2Jo1CbFS5slY1Uao_ntUZtPjcfPkA=@proton.me>,"Thank you so much Wencong Liu, that fixed it!!!




Sent with Proton Mail secure email.

------- Original Message -------
On Thursday, May 11th, 2023 at 11:11 PM, Wencong Liu <liuwenclever@163.com> wrote:


> 
> 
> Hi Brandon Wright,
> 
> 
> I think you could try the following actions in IntelliJ IDE:
> First, execute the command ""mvn clean install -Dfast -DskipTests=true -Dscala-2.12"" in terminal",0,2023-05-12,flink,dev@flink.apache.org,<md6Wm4IQ0QSEzx1m2N1OLykcjNjgFA49orRnBegsAvMsSn_oMSBkgxVDgOc-dfWLMUJMz_K6jH09BJ2Jo1CbFS5slY1Uao_ntUZtPjcfPkA=@proton.me>,Brandon Wright <BrandonWright4@proton.me.INVALID>,2026-09-30T22:23:44.831017
APACHE_LISTS_REMINING,Apache Lists,javah,Re: [DISCUSS] FLIP-316: Introduce SQL Driver,https://lists.apache.org/thread/<4F7E46C2-D10D-497C-AB43-DE2C6C697DD7@gmail.com>,"Hi Ferenc,

Sorry for my late reply. 

> Is any active work happening on this FLIP? As far as I see there
> are blockers that needs to happen first to implement regarding
> artifact distribution.

You’re right. There’s a block in K8s application mode, but none in
YARN application. I’m doing a POC on YARN application mode
before starting a vote thread.

I’ve been busy lately, but the FLIP is active",0,2023-12-11,flink,dev@flink.apache.org,<4F7E46C2-D10D-497C-AB43-DE2C6C697DD7@gmail.com>,Paul Lam <paullin3280@gmail.com>,2026-09-30T22:24:20.600698
APACHE_LISTS_REMINING,Apache Lists,javah,Re: [DISCUSS] FLIP-316: Introduce SQL Driver,https://lists.apache.org/thread/<CAKADb_PvB2hMUpw7QOKTG3Co-aRwD67AvxDeYkm5Q_fdF6H-HA@mail.gmail.com>,"Thanks, Paul.

Ferenc and I have been looking into unblocking the Kubernetes path via an
updated implementation for FLINK-28915 to ship the jars conveniently there.
You can expect an updated PR there next week. Looking forward to your
findings in the YARN POC.

On Mon, Dec 11, 2023 at 4:01 AM Paul Lam <paullin3280@gmail.com> wrote:

> Hi Ferenc,
>
> Sorry for my late reply.
>
> > Is any active wor",0,2024-01-05,flink,dev@flink.apache.org,<CAKADb_PvB2hMUpw7QOKTG3Co-aRwD67AvxDeYkm5Q_fdF6H-HA@mail.gmail.com>,Márton Balassi  <balassi.marton@gmail.com>,2026-09-30T22:24:25.969418
APACHE_LISTS_REMINING,Apache Lists,"UnsatisfiedLinkError, System.loadLibrary","[jira] [Created] (FLINK-34092) NettyEpollITCase#testNettyEpoll on
 arrch64 running fail",https://lists.apache.org/thread/<JIRA.13564724.1705322135000.140208.1705322160067@Atlassian.JIRA>,"baihailiang created FLINK-34092:
-----------------------------------

             Summary: NettyEpollITCase#testNettyEpoll on arrch64 running fail
                 Key: FLINK-34092
                 URL: https://issues.apache.org/jira/browse/FLINK-34092
             Project: Flink
          Issue Type: Bug
          Components: Tests
    Affects Versions: 1.16.2
            Reporter: baihailiang

",0,2024-01-15,flink,dev@flink.apache.org,<JIRA.13564724.1705322135000.140208.1705322160067@Atlassian.JIRA>,"""baihailiang (Jira)"" <jira@apache.org>",2026-09-30T22:24:25.969437
APACHE_LISTS_REMINING,Apache Lists,UnsatisfiedLinkError,"[jira] [Created] (FLINK-35212) PyFlink thread mode process just can
 run once in standalonesession mode",https://lists.apache.org/thread/<JIRA.13576854.1713842923000.32807.1713842940221@Atlassian.JIRA>,"Wei Yuan created FLINK-35212:
--------------------------------

             Summary: PyFlink thread mode process just can run once in standalonesession mode
                 Key: FLINK-35212
                 URL: https://issues.apache.org/jira/browse/FLINK-35212
             Project: Flink
          Issue Type: Bug
          Components: API / Python
         Environment: Python 3.10.14

PyFlink==",0,2024-04-23,flink,dev@flink.apache.org,<JIRA.13576854.1713842923000.32807.1713842940221@Atlassian.JIRA>,"""Wei Yuan (Jira)"" <jira@apache.org>",2026-09-30T22:24:42.123001
APACHE_LISTS_REMINING,Apache Lists,JNA,[jira] [Created] (FLINK-35572) flink db2 cdc default value error,https://lists.apache.org/thread/<JIRA.13582357.1718175488000.49990.1718175540014@Atlassian.JIRA>,"junxin  lai created FLINK-35572:
-----------------------------------

             Summary: flink db2 cdc default value error 
                 Key: FLINK-35572
                 URL: https://issues.apache.org/jira/browse/FLINK-35572
             Project: Flink
          Issue Type: Bug
          Components: Flink CDC
    Affects Versions: cdc-3.1.0
            Reporter: junxin  lai


I am using fl",0,2024-06-12,flink,dev@flink.apache.org,<JIRA.13582357.1718175488000.49990.1718175540014@Atlassian.JIRA>,"""junxin  lai (Jira)"" <jira@apache.org>",2026-09-30T22:24:50.952027
APACHE_LISTS_REMINING,Apache Lists,JNA,"[jira] [Created] (FLINK-35657) Flink UI not support show float
 metric value",https://lists.apache.org/thread/<JIRA.13583269.1718868939000.65929.1718868960010@Atlassian.JIRA>,"Can Luo created FLINK-35657:
-------------------------------

             Summary: Flink UI not support show float metric value
                 Key: FLINK-35657
                 URL: https://issues.apache.org/jira/browse/FLINK-35657
             Project: Flink
          Issue Type: Bug
          Components: Runtime / Web Frontend
            Reporter: Can Luo


Flink ui show float metric value a",0,2024-06-20,flink,dev@flink.apache.org,<JIRA.13583269.1718868939000.65929.1718868960010@Atlassian.JIRA>,"""Can Luo (Jira)"" <jira@apache.org>",2026-09-30T22:24:50.952042
APACHE_LISTS_REMINING,Apache Lists,JNA,Re: [EXTERNAL] - Re: Discussion on Vertica-Flink Connector,"https://lists.apache.org/thread/
 <YQBPR01MB10478838E9CB66013841C13B7D9AA2@YQBPR01MB10478.CANPRD01.PROD.OUTLOOK.COM>","Hello Yanquan,

Flink-connector-jdbc can also be used for connecting to Vertica with Flink.

For added functionalities, we have created a Vertica specific connector. This connector will support all the Vertica functionalities.


Vikas Garg
General Engineering  |  General Engineering

Mobile: (+91) 9811716552
LinkedIn:       https://www.linkedin.com/company/opentext
Twitter:        https://twitter.",0,2024-07-24,flink,dev@flink.apache.org,"
 <YQBPR01MB10478838E9CB66013841C13B7D9AA2@YQBPR01MB10478.CANPRD01.PROD.OUTLOOK.COM>",Vikas Garg <vgarg@opentext.com.INVALID>,2026-09-30T22:24:54.118533
APACHE_LISTS_REMINING,Apache Lists,javah,Re: [DISCUSS] FLIP-316: Introduce SQL Driver,https://lists.apache.org/thread/<CAOc3vAOAc30sdhEDH_TKRsGi_xJDYSNMWHrdD=JddStWEb1RVw@mail.gmail.com>,"Hi Paul Lam,

Is this FLIP still active? I am not able to find the vote for this FLIP and
any corresponding JIRA or Github PR with POC. Can you please share more on
the current status of this FLIP? Thanks!

Regards
Venkata krishnan


On Fri, Jan 5, 2024 at 2:40 AM Márton Balassi <balassi.marton@gmail.com>
wrote:

> Thanks, Paul.
>
> Ferenc and I have been looking into unblocking the Kubernetes pat",0,2025-04-02,flink,dev@flink.apache.org,<CAOc3vAOAc30sdhEDH_TKRsGi_xJDYSNMWHrdD=JddStWEb1RVw@mail.gmail.com>,Venkatakrishnan Sowrirajan <vsowrira@asu.edu>,2026-09-30T22:25:26.090925
APACHE_LISTS_REMINING,Apache Lists,UnsatisfiedLinkError,"[jira] [Created] (FLINK-37727) java.lang.UnsatisfiedLinkError error
 on pemja.core.PythonInterpreter$MainInterpreter.initialize()",https://lists.apache.org/thread/<JIRA.13616339.1745566145000.109428.1745566200019@Atlassian.JIRA>,"Shuyi Chen created FLINK-37727:
----------------------------------

             Summary: java.lang.UnsatisfiedLinkError error on pemja.core.PythonInterpreter$MainInterpreter.initialize()
                 Key: FLINK-37727
                 URL: https://issues.apache.org/jira/browse/FLINK-37727
             Project: Flink
          Issue Type: Bug
          Components: API / Python
    Affects Versi",0,2025-04-25,flink,dev@flink.apache.org,<JIRA.13616339.1745566145000.109428.1745566200019@Atlassian.JIRA>,"""Shuyi Chen (Jira)"" <jira@apache.org>",2026-09-30T22:25:26.090955
APACHE_LISTS_REMINING,Apache Lists,JNA,"[jira] [Created] (FLINK-37873) 【Hbase-connector】Enable buffer flush, specify a non-existent table when writing data to hbase, the Flink task displays successful",https://lists.apache.org/thread/<JIRA.13619612.1748574352000.163728.1748574360013@Atlassian.JIRA>,"Xin Chen created FLINK-37873:
--------------------------------

             Summary: 【Hbase-connector】Enable buffer flush, specify a non-existent table when writing data to hbase, the Flink task displays successful
                 Key: FLINK-37873
                 URL: https://issues.apache.org/jira/browse/FLINK-37873
             Project: Flink
          Issue Type: Bug
            Reporter: Xi",0,2025-05-30,flink,dev@flink.apache.org,<JIRA.13619612.1748574352000.163728.1748574360013@Atlassian.JIRA>,"""Xin Chen (Jira)"" <jira@apache.org>",2026-09-30T22:25:29.326355
APACHE_LISTS_REMINING,Apache Lists,JVM crash,"[jira] [Created] (FLINK-37948)
 ChangelogDelegateEmbeddedRocksDBStateBackendTest causes JVM crash in azure
 ci pipeline",https://lists.apache.org/thread/<JIRA.13620741.1749721761000.208903.1749721800051@Atlassian.JIRA>,"dalongliu created FLINK-37948:
---------------------------------

             Summary: ChangelogDelegateEmbeddedRocksDBStateBackendTest causes JVM crash in azure ci pipeline
                 Key: FLINK-37948
                 URL: https://issues.apache.org/jira/browse/FLINK-37948
             Project: Flink
          Issue Type: Bug
          Components: Runtime / State Backends
    Affects Versio",0,2025-06-12,flink,dev@flink.apache.org,<JIRA.13620741.1749721761000.208903.1749721800051@Atlassian.JIRA>,"""dalongliu (Jira)"" <jira@apache.org>",2026-09-30T22:25:32.196495
APACHE_LISTS_REMINING,Apache Lists,UnsatisfiedLinkError,"[jira] [Created] (FLINK-38500) PyFlink jobs using the thread mode
 cannot run consecutively on a session cluster on MacOS",https://lists.apache.org/thread/<JIRA.13631294.1760172534000.127026.1760172540242@Atlassian.JIRA>,"Biao Geng created FLINK-38500:
---------------------------------

             Summary: PyFlink jobs using the thread mode cannot run consecutively on a session cluster on MacOS
                 Key: FLINK-38500
                 URL: https://issues.apache.org/jira/browse/FLINK-38500
             Project: Flink
          Issue Type: Bug
          Components: API / Python
    Affects Versions: 1.20.",0,2025-10-11,flink,dev@flink.apache.org,<JIRA.13631294.1760172534000.127026.1760172540242@Atlassian.JIRA>,"""Biao Geng (Jira)"" <jira@apache.org>",2026-09-30T22:25:45.482303
APACHE_LISTS_REMINING,Apache Lists,JVM crash,Re: [DISCUSS] FLIP-572: Introduce Flink-Kafka Transactions Management Tool,https://lists.apache.org/thread/<CAP8nE0r0v8WDK00Yc9PLRBFHUfKxzKYsvbntcqyoDkiW0ueFdg@mail.gmail.com>,"Hi Hongshun Wang,
thanks for your interest in this topic!

> To mitigate this, I suggest embedding transaction abort logic directly into the sink's shutdown path

Flink already has abort logic in the shutdown path, but it is not
enough to prevent lingering transactions in the scenarios described in
the FLIP, when the Flink process terminates unexpectedly. E.g., when
the JVM crashes or is OS-OOM-ki",0,2026-03-31,flink,dev@flink.apache.org,<CAP8nE0r0v8WDK00Yc9PLRBFHUfKxzKYsvbntcqyoDkiW0ueFdg@mail.gmail.com>,Aleksandr Savonin <savonitar@gmail.com>,2026-09-30T22:26:00.690809
APACHE_LISTS_REMINING,Apache Lists,JVM crash,Re: [DISCUSS] FLIP-572: Introduce Flink-Kafka Transactions Management Tool,https://lists.apache.org/thread/<CAP7x5nA1BiYv9XPRbLQYWdjFmJ8rO8v1xhFp4o1rEJjVcj5eMA@mail.gmail.com>,"Hi Aleksandr,
>  it is not enough to prevent lingering transactions in the scenarios
described in the FLIP,

This is why `transactionNamingStrategy = POOLING` is introduced which lists
pending transactions by
`org.apache.kafka.clients.admin.Admin#listTransactions`.

> when the Flink process terminates unexpectedly. E.g., when the JVM
crashes or is OS-OOM-killed, no shutdown hook runs and no cleanu",0,2026-04-08,flink,dev@flink.apache.org,<CAP7x5nA1BiYv9XPRbLQYWdjFmJ8rO8v1xhFp4o1rEJjVcj5eMA@mail.gmail.com>,Hongshun Wang <loserwang1024@gmail.com>,2026-09-30T22:26:04.138525
APACHE_LISTS_REMINING,Apache Lists,JVM crash,Re: [DISCUSS] FLIP-572: Introduce Flink-Kafka Transactions Management Tool,https://lists.apache.org/thread/<CAP8nE0qnhvjvp-+gnasU1vgwCCkQ8i-XGVXqurN5=cYKtdLVfA@mail.gmail.com>,"Hi Hongshun,

> This is why `transactionNamingStrategy = POOLING` is introduced which lists pending transactions by `org.apache.kafka.clients.admin.Admin#listTransactions`.

> When the job restarts, the cleanup will be operated again.

I agree that both POOLING and the existing recovery path handle
cleanup when the job restarts. However, this tool is specifically for
when the job does NOT restart,",0,2026-04-10,flink,dev@flink.apache.org,<CAP8nE0qnhvjvp-+gnasU1vgwCCkQ8i-XGVXqurN5=cYKtdLVfA@mail.gmail.com>,Aleksandr Savonin <savonitar@gmail.com>,2026-09-30T22:26:04.138542
APACHE_LISTS_REMINING,Apache Lists,compilation errors,Re: [DISCUSS] Adding Apache Hive 4.x support to flink-connector-hive,https://lists.apache.org/thread/<58CF5424-7F27-4848-88E2-1797B5AEA025@amazon.com>,"Hi all,

Following up on this thread. I've done some preliminary analysis and wanted to share findings, and also offer to take on FLINK-37094.

Flink 2.0 compatibility (FLINK-37094)
--------------------------------------

I compiled the external connector against Flink 2.0.0 and cataloged all the breakages. There are ~100 compilation errors across 13 files, falling into these categories:
",0,2026-04-10,flink,dev@flink.apache.org,<58CF5424-7F27-4848-88E2-1797B5AEA025@amazon.com>,"""Lalwani, Jayesh"" <jlalwani@amazon.com>",2026-09-30T22:26:04.138544
APACHE_LISTS_REMINING,Apache Lists,JVM crash,[DISCUSS] Release Flink 1.20.5,https://lists.apache.org/thread/<F6E6DD68-18BD-4646-AD9D-85C2DB2F33E9@gmail.com>,"Hi all,

I would like to discuss creating a new 1.20 patch release (1.20.5). The
last 1.20 release (1.20.4) is about a month old, and since then, 5 tickets
have been closed [1], including one critical fix:

- FLINK-39534 [2]: Bump pemja to 0.5.7, which fixes JVM crashes during
  asynchronous cross-language (Python↔Java) calls in PyFlink.

Other changes since 1.20.4:

- FLINK-39714: Add AGENTS.md a",0,2026-05-25,flink,dev@flink.apache.org,<F6E6DD68-18BD-4646-AD9D-85C2DB2F33E9@gmail.com>,Yunfeng Zhou <flink.zhouyunfeng@gmail.com>,2026-09-30T22:26:08.078763
APACHE_LISTS_REMINING,Apache Lists,JVM crash,Re: [DISCUSS] Release Flink 1.20.5,https://lists.apache.org/thread/<CAHsnkPvq4CKO26gGGV7uo7r2Zi=Fu1-kc2vLZQbLEncK0a+vAw@mail.gmail.com>,"Thanks for driving this, Yunfeng.

FLINK-39534 is a blocker issue for the upcoming flink-agents 0.3 release,
for which the feature freeze is planned for May 31. I'd love to see this
bugfix released before we ship the 0.3 release.

Best,

Xintong



On Mon, May 25, 2026 at 5:28 PM Yunfeng Zhou <flink.zhouyunfeng@gmail.com>
wrote:

> Hi all,
>
> I would like to discuss creating a new 1.20 patch rele",0,2026-05-26,flink,dev@flink.apache.org,<CAHsnkPvq4CKO26gGGV7uo7r2Zi=Fu1-kc2vLZQbLEncK0a+vAw@mail.gmail.com>,Xintong Song <tonysong820@gmail.com>,2026-09-30T22:26:08.078779
APACHE_LISTS_REMINING,Apache Lists,UnsatisfiedLinkError,"Re: How to start a TaskManager and the Flink Query Interface from,
 Scala IDE (local run configuration)",https://lists.apache.org/thread/<54FB3073.8040006@informatik.hu-berlin.de>,"Hey Robert,

the logging level was INFO and I didn't get any errors.
After I switched to DEBUG I get the following output:

2015-03-07 17:46:52 DEBUG MutableMetricsFactory:42 - field org.apache.hadoop.metrics2.lib.MutableRate org.apache.hadoop.security.UserGroupInformation$UgiMetrics.loginSuccess with annotation @org.apache.hadoop.metrics2.annotation.Metric(valueName=Time, about=, value=[Rate of s",0,2015-03-07,flink,user@flink.apache.org,<54FB3073.8040006@informatik.hu-berlin.de>,Mihail Vieru <vieru@informatik.hu-berlin.de>,2026-09-30T22:26:28.756004
APACHE_LISTS_REMINING,Apache Lists,UnsatisfiedLinkError,"Re: How to start a TaskManager and the Flink Query Interface from,
 Scala IDE (local run configuration)","https://lists.apache.org/thread/
 <CAGr9p8DSGQH_QKW7DEmQQ9GY8S+5t42mYBhv5eyW-mRFOSV6Nw@mail.gmail.com>","Hi,

this looks actually quite good.
Is the JobManager web interface accessible on port 8081 ?
With the exec mode set "" --executionMode LOCAL"" there is no explicit start
of a TaskManager required. Its running in the same JVM as the JobManager.

The Flink Query Interface needs to be started using another main
class: org.apache.flink.client.WebFrontend.

Let me know if you need more help!

Robert

O",0,2015-03-09,flink,user@flink.apache.org,"
 <CAGr9p8DSGQH_QKW7DEmQQ9GY8S+5t42mYBhv5eyW-mRFOSV6Nw@mail.gmail.com>",Robert Metzger <rmetzger@apache.org>,2026-09-30T22:26:28.756015
APACHE_LISTS_REMINING,Apache Lists,UnsatisfiedLinkError,"Re: How to start a TaskManager and the Flink Query Interface from,
 Scala IDE (local run configuration)",https://lists.apache.org/thread/<54FDFB42.3070805@informatik.hu-berlin.de>,"Hi,

thank you for your answer. The JobManager web interface aka Flink 
Dashboard is accessible.

I see, but there is a *ProgramInvocationException* thrown and the job 
fails when I submit the WordCount job through the CLI:

Caused by: 
org.apache.flink.runtime.jobmanager.scheduler.*NoResourceAvailableException*: 
Not enough free slots available to run the job. You can decrease the 
operator paral",0,2015-03-09,flink,user@flink.apache.org,<54FDFB42.3070805@informatik.hu-berlin.de>,Mihail Vieru <vieru@informatik.hu-berlin.de>,2026-09-30T22:26:28.756018
APACHE_LISTS_REMINING,Apache Lists,UnsatisfiedLinkError,"Re: How to start a TaskManager and the Flink Query Interface from,
 Scala IDE (local run configuration)","https://lists.apache.org/thread/
 <CAGr9p8BHSTH7WiCrE=R=-OKXcHXPvs=4LGZ2qQonF3uoR=XLYw@mail.gmail.com>","Mh. Thats weird. It looks like your JobManager is being started in the
cluster mode.

Can you pull the latest changes from master? (We've worked quite a bit on
exactly the startup and logging behavior of the JM / TM).
Usually, there should be a message like:

21:10:22,652 INFO  org.apache.flink.runtime.jobmanager.JobManager
     - Starting JobManager actor
21:10:22,660 INFO  org.apache.flink.runti",0,2015-03-09,flink,user@flink.apache.org,"
 <CAGr9p8BHSTH7WiCrE=R=-OKXcHXPvs=4LGZ2qQonF3uoR=XLYw@mail.gmail.com>",Robert Metzger <rmetzger@apache.org>,2026-09-30T22:26:28.756020
APACHE_LISTS_REMINING,Apache Lists,UnsatisfiedLinkError,"Re: How to start a TaskManager and the Flink Query Interface from,
 Scala IDE (local run configuration)",https://lists.apache.org/thread/<54FE053F.8040002@informatik.hu-berlin.de>,"Yep, it works with the newest build. Was just a glitch in the matrix :)

Thanks again!

Mihail

On 09.03.2015 21:14, Robert Metzger wrote:
> Mh. Thats weird. It looks like your JobManager is being started in the 
> cluster mode.
>
> Can you pull the latest changes from master? (We've worked quite a bit 
> on exactly the startup and logging behavior of the JM / TM).
> Usually, there should be a mes",0,2015-03-09,flink,user@flink.apache.org,<54FE053F.8040002@informatik.hu-berlin.de>,Mihail Vieru <vieru@informatik.hu-berlin.de>,2026-09-30T22:26:28.756022
APACHE_LISTS_REMINING,Apache Lists,UnsatisfiedLinkError,"Re: Job stuck at ""Assigning split to host...""","https://lists.apache.org/thread/
 <CA+kr4rSi42VtthXpE+PsHv4aAM-wj5346uz2XUWjd3bayV5wdw@mail.gmail.com>","that is the output of the log:

==== FILE: /home/SHARES/FLINK/flink/build-target/bin/../conf/../log/flink-hduser-jobmanager-grips2.log
====
14:51:45,515 DEBUG
org.apache.hadoop.metrics2.lib.MutableMetricsFactory          - field
org.apache.hadoop.metrics2.lib.MutableRate
org.apache.hadoop.security.UserGroupInformation$UgiMetrics.loginSuccess
with annotation @org.apache.hadoop.metrics2.annotation.M",0,2015-07-23,flink,user@flink.apache.org,"
 <CA+kr4rSi42VtthXpE+PsHv4aAM-wj5346uz2XUWjd3bayV5wdw@mail.gmail.com>",Lydia Ickler <icklerly@googlemail.com>,2026-09-30T22:26:43.515269
APACHE_LISTS_REMINING,Apache Lists,UnsatisfiedLinkError,"Re: Job stuck at ""Assigning split to host...""",https://lists.apache.org/thread/<AED9B610-0663-49D0-86B6-5911B368DB4C@apache.org>,"We should have a look at the TaskManager logs as well. Can you post them as well?

If you post the JM logs again in DEBUG, I think it's better to exclude the jetty logs (I forgot about this :D). Just add the following line to log4j.properties:

log4j.logger.org.eclipse.jetty.util.log=OFF

– Ufuk

On 23 Jul 2015, at 14:56, Lydia Ickler <icklerly@googlemail.com> wrote:

> that is the output of the l",0,2015-07-23,flink,user@flink.apache.org,<AED9B610-0663-49D0-86B6-5911B368DB4C@apache.org>,Ufuk Celebi <uce@apache.org>,2026-09-30T22:26:43.515287
APACHE_LISTS_REMINING,Apache Lists,UnsatisfiedLinkError,"Re: Job stuck at ""Assigning split to host...""","https://lists.apache.org/thread/
 <CA+kr4rRmcFoYOpKXpQQyR10TOnYdweq4DtrK6LbG5QwO3C2Cag@mail.gmail.com>","ok---so it assigns the slpit to grips 5 and this is what is written in the
grips5.log

15:27:50,540 INFO  org.apache.zookeeper.ZooKeeper
     - Client environment:os.arch=amd64
15:27:50,540 INFO  org.apache.zookeeper.ZooKeeper
     - Client environment:os.version=3.19.0-22-generic
15:27:50,540 INFO  org.apache.zookeeper.ZooKeeper
     - Client environment:user.name=hduser
15:27:50,540 INFO  org.ap",0,2015-07-23,flink,user@flink.apache.org,"
 <CA+kr4rRmcFoYOpKXpQQyR10TOnYdweq4DtrK6LbG5QwO3C2Cag@mail.gmail.com>",Lydia Ickler <icklerly@googlemail.com>,2026-09-30T22:26:43.515290
APACHE_LISTS_REMINING,Apache Lists,UnsatisfiedLinkError,"Re: Job stuck at ""Assigning split to host...""","https://lists.apache.org/thread/
 <CA+kr4rTJahF-bqd_rkg9kAoAN-NFbWXbNeA60yPeeQXnOE5fzg@mail.gmail.com>","forgot this:
Looks like it reads grips1 and after that shuts zookeeper down and tries to
open grips 4:
15:27:50,760 DEBUG akka.serialization.Serialization(akka://flink)
     - Using serializer[akka.serialization.JavaSerializer] for message
[org.apache.flink.runtime.messa$
15:27:50,767 DEBUG LocalActorRefProvider(akka://flink)
      - resolve of path sequence [/temp/$a] failed
15:27:50,782 DEBUG or",0,2015-07-23,flink,user@flink.apache.org,"
 <CA+kr4rTJahF-bqd_rkg9kAoAN-NFbWXbNeA60yPeeQXnOE5fzg@mail.gmail.com>",Lydia Ickler <icklerly@googlemail.com>,2026-09-30T22:26:43.515292
APACHE_LISTS_REMINING,Apache Lists,UnsatisfiedLinkError,"Re: Job stuck at ""Assigning split to host...""",https://lists.apache.org/thread/<13AF587C-FC31-44DF-828C-D0561DEEE16F@apache.org>,"Unfortunately we don't gain more insight from the DEBUG logs... it looks like the connection is just lost. Did you have a look the *.out files as well? Maybe something was printed to sysout.

– Ufuk

On 23 Jul 2015, at 15:35, Lydia Ickler <icklerly@googlemail.com> wrote:

> forgot this:
> Looks like it reads grips1 and after that shuts zookeeper down and tries to open grips 4:
> 15:27:50,760 DEBUG",0,2015-07-23,flink,user@flink.apache.org,<13AF587C-FC31-44DF-828C-D0561DEEE16F@apache.org>,Ufuk Celebi <uce@apache.org>,2026-09-30T22:26:43.515295
APACHE_LISTS_REMINING,Apache Lists,System.loadLibrary,Re: passing environment variables to flink program,https://lists.apache.org/thread/<1446498201892-3340.post@n4.nabble.com>,"This has less to do with JNI but much to do how to pass custom environment
variables.

We are using YARN and the data is in HDFS. I have run the JNI program in
local mode within Eclipse with no problem since I can set up the environment
variables easily by using run configurations. Just I don't know how to do it
when running inside YARN.

The JNI program relies on LD_LIBRARY_PATH since the native ",0,2015-11-02,flink,user@flink.apache.org,<1446498201892-3340.post@n4.nabble.com>,Jian Jiang <jackie.jiang@equifax.com>,2026-09-30T22:26:57.393816
APACHE_LISTS_REMINING,Apache Lists,System.loadLibrary,Re: passing environment variables to flink program,"https://lists.apache.org/thread/
 <CANC1h_tGQcdLxx78e+qM8TD0TPNrLk9hR1WFaRGN=HW73cWbnw@mail.gmail.com>","Ah, okay, I confused the issue.

The environment variables would need to be defined or exported in the
environment that spawns TaskManager processes. I think there is nothing for
that in Flink yet, but it should not be hard to add that.

Can you open an issue for that in JIRA?

Thanks,
Stephan


On Mon, Nov 2, 2015 at 1:03 PM, Jian Jiang <jackie.jiang@equifax.com> wrote:

> This has less to do wit",0,2015-11-02,flink,user@flink.apache.org,"
 <CANC1h_tGQcdLxx78e+qM8TD0TPNrLk9hR1WFaRGN=HW73cWbnw@mail.gmail.com>",Stephan Ewen <sewen@apache.org>,2026-09-30T22:26:57.393850
APACHE_LISTS_REMINING,Apache Lists,System.loadLibrary,RE: [IE] Re: passing environment variables to flink program,"https://lists.apache.org/thread/
 <531DA9BF24FA6545BAD4CD4EB888774C55E13E8F@ATLEISEXCMBX1.eis.equifax.com>","1.    Sure. I have created FLINK-2954<https://issues.apache.org/jira/browse/FLINK-2954>.

Thanks
jackie

From: ewenstephan@gmail.com [mailto:ewenstephan@gmail.com] On Behalf Of Stephan Ewen
Sent: Monday, November 02, 2015 4:35 PM
To: user@flink.apache.org
Subject: [IE] Re: passing environment variables to flink program

Ah, okay, I confused the issue.

The environment variables would n",0,2015-11-02,flink,user@flink.apache.org,"
 <531DA9BF24FA6545BAD4CD4EB888774C55E13E8F@ATLEISEXCMBX1.eis.equifax.com>",Jian Jiang <jackie.jiang@equifax.com>,2026-09-30T22:26:57.393853
APACHE_LISTS_REMINING,Apache Lists,System.loadLibrary,Re: [IE] Re: passing environment variables to flink program,"https://lists.apache.org/thread/
 <CANC1h_svGFqVX0G5E==6MhJYbAW3SBDwLF4eOxcT=CvAu34S1w@mail.gmail.com>","Thanks!

Let's see if we can get that feature added soon...

On Mon, Nov 2, 2015 at 3:02 PM, Jian Jiang <jackie.jiang@equifax.com> wrote:

> 1.    Sure. I have created FLINK-2954
> <https://issues.apache.org/jira/browse/FLINK-2954>.
>
>
>
> Thanks
>
> jackie
>
>
>
> *From:* ewenstephan@gmail.com [mailto:ewenstephan@gmail.com] *On Behalf
> Of *Stephan Ewen
> *Sent:* Monday, November 02, 2015 4:35 P",0,2015-11-02,flink,user@flink.apache.org,"
 <CANC1h_svGFqVX0G5E==6MhJYbAW3SBDwLF4eOxcT=CvAu34S1w@mail.gmail.com>",Stephan Ewen <sewen@apache.org>,2026-09-30T22:26:57.393856
APACHE_LISTS_REMINING,Apache Lists,UnsatisfiedLinkError,Using native libraries in Flink EMR jobs,"https://lists.apache.org/thread/
 <CAO0MGUgRTEpLG-44P4YAm04Cp30sNkY_xuEcf7wRCYkGCJWwqQ@mail.gmail.com>","Hello,

I'm not sure whether it's a Hadoop or Flink-specific question, but since I
ran into this in the context of Flink I'm asking here. I would be glad if
anyone can suggest a more appropriate place.

I have a native library that I need to use in my Flink batch job that I run
on EMR, and I try to point JVM to the location of native library. Normally,
I'd do this using java.library.path parameter",0,2016-04-06,flink,user@flink.apache.org,"
 <CAO0MGUgRTEpLG-44P4YAm04Cp30sNkY_xuEcf7wRCYkGCJWwqQ@mail.gmail.com>",Timur Fayruzov <timur.fairuzov@gmail.com>,2026-09-30T22:27:24.614364
APACHE_LISTS_REMINING,Apache Lists,UnsatisfiedLinkError,Re: Using native libraries in Flink EMR jobs,"https://lists.apache.org/thread/
 <CAO0MGUgQWMXNp3EYJ7_fqGweKtyFU03TfhVUkV5EsxaMVMiBYw@mail.gmail.com>","there is a hack for this issue: copying my native library to
$HADOOP_HOME/lib/native makes it discoverable and a program runs, however
this is not an appropriate solution and it seems to be fragile.

I tried to find where 'lib/native' path appears in the configuration and
found 2 places:
hadoop-env.sh: export
JAVA_LIBRARY_PATH=""$JAVA_LIBRARY_PATH:/usr/lib/hadoop-lzo/lib/native
mapred-site.xml: key",0,2016-04-07,flink,user@flink.apache.org,"
 <CAO0MGUgQWMXNp3EYJ7_fqGweKtyFU03TfhVUkV5EsxaMVMiBYw@mail.gmail.com>",Timur Fayruzov <timur.fairuzov@gmail.com>,2026-09-30T22:27:24.614382
APACHE_LISTS_REMINING,Apache Lists,UnsatisfiedLinkError,Re: Using native libraries in Flink EMR jobs,"https://lists.apache.org/thread/
 <CAC27z=PYF7C94N=1kkL81thSYDrn-H6sYogz+j814_2h-Cajig@mail.gmail.com>","Hi Timur,

what you can try doing is to pass the JVM parameter
-Djava.library.path=<path> via the env.java.opts to the system. You simply
have to add env.java.opts: ""-Djava.library.path=<path>"" in the
flink-conf.yaml or via -Denv.java.opts=""-Djava.library.path=<path>"", if I’m
not mistaken.

Cheers
Till
​

On Thu, Apr 7, 2016 at 10:07 AM, Timur Fayruzov <timur.fairuzov@gmail.com>
wrote:

> there is",0,2016-04-07,flink,user@flink.apache.org,"
 <CAC27z=PYF7C94N=1kkL81thSYDrn-H6sYogz+j814_2h-Cajig@mail.gmail.com>",Till Rohrmann <trohrmann@apache.org>,2026-09-30T22:27:24.614385
APACHE_LISTS_REMINING,Apache Lists,UnsatisfiedLinkError,Re: Using native libraries in Flink EMR jobs,"https://lists.apache.org/thread/
 <CAC27z=PM9aA6vYFOBfYT-3uA4eL9ZyCmcqQ6d8UBq2Ag-gACKA@mail.gmail.com>","For passing the dynamic property directly when running things on YARN, you
have to use -yDenv.java.opts=""...""
​

On Thu, Apr 7, 2016 at 11:42 AM, Till Rohrmann <trohrmann@apache.org> wrote:

> Hi Timur,
>
> what you can try doing is to pass the JVM parameter
> -Djava.library.path=<path> via the env.java.opts to the system. You
> simply have to add env.java.opts: ""-Djava.library.path=<path>"" in the",0,2016-04-07,flink,user@flink.apache.org,"
 <CAC27z=PM9aA6vYFOBfYT-3uA4eL9ZyCmcqQ6d8UBq2Ag-gACKA@mail.gmail.com>",Till Rohrmann <trohrmann@apache.org>,2026-09-30T22:27:24.614388
APACHE_LISTS_REMINING,Apache Lists,UnsatisfiedLinkError,Re: Using native libraries in Flink EMR jobs,"https://lists.apache.org/thread/
 <CAO0MGUj_h==sw76-TWF6x8fnT_Vdc84mwu=YLejjn=bG-up+MQ@mail.gmail.com>","Thank you, Till! setting the flag in flink-conf.yalm worked, I'm very glad
that it was resolved. Note, however, passing it as an argument to flink
script did not work. I tried to pass it as:
`-yDenv.java.opts=""-Djava.library.path=<path>""`. I did not investigate any
further at this time.

Thanks,
Timur

On Thu, Apr 7, 2016 at 2:48 AM, Till Rohrmann <trohrmann@apache.org> wrote:

> For passing the d",0,2016-04-07,flink,user@flink.apache.org,"
 <CAO0MGUj_h==sw76-TWF6x8fnT_Vdc84mwu=YLejjn=bG-up+MQ@mail.gmail.com>",Timur Fayruzov <timur.fairuzov@gmail.com>,2026-09-30T22:27:24.614391
APACHE_LISTS_REMINING,Apache Lists,JVM crash,Re: Flink + S3,"https://lists.apache.org/thread/
 <CAGr9p8D7Q4WQueisqTExKHbQ1E6+m5CPRib_-9wCH-Y+K6+J6Q@mail.gmail.com>","Hi Michael-Keith,

Welcome to the Flink community!

Let me try answer your question regarding the ""best"" deployment options:
>>From what I see from the mailing list, most of our users are using one of
the big hadoop distributions (including Amazon EMR) with YARN installed.
Having YARN makes things quite comfortable because its taking care of
restarting JVMs in failure cases, deployment of the flin",0,2016-04-20,flink,user@flink.apache.org,"
 <CAGr9p8D7Q4WQueisqTExKHbQ1E6+m5CPRib_-9wCH-Y+K6+J6Q@mail.gmail.com>",Robert Metzger <rmetzger@apache.org>,2026-09-30T22:27:24.614393
APACHE_LISTS_REMINING,Apache Lists,UnsatisfiedLinkError,Unsatisfied Link Error,https://lists.apache.org/thread/<CAF7nrgQdThgfaAttrvM_Z9xJ833Q_O_PcZjm+U=SFsNxu_=Cog@mail.gmail.com>,"I was trying to run a basic program in java by submitting to the job
manager in Flink. I have a native library from open CV. When I try to
submit the job I get ""java.lang.UnsatisfiedLinkError: no opencv_java310 in
java.library.path"", however when I run it on Intellij by setting up the
flink execution environment I get correct results. I have followed some
solutions from the apache flink support we",0,2016-05-30,flink,user@flink.apache.org,<CAF7nrgQdThgfaAttrvM_Z9xJ833Q_O_PcZjm+U=SFsNxu_=Cog@mail.gmail.com>,Debaditya Roy <roydcat14@gmail.com>,2026-09-30T22:27:39.025837
APACHE_LISTS_REMINING,Apache Lists,UnsatisfiedLinkError,Re: Unsatisfied Link Error,https://lists.apache.org/thread/<CAKuu9pEP-ADTQqQiQt10sQcWVSA-49308YwR50UrWQgp8Ez2aw@mail.gmail.com>,"I am not sure but the reason could be that you are not submitting ""fat-jar""
containing all the libs when submitting it to job manager.

When you run it through intellij it takes care of including the libraries.

To create fat jar use maven-shade-plugin.

Let me know if it works.

Thanks,
Arpit

On Mon, May 30, 2016 at 2:41 PM, Debaditya Roy <roydcat14@gmail.com> wrote:

> I was trying to run a bas",0,2016-05-31,flink,user@flink.apache.org,<CAKuu9pEP-ADTQqQiQt10sQcWVSA-49308YwR50UrWQgp8Ez2aw@mail.gmail.com>,arpit srivastava <arpit8622@gmail.com>,2026-09-30T22:27:39.025855
APACHE_LISTS_REMINING,Apache Lists,UnsatisfiedLinkError,Re: Unsatisfied Link Error,https://lists.apache.org/thread/<CAF7nrgT+yqg7qfYF-NDqzt4PfXRyqjdf9B=4jFkzQ2eWs5vKjA@mail.gmail.com>,"Actually I have worked on IntelliJ only. As you said I also suspect the fat
jar (created from intelliJ) is unable to have the link to the native
library when I generate it and also the maven plugin is present in the
pom.xml . I also used another fat jar creator application to create the fat
jar and link it manually with my native library. In the second case I do
not find the error of linking howev",0,2016-05-31,flink,user@flink.apache.org,<CAF7nrgT+yqg7qfYF-NDqzt4PfXRyqjdf9B=4jFkzQ2eWs5vKjA@mail.gmail.com>,Debaditya Roy <roydcat14@gmail.com>,2026-09-30T22:27:39.025859
APACHE_LISTS_REMINING,Apache Lists,UnsatisfiedLinkError,Re: Unsatisfied Link Error,https://lists.apache.org/thread/<CANC1h_vK4cdrSPrc1191ieis8Bmu=c4=scBxKFT+KoPOT_yfJQ@mail.gmail.com>,"Hi!

Concerning the ""the program aborted pre-maturely"" exception - I assume you
were using the web dashboard to submit the program.
There is a trick that we use to fetch the plan without executing the
program, but it can be voided by catching certain exceptions.

I would try to simply execute the program without showing the plan first,
and then looking at the plan in the dashboard, under ""plan"".

",0,2016-05-31,flink,user@flink.apache.org,<CANC1h_vK4cdrSPrc1191ieis8Bmu=c4=scBxKFT+KoPOT_yfJQ@mail.gmail.com>,Stephan Ewen <sewen@apache.org>,2026-09-30T22:27:39.025862
APACHE_LISTS_REMINING,Apache Lists,UnsatisfiedLinkError,Re: Unsatisfied Link Error,https://lists.apache.org/thread/<CAF7nrgTWv77sfLa3+mDhSUTVg45zZGe1rBgrnA1Ly6zD9WXC4A@mail.gmail.com>,"Hello,

Yes I ran it from the cli successfully. :-)

Regards

On Tue, May 31, 2016 at 11:03 AM, Stephan Ewen <sewen@apache.org> wrote:

> Hi!
>
> Concerning the ""the program aborted pre-maturely"" exception - I assume you
> were using the web dashboard to submit the program.
> There is a trick that we use to fetch the plan without executing the
> program, but it can be voided by catching certain ex",0,2016-05-31,flink,user@flink.apache.org,<CAF7nrgTWv77sfLa3+mDhSUTVg45zZGe1rBgrnA1Ly6zD9WXC4A@mail.gmail.com>,Debaditya Roy <roydcat14@gmail.com>,2026-09-30T22:27:39.025866
APACHE_LISTS_REMINING,Apache Lists,JVM crash,Re: Parameters to Control Intra-node Parallelism,https://lists.apache.org/thread/<CAGr9p8AKnY25Kx2wM3+eWgAChkwqJLgmN6d-5Qc6y+CdePm2AA@mail.gmail.com>,"Hi,
from the TaskManager logs, I can not see anything suspicious.
Its a bit weird that the TaskManager logs just end, without any shutdown
messages. Usually the TMs log some shut down stuff when they are stopping.
Also, if they would be still running, I would expect some error messages
from akka about the connection status.
So the only thing I conclude is that one of the TMs was killed by the OS o",0,2016-07-08,flink,user@flink.apache.org,<CAGr9p8AKnY25Kx2wM3+eWgAChkwqJLgmN6d-5Qc6y+CdePm2AA@mail.gmail.com>,Robert Metzger <rmetzger@apache.org>,2026-09-30T22:27:57.334342
APACHE_LISTS_REMINING,Apache Lists,JVM crash,Re: Parameters to Control Intra-node Parallelism,https://lists.apache.org/thread/<CA+ssbKVT3uTRemyLp58G+85AbmC9Y0=WGYYiqec08jUqzaopsw@mail.gmail.com>,"I checked, but JVMs didn't crash. No puppet or other services like that.

One thing I found is that things work OK when I have a smaller number of
slaves. For example, here I was trying to run on 16 nodes giving 2 TMs
each. Then I reduced it to 4 nodes each with 2 TMs, which worked.



On Fri, Jul 8, 2016 at 12:31 PM, Robert Metzger <rmetzger@apache.org> wrote:

> Hi,
> from the TaskManager logs, ",0,2016-07-08,flink,user@flink.apache.org,<CA+ssbKVT3uTRemyLp58G+85AbmC9Y0=WGYYiqec08jUqzaopsw@mail.gmail.com>,Saliya Ekanayake <esaliya@gmail.com>,2026-09-30T22:27:57.334358
APACHE_LISTS_REMINING,Apache Lists,JVM crash,Re: Parameters to Control Intra-node Parallelism,https://lists.apache.org/thread/<CA+3U0Z=yB+zXqLd-_0ZZ6Oib_9+9feiGcY4pyX2ckZBpXkhmMg@mail.gmail.com>,"These symptoms sounds similar to what I was experiencing in the following
thread. Flink can have some unexpected memory usage which can result in an
OOM kill by the kernel, and this becomes more pronounced as the cluster
size grows.
  https://www.mail-archive.com/dev@flink.apache.org/msg06346.html

On Fri, Jul 8, 2016 at 12:46 PM, Saliya Ekanayake <esaliya@gmail.com> wrote:

> I checked, but JVMs ",0,2016-07-10,flink,user@flink.apache.org,<CA+3U0Z=yB+zXqLd-_0ZZ6Oib_9+9feiGcY4pyX2ckZBpXkhmMg@mail.gmail.com>,Greg Hogan <code@greghogan.com>,2026-09-30T22:27:57.334360
APACHE_LISTS_REMINING,Apache Lists,JVM crash,Re: Parameters to Control Intra-node Parallelism,https://lists.apache.org/thread/<CA+ssbKVDhH-ant9Rfu1-EFFdJY-xU1TBrEdJd9=ktL9rTBx_Ug@mail.gmail.com>,"Greg,

where did you see the OOM log as shown in this mail thread? In my case none
of the TaskManagers nor JobManger reports an error like this.

On Sun, Jul 10, 2016 at 8:45 PM, Greg Hogan <code@greghogan.com> wrote:

> These symptoms sounds similar to what I was experiencing in the following
> thread. Flink can have some unexpected memory usage which can result in an
> OOM kill by the kernel, an",0,2016-07-10,flink,user@flink.apache.org,<CA+ssbKVDhH-ant9Rfu1-EFFdJY-xU1TBrEdJd9=ktL9rTBx_Ug@mail.gmail.com>,Saliya Ekanayake <esaliya@gmail.com>,2026-09-30T22:27:57.334363
APACHE_LISTS_REMINING,Apache Lists,JVM crash,Re: Parameters to Control Intra-node Parallelism,https://lists.apache.org/thread/<CA+3U0Zn42_nhS6NAXLTJ-cMSi4snpVDa7e1S=9pNWLue59swwg@mail.gmail.com>,"The OOM killer doesn't give warning so you'll need to call dmesg or look in
/var/log/messages or similar. The following reports that Debian flavors may
use /var/log/syslog.

http://stackoverflow.com/questions/624857/finding-which-process-was-killed-by-linux-oom-killer

On Sun, Jul 10, 2016 at 11:55 PM, Saliya Ekanayake <esaliya@gmail.com>
wrote:

> Greg,
>
> where did you see the OOM log as shown ",0,2016-07-11,flink,user@flink.apache.org,<CA+3U0Zn42_nhS6NAXLTJ-cMSi4snpVDa7e1S=9pNWLue59swwg@mail.gmail.com>,Greg Hogan <code@greghogan.com>,2026-09-30T22:27:57.334365
APACHE_LISTS_REMINING,Apache Lists,JVM crash,Re: Parameters to Control Intra-node Parallelism,https://lists.apache.org/thread/<CA+ssbKVRAGD6JS8sqoYwESWZVfccRQL1G=yVUo-94pPu5mhoHA@mail.gmail.com>,"Thank you Greg, I'll check if this was the cause for my TMs to disappear.

On Mon, Jul 11, 2016 at 11:34 AM, Greg Hogan <code@greghogan.com> wrote:

> The OOM killer doesn't give warning so you'll need to call dmesg or look
> in /var/log/messages or similar. The following reports that Debian flavors
> may use /var/log/syslog.
>
> http://stackoverflow.com/questions/624857/finding-which-process-was-",0,2016-07-11,flink,user@flink.apache.org,<CA+ssbKVRAGD6JS8sqoYwESWZVfccRQL1G=yVUo-94pPu5mhoHA@mail.gmail.com>,Saliya Ekanayake <esaliya@gmail.com>,2026-09-30T22:27:57.334367
APACHE_LISTS_REMINING,Apache Lists,JVM crash,Re: Parameters to Control Intra-node Parallelism,https://lists.apache.org/thread/<9A2710B8-C260-4F6E-A805-323537F8E327@inria.fr>,"Hi,

Can you post your configuration parameters (exclude default settings) and cluster description?

Best,
Ovidiu
> On 11 Jul 2016, at 17:49, Saliya Ekanayake <esaliya@gmail.com> wrote:
> 
> Thank you Greg, I'll check if this was the cause for my TMs to disappear.
> 
> On Mon, Jul 11, 2016 at 11:34 AM, Greg Hogan <code@greghogan.com <mailto:code@greghogan.com>> wrote:
> The OOM killer doesn't give",0,2016-07-12,flink,user@flink.apache.org,<9A2710B8-C260-4F6E-A805-323537F8E327@inria.fr>,Ovidiu-Cristian MARCU <ovidiu-cristian.marcu@inria.fr>,2026-09-30T22:27:57.334369
APACHE_LISTS_REMINING,Apache Lists,JVM crash,Re: Parameters to Control Intra-node Parallelism,https://lists.apache.org/thread/<CA+ssbKU7ppV9vkuBLO1a1+NYtC2wyr+wgQEMoW6id_hGX4Cwcg@mail.gmail.com>,"Hi Ovidiu,

Checking the /var/log/messages based on Greg's response revealed TMs were
killed due to out of memory. Here's the node architecture. Each node has
128GB of RAM. I was trying to run 2 TMs per node binding each to 12 cores
(or 1 socket). The total number of nodes were 16. I finally, managed to get
it working with the following (non-default) settings.

taskmanager.heap.mb: 12288
taskmanag",0,2016-07-12,flink,user@flink.apache.org,<CA+ssbKU7ppV9vkuBLO1a1+NYtC2wyr+wgQEMoW6id_hGX4Cwcg@mail.gmail.com>,Saliya Ekanayake <esaliya@gmail.com>,2026-09-30T22:27:57.334371
APACHE_LISTS_REMINING,Apache Lists,JVM crash,Re: Parameters to Control Intra-node Parallelism,https://lists.apache.org/thread/<E14CAFF4-750D-455C-80B9-E1AC0AFAC8A7@inria.fr>,"Hi,

I would pay attention to the memory settings such that heap+off-heap+network buffers can be served from your node’s RAM for both TMs.
Also, there is some correlation between the number of buffers, parallelism and your workflow’s operators. The suggestion to be used for the numberOfBuffers does not work in every case.

I guess the numberOfBuffers could be automatically determined based on the ",0,2016-07-13,flink,user@flink.apache.org,<E14CAFF4-750D-455C-80B9-E1AC0AFAC8A7@inria.fr>,Ovidiu-Cristian MARCU <ovidiu-cristian.marcu@inria.fr>,2026-09-30T22:27:57.334373
APACHE_LISTS_REMINING,Apache Lists,JVM crash,Re: Parameters to Control Intra-node Parallelism,https://lists.apache.org/thread/<CA+ssbKXwvDy+0eU7-pJVTPb9SscEdn_z9qDm+6-LWFu4MdOiJw@mail.gmail.com>,"Thank you, Ovidiu.

On Wed, Jul 13, 2016 at 3:34 PM, Ovidiu-Cristian MARCU <
ovidiu-cristian.marcu@inria.fr> wrote:

> Hi,
>
> I would pay attention to the memory settings such that
> heap+off-heap+network buffers can be served from your node’s RAM for both
> TMs.
> Also, there is some correlation between the number of buffers, parallelism
> and your workflow’s operators. The suggestion to be used",0,2016-07-14,flink,user@flink.apache.org,<CA+ssbKXwvDy+0eU7-pJVTPb9SscEdn_z9qDm+6-LWFu4MdOiJw@mail.gmail.com>,Saliya Ekanayake <esaliya@gmail.com>,2026-09-30T22:27:57.334375
APACHE_LISTS_REMINING,Apache Lists,"UnsatisfiedLinkError, System.loadLibrary",.so linkage error in Cluster,https://lists.apache.org/thread/<CAF7nrgQK+vnnALwG-wA7K45OwQrGQjt3Xw78cT5ObzAiWKhueA@mail.gmail.com>,"Hello users,

I am having a problem while running my flink program in a cluster. It gives
me an error that it is unable to find an .so file in a tmp directory.

Caused by: java.lang.UnsatisfiedLinkError: no jniopencv_core in
java.library.path
    at java.lang.ClassLoader.loadLibrary(ClassLoader.java:1867)
    at java.lang.Runtime.loadLibrary0(Runtime.java:870)
    at java.lang.System.loadLibrary(S",0,2016-07-26,flink,user@flink.apache.org,<CAF7nrgQK+vnnALwG-wA7K45OwQrGQjt3Xw78cT5ObzAiWKhueA@mail.gmail.com>,Debaditya Roy <roydcat14@gmail.com>,2026-09-30T22:27:57.334378
APACHE_LISTS_REMINING,Apache Lists,"UnsatisfiedLinkError, System.loadLibrary",Re: .so linkage error in Cluster,https://lists.apache.org/thread/<CAKiyyaEM93_hZJ8oVO1DPTRHyOSivPoS2ewprhK-3rJuRsnLYg@mail.gmail.com>,"Yes, the BlobCache on each TaskManager node should fetch it from the
JobManager. How are you packaging your JAR?

On Tue, Jul 26, 2016 at 4:32 PM, Debaditya Roy <roydcat14@gmail.com> wrote:
> Hello users,
>
> I am having a problem while running my flink program in a cluster. It gives
> me an error that it is unable to find an .so file in a tmp directory.
>
> Caused by: java.lang.UnsatisfiedLinkErr",0,2016-07-26,flink,user@flink.apache.org,<CAKiyyaEM93_hZJ8oVO1DPTRHyOSivPoS2ewprhK-3rJuRsnLYg@mail.gmail.com>,Ufuk Celebi <uce@apache.org>,2026-09-30T22:27:57.334380
APACHE_LISTS_REMINING,Apache Lists,"UnsatisfiedLinkError, System.loadLibrary",Re: .so linkage error in Cluster,https://lists.apache.org/thread/<CAF7nrgTm0gxHsh5xoSLiuuazUkjDGDg1zNSDj1LNxcUWsGFJJw@mail.gmail.com>,"Hello,

I am using the jar builder from IntelliJ IDE (the mvn one was causing
problems). After that I executed it successfully locally. But in remote it
is causing problem.

Warm Regards,
Debaditya

On Tue, Jul 26, 2016 at 4:36 PM, Ufuk Celebi <uce@apache.org> wrote:

> Yes, the BlobCache on each TaskManager node should fetch it from the
> JobManager. How are you packaging your JAR?
>
> On Tue, Ju",0,2016-07-26,flink,user@flink.apache.org,<CAF7nrgTm0gxHsh5xoSLiuuazUkjDGDg1zNSDj1LNxcUWsGFJJw@mail.gmail.com>,Debaditya Roy <roydcat14@gmail.com>,2026-09-30T22:27:57.334382
APACHE_LISTS_REMINING,Apache Lists,"UnsatisfiedLinkError, System.loadLibrary",Re: .so linkage error in Cluster,https://lists.apache.org/thread/<CAKiyyaGa9-mkdRbUvXmYQrfZcYeXwaLJKSMHfkSTODmJPCNYeA@mail.gmail.com>,"What error message to you get from Maven?

On Tue, Jul 26, 2016 at 4:39 PM, Debaditya Roy <roydcat14@gmail.com> wrote:
> Hello,
>
> I am using the jar builder from IntelliJ IDE (the mvn one was causing
> problems). After that I executed it successfully locally. But in remote it
> is causing problem.
>
> Warm Regards,
> Debaditya
>
> On Tue, Jul 26, 2016 at 4:36 PM, Ufuk Celebi <uce@apache.org> wro",0,2016-07-26,flink,user@flink.apache.org,<CAKiyyaGa9-mkdRbUvXmYQrfZcYeXwaLJKSMHfkSTODmJPCNYeA@mail.gmail.com>,Ufuk Celebi <uce@apache.org>,2026-09-30T22:27:57.334384
APACHE_LISTS_REMINING,Apache Lists,"UnsatisfiedLinkError, System.loadLibrary",Re: .so linkage error in Cluster,https://lists.apache.org/thread/<CAKiyyaExVBKTxVTJQw19b9zT4K-QnSKv_eA+P9aYWKp0OGEi5Q@mail.gmail.com>,"Out of curiosity I've tried this locally by adding the following
dependencies to my Maven project:

<dependency>
   <groupId>org.bytedeco</groupId>
   <artifactId>javacpp</artifactId>
   <version>1.2.2</version>
</dependency>
<dependency>
   <groupId>org.bytedeco.javacpp-presets</groupId>
   <artifactId>opencv</artifactId>
   <version>3.1.0-1.2</version>
</dependency>

With this, running mvn clean",0,2016-07-26,flink,user@flink.apache.org,<CAKiyyaExVBKTxVTJQw19b9zT4K-QnSKv_eA+P9aYWKp0OGEi5Q@mail.gmail.com>,Ufuk Celebi <uce@apache.org>,2026-09-30T22:27:57.334386
APACHE_LISTS_REMINING,Apache Lists,"UnsatisfiedLinkError, System.loadLibrary",Re: .so linkage error in Cluster,https://lists.apache.org/thread/<CAF7nrgS55OOoYvztQesDEwT+O4XG_jfdPdWLHSNNrSWV8_G7Sw@mail.gmail.com>,"Hi,

For the error I get this when I run the .jar made by mvn clean package

java.lang.NoClassDefFoundError: org/bytedeco/javacpp/opencv_core$Mat
    at loc.video.Job.main(Job.java:29)
    at sun.reflect.NativeMethodAccessorImpl.invoke0(Native Method)
    at
sun.reflect.NativeMethodAccessorImpl.invoke(NativeMethodAccessorImpl.java:62)
    at
sun.reflect.DelegatingMethodAccessorImpl.invoke(Delegati",0,2016-07-26,flink,user@flink.apache.org,<CAF7nrgS55OOoYvztQesDEwT+O4XG_jfdPdWLHSNNrSWV8_G7Sw@mail.gmail.com>,Debaditya Roy <roydcat14@gmail.com>,2026-09-30T22:27:57.334388
APACHE_LISTS_REMINING,Apache Lists,"UnsatisfiedLinkError, System.loadLibrary",Re: .so linkage error in Cluster,https://lists.apache.org/thread/<CAF7nrgQfq5XfM5XzU78RnbpZiiP7vqckLCXfZY1xkm=Xgp+YfQ@mail.gmail.com>,"Hello users,

I rebuilt the project and now on doing mvn clean package i have got two jar
files and I can run with the fat jar in the local jvm properly. However
when executing in the cluster I get error as follows:

Source: Custom Source -> Flat Map -> Sink: Unnamed(1/1) switched to FAILED
java.lang.UnsatisfiedLinkError: no jniopencv_core in java.library.path
    at java.lang.ClassLoader.loadLibr",0,2016-07-27,flink,user@flink.apache.org,<CAF7nrgQfq5XfM5XzU78RnbpZiiP7vqckLCXfZY1xkm=Xgp+YfQ@mail.gmail.com>,Debaditya Roy <roydcat14@gmail.com>,2026-09-30T22:27:57.334390
APACHE_LISTS_REMINING,Apache Lists,UnsatisfiedLinkError,Facing Issues while migrating to S3A,https://lists.apache.org/thread/<1470389573564-8337.post@n4.nabble.com>,"Hi All,

I am facing issues when I changed from S3n to S3A, I am using
hadoop-aws-2.7.2 and aws-java-sdk-1.7.4 as dependencies

Getting this error : java.lang.UnsatisfiedLinkError:
org.apache.hadoop.io.nativeio.NativeIO$Windows.access
Tried to change the fs.s3.buffer.dir path but getting same error.

According to the documentation when I try to provide values in these
properties, it does not work ",0,2016-08-05,flink,user@flink.apache.org,<1470389573564-8337.post@n4.nabble.com>,vinay patil <vinay18.patil@gmail.com>,2026-09-30T22:28:01.975223
APACHE_LISTS_REMINING,Apache Lists,UnsatisfiedLinkError,Re: Facing Issues while migrating to S3A,https://lists.apache.org/thread/<0A3190F3-18CF-4DFB-B762-2BD737DBB539@data-artisans.com>,"Hi,

from the exception, it seems like some native library is missing in your classpath. The code of the native method should be contained in something like a HADOOP_HOME\bin\hadoop.dll.

Best,
Stefan

> Am 05.08.2016 um 11:32 schrieb vinay patil <vinay18.patil@gmail.com>:
> 
> Hi All,
> 
> I am facing issues when I changed from S3n to S3A, I am using
> hadoop-aws-2.7.2 and aws-java-sdk-1.7.4 as d",0,2016-08-05,flink,user@flink.apache.org,<0A3190F3-18CF-4DFB-B762-2BD737DBB539@data-artisans.com>,Stefan Richter <s.richter@data-artisans.com>,2026-09-30T22:28:01.975239
APACHE_LISTS_REMINING,Apache Lists,UnsatisfiedLinkError,Re: Facing Issues while migrating to S3A,https://lists.apache.org/thread/<CAMpYU5SF+RqHCTwZZ64hXeme0Wd10Q4QpcJHRRDi7bHZO=gVBQ@mail.gmail.com>,"Hi Stefan,

The migration from S3n to S3A is working fine when I try it on cluster
(linux box), the issue is only with the local windows machine.

I am not clear on this ,Can you please elaborate:
*""The code of the native method should be contained in something like a
HADOOP_HOME\bin\hadoop.dll""*

I want to test it locally so that I don't have to run every-time on cluster

Regards,
Vinay Patil

On",0,2016-08-05,flink,user@flink.apache.org,<CAMpYU5SF+RqHCTwZZ64hXeme0Wd10Q4QpcJHRRDi7bHZO=gVBQ@mail.gmail.com>,vinay patil <vinay18.patil@gmail.com>,2026-09-30T22:28:01.975241
APACHE_LISTS_REMINING,Apache Lists,UnsatisfiedLinkError,Re: Facing Issues while migrating to S3A,https://lists.apache.org/thread/<7D5BD8BC-C5DC-4A2D-BBBE-9F41856386BB@data-artisans.com>,"Hi,

yes, it is only an issue on Windows because the system is using native functions and it seems your classpath lacks the Windows specific binary. Those functions are called from Java through JNI and their implementation for Windows is in some dll file that you need to put on your classpath. I think that file is $HADOOP_HOME\bin\hadoop.dll, where $HADOOP_HOME is the location of your Hadoop insta",0,2016-08-06,flink,user@flink.apache.org,<7D5BD8BC-C5DC-4A2D-BBBE-9F41856386BB@data-artisans.com>,Stefan Richter <s.richter@data-artisans.com>,2026-09-30T22:28:01.975243
APACHE_LISTS_REMINING,Apache Lists,compilation errors,Re: Problems reading Parquet input from HDFS,https://lists.apache.org/thread/<BF839972-423C-4555-B45B-98673B69737D@uni-konstanz.de>,"Hi Flavio,

thanks for your help. With Flink 1.2.0 and avro 1.8.1 it works fine for me too as long as I run it from the IDE. As soon as I submit it as a job to the cluster I get the described dependency issues.

* If I use the Flink 1.2.0 binary and just add Flink as a Maven dependency to my project I get a NoSuchMethodError as the avro functionality I use is not present in avro 1.7.7 which Flink ",0,2017-05-02,flink,user@flink.apache.org,<BF839972-423C-4555-B45B-98673B69737D@uni-konstanz.de>,Lukas Kircher <lukas.kircher@uni-konstanz.de>,2026-09-30T22:28:52.564654
APACHE_LISTS_REMINING,Apache Lists,JVM crash,Checkpointing SIGSEGV,https://lists.apache.org/thread/<CAKY1MWoRXvQQ+QziqXrPgf0kt6-As+7vseswu_7m3_Nt4Q6dpw@mail.gmail.com>,"Hey guys,

We are running into a JVM crash on checkpointing when our rocksDB state
reaches a certain size on a taskmanager (about 2GB).  The issue happens
with both a hadoop backend and just writing to a local file.

We are running on Flink 1.2.1.

#
# A fatal error has been detected by the Java Runtime Environment:
#
#  SIGSEGV (0xb) at pc=0x00007febf4261b42, pid=1, tid=0x00007fead135f700
#
# JRE",0,2017-05-25,flink,user@flink.apache.org,<CAKY1MWoRXvQQ+QziqXrPgf0kt6-As+7vseswu_7m3_Nt4Q6dpw@mail.gmail.com>,Jason Brelloch <jb.bc.flk@gmail.com>,2026-09-30T22:28:52.564668
APACHE_LISTS_REMINING,Apache Lists,JVM crash,Re: Checkpointing SIGSEGV,https://lists.apache.org/thread/<CAGr9p8C7nRc=WdbWLdpRrNww=GW2sG3CBSrko=-jOXZ80Pqmeg@mail.gmail.com>,"Hi Jason,

This error is unexpected. I don't think its caused by insufficient memory.
I'm including Stefan into the conversation, he's the RocksDB expert :)

On Thu, May 25, 2017 at 4:15 PM, Jason Brelloch <jb.bc.flk@gmail.com> wrote:

> Hey guys,
>
> We are running into a JVM crash on checkpointing when our rocksDB state
> reaches a certain size on a taskmanager (about 2GB).  The issue happens
> ",0,2017-05-26,flink,user@flink.apache.org,<CAGr9p8C7nRc=WdbWLdpRrNww=GW2sG3CBSrko=-jOXZ80Pqmeg@mail.gmail.com>,Robert Metzger <rmetzger@apache.org>,2026-09-30T22:28:52.564670
APACHE_LISTS_REMINING,Apache Lists,JVM crash,Re: Checkpointing SIGSEGV,https://lists.apache.org/thread/<EBA0E660-F0EC-4981-A034-DA72B7944BCB@data-artisans.com>,"Hi,

what means „our state“ in this context? The total state in the backend or the state under one key? If you use, e.g. list state, I could see that the state for one key can grow above 2GB, but once we retrieve the state back from RocksDB as Java arrays (in your stacktrace, when making a checkpoint), which are bounded in size to a maximum of 2GB (Integer.MAX_VALUE) and maybe that is what happens",0,2017-05-26,flink,user@flink.apache.org,<EBA0E660-F0EC-4981-A034-DA72B7944BCB@data-artisans.com>,Stefan Richter <s.richter@data-artisans.com>,2026-09-30T22:28:52.564672
APACHE_LISTS_REMINING,Apache Lists,JVM crash,Re: Checkpointing SIGSEGV,https://lists.apache.org/thread/<CAKY1MWoWtyKOVhjYgwrZRgRkg3t94T6hrY8C=h7w+jO7kQvAzw@mail.gmail.com>,"~2 GB was the total state in the backend.  The total number of keys in the
test is 10 with an approximately even distribution of state across keys,
and parallelism of 1 so all keys are on the same taskmanager.  We are using
ListState and the number of elements per list would be about 500000.

On Fri, May 26, 2017 at 10:20 AM, Stefan Richter <
s.richter@data-artisans.com> wrote:

> Hi,
>
> what mea",0,2017-05-26,flink,user@flink.apache.org,<CAKY1MWoWtyKOVhjYgwrZRgRkg3t94T6hrY8C=h7w+jO7kQvAzw@mail.gmail.com>,Jason Brelloch <jb.bc.flk@gmail.com>,2026-09-30T22:28:52.564674
APACHE_LISTS_REMINING,Apache Lists,JVM crash,Re: Checkpointing SIGSEGV,https://lists.apache.org/thread/<AE90166C-4A2F-4746-B824-46A13C214160@data-artisans.com>,"I played a bit around with your info and this looks now like a general problem in RocksDB to me. Or more specifically, between RocksDB and the JNI bridge. I could reproduce the issue with the following simple test code:

File rocksDir = new File(""/tmp/rocks"");
final Options options = new Options()
   .setCreateIfMissing(true)
   .setMergeOperator(new StringAppendOperator())
   .setCompactionStyle(",0,2017-05-26,flink,user@flink.apache.org,<AE90166C-4A2F-4746-B824-46A13C214160@data-artisans.com>,Stefan Richter <s.richter@data-artisans.com>,2026-09-30T22:28:52.564676
APACHE_LISTS_REMINING,Apache Lists,JVM crash,Re: Checkpointing SIGSEGV,https://lists.apache.org/thread/<844763E6-F0A5-4F53-B3B8-7784459D1218@data-artisans.com>,"I forgot to mention that you need to run this with Flink’s version of RocksDB, as the stock version is already unable to perform the inserts because their implementation of merge operator has a performance problem.

Furthermore, I think a higher multiplicator than *2 is required on num (and/or a smaller modulo on the key bytes) to trigger the problem; Noticed that I ran it multiple times, so it ad",0,2017-05-26,flink,user@flink.apache.org,<844763E6-F0A5-4F53-B3B8-7784459D1218@data-artisans.com>,Stefan Richter <s.richter@data-artisans.com>,2026-09-30T22:28:52.564678
APACHE_LISTS_REMINING,Apache Lists,JVM crash,Re: Checkpointing SIGSEGV,https://lists.apache.org/thread/<CAKY1MWqTfW09-yUGsqYSbVMUoAnO8nSoZ9MdsN35XP_dcmrtiw@mail.gmail.com>,"Thanks for looking into this Stefan.  We are moving forward with a
different strategy for now.  If I want to take a look at this, where do I
go to get the Flink version of RocksDB?

On Fri, May 26, 2017 at 1:06 PM, Stefan Richter <s.richter@data-artisans.com
> wrote:

> I forgot to mention that you need to run this with Flink’s version of
> RocksDB, as the stock version is already unable to perfor",0,2017-05-26,flink,user@flink.apache.org,<CAKY1MWqTfW09-yUGsqYSbVMUoAnO8nSoZ9MdsN35XP_dcmrtiw@mail.gmail.com>,Jason Brelloch <jb.bc.flk@gmail.com>,2026-09-30T22:28:52.564680
APACHE_LISTS_REMINING,Apache Lists,JVM crash,Re: Checkpointing SIGSEGV,https://lists.apache.org/thread/<F96FBF53-19FE-4E3B-BB11-CCD658803ADF@data-artisans.com>,"Flink’s version is hosted here: https://github.com/dataArtisans/frocksdb <https://github.com/dataArtisans/frocksdb>

> Am 26.05.2017 um 19:59 schrieb Jason Brelloch <jb.bc.flk@gmail.com>:
> 
> Thanks for looking into this Stefan.  We are moving forward with a different strategy for now.  If I want to take a look at this, where do I go to get the Flink version of RocksDB?
> 
> On Fri, May 26, 2017 ",0,2017-05-27,flink,user@flink.apache.org,<F96FBF53-19FE-4E3B-BB11-CCD658803ADF@data-artisans.com>,Stefan Richter <s.richter@data-artisans.com>,2026-09-30T22:28:52.564682
APACHE_LISTS_REMINING,Apache Lists,JVM crash,Re: Checkpointing SIGSEGV,https://lists.apache.org/thread/<CAKDV8W7_nWNck07xbiiYmK_ndezQDK1Ar5S_heBaTX_0FE5cog@mail.gmail.com>,"Hi,

This might be related, I'm experiencing a similar SIGSEGV causing the
taskmanager to die each time my streaming job fails or even if I cancel it
manually.
I am using Flink1.4-SNAPSHOT, Commit: 546e2ad.

Here are some examples (see the full dump attached):

On Job failure:
#
# A fatal error has been detected by the Java Runtime Environment:
#
#  SIGSEGV (0xb) at pc=0x00007f244f4cf5b3, pid=9532",0,2017-05-27,flink,user@flink.apache.org,<CAKDV8W7_nWNck07xbiiYmK_ndezQDK1Ar5S_heBaTX_0FE5cog@mail.gmail.com>,Yassine MARZOUGUI <y.marzougui@mindlytix.com>,2026-09-30T22:28:52.564684
APACHE_LISTS_REMINING,Apache Lists,JVM crash,Re: Checkpointing SIGSEGV,https://lists.apache.org/thread/<EF5DFF98-16D2-4262-9D30-9E2F0485B2B8@data-artisans.com>,"Hi,

this is a known and currently „accepted“ problem in Flink which can only happen when a task manager is already going down, e.g. on cancelation. It happens when the RocksDB object was already disposed (as part of the shutdown procedure) but there is still a pending timer firing, and in the process accessing the released native resource. 

Background why it is like that: waiting for all timer t",0,2017-05-27,flink,user@flink.apache.org,<EF5DFF98-16D2-4262-9D30-9E2F0485B2B8@data-artisans.com>,Stefan Richter <s.richter@data-artisans.com>,2026-09-30T22:28:52.564686
APACHE_LISTS_REMINING,Apache Lists,JVM crash,Re: Checkpointing SIGSEGV,https://lists.apache.org/thread/<9895ECA1-4999-4F81-A8E1-A69B400F3F5C@data-artisans.com>,"FYI, I created this JIRA https://issues.apache.org/jira/browse/FLINK-6761 <https://issues.apache.org/jira/browse/FLINK-6761> to track the problem of large merging state per key. I might also bring this the the RocksDB issue tracker and then figure out how to solve this.

> Am 27.05.2017 um 20:28 schrieb Stefan Richter <s.richter@data-artisans.com>:
> 
> Hi,
> 
> this is a known and currently „acce",0,2017-05-29,flink,user@flink.apache.org,<9895ECA1-4999-4F81-A8E1-A69B400F3F5C@data-artisans.com>,Stefan Richter <s.richter@data-artisans.com>,2026-09-30T22:28:52.564688
APACHE_LISTS_REMINING,Apache Lists,UnsatisfiedLinkError,Unable to use Flink RocksDB state backend due to endianness mismatch,https://lists.apache.org/thread/<CAM8menFcc3kJe82aWGpZXbsdXP25U7aovubHBHq=M9fWsGzjiw@mail.gmail.com>,"Dear all,

My Flink Job reads from a kafka topic and store the data in a RocksDB state
backend, in order to make use of the queryable state. I'm able to run the
job and query the state in my local machine. But when deploying on the
cluster, I'm getting the below error:

Caused by: org.apache.flink.runtime.client.JobExecutionException: Job
execution failed.
at org.apache.flink.runtime.jobmanager.Jo",0,2017-06-03,flink,user@flink.apache.org,<CAM8menFcc3kJe82aWGpZXbsdXP25U7aovubHBHq=M9fWsGzjiw@mail.gmail.com>,Ziyad Muhammed <mmziyad@gmail.com>,2026-09-30T22:28:58.531064
APACHE_LISTS_REMINING,Apache Lists,UnsatisfiedLinkError,"Re: Unable to use Flink RocksDB state backend due to endianness
 mismatch",https://lists.apache.org/thread/<32922123-7225-45E9-9984-B8EB0574ED07@data-artisans.com>,"Hi,

RocksDB is a native library with JNI binding. It is included as a dependency and does not build from source when you build Flink. The included jar provides native code for Linux, OSX, and Windows on x86-64. From the Exception, I would conclude you are using a different CPU architecture that is big endian. In this case, you would have to compile RocksDB yourself on your native platform and rep",0,2017-06-06,flink,user@flink.apache.org,<32922123-7225-45E9-9984-B8EB0574ED07@data-artisans.com>,Stefan Richter <s.richter@data-artisans.com>,2026-09-30T22:28:58.531083
APACHE_LISTS_REMINING,Apache Lists,UnsatisfiedLinkError,Re: Unable to use Flink RocksDB state backend due to endianness mismatch,https://lists.apache.org/thread/<CAM8menE487kE8Qxiz3_tU5DAq+iTEu3-ivfTrPtqVQEj4cEfvA@mail.gmail.com>,"Hi Stefan

I could solve the issue by building frocksdb with a patch for ppc
architecture. How ever this patch is already applied to the latest version
of rocksdb, where as frocksdb seems not updated in a while. It would be
nice to have it updated with this patch.

Thanks
Ziyad


On Tue, Jun 6, 2017 at 10:01 AM, Stefan Richter <s.richter@data-artisans.com
> wrote:

> Hi,
>
> RocksDB is a native li",0,2017-06-15,flink,user@flink.apache.org,<CAM8menE487kE8Qxiz3_tU5DAq+iTEu3-ivfTrPtqVQEj4cEfvA@mail.gmail.com>,Ziyad Muhammed <mmziyad@gmail.com>,2026-09-30T22:28:58.531099
APACHE_LISTS_REMINING,Apache Lists,UnsatisfiedLinkError,"Re: Unable to use Flink RocksDB state backend due to endianness
 mismatch",https://lists.apache.org/thread/<76EB8D20-31B8-4D2E-A5FE-5B7C8CDCAE2D@data-artisans.com>,"Hi,

we would also like to update to the latest RocksDB and drop FRocksDB altogether. But unfortunately, newer versions of RocksDB have issues with certain features in the Java API that we use in Flink, for example this one https://github.com/facebook/rocksdb/issues/1964 <https://github.com/facebook/rocksdb/issues/1964>. Once those problems are fixed, we can consider upgrading.

Best,
Stefan 

> A",0,2017-06-16,flink,user@flink.apache.org,<76EB8D20-31B8-4D2E-A5FE-5B7C8CDCAE2D@data-artisans.com>,Stefan Richter <s.richter@data-artisans.com>,2026-09-30T22:28:58.531102
APACHE_LISTS_REMINING,Apache Lists,JNIEnv,Re: Experiencing long latency while using sockets,https://lists.apache.org/thread/<3df6b9e1-fc8f-b706-1a8d-ca4cd6ac6c1a@wustl.edu>,"Following the original post, I've tried stripping down my Flink app to 
only the following, and then it still exhibits long latencies: after the 
second source socket write, it took 90+ milliseconds from data source to 
the socket-front in Flink. I would like to ask for pointers about how to 
investigate the latency issue like this, and in general how to properly 
benchmark Flink latencies. Thank ",0,2017-08-07,flink,user@flink.apache.org,<3df6b9e1-fc8f-b706-1a8d-ca4cd6ac6c1a@wustl.edu>,Chao Wang <chaowang@wustl.edu>,2026-09-30T22:29:14.355471
APACHE_LISTS_REMINING,Apache Lists,JNIEnv,Re: Experiencing long latency while using sockets,https://lists.apache.org/thread/<CAAdrtT3AuprZDHL+mLYtnv1qm-5dqSQCmU9aH0uX3LoZFne28w@mail.gmail.com>,"One pointer is the StreamExecutionEnvironment.setBufferTimeout() parameter.
Flink's network stack collects records in buffers to send them over the
network. A buffer is sent when it is completely filled or after a
configurable timeout.
So if your program does not process many records, these records might ""get
stuck"" in the buffers and be emitted after the timeout flushes the buffer.
The default ti",0,2017-08-08,flink,user@flink.apache.org,<CAAdrtT3AuprZDHL+mLYtnv1qm-5dqSQCmU9aH0uX3LoZFne28w@mail.gmail.com>,Fabian Hueske <fhueske@gmail.com>,2026-09-30T22:29:14.355492
APACHE_LISTS_REMINING,Apache Lists,JNIEnv,Re: Experiencing long latency while using sockets,https://lists.apache.org/thread/<776acb32-74f3-07d0-974e-e7e8553b2041@wustl.edu>,"Thank you, Fabian.

Maybe there's also some buffers sit between data source and the first 
operator? I observed that in my implementation of SourceFunction (using 
a socket server, as listed in the previous email), for receiving two 
messages, in terms of event time, it took 0.2 ms before the 
SourceFunction receives the first message but then it took 97 ms to 
receive the second message. The inte",0,2017-08-09,flink,user@flink.apache.org,<776acb32-74f3-07d0-974e-e7e8553b2041@wustl.edu>,Chao Wang <chaowang@wustl.edu>,2026-09-30T22:29:14.355508
APACHE_LISTS_REMINING,Apache Lists,JNIEnv,Re: Experiencing long latency while using sockets,https://lists.apache.org/thread/<ee9f0d6e-03be-b5ca-d3a2-a5b14257b757@wustl.edu>,"It seems that the observed long latencies were due to certain one-time 
internal mechanism that only occurred after Flink has received the first 
message. Based on my measurement that mechanism took around 100 ms.

Now I setup my application the following way, and I observed that the 
end-to-end latency is similar to that of using raw sockets (off by less 
than 1 ms): Send the first message to Fli",0,2017-08-09,flink,user@flink.apache.org,<ee9f0d6e-03be-b5ca-d3a2-a5b14257b757@wustl.edu>,Chao Wang <chaowang@wustl.edu>,2026-09-30T22:29:14.355511
APACHE_LISTS_REMINING,Apache Lists,JNIEnv,Re: Experiencing long latency while using sockets,https://lists.apache.org/thread/<CAAdrtT0Kk2zFE6qst___1=AzXuCkS=u0g9NbCiGyBOxKUtrNSg@mail.gmail.com>,"Great! Thanks for reporting back :-)

2017-08-09 22:52 GMT+02:00 Chao Wang <chaowang@wustl.edu>:

> It seems that the observed long latencies were due to certain one-time
> internal mechanism that only occurred after Flink has received the first
> message. Based on my measurement that mechanism took around 100 ms.
>
> Now I setup my application the following way, and I observed that the
> end-to-e",0,2017-08-10,flink,user@flink.apache.org,<CAAdrtT0Kk2zFE6qst___1=AzXuCkS=u0g9NbCiGyBOxKUtrNSg@mail.gmail.com>,Fabian Hueske <fhueske@gmail.com>,2026-09-30T22:29:14.355513
APACHE_LISTS_REMINING,Apache Lists,"UnsatisfiedLinkError, System.loadLibrary",Classloader and removal of native libraries,https://lists.apache.org/thread/<0AEBCC5D-7992-4CD8-81DA-E23C40C05E8F@secdata.com>,"Hi,
First time posting here so ‘hi’.
I have been using Flink (1.31 now) for a couple of months now and loving it. My deployment is to JobManager running as a long running session on Yarn.
I have a problem where I have a Flink streaming job that involves loading native libraries as part of one of the mappers (inheriting from RichMapFunction) loading (in the open method) a previously trained mach",0,2017-08-10,flink,user@flink.apache.org,<0AEBCC5D-7992-4CD8-81DA-E23C40C05E8F@secdata.com>,Conrad Crampton <conrad.crampton@SecData.com>,2026-09-30T22:29:14.355515
APACHE_LISTS_REMINING,Apache Lists,"UnsatisfiedLinkError, System.loadLibrary",Re: Classloader and removal of native libraries,https://lists.apache.org/thread/<167044BF-7F22-4252-9B6C-B7A36BC7CD82@apache.org>,"Hi Conrad,

I'm afraid you're running in the same problem that we already encountered with loading the native RocksDB library: https://github.com/apache/flink/blob/219ae33d36e67e3e74f493cf4956a290bc966a5d/flink-contrib/flink-statebackend-rocksdb/src/main/java/org/apache/flink/contrib/streaming/state/RocksDBStateBackend.java#L519 <https://github.com/apache/flink/blob/219ae33d36e67e3e74f493cf4956a29",0,2017-08-10,flink,user@flink.apache.org,<167044BF-7F22-4252-9B6C-B7A36BC7CD82@apache.org>,Aljoscha Krettek <aljoscha@apache.org>,2026-09-30T22:29:14.355518
APACHE_LISTS_REMINING,Apache Lists,"UnsatisfiedLinkError, System.loadLibrary",Re: Classloader and removal of native libraries <SOLVED>,https://lists.apache.org/thread/<1B7D79F7-160A-4D18-B02F-9BC0D1E29BB3@secdata.com>,"Hi Aljoscha,
“Hope that helps”…
ABSOLUTELY!!!

I have dug through the javacpp source code to find how the Loader class uses the temp cache location for the native libraries and in my open method in my RichMapFunction I am now setting the System.property to a random location so if the job restarts and calls open again, it uses a random temp location as in your example.

So thank you so much, ",0,2017-08-11,flink,user@flink.apache.org,<1B7D79F7-160A-4D18-B02F-9BC0D1E29BB3@secdata.com>,Conrad Crampton <conrad.crampton@SecData.com>,2026-09-30T22:29:14.355520
APACHE_LISTS_REMINING,Apache Lists,compilation errors,Re: Possible conflict between in Flink connectors,https://lists.apache.org/thread/<CALte62wUf+0=GoLJaNniRGohp6y_ZA46qjGZ+ozJAmn2Z=aAgA@mail.gmail.com>,"If Guava 18.0 is used to build hbase 1.3, there would be compilation errors
such as the following:

[ERROR] /mnt/disk2/a/1.3-h/hbase-server/src/main/java/org/
apache/hadoop/hbase/replication/regionserver/ReplicationSource.java:[271,25]
error: cannot find symbol
[ERROR]   symbol:   method stopAndWait()
[ERROR]   location: variable replicationEndpoint of type ReplicationEndpoint
[ERROR] /mnt/disk2/a",0,2017-08-25,flink,user@flink.apache.org,<CALte62wUf+0=GoLJaNniRGohp6y_ZA46qjGZ+ozJAmn2Z=aAgA@mail.gmail.com>,Ted Yu <yuzhihong@gmail.com>,2026-09-30T22:29:14.355523
APACHE_LISTS_REMINING,Apache Lists,JVM crash,JVM crash - SIGSEGV in ZIP_GetEntry,https://lists.apache.org/thread/<2F45DBEF-699E-4214-B3CF-BA8B27A40CAB@gmail.com>,"Hi,

Recently we observe regular taskmanager's JVM crashes just about a minute from the start of our Flink job. We run flink 1.3.2 on YARN (2.6.2.0-205). Java version:

JRE version: Java(TM) SE Runtime Environment (8.0_112-b15) (build 1.8.0_112-b15)
# Java VM: Java HotSpot(TM) 64-Bit Server VM (25.112-b15 mixed mode linux-amd64 compressed oops)

Any help with this problem would be appreciated. If ",0,2017-12-17,flink,user@flink.apache.org,<2F45DBEF-699E-4214-B3CF-BA8B27A40CAB@gmail.com>,Dawid Wysakowicz <wysakowicz.dawid@gmail.com>,2026-09-30T22:32:25.978650
APACHE_LISTS_REMINING,Apache Lists,JVM crash,Re: JVM crash - SIGSEGV in ZIP_GetEntry,https://lists.apache.org/thread/<0A3F453A-AADD-4E18-8543-EB1D3DA6A665@gmail.com>,"Just as a follow-up I tried disabling mmap with sun.zip.disableMemoryMapping, but it did not help. This time I got only Java stack:

Stack: [0x00007f9060757000,0x00007f9060858000],  sp=0x00007f9060856350,  free space=1020k
Native frames: (J=compiled Java code, j=interpreted, Vv=VM code, C=native code)

[error occurred during error reporting (printing native stack), id 0xb]

Java frames: (J=compile",0,2017-12-17,flink,user@flink.apache.org,<0A3F453A-AADD-4E18-8543-EB1D3DA6A665@gmail.com>,Dawid Wysakowicz <wysakowicz.dawid@gmail.com>,2026-09-30T22:32:25.978669
APACHE_LISTS_REMINING,Apache Lists,JVM crash,Re: JVM crash - SIGSEGV in ZIP_GetEntry,https://lists.apache.org/thread/<CA+faj9xu-Qt19NURjTZYiXEiG=k1beKPWp1Kbiyus2D64qhqjg@mail.gmail.com>,"Hi,
I have seen similar errors when trying to serialize Kryo-typeserializers
with Flink type infos accidentally.

Maybe that helps :)

Gyula

On Sun, Dec 17, 2017, 15:52 Dawid Wysakowicz <wysakowicz.dawid@gmail.com>
wrote:

> Just as a follow-up I tried disabling mmap with
> sun.zip.disableMemoryMapping, but it did not help. This time I got only
> Java stack:
>
> Stack: [0x00007f9060757000,0x00007",0,2017-12-17,flink,user@flink.apache.org,<CA+faj9xu-Qt19NURjTZYiXEiG=k1beKPWp1Kbiyus2D64qhqjg@mail.gmail.com>,Gyula Fóra  <gyula.fora@gmail.com>,2026-09-30T22:32:25.978672
APACHE_LISTS_REMINING,Apache Lists,JVM crash,Re: JVM crash - SIGSEGV in ZIP_GetEntry,https://lists.apache.org/thread/<D5C7E46D-61DD-4393-A0D4-F27B475E2D17@gmail.com>,"Thanks Gyula,

It kind of helped. I did remove some KryoSerializers here and there and it started working, but don’t understand it fully. Will try to understand and reproduce it, as soon as I have some spare time.

> On 17 Dec 2017, at 17:52, Gyula Fóra <gyula.fora@gmail.com> wrote:
> 
> Hi,
> I have seen similar errors when trying to serialize Kryo-typeserializers with Flink type infos accidental",0,2017-12-19,flink,user@flink.apache.org,<D5C7E46D-61DD-4393-A0D4-F27B475E2D17@gmail.com>,Dawid Wysakowicz <wysakowicz.dawid@gmail.com>,2026-09-30T22:32:25.978675
APACHE_LISTS_REMINING,Apache Lists,UnsatisfiedLinkError,Flink 1.4.0 Mapr libs issues,https://lists.apache.org/thread/<1515449350261-0.post@n4.nabble.com>,"*Background:* We have a setup of Flink 1.3.2 along with a secure MAPR
(v5.2.1) cluster (Flink is running on mapr client nodes). We run this flink
cluster via flink-jobmanager.sh foreground and flink-taskmanager.sh
foreground command via Marathon. We want to upgrade to Flink 1.4.0.

Since, we require Mapr libraries, heres how I built flink 1.4.0 from source
(maven version 3.5.0)
1. Cloned the flink",0,2018-01-08,flink,user@flink.apache.org,<1515449350261-0.post@n4.nabble.com>,"""ani.desh1512"" <ani.desh1512@gmail.com>",2026-09-30T22:32:30.937133
APACHE_LISTS_REMINING,Apache Lists,UnsatisfiedLinkError,Re: Flink 1.4.0 Mapr libs issues,https://lists.apache.org/thread/<CAAdrtT0+mBw-kY-C3evrg0fuY8qcBMAecjpoJKqTnTKSXTvnAg@mail.gmail.com>,"Hi Aniket,

you could try to restore the previous behavior by configuring

classloader.resolve-order: parent-first

in the Flink configuration.

Best, Fabian

2018-01-08 23:09 GMT+01:00 ani.desh1512 <ani.desh1512@gmail.com>:

> *Background:* We have a setup of Flink 1.3.2 along with a secure MAPR
> (v5.2.1) cluster (Flink is running on mapr client nodes). We run this flink
> cluster via flink-jobm",0,2018-01-09,flink,user@flink.apache.org,<CAAdrtT0+mBw-kY-C3evrg0fuY8qcBMAecjpoJKqTnTKSXTvnAg@mail.gmail.com>,Fabian Hueske <fhueske@gmail.com>,2026-09-30T22:32:30.937148
APACHE_LISTS_REMINING,Apache Lists,"UnsatisfiedLinkError, System.loadLibrary",Re: Classloader and removal of native libraries <SOLVED>,https://lists.apache.org/thread/<CAMUrgW-GqNVyvMiL5Th56Hxm6eoDiM=u_DB59EBN-15ZqgMTyw@mail.gmail.com>,"Hi,

I'm reviving this thread because I am probably hitting a similar issue with
loading a native library. However I am not able to resolve it with the
suggestions here.

I am using Flink 1.3.2 and the Jep library to call Cpython from a
RichFlatMapFunction with a parallelism of 10. I am instantiating the Jep
class in the open method. The Jep class has a static block where it loads
the native libra",0,2018-05-03,flink,user@flink.apache.org,<CAMUrgW-GqNVyvMiL5Th56Hxm6eoDiM=u_DB59EBN-15ZqgMTyw@mail.gmail.com>,Martin Eden <martineden131@gmail.com>,2026-09-30T22:34:23.500813
APACHE_LISTS_REMINING,Apache Lists,JVM crash,Taskmanager JVM crash,https://lists.apache.org/thread/<CAELUF_CEMNfbMNPo0bD=opsRq=mRz56wLjD=Hq90iAsJ_QUJJw@mail.gmail.com>,"Hi to all,
I have a Flink 1.3.1 job that runs multiple times.
Everything goes well for some time (e.g. 10 jobs). Then, one or more TMs
suddently die.

In the .out file I find something like this:

#
# A fatal error has been detected by the Java Runtime Environment:
#
#  SIGSEGV (0xb) at pc=0x00007f6f3897712f, pid=18794, tid=140110535448320
#
# JRE version: Java(TM) SE Runtime Environment (8.0_72-b",0,2018-05-14,flink,user@flink.apache.org,<CAELUF_CEMNfbMNPo0bD=opsRq=mRz56wLjD=Hq90iAsJ_QUJJw@mail.gmail.com>,Flavio Pompermaier <pompermaier@okkam.it>,2026-09-30T22:34:23.500844
APACHE_LISTS_REMINING,Apache Lists,JVM crash,Re: Taskmanager JVM crash,https://lists.apache.org/thread/<2C1E8593-32C1-4BF1-B786-143866132B01@data-artisans.com>,"Hi,

that looks like a known issue where Flink did not wait for the shutdown of the timer service before disposing state backends. This is problem fixed in the >= 1.4 branches.

Best,
Stefan 

> Am 14.05.2018 um 14:12 schrieb Flavio Pompermaier <pompermaier@okkam.it>:
> 
> Hi to all,
> I have a Flink 1.3.1 job that runs multiple times.
> Everything goes well for some time (e.g. 10 jobs). Then, one",0,2018-05-14,flink,user@flink.apache.org,<2C1E8593-32C1-4BF1-B786-143866132B01@data-artisans.com>,Stefan Richter <s.richter@data-artisans.com>,2026-09-30T22:34:23.500847
APACHE_LISTS_REMINING,Apache Lists,JVM crash,Re: Taskmanager JVM crash,https://lists.apache.org/thread/<CAELUF_Aor2C_ZZfe2VkX3ZJ-ZRXZ0AAddFeMZMpeQ1wJgSak8g@mail.gmail.com>,"My job is a batch one, not a streaming job. Is it possible that the cause
is the one you mentioned?

On Mon, 14 May 2018, 14:23 Stefan Richter, <s.richter@data-artisans.com>
wrote:

> Hi,
>
> that looks like a known issue where Flink did not wait for the shutdown of
> the timer service before disposing state backends. This is problem fixed in
> the >= 1.4 branches.
>
> Best,
> Stefan
>
> Am 14.05.",0,2018-05-14,flink,user@flink.apache.org,<CAELUF_Aor2C_ZZfe2VkX3ZJ-ZRXZ0AAddFeMZMpeQ1wJgSak8g@mail.gmail.com>,Flavio Pompermaier <pompermaier@okkam.it>,2026-09-30T22:34:23.500849
APACHE_LISTS_REMINING,Apache Lists,JVM crash,Re: Taskmanager JVM crash,https://lists.apache.org/thread/<B4585BE0-1A9E-4AA9-8B96-EB9696F3C8CE@data-artisans.com>,"No, that problem I mentioned does not affect batch jobs. Must be something different then, but unfortunately the dump looks not very helpful to me because of the „error occurred during error reporting (printing native stack)“.

> Am 14.05.2018 um 14:26 schrieb Flavio Pompermaier <pompermaier@okkam.it>:
> 
> My job is a batch one, not a streaming job. Is it possible that the cause is the one you me",0,2018-05-14,flink,user@flink.apache.org,<B4585BE0-1A9E-4AA9-8B96-EB9696F3C8CE@data-artisans.com>,Stefan Richter <s.richter@data-artisans.com>,2026-09-30T22:34:23.500851
APACHE_LISTS_REMINING,Apache Lists,javah,Starting a seperate Java process within a Flink cluster,https://lists.apache.org/thread/<1541111594224.20641@campus.tu-berlin.de>,"Hello,


I am currently working on my masters and I encountered a difficult problem.


Background (for context): I am trying to connect different data stream processors. Therefore i am using Flink's internal mechanisms of creating custom sinks and sources to receive from and send to different data stream processors. I am starting a separate

process (message-buffer-process) in those custom sinks a",0,2018-11-01,flink,user@flink.apache.org,<1541111594224.20641@campus.tu-berlin.de>,"""Ly, The Anh"" <the.a.ly@campus.tu-berlin.de>",2026-09-30T22:36:15.975378
APACHE_LISTS_REMINING,Apache Lists,javah,Re: Starting a seperate Java process within a Flink cluster,https://lists.apache.org/thread/<DM5PR1401MB21076772D55CC7380DB1ABF1DACF0@DM5PR1401MB2107.namprd14.prod.outlook.com>,"Hi

Since you use the message-buffer-process as a dependency and the error tells you class not found, have you ever check your application jar package whether containing the wanted MessageBufferProcess.class? If not existed, try to use assembly-maven<https://maven.apache.org/plugins/maven-assembly-plugin/>  or shaded-maven<https://maven.apache.org/plugins/maven-shade-plugin/> plugin to include you",0,2018-11-02,flink,user@flink.apache.org,<DM5PR1401MB21076772D55CC7380DB1ABF1DACF0@DM5PR1401MB2107.namprd14.prod.outlook.com>,Yun Tang <myasuka@live.com>,2026-09-30T22:36:15.975415
APACHE_LISTS_REMINING,Apache Lists,javah,Re: Starting a seperate Java process within a Flink cluster,https://lists.apache.org/thread/<f90b3664-072e-401f-accf-1de83b4d4f15@email.android.com>,"Yes, i did. It is definitely there. I tried and made a separate Maven project to test if something was wrong with my jar.
The resulting shaded jar of that test project was fine and the message-buffer-process was running with that test jar.


Am 02.11.2018 04:47 schrieb Yun Tang <myasuka@live.com>:
Hi

Since you use the message-buffer-process as a dependency and the error tells you class not found,",0,2018-11-02,flink,user@flink.apache.org,<f90b3664-072e-401f-accf-1de83b4d4f15@email.android.com>,"""Ly, The Anh"" <the.a.ly@campus.tu-berlin.de>",2026-09-30T22:36:15.975420
APACHE_LISTS_REMINING,Apache Lists,javah,Re: Starting a seperate Java process within a Flink cluster,https://lists.apache.org/thread/<CAADy7x6EvNJdHOBgonhGd6_gwX-UuTo6YivhL52en0+jAHkGXw@mail.gmail.com>,"The error is most likely due to classpath issue. Because classpath is
different when you running flink program in IDE and run it in cluster.

And starting another jvm process in SourceFunction doesn't seems a good
approach to me, is it possible for you to do in your custom SourceFunction ?


Ly, The Anh <the.a.ly@campus.tu-berlin.de>于2018年11月2日周五 下午5:22写道：

> Yes, i did. It is definitely there. I ",0,2018-11-02,flink,user@flink.apache.org,<CAADy7x6EvNJdHOBgonhGd6_gwX-UuTo6YivhL52en0+jAHkGXw@mail.gmail.com>,Jeff Zhang <zjffdu@gmail.com>,2026-09-30T22:36:15.975425
APACHE_LISTS_REMINING,Apache Lists,javah,Re: Starting a seperate Java process within a Flink cluster,https://lists.apache.org/thread/<6e060c91-8e27-5635-edaf-f307896eab85@apache.org>,"Hi,

I am afraid that would be extremely hard what you are trying to do as in
a cluster setup not all dependencies are taken from the taskmanager
classpath, actually the user code classes are loaded dynamically,
therefore they cannot be accessed in your new process which does not
have access to those user classes.

Best,

Dawid

On 02/11/2018 10:34, Jeff Zhang wrote:
>
> The error is most likely d",0,2018-11-08,flink,user@flink.apache.org,<6e060c91-8e27-5635-edaf-f307896eab85@apache.org>,Dawid Wysakowicz <dwysakowicz@apache.org>,2026-09-30T22:36:15.975430
APACHE_LISTS_REMINING,Apache Lists,JNA,Re: 1.6 UI issues,https://lists.apache.org/thread/<43B1C7CD-A095-4F3E-BA84-4588B9B6F1DE@criteo.com>,"Hello guys. Happy new year!

Context: we started to have some troubles with UI after bumping our Flink version from 1.4 to 1.6.3. UI couldn’t render Job details page, so inspecting of the jobs for us has become impossible with the new version.

And looks like we have a workaround for our UI issue.
After some investigation we realized that starting from Flink 1.5 version we started to have a t",0,2019-01-02,flink,user@flink.apache.org,<43B1C7CD-A095-4F3E-BA84-4588B9B6F1DE@criteo.com>,Oleksandr Nitavskyi <o.nitavskyi@criteo.com>,2026-09-30T22:36:38.549206
APACHE_LISTS_REMINING,Apache Lists,JNA,Re: 1.6 UI issues,https://lists.apache.org/thread/<CAC27z=PSRBi-821eP196WG=MJyiRo-VXNajBweATDtkeE16n7Q@mail.gmail.com>,"Hi Oleksandr,

the requestJob call should only take longer if either the `JobMaster` is
overloaded and too busy to respond to the request or if the
ArchivedExecutionGraph is very large (e.g. very large accumulators) and
generating it and sending it over to the RestServerEndpoint takes too long.
This is also the change which was introduced with Flink 1.5. Instead of
simply handing over a reference ",0,2019-01-02,flink,user@flink.apache.org,<CAC27z=PSRBi-821eP196WG=MJyiRo-VXNajBweATDtkeE16n7Q@mail.gmail.com>,Till Rohrmann <trohrmann@apache.org>,2026-09-30T22:36:38.549225
APACHE_LISTS_REMINING,Apache Lists,JNA,Re: 1.6 UI issues,https://lists.apache.org/thread/<4DF34EB2-90A6-4360-9F22-6683738298DA@criteo.com>,"Hello Till,

First congratulations to you and the whole Flink community! It is great to see such success and recognition of the Apache Flink and your work.

Thanks also for the previous answer and good tips. On our side we have made several more steps in understanding the issue.

So I think we have two related problems in Flink, which can be reproduced in our set up:

  1.  UI issue

Loo",0,2019-01-10,flink,user@flink.apache.org,<4DF34EB2-90A6-4360-9F22-6683738298DA@criteo.com>,Oleksandr Nitavskyi <o.nitavskyi@criteo.com>,2026-09-30T22:36:38.549230
APACHE_LISTS_REMINING,Apache Lists,JNA,Re: 1.6 UI issues,https://lists.apache.org/thread/<CAC27z=OiWYhiAn3x3eawXaRWLyhWuEeaYYBWydHJ5VfVjU7srg@mail.gmail.com>,"Hi Oleksandr,

thanks a lot for the kind wishes and for the detailed investigation.

1. I think if the cluster cannot serve the information within the
web.refresh-interval, it would be best to increase it. I quickly looked
into the `ExecutionGraphCache` which is used for storing the
`ArchivedExecutionGraph` and it looks one could change the logic a bit.
What we do at the moment is to invalidate th",0,2019-01-10,flink,user@flink.apache.org,<CAC27z=OiWYhiAn3x3eawXaRWLyhWuEeaYYBWydHJ5VfVjU7srg@mail.gmail.com>,Till Rohrmann <trohrmann@apache.org>,2026-09-30T22:36:38.549232
APACHE_LISTS_REMINING,Apache Lists,JNA,Re: 1.6 UI issues,"https://lists.apache.org/thread/
 <VI1PR04MB478258805F45161DEF50DE989E9D0@VI1PR04MB4782.eurprd04.prod.outlook.com>","Hi again here,


So I have created two Jira issues: https://issues.apache.org/jira/browse/FLINK-11394 about UI problem and https://issues.apache.org/jira/browse/FLINK-11396 related to the GC pressure in MetricsStore, let's continue the technical discussion there.


As a workaround for GC pressure can be the usage of more predictable GC that G1 with ergonomics. We have switched to Parallel GC for J",0,2019-01-19,flink,user@flink.apache.org,"
 <VI1PR04MB478258805F45161DEF50DE989E9D0@VI1PR04MB4782.eurprd04.prod.outlook.com>",Oleksandr Nitavskyi <o.nitavskyi@criteo.com>,2026-09-30T22:36:38.549248
APACHE_LISTS_REMINING,Apache Lists,"UnsatisfiedLinkError, System.loadLibrary","Re: `env.java.opts` not persisting after job canceled or failed and
 then restarted",https://lists.apache.org/thread/<CAHbH6uOuqnac76jn=nyfduwkG8nXmsjjmxR09b3P_SpF_EZPfg@mail.gmail.com>,"Hi Ufuk,

Two updates:

1. As suggested in the ticket, I naively copied the every `.so` in
`hadoop-3.0.0/lib/native/` into `/lib/` and this did not seem to help. My
knowledge of how shared libs get picked up is hazy, so I'm not sure if
blindly copying them like that should work. I did check what
`System.getProperty(""java.library.path"")` returns at the call-site and
it's: java.library.path=/usr/jav",0,2019-01-23,flink,user@flink.apache.org,<CAHbH6uOuqnac76jn=nyfduwkG8nXmsjjmxR09b3P_SpF_EZPfg@mail.gmail.com>,Aaron Levin <aaronlevin@stripe.com>,2026-09-30T22:36:38.549250
APACHE_LISTS_REMINING,Apache Lists,"UnsatisfiedLinkError, System.loadLibrary","Re: `env.java.opts` not persisting after job canceled or failed and
 then restarted",https://lists.apache.org/thread/<CAHbH6uOR0cokmgSGXQL2hHVvXVHYR3YkgaYydBg6p+U-CONs+A@mail.gmail.com>,"Hi Ufuk,

One more update: I tried copying all the hadoop native `.so` files (mainly
`libhadoop.so`) into `/lib` and am I still experiencing the issue I
reported. I also tried naively adding the `.so` files to the jar with the
flink application and am still experiencing the issue I reported (however,
I'm going to investigate this further as I might not have done it
correctly).

Best,

Aaron Levin
",0,2019-01-23,flink,user@flink.apache.org,<CAHbH6uOR0cokmgSGXQL2hHVvXVHYR3YkgaYydBg6p+U-CONs+A@mail.gmail.com>,Aaron Levin <aaronlevin@stripe.com>,2026-09-30T22:36:38.549253
APACHE_LISTS_REMINING,Apache Lists,"UnsatisfiedLinkError, System.loadLibrary","Re: `env.java.opts` not persisting after job canceled or failed and
 then restarted",https://lists.apache.org/thread/<CAHbH6uN_d53DL0QAUzsrOJYVg+zBeJg2HEQ5WHdgwkJO_K6EaA@mail.gmail.com>,"Hi Ufuk,

I'm starting to believe the bug is much deeper than the originally reported
error because putting the libraries in `/usr/lib` or `/lib` does not work.
This morning I dug into why putting `libhadoop.so` into `/usr/lib` didn't
work, despite that being in the `java.library.path` at the call site of the
error. I wrote a small program to test the loading of native libraries, and
it was able t",0,2019-01-24,flink,user@flink.apache.org,<CAHbH6uN_d53DL0QAUzsrOJYVg+zBeJg2HEQ5WHdgwkJO_K6EaA@mail.gmail.com>,Aaron Levin <aaronlevin@stripe.com>,2026-09-30T22:36:38.549255
APACHE_LISTS_REMINING,Apache Lists,"UnsatisfiedLinkError, System.loadLibrary","Re: `env.java.opts` not persisting after job canceled or failed and
 then restarted",https://lists.apache.org/thread/<CAHbH6uPY4k5GWgr3mEZj+0FCTmhTh=XgxEJOOaU=9e3R_Hmz=w@mail.gmail.com>,"Hi Ufuk,

Update: I've pinned down the issue. It's multiple classloaders loading
`libhadoop.so`:

```
failed to load native hadoop with error: java.lang.UnsatisfiedLinkError:
Native Library /usr/lib/libhadoop.so already loaded in another classloader
```

I'm not quite sure what the solution is. Ideally flink would destroy a
classloader when a job is canceled, but perhaps there's a jvm limitation
t",0,2019-01-24,flink,user@flink.apache.org,<CAHbH6uPY4k5GWgr3mEZj+0FCTmhTh=XgxEJOOaU=9e3R_Hmz=w@mail.gmail.com>,Aaron Levin <aaronlevin@stripe.com>,2026-09-30T22:36:38.549257
APACHE_LISTS_REMINING,Apache Lists,"UnsatisfiedLinkError, System.loadLibrary",Re: `env.java.opts` not persisting after job canceled or failed and then restarted,https://lists.apache.org/thread/<F7EE318B-BAF0-49C6-A6E9-5269E94C7424@gmail.com>,"This may be caused by a  jvm process can only load a so once.So a triky way is to rename it。

发自我的 iPhone

> 在 2019年1月25日，上午7:12，Aaron Levin <aaronlevin@stripe.com> 写道：
> 
> Hi Ufuk,
> 
> Update: I've pinned down the issue. It's multiple classloaders loading `libhadoop.so`:
> 
> ```
> failed to load native hadoop with error: java.lang.UnsatisfiedLinkError: Native Library /usr/lib/libhadoop.so alre",0,2019-01-25,flink,user@flink.apache.org,<F7EE318B-BAF0-49C6-A6E9-5269E94C7424@gmail.com>,Guowei Ma <guowei.mgw@gmail.com>,2026-09-30T22:36:38.549259
APACHE_LISTS_REMINING,Apache Lists,"UnsatisfiedLinkError, System.loadLibrary","Re: `env.java.opts` not persisting after job canceled or failed and
 then restarted",https://lists.apache.org/thread/<CAHbH6uMUUJLRCnZXnyJauQQ8p1FPDPEXXfDJ7tX1vPOvFNpmEg@mail.gmail.com>,"I don't control the code calling `System.loadLibrary(""hadoop"")` so that's
not an option for me, unfortunately.

On Thu, Jan 24, 2019 at 7:47 PM Guowei Ma <guowei.mgw@gmail.com> wrote:

> This may be caused by a  jvm process can only load a so once.So a triky
> way is to rename it。
>
> 发自我的 iPhone
>
> 在 2019年1月25日，上午7:12，Aaron Levin <aaronlevin@stripe.com> 写道：
>
> Hi Ufuk,
>
> Update: I've pinned d",0,2019-01-25,flink,user@flink.apache.org,<CAHbH6uMUUJLRCnZXnyJauQQ8p1FPDPEXXfDJ7tX1vPOvFNpmEg@mail.gmail.com>,Aaron Levin <aaronlevin@stripe.com>,2026-09-30T22:36:38.549261
APACHE_LISTS_REMINING,Apache Lists,"UnsatisfiedLinkError, System.loadLibrary","Re: `env.java.opts` not persisting after job canceled or failed and
 then restarted",https://lists.apache.org/thread/<CAKiyyaFSXrDDgNjbTBC0GF1P6BAPWuEF3OdR0Rz1hfqNg8_r8A@mail.gmail.com>,"Hey Aaron,

sorry for the late reply (again).

(1) I think that your final result is in line with what I have
reproduced in https://issues.apache.org/jira/browse/FLINK-11402.

(2) I think renaming the file would not help as it will still be
loaded multiple times when the jobs restarts (as it happens in
FLINK-11402).

(3) I'll try to check whether Flink's shading of Hadoop is related to
this. I don",0,2019-01-28,flink,user@flink.apache.org,<CAKiyyaFSXrDDgNjbTBC0GF1P6BAPWuEF3OdR0Rz1hfqNg8_r8A@mail.gmail.com>,Ufuk Celebi <uce@apache.org>,2026-09-30T22:36:38.549264
APACHE_LISTS_REMINING,Apache Lists,"UnsatisfiedLinkError, System.loadLibrary","Re: `env.java.opts` not persisting after job canceled or failed and
 then restarted",https://lists.apache.org/thread/<CAHbH6uNXYxUNZXbC+6361epvdCEE4EOZQOX-6kXV8Aw0p6T0GA@mail.gmail.com>,"Hi Ufuk,

I'll answer your question, but first I'll give you an update on how we
resolved the issue:

* adding `org.apache.hadoop.io.compress.SnappyCodec` to
`classloader.parent-first-patterns.additional` in `flink-conf.yaml`
(though, putting `org.apache.hadoop.util.NativeCodeLoader` also worked)
* putting a jar with `hadoop-common` + it's transitive dependencies, then
using jarjar[0] to `keep org",0,2019-01-29,flink,user@flink.apache.org,<CAHbH6uNXYxUNZXbC+6361epvdCEE4EOZQOX-6kXV8Aw0p6T0GA@mail.gmail.com>,Aaron Levin <aaronlevin@stripe.com>,2026-09-30T22:36:38.549266
APACHE_LISTS_REMINING,Apache Lists,"UnsatisfiedLinkError, System.loadLibrary","Re: `env.java.opts` not persisting after job canceled or failed and
 then restarted",https://lists.apache.org/thread/<CAKiyyaGvwJORDOGDA-SXXnVL+h-2t-B=w_wgXPdVOydMAtxj9Q@mail.gmail.com>,"Hey Aaron,

I'm glad to hear that you resolved the issue.

I think a docs contribution for this would be very helpful and could
update this page:
https://github.com/apache/flink/blob/master/docs/monitoring/debugging_classloading.md.

If you want to create a separate JIRA ticket for this, ping me with
your JIRA username and I'll add you to the list of contributors (which
gives you permissions to cr",0,2019-01-30,flink,user@flink.apache.org,<CAKiyyaGvwJORDOGDA-SXXnVL+h-2t-B=w_wgXPdVOydMAtxj9Q@mail.gmail.com>,Ufuk Celebi <uce@apache.org>,2026-09-30T22:36:38.549268
APACHE_LISTS_REMINING,Apache Lists,UnsatisfiedLinkError,Flink not able to load native  rocksdb library,https://lists.apache.org/thread/<648f12b148bf47338d08a0804fa8fae1@gsdgamp11etn2.firmwide.corp.gs.com>,"Hello,
I am using rocksdb for storing state . But when I run the pipeline I get the error   ""Could not load the native RocksDB library"" .  Kindly can you check the configs and error stacktrace and suggest what am I doing wrong .

Flink version  - 1.8.0


<dependency>
    <groupId>org.apache.flink</groupId>
    <artifactId>flink-statebackend-rocksdb_2.11</artifactId>
    <version>1.8.0</version>
</",0,2019-07-02,flink,user@flink.apache.org,<648f12b148bf47338d08a0804fa8fae1@gsdgamp11etn2.firmwide.corp.gs.com>,"""Patro, Samya"" <Samya.Patro@gs.com>",2026-09-30T22:38:29.873220
APACHE_LISTS_REMINING,Apache Lists,UnsatisfiedLinkError,Could not load the native RocksDB library,https://lists.apache.org/thread/<959cb875f26d4d93b7891c75894e029a@gsdgamp11etn2.firmwide.corp.gs.com>,"Hello,
I am using rocksdb for storing state . But when I run the pipeline I get the error   ""Could not load the native RocksDB library"" .  Kindly can you check the configs and error stacktrace and suggest what am I doing wrong .

Flink version  - 1.8.0


<dependency>
    <groupId>org.apache.flink</groupId>
    <artifactId>flink-statebackend-rocksdb_2.11</artifactId>
    <version>1.8.0</version>
</",0,2019-07-02,flink,user@flink.apache.org,<959cb875f26d4d93b7891c75894e029a@gsdgamp11etn2.firmwide.corp.gs.com>,"""Patro, Samya"" <Samya.Patro@gs.com>",2026-09-30T22:38:29.873239
APACHE_LISTS_REMINING,Apache Lists,UnsatisfiedLinkError,Re:Could not load the native RocksDB library,https://lists.apache.org/thread/<253bbb89.58f1.16bb5d94821.Coremail.sunhaibotb@163.com>,"Hi,  Samya.Patro


I guess this may be a setup problem. What OS and what version of JDK do you use?  You can try upgrading JDK to see if the issue can be solved.


Best,
Haibo

At 2019-07-02 17:16:59, ""Patro, Samya"" <Samya.Patro@gs.com> wrote:


Hello,
I am using rocksdb for storing state . But when I run the pipeline I get the error   ”Could not load the native RocksDB library” .  Kindly can you ",0,2019-07-03,flink,user@flink.apache.org,<253bbb89.58f1.16bb5d94821.Coremail.sunhaibotb@163.com>,"""Haibo Sun"" <sunhaibotb@163.com>",2026-09-30T22:38:29.873242
APACHE_LISTS_REMINING,Apache Lists,UnsatisfiedLinkError,Re: Could not load the native RocksDB library,https://lists.apache.org/thread/<CAA_61XpScCo82ZehHAU6T3rjmgLG=3W1LOzHv9AmOyXvj=BYrQ@mail.gmail.com>,"Hi Samya,

Additionally to Haibo's answer:
Have you tried the previous 1.7 version of Flink? The Rocksdb version was
upgraded in 1.8 version.

Best,
Andrey

On Wed, Jul 3, 2019 at 5:21 AM Haibo Sun <sunhaibotb@163.com> wrote:

> Hi,  Samya.Patro
>
> I guess this may be a setup problem. What OS and what version of JDK do
> you use?  You can try upgrading JDK to see if the issue can be solved.
>
> B",0,2019-07-03,flink,user@flink.apache.org,<CAA_61XpScCo82ZehHAU6T3rjmgLG=3W1LOzHv9AmOyXvj=BYrQ@mail.gmail.com>,Andrey Zagrebin <andrey@ververica.com>,2026-09-30T22:38:29.873246
APACHE_LISTS_REMINING,Apache Lists,JNI error,Fwd: Issue running basic example locally,https://lists.apache.org/thread/<CADa8g60biF5gp4trZ+ju1FbP8i4H=vY=F7+H0Cmw-9px3yUmYA@mail.gmail.com>,"Just forward it to user mailing list. it's not a development issue.

---------- Forwarded message ---------
发件人： Caizhi Weng <tsreaper96@gmail.com>
Date: 2019年7月19日周五 上午8:56
Subject: Re: Issue running basic example locally
To: <dev@flink.apache.org>


Hi Andres,

`<scope>provided</scope>` of flink-streaming-java seems suspicious, can you
remove it and see what happens?

Andres Angel <ingenieroandr",0,2019-07-19,flink,user@flink.apache.org,<CADa8g60biF5gp4trZ+ju1FbP8i4H=vY=F7+H0Cmw-9px3yUmYA@mail.gmail.com>,Biao Liu <mmyy1110@gmail.com>,2026-09-30T22:38:29.873249
APACHE_LISTS_REMINING,Apache Lists,"UnsatisfiedLinkError, System.loadLibrary",Loading dylibs,https://lists.apache.org/thread/<CAMDLLzkbFGR=JsVJ-S2D0_J7yAatUaPiq6NGBW+acRCcNg+CWQ@mail.gmail.com>,"Hi guys,
I have a flink application that loads a dylib like this

System.loadLibrary(""vibesimplejava"");


The application runs fine , when I restart the job I get this exception :

com.visa.aip.cryptolib.aipcyptoclient.EncryptionException: Unexpected
errorjava.lang.UnsatisfiedLinkError: Native Library
/usr/mware/SimpleAPI/voltage-simple-api-java-05.12.0000-Linux-x86_64-64b-r234867/lib/libvibesimpl",0,2019-08-26,flink,user@flink.apache.org,<CAMDLLzkbFGR=JsVJ-S2D0_J7yAatUaPiq6NGBW+acRCcNg+CWQ@mail.gmail.com>,Vishwas Siravara <vsiravara@gmail.com>,2026-09-30T22:38:36.980951
APACHE_LISTS_REMINING,Apache Lists,"UnsatisfiedLinkError, System.loadLibrary",Re: Loading dylibs,https://lists.apache.org/thread/<5F63C357-740B-4F85-B925-EA8D2739A823@gmail.com>,"I don’t know Dylibs in detail, but can you call a static method where it checks if it has been already executed and if not then it loads the library (Singleton pattern)?

> Am 27.08.2019 um 06:39 schrieb Vishwas Siravara <vsiravara@gmail.com>:
> 
> Hi guys,
> I have a flink application that loads a dylib like this 
> System.loadLibrary(""vibesimplejava"");
> 
> The application runs fine , when I res",0,2019-08-27,flink,user@flink.apache.org,<5F63C357-740B-4F85-B925-EA8D2739A823@gmail.com>,Jörn Franke  <jornfranke@gmail.com>,2026-09-30T22:38:36.980983
APACHE_LISTS_REMINING,Apache Lists,"UnsatisfiedLinkError, System.loadLibrary",Re: Loading dylibs,https://lists.apache.org/thread/<CAMDLLznq8PdBOdDpiNE-KWM9AaM6QPqAhhgkxSwpzBYfsJ=WMQ@mail.gmail.com>,"Hi Jörn,
I tried that. Here is my snippet :

String[] loadedlibs =
getLoadedLibraries(Thread.currentThread().getContextClassLoader());
if(!containsVibeSimpleLib(loadedlibs)) {
    System.loadLibrary(""vibesimplejava"");
}

Now I get the exception Unexpected errorjava.lang.UnsatisfiedLinkError:
com.voltage.securedata.enterprise.ConstantsNative.DIGEST_MD5()I which means
that it could not find vibesimp",0,2019-08-27,flink,user@flink.apache.org,<CAMDLLznq8PdBOdDpiNE-KWM9AaM6QPqAhhgkxSwpzBYfsJ=WMQ@mail.gmail.com>,Vishwas Siravara <vsiravara@gmail.com>,2026-09-30T22:38:36.980989
APACHE_LISTS_REMINING,Apache Lists,"UnsatisfiedLinkError, System.loadLibrary",Fwd: Loading dylibs,https://lists.apache.org/thread/<CANrfeOd_NyqSi5xxEaZx3zTbWrt7RDyKmx_fUM7vJuFk1mBv_g@mail.gmail.com>,"Hi Vishwas,

There is a known issue in the Flink Jira project [1].
Is it possible that you have encountered the same problem?

[1]: https://issues.apache.org/jira/browse/FLINK-11402

Regards,
Aleksey


On Tue, Aug 27, 2019 at 8:03 AM Vishwas Siravara <vsiravara@gmail.com>
wrote:

> Hi Jörn,
> I tried that. Here is my snippet :
>
> String[] loadedlibs =  getLoadedLibraries(Thread.currentThread().ge",0,2019-08-28,flink,user@flink.apache.org,<CANrfeOd_NyqSi5xxEaZx3zTbWrt7RDyKmx_fUM7vJuFk1mBv_g@mail.gmail.com>,Aleksey Pak <aleksey@ververica.com>,2026-09-30T22:38:36.980996
APACHE_LISTS_REMINING,Apache Lists,"UnsatisfiedLinkError, System.loadLibrary",Re: Loading dylibs,https://lists.apache.org/thread/<CAMDLLzk+9ALBUxwhT1gOzROkbv-TQfFSQJ+ttZp-Jj4bYMJqKQ@mail.gmail.com>,"Yes this is exactly what happens , as a work around I created a small jar
file which has code to load the dylib and I placed it under the lib folder
, this library is in provided scope in my actual job, so the dylib gets
loaded only once when the tm/jm jvm starts .
What I found interesting in my old approach was even when I check whether
the dylib has already been loaded in the current thread , an",0,2019-08-28,flink,user@flink.apache.org,<CAMDLLzk+9ALBUxwhT1gOzROkbv-TQfFSQJ+ttZp-Jj4bYMJqKQ@mail.gmail.com>,Vishwas Siravara <vsiravara@gmail.com>,2026-09-30T22:38:36.981003
APACHE_LISTS_REMINING,Apache Lists,"UnsatisfiedLinkError, System.loadLibrary",Re: Loading dylibs,https://lists.apache.org/thread/<CAP+gf35vTt3js_hn7HvgutRiFpcA67GdLq21hVJBw+urKBJCAA@mail.gmail.com>,"Hi Vishwas,

I think it just because dylib is loaded more than once in a jvm
process(TaskManager).
Multiple tasks are deployed in one TaskManager and running in different
threads.
So if you want to make the dylib only loaded once, maybe you use the parent
classloader.
You could use the the following config option to set the packages to be
loaded by parent classloader.


*classloader.parent-first-p",0,2019-08-29,flink,user@flink.apache.org,<CAP+gf35vTt3js_hn7HvgutRiFpcA67GdLq21hVJBw+urKBJCAA@mail.gmail.com>,Yang Wang <danrtsey.wy@gmail.com>,2026-09-30T22:38:36.981009
APACHE_LISTS_REMINING,Apache Lists,javah,Re: Flink SQL client support for running in Flink cluster,https://lists.apache.org/thread/<0C25D2E9-01C9-4455-8037-BB2B5488000D@gmail.com>,"Hi Dipanjan,

Here the ’standalone’ is short for ’standalone cluster mode’, which means you can setup a standalone Flink cluster and submit your SQL queries (via SQL client) to the cluster.

As far as I know, the current SQL client can only connect to a Flink cluster deployed in standalone mode.

Hope that helps.

Best,
Xingcan

> On Sep 7, 2019, at 1:57 AM, Dipanjan Mazumder <javahub@yahoo.com> w",0,2019-09-07,flink,user@flink.apache.org,<0C25D2E9-01C9-4455-8037-BB2B5488000D@gmail.com>,Xingcan Cui <xingcanc@gmail.com>,2026-09-30T22:38:41.547138
APACHE_LISTS_REMINING,Apache Lists,javah,Re: Flink SQL client support for running in Flink cluster,https://lists.apache.org/thread/<968538013.4033927.1567841438746@mail.yahoo.com>," Hi Xingcan,
    Thanks a lot for this info and this verifies my suspect , so if i want to reuse the SQL client to implement an API based framework , it will not work in Flink cluster running in  cluster mode, is there any plan in near future to support that, if its planned is there any expected release event for the same ,because i need to prototype my platform and present the same.
Or is there a",0,2019-09-07,flink,user@flink.apache.org,<968538013.4033927.1567841438746@mail.yahoo.com>,Dipanjan Mazumder <javahub@yahoo.com>,2026-09-30T22:38:41.547159
APACHE_LISTS_REMINING,Apache Lists,javah,Re: Flink SQL client support for running in Flink cluster,https://lists.apache.org/thread/<FE95B280-894F-4BDA-A9C5-2D15482F2845@gmail.com>,"Hi Dipanjan,

Sorry that I didn’t make it clear. The ’standalone cluster’ could be fully distributed. It refers to a static cluster deployed without any cluster managers (or other related tools), such as YARN and Kubernetes.

For more information, please check the documentation [1].

Best,
Xingcan

[1] https://ci.apache.org/projects/flink/flink-docs-master/ops/deployment/cluster_setup.html <https:",0,2019-09-07,flink,user@flink.apache.org,<FE95B280-894F-4BDA-A9C5-2D15482F2845@gmail.com>,Xingcan Cui <xingcanc@gmail.com>,2026-09-30T22:38:41.547163
APACHE_LISTS_REMINING,Apache Lists,javah,Re: Use of loading flink-conf.yaml in Flink-sql client,https://lists.apache.org/thread/<834247812.7526615.1568533009667@mail.yahoo.com>," Hi,
   i was reading through the Flink docs, and i have got to an understanding that each application will have its own instance of Jobamanager and TaskManagers and so every application will have to have a initial configuration for defining the application topology to be drawn in the flink cluster, so every application will have a separate flink-conf.yaml  , which will specifically define the Fli",0,2019-09-15,flink,user@flink.apache.org,<834247812.7526615.1568533009667@mail.yahoo.com>,Dipanjan Mazumder <javahub@yahoo.com>,2026-09-30T22:38:41.547166
APACHE_LISTS_REMINING,Apache Lists,javah,Re: Use of loading flink-conf.yaml in Flink-sql client,https://lists.apache.org/thread/<CAJNyZN5cGsRr1RWu=B47ssKvoLW6LKutn6WXFTCNCPL6uK+qKg@mail.gmail.com>,"Hi Dipanjan,

not every configuration options in the flink-conf.yaml are relevant for the
SQL client. If you submit to an already existing cluster, then you only
need to learn about the address and the port or if it is using high
availability where ZooKeeper is running. However, in the general case, the
Flink SQL client can also deploy a new per-job mode cluster just for your
job. In order to do t",0,2019-09-16,flink,user@flink.apache.org,<CAJNyZN5cGsRr1RWu=B47ssKvoLW6LKutn6WXFTCNCPL6uK+qKg@mail.gmail.com>,Till Rohrmann <trohrmann@apache.org>,2026-09-30T22:38:41.547169
APACHE_LISTS_REMINING,Apache Lists,UnsatisfiedLinkError,"Re: Error ""Failed to load native Mesos library from"" when I run Flink
 on a compiled version of Apache Mesos",https://lists.apache.org/thread/<CAPOsGyajngw=kSYQNyYSuFOKbBViTRTcSgr49fr1SDEE2xP4tw@mail.gmail.com>,"thanks Rui,

the problem still persists after I try to start Flink on Mesos with your
command.

This is what I have on conf/flink-conf.yaml
mesos.master: 127.0.0.1:5050
mesos.initial-tasks: 1
mesos.resourcemanager.tasks.container.type: mesos
jobmanager.heap.mb: 1024
jobmanager.web.address: 127.0.0.1
jobmanager.web.port: 8081
mesos.resourcemanager.tasks.cpus: 2.0

This is the variable that I export",0,2019-09-19,flink,user@flink.apache.org,<CAPOsGyajngw=kSYQNyYSuFOKbBViTRTcSgr49fr1SDEE2xP4tw@mail.gmail.com>,Felipe Gutierrez <felipe.o.gutierrez@gmail.com>,2026-09-30T22:38:41.547171
APACHE_LISTS_REMINING,Apache Lists,javah,"Re: use of org.apache.flink.yarn.cli.FlinkYarnSessionCli in Flink Sql
 client",https://lists.apache.org/thread/<7E9B519E-BA96-4ED8-B96F-DEEE08A1E68F@gmail.com>,"Hi Dipanjan:

I just looked through the Flink SQL client code and got the same conclusion as you.
Look forward to receiving other comments.

Best,
Terry Wang



> 在 2019年9月22日，下午11:53，Dipanjan Mazumder <javahub@yahoo.com.INVALID> 写道：
> 
> Hi ,
>   Thanks again for responding on my earlier queries..
>     I was again going through the Flink SQL client code and came across the default custom command",0,2019-09-23,flink,user@flink.apache.org,<7E9B519E-BA96-4ED8-B96F-DEEE08A1E68F@gmail.com>,Terry Wang <zjuwangg@gmail.com>,2026-09-30T22:38:41.547174
APACHE_LISTS_REMINING,Apache Lists,javah,"Re: use of org.apache.flink.yarn.cli.FlinkYarnSessionCli in Flink Sql
 client",https://lists.apache.org/thread/<4085B1A4-EF5E-42E5-93CE-2F971D6D1EF1@gmail.com>,"Hi Dipanjan,

I think you are right that it's already been supported to submit a job to cluster via SQL client. This is supported in [1]. Besides, I think that it is not configured in the YAML. It's specified in the CLI options when you start up the SQL client CLI.

[1] https://issues.apache.org/jira/browse/FLINK-8852 <https://issues.apache.org/jira/browse/FLINK-8852>
> 在 2019年9月23日，上午11:00，Terry ",0,2019-09-23,flink,user@flink.apache.org,<4085B1A4-EF5E-42E5-93CE-2F971D6D1EF1@gmail.com>,Dian Fu <dian0511.fu@gmail.com>,2026-09-30T22:38:41.547177
APACHE_LISTS_REMINING,Apache Lists,compilation errors,Problems with java.utils ,https://lists.apache.org/thread/<A54E5200-8EF7-4DBF-B0FC-725DD78E3579@me.com>,"I’m having a problem using ArrayList in Scala . The code is below

import org.apache.flink.core.fs._
import org.apache.flink.streaming.api._
import org.apache.flink.streaming.api.scala._
import org.apache.flink.table.api._
import org.apache.flink.table.api.scala._
import org.apache.flink.table.sinks._
import org.apache.http.HttpHost
import org.slf4j.LoggerFactory

import java.util.ArrayList

objec",0,2019-09-26,flink,user@flink.apache.org,<A54E5200-8EF7-4DBF-B0FC-725DD78E3579@me.com>,Nicholas Walton <nwalton@me.com>,2026-09-30T22:38:41.547180
APACHE_LISTS_REMINING,Apache Lists,compilation errors,Re: Problems with java.utils ,https://lists.apache.org/thread/<D6E2F650-8D06-48C9-A019-48EFB8F0B7BB@me.com>,"I’ve shrunk the problem down to a minimal size. The code 

package org.example

import org.apache.flink.table.api._
import org.apache.http.HttpHost

import java.util.ArrayList

object foo {

  val httpHosts = new ArrayList[HttpHost]
  httpHosts.add(new HttpHost(""samwise.local"", 9200, ""http""))

}
will not compile, but remove the import org.apache.flink.table.api._ and all is well

Nick


> On 26 Se",0,2019-09-26,flink,user@flink.apache.org,<D6E2F650-8D06-48C9-A019-48EFB8F0B7BB@me.com>,Nicholas Walton <nwalton@me.com>,2026-09-30T22:38:41.547182
APACHE_LISTS_REMINING,Apache Lists,compilation errors,Re: Problems with java.utils,https://lists.apache.org/thread/<C40F07B5-0BAA-48E6-B1BE-0D4459FD6987@gmail.com>,"Hi Nick,

>> [error] ………………/src/main/scala/org/example/Job.scala:30:13: object util is not a member of package org.apache.flink.table.api.java
>> [error] import java.util.ArrayList


The error message shows that it tries to find ""util.ArrayList"" under package ""org.apache.flink.table.api.java"". So you can try one of the following two solutions:
1) Don't import ""org.apache.flink.table.api._""
2) Use ",0,2019-09-26,flink,user@flink.apache.org,<C40F07B5-0BAA-48E6-B1BE-0D4459FD6987@gmail.com>,Dian Fu <dian0511.fu@gmail.com>,2026-09-30T22:38:41.547185
APACHE_LISTS_REMINING,Apache Lists,compilation errors,Re: Problems with java.utils,https://lists.apache.org/thread/<D763872A-2E2C-4962-A720-E2584D000658@me.com>,"Dian

That fixed the problem thanks you. It would appear that someone has taken it upon themselves to redefine part of the Java standard library in org.apache.flink.table.api._

NIck

> On 26 Sep 2019, at 15:16, Dian Fu <dian0511.fu@gmail.com> wrote:
> 
> Hi Nick,
> 
>>> [error] ………………/src/main/scala/org/example/Job.scala:30:13: object util is not a member of package org.apache.flink.table.api.jav",0,2019-09-26,flink,user@flink.apache.org,<D763872A-2E2C-4962-A720-E2584D000658@me.com>,Nicholas Walton <nwalton@me.com>,2026-09-30T22:38:41.547187
APACHE_LISTS_REMINING,Apache Lists,compilation errors,Re: Problems with java.utils,https://lists.apache.org/thread/<DA0E199B-A5A5-4D8D-AE09-90C11619F156@gmail.com>,"Hi Nick, 

There is a package named ""org.apache.flink.table.api.java"" in flink and so the import of ""org.apache.flink.table.api._"" causes ""org.apache.flink.table.api.java"" imported. Then all the import of package starting with ""java"" such as ""import java.util.ArrayList"" will try to find the classes under ""org.apache.flink.table.api.java"" as Scala uses relative import by default. So I think nothing",0,2019-09-26,flink,user@flink.apache.org,<DA0E199B-A5A5-4D8D-AE09-90C11619F156@gmail.com>,Dian Fu <dian0511.fu@gmail.com>,2026-09-30T22:38:41.547190
APACHE_LISTS_REMINING,Apache Lists,compilation errors,Re: Problems with java.utils,https://lists.apache.org/thread/<CALL9TYLJDF=Xc0R_znAFHT6FH4rmpTfYSeranLYtfgLbGM_sog@mail.gmail.com>,"Hi Dian,

What about rename api.java to japi if there is no unexpected compatibility
issue? I think we can always avoid use a `.java.` in package names.

Best,
tison.


Dian Fu <dian0511.fu@gmail.com> 于2019年9月26日周四 下午10:54写道：

> Hi Nick,
>
> There is a package named ""org.apache.flink.table.api.java"" in flink and
> so the import of ""org.apache.flink.table.api._"" causes ""
> org.apache.flink.table.ap",0,2019-09-30,flink,user@flink.apache.org,<CALL9TYLJDF=Xc0R_znAFHT6FH4rmpTfYSeranLYtfgLbGM_sog@mail.gmail.com>,Zili Chen <wander4096@gmail.com>,2026-09-30T22:38:41.547192
APACHE_LISTS_REMINING,Apache Lists,compilation errors,Re: Problems with java.utils,https://lists.apache.org/thread/<1811C712-2116-4300-91C8-FCD0C1BDEBCD@gmail.com>,"Hi tison,

Actually there may be compatibility issues as the BatchTableEnvironment/StreamTableEnvironment under ""api.java"" are public interfaces.

Regards,
Dian

> 在 2019年9月30日，下午4:49，Zili Chen <wander4096@gmail.com> 写道：
> 
> Hi Dian,
> 
> What about rename api.java to japi if there is no unexpected compatibility issue? I think we can always avoid use a `.java.` in package names.
> 
> Best,
> tiso",0,2019-09-30,flink,user@flink.apache.org,<1811C712-2116-4300-91C8-FCD0C1BDEBCD@gmail.com>,Dian Fu <dian0511.fu@gmail.com>,2026-09-30T22:38:41.547195
APACHE_LISTS_REMINING,Apache Lists,compilation errors,Re: Problems with java.utils,https://lists.apache.org/thread/<CALL9TY++rmzGvw3=O4CfduHohF8BwyD_faJy5Ue1rkQ_DqGt-g@mail.gmail.com>,"Thanks for your information Dian. It is not an urgent issue though. Maybe
revisit later :-)

Best,
tison.


Dian Fu <dian0511.fu@gmail.com> 于2019年9月30日周一 下午7:34写道：

> Hi tison,
>
> Actually there may be compatibility issues as the
> BatchTableEnvironment/StreamTableEnvironment under ""api.java"" are public
> interfaces.
>
> Regards,
> Dian
>
> 在 2019年9月30日，下午4:49，Zili Chen <wander4096@gmail.com> 写道：",0,2019-09-30,flink,user@flink.apache.org,<CALL9TY++rmzGvw3=O4CfduHohF8BwyD_faJy5Ue1rkQ_DqGt-g@mail.gmail.com>,Zili Chen <wander4096@gmail.com>,2026-09-30T22:38:41.547198
APACHE_LISTS_REMINING,Apache Lists,UnsatisfiedLinkError,RE: Could not load the native RocksDB library,https://lists.apache.org/thread/<27B24F328B7BA742A876ED6C5028B91E016725D0AF@EXCHANGE>,"Hi Samya,

Were you able to get this resolved? Seeing the same issue here after upgrading to Flink 1.9 from 1.6.

Thanks,

Thad

From: Andrey Zagrebin <andrey@ververica.com>
Sent: Wednesday, July 3, 2019 9:09 AM
To: Haibo Sun <sunhaibotb@163.com>
Cc: Patro, Samya <Samya.Patro@gs.com>; user@flink.apache.org; Bari, Swapnil <Swapnil.Bari@gs.com>
Subject: Re: Could not load the native Rock",0,2019-10-22,flink,user@flink.apache.org,<27B24F328B7BA742A876ED6C5028B91E016725D0AF@EXCHANGE>,Thad Truman <ttruman@neovest.com>,2026-09-30T22:38:46.731557
APACHE_LISTS_REMINING,Apache Lists,UnsatisfiedLinkError,Re: Could not load the native RocksDB library,https://lists.apache.org/thread/<CAA8tFvtzfG5sZHHPv=p6gBK9L9cUw--guP6UhgFrqb+CqHm1bw@mail.gmail.com>,"FYI

Maybe this is an env problem. I encountered this problem when running flink
1.9 on k8s, but it was success when running on yarn. did not figure out why
this happened, will update here after find it out.

Best,
Congxian


Thad Truman <ttruman@neovest.com> 于2019年10月23日周三 上午1:33写道：

> Hi Samya,
>
>
>
> Were you able to get this resolved? Seeing the same issue here after
> upgrading to Flink 1.9 ",0,2019-10-25,flink,user@flink.apache.org,<CAA8tFvtzfG5sZHHPv=p6gBK9L9cUw--guP6UhgFrqb+CqHm1bw@mail.gmail.com>,Congxian Qiu <qcx978132955@gmail.com>,2026-09-30T22:38:46.731597
APACHE_LISTS_REMINING,Apache Lists,UnsatisfiedLinkError,RE: Could not load the native RocksDB library,https://lists.apache.org/thread/<becaa3d02a8e46e6bc3679be88ecbc46@gsdgamp11etn2.firmwide.corp.gs.com>,"Hello Thad,
 In my case , the issue was fixed after upgrading the os version , and gcc version.

From: Thad Truman [mailto:ttruman@neovest.com]
Sent: Tuesday, October 22, 2019 11:03 PM
To: Andrey Zagrebin; Haibo Sun
Cc: Patro, Samya [Engineering]; user@flink.apache.org; Bari, Swapnil [Engineering]
Subject: RE: Could not load the native RocksDB library

Hi Samya,

Were you able to get th",0,2019-10-25,flink,user@flink.apache.org,<becaa3d02a8e46e6bc3679be88ecbc46@gsdgamp11etn2.firmwide.corp.gs.com>,"""Patro, Samya"" <Samya.Patro@gs.com>",2026-09-30T22:38:46.731601
APACHE_LISTS_REMINING,Apache Lists,UnsatisfiedLinkError,"Assertion failed: (last_ref), function ~ColumnFamilySet, file
 db/column_family.cc, line 1238",https://lists.apache.org/thread/<56A63A1B-B9B8-4A14-B04C-3996AF6A8848@gmail.com>,"Hello,

I'm looking for a way to modify state inside an operator in Flink. I’m following State Processor API guide - https://ci.apache.org/projects/flink/flink-docs-release-1.9/dev/libs/state_processor_api.html#modifying-savepoints <https://ci.apache.org/projects/flink/flink-docs-release-1.9/dev/libs/state_processor_api.html#modifying-savepoints>
However when I execute locally using macOS it throw",0,2020-05-06,flink,user@flink.apache.org,<56A63A1B-B9B8-4A14-B04C-3996AF6A8848@gmail.com>,Luis Fernando Amaral <luisfernando.amaral@gmail.com>,2026-09-30T22:40:25.716964
APACHE_LISTS_REMINING,Apache Lists,JVM crash,Re: Question about My Flink Application,https://lists.apache.org/thread/<CADFCBFzCPmNob8QQB2V7=THYfQkp1r+pGrvaOYnUTcrC9RNYBg@mail.gmail.com>,"Returning the discussion to the mailing list ( it accidentally went to a
side channel because of a direct reply).
What I was referring to, is the event-time processing semantic, which is
based on the watermarks mechanism [1].
If you are using it, the event time at your KeyedBroadcastProcessFuction
will be determined as a minimum value of the maximum watermarks observed
across all of the input chan",0,2020-05-23,flink,user@flink.apache.org,<CADFCBFzCPmNob8QQB2V7=THYfQkp1r+pGrvaOYnUTcrC9RNYBg@mail.gmail.com>,Alexander Fedulov <alexander@ververica.com>,2026-09-30T22:40:25.717015
APACHE_LISTS_REMINING,Apache Lists,JVM crash,Re: Question about My Flink Application,https://lists.apache.org/thread/<CA+bn9z9XusVK-jQs+H7hZCx9Xat=8zSikvFvTzzk+-JCdsBeUw@mail.gmail.com>,"Hi Alexander,

Thank you for your reply.
I got a reply from AWS people. Seems like it's a configuration problem.
But, even if it works fine without restarting, it's not a good option for
us.
There is no one-to-one relation between cache data and keyed values.
Therefore, It has to send the whole data to every key every 5 minutes and
we may have a very large number of keys at the same time.
So I cam",0,2020-05-26,flink,user@flink.apache.org,<CA+bn9z9XusVK-jQs+H7hZCx9Xat=8zSikvFvTzzk+-JCdsBeUw@mail.gmail.com>,Sara Arshad <sara.arshad.86@gmail.com>,2026-09-30T22:40:25.717020
APACHE_LISTS_REMINING,Apache Lists,UnsatisfiedLinkError,Re: [Compression] Flink DataStream[GenericRecord] Avrowriters,https://lists.apache.org/thread/<CAFE9Qpviy5--expVsbS6KX+KT7kX=3TVzUXkRhjmLOUhspS_og@mail.gmail.com>,"Hi Ravi,

Thanks for details. CustomAvrowriter was working for now.  Although its
failing for Snappy codec in local IDE with ""java.lang.UnsatisfiedLinkError:
org.apache.hadoop.util.NativeCodeLoader.buildSupportsSnappy()Z""
I think I will have to try running it in an EMR/Hadoop environment to get
the SNAPPY library resolved.

*About this another approach of AvroOutputFormat.*

Does it fit in streami",0,2020-07-29,flink,user@flink.apache.org,<CAFE9Qpviy5--expVsbS6KX+KT7kX=3TVzUXkRhjmLOUhspS_og@mail.gmail.com>,Vijayendra Yadav <contact.vsy@gmail.com>,2026-09-30T22:42:20.701137
APACHE_LISTS_REMINING,Apache Lists,UnsatisfiedLinkError,Re: [Compression] Flink DataStream[GenericRecord] Avrowriters,https://lists.apache.org/thread/<CAFE9QptvfCgr6SDi5tPSnGcwBpF609q+GkP06SftSMB7VgwEXg@mail.gmail.com>,"Hi Ravi,

With CustomAvroWriters (SNAPPY) when I run on a cluster, it does create
files, but files are not recognized as avro files by avro tools jar, when I
try to deserialize it to json.

Flink Logs shows:
2020-07-29 23:54:23,270 INFO com.hadoop.compression.lzo.LzoCodec -
Successfully loaded & initialized native-lzo library [hadoop-lzo rev
ff8f5709577defb6b78cdc1f98cfe129c4b6fe46]
2020-07-29 23:",0,2020-07-29,flink,user@flink.apache.org,<CAFE9QptvfCgr6SDi5tPSnGcwBpF609q+GkP06SftSMB7VgwEXg@mail.gmail.com>,Vijayendra Yadav <contact.vsy@gmail.com>,2026-09-30T22:42:20.701154
APACHE_LISTS_REMINING,Apache Lists,UnsatisfiedLinkError,Re: [Compression] Flink DataStream[GenericRecord] Avrowriters,https://lists.apache.org/thread/<CANYPN-wY1GM+jA2sKVZkuN7nb4G2e9jpKgYaWi55ZT4wXMvi1A@mail.gmail.com>,"Hi Vijayendra,

There is an issue with the CustomeAvroWriters.java which i shared with you
earlier, i am sending you the fixed version, hope this will resolve the
issue of reading it from the avro tool.

Please use below supported possible string value for codecName

null - for nullCodec
deflate - for deflateCodec
snappy - for snappyCodec
bzip2 - for bzip2Codec
xz - for xzCodec


Regards,
Ravi

On",0,2020-07-30,flink,user@flink.apache.org,<CANYPN-wY1GM+jA2sKVZkuN7nb4G2e9jpKgYaWi55ZT4wXMvi1A@mail.gmail.com>,Ravi Bhushan Ratnakar <ravibhushanratnakar@gmail.com>,2026-09-30T22:42:20.701157
APACHE_LISTS_REMINING,Apache Lists,UnsatisfiedLinkError,Re: [Compression] Flink DataStream[GenericRecord] Avrowriters,https://lists.apache.org/thread/<CAFE9QpsaKHQ0DrZrAKf9vJw4NUiqoGs0hYu5XuNJgCVXz4x80w@mail.gmail.com>,"Hi Ravi,

Perfect, This is looking good.
Thanks for your help.

Regards,
Vijay

On Thu, Jul 30, 2020 at 5:39 AM Ravi Bhushan Ratnakar <
ravibhushanratnakar@gmail.com> wrote:

> Hi Vijayendra,
>
> There is an issue with the CustomeAvroWriters.java which i shared with you
> earlier, i am sending you the fixed version, hope this will resolve the
> issue of reading it from the avro tool.
>
> Please us",0,2020-07-30,flink,user@flink.apache.org,<CAFE9QpsaKHQ0DrZrAKf9vJw4NUiqoGs0hYu5XuNJgCVXz4x80w@mail.gmail.com>,Vijayendra Yadav <contact.vsy@gmail.com>,2026-09-30T22:42:20.701159
APACHE_LISTS_REMINING,Apache Lists,JVM crash,Re: Building Flink on VirtualBox VM failing,https://lists.apache.org/thread/<CAHo9XkC38K+6jGmNV3K4QXiFcwT9sqTRodEtBn29OZhxqxAFXg@mail.gmail.com>,"Hi,

You're right, I thought about this also after writing the last comment -
for example on Linux, the Kernel by default overcommits memory allocations
and this approach doesn't work (doesn't make JVM crash right when it
starts).

I dug a little deeper. It seems that for ci-environments there are specific
compilation scripts such as
https://github.com/apache/flink/blob/master/tools/ci/compile.sh#",0,2020-10-21,flink,user@flink.apache.org,<CAHo9XkC38K+6jGmNV3K4QXiFcwT9sqTRodEtBn29OZhxqxAFXg@mail.gmail.com>,Juha Mynttinen <juha.mynttinen@gmail.com>,2026-09-30T22:44:02.868803
APACHE_LISTS_REMINING,Apache Lists,JVM crash,Re: Building Flink on VirtualBox VM failing,https://lists.apache.org/thread/<CAHo9XkC3njiG_4fkUpnT+rUxy+4d31PappoZZPsM7BuQ_hGNPA@mail.gmail.com>,"Hmm

Even when setting the forkcounts to 1 things fail.

I wonder why there seem to be five of these JVM crashes. There should be
one JVM at time. And Maven should fail after the 1st fail?

~/apache-maven-3.2.5/bin/mvn -Dflink.forkCount=1
-Dflink.forkCountTestPackage=1 clean verify

[INFO]
------------------------------------------------------------------------
[INFO] BUILD FAILURE
[INFO]
--------",0,2020-10-21,flink,user@flink.apache.org,<CAHo9XkC3njiG_4fkUpnT+rUxy+4d31PappoZZPsM7BuQ_hGNPA@mail.gmail.com>,Juha Mynttinen <juha.mynttinen@gmail.com>,2026-09-30T22:44:02.868822
APACHE_LISTS_REMINING,Apache Lists,JVM crash,Re: Building Flink on VirtualBox VM failing,https://lists.apache.org/thread/<CAHo9XkC6qRVq6JNb72qPND-TG02AkZM-wiQ+BdgjP216WKU6ig@mail.gmail.com>,"I'm trying again running the tests, now I have four cores (previously five)
and 12 GB RAM (previously 8 GB). I'm still hit by the OOM killer.

The command I'm running is:

mvn -Dflink.forkCount=1 -Dflink.forkCountTestPackage=1 clean verify

[INFO] BUILD FAILURE
[INFO]
------------------------------------------------------------------------
[INFO] Total time: 01:17 h
[INFO] Finished at: 2020-10-23T",0,2020-10-23,flink,user@flink.apache.org,<CAHo9XkC6qRVq6JNb72qPND-TG02AkZM-wiQ+BdgjP216WKU6ig@mail.gmail.com>,Juha Mynttinen <juha.mynttinen@gmail.com>,2026-09-30T22:44:02.868826
APACHE_LISTS_REMINING,Apache Lists,JVM crash,Re: Building Flink on VirtualBox VM failing,https://lists.apache.org/thread/<CA+4OxJYtg_SwvGJpRSqovUndmE852TQoc6vD9M2L6jds2DNqiA@mail.gmail.com>,"The values printed by the OOM killer seem indeed strange. But from the line
above the memory usage seems fine: rss=2440960.
Running the given command I see only one forked process.
Probably, this is an issue of OOM killer running in VM on Wwindows host.
Can you try with OOM killer disabled?

Regards,
Roman


On Fri, Oct 23, 2020 at 3:02 PM Juha Mynttinen <juha.mynttinen@gmail.com>
wrote:

> I'm tr",0,2020-10-28,flink,user@flink.apache.org,<CA+4OxJYtg_SwvGJpRSqovUndmE852TQoc6vD9M2L6jds2DNqiA@mail.gmail.com>,Khachatryan Roman <khachatryan.roman@gmail.com>,2026-09-30T22:44:02.868829
APACHE_LISTS_REMINING,Apache Lists,JNA,"Re: Questions on Table to Datastream conversion and onTimer method in
 KeyedProcessFunction",https://lists.apache.org/thread/<01a10501-412e-cd92-d57d-884e291ad5dd@oracle.com>,"Hi Timo,

Thanks for your reply! I think your suggestions is really helpful! The 
good news is that I had managed to figure out it something by myself few 
days ago.

1. Thanks for the update about the table parallelism issue!

2. After trying out the idleness setting. It prevents some idle subtasks 
from blocking the pipeline's overall watermark and it works for me. 
Based on my observation and r",0,2020-11-20,flink,user@flink.apache.org,<01a10501-412e-cd92-d57d-884e291ad5dd@oracle.com>,fuyao.li@oracle.com,2026-09-30T22:44:24.771359
APACHE_LISTS_REMINING,Apache Lists,JNA,"Re: Questions on Table to Datastream conversion and onTimer method in
 KeyedProcessFunction",https://lists.apache.org/thread/<df848543-9678-83dd-0684-18814c793c40@oracle.com>,"Hi Timo,

One more question, the blog also mentioned a jira task to solve this 
issue. https://issues.apache.org/jira/browse/FLINK-10886. Will this 
feature be available in 1.12? Thanks!

Best,

Fuyao

On 11/20/20 11:37, fuyao.li@oracle.com wrote:
>
> Hi Timo,
>
> Thanks for your reply! I think your suggestions is really helpful! The 
> good news is that I had managed to figure out it something by",0,2020-11-20,flink,user@flink.apache.org,<df848543-9678-83dd-0684-18814c793c40@oracle.com>,fuyao.li@oracle.com,2026-09-30T22:44:24.771380
APACHE_LISTS_REMINING,Apache Lists,JNA,Re: Questions on Table to Datastream conversion and onTimer method in KeyedProcessFunction,https://lists.apache.org/thread/<CAELO930Xkmm7JJsvZWBfWnp_of23wHmD29hSj_r6qu+TZqq1wg@mail.gmail.com>,"AFAIK, FLINK-10886 is not implemented yet.
cc @Becket may know more plans about this feature.

Best,
Jark

On Sat, 21 Nov 2020 at 03:46, <fuyao.li@oracle.com> wrote:

> Hi Timo,
>
> One more question, the blog also mentioned a jira task to solve this
> issue. https://issues.apache.org/jira/browse/FLINK-10886.  Will this
> feature be available in 1.12? Thanks!
>
> Best,
>
> Fuyao
> On 11/20/20 11:3",0,2020-11-24,flink,user@flink.apache.org,<CAELO930Xkmm7JJsvZWBfWnp_of23wHmD29hSj_r6qu+TZqq1wg@mail.gmail.com>,Jark Wu <imjark@gmail.com>,2026-09-30T22:44:24.771384
APACHE_LISTS_REMINING,Apache Lists,JNA,"Re: Questions on Table to Datastream conversion and onTimer method in
 KeyedProcessFunction",https://lists.apache.org/thread/<b9b17242-0cc5-1dc3-bb65-efa78cb3c7cc@apache.org>,"Hi Fuyao,

great that you could make progress.

2. Btw nice summary of the idleness concept. We should have that in the 
docs actually.

4. By looking at tests like `IntervalJoinITCase` [1] it seems that we 
also support FULL OUTER JOINs as interval joins. Maybe you can make use 
of them.

5. ""buffered design is only suitable for *offline* data processing, right""
I guess this depends on the size o",0,2020-11-24,flink,user@flink.apache.org,<b9b17242-0cc5-1dc3-bb65-efa78cb3c7cc@apache.org>,Timo Walther <twalthr@apache.org>,2026-09-30T22:44:24.771387
APACHE_LISTS_REMINING,Apache Lists,JNA,Re: Questions on Table to Datastream conversion and onTimer method in KeyedProcessFunction,https://lists.apache.org/thread/<CAFJi3016bDaTTHEuHV0h3bkgbfmzADiTaRABJN1w4xOsBJu8dA@mail.gmail.com>,"Hi Timo,
Thanks for your information. I saw the Flink SQL can actually do the full
outer join in the test code with interval join semantic. However, this is
not explicitly shown in the Flink SQL documentation. That makes me thinking
this might not be available for me to use. Maybe the doc could be updated
to explicitly show what kind of join it can do with interval join. (
https://ci.apache.org/pr",0,2020-11-25,flink,user@flink.apache.org,<CAFJi3016bDaTTHEuHV0h3bkgbfmzADiTaRABJN1w4xOsBJu8dA@mail.gmail.com>,Fuyao Li <fuyaoli2018@gmail.com>,2026-09-30T22:44:24.771390
APACHE_LISTS_REMINING,Apache Lists,JNA,"Re: Questions on Table to Datastream conversion and onTimer method in
 KeyedProcessFunction",https://lists.apache.org/thread/<f5f5d0f2-67a6-ac4d-d68e-f527ee1a690b@apache.org>,"Hi Fuyao,

yes I agree. The code evolved quicker than the docs. I will create an 
issue for this.

Regards,
Timo



On 25.11.20 19:27, Fuyao Li wrote:
> Hi Timo,
> Thanks for your information. I saw the Flink SQL can actually do the 
> full outer join in the test code with interval join semantic. However, 
> this is not explicitly shown in the Flink SQL documentation. That makes 
> me thinking thi",0,2020-11-26,flink,user@flink.apache.org,<f5f5d0f2-67a6-ac4d-d68e-f527ee1a690b@apache.org>,Timo Walther <twalthr@apache.org>,2026-09-30T22:44:24.771393
APACHE_LISTS_REMINING,Apache Lists,JNA,Re: Does flink have a plan to support flink sql udf of any language?,https://lists.apache.org/thread/<CAGZNd0FUHD_aAMe7rv1jrGiVCErNRf5=yzSz-zWs-J+bvXM4hQ@mail.gmail.com>,"Just a quick idea for using C. I'd create a generic Java UDF and use JNA
[1] in it to call a function written in C.

UDF could be something like invokeC(""libraryName"", ""functionName"", args)
and would get JNA's Function [2] and invoke it accordingly.

[1] https://github.com/java-native-access/jna
[2]
https://github.com/java-native-access/jna/blob/578220eff46dc0b808cab62f87408ceb33c34d37/src/com/sun",0,2020-12-18,flink,user@flink.apache.org,<CAGZNd0FUHD_aAMe7rv1jrGiVCErNRf5=yzSz-zWs-J+bvXM4hQ@mail.gmail.com>,Arvid Heise <arvid@ververica.com>,2026-09-30T22:44:31.483530
APACHE_LISTS_REMINING,Apache Lists,JVM crash,"Question on getting the last succesfuly externalized checkpoint path
 for crashed jobs",https://lists.apache.org/thread/<CAAAPh5Jt4Dy1SbjgT=HrVV_5Vty7ucbE0Wn6D_kHTgYRWRfPUw@mail.gmail.com>,"Hi community,

We are currently using* Externalized Checkpoints* to prevent abrupt YARN
application failures, as it saves a ""_metadata"" file within the checkpoint
folder which is essential for the job's cold recovery.

As it is designed in Flink, the completed checkpoint paths are like
*hdfs:///flink-checkpoints/cfbb875eeabcd46baecf5124f0c33047/chk-1895*,
*hdfs:///flink-checkpoints/cfbb875eeabcd46",0,2021-01-12,flink,user@flink.apache.org,<CAAAPh5Jt4Dy1SbjgT=HrVV_5Vty7ucbE0Wn6D_kHTgYRWRfPUw@mail.gmail.com>,"""DONG, Weike"" <kyledong@connect.hku.hk>",2026-09-30T22:44:41.459107
APACHE_LISTS_REMINING,Apache Lists,JVM crash,Should flink job manager crash during zookeeper upgrade?,https://lists.apache.org/thread/<1612970345311-0.post@n4.nabble.com>,"I'm trying to understand if behaviour of the flink jobmanager during
zookeeper upgrade is expected or not.

I'm running flink 1.11.2 in kubernetes, with zookeeper server 3.5.4-beta.
While I'm doing zookeeper upgrade, there is a 20 seconds zookeeper downtime.
I'd expect to either flink job to restart or few warnings in the logs during
those 20 seconds. Instead, I see whole flink JVM crash ( and lat",0,2021-02-10,flink,user@flink.apache.org,<1612970345311-0.post@n4.nabble.com>,Barisa Obradovic <bbaja42@gmail.com>,2026-09-30T22:45:09.905324
APACHE_LISTS_REMINING,Apache Lists,JVM crash,Re: Should flink job manager crash during zookeeper upgrade?,https://lists.apache.org/thread/<CAMRmsL7eBoF-Xw8WqA8u8x6ZdUJ-VsoK5d52vDDhWCc4EHEhMA@mail.gmail.com>,"Hi Barisa,
thanks for sharing this. I'm gonna add Till to this thread. He might have
some insights.

Best,
Matthias

On Wed, Feb 10, 2021 at 4:19 PM Barisa Obradovic <bbaja42@gmail.com> wrote:

> I'm trying to understand if behaviour of the flink jobmanager during
> zookeeper upgrade is expected or not.
>
> I'm running flink 1.11.2 in kubernetes, with zookeeper server 3.5.4-beta.
> While I'm doing",0,2021-02-10,flink,user@flink.apache.org,<CAMRmsL7eBoF-Xw8WqA8u8x6ZdUJ-VsoK5d52vDDhWCc4EHEhMA@mail.gmail.com>,Matthias Pohl <matthias@ververica.com>,2026-09-30T22:45:09.905343
APACHE_LISTS_REMINING,Apache Lists,JNA,"Joining and windowing multiple streams using DataStream API or Table
 API & SQL",https://lists.apache.org/thread/<9CDED815-3E9F-4CC7-A6A3-5FF853FC2F5D@ugent.be>,"Hi all,

I’m trying to apply a window operator over multiple streams (more than 2) and join these streams within the validity of the window. However, I have some questions about the time semantics using both the DataStream API and the Table API/SQL.

Lets say we have 3 streams, an A, B and C stream. And currently we have an A@0 (an A at timestamp 0), a B@5 and two C’s: C@6 and C@13.
We would like ",0,2021-02-16,flink,user@flink.apache.org,<9CDED815-3E9F-4CC7-A6A3-5FF853FC2F5D@ugent.be>,Pieter Bonte <pieter.bonte@ugent.be>,2026-09-30T22:45:09.905346
APACHE_LISTS_REMINING,Apache Lists,JNA,"Re: Joining and windowing multiple streams using DataStream API or
 Table API & SQL",https://lists.apache.org/thread/<CAJNyZN7DDoBaRitSWP9XDx35je3TL5qBeRD6Ewx==q3iheiyYA@mail.gmail.com>,"Hi Pieter,

from the top of my head, I think the easiest way to solve this problem is
to implement your own ""window join"" operation by first unioning all three
streams and then applying a ProcessWindowFunction similar to

allEvents.keyBy((KeySelector<String, String>) value ->
value).window(SlidingEventTimeWindows.of(Time.seconds(10),
Time.seconds(5))).process(
  new ProcessWindowFunction<String, R",0,2021-02-17,flink,user@flink.apache.org,<CAJNyZN7DDoBaRitSWP9XDx35je3TL5qBeRD6Ewx==q3iheiyYA@mail.gmail.com>,Till Rohrmann <trohrmann@apache.org>,2026-09-30T22:45:09.905348
APACHE_LISTS_REMINING,Apache Lists,JNA,"Re: Joining and windowing multiple streams using DataStream API or
 Table API & SQL",https://lists.apache.org/thread/<17E3FD14-9B37-4298-9C5C-3034478C4B5C@ugent.be>,"Hi Till,

Thanks for the feedback.

My use case is a little bit more tricky as I can’t key all the streams by the same field. 
Basically I’m trying to solve Continuous SPARQL queries, which consist of many joins. I’ve seen that SPARQL queries over RDF data has been discussed before on the mailing list, however, not for RDF streams that are only valid with a certain time window.
To give you an exam",0,2021-02-22,flink,user@flink.apache.org,<17E3FD14-9B37-4298-9C5C-3034478C4B5C@ugent.be>,Pieter Bonte <pieter.bonte@ugent.be>,2026-09-30T22:45:09.905351
APACHE_LISTS_REMINING,Apache Lists,JVM crash,Re: SIGSEGV error,https://lists.apache.org/thread/<CAF=1nJ--zJEstF13k=dSH7_ZG_V-OMRtuJhYCfbF4x5oL-1YQA@mail.gmail.com>,"Hi Stephan, Till

Recently, I tried to upgrade a flink job from 1.7 to 1.11, unfortunately,
the weird problem appeared, "" SIGSEGV (0xb) at pc=0x0000000000000025,
pid=135306, tid=140439001388800"".  The pid log is attached.
Actually, it is a simple job that consumes messages from kafka and writes
into hdfs with a gzip format. It can run in 1.11 for about 2 minutes, then
the JVM will crash, then job ",0,2021-05-18,flink,user@flink.apache.org,<CAF=1nJ--zJEstF13k=dSH7_ZG_V-OMRtuJhYCfbF4x5oL-1YQA@mail.gmail.com>,Joshua Fan <joshuafatfan@gmail.com>,2026-09-30T22:47:03.432405
APACHE_LISTS_REMINING,Apache Lists,JVM crash,Re: SIGSEGV error,https://lists.apache.org/thread/<CAF=1nJ_96ZrJTK3FhNkW-_9VO0K5T0SQA32twOWqjwj0dddE4w@mail.gmail.com>,"Hi all,

Most of the posts says that ""Most of the times, the crashes in ZIP_GetEntry
occur when the jar file being accessed has been modified/overwritten while
the JVM instance was running. "", but do not know when and which jar file
was modified according to the job running in flink.

for your information.

Yours sincerely
Josh

Joshua Fan <joshuafatfan@gmail.com> 于2021年5月18日周二 上午10:15写道：

> Hi St",0,2021-05-18,flink,user@flink.apache.org,<CAF=1nJ_96ZrJTK3FhNkW-_9VO0K5T0SQA32twOWqjwj0dddE4w@mail.gmail.com>,Joshua Fan <joshuafatfan@gmail.com>,2026-09-30T22:47:03.432436
APACHE_LISTS_REMINING,Apache Lists,JVM crash,Re: SIGSEGV error,https://lists.apache.org/thread/<CAJNyZN6g-d=PE+Goq-N9TmNW=r5RrJESWndqo9FJB6Wj94c9GA@mail.gmail.com>,"Hi Joshua,

could you try whether the job also fails when not using the gzip format?
This could help us narrow down the culprit. Moreover, you could try to run
your job and Flink with Java 11 now.

Cheers,
Till

On Tue, May 18, 2021 at 5:10 AM Joshua Fan <joshuafatfan@gmail.com> wrote:

> Hi all,
>
> Most of the posts says that ""Most of the times, the crashes in
> ZIP_GetEntry occur when the jar f",0,2021-05-18,flink,user@flink.apache.org,<CAJNyZN6g-d=PE+Goq-N9TmNW=r5RrJESWndqo9FJB6Wj94c9GA@mail.gmail.com>,Till Rohrmann <trohrmann@apache.org>,2026-09-30T22:47:03.432439
APACHE_LISTS_REMINING,Apache Lists,JVM crash,Re: SIGSEGV error,https://lists.apache.org/thread/<CAF=1nJ9SuE_OOJdMwh8V+owcP6UCpWKa97mC2agGkOqQG862OQ@mail.gmail.com>,"Hi Till,
I also tried the job without gzip, it came into the same error.
But the problem is solved now. I was about to give up to solve it, I found
the mail at
http://apache-flink-user-mailing-list-archive.2336050.n4.nabble.com/JVM-crash-SIGSEGV-in-ZIP-GetEntry-td17326.html.
So I think maybe it was something about the serialize staff.
What I have done is :
before:

OperatorStateStore stateStore = ",0,2021-05-18,flink,user@flink.apache.org,<CAF=1nJ9SuE_OOJdMwh8V+owcP6UCpWKa97mC2agGkOqQG862OQ@mail.gmail.com>,Joshua Fan <joshuafatfan@gmail.com>,2026-09-30T22:47:03.432441
APACHE_LISTS_REMINING,Apache Lists,JVM crash,Re: SIGSEGV error,https://lists.apache.org/thread/<CAJNyZN7kQR8+RHyaHFQYptVsRsJfAyULvQkVoY7tNjLfM2zW1A@mail.gmail.com>,"Great to hear that you fixed the problem by specifying an explicit
serializer for the state.

Cheers,
Till

On Tue, May 18, 2021 at 9:43 AM Joshua Fan <joshuafatfan@gmail.com> wrote:

> Hi Till,
> I also tried the job without gzip, it came into the same error.
> But the problem is solved now. I was about to give up to solve it, I found
> the mail at
> http://apache-flink-user-mailing-list-archive.",0,2021-05-18,flink,user@flink.apache.org,<CAJNyZN7kQR8+RHyaHFQYptVsRsJfAyULvQkVoY7tNjLfM2zW1A@mail.gmail.com>,Till Rohrmann <trohrmann@apache.org>,2026-09-30T22:47:03.432444
APACHE_LISTS_REMINING,Apache Lists,javah,Re: Issue with using siddhi extension function with flink,https://lists.apache.org/thread/<CAJNyZN6=iVoYZnxLjceZjAYzXgJin6NQQXkqaG-VmBhonpH=tA@mail.gmail.com>,"Hi Dipanjan,

Please double check whether the libraries are really contained in the job
jar you are submitting because if the library is contained in this jar,
then it should be on the classpath and you should be able to load it.

Cheers,
Till

On Thu, May 20, 2021 at 3:43 PM Dipanjan Mazumder <javahub@yahoo.com> wrote:

> Hi ,
>
>    i am trying to integrate siddhi with flink while trying to use ",0,2021-05-21,flink,user@flink.apache.org,<CAJNyZN6=iVoYZnxLjceZjAYzXgJin6NQQXkqaG-VmBhonpH=tA@mail.gmail.com>,Till Rohrmann <trohrmann@apache.org>,2026-09-30T22:47:03.432446
APACHE_LISTS_REMINING,Apache Lists,javah,[Flink-Siddhi]: Issue processing siddhi CEP task on flink,https://lists.apache.org/thread/<1715616581.3519307.1621927594458@mail.yahoo.com>," 
Hi Guys,
     I am facing another integration challenge with flink-siddhi which i am not able to crack yet , i am trying to debug the flow with flink but its too much and taking a lot of time , being new to flink. My problem is basically when i publish message through kafka and the flink aplication/job has CEP processing operation using SiddiCEP , taskmanager is not processing the task with the ",0,2021-05-25,flink,user@flink.apache.org,<1715616581.3519307.1621927594458@mail.yahoo.com>,Dipanjan Mazumder <javahub@yahoo.com>,2026-09-30T22:47:03.432448
APACHE_LISTS_REMINING,Apache Lists,javah,Re: How to use or configure flink checkpointing with siddhi internal state,https://lists.apache.org/thread/<CAJNyZN6O+Da5OWd_UG1PhpFYJW1KqnOEy6i=63w2CD4Ods8qQA@mail.gmail.com>,"Hi Dipanjan,

I am assuming that you are using the flink-siddhi library [1]. I am not an
expert but it looks as if the AbstractSiddhiOperator overrides the
snapshotState [2] method to store the Siddhi state in Flink.

[1] https://github.com/haoch/flink-siddhi
[2]
https://github.com/haoch/flink-siddhi/blob/master/core/src/main/java/org/apache/flink/streaming/siddhi/operator/AbstractSiddhiOperator.j",0,2021-06-01,flink,user@flink.apache.org,<CAJNyZN6O+Da5OWd_UG1PhpFYJW1KqnOEy6i=63w2CD4Ods8qQA@mail.gmail.com>,Till Rohrmann <trohrmann@apache.org>,2026-09-30T22:47:40.193722
APACHE_LISTS_REMINING,Apache Lists,javah,"Re: How to use or configure flink checkpointing with siddhi
 internal state",https://lists.apache.org/thread/<425737487.1495217.1622544664551@mail.yahoo.com>," Hi Till,
    Thanks so that means it should work will try and see ..
RegardsDipanjan
    On Tuesday, June 1, 2021, 01:48:19 PM GMT+5:30, Till Rohrmann <trohrmann@apache.org> wrote:  
 
 Hi Dipanjan,
I am assuming that you are using the flink-siddhi library [1]. I am not an expert but it looks as if the AbstractSiddhiOperator overrides the snapshotState [2] method to store the Siddhi state in Flin",0,2021-06-01,flink,user@flink.apache.org,<425737487.1495217.1622544664551@mail.yahoo.com>,Dipanjan Mazumder <javahub@yahoo.com>,2026-09-30T22:47:40.193754
APACHE_LISTS_REMINING,Apache Lists,javah,Re: Getting Abstract method Error with flink 1.13.0 and 1.12.0,https://lists.apache.org/thread/<CAJNyZN4rkW_5stx170XA_6KwGGJg=HpKk8unqqq5731KqwboFA@mail.gmail.com>,"Hi Dipanjan,

this type of question is best sent to Flink's user mailing list because
there are a lot more people using Flink who could help you. The dev mailing
list is intended to be used for development discussions.

Cheers,
Till

On Tue, Jun 1, 2021 at 1:31 PM Dipanjan Mazumder <javahub@yahoo.com> wrote:

> Hi ,
>
>    I have integrated flink-siddhi library ([com.github.haoch/flink-siddhi_2.11",0,2021-06-01,flink,user@flink.apache.org,<CAJNyZN4rkW_5stx170XA_6KwGGJg=HpKk8unqqq5731KqwboFA@mail.gmail.com>,Till Rohrmann <trohrmann@apache.org>,2026-09-30T22:47:40.193757
APACHE_LISTS_REMINING,Apache Lists,javah,Re: Getting Abstract method Error with flink 1.13.0 and 1.12.0,https://lists.apache.org/thread/<69780021.1527080.1622552998634@mail.yahoo.com>," Thanks Till will do so ...
    On Tuesday, June 1, 2021, 06:22:32 PM GMT+5:30, Till Rohrmann <trohrmann@apache.org> wrote:  
 
 Hi Dipanjan,
this type of question is best sent to Flink's user mailing list because there are a lot more people using Flink who could help you. The dev mailing list is intended to be used for development discussions.
Cheers,Till
On Tue, Jun 1, 2021 at 1:31 PM Dipanjan M",0,2021-06-01,flink,user@flink.apache.org,<69780021.1527080.1622552998634@mail.yahoo.com>,Dipanjan Mazumder <javahub@yahoo.com>,2026-09-30T22:47:40.193760
APACHE_LISTS_REMINING,Apache Lists,javah,Re: DSL for Flink CEP,https://lists.apache.org/thread/<5E4F8E73-ACC8-4C4C-A484-452D8A692C65@ververica.com>,"Hi Dipanjan,

Unfortunately, I have no experience with Siddhi but I am not aware of any official joined efforts between Flink and Siddhi.
I can imagine that not all Siddhi CEP expressions are compatible with Flink’s CEP. At the moment there is also no active
development for Flink’s CEP. 

I think to get a better understanding what the caveats are of the third party solution you have to directly re",0,2021-06-02,flink,user@flink.apache.org,<5E4F8E73-ACC8-4C4C-A484-452D8A692C65@ververica.com>,Fabian Paul <fabianpaul@data-artisans.com>,2026-09-30T22:47:40.193762
APACHE_LISTS_REMINING,Apache Lists,javah,Re: DSL for Flink CEP,https://lists.apache.org/thread/<1877403042.1808023.1622628613573@mail.yahoo.com>," Hi Fabian,
     Understood but is there any plan to grow the flink  CEP and build a friendly DSL around flink CEP by any chance.
RegardsDipanjan
    On Wednesday, June 2, 2021, 03:22:46 PM GMT+5:30, Fabian Paul <fabianpaul@data-artisans.com> wrote:  
 
 Hi Dipanjan,
Unfortunately, I have no experience with Siddhi but I am not aware of any official joined efforts between Flink and Siddhi.I can ima",0,2021-06-02,flink,user@flink.apache.org,<1877403042.1808023.1622628613573@mail.yahoo.com>,Dipanjan Mazumder <javahub@yahoo.com>,2026-09-30T22:47:40.193764
APACHE_LISTS_REMINING,Apache Lists,javah,Re: DSL for Flink CEP,https://lists.apache.org/thread/<B1290E76-BABA-4F9F-8430-38E5103D54CD@data-artisans.com>,"Hi Dipanjan,

I am afraid there are no foreseeable efforts planned but if you find a nice addition, you can 
start a discussion in the community about this feature.

Best,
Fabian
> On 2. Jun 2021, at 12:10, Dipanjan Mazumder <javahub@yahoo.com> wrote:
> 
> Hi Fabian,
> 
>      Understood but is there any plan to grow the flink  CEP and build a friendly DSL around flink CEP by any chance.
> 
> Rega",0,2021-06-02,flink,user@flink.apache.org,<B1290E76-BABA-4F9F-8430-38E5103D54CD@data-artisans.com>,Fabian Paul <fabianpaul@data-artisans.com>,2026-09-30T22:47:40.193767
APACHE_LISTS_REMINING,Apache Lists,javah,Re: DSL for Flink CEP,https://lists.apache.org/thread/<80eccf0d-de93-f9ab-4b8c-bbef5edf301e@apache.org>,"Hi,

Just to add on top to what Fabian said.

The only community supported CEP library is the one that comes with
Flink[1]. It is also used internally to support the MATCH_RECOGNIZE
clause in Flink SQL[2]. Therefore there is a both programmatic library
native DSL for defining patterns. Moreover you can use SQL. As Fabian
mentioned, you can say the library is in a maintenance mode, primarily
becaus",0,2021-06-03,flink,user@flink.apache.org,<80eccf0d-de93-f9ab-4b8c-bbef5edf301e@apache.org>,Dawid Wysakowicz <dwysakowicz@apache.org>,2026-09-30T22:47:40.193770
APACHE_LISTS_REMINING,Apache Lists,javah,Re: DSL for Flink CEP,https://lists.apache.org/thread/<1519232061.2112419.1622706585438@mail.yahoo.com>," Thanks a lot ...
    On Thursday, June 3, 2021, 12:49:58 PM GMT+5:30, Dawid Wysakowicz <dwysakowicz@apache.org> wrote:  
 
  
Hi,
 
Just to add on top to what Fabian said.
 
The only community supported CEP library is the one that comes with Flink[1]. It is also used internally to support the MATCH_RECOGNIZE clause in Flink SQL[2]. Therefore there is a both programmatic library native DSL for def",0,2021-06-03,flink,user@flink.apache.org,<1519232061.2112419.1622706585438@mail.yahoo.com>,Dipanjan Mazumder <javahub@yahoo.com>,2026-09-30T22:47:40.193772
APACHE_LISTS_REMINING,Apache Lists,javah,Re: Flink SQL as DSL for flink CEP,https://lists.apache.org/thread/<CAGr9p8BnQXFptS9eEbpu4CZYsGs2HMvMYj3AK8ppwcHFwEwGjg@mail.gmail.com>,"Hi Dipanjan,

Using Flink SQL's MATCH_RECOGNIZE operator is certainly a good idea if you
are looking for a non-programmatic way to do CEP with Flink.

On Wed, Jun 16, 2021 at 6:44 AM Dipanjan Mazumder <javahub@yahoo.com> wrote:

> Hi,
>
>     Can we say that Flink SQL is kind of a DSL overlay on flink CEP , i
> mean i need a DSL for flink CEP , so that i can decouple the CEP rules from
> code and ",0,2021-06-16,flink,user@flink.apache.org,<CAGr9p8BnQXFptS9eEbpu4CZYsGs2HMvMYj3AK8ppwcHFwEwGjg@mail.gmail.com>,Robert Metzger <rmetzger@apache.org>,2026-09-30T22:47:40.193774
APACHE_LISTS_REMINING,Apache Lists,javah,Re: Flink SQL as DSL for flink CEP,https://lists.apache.org/thread/<CADm=Q=g5nH27auCpCiTLQBLxTzcZTqcY3Eo3wPhQyuMT2K1Fow@mail.gmail.com>,"Hi Dipanjan,
I'm not an expert on Flink CEP, however I would like to share my immature
ideas, hope it helps.
Flink provides CEP library[1] which is a programmatic library which allows
user define patterns based on pattern API.
Besides, Flink allows user define patterns by MATCH_RECOGNIZE clause in SQL
[2].
I think it's the right decision to use Flink SQL as a streaming CEP DSL.
Please note most of",0,2021-06-16,flink,user@flink.apache.org,<CADm=Q=g5nH27auCpCiTLQBLxTzcZTqcY3Eo3wPhQyuMT2K1Fow@mail.gmail.com>,JING ZHANG <beyond1920@gmail.com>,2026-09-30T22:47:40.193777
APACHE_LISTS_REMINING,Apache Lists,javah,Re: Flink SQL as DSL for flink CEP,https://lists.apache.org/thread/<215991534.436371.1625977520878@mail.yahoo.com>," Thanks a lot Jing ..... 
    On Wednesday, June 16, 2021, 05:12:01 PM GMT+5:30, JING ZHANG <beyond1920@gmail.com> wrote:  
 
 Hi Dipanjan,I'm not an expert on Flink CEP, however I would like to share my immature ideas, hope it helps.Flink provides CEP library[1] which is a programmatic library which allows user define patterns based on pattern API.Besides, Flink allows user define patterns by MAT",0,2021-07-11,flink,user@flink.apache.org,<215991534.436371.1625977520878@mail.yahoo.com>,Dipanjan Mazumder <javahub@yahoo.com>,2026-09-30T22:48:28.925214
APACHE_LISTS_REMINING,Apache Lists,UnsatisfiedLinkError,Some question of RocksDB state backend on ARM os,https://lists.apache.org/thread/<1720fb65ba974f68bb050d09645e28c5@huawei.com>,"Hi all:
       When I use RocksDB  as state backend on an aarch64 system, the following error occurs:

1.      Does the aarch64 system not support rocksdb?

2.      If not, is there a support plan for later versions of flink?
    Caused by: java.lang.Exception: Exception while creating StreamOperatorStateContext.
         at org.apache.flink.streaming.api.operators.StreamTaskStateInitializerImpl.s",0,2021-07-20,flink,user@flink.apache.org,<1720fb65ba974f68bb050d09645e28c5@huawei.com>,"""Wanghui (HiCampus)"" <wanghui16@huawei.com>",2026-09-30T22:48:28.925233
APACHE_LISTS_REMINING,Apache Lists,UnsatisfiedLinkError,Re: Some question of RocksDB state backend on ARM os,https://lists.apache.org/thread/<CAGr9p8D_9kXBckiVtZzPSNhKZfwqi_kjQOpzu=Sn7gGx=wkbaQ@mail.gmail.com>,"The RocksDB version provided by Flink does not currently run on ARM.

However, there are some efforts / hints:
- https://stackoverflow.com/a/44573013/568695
- https://issues.apache.org/jira/browse/FLINK-13448
- https://issues.apache.org/jira/browse/FLINK-13598

I would recommend voting and commenting on
https://issues.apache.org/jira/browse/FLINK-13598 to raise awareness.

On Tue, Jul 20, 2021 at ",0,2021-07-20,flink,user@flink.apache.org,<CAGr9p8D_9kXBckiVtZzPSNhKZfwqi_kjQOpzu=Sn7gGx=wkbaQ@mail.gmail.com>,Robert Metzger <rmetzger@apache.org>,2026-09-30T22:48:28.925235
APACHE_LISTS_REMINING,Apache Lists,UnsatisfiedLinkError,RE: Some question of RocksDB state backend on ARM os,https://lists.apache.org/thread/<079b4de7391b4ab7b41874f86a63bd78@huawei.com>,"Hi Robert：
         Thank you for your reply.
Will this feature be released in version 1.14?
Best,
Hui
发件人: Robert Metzger [mailto:rmetzger@apache.org]
发送时间: 2021年7月20日 19:45
收件人: Wanghui (HiCampus) <wanghui16@huawei.com>
抄送: user@flink.apache.org
主题: Re: Some question of RocksDB state backend on ARM os

The RocksDB version provided by Flink does not currently run on ARM.

However, th",0,2021-07-20,flink,user@flink.apache.org,<079b4de7391b4ab7b41874f86a63bd78@huawei.com>,"""Wanghui (HiCampus)"" <wanghui16@huawei.com>",2026-09-30T22:48:28.925237
APACHE_LISTS_REMINING,Apache Lists,UnsatisfiedLinkError,Re: Some question of RocksDB state backend on ARM os,https://lists.apache.org/thread/<CAGr9p8CcD-weD3dJ-Q0T-ep8gBfUTQPUL8E3eebVj6r4bndimw@mail.gmail.com>,"I guess this is unlikely, because nobody is working on the mentioned
tickets.

I mentioned your request in the ticket, to raise awareness again, but I
would still consider it unlikely.

On Tue, Jul 20, 2021 at 1:57 PM Wanghui (HiCampus) <wanghui16@huawei.com>
wrote:

> Hi Robert：
>
>          Thank you for your reply.
>
> Will this feature be released in version 1.14?
>
> Best,
>
> Hui
>
> *发件人:* ",0,2021-07-20,flink,user@flink.apache.org,<CAGr9p8CcD-weD3dJ-Q0T-ep8gBfUTQPUL8E3eebVj6r4bndimw@mail.gmail.com>,Robert Metzger <rmetzger@apache.org>,2026-09-30T22:48:28.925240
APACHE_LISTS_REMINING,Apache Lists,javah,Re: Repository for all mailing list,https://lists.apache.org/thread/<CAGr9p8AQqKgU3XKZOqwAYgcoScnstzW7CqetzpT7LS7=u8b8-g@mail.gmail.com>,"Hey,

generally, the mailing lists (and JIRA) are indexed by search engines, in
particular Google. As long as you have a specific enough search string
(such as an exception message), you should find past problems and solutions.

You can also download the entire Flink mailing list archives. For example
the dev@ emails from January 2019 are here:
https://mail-archives.apache.org/mod_mbox/flink-dev/2",0,2021-08-03,flink,user@flink.apache.org,<CAGr9p8AQqKgU3XKZOqwAYgcoScnstzW7CqetzpT7LS7=u8b8-g@mail.gmail.com>,Robert Metzger <rmetzger@apache.org>,2026-09-30T22:48:47.058085
APACHE_LISTS_REMINING,Apache Lists,javah,Re: Repository for all mailing list,https://lists.apache.org/thread/<1791221662.2149689.1627991516405@mail.yahoo.com>," Thanks a lot
    On Tuesday, August 3, 2021, 04:14:10 PM GMT+5:30, Robert Metzger <rmetzger@apache.org> wrote:  
 
 Hey,
generally, the mailing lists (and JIRA) are indexed by search engines, in particular Google. As long as you have a specific enough search string (such as an exception message), you should find past problems and solutions.
You can also download the entire Flink mailing list arch",0,2021-08-03,flink,user@flink.apache.org,<1791221662.2149689.1627991516405@mail.yahoo.com>,Dipanjan Mazumder <javahub@yahoo.com>,2026-09-30T22:48:47.058102
APACHE_LISTS_REMINING,Apache Lists,javah,Re: Usecase for flink,https://lists.apache.org/thread/<CADm=Q=j2jkOdQe=YgVUc88xqvTJ3cfguqyZsH3UO1mh9FG4=LQ@mail.gmail.com>,"Hi Dipanjan,
Base your description, I think Flink could handle this user case.
Don't worry that Flink can't handle this kind of data scale because Flink
is a distributed engine. As long as the problem of data skew is carefully
avoided, the input throughput can be handled through appropriate resources.

Best,
JING ZHANG

Dipanjan Mazumder <javahub@yahoo.com> 于2021年9月10日周五 上午11:11写道：

> Hi,
>
>    I",0,2021-09-10,flink,user@flink.apache.org,<CADm=Q=j2jkOdQe=YgVUc88xqvTJ3cfguqyZsH3UO1mh9FG4=LQ@mail.gmail.com>,JING ZHANG <beyond1920@gmail.com>,2026-09-30T22:49:01.981226
APACHE_LISTS_REMINING,Apache Lists,javah,Re: Usecase for flink,https://lists.apache.org/thread/<415246403.3671122.1631257770167@mail.yahoo.com>," Hi Jing,
    Thanks for the input another question i had was can Gelly be used for processing the graph that flink receives through kafka and then using Gelly i decompose the graph into its nodes and edges and then process them individually through substreams and then write the final output of processing the graph somewhere. 
I saw Gelly is for batch processing but had this question if it support",0,2021-09-10,flink,user@flink.apache.org,<415246403.3671122.1631257770167@mail.yahoo.com>,Dipanjan Mazumder <javahub@yahoo.com>,2026-09-30T22:49:01.981241
APACHE_LISTS_REMINING,Apache Lists,javah,Re: Usecase for flink,https://lists.apache.org/thread/<a133c443-a1d5-bcaf-ba59-c5e01dcc6f83@apache.org>,"Hi Dipanjan,

Gelly is built on top of the DataSet API which is a batch-only API that 
is slowly phasing out.

It is not possible to connect a DataStream API program with a DataSet 
API program unless you go through a connector such as CSV in between.

Regards,
Timo


On 10.09.21 09:09, Dipanjan Mazumder wrote:
> Hi Jing,
> 
>      Thanks for the input another question i had was can Gelly be used ",0,2021-09-10,flink,user@flink.apache.org,<a133c443-a1d5-bcaf-ba59-c5e01dcc6f83@apache.org>,Timo Walther <twalthr@apache.org>,2026-09-30T22:49:01.981244
APACHE_LISTS_REMINING,Apache Lists,javah,Re: Usecase for flink,https://lists.apache.org/thread/<CALDh7zJmPBapCdqUVach783Toh0EnYB26iotvq1WxApnB6be+A@mail.gmail.com>,"Hi,

Please keep in mind that Gelly is approaching end-of-life [1]

Regards,

Martijn

[1] https://flink.apache.org/roadmap.html

On Fri, 10 Sept 2021 at 09:09, Dipanjan Mazumder <javahub@yahoo.com> wrote:

> Hi Jing,
>
>     Thanks for the input another question i had was can Gelly be used for
> processing the graph that flink receives through kafka and then using Gelly
> i decompose the graph in",0,2021-09-10,flink,user@flink.apache.org,<CALDh7zJmPBapCdqUVach783Toh0EnYB26iotvq1WxApnB6be+A@mail.gmail.com>,Martijn Visser <martijn@ververica.com>,2026-09-30T22:49:01.981247
APACHE_LISTS_REMINING,Apache Lists,javah,Re: Usecase for flink,https://lists.apache.org/thread/<1414077827.3703823.1631279617225@mail.yahoo.com>," Good point what is the better option for graph processing with flink.. any suggestions
    On Friday, September 10, 2021, 04:52:30 PM GMT+5:30, Martijn Visser <martijn@ververica.com> wrote:  
 
 Hi,
Please keep in mind that Gelly is approaching end-of-life [1] 
Regards,
Martijn
[1] https://flink.apache.org/roadmap.html
On Fri, 10 Sept 2021 at 09:09, Dipanjan Mazumder <javahub@yahoo.com> wrote:

 ",0,2021-09-10,flink,user@flink.apache.org,<1414077827.3703823.1631279617225@mail.yahoo.com>,Dipanjan Mazumder <javahub@yahoo.com>,2026-09-30T22:49:01.981250
APACHE_LISTS_REMINING,Apache Lists,javah,Re: Usecase for flink,https://lists.apache.org/thread/<bce88b55-0bfb-7fce-20ac-ebb94985750b@apache.org>,"If your graphs fit in memory (at least after an initial partitioning), 
you could use any external library for graph processing within a single 
node in a Flink ProcessFunction.

Flink is a general data processor that allows to have arbitrary logic 
where user code is allowed.

Regards,
Timo

On 10.09.21 15:13, Dipanjan Mazumder wrote:
> Good point what is the better option for graph processing wi",0,2021-09-10,flink,user@flink.apache.org,<bce88b55-0bfb-7fce-20ac-ebb94985750b@apache.org>,Timo Walther <twalthr@apache.org>,2026-09-30T22:49:01.981252
APACHE_LISTS_REMINING,Apache Lists,JVM crash,JVM SEGV crash in 1.14.2 for scala 2.12,https://lists.apache.org/thread/<CAGjuCw7C-V5FkHJxbKz1qOxMJhe+LSTUP09n6SfG4SJ4ksTgSg@mail.gmail.com>,"Hi all,

I downloaded 1.14.2 for scala 2.12 and executed a simple
example, ./bin/flink run examples/streaming/WordCount.jar

But in my environment, Mac OS Monterey with OpenJDK 8_312, the TaskManager
JVM crashes with SEGV. Clearly, Unsafe class call in MemorySegment makes it
happen.

How can I resolve this? Please help.

Here's some parts of hs_err.log below;
#
# A fatal error has been detected by",0,2022-01-12,flink,user@flink.apache.org,<CAGjuCw7C-V5FkHJxbKz1qOxMJhe+LSTUP09n6SfG4SJ4ksTgSg@mail.gmail.com>,Eugene Chung <bluewolf.chung@gmail.com>,2026-09-30T22:51:03.421512
APACHE_LISTS_REMINING,Apache Lists,JVM crash,Re: JVM SEGV crash in 1.14.2 for scala 2.12,https://lists.apache.org/thread/<CAGjuCw5jGiAazt8qAqtryhq+ed8d7wWtU1=M_+FP=+d-MnwDmA@mail.gmail.com>,"I tested lower versions like 1.12 and 1.13, but it all failed with the same
error.
Fortunately, it is okay with OpenJDK 11.0_12.
I think Flink should consider minimum Java version support as 11.


Best regards,
Eugene Chung (Korean : 정의근)


On Wed, Jan 12, 2022 at 11:11 AM Eugene Chung <bluewolf.chung@gmail.com>
wrote:

> Hi all,
>
> I downloaded 1.14.2 for scala 2.12 and executed a simple
> examp",0,2022-01-12,flink,user@flink.apache.org,<CAGjuCw5jGiAazt8qAqtryhq+ed8d7wWtU1=M_+FP=+d-MnwDmA@mail.gmail.com>,Eugene Chung <bluewolf.chung@gmail.com>,2026-09-30T22:51:03.421535
APACHE_LISTS_REMINING,Apache Lists,JVM crash,Re: JVM SEGV crash in 1.14.2 for scala 2.12,https://lists.apache.org/thread/<b0f17d08-885f-21bf-1433-132649514bc0@apache.org>,"This appears to be some general incompatibility between Mac OS Monterey 
and OpenJDK 8 that we can't do much about.

Starting from Flink 1.15 support for Java 8 is deprecated (Java 11 is 
now the default) and will be removed in the future.

On 12/01/2022 03:11, Eugene Chung wrote:
> Hi all,
>
> I downloaded 1.14.2 for scala 2.12 and executed a simple 
> example, ./bin/flink run examples/streaming/",0,2022-01-12,flink,user@flink.apache.org,<b0f17d08-885f-21bf-1433-132649514bc0@apache.org>,Chesnay Schepler <chesnay@apache.org>,2026-09-30T22:51:03.421539
APACHE_LISTS_REMINING,Apache Lists,compilation errors,Re: Practical guidance with Scala and Flink >= 1.15,https://lists.apache.org/thread/<6a8dfadf-725c-42fb-b8b4-85f6475e4767@www.fastmail.com>,"As a yet another attempt to make Flink work with scala 2.13/3.x, we went further and and cross-built a forked version of Flink's Scala API: https://github.com/findify/flink-scala-api <https://github.com/findify/flink-scala-api.>
Check the github repo for details, but if you can afford re-bootstrapping your job state from scratch (as there is no savepoint compatibility, see the repo readme for deta",0,2022-05-11,flink,user@flink.apache.org,<6a8dfadf-725c-42fb-b8b4-85f6475e4767@www.fastmail.com>,"""Roman Grebennikov"" <grv@dfdx.me>",2026-09-30T22:52:13.311828
APACHE_LISTS_REMINING,Apache Lists,UnsatisfiedLinkError,"flink sql api, exception when setting ""table.exec.state.ttl""",https://lists.apache.org/thread/<17afdc54.b8.180f0e79fe1.Coremail.lishijun121910@126.com>,"flink version: 1.13.5


java code:


StreamExecutionEnvironment env = StreamExecutionEnvironment.getExecutionEnvironment();

EnvironmentSettings settings = EnvironmentSettings.newInstance()
                .useBlinkPlanner()
                .inStreamingMode()
                .build();

StreamTableEnvironment tableEnv = StreamTableEnvironment.create(env, settings);

env.enableCheckpointing(60000);
",0,2022-05-23,flink,user@flink.apache.org,<17afdc54.b8.180f0e79fe1.Coremail.lishijun121910@126.com>,李诗君  <lishijun121910@126.com>,2026-09-30T22:52:13.311845
APACHE_LISTS_REMINING,Apache Lists,UnsatisfiedLinkError,"Re: flink sql api, exception when setting ""table.exec.state.ttl""",https://lists.apache.org/thread/<95108911-07ab-d2b5-69da-d99b94e8d037@apache.org>,"You're probably mixing Flink versions.

 From the stack trace we can see that Flink classes are being loaded 
from 2 different jars 
(rocketmq-flink-1.0.0-SNAPSHOT.jar/flink-dist_2.12-1.13.5.jar); I'd 
suggest to resolve that first and see if the error persists.

On 23/05/2022 14:32, 李诗君 wrote:
> flink version: 1.13.5
>
> java code:
>
>         StreamExecutionEnvironment env =StreamExecutionEnviro",0,2022-05-23,flink,user@flink.apache.org,<95108911-07ab-d2b5-69da-d99b94e8d037@apache.org>,Chesnay Schepler <chesnay@apache.org>,2026-09-30T22:52:13.311848
APACHE_LISTS_REMINING,Apache Lists,UnsatisfiedLinkError,"Re:Re: flink sql api, exception when setting ""table.exec.state.ttl""",https://lists.apache.org/thread/<7d909e5a.6a1e.180fb050a10.Coremail.lishijun121910@126.com>,"


I have feagured this out.
It was because I put a flink-connector-tidb-cdc.jar in my Flink's lib folder earlier, and it is shipped with scala 2.11, while my flink is shipped with scala2.12.
Some how when I submit a job with GroupAggregate operator, it needs to load keyed rocksdb states, and here come into a conflict.
I will look into it and give a solution.










At 2022-05-23 20:55:39, ""Che",0,2022-05-25,flink,user@flink.apache.org,<7d909e5a.6a1e.180fb050a10.Coremail.lishijun121910@126.com>,李诗君  <lishijun121910@126.com>,2026-09-30T22:52:13.311850
APACHE_LISTS_REMINING,Apache Lists,JNA,Re: [EXTERNAL] Re: Flink 1.15.3 Docker image,"https://lists.apache.org/thread/
 <PAXPR06MB8094D9DAC13C88BC2BE51305E2159@PAXPR06MB8094.eurprd06.prod.outlook.com>","That’s great, thanks Márton!

--
Ben Roberts

From: Márton Balassi <balassi.marton@gmail.com>
Date: Tuesday, 29 November 2022 at 18:55
To: Roberts, Ben (Senior Developer) <benjamin.roberts@sky.uk>
Cc: user@flink.apache.org <user@flink.apache.org>
Subject: [EXTERNAL] Re: Flink 1.15.3 Docker image
Done, please let me know if you see anything unexpected.

On Tue, Nov 29, 2022 at 7:07 PM Márton Balass",0,2022-11-30,flink,user@flink.apache.org,"
 <PAXPR06MB8094D9DAC13C88BC2BE51305E2159@PAXPR06MB8094.eurprd06.prod.outlook.com>","""Roberts, Ben (Senior Developer) via user"" <user@flink.apache.org>",2026-09-30T22:55:35.225646
APACHE_LISTS_REMINING,Apache Lists,JNA,RE: confirm subscribe to user@flink.apache.org,"https://lists.apache.org/thread/
 <BN8PR06MB5777BB9E253F04AF429A6F6F87CEA@BN8PR06MB5777.namprd06.prod.outlook.com>","Hello Team, 

I am beginner to Apache Flink and developing Flink Java Application where I have requirement to consume events form kafkaSource and do some processing then Sink to MongoDb and from same MongoDB source/Fetch the same collection and display in console fetch data, how can I create this flow, as I can source and sink but when I call env.execute it start the flink job and stuck with the",0,2023-10-09,flink,user@flink.apache.org,"
 <BN8PR06MB5777BB9E253F04AF429A6F6F87CEA@BN8PR06MB5777.namprd06.prod.outlook.com>","""Kumari, Anita"" <Anita.Kumari@insight.com>",2026-09-30T22:58:11.345859
APACHE_LISTS_REMINING,Apache Lists,UnsatisfiedLinkError,Fwd: Flink application with statsd failing transiently,https://lists.apache.org/thread/<CADA+XdpLO+6D2C43079HLCBSEK0nwA=CpLN3UM6SngDV4CdNfA@mail.gmail.com>,"We are using ""com.datadoghq"" % ""java-dogstatsd-client"" % ""4.2.0"", as SBT
dependency for our Flink application. Suddenly during HPA rescaling or any
general redeployment we are seeing the following jnr related error from
StatsDClientBuilder

Flink version: 1.18 DatadogClient: 3.33.0

java.lang.UnsatisfiedLinkError: could not load FFI provider
jnr.ffi.provider.jffi.Provider
    at jnr.ffi.provider.I",0,2024-11-24,flink,user@flink.apache.org,<CADA+XdpLO+6D2C43079HLCBSEK0nwA=CpLN3UM6SngDV4CdNfA@mail.gmail.com>,Shubham Badkur <shubhambadkur12@gmail.com>,2026-09-30T22:59:03.069928
