phase,forum,keyword,title,link,snippet,score,creation_date,collected_at
MICROSOFTQA_REMINING,Microsoft Q&A,compilation errors,Fix errors that involve overload resolution - C# reference,https://learn.microsoft.com/en-us/dotnet/csharp/language-reference/compiler-messages/overload-resolution,Summarize this article for me In this article This article covers the following compiler errors: CS0034 - Operator is ambiguous on operands of type 'type1' and 'type2' CS0035 - Operator is ambiguous on an operand of type 'type' CS0111 - Type already defines a member called 'name' with the same parameter types CS0121 - The call is ambiguous between.,0,2024-09-14,2026-10-01T20:21:07.782289
MICROSOFTQA_REMINING,Microsoft Q&A,compilation errors,Resolve errors related to language version and features - C# reference,https://learn.microsoft.com/en-us/dotnet/csharp/language-reference/compiler-messages/feature-version-errors,Resolve errors and warnings for language features and versions Summarize this article for me In this article This article covers the following compiler errors and warnings: CS0171: Field 'name' must be fully assigned before control is returned to the caller. The r... Language version configuration errors CS1617: Invalid option 'option' for.,0,2026-09-14,2026-10-01T20:21:07.782322
MICROSOFTQA_REMINING,Microsoft Q&A,compilation errors,Linker Tools Error LNK2019,https://learn.microsoft.com/en-us/cpp/error-messages/tool-errors/linker-tools-error-lnk2019,"Linker Tools Error LNK2019 Summarize this article for me In this article unresolved external symbol 'symbol' referenced in function 'function' Remarks The compiled code for function makes a reference or call to symbol, but the linker can't find the symbol definition in any of the libraries or object files. This error message is followed by fatal.",0,2025-10-03,2026-10-01T20:21:07.782330
MICROSOFTQA_REMINING,Microsoft Q&A,compilation errors,Application-defined or object-defined error,https://learn.microsoft.com/en-us/office/vba/language/reference/user-interface-help/application-defined-or-object-defined-error,Application-defined or object-defined error Summarize this article for me In this article This message is displayed when an error generated with the Raise method or Error statement doesn't correspond to an error defined by Visual Basic for Applications. It's also returned by the Error function for arguments that don't corres... This message has.,0,2024-02-01,2026-10-01T20:21:07.782336
MICROSOFTQA_REMINING,Microsoft Q&A,compilation errors,Database Engine events and errors - SQL Server,https://learn.microsoft.com/en-us/sql/relational-databases/errors-events/database-engine-events-and-errors,"Database Engine events and errors Summarize this article for me In this article This section contains error message numbers and their descriptions, which are taken from the text of the error message in the sys.messages catalog view. Where applicable, the error number is a link to further information. You can query the Database Engine to see a full.",0,2026-09-15,2026-10-01T20:21:07.782341
MICROSOFTQA_REMINING,Microsoft Q&A,compilation errors,Get Data in Power BI - Training,https://learn.microsoft.com/en-us/training/modules/get-data/,"Get data in Power BI Intermediate Data Analyst Power BI Microsoft Power Platform Connect to data sources including Excel, relational databases, and NoSQL stores in Power BI.  ...quisites None Introduction min Get data from files min Get data from relational data sources min Create dynamic reports with parameters min Get data from a NoSQL database.",0,2026-06-15,2026-10-01T20:21:07.782347
MICROSOFTQA_REMINING,Microsoft Q&A,compilation errors,Fix Windows Update corruptions and installation failures - Windows Server,https://learn.microsoft.com/en-us/troubleshoot/windows-server/installing-updates-features-roles/fix-windows-update-errors,Fix Windows Update corruptions and installation failures Summarize this article for me In this article This article offers you advanced manual methods to fix problems that prevent Windows Update from installing successfully by using the Deployment Image Servicing and Management (DISM) tool. Note This article is intended for use by support agents.,0,2026-09-05,2026-10-01T20:21:07.782353
MICROSOFTQA_REMINING,Microsoft Q&A,compilation errors,Study Guide for Exam DP-700: Implementing Data Engineering Solutions Using Microsoft Fabric,https://learn.microsoft.com/en-us/credentials/certifications/resources/study-guides/dp-700,Study Guide for Exam DP-700: Implementing Data Engineering Solutions Using Microsoft Fabric Summarize this article for me In this article Purpose of this document This study guide should help you understand what to expect on the exam and includes a summary of the topics the exam might cover and links to additional resources. The information and.,0,2026-09-18,2026-10-01T20:21:07.782358
MICROSOFTQA_REMINING,Microsoft Q&A,compilation errors,Resolve errors related to the Main method and top-level statements - C# reference,https://learn.microsoft.com/en-us/dotnet/csharp/language-reference/compiler-messages/entry-point-errors,Resolve errors and warnings related to a program entry point Summarize this article for me In this article This article covers the following compiler errors and warnings: CS0017: Program 'output file name' has more than one entry point defined. Compile with /main to specify the type that contains the entry point. These compiler errors and warnings.,0,2026-04-14,2026-10-01T20:21:07.782363
MICROSOFTQA_REMINING,Microsoft Q&A,compilation errors,Resolve errors and warnings related to compiler options and build configuration - C# reference,https://learn.microsoft.com/en-us/dotnet/csharp/language-reference/compiler-messages/invalid-build-command-line,Resolve errors and warnings for compiler options and build configuration Summarize this article for me In this article This article covers the following compiler errors and warnings: CS0006: Metadata file 'file' could not be found CS0007: Unexpected common language runtime initialization error — 'description' CS0016: Could not write to output file.,0,2026-09-25,2026-10-01T20:21:07.782368
MICROSOFTQA_REMINING,Microsoft Q&A,compilation errors,Preprocessor directives - C# reference,https://learn.microsoft.com/en-us/dotnet/csharp/language-reference/preprocessor-directives,"Error and warning information You can use the following directives to generate user-defined compiler errors and warnings, and control line information: #error: Generate a compiler error with a specified message. #warning: Generate a compiler warning, with a specific message. #line: Change the line number printed with compiler messages. For.",0,2026-05-01,2026-10-01T20:21:07.782374
MICROSOFTQA_REMINING,Microsoft Q&A,compilation errors,Error codes on Flow run - Power Apps,https://learn.microsoft.com/en-us/troubleshoot/power-platform/power-apps/connections/best-practices-when-updating-a-flow,"Troubleshoot Power Apps flow integration issues Summarize this article for me In this article Applies to: Power Apps Original KB number: 4477072 Summary When integrating Power Automate flows with Power Apps, you might encounter connection reference errors, authorization errors, or triggers that don't fire, causing the flow to fail. Flow.",0,2026-04-02,2026-10-01T20:21:07.782379
MICROSOFTQA_REMINING,Microsoft Q&A,compilation errors,Access Denied or You need permission errors in SharePoint Online and OneDrive - SharePoint,https://learn.microsoft.com/en-us/troubleshoot/sharepoint/administration/access-denied-or-need-permission-error-sharepoint-online-or-onedrive-for-business,"Access Denied or You need permission errors in SharePoint Online and OneDrive Summarize this article for me In this article Symptoms When users try to access a SharePoint Online or OneDrive site, they receive one of the following error messages: Access Denied You can't access this item You don't have permission to access this item You don't have.",0,2025-12-02,2026-10-01T20:21:07.782384
MICROSOFTQA_REMINING,Microsoft Q&A,compilation errors,SKU not available errors - Azure Resource Manager,https://learn.microsoft.com/en-us/azure/azure-resource-manager/troubleshooting/error-sku-not-available,Resolve errors for SKU not available Summarize this article for me In this article This article describes how to resolve errors when a SKU isn't available in an Azure subscription's region or availability zones. Examples of resource SKUs are virtual machine (VM) size or storage account types. Errors occur during deployments with an Azure Resource.,0,2025-06-25,2026-10-01T20:21:07.782389
MICROSOFTQA_REMINING,Microsoft Q&A,compilation errors,Troubleshoot Power BI Tile Refresh Errors - Power BI,https://learn.microsoft.com/en-us/power-bi/connect-data/refresh-troubleshooting-tile-errors,"Troubleshoot Power BI tile refresh errors Summarize this article for me In this article Tile refresh errors in Power BI can prevent your dashboards from displaying current data. This article lists and explains common tile refresh errors you might encounter in the Power BI service, providing solutions to help you quickly resolve issues and restore.",0,2025-11-11,2026-10-01T20:21:07.782395
MICROSOFTQA_REMINING,Microsoft Q&A,compilation errors,Handle errors in ASP.NET Core,https://learn.microsoft.com/en-us/aspnet/core/fundamentals/error-handling,"Handle errors in ASP.NET Core Summarize this article for me In this article Note This isn't the latest version of this article. This article covers common approaches to handling errors in ASP.NET Core web apps. See also Handle errors in ASP.NET Core APIs. For Blazor error handling guidance, which adds to or supersedes the guidance in this article,.",0,2026-09-02,2026-10-01T20:21:07.782400
MICROSOFTQA_REMINING,Microsoft Q&A,compilation errors,Resource provider registration errors - Azure Resource Manager,https://learn.microsoft.com/en-us/azure/azure-resource-manager/troubleshooting/error-register-resource-provider,Resolve errors for resource provider registration Summarize this article for me In this article This article describes resource provider registration errors that occur when you use a resource provider that you haven't already used in your Azure subscription. The errors are displayed when you deploy resources with a Bicep file or Azure Resource.,0,2025-04-28,2026-10-01T20:21:07.782405
MICROSOFTQA_REMINING,Microsoft Q&A,compilation errors,Compiler Error C2220,https://learn.microsoft.com/en-us/cpp/error-messages/compiler-errors-1/compiler-error-c2220,"Compiler Error C2220 Summarize this article for me In this article warning treated as error - no object file generated Remarks /WX tells the compiler to treat all warnings as e... Because an error occurred, no object or executable file was generated. This error only appears when the /WX flag is set and a warning occurs during compilation. To fix,.",0,2025-08-22,2026-10-01T20:21:07.782410
MICROSOFTQA_REMINING,Microsoft Q&A,compilation errors,Troubleshoot common Azure deployment errors - Azure Resource Manager,https://learn.microsoft.com/en-us/azure/azure-resource-manager/troubleshooting/common-deployment-errors,"Troubleshoot common Azure deployment errors Summarize this article for me In this article This article describes how to troubleshoot common Azure deployment errors, and provides information about solutions. Azure resources can be deployed with Bicep files or Azure Resource Manager templates (ARM templates). If you can't find the error code for.",0,2026-03-18,2026-10-01T20:21:07.782415
MICROSOFTQA_REMINING,Microsoft Q&A,compilation errors,Linker tools error LNK1120,https://learn.microsoft.com/en-us/cpp/error-messages/tool-errors/linker-tools-error-lnk1120,Linker tools error LNK1120 Summarize this article for me In this article number unresolved externals Remarks Error LNK1120 reports the number of unresolved external symbol errors in the current link. Each... This error goes away when you correct all of the LNK2001 and LNK2019 linker errors before it in the build output. Suggest a fix. Describes.,0,2025-10-03,2026-10-01T20:21:07.782421
MICROSOFTQA_REMINING,Microsoft Q&A,compilation errors,Compilation Errors When Converting Dynamics NAV 2018 Database - Business Central,https://learn.microsoft.com/en-us/dynamics365/business-central/dev-itpro/upgrade/resolve-compile-errors-when-converting-dynamics-nav-2018-database,"Resolving Compilation Errors When Converting a Dynamics NAV 2018 Database Summarize this article for me In this article When you convert a Microsoft Dynamics NAV 2018 database to a Business Central version, you will receive compilation errors in several standard Dynamics NAV objects. This article describes how to resolve these errors. Compilation.",0,2025-07-17,2026-10-01T20:21:07.782426
MICROSOFTQA_REMINING,Microsoft Q&A,compilation errors,Fixing compilation errors for technical upgrade - Business Central,https://learn.microsoft.com/en-us/dynamics365/business-central/dev-itpro/upgrade/technical-upgrade-fix-compilation-errors,"Compilation errors happen when the new platform introduces breaking changes - for example, if we've deprecated platform features used by the system and base appli... Known errors This section lists some known compilation errors that you might get when compiling extensions for the technical upgrade to version 19 or later. Compilation failed errors.",0,2025-05-07,2026-10-01T20:21:07.782431
MICROSOFTQA_REMINING,Microsoft Q&A,compilation errors,Resolving Codeunit 9010 Compilation Error - Business Central,https://learn.microsoft.com/en-us/dynamics365/business-central/dev-itpro/upgrade/resolve-cu-9010-error-converting-database,Resolving Codeunit 9010 Compilation Error Summarize this article for me In this article This article explains how to resolve the compilation error that you get for codeunit 9010 Azure AD User Management when converting a Microsoft Dynamics NAV 2018 database to  Business Central. Resolution Replace the current code with the following code. For.,0,2026-06-02,2026-10-01T20:21:07.782436
MICROSOFTQA_REMINING,Microsoft Q&A,compilation errors,Resolving Codeunit 6400 Compilation Error  - Business Central,https://learn.microsoft.com/en-us/dynamics365/business-central/dev-itpro/upgrade/resolve-cu-6400-error-converting-database,...plains how to resolve the compilation errorResolution Add the following functions: Add the following global text variable: Related information Converting a Database Resolving Compilation Errors When Converting a Dynamics NAV 2018 Database Feedback Was this page helpful. Explains how to resolve the compilation error that you get for Codeunit.,0,2025-07-17,2026-10-01T20:21:07.782441
MICROSOFTQA_REMINING,Microsoft Q&A,compilation errors,ClientBuildManagerCallback.ReportCompilerError(CompilerError) Method (System.Web.Compilation),https://learn.microsoft.com/en-us/dotnet/api/system.web.compilation.clientbuildmanagercallback.reportcompilererror,ClientBuildManagerCallback.ReportCompilerError(CompilerError) Method Definition Namespace: System.Web.Compilation Assembly:System.Web.dll Reports compilation errors and warnings that occur during an application build. Parameters error CompilerError The error or warning encountered during compilation. Applies to Feedback Was this page helpful....,0,2026-05-27,2026-10-01T20:21:07.782447
MICROSOFTQA_REMINING,Microsoft Q&A,compilation errors,Resolving page 9624 compilation error on technical upgrade  - Business Central,https://learn.microsoft.com/en-us/dynamics365/business-central/dev-itpro/upgrade/resolve-page-9624-error-converting-database,"Resolving page 9624 compilation error Summarize this article for me In this article This article explains how to resolve the compilation error that you get for page 9624 Finish Design List Part when converting a Microsoft Dynamics NAV 2018 database to  Business Central. Resolution To resolve the compilation errors, you replace page 9624 in the.",0,2025-07-17,2026-10-01T20:21:07.782452
MICROSOFTQA_REMINING,Microsoft Q&A,compilation errors,Resolving Coduenit 700 compilation error - Business Central,https://learn.microsoft.com/en-us/dynamics365/business-central/dev-itpro/upgrade/resolve-cu-700-error-converting-database,"Resolving Codeunit 700 compilation error Summarize this article for me In this article This article explains how to resolve the compilation error that you get for codeunit 700 Page Management when converting a Microsoft Dynamics NAV 2018 database to  Business Central. Resolution In VerifyPageID function, replace the following code: With the.",0,2025-07-17,2026-10-01T20:21:07.782457
MICROSOFTQA_REMINING,Microsoft Q&A,compilation errors,Resolving Page 2500 Compilation Error - Business Central,https://learn.microsoft.com/en-us/dynamics365/business-central/dev-itpro/upgrade/resolve-page-2500-error-converting-database,"Resolving Page 2500 Compilation Error Summarize this article for me In this article This article explains how to resolve the compilation error that you get for page 2500 Page Management when converting a Microsoft Dynamics NAV 2018 database to  Business Central. Resolution In the Download Source -OnAction trigger, replace the following code: With:.",0,2025-07-17,2026-10-01T20:21:07.782463
MICROSOFTQA_REMINING,Microsoft Q&A,compilation errors,Error Handling (XQuery) - SQL Server,https://learn.microsoft.com/en-us/sql/xquery/error-handling-xquery,"Error handling (XQuery) Summarize this article for me In this article Applies to: SQL Server The W3C specification allows type errors to be raised statically or dynamically, and defines static, dynamic, and type errors. Compilation and error handling Compilation errors are returned from syntactically incorrect Xquery expressions and XML DML.",0,2026-08-24,2026-10-01T20:21:07.782468
MICROSOFTQA_REMINING,Microsoft Q&A,compilation errors,Errors associated with Web Account Manager (WAM) - Microsoft Authentication Library for .NET,https://learn.microsoft.com/en-us/entra/msal/dotnet/advanced/exceptions/wam-errors,"Errors associated with Web Account Manager (WAM) Summarize this article for me In this article Generally, errors generated by the MSAL component that interacts with the Web Account Manager (WAM) are automatically converted to an instance of MsalException. This enables developers to not worry about the internals and instead handle errors through.",0,2026-01-28,2026-10-01T20:21:07.782473
MICROSOFTQA_REMINING,Microsoft Q&A,javah,Microsoft Foundry documentation,https://learn.microsoft.com/en-us/azure/foundry/,"Microsoft Foundry documentation The AI app and agent factory - build, optimize, and govern AI apps and agents at scale. Overview What is Microsoft Foundry. Python C# JavaScript Java Further resources Explore Microsoft Foundry Microsoft Foundry portal Microsoft Foundry SDKs Microsoft Foundry labs Visual Studio Code extension Foundry (classic).",0,2026-08-25,2026-10-01T20:21:11.803309
MICROSOFTQA_REMINING,Microsoft Q&A,javah,Azure developer documentation,https://learn.microsoft.com/en-us/azure/developer/,"...g Python, JavaScript, Java,NET Azure SDK for .NET API reference Developer center Python Azure SDK for Python API reference Developer center JavaScript Azure SDK for JavaScript API reference Developer center Java Azure SDK for Java API reference Developer center Go Azure SDK for Go API reference Developer center C++ Azure SDK for C++ API.",0,2026-07-09,2026-10-01T20:21:11.803336
MICROSOFTQA_REMINING,Microsoft Q&A,javah,Download - JDBC Driver for SQL Server,https://learn.microsoft.com/en-us/sql/connect/jdbc/download-microsoft-jdbc-driver-for-sql-server,"Download Microsoft JDBC Driver for SQL Server Summarize this article for me In this article The Microsoft JDBC Driver for SQL Server is a Type 4 JDBC driver that provides database connectivity through the standard JDBC application program interfaces (APIs) available on the Java platform. They provide access to SQL Server from any Java application,.",0,2026-09-18,2026-10-01T20:21:11.803342
MICROSOFTQA_REMINING,Microsoft Q&A,javah,Microsoft for Java Developers,https://learn.microsoft.com/en-us/java/,Download Download Microsoft Build of OpenJDK Get started Develop Java in Visual Studio Code Training Browse Java on Azure learning paths Get started Use the Azure SDK for Java Deploy Create and deploy a Java app on Azure Overview Use Java in GitHub Actions Get started Microsoft Build of OpenJDK Overview Download the JDK Install the JDK Container.,0,2025-05-29,2026-10-01T20:21:11.803347
MICROSOFTQA_REMINING,Microsoft Q&A,javah,"Azure Speech Documentation - Tutorials, API Reference - Foundry Tools",https://learn.microsoft.com/en-us/azure/ai-services/speech-service/,C# C++ Go Java JavaScript Objective-C and Swift Python About the Speech SDK Additional SDKs Voice Live SDK Build low-latency speech-to-speech voice agents. C# Python Java (Preview) JavaScript (Preview) About the Voice Live SDK Speech Transcription SDK Develop high-quality transcripti... Java Python About the Speech Transcription SDK REST APIs.,0,2026-06-05,2026-10-01T20:21:11.803352
MICROSOFTQA_REMINING,Microsoft Q&A,javah,Azure for Java Developer Documentation - Java on Azure,https://learn.microsoft.com/en-us/azure/developer/java/,"Azure for Java developer documentation Get started developing apps for the cloud with these tutorials and tools for Java developers. Get started with Java on Azure Code, deploy, and scale Java your way Code using the Java tools you know and love Deploy with confidence and ease Scale with security, monitoring, automation Choose the right Azure.",0,2026-07-28,2026-10-01T20:21:11.803357
MICROSOFTQA_REMINING,Microsoft Q&A,javah,Azure App Service documentation - Azure App Service,https://learn.microsoft.com/en-us/azure/app-service/,"App Service documentation Use Azure App Service, a fully managed platform as a service (PaaS), to create web applications in popular languages like .NET, Java, Node.js, and Python. About App Service Overview Introduction to App Service Concept Azure App Service plans App Service Environments Compare Azure hosting options for web apps What's new.",0,2026-09-09,2026-10-01T20:21:11.803362
MICROSOFTQA_REMINING,Microsoft Q&A,javah,Enable OpenTelemetry in Application Insights - Azure Monitor,https://learn.microsoft.com/en-us/azure/azure-monitor/app/opentelemetry-enable,"Enable Azure Monitor OpenTelemetry for .NET, Node.js, Python, and Java applications Summarize this article for me In this article This article describes how to enable and configure OpenTelemetry-based data collection within Azure Monitor Application Insights using the Azure Monitor OpenTelemetry Distro. OpenTelemetry release status OpenTelemetry.",0,2026-08-19,2026-10-01T20:21:11.803366
MICROSOFTQA_REMINING,Microsoft Q&A,javah,Code samples for authentication and authorization - Microsoft identity platform,https://learn.microsoft.com/en-us/entra/identity-platform/sample-v2-code,...de • On-Behalf-Of Flow (OBO) Quickstart Tutorial Blazor • Sign in users • Call Microsoft Graph • Call web API MSAL.NET Hybrid flow Java Spring • Sign in users • Call Microsoft Graph • Use App Roles for access control • Use Groups for access control • Protect a web API • Deploy to Azure App Service MSAL Java Authorization code Tutorial Java.,0,2026-09-02,2026-10-01T20:21:11.803371
MICROSOFTQA_REMINING,Microsoft Q&A,javah,.NET for Android,https://learn.microsoft.com/en-us/dotnet/android/,Get started Install .NET for Android .NET for Android Guides Build Android apps Build process Build targets Build properties Build items Fundamentals Layout code behind Bind Android Java libraries Overview Bind a Java library Bind a Java library from Maven Customize bindings Troubleshoot bindings References .NET API reference API reference.,0,2026-07-22,2026-10-01T20:21:11.803376
MICROSOFTQA_REMINING,Microsoft Q&A,javah,Install the Microsoft Build of OpenJDK,https://learn.microsoft.com/en-us/java/openjdk/install,"Install the Microsoft Build of OpenJDK Summarize this article for me In this article This article describes how to install the Microsoft Build of OpenJDK. To download certain files mentioned in this article, see Download the Microsoft Build of OpenJDK. ZIP and TAR.GZ packages For Windows, Linux, and macOS, we produce ZIP (Windows) and TAR.GZ.",0,2026-01-10,2026-10-01T20:21:11.803381
MICROSOFTQA_REMINING,Microsoft Q&A,javah,Azure Spring Apps,https://learn.microsoft.com/en-us/azure/spring-apps/,...ication logs Analyze logs and metrics Application Insights using Java In-Process Agent Elastic APM Java Agent Use Circuit Breaker Dashboard See more Migrate apps Migrate Spring Boot to Azure Spring Apps Migrate Spring Cloud to Azure Spring Apps See more Enterprise plan Get started Launch your first app Launch your first web app Launch your.,0,2025-10-31,2026-10-01T20:21:11.803386
MICROSOFTQA_REMINING,Microsoft Q&A,javah,Tips for Java Developers - A tour of C#,https://learn.microsoft.com/en-us/dotnet/csharp/tour-of-csharp/tips-for-java-developers,"Roadmap for Java developers learning C# Summarize this article for me In this article If you're starting a new job or joining a team that uses C#, this article helps you get productive quickly. It highlights what's familiar from Java and what's new in C#. C# and Java have many similarities. Su... Are you new to C#, but experienced in Java. Here's.",0,2026-09-18,2026-10-01T20:21:11.803391
MICROSOFTQA_REMINING,Microsoft Q&A,javah,Get started with Java on Windows,https://learn.microsoft.com/en-us/windows/dev-environment/java,"Get started with Java on Windows Summarize this article for me In this article This guide covers what's different about setting up Java on Windows compared to Mac or Linux, and gets you to a working JDK installation with your environment configured correctly. Microsoft publishes its own build based on OpenJDK: Microsoft Build of OpenJDK — free,.",0,2026-04-02,2026-10-01T20:21:11.803395
MICROSOFTQA_REMINING,Microsoft Q&A,javah,Quickstart: Upgrade a Java Project with GitHub Copilot Modernization,https://learn.microsoft.com/en-us/azure/developer/github-copilot-app-modernization/quickstart-upgrade,"Quickstart: Upgrade a Java project with GitHub Copilot modernization Summarize this article for me In this article GitHub Copilot modernization provides an AI-powered agentic experience that automates Java upgrade workflows end-to-end - from project analysis and plan generation to code transformation, build validation, and CVE remediation..",0,2026-06-19,2026-10-01T20:21:11.803400
MICROSOFTQA_REMINING,Microsoft Q&A,javah,Java for Beginners,https://learn.microsoft.com/en-us/shows/java-for-beginners/,Series Java for Beginners Thanks for checking out Microsoft's Java for beginner series. Microsoft employees from locations around the world have come together to share their knowledge of Java and highlight what you can do with this exceptional language. Microsoft’s mission statement is “to empower every person and every organization on the planet.,0,2022-11-07,2026-10-01T20:21:11.803405
MICROSOFTQA_REMINING,Microsoft Q&A,javah,Quickstart: Create a Java app on Azure App Service - Azure App Service,https://learn.microsoft.com/en-us/azure/app-service/quickstart-java,"Quickstart: Create a Java app on Azure App Service Summarize this article for me In this article Azure App Service provides a highly scalable, self-patching web app hosting service. In this quickstart, you use the Maven Plugin for Azure App Service Web Apps to deploy a Java web application to a Linux Tomcat server in Azure App Service. If Maven.",0,2025-08-12,2026-10-01T20:21:11.803410
MICROSOFTQA_REMINING,Microsoft Q&A,javah,Get started with Java on Azure - Training,https://learn.microsoft.com/en-us/training/paths/get-started-java-azure/,Get started with Java on Azure At a glance Level Beginner Intermediate Advanced Skill &nbsp; Product Azure Microsoft Entra ID Azure App Service Azure Cache for Redis Azure CLIs Azure... Java on Azure learning paths: Get started with Java on Azure Expand the capabilities for Java apps on Azure Best practices for Java apps on Azure Prerequisites An.,0,2026-04-20,2026-10-01T20:21:11.803415
MICROSOFTQA_REMINING,Microsoft Q&A,javah,Build Java apps with Microsoft Graph - Microsoft Graph,https://learn.microsoft.com/en-us/graph/tutorials/java,"Build Java apps with Microsoft Graph Summarize this article for me In this article This tutorial teaches you how to build a Java console app that uses the Microsoft Graph API to access data on behalf of a user. You can also download or clone the GitHub repository and follow the ins... Prerequisites Before you start this tutorial, you should have.",0,2025-06-11,2026-10-01T20:21:11.803419
MICROSOFTQA_REMINING,Microsoft Q&A,javah,Configure Azure Monitor Application Insights for Java - Azure Monitor,https://learn.microsoft.com/en-us/azure/azure-monitor/app/java-standalone-config,"Configure Azure Monitor Application Insights for Java Summarize this article for me In this article This article shows you how to configure Azure Monitor Application Insights for Java. Configure the Java agent JSON configuration source Default config file Custom config file Inline JSON config By default, Application Insights Java 3 expects the.",0,2026-08-19,2026-10-01T20:21:11.803424
MICROSOFTQA_REMINING,Microsoft Q&A,javah,Automate Java applications - Power Automate,https://learn.microsoft.com/en-us/power-automate/desktop-flows/how-to/java,"Automate Java applications Summarize this article for me In this article Currently, Power Automate for desktop supports the use of UI automation in all Java apps and applets for the following Java versions: Java apps: Java version 7 and later. Java applets: Java version 7 and version 8. OpenJ9 editions of the Java runtime aren't supported. This.",0,2025-12-22,2026-10-01T20:21:11.803429
MICROSOFTQA_REMINING,Microsoft Q&A,javah,Java developer reference for Azure Functions,https://learn.microsoft.com/en-us/azure/azure-functions/functions-reference-java,Azure Functions Java developer guide Summarize this article for me In this article This guide contains detailed information to help you succeed developing Azure Functions using Java.  ...on with terminal/command promptJava function using GradleJava function using EclipseJava function using IntelliJ IDEA Developer guideHosting optionsPerformance .,0,2026-09-17,2026-10-01T20:21:11.803434
MICROSOFTQA_REMINING,Microsoft Q&A,javah,GitHub Copilot Modernization for Java Developers - Azure,https://learn.microsoft.com/en-us/azure/developer/java/migration/migrate-github-copilot-app-modernization-for-java,"GitHub Copilot modernization for Java developers Summarize this article for me In this article This article describes GitHub Copilot modernization, an AI assistant that delivers end-to-end support for application modernization. Enterprises often deal with technical debt throughout their development cycles. It supports both Maven and Gradle.",0,2026-06-16,2026-10-01T20:21:11.803438
MICROSOFTQA_REMINING,Microsoft Q&A,javah,About the Microsoft Build of OpenJDK,https://learn.microsoft.com/en-us/java/openjdk/overview,"About the Microsoft Build of OpenJDK Summarize this article for me In this article The Microsoft Build of OpenJDK is a no-cost distribution of OpenJDK that's open source and available for free for anyone to deploy anywhere. It includes Long-Term Support (LTS) binaries for Java 11 and Java 17 on x64 server and desktop environments on macOS, Linux,.",0,2026-01-10,2026-10-01T20:21:11.803444
MICROSOFTQA_REMINING,Microsoft Q&A,javah,Use the Azure SDK for Java - Java on Azure,https://learn.microsoft.com/en-us/azure/developer/java/sdk/overview,"Use the Azure SDK for Java Summarize this article for me In this article The open-source Azure SDK for Java simplifies provisioning, managing, and using Azure resources from Java application code. The libraries support Java 8 and later, and they're tested against both the Java 8 baseline and the latest Java long-term support release. The Azure SDK.",0,2026-07-27,2026-10-01T20:21:11.803449
MICROSOFTQA_REMINING,Microsoft Q&A,javah,Best practices for Java apps on Azure - Training,https://learn.microsoft.com/en-us/training/paths/best-practices-java-azure/,Best practices for Java apps on Azure At a glance Level Beginner Intermediate Advanced Skill &nbsp; Product Azure Microsoft Entra ID Azure App Service Azure Cache for Redis Azure CLIs Azure Cosmos DB Azure Database for MySQL Azure Spring Apps Microsoft Authentication Library for Java Azure Service Bus Role Developer DevOps Engineer App Maker.,0,2025-12-09,2026-10-01T20:21:11.803454
MICROSOFTQA_REMINING,Microsoft Q&A,javah,Quickstart: Azure Blob Storage library - Java,https://learn.microsoft.com/en-us/azure/storage/blobs/storage-quickstart-blobs-java,"Quickstart: Azure Blob Storage client library for Java SE Summarize this article for me In this article Note The Build from scratch option guides you through creating a project, installing packages, writing code, and running a basic console app. Choose this option to understand how to create an app that connects to Azure Blob Storage.  ...101 or.",0,2026-09-11,2026-10-01T20:21:11.803459
MICROSOFTQA_REMINING,Microsoft Q&A,javah,JavaToolInstaller@0 - Java tool installer v0 task,https://learn.microsoft.com/en-us/azure/devops/pipelines/tasks/reference/java-tool-installer-v0,JavaToolInstaller@0 - Java tool installer v0 task Summarize this article for me In this article Use this task to acquire a specific version of Java from a user-supplied Azure blob or the tool cache and set JAVA_HOME. Syntax Inputs versionSpec - JDK version string. Use this task to change the version of Java used in Java tasks. Note To run the Java.,0,2026-09-23,2026-10-01T20:21:11.803464
MICROSOFTQA_REMINING,Microsoft Q&A,javah,Working with Java in Visual Studio Code,https://learn.microsoft.com/en-us/shows/java-for-beginners/working-with-java-in-visual-studio-code,"Episode Working with Java in Visual Studio Code | Java for Beginners with Brian Benz, Rory Preddy Java for Beginners Microsoft Principal Cloud Advocate Rory Preddy introduces Visual Studio code, and highlights the extensions that make this  free and open source code editor great for working with Java. Recommended resources  Check out the rest of.",0,2022-04-28,2026-10-01T20:21:11.803469
MICROSOFTQA_REMINING,Microsoft Q&A,javah,Java API Browser,https://learn.microsoft.com/en-us/java/api/,Java API Browser Welcome to the Java API Browser – your one-stop shop for all Java-based APIs from Microsoft. Start searching for any Java APIs by typing in the box below. Java and OpenJDK are trademarks or registered trademarks of Oracle and/or its affiliates.. /java/api/.,0,2024-11-01,2026-10-01T20:21:11.803474
MICROSOFTQA_REMINING,Microsoft Q&A,JNI error,Troubleshoot connectors - Azure Data Factory & Azure Synapse,https://learn.microsoft.com/en-us/azure/data-factory/connector-troubleshoot-guide,"This article describes how to troubleshoot connectors in Azure Data Factory and Azure Synapse Analytics. Error code: 20002 - JniException Message: An error occurred when invoking Java Native Interface. Cause: If the error message contains ""Can't create JVM: JNI return code [-6][JNI call failed: Invalid arguments.],"" the possible cause is that JVM.",0,2026-08-05,2026-10-01T20:21:14.847711
MICROSOFTQA_REMINING,Microsoft Q&A,JNI error,Troubleshoot connectors - Microsoft Fabric,https://learn.microsoft.com/en-us/fabric/data-factory/connector-troubleshoot-overview,"General copy activity errors Here are common errors you might see when using Copy activity with any connector: Error code: 20000 Message: Java Runtime Environment cannot be found on the on-premises data gateway (OPDG) machine. Error code: 20002 Message: An error occurred when invoking Java N... Cause: If the error message contains ""Can't create.",0,2026-09-16,2026-10-01T20:21:14.847737
MICROSOFTQA_REMINING,Microsoft Q&A,JNI error,Fix Windows Update corruptions and installation failures - Windows Server,https://learn.microsoft.com/en-us/troubleshoot/windows-server/installing-updates-features-roles/fix-windows-update-errors,Fix Windows Update corruptions and installation failures Summarize this article for me In this article This article offers you advanced manual methods to fix problems that prevent Windows Update from installing successfully by using the Deployment Image Servicing and Management (DISM) tool. Note This article is intended for use by support agents.,0,2026-09-05,2026-10-01T20:21:14.847741
MICROSOFTQA_REMINING,Microsoft Q&A,JNI error,Compiler Error CS1002 - C#,https://learn.microsoft.com/en-us/dotnet/csharp/misc/cs1002,"Compiler Error CS1002 Summarize this article for me In this article ; expected The compiler detected a missing semicolon. A semicolon terminates many C# statements, including declarations, assignments, expression statements, and return statements. Blocks and control statements such as if, for, and while don't end with a semicolon. A statement can.",0,2026-08-24,2026-10-01T20:21:14.847745
MICROSOFTQA_REMINING,Microsoft Q&A,JNI error,Application-defined or object-defined error,https://learn.microsoft.com/en-us/office/vba/language/reference/user-interface-help/application-defined-or-object-defined-error,Application-defined or object-defined error Summarize this article for me In this article This message is displayed when an error generated with the Raise method or Error statement doesn't correspond to an error defined by Visual Basic for Applications. It's also returned by the Error function for arguments that don't correspond to errors defined.,0,2024-02-01,2026-10-01T20:21:14.847750
MICROSOFTQA_REMINING,Microsoft Q&A,JNI error,Database Engine events and errors - SQL Server,https://learn.microsoft.com/en-us/sql/relational-databases/errors-events/database-engine-events-and-errors,"Database Engine events and errors Summarize this article for me In this article This section contains error message numbers and their descriptions, which are taken from the text of the error message in the sys.messages catalog view. Where applicable, the error number is a link to further information. You can query the Database Engine to see a full.",0,2026-09-15,2026-10-01T20:21:14.847755
MICROSOFTQA_REMINING,Microsoft Q&A,JNI error,Error codes on Flow run - Power Apps,https://learn.microsoft.com/en-us/troubleshoot/power-platform/power-apps/connections/best-practices-when-updating-a-flow,"Troubleshoot Power Apps flow integration issues Summarize this article for me In this article Applies to: Power Apps Original KB number: 4477072 Summary When integrating Power Automate flows with Power Apps, you might encounter connection reference errors, authorization errors, or triggers that don't fire, causing the flow to fail. This article.",0,2026-04-02,2026-10-01T20:21:14.847759
MICROSOFTQA_REMINING,Microsoft Q&A,JNI error,Fix Network-Related or Instance-Specific Errors in SQL Server - SQL Server,https://learn.microsoft.com/en-us/troubleshoot/sql/database-engine/connect/network-related-or-instance-specific-error-occurred-while-establishing-connection,A network-related or instance-specific error occurred while establishing a connection to SQL Server Summarize this article for me In this article Applies to:   SQL Server Summary This article helps you troubleshoot network-related or instance-specific errors that occur when you connect to a SQL Server instance. These errors typically appear when.,0,2026-06-11,2026-10-01T20:21:14.847763
MICROSOFTQA_REMINING,Microsoft Q&A,JNI error,Compiler Error CS1503 - C#,https://learn.microsoft.com/en-us/dotnet/csharp/misc/cs1503,Compiler Error CS1503 Summarize this article for me In this article Argument 'argument' cannot convert from TypeA to TypeB The type of one argument in a method does not match the type that was passed when the class was instantiated. The following sample generates CS1503: Feedback Was this page helpful. Yes No Need help with this topic. Want to try.,0,2025-01-29,2026-10-01T20:21:14.847767
MICROSOFTQA_REMINING,Microsoft Q&A,JNI error,Compiler Error CS0117 - C#,https://learn.microsoft.com/en-us/dotnet/csharp/misc/cs0117,Compiler Error CS0117 Summarize this article for me In this article 'type' does not contain a definition for 'identifier' This error occurs in some situations when a reference is made to a member that does not exist for the data type. Example The following sample generates CS0117: Feedback Was this page helpful. Yes No Need help with this topic..,0,2021-09-15,2026-10-01T20:21:14.847771
MICROSOFTQA_REMINING,Microsoft Q&A,JNI error,Syntax error,https://learn.microsoft.com/en-us/office/vba/language/reference/user-interface-help/syntax-error,"Syntax error Summarize this article for me In this article Visual Basic can't determine what action to take. This error has the following causes and solutions: A keyword or argument is misspelled. Keywords and the names of named arguments must exactly match those specified in their syntax specifications. Check online Help, and ... Want to try.",0,2024-02-01,2026-10-01T20:21:14.847775
MICROSOFTQA_REMINING,Microsoft Q&A,JNI error,Fix errors that involve overload resolution - C# reference,https://learn.microsoft.com/en-us/dotnet/csharp/language-reference/compiler-messages/overload-resolution,Resolve errors and warnings that affect overload resolution. Summarize this article for me In this article This article covers the following compiler errors: CS0034 - Operator is ambiguous on operands of type 'type1' and 'type2' CS0035 - Operator is ambiguous on an operand of type 'type' CS0111 - Type already defines a member called 'name' with.,0,2024-09-14,2026-10-01T20:21:14.847780
MICROSOFTQA_REMINING,Microsoft Q&A,JNI error,Understand Error Codes - Copilot Studio,https://learn.microsoft.com/en-us/troubleshoot/power-platform/copilot-studio/authoring/error-codes,"Understand error codes Summarize this article for me In this article When an agent encounters a problem during a conversation, it responds by sending a message that includes an error code for the specific problem. Users of the agent should give this error code to their administrator. As an agent maker, if a problem occurs when you use the test.",0,2026-06-04,2026-10-01T20:21:14.847784
MICROSOFTQA_REMINING,Microsoft Q&A,JNI error,Linker Tools Error LNK2019,https://learn.microsoft.com/en-us/cpp/error-messages/tool-errors/linker-tools-error-lnk2019,"Linker Tools Error LNK2019 Summarize this article for me In this article unresolved external symbol 'symbol' referenced in function 'function' Remarks The compiled code for function makes a reference or call to symbol, but the linker can't find the symbol definition in any of the libraries or object files. This error message is followed by fatal.",0,2025-10-03,2026-10-01T20:21:14.847788
MICROSOFTQA_REMINING,Microsoft Q&A,JNI error,Troubleshoot Windows Update Error 0x80070005 - Windows Client,https://learn.microsoft.com/en-us/troubleshoot/windows-client/installing-updates-features-roles/troubleshoot-windows-update-error-0x80070005,"Troubleshoot Windows Update error 0x80070005 Summarize this article for me In this article Summary Windows Update error 0x80070005 (E_ACCESSDENIED) occurs if the update process can't access required files, folders, or registry entries. This error typically indicates a permissions problem that affects the Windows component store, the Software.",0,2026-05-06,2026-10-01T20:21:14.847792
MICROSOFTQA_REMINING,Microsoft Q&A,JNI error,Troubleshoot Power BI Tile Refresh Errors - Power BI,https://learn.microsoft.com/en-us/power-bi/connect-data/refresh-troubleshooting-tile-errors,"Troubleshoot Power BI tile refresh errors Summarize this article for me In this article Tile refresh errors in Power BI can prevent your dashboards from displaying current data. This article lists and explains common tile refresh errors you might encounter in the Power BI service, providing solutions to help you quickly resolve issues and restore.",0,2025-11-11,2026-10-01T20:21:14.847796
MICROSOFTQA_REMINING,Microsoft Q&A,JNI error,Compiler Error CS1003 - C#,https://learn.microsoft.com/en-us/dotnet/csharp/misc/cs1003,"Compiler Error CS1003 Summarize this article for me In this article Syntax error, 'char' expected The compiler will generate this error for any one of several error conditions. Review your code to find the syntax error. The following sample generates CS1003: Feedback Was this page helpful. Yes No Need help with this topic. Want to try using Ask.",0,2021-09-15,2026-10-01T20:21:14.847800
MICROSOFTQA_REMINING,Microsoft Q&A,JNI error,MsiExec.exe and InstMsi.exe error messages (for developers) - Win32 apps,https://learn.microsoft.com/en-us/windows/win32/msi/error-codes,MsiExec.exe and InstMsi.exe error messages (for developers) Summarize this article for me In this article Note This article is intended for software developers who use Windows Installer to build installer packages for their applications. If you're a user experiencing difficulty with your computer either during or after installing or uninstalling.,0,2025-04-15,2026-10-01T20:21:14.847805
MICROSOFTQA_REMINING,Microsoft Q&A,JNI error,.NET for Android error XA1045 - .NET for Android,https://learn.microsoft.com/en-us/dotnet/android/messages/xa1045,.NET for Android error XA1045 Summarize this article for me In this article Example messages Issue The generated JNI remapping XML file named in the error does not have the expected  root element. The build creates this file by merging its internal remapping inputs before generating native JNI remapping code. Solution Inspect the file path.,0,2026-09-24,2026-10-01T20:21:14.847810
MICROSOFTQA_REMINING,Microsoft Q&A,JNI error,Error Class (Java.Lang),https://learn.microsoft.com/en-us/dotnet/api/java.lang.error,Error Class Definition Namespace: Java.Lang Assembly:Mono.Android.dll An Error is a subclass of Throwable that indicates serious problems that a reasonable application should not try to catch. Attributes RegisterAttribute Remarks An Error is a subclass of Throwable that indicates serious problems that a reasonable application should not try to.,0,2026-08-19,2026-10-01T20:21:14.847814
MICROSOFTQA_REMINING,Microsoft Q&A,JNI error,.NET for Android error XA1046 - .NET for Android,https://learn.microsoft.com/en-us/dotnet/android/messages/xa1046,.NET for Android error XA1046 Summarize this article for me In this article Example messages Issue The target-method-instance-to-static attribute of a  element in the JNI remapping XML file contains a value that cannot be parsed as a boolean. The attribute requires a valid boolean value such as true or false. Solution Update the.,0,2026-09-24,2026-10-01T20:21:14.847818
MICROSOFTQA_REMINING,Microsoft Q&A,JNI error,.NET for Android error XA4259 - .NET for Android,https://learn.microsoft.com/en-us/dotnet/android/messages/xa4259,".NET for Android error XA4259 Summarize this article for me In this article Example message Issue Two managed constructor parameter lists collapse to the same JNI signature. For example, int and uint both map to Java int, and two managed binding types can alias the same Java type. Solution Remove one constructor or change its parameters so every.",0,2026-09-24,2026-10-01T20:21:14.847822
MICROSOFTQA_REMINING,Microsoft Q&A,JNI error,JniEnvironment.References.CreatedReference(JniObjectReference) Method (Java.Interop),https://learn.microsoft.com/en-us/dotnet/api/java.interop.jnienvironment.references.createdreference,"JniEnvironment.References.CreatedReference(JniObjectReference) Method Definiti... When such untrackable JNI Local References are created, this may result in future assertions failing within Java.Interop.JniRuntime.JniObjectReferenceManager.DeleteLocalReference when the tracked JNI Local Reference count becomes negative.Use the.",0,2026-09-18,2026-10-01T20:21:14.847826
MICROSOFTQA_REMINING,Microsoft Q&A,JNI error,LSException Constructor (Org.W3c.Dom.LS),https://learn.microsoft.com/en-us/dotnet/api/org.w3c.dom.ls.lsexception.-ctor,"LSException Constructors Definition Namespace: Org.W3c.Dom.LS Assembly:Mono.Android.dll Overloads Name Description LSException(Int16, String) Initializes a new instance with the specified error code a... LSException(IntPtr, JniHandleOwnership) A constructor used when creating managed representations of JNI objects; called by the runtime..",0,2026-08-19,2026-10-01T20:21:14.847831
MICROSOFTQA_REMINING,Microsoft Q&A,JNI error,Error Constructor (Java.Lang),https://learn.microsoft.com/en-us/dotnet/api/java.lang.error.-ctor,"Error Constructors Definition Namespace: Ja... Error(IntPtr, JniHandleOwnership) A constructor used when creating managed representations of JNI objects; called by the runtime. The cause is not initialized, and may subsequently be initialized by a call to #initCause.Java documentation for java.lang.Error.Error().Portions of this page are.",0,2026-08-19,2026-10-01T20:21:14.847835
MICROSOFTQA_REMINING,Microsoft Q&A,JNI error,EmptyStackException Constructor (Java.Util),https://learn.microsoft.com/en-us/dotnet/api/java.util.emptystackexception.-ctor,EmptyStackException() Constructs a new EmptyStackException with null as its error message string. Attributes RegisterAttribute Remarks Constructs a new EmptyStackException with null as its error message string.Java documentation for java.util.EmptyStackException.EmptyStackException().Portions of this page are modifications based on work created.,0,2026-08-19,2026-10-01T20:21:14.847839
MICROSOFTQA_REMINING,Microsoft Q&A,JNI error,Error.JniPeerMembers Property (Java.Lang),https://learn.microsoft.com/en-us/dotnet/api/java.lang.error.jnipeermembers,Error.JniPeerMembers Property Definition Namespace: Java.Lang Assembly:Mono.Android.dll Gets the JNI metadata used to invoke members of this Java peer. Property Value JniPeerMembers The JNI peer members for Error. Remarks Portions of this page are modifications based on work created and shared by the Android Open Source Project and used according.,0,2026-08-19,2026-10-01T20:21:14.847843
MICROSOFTQA_REMINING,Microsoft Q&A,JNI error,DOMException Constructor (Org.W3c.Dom),https://learn.microsoft.com/en-us/dotnet/api/org.w3c.dom.domexception.-ctor,"DOMException Constructors Definition Namespace: Org.W3c.Dom Assembly:Mono.Android.dll Overloads Name Description DOMException(Int16, String) Initializes a new instance of DOMException with the specified error code and message. DOMException(IntPtr, JniHandleOwnership) A constructor used when creating managed representations of JNI objects; called.",0,2026-08-19,2026-10-01T20:21:14.847847
MICROSOFTQA_REMINING,Microsoft Q&A,JNI error,BindException Constructor (Java.Net),https://learn.microsoft.com/en-us/dotnet/api/java.net.bindexception.-ctor,"BindException(IntPtr, JniHandleOwnership) A constructor used when creating managed representations of JNI objects; called by the runtime. Attributes Regist... A detail message is a String that gives a specific description of this error.Java documentation for java.net.BindException.BindException(java.lang.String).Portions of this page are.",0,2026-08-19,2026-10-01T20:21:14.847853
MICROSOFTQA_REMINING,Microsoft Q&A,JNI error,PatternSyntaxException Constructor (Java.Util.Regex),https://learn.microsoft.com/en-us/dotnet/api/java.util.regex.patternsyntaxexception.-ctor,"Parameters desc String A description of the error regex String The erroneous pattern index Int32 The approximate index in the pattern of the error, or -1 if the index is not known Attributes RegisterAttribute Remarks Constructs a new instance of this class.Java documentation for.",0,2026-08-19,2026-10-01T20:21:14.847859
MICROSOFTQA_REMINING,Microsoft Q&A,jstring to const char,char and varchar (Transact-SQL) - SQL Server,https://learn.microsoft.com/en-us/sql/t-sql/data-types/char-and-varchar-transact-sql,"char and varchar (Transact-SQL) Summarize this article for me In this article Applies to: SQL Server Azure SQL Database Azure SQL Managed Instance Azure Synapse Analytics SQL analytics endpoint in Microsoft Fabric Warehouse in Microsoft Fabric SQL database in Microsoft Fabric Character data types that are either fixed-size, char, or variable-size,.",0,2026-09-21,2026-10-01T20:21:18.469535
MICROSOFTQA_REMINING,Microsoft Q&A,jstring to const char,Value types - C# reference,https://learn.microsoft.com/en-us/dotnet/csharp/language-reference/builtin-types/value-types,"Value types (C# reference) Summarize this article for me In this article Value types and reference types are the two main categories of C# types. A variable of a value type contains an instance of the type. This behavior differs from a variable of a reference type, which contains a reference to an instance of the type. By default, on assignment,.",0,2026-03-24,2026-10-01T20:21:18.469563
MICROSOFTQA_REMINING,Microsoft Q&A,jstring to const char,Tutorial - Create and manage Cost Management exports - Microsoft Cost Management,https://learn.microsoft.com/en-us/azure/cost-management-billing/costs/tutorial-improved-exports,"However, you can create a recurring task that automatically exports your Cost Management data to Azure storage on a daily, or monthly basis. Exports is designed to streamline your FinOps practice by automating the export of other cost-impacting datasets. FinOps datasets are often large and challenging to manage. The exports feature has an updated.",0,2025-09-26,2026-10-01T20:21:18.469569
MICROSOFTQA_REMINING,Microsoft Q&A,jstring to const char,const and volatile pointers,https://learn.microsoft.com/en-us/cpp/cpp/const-and-volatile-pointers,"const and volatile pointers Summarize this article for me In this article The const and volatile keywords change how pointers are treated. The const keyword specifies that the pointer cannot be modified after initialization; the pointer is protected from modification thereafter. Therefore, the volatile keyword is useful for declaring objects in.",0,2025-02-21,2026-10-01T20:21:18.469582
MICROSOFTQA_REMINING,Microsoft Q&A,jstring to const char,PFEventsEventContents - PlayFab,https://learn.microsoft.com/en-us/xbox/playfab/api-references/c/pfeventstypes/structs/pfeventseventcontents,"PFEventsEventContents Summarize this article for me In this article PFEventsEventContents data model. Syntax Members customTags   PFStringDictionaryEntry const* may be nullptr (Optional) The optional custom tags associated with the event (e.g. build number, external trace identifiers, etc.). Before an event is written, this collection and the base.",0,2025-02-05,2026-10-01T20:21:18.469587
MICROSOFTQA_REMINING,Microsoft Q&A,jstring to const char,Check your credit usage for Cowork tasks with `/cost`,https://learn.microsoft.com/en-us/microsoft-365/copilot/usage-based-billing-copilot-credits-cost,Credit usage for Microsoft Copilot Cowork tasks Summarize this article for me In this article Tasks in Microsoft Copilot Cowork are measured in credits. The number of credits you have available to use each month is set by your organization and referred to as your monthly credit limit. Understanding how many credits a task in Cowork costs can help.,0,2026-09-25,2026-10-01T20:21:18.469592
MICROSOFTQA_REMINING,Microsoft Q&A,jstring to const char,char attribute - Win32 apps,https://learn.microsoft.com/en-us/windows/win32/midl/char-idl,"char attribute Summarize this article for me In this article The char keyword specifies an 8-bit data item. In this version of Microsoft RPC, the character translation tables that convert between ASCII and EBCDIC are built into the run-time libraries and cannot be changed by the user. The char typ... The char type can appear as a type specifier in.",0,2019-10-24,2026-10-01T20:21:18.469597
MICROSOFTQA_REMINING,Microsoft Q&A,jstring to const char,azureml.automl.runtime.shared.pipeline_spec.EnsembleObject class - Azure Machine Learning Python,https://learn.microsoft.com/en-us/python/api/azureml-automl-runtime/azureml.automl.runtime.shared.pipeline_spec.ensembleobject,Constructor Parameters Name Description task Default value: classification Methods elastic_net_from_json Create a elasticnet regresion object from JSON. instantiate Create a new object... Parameters Name Description jstring Required instantiate Create a new object with additional parameters. Parameters Name Description jstring Required.,0,2025-05-20,2026-10-01T20:21:18.469602
MICROSOFTQA_REMINING,Microsoft Q&A,jstring to const char,PFCharacterResult - PlayFab,https://learn.microsoft.com/en-us/xbox/playfab/api-references/c/pftypes/structs/pfcharacterresult,PFCharacterResult Summarize this article for me In this article PFCharacterResult data model... Syntax Members characterId   const char* is null-terminated (Optional) The id for this character on this player. characterName   const char* is null-terminated (Optional) The name of this character. characterType   const char* is null-terminated.,0,2025-02-05,2026-10-01T20:21:18.469607
MICROSOFTQA_REMINING,Microsoft Q&A,jstring to const char,Assign access to Cost Management data - Microsoft Cost Management,https://learn.microsoft.com/en-us/azure/cost-management-billing/costs/assign-access-acm-data,"Assign access to Cost Management data Summarize this article for me In this article For users with Azure Enterprise (EA) agreements, a combination of permissions granted in the Azure portal define a user's level of access to Cost Management data. For users with other Azure account types, defining a user's level of access to Cost Management data is.",0,2025-10-23,2026-10-01T20:21:18.469612
MICROSOFTQA_REMINING,Microsoft Q&A,jstring to const char,Copilot Credit P3 - Microsoft Cost Management,https://learn.microsoft.com/en-us/azure/cost-management-billing/reservations/copilot-credit-p3,"Optimize Copilot Credit costs with a pre-purchase plan Summarize this article for me In this article Save on your Copilot Credit costs when you buy a pre-purchase plan. Pre-purchase plans are commit units (CUs) bought at discounted tiers in your purchasing currency for a specific product. The more you buy, the greater the discount. Purchased CUs.",0,2026-07-17,2026-10-01T20:21:18.469617
MICROSOFTQA_REMINING,Microsoft Q&A,jstring to const char,PFAccountManagementLinkGameCenterAccountRequest - PlayFab,https://learn.microsoft.com/en-us/xbox/playfab/api-references/c/pfaccountmanagementtypes/structs/pfaccountmanagementlinkgamecenteraccountrequest,PFAccountManagementLinkGameCenterAccountRequest Summarize this article for me In this article PFAccountManagementLinkGameCenterAccountRequest data model.  is null-terminated Game Center identifier for the player account to be linked. publicKeyUrl   const char* is null-terminated (Optional) The URL for the public encryption key that will be used to.,0,2025-02-05,2026-10-01T20:21:18.469622
MICROSOFTQA_REMINING,Microsoft Q&A,jstring to const char,PFEvent - PlayFab,https://learn.microsoft.com/en-us/xbox/playfab/api-references/c/pfeventpipeline/structs/pfevent,"If null, the event will apply to the calling entity. eventNamespace   const char* is null-terminated The namespace in which the event is defined. name   const char* is null-terminated The name of the event. clientId   const char* is null-terminated Client assigned identifier associated with event. If a clientId is not provided, the SDK will.",0,2025-02-05,2026-10-01T20:21:18.469626
MICROSOFTQA_REMINING,Microsoft Q&A,jstring to const char,PFInventoryPurchaseInventoryItemsRequest - PlayFab,https://learn.microsoft.com/en-us/xbox/playfab/api-references/c/pfinventorytypes/structs/pfinventorypurchaseinventoryitemsrequest,"PFInventoryPurchaseInventoryItemsRequest Summarize this article for me In this article PFInventoryPurchaseInventoryItemsRequest data model. Purchase a single item or bundle, paying the associated price. More information about using ETags can be found here: https://learn.microsoft.com/gaming/playfab/features/economy-v2/catalog/etags. idempotencyId.",0,2026-09-29,2026-10-01T20:21:18.469631
MICROSOFTQA_REMINING,Microsoft Q&A,jstring to const char,PFPushNotificationsPushNotificationPackage - PlayFab,https://learn.microsoft.com/en-us/xbox/playfab/api-references/c/pfpushnotificationstypes/structs/pfpushnotificationspushnotificationpackage,Syntax Members badge   int32_t Numerical badge to display on App icon (iOS ... For use with developer-created custom Push Notification plugins. icon   const char* is null-terminated (Optional) Icon file to display with the message (Not supported for iOS). message   const char* is null-terminated Content of the message (all platforms). sound  .,0,2026-09-01,2026-10-01T20:21:18.469636
MICROSOFTQA_REMINING,Microsoft Q&A,jstring to const char,PFCatalogReportItemReviewRequest - PlayFab,https://learn.microsoft.com/en-us/xbox/playfab/api-references/c/pfcatalogtypes/structs/pfcatalogreportitemreviewrequest,"PFCatalogReportItemReviewRequest Summarize this article for me In this article PFCatalogReportItemReviewRequest data model.  ...xternal trace identifiers, etc.). customTagsCount   uint32_t Count of customTags entity   PFEntityKey const* may be nullptr (Optional) The entity to perform this action on. itemId   const char* is null-terminated.",0,2025-02-05,2026-10-01T20:21:18.469642
MICROSOFTQA_REMINING,Microsoft Q&A,jstring to const char,PFInventoryTransaction - PlayFab,https://learn.microsoft.com/en-us/xbox/playfab/api-references/c/pfinventorytypes/structs/pfinventorytransaction,PFInventoryTransaction Summarize this article for me In this article PFInventoryTransaction data model. Syntax Members apiName   const char* is null-terminated (Optional) The API call that caused this transaction. clawbackDetails   PFInventoryTransactionClawbackDetails const* may be nullptr (Optional) Additional details about the transaction. Null.,0,2026-09-29,2026-10-01T20:21:18.469647
MICROSOFTQA_REMINING,Microsoft Q&A,jstring to const char,PFCatalogUploadUrlMetadata - PlayFab,https://learn.microsoft.com/en-us/xbox/playfab/api-references/c/pfcatalogtypes/structs/pfcataloguploadurlmetadata,PFCatalogUploadUrlMetadata Summarize this article for me In this arti... Syntax Members fileName   const char* is null-terminated (Optional) Name of the file for which this upload URL was requested. id   const char* is null-terminated (Optional) Unique ID for the binary content to be uploaded to the target URL. url   const char* is null-terminated.,0,2025-02-05,2026-10-01T20:21:18.469652
MICROSOFTQA_REMINING,Microsoft Q&A,jstring to const char,PFItemInstance - PlayFab,https://learn.microsoft.com/en-us/xbox/playfab/api-references/c/pftypes/structs/pfiteminstance,"PFItemInstance Summarize this article for me In this article PFItemInstance data model.  ...he inventory item, as defined in the catalog. itemInstanceId   const char* is null-terminated (Optional) Unique item identifier for this specific instance of the item. purchaseDate   time_t const* may be nullptr (Optional) Timestamp for when this instance.",0,2025-02-05,2026-10-01T20:21:18.469656
MICROSOFTQA_REMINING,Microsoft Q&A,jstring to const char,Tutorial - Create and manage budgets - Microsoft Cost Management,https://learn.microsoft.com/en-us/azure/cost-management-billing/costs/tutorial-acm-create-budgets,Tutorial: Create and manage budgets Summarize this article for me In this article Budgets in Cost Management help you plan for and drive organizational accountability. They help you proactively inform others about their spending to manage costs and monitor how spending progresses over time. You can configure alerts based on your actual cost or.,0,2025-09-26,2026-10-01T20:21:18.470041
MICROSOFTQA_REMINING,Microsoft Q&A,jstring to const char,PFCloudScriptEventHubFunctionModel - PlayFab,https://learn.microsoft.com/en-us/xbox/playfab/api-references/c/pfcloudscripttypes/structs/pfcloudscripteventhubfunctionmodel,PFCloudScriptEventHubFunctionModel Summarize this article for me In this article PFCloudScriptEventHubFunctionModel data model. Syntax Members connectionString   const char* is null-terminated (Optional) The connection string for the event hub. eventHubName   const char* is null-terminated (Optional) The name of the event hub that triggers the.,0,2025-02-05,2026-10-01T20:21:18.470048
MICROSOFTQA_REMINING,Microsoft Q&A,jstring to const char,PFMultiplayerServerRequestMultiplayerServerResponse - PlayFab,https://learn.microsoft.com/en-us/xbox/playfab/api-references/c/pfmultiplayerservertypes/structs/pfmultiplayerserverrequestmultiplayerserverresponse,...ver. publicIPV4AddressesCount   uint32_t Count of publicIPV4Addresses region   const char* is null-terminated (Optional) The region the multiplayer server is located in. serverId   const char* is null-terminated (Optional) The string server ID of the multiplayer server generated by PlayFab. sessionId   const char* is null-terminated (Optional).,0,2025-02-05,2026-10-01T20:21:18.470056
MICROSOFTQA_REMINING,Microsoft Q&A,jstring to const char,PFInventoryTransferInventoryItemsResponse - PlayFab,https://learn.microsoft.com/en-us/xbox/playfab/api-references/c/pfinventorytypes/structs/pfinventorytransferinventoryitemsresponse,More information about using ETags can be found here: https://learn.microsoft.com/gaming/playfab/features/economy-v2/catalog/etags. givingTransactionIds   const char* const* may be nullptr (Optional) The ids of transactions that occurred as a result of the request's giving action. givingTransactionIdsCount   uint32_t Count of givingTransactionIds.,0,2026-09-29,2026-10-01T20:21:18.470064
MICROSOFTQA_REMINING,Microsoft Q&A,jstring to const char,PFMultiplayerServerRequestPartyServiceResponse - PlayFab,https://learn.microsoft.com/en-us/xbox/playfab/api-references/c/pfmultiplayerservertypes/structs/pfmultiplayerserverrequestpartyserviceresponse,"Syntax Members invitationId   const char* is null-terminated (Optional) The invitation identifier supplied in the PartyInvitationConfiguration, or the PlayFab-generated guid if none was supplied. partyId   const char* is null-terminated (Optional) The guid string party ID of the party session. region   const char* is null-terminated (Optional) The.",0,2026-09-29,2026-10-01T20:21:18.470072
MICROSOFTQA_REMINING,Microsoft Q&A,jstring to const char,PFCatalogContent - PlayFab,https://learn.microsoft.com/en-us/xbox/playfab/api-references/c/pfcatalogtypes/structs/pfcatalogcontent,PFCatalogContent Summarize this article for me In this article PFCatalogContent data model. Syntax Members id   const char* is null-terminated (Optional) The content unique ID. maxClientVersion   const char* is null-terminated (Optional) The maximum client version that this content is compatible with. ... Requirements Header: PFCatalogTypes.h See.,0,2025-02-05,2026-10-01T20:21:18.470080
MICROSOFTQA_REMINING,Microsoft Q&A,jstring to const char,PFLinkedPlatformAccountModel - PlayFab,https://learn.microsoft.com/en-us/xbox/playfab/api-references/c/pftypes/structs/pflinkedplatformaccountmodel,"PFLinkedPlatformAccountModel Summarize this artic... Syntax Members email   const char* is null-terminated (Optional) Linked account email of the user on the platform, if available. platform   PFLoginIdentityProvider const* may be nullptr (Optional) Authentication platform. platformUserId   const char* is null-terminated (Optional) Unique account.",0,2025-02-05,2026-10-01T20:21:18.470087
MICROSOFTQA_REMINING,Microsoft Q&A,jstring to const char,PFInventoryTransactionRedeemDetails - PlayFab,https://learn.microsoft.com/en-us/xbox/playfab/api-references/c/pfinventorytypes/structs/pfinventorytransactionredeemdetails,PFInventoryTransactionRedeemDetails Summarize this article for me In this article PFInventoryTransactionRedeemDetails data model. Syntax Members marketplace   const char* is null-terminated (Optional) The marketplace that the offer is being redeemed from. marketplaceTransactionId   const char* is null-terminated (Optional) The transaction Id.,0,2025-02-05,2026-10-01T20:21:18.470094
MICROSOFTQA_REMINING,Microsoft Q&A,jstring to const char,PFInventoryExecuteTransferOperationsResponse - PlayFab,https://learn.microsoft.com/en-us/xbox/playfab/api-references/c/pfinventorytypes/structs/pfinventoryexecutetransferoperationsresponse,More information about using ETags can be found here: https://learn.microsoft.com/gaming/playfab/features/economy-v2/catalog/etags. givingTransactionIds   const char* const* may be nullptr (Optional) The ids of transactions that occurred as a result of the request's giving action. givingTransactionIdsCount   uint32_t Count of givingTransactionIds.,0,2026-09-29,2026-10-01T20:21:18.470101
MICROSOFTQA_REMINING,Microsoft Q&A,jstring to const char,PFUserOpenIdInfo - PlayFab,https://learn.microsoft.com/en-us/xbox/playfab/api-references/c/pftypes/structs/pfuseropenidinfo,PFUserOpenIdInfo Summarize this article for me In this article PFUserOpenIdInfo data model. Syntax Members connectionId   const char* is null-terminated (Optional) OpenID Connection ID. issuer   const char* is null-terminated (Optional) OpenID Issuer. subject   const char* is null-terminated (Optional) OpenID Subject. Requirements Header:.,0,2025-02-05,2026-10-01T20:21:18.470108
MICROSOFTQA_REMINING,Microsoft Q&A,jstring to const char,PFUserGoogleInfo - PlayFab,https://learn.microsoft.com/en-us/xbox/playfab/api-references/c/pftypes/structs/pfusergoogleinfo,Syntax Members googleEmail   const char* is null-terminated (Optional) Email address of the Google account. googleGender   const char* is null-terminated (Optional) Gender information of the Google account. googleId   const char* is null-terminated (Optional) Google ID. googleLocale   const char* is null-terminated (Optional) Locale of the Google.,0,2025-02-05,2026-10-01T20:21:18.470115
MICROSOFTQA_REMINING,Microsoft Q&A,JNI tools,.NET documentation - .NET,https://learn.microsoft.com/en-us/dotnet/,".NET documentation Learn to use .NET to create applications on any platform using C#, F#, and Visual Basic.  ....NET tech community forums Security in .NET Develop .NET apps Build an Azure AI chat app with .NET Create .NET desktop apps for Windows Create web apps with ASP.NET Core Build cloud-native .NET apps with Orleans Build cloud-native apps.",0,2026-04-30,2026-10-01T20:21:22.160464
MICROSOFTQA_REMINING,Microsoft Q&A,JNI tools,Minecraft: Bedrock Edition Creator Documentation,https://learn.microsoft.com/en-us/minecraft/creator/,Minecraft: Bedrock Edition Creator Documentation Learn how to mod Minecraft with Add-Ons. Reference Scripting Training Creator Learning Journey Training Game Development Journey What's new Control Schemes What's new 1.26.40 Update Summary What's new Minecraft Bedrock Editor What's new Minecraft Creator Tools sample Tower Defense Add-On Building.,0,2026-08-06,2026-10-01T20:21:22.160490
MICROSOFTQA_REMINING,Microsoft Q&A,JNI tools,Azure developer documentation,https://learn.microsoft.com/en-us/azure/developer/,"Azure developer documentation Develop applications on Azure using Python, JavaScript, Java, .NET, Go, C++, and Rust. Use development tools like Visual Studio, Visual Studio Code, and Azure SDKs. Learn through quickstarts, tutorials, and toolkits for building applications, AI integration, deployment, and resource management. What's new What's new.",0,2026-07-09,2026-10-01T20:21:22.160495
MICROSOFTQA_REMINING,Microsoft Q&A,JNI tools,Microsoft Typography documentation - Typography,https://learn.microsoft.com/en-us/typography/,"Microsoft Typography documentation Microsoft Typography group researches and develops font technologies and supports the development of OpenType fonts by independent type vendors. Microsoft Typography Develop fonts, find existing fonts, and license fonts from registered vendors. Backw... History of TrueType Font tools Visual OpenType Layout Tool.",0,2024-05-31,2026-10-01T20:21:22.160499
MICROSOFTQA_REMINING,Microsoft Q&A,JNI tools,AI for educators - Training,https://learn.microsoft.com/en-us/training/paths/ai-education/,AI for educators At a glance Level Beginner Skill &nbsp; Product Office 365 Microsoft Edge Word Microsoft Copilot Minecraft Microsoft Teams Microsoft MakeCode PowerPoint Role K-12 Educator Higher Education Educator Explore the potential of artificial intelligence (AI) in education.  ...tions AI pedagogy AI for professional development.,0,2025-04-02,2026-10-01T20:21:22.160504
MICROSOFTQA_REMINING,Microsoft Q&A,JNI tools,What is Microsoft Foundry Agent Service? - Microsoft Foundry,https://learn.microsoft.com/en-us/azure/foundry/agents/overview,"Agents in Microsoft Foundry Summarize this article for me In this article Foundry Agent Service is a managed platform for building, deploying, and scaling AI agents. Build with any framework, any supported model from the Foundry model catalog, and a single entry point for model inference and tools. Foundry meets you anywhere on the spectrum from.",0,2026-09-25,2026-10-01T20:21:22.160508
MICROSOFTQA_REMINING,Microsoft Q&A,JNI tools,Develop natural language solutions in Azure - Training,https://learn.microsoft.com/en-us/training/paths/develop-language-solutions-azure-ai/,"Develop natural language solutions in Azure At a glance Level Intermediate Skill &nbsp; Product Foundry Tools Microsoft Foundry Role AI Engineer Developer Subject Natural language processing Natural language solutions use language models to interpret the semantic meaning of written or spoken language, and in some cases respond based on that.",0,2026-03-18,2026-10-01T20:21:22.160512
MICROSOFTQA_REMINING,Microsoft Q&A,JNI tools,Develop Azure Functions Locally by using Core Tools,https://learn.microsoft.com/en-us/azure/azure-functions/functions-run-local,Develop Azure Functions locally by using Core Tools Summarize this article for me In this article There are two command-line tools that ship as func.exe for Azure Functions: Azure Functions Core Tools Azure Functions CLI func.exe version v4 v5 Support level General availability (GA) Preview Install footprint Full binary that includes all commands.,0,2026-09-18,2026-10-01T20:21:22.160516
MICROSOFTQA_REMINING,Microsoft Q&A,JNI tools,Windows developer tools,https://learn.microsoft.com/en-us/windows/dev-environment/,"Windows developer tools Summarize this article for me In this article Windows supports a wide range of development workflows. Tools like Visual Studio Code and GitHub Copilot are well-integrated on Windows, and with AI assistance built into your editor and terminal, it's straightforward to write scripts and build utilities to automate your work..",0,2026-06-18,2026-10-01T20:21:22.160520
MICROSOFTQA_REMINING,Microsoft Q&A,JNI tools,About the list of tools - Microsoft Edge Developer documentation,https://learn.microsoft.com/en-us/microsoft-edge/devtools/about-tools,"About the list of tools Summarize this article for me In this article DevTools provides more than 30 tools, consisting of Default tools and More tools. Default tools By default, the following tools are listed in the Activity Bar at the top of DevTools: Inspect tool Device Emulation Welcome Elements Console Sources Network Performance Memory.",0,2026-09-02,2026-10-01T20:21:22.160879
MICROSOFTQA_REMINING,Microsoft Q&A,JNI tools,SQL MCP Server overview - SQL MCP Server,https://learn.microsoft.com/en-us/azure/data-api-builder/mcp/overview,"What is SQL MCP Server. Summarize this article for me In this article Important SQL Model Context Protocol (MCP) Server is available in Data API builder version 1.7 and later. For the latest capabilities and bug fixes, use the latest 2.0 release. MCP server for SQL SQL MCP Server is Microsoft's dynamic, open source engine for agentic apps. You.",0,2026-05-15,2026-10-01T20:21:22.160885
MICROSOFTQA_REMINING,Microsoft Q&A,JNI tools,Embark on Your AI Journey with Free AI Tools from Microsoft Education - Training,https://learn.microsoft.com/en-us/training/modules/embark-ai-journey-free-ai-tools-microsoft-education/,Embark on your AI journey with free AI tools from Microsoft Education Beginner K-12 Educator School Leader Microsoft Edge Microsoft Teams Minecraft Microsoft Copilot Microsoft 365 Education This module is designed to introduce educators to the powerful AI tools that Microsoft offers to educators and learners for free. This module is designed to.,0,2026-09-25,2026-10-01T20:21:22.160890
MICROSOFTQA_REMINING,Microsoft Q&A,JNI tools,Microsoft C/C++ Documentation,https://learn.microsoft.com/en-us/cpp/,"Microsoft C++, C, and Assembler documentation Learn how to use C++, C, and assembly language to develop applications, services, and tools for your platforms and devices.  ...calculator app Create a Windows Desktop app with Win32 Create a Windows Desktop app with MFC Create a Windows DLL Create a static library Create a .NET component Create a.",0,2025-11-13,2026-10-01T20:21:22.160894
MICROSOFTQA_REMINING,Microsoft Q&A,JNI tools,Windows client documentation,https://learn.microsoft.com/en-us/windows/resources/,"Windows client documentation Documentation for IT pros on how to deploy, secure, and manage Windows clients for your organization. Get started Get started with Windows 11 What's new Windows 11, version 26H2 Download Security baseline for Windows 11, version 26H2 Concept Windows administrative tools Deploy Windows Windows Autopilot Windows.",0,2026-09-29,2026-10-01T20:21:22.160898
MICROSOFTQA_REMINING,Microsoft Q&A,JNI tools,Connect agents to MCP server endpoints - Microsoft Foundry,https://learn.microsoft.com/en-us/azure/foundry/agents/how-to/tools/model-context-protocol,"Connect agents to Model Context Protocol servers Summarize this article for me In this article Connect your Foundry agents to Model Context Protocol (MCP) servers by using the MCP tool. This connection extends agent capabilities with external tools and data sources. By connecting to remote MCP server endpoints, your agent's Foundry model can.",0,2026-09-04,2026-10-01T20:21:22.160902
MICROSOFTQA_REMINING,Microsoft Q&A,JNI tools,Create and manage a toolbox in Microsoft Foundry - Microsoft Foundry,https://learn.microsoft.com/en-us/azure/foundry/agents/how-to/tools/toolbox,"Create and manage a toolbox in Foundry Summarize this article for me In this article Warning When you connect to non-Foundry tools, you might incur costs and data might be sent outside Foundry's compliance boundary and processed according to the applicable terms and data handling policies. This article shows you how to create a toolbox, add and.",0,2026-09-29,2026-10-01T20:21:22.160907
MICROSOFTQA_REMINING,Microsoft Q&A,JNI tools,Remote Server Administration Tools - Windows Server,https://learn.microsoft.com/en-us/troubleshoot/windows-server/system-management-components/remote-server-administration-tools,Remote Server Administration Tools (RSAT) for Windows Summarize this article for me In this article RSAT enables IT administrators to remotely manage roles and features in Windows Server from a computer that is running Windows 10 and Windows 7 Service Pack 1. Download locations for RSAT Remote Server Administration Tools for Windows 10 RSAT for.,0,2026-02-24,2026-10-01T20:21:22.160911
MICROSOFTQA_REMINING,Microsoft Q&A,JNI tools,Overview of DevTools - Microsoft Edge Developer documentation,https://learn.microsoft.com/en-us/microsoft-edge/devtools/overview,"Overview of DevTools Summarize this article for me In this article The Microsoft Edge browser comes with built-in web development tools, called Microsoft Edge DevTools. DevTools is a set of web development tools that appears next to a rendered webpage in the browser. If there isn't enough space in the Activity Bar to display all of the pinned t....",0,2026-09-02,2026-10-01T20:21:22.160915
MICROSOFTQA_REMINING,Microsoft Q&A,JNI tools,Create and edit canvas apps with AI code generation tools - Power Apps,https://learn.microsoft.com/en-us/power-apps/maker/canvas-apps/create-canvas-external-tools,"Create and edit canvas apps with AI code generation tools Summarize this article for me In this article This article explains how to use AI code generation tools, such as GitHub Copilot and Claude Code, to build and edit canvas apps in Power Apps. With this approach, you describe what you want in natural language and use a local tool to generate.",0,2026-09-01,2026-10-01T20:21:22.160919
MICROSOFTQA_REMINING,Microsoft Q&A,JNI tools,Add tools to custom agents - Microsoft Copilot Studio,https://learn.microsoft.com/en-us/microsoft-copilot-studio/add-tools-custom-agent,"Add tools to custom agents Summarize this article for me In this article Note This article describes features used in agents or agent flows powered by the standard harness. Tools are building blocks that let your agent interact with external systems. Tools expand what your agent can do, and your agent can perform various actions in response to.",0,2026-09-28,2026-10-01T20:21:22.160924
MICROSOFTQA_REMINING,Microsoft Q&A,JNI tools,Plan and Prepare to Develop AI Solutions on Azure - Training,https://learn.microsoft.com/en-us/training/modules/prepare-azure-ai-development/,"Plan and prepare to develop AI solutions on Azure Beginner AI Engineer Foundry Tools Microsoft Foundry Microsoft Azure offers multiple services that enable developers to build amazing AI-powered solutions.  ...er tools and SDKs for an AI project Describe considerations for responsible AI Add Prerequisites Before starting this module, you should be.",0,2026-05-07,2026-10-01T20:21:22.160928
MICROSOFTQA_REMINING,Microsoft Q&A,JNI tools,Get started with Infrastructure as Code (IaC),https://learn.microsoft.com/en-us/azure/developer/iac/,"Get started with Infrastructure as Code (IaC) Learn how to use Infrastructure-as-Code (IaC) tools to reliably provision virtual machines and other infrastructure on Azure. C... Jenkins Use Jenkins to set up continuous integration and delivery (CI/CD) for software projects. Pulumi Build infrastructure on Azure using TypeScript, Python, Go, C#, Java.",0,2026-09-03,2026-10-01T20:21:22.160932
MICROSOFTQA_REMINING,Microsoft Q&A,JNI tools,Extend your agent with tools from a REST API (preview) - Microsoft Copilot Studio,https://learn.microsoft.com/en-us/microsoft-copilot-studio/agent-extend-action-rest-api,Extend your agent with tools from a REST API (preview) Summarize this article for me In this article Note This article describes features used in agents or agent flows powered by the standard harness. [This article is prerelease documentation and is subject to change.]. Use REST APIs (including OpenAI API) to connect an agent you create with.,0,2026-09-17,2026-10-01T20:21:22.160949
MICROSOFTQA_REMINING,Microsoft Q&A,JNI tools,Licensing and Copilot Credits,https://learn.microsoft.com/en-us/ai-builder/message-management,"Licensing and Copilot Credits Summarize this article for me In this article This article focuses on the management of Copilot Credits to use AI tools/AI Builder capabilities in Microsoft Copilot Studio, Power Automate, and Power Apps. Important You can find the most complete and up-to-date Copilot Credit licensing and billing information in.",0,2026-06-15,2026-10-01T20:21:22.160956
MICROSOFTQA_REMINING,Microsoft Q&A,JNI tools,Get Started with AI-Assisted Development - Training,https://learn.microsoft.com/en-us/training/paths/accelerate-app-development-using-github-copilot/,"Get started with AI-assisted development At a glance Level Intermediate Skill &nbsp; Product GitHub Role Developer Subject Application development Productivity Learn how to use GitHub Copilot in a Visual Studio Code environment. This training covers code analysis, inline and project documentation, app development, unit testing, code refactoring,.",0,2026-07-03,2026-10-01T20:21:22.160961
MICROSOFTQA_REMINING,Microsoft Q&A,JNI tools,What's Happening with Azure Data Studio - SQL Server,https://learn.microsoft.com/en-us/sql/tools/whats-happening-azure-data-studio,"What's happening with Azure Data Studio Summarize this article for me In this article Azure Data Studio is retired as of February 28, 2026 and no longer receives updates or security fixes. Migrate to Visual Studio Code with the MSSQL extension for continued support. Your existing queries, scripts, and database projects work in Visual Studio Code.",0,2026-08-18,2026-10-01T20:21:22.160965
MICROSOFTQA_REMINING,Microsoft Q&A,JNI tools,Debugging Tools for Windows SDK and WDK - Windows drivers,https://learn.microsoft.com/en-us/windows-hardware/drivers/debugger/debugger-download-tools,"Debugging Tools for Windows SDK and WDK Summarize this article for me In this article Debugging Tools for Windows is a comprehensive suite of debugging utilities that helps developers diagnose and resolve issues in Windows applications and drivers. This powerful toolset includes WinDbg, command-line debuggers, and specialized tools for analyzing.",0,2025-11-07,2026-10-01T20:21:22.160969
MICROSOFTQA_REMINING,Microsoft Q&A,JNI tools,Create effective prompts for generative AI training tools - Training,https://learn.microsoft.com/en-us/training/modules/create-prompts-for-generative-ai-training-tools/,Create effective prompts for generative AI training tools Beginner K-12 Educator Business User Higher Education Educator Data Engineer School Leader Foundry Tools Azure Machine Learning Azure Machine Learning designer Microsoft 365 Apps Translator Text in Foundry Tools Azure Translator Speech Microsoft Copilot Azure AI Language This module covers.,0,2026-03-16,2026-10-01T20:21:22.160973
MICROSOFTQA_REMINING,Microsoft Q&A,JNI tools,Describe features and tools in Azure for governance and compliance - Training,https://learn.microsoft.com/en-us/training/modules/describe-features-tools-azure-for-governance-compliance/,Describe features and tools in Azure for governance and compliance Beginner Administrator Developer DevOps Engineer Solution Architect Azure This module introduces you to tools that can help with governance and compliance within Azure. Introduction min Describe the purpose of Microsoft Purview min Describe the purpose of Azure Policy min Describe.,0,2026-03-24,2026-10-01T20:21:22.160977
MICROSOFTQA_REMINING,Microsoft Q&A,JNI tools,Configure Virtual Networks for Foundry Tools - Foundry Tools,https://learn.microsoft.com/en-us/azure/ai-services/cognitive-services-virtual-networks,Configure Foundry Tools virtual networks Summarize this article for me In this article Foundry Tools provide a layered security model. Th... Service Resource provider name Foundry Tools Microsoft.CognitiveServices Azure Machine Learning Microsoft.MachineLearningServices Azure Search Microsoft.Search You can grant networking access to trusted Azure.,0,2026-06-05,2026-10-01T20:21:22.160982
MICROSOFTQA_REMINING,Microsoft Q&A,UnsatisfiedLinkError,UnsatisfiedLinkError Class (Java.Lang),https://learn.microsoft.com/en-us/dotnet/api/java.lang.unsatisfiedlinkerror,UnsatisfiedLinkError Class Definition Namespace: Java.Lang Assembly:Mono.Android.dll Thrown if the Java Virtual Machine cannot find an appropriate native-language definition of a method declared native. Inheritance Exception JavaException Throwable Error LinkageError UnsatisfiedLinkError Attri... Constructors Name Description.,0,2026-08-19,2026-10-01T20:21:25.246866
MICROSOFTQA_REMINING,Microsoft Q&A,UnsatisfiedLinkError,UnsatisfiedLinkError.JniPeerMembers Property (Java.Lang),https://learn.microsoft.com/en-us/dotnet/api/java.lang.unsatisfiedlinkerror.jnipeermembers,UnsatisfiedLinkError.JniPeerMembers Property Definition Namespace: Java.Lang Assembly:Mono.Android.dll Gets the JNI metadata used to invoke members of this Java peer. Property Value JniPeerMembers The JNI peer members for UnsatisfiedLinkError. Remarks Portions of this page are modifications based on work created and shared by the Android Open.,0,2026-08-19,2026-10-01T20:21:25.246907
MICROSOFTQA_REMINING,Microsoft Q&A,UnsatisfiedLinkError,UnsatisfiedLinkError.ThresholdClass Property (Java.Lang),https://learn.microsoft.com/en-us/dotnet/api/java.lang.unsatisfiedlinkerror.thresholdclass,UnsatisfiedLinkError.ThresholdClass Property Definition Namespace: Java.Lang Assembly:Mono.Android.dll This API supports the Mono for Android infrastructure and is not intended to be used directly from your code. Remarks Portions of this page are modifications based on work created and shared by the Android Open Source Project and used according.,0,2026-08-19,2026-10-01T20:21:25.246915
MICROSOFTQA_REMINING,Microsoft Q&A,UnsatisfiedLinkError,UnsatisfiedLinkError Constructor (Java.Lang),https://learn.microsoft.com/en-us/dotnet/api/java.lang.unsatisfiedlinkerror.-ctor,"UnsatisfiedLinkError Constructors Definition Namespace: Java.Lang Assembly:Mono.Android.dll Overloads Name Description UnsatisfiedLinkError() Constructs an UnsatisfiedLinkError wi... UnsatisfiedLinkError(String) Constructs an UnsatisfiedLinkError with the specified detail message. UnsatisfiedLinkError(IntPtr, JniHandleOwnership) A constructor used.",0,2026-08-19,2026-10-01T20:21:25.246922
MICROSOFTQA_REMINING,Microsoft Q&A,UnsatisfiedLinkError,Programming ADSI with Java/COM - Win32 apps,https://learn.microsoft.com/en-us/windows/win32/adsi/programming-adsi-with-javacom,"Programming ADSI with Java/COM Summarize this article for me In this article Using the Microsoft virtual machine for Java (Microsoft VM) and Microsoft Java Compiler, you have access to all the ADSI feature... If a ""java.lang.UnsatisfiedLinkError"" error is returned, set the PATH to include the path that contains the required DLL. For example, if.",0,2025-03-12,2026-10-01T20:21:25.246929
MICROSOFTQA_REMINING,Microsoft Q&A,UnsatisfiedLinkError,Overview - .NET for Android,https://learn.microsoft.com/en-us/dotnet/android/binding-libs/binding-java-libs/,"Binding Java libraries Summarize this article for me In this article The third-party library ecosystem for Android is massive. Including a native library in a binding It may be necessary t... When the wrapped Java code executes, .NET for Android will fail to make the JNI call and the error message java.lang.UnsatisfiedLinkError: Native method not.",0,2026-03-16,2026-10-01T20:21:25.246952
MICROSOFTQA_REMINING,Microsoft Q&A,UnsatisfiedLinkError,UnsatisfiedLinkError.ThresholdType Property (Java.Lang),https://learn.microsoft.com/en-us/dotnet/api/java.lang.unsatisfiedlinkerror.thresholdtype,UnsatisfiedLinkError.ThresholdType Property Definition Namespace: Java.Lang Assembly:Mono.Android.dll This API supports the Mono for Android infrastructure and is not intended to be used directly from your code. Remarks Portions of this page are modifications based on work created and shared by the Android Open Source Project and use... This API.,0,2026-08-19,2026-10-01T20:21:25.246959
MICROSOFTQA_REMINING,Microsoft Q&A,UnsatisfiedLinkError,Troubleshooting Bindings - .NET for Android,https://learn.microsoft.com/en-us/dotnet/android/binding-libs/customizing-bindings/troubleshooting-bindings,"Tip The Binding Tooling GitHub repository wiki is a great resource and contains additional troubleshooting information that may help with specific cases. It is possible that .NET for Andro... When the wrapped Java code executes, .NET for Android will fail to make the JNI call and the error message java.lang.UnsatisfiedLinkError: Native method not.",0,2026-03-16,2026-10-01T20:21:25.246968
MICROSOFTQA_REMINING,Microsoft Q&A,UnsatisfiedLinkError,AdoptOpenJDK 8 issue on Windows 10 Enterprise - Microsoft Q&A,https://learn.microsoft.com/en-us/answers/questions/4209982/adoptopenjdk-8-issue-on-windows-10-enterprise,"AdoptOpenJDK version: 8u275-b01 OS Version: 10.0.18363 N/A Build 18363 When I try to start Cassandra, I get this error message: Exception (java.lang.UnsatisfiedLinkError) encountered during startup: C:\Users&amp;lt;username&gt;\AppData\Local\Temp\jna-3556498* jna1751679194795389333.dll *: Can't find dependent libraries \jna-3556498 folder is.",0,2025-07-08,2026-10-01T20:21:25.246975
MICROSOFTQA_REMINING,Microsoft Q&A,UnsatisfiedLinkError,Java.Lang Namespace,https://learn.microsoft.com/en-us/dotnet/api/java.lang,TypeNotPresentException Thrown when an application tries to access a type using a s... UnknownError Thrown when an unknown but serious exception has occurred in the Java Virtual Machine. UnsatisfiedLinkError Thrown if the Java Virtual Machine cannot find an appropriate native-language definition of a method declared native..,0,2026-08-14,2026-10-01T20:21:25.246983
MICROSOFTQA_REMINING,Microsoft Q&A,UnsatisfiedLinkError,Getting below error when appending data in a parquet file stored in azure data lake gen2 - Microsoft Q&A,https://learn.microsoft.com/en-us/answers/questions/1373251/getting-below-error-when-appending-data-in-a-parqu,"A similar error message has been discussed in the threads below. https://stackoverflow.com/questions/41851066/exception-in-thread-main-java-lang-unsatisfiedlinkerror-org-apache-hadoop-io https://stackoverflow.com/questions/18630019/running-apache-hadoop-2-1-0-on-windows Per the error message, there may be an issue with the Hadoop libraries or a.",0,2023-11-09,2026-10-01T20:21:25.246991
MICROSOFTQA_REMINING,Microsoft Q&A,UnsatisfiedLinkError,"Android SpeechConfig.fromSubscription(subscriptionKey, region) java.lang.UnsatisfiedLinkError - Microsoft Q&A",https://learn.microsoft.com/en-us/answers/questions/1847813/android-speechconfig-fromsubscription(subscription,The Android app crashes with the error java.lang.UnsatisfiedLinkError: dlopen failed: library &quot;libMicrosoft.CognitiveServices.Speech.java.bindings.so&quot; not found when trying to load the native libraries for Microsoft Cognitive Services Speech SDK in an Android application. The issue occurs consistently on the first run after installation.,0,2024-07-30,2026-10-01T20:21:25.246999
MICROSOFTQA_REMINING,Microsoft Q&A,UnsatisfiedLinkError,Create and run JARs on serverless compute - Azure Databricks,https://learn.microsoft.com/en-us/azure/databricks/jobs/how-to/use-jars-in-workflows,"Serverless compute does not permit writing native libraries to the file system. Libraries that unpack native binaries at startup fail with UnsatisfiedLinkError. Init scripts are not a workaround. ClassNotFoundException for a third-part... The library is not on the serverless classpath. Add it to your JAR, or provide it as an additional JAR using.",0,2026-09-11,2026-10-01T20:21:25.247008
MICROSOFTQA_REMINING,Microsoft Q&A,UnsatisfiedLinkError,Skip DLL file loading in Windows Authentication - Microsoft Q&A,https://learn.microsoft.com/en-us/answers/questions/2120250/skip-dll-file-loading-in-windows-authentication,I want to skip dll file loading while doing windows authentication as JVM already have the dll file and hence it is throwing UnsatisfiedLinkError while loading dll again. Can we pass any parameter through which we don't need to load dll file?| Hi @Akash Narvaria How about set the to true. Refer to this doc: Setting the connection pr... I want to.,0,2024-11-18,2026-10-01T20:21:25.247015
MICROSOFTQA_REMINING,Microsoft Q&A,UnsatisfiedLinkError,Runtime.Load(String) Method (Java.Lang),https://learn.microsoft.com/en-us/dotnet/api/java.lang.runtime.load,"Runtime.Load(String) Method Definition Namespace: Java.Lang Assembly:Mono.Android.dll Loads the native library specified by the filename argument. Parameters filename String the file to load. Attributes RegisterAttribute Exceptions UnsatisfiedLinkError if the library can not be loaded, either because it's not found or because there is something.",0,2026-09-17,2026-10-01T20:21:25.247024
MICROSOFTQA_REMINING,Microsoft Q&A,UnsatisfiedLinkError,problem in java - Microsoft Q&A,https://learn.microsoft.com/en-us/answers/questions/496064/problem-in-java,"...on a AMD 64-bit platform my code: static { try { System.load(&quot;D:/user32.dll&quot;); } catch (UnsatisfiedLinkError e) { System.err.println(&quot;Native code library failed to load.\n&quot; + e); System.exit(1); } }| According to WOW64 Implementation Details and The Question , you cannot load a 32-bit dll using a 64-bit JVM.. hi I want to.",0,2021-08-02,2026-10-01T20:21:25.247032
MICROSOFTQA_REMINING,Microsoft Q&A,UnsatisfiedLinkError,Runtime.LoadLibrary(String) Method (Java.Lang),https://learn.microsoft.com/en-us/dotnet/api/java.lang.runtime.loadlibrary,"Runtime.LoadLibrary(String) Method Definition Namespace: Java.Lang Assembly:Mono.Android.dll Loads the native library specified by the libname argument. Parameters libname String the name of the library. Attributes RegisterAttribute Exceptions UnsatisfiedLinkError if the library can not be loaded, either because it's not found or because there is.",0,2026-09-17,2026-10-01T20:21:25.247041
MICROSOFTQA_REMINING,Microsoft Q&A,UnsatisfiedLinkError,"Exception while running Azure Speech to text SDK with jar file (UnsatisfiedLinkError , setTempDirectory) - Microsoft Q&A",https://learn.microsoft.com/en-us/answers/questions/1661979/exception-while-running-azure-speech-to-text-sdk-w,"Hi Team I'm getting errors while running my Java jar in Windows and centos7, However the same is running fine in my Eclipse IDE. The issue is coming when I build the jar and run it in the environment. The error details are below: I have followed the quick start guide from here:.",0,2024-05-01,2026-10-01T20:21:25.247050
MICROSOFTQA_REMINING,Microsoft Q&A,UnsatisfiedLinkError,Can I do voice-to-text conversion on an actual Android device? - Microsoft Q&A,https://learn.microsoft.com/en-us/answers/questions/1069047/can-i-do-voice-to-text-conversion-on-an-actual-and,Run mvn clean dependency:copy-dependencies Add the following to MainActivity.java    import com.microsoft.cognitiveservices.speech.*; import com.microsoft.cognitiveservices.speech.audio.AudioConfig;    public class MainActivity extends AppCompatActivity { } error message FATAL EXCEPTION: main Process:.,0,2022-11-07,2026-10-01T20:21:25.247060
MICROSOFTQA_REMINING,Microsoft Q&A,UnsatisfiedLinkError,JavaSystem.LoadLibrary(String) Method (Java.Lang),https://learn.microsoft.com/en-us/dotnet/api/java.lang.javasystem.loadlibrary,JavaSystem.LoadLibrary(String) Method Definition Namespace: Java.Lang Assembly:Mono.Android.dll Loads the native library specified by the libname argument. Parameters libname String the name of the library. Attributes RegisterAttribute Exceptions UnsatisfiedLinkError if the library could not be loaded. Remarks Loads the native library specified by.,0,2026-09-17,2026-10-01T20:21:25.247068
MICROSOFTQA_REMINING,Microsoft Q&A,UnsatisfiedLinkError,Exception in SpeechConfig setTempDirectory - Microsoft Q&A,https://learn.microsoft.com/en-us/answers/questions/947777/exception-in-speechconfig-settempdirectory,"I am running the Java Speech Recognition Samples from https://github.com/Azure-Samples/cognitive-services-speech-sdk/tree/master/samples/java/jre/console It is working fine on Win 10, however I am getting java.lang.UnsatisfiedLinkError: com.microsoft.cognitiveservices.speech.SpeechConfig.setTempDirectory exception when running on CentOS 7. Here is.",0,2023-07-18,2026-10-01T20:21:25.247076
MICROSOFTQA_REMINING,Microsoft Q&A,UnsatisfiedLinkError,Azure speech service can not use - Microsoft Q&A,https://learn.microsoft.com/en-us/answers/questions/604021/azure-speech-service-can-not-use,org.springframework.web.util.NestedServletException: Handler dispatch failed; nested exception is java.lang.UnsatisfiedLinkError: com.microsoft.cognitiveservices.speech.SpeechConfig.setTempDirectory(Ljava/lang/String;)V at org.springframework.web.servlet.DispatcherServlet.doDispatch(DispatcherServlet.java:1055) at.,0,2021-10-27,2026-10-01T20:21:25.247085
MICROSOFTQA_REMINING,Microsoft Q&A,UnsatisfiedLinkError,How to fix java.lang.UnsatisfiedLinkError: E:\ProjecName\jre64\bin\chrome_elf.dll: 找不到指定的程序(Translate:The specifiled program could not be found) - Microsoft Q&A,https://learn.microsoft.com/en-us/answers/questions/1189303/how-to-fix-java-lang-unsatisfiedlinkerror-e-projec,"Our team developed a project in Java on windows.Some C++ libraries are used in it.And it works normally on Windows 10.However, it cannot start in Windows 7. We downloaded to check the dependencies of dll files,then we downloaded the dependency files it mentioned.And it seemed to work at first.Missing DLL dependencies dropped from 15 to 13.But with.",0,2023-03-17,2026-10-01T20:21:25.247093
MICROSOFTQA_REMINING,Microsoft Q&A,UnsatisfiedLinkError,Text Speech when SpeechConfig init got error - Microsoft Q&A,https://learn.microsoft.com/en-us/answers/questions/660957/text-speech-when-speechconfig-init-got-error,"I follow the quickstart then here is my code SpeechConfig speechConfig = SpeechConfig.fromSubscription(&quot;XXX&quot;, &quot;eastasia&quot;); but when debug, I got errors as follows: Exception in thread &quot;main&quot; java.lang.UnsatisfiedLinkError: com.microsoft.cognitiveservices.speech.SpeechConfig.setTempDirectory(Ljava/lang/String;)V at.",0,2022-10-28,2026-10-01T20:21:25.247723
MICROSOFTQA_REMINING,Microsoft Q&A,UnsatisfiedLinkError,Azure Spatial Anchors Android NDK lib fails to load when minify enabled - Microsoft Q&A,https://learn.microsoft.com/en-us/answers/questions/934556/azure-spatial-anchors-android-ndk-lib-fails-to-loa,"E/AndroidRuntime: FATAL EXCEPTION: main Process: com.microsoft.samplenativeandroid, PID: 4221 java.lang.UnsatisfiedLinkError: JNI_ERR returned from JNI_OnLoad in &quot;/data/app/~~CxvJgphZ1hj94zORN567XA==/com.microsoft.samplenativeandroid-_PyNcM0eTlb3amOcba7qPA==/base.apk!/lib/arm64-v8a/libazurespatialanchorsapplication.so&quot; at.",0,2022-07-27,2026-10-01T20:21:25.247744
MICROSOFTQA_REMINING,Microsoft Q&A,UnsatisfiedLinkError,java.lang.UnsatisfiedLinkError trying to run Azure text to speech quickstart - Microsoft Q&A,https://learn.microsoft.com/en-us/answers/questions/1302882/java-lang-unsatisfiedlinkerror-trying-to-run-azure,"I'm trying to get started with the Azure text to speech quickstart here: https://learn.microsoft.com/en-us/azure/cognitive-services/speech-service/get-started-text-to-speech?tabs=windows%2Cterminal&amp;pivots=progra... However, no matter what I try, I keep getting this error: I've found several people talking about getting this error when using.",0,2023-06-12,2026-10-01T20:21:25.247754
MICROSOFTQA_REMINING,Microsoft Q&A,JNIEnv,"JNIEnv.GetString(IntPtr, JniHandleOwnership) Method (Android.Runtime)",https://learn.microsoft.com/en-us/dotnet/api/android.runtime.jnienv.getstring,"JNIEnv.GetString(IntPtr, JniHandleOwnership) Method Definition Namespace: Android.Runtime Assembly:Mono.Android.dll Parameters value IntPtr transfer JniHandleOwnership Returns String Remarks Portions of this page are modifications based on work created and shared by the Android Open Source Project and used according to terms described in.",0,2026-09-18,2026-10-01T20:21:28.966399
MICROSOFTQA_REMINING,Microsoft Q&A,JNIEnv,"JNIEnv.GetFieldID(IntPtr, String, String) Method (Android.Runtime)",https://learn.microsoft.com/en-us/dotnet/api/android.runtime.jnienv.getfieldid,"JNIEnv.GetFieldID(IntPtr, String, String) Method Definition Namespace: Android.Runtime Assembly:Mono.Android.dll Parameters jclass IntPtr name String sig String Returns IntPtr Remarks Portions of this page are modifications based on work created and shared by the Android Open Source Project and used according to terms described in the Creative.",0,2026-09-18,2026-10-01T20:21:28.966430
MICROSOFTQA_REMINING,Microsoft Q&A,JNIEnv,"JNIEnv.NewDirectByteBuffer(IntPtr, Int64) Method (Android.Runtime)",https://learn.microsoft.com/en-us/dotnet/api/android.runtime.jnienv.newdirectbytebuffer,"JNIEnv.NewDirectByteBuffer(IntPtr, Int64) Method Definition Namespace: Android.Runtime Assembly:Mono.Android.dll Parameters address IntPtr capacity Int64 Returns IntPtr Remarks Portions of this page are modifications based on work created and shared by the Android Open Source Project and used according to terms described in the Creative Commons.",0,2026-09-18,2026-10-01T20:21:28.966435
MICROSOFTQA_REMINING,Microsoft Q&A,JNIEnv,"JNIEnv.GetIntField(IntPtr, IntPtr) Method (Android.Runtime)",https://learn.microsoft.com/en-us/dotnet/api/android.runtime.jnienv.getintfield,"JNIEnv.GetIntField(IntPtr, IntPtr) Method Definition Namespace: Android.Runtime Assembly:Mono.Android.dll Parameters jobject IntPtr jfieldID IntPtr Returns Int32 Remarks Portions of this page are modifications based on work created and shared by the Android Open Source Project and used according to terms described in the Creative Commons 2.5.",0,2026-09-18,2026-10-01T20:21:28.966439
MICROSOFTQA_REMINING,Microsoft Q&A,JNIEnv,"JNIEnv.GetObjectArray(IntPtr, Type[]) Method (Android.Runtime)",https://learn.microsoft.com/en-us/dotnet/api/android.runtime.jnienv.getobjectarray,"JNIEnv.GetObjectArray(IntPtr, Type[]) Method Definition Namespace: Android.Runtime Assembly:Mono.Android.dll Parameters array_ptr IntPtr element_types Type[] Returns Object[] Remarks Portions of this page are modifications based on work created and shared by the Android Open Source Project and used according to terms described in the Creative.",0,2026-09-18,2026-10-01T20:21:28.966443
MICROSOFTQA_REMINING,Microsoft Q&A,JNIEnv,"JNIEnv.GetFloatField(IntPtr, IntPtr) Method (Android.Runtime)",https://learn.microsoft.com/en-us/dotnet/api/android.runtime.jnienv.getfloatfield,"JNIEnv.GetFloatField(IntPtr, IntPtr) Method Definition Namespace: Android.Runtime Assembly:Mono.Android.dll Parameters jobject IntPtr jfieldID IntPtr Returns Single Remarks Portions of this page are modifications based on work created and shared by the Android Open Source Project and used according to terms described in the Creative Commons 2.5.",0,2026-09-18,2026-10-01T20:21:28.966447
MICROSOFTQA_REMINING,Microsoft Q&A,JNIEnv,"JNIEnv.ThrowNew(IntPtr, String) Method (Android.Runtime)",https://learn.microsoft.com/en-us/dotnet/api/android.runtime.jnienv.thrownew,"JNIEnv.ThrowNew(IntPtr, String) Method Definition Namespace: Android.Runtime Assembly:Mono.Android.dll Parameters clazz IntPtr message String Remarks Portions of this page are modifications based on work created and shared by the Android Open Source Project and used according to terms described in the Creative Commons 2.5 Attribution License..",0,2026-09-18,2026-10-01T20:21:28.966451
MICROSOFTQA_REMINING,Microsoft Q&A,JNIEnv,"JNIEnv.GetBooleanField(IntPtr, IntPtr) Method (Android.Runtime)",https://learn.microsoft.com/en-us/dotnet/api/android.runtime.jnienv.getbooleanfield,"JNIEnv.GetBooleanField(IntPtr, IntPtr) Method Definition Namespace: Android.Runtime Assembly:Mono.Android.dll Parameters jobject IntPtr jfieldID IntPtr Returns Boolean Remarks Portions of this page are modifications based on work created and shared by the Android Open Source Project and used according to terms described in the Creative Commons 2.5.",0,2026-09-18,2026-10-01T20:21:28.966454
MICROSOFTQA_REMINING,Microsoft Q&A,JNIEnv,"JNIEnv.IsSameObject(IntPtr, IntPtr) Method (Android.Runtime)",https://learn.microsoft.com/en-us/dotnet/api/android.runtime.jnienv.issameobject,"JNIEnv.IsSameObject(IntPtr, IntPtr) Method Definition Namespace: Android.Runtime Assembly:Mono.Android.dll Parameters ref1 IntPtr ref2 IntPtr Returns Boolean Remarks Portions of this page are modifications based on work created and shared by the Android Open Source Project and used according to terms described in the Creative Commons 2.5.",0,2026-09-18,2026-10-01T20:21:28.966458
MICROSOFTQA_REMINING,Microsoft Q&A,JNIEnv,"JNIEnv.GetStaticLongField(IntPtr, IntPtr) Method (Android.Runtime)",https://learn.microsoft.com/en-us/dotnet/api/android.runtime.jnienv.getstaticlongfield,"JNIEnv.GetStaticLongField(IntPtr, IntPtr) Method Definition Namespace: Android.Runtime Assembly:Mono.Android.dll Parameters jclass IntPtr jfieldID IntPtr Returns Int64 Remarks Portions of this page are modifications based on work created and shared by the Android Open Source Project and used according to terms described in the Creative Commons 2.5.",0,2026-09-18,2026-10-01T20:21:28.966462
MICROSOFTQA_REMINING,Microsoft Q&A,JNIEnv,"JNIEnv.GetObjectArrayElement(IntPtr, Int32) Method (Android.Runtime)",https://learn.microsoft.com/en-us/dotnet/api/android.runtime.jnienv.getobjectarrayelement,"JNIEnv.GetObjectArrayElement(IntPtr, Int32) Method Definition Namespace: Android.Runtime Assembly:Mono.Android.dll Parameters array IntPtr index Int32 Returns IntPtr Remarks Portions of this page are modifications based on work created and shared by the Android Open Source Project and used according to terms described in the Creative Commons 2.5.",0,2026-09-18,2026-10-01T20:21:28.966466
MICROSOFTQA_REMINING,Microsoft Q&A,JNIEnv,"JNIEnv.GetCharSequence(IntPtr, JniHandleOwnership) Method (Android.Runtime)",https://learn.microsoft.com/en-us/dotnet/api/android.runtime.jnienv.getcharsequence,"JNIEnv.GetCharSequence(IntPtr, JniHandleOwnership) Method Definition Namespace: Android.Runtime Assembly:Mono.Android.dll Parameters jobject IntPtr transfer JniHandleOwnership Returns String Remarks Portions of this page are modifications based on work created and shared by the Android Open Source Project and used according to terms described in.",0,2026-09-18,2026-10-01T20:21:28.966470
MICROSOFTQA_REMINING,Microsoft Q&A,JNIEnv,"JNIEnv.GetCharField(IntPtr, IntPtr) Method (Android.Runtime)",https://learn.microsoft.com/en-us/dotnet/api/android.runtime.jnienv.getcharfield,"JNIEnv.GetCharField(IntPtr, IntPtr) Method Definition Namespace: Android.Runtime Assembly:Mono.Android.dll Parameters jobject IntPtr jfieldID IntPtr Returns Char Remarks Portions of this page are modifications based on work created and shared by the Android Open Source Project and used according to terms described in the Creative Commons 2.5.",0,2026-09-18,2026-10-01T20:21:28.966474
MICROSOFTQA_REMINING,Microsoft Q&A,JNIEnv,"JNIEnv.GetStaticObjectField(IntPtr, IntPtr) Method (Android.Runtime)",https://learn.microsoft.com/en-us/dotnet/api/android.runtime.jnienv.getstaticobjectfield,"JNIEnv.GetStaticObjectField(IntPtr, IntPtr) Method Definition Namespace: Android.Runtime Assembly:Mono.Android.dll Parameters jclass IntPtr jfieldID IntPtr Returns IntPtr Remarks Portions of this page are modifications based on work created and shared by the Android Open Source Project and used according to terms described in the Creative Commons.",0,2026-09-18,2026-10-01T20:21:28.966478
MICROSOFTQA_REMINING,Microsoft Q&A,JNIEnv,"JNIEnv.GetDoubleField(IntPtr, IntPtr) Method (Android.Runtime)",https://learn.microsoft.com/en-us/dotnet/api/android.runtime.jnienv.getdoublefield,"JNIEnv.GetDoubleField(IntPtr, IntPtr) Method Definition Namespace: Android.Runtime Assembly:Mono.Android.dll Parameters jobject IntPtr jfieldID IntPtr Returns Double Remarks Portions of this page are modifications based on work created and shared by the Android Open Source Project and used according to terms described in the Creative Commons 2.5.",0,2026-09-18,2026-10-01T20:21:28.966482
MICROSOFTQA_REMINING,Microsoft Q&A,JNIEnv,"JNIEnv.GetObjectField(IntPtr, IntPtr) Method (Android.Runtime)",https://learn.microsoft.com/en-us/dotnet/api/android.runtime.jnienv.getobjectfield,"JNIEnv.GetObjectField(IntPtr, IntPtr) Method Definition Namespace: Android.Runtime Assembly:Mono.Android.dll Parameters jobject IntPtr jfieldID IntPtr Returns IntPtr Remarks Portions of this page are modifications based on work created and shared by the Android Open Source Project and used according to terms described in the Creative Commons 2.5.",0,2026-09-18,2026-10-01T20:21:28.966486
MICROSOFTQA_REMINING,Microsoft Q&A,JNIEnv,"JNIEnv.GetStaticMethodID(IntPtr, String, String) Method (Android.Runtime)",https://learn.microsoft.com/en-us/dotnet/api/android.runtime.jnienv.getstaticmethodid,"JNIEnv.GetStaticMethodID(IntPtr, String, String) Method Definition Namespace: Android.Runtime Assembly:Mono.Android.dll Parameters jclass IntPtr name String sig String Returns IntPtr Remarks Portions of this page are modifications based on work created and shared by the Android Open Source Project and used according to terms described in.",0,2026-09-18,2026-10-01T20:21:28.966490
MICROSOFTQA_REMINING,Microsoft Q&A,JNIEnv,"JNIEnv.GetStaticShortField(IntPtr, IntPtr) Method (Android.Runtime)",https://learn.microsoft.com/en-us/dotnet/api/android.runtime.jnienv.getstaticshortfield,"JNIEnv.GetStaticShortField(IntPtr, IntPtr) Method Definition Namespace: Android.Runtime Assembly:Mono.Android.dll Parameters jclass IntPtr jfieldID IntPtr Returns Int16 Remarks Portions of this page are modifications based on work created and shared by the Android Open Source Project and used according to terms described in the Creative Commons.",0,2026-09-18,2026-10-01T20:21:28.966494
MICROSOFTQA_REMINING,Microsoft Q&A,JNIEnv,JNIEnv.Throw(IntPtr) Method (Android.Runtime),https://learn.microsoft.com/en-us/dotnet/api/android.runtime.jnienv.throw,JNIEnv.Throw(IntPtr) Method Definition Namespace: Android.Runtime Assembly:Mono.Android.dll Parameters obj IntPtr Remarks Portions of this page are modifications based on work created and shared by the Android Open Source Project and used according to terms described in the Creative Commons 2.5 Attribution License. Applies to. Learn more about the.,0,2026-09-18,2026-10-01T20:21:28.966498
MICROSOFTQA_REMINING,Microsoft Q&A,JNIEnv,"JNIEnv.GetStaticFloatField(IntPtr, IntPtr) Method (Android.Runtime)",https://learn.microsoft.com/en-us/dotnet/api/android.runtime.jnienv.getstaticfloatfield,"JNIEnv.GetStaticFloatField(IntPtr, IntPtr) Method Definition Namespace: Android.Runtime Assembly:Mono.Android.dll Parameters jclass IntPtr jfieldID IntPtr Returns Single Remarks Portions of this page are modifications based on work created and shared by the Android Open Source Project and used according to terms described in the Creative Commons.",0,2026-09-18,2026-10-01T20:21:28.966502
MICROSOFTQA_REMINING,Microsoft Q&A,JNIEnv,"JNIEnv.GetStaticBooleanField(IntPtr, IntPtr) Method (Android.Runtime)",https://learn.microsoft.com/en-us/dotnet/api/android.runtime.jnienv.getstaticbooleanfield,"JNIEnv.GetStaticBooleanField(IntPtr, IntPtr) Method Definition Namespace: Android.Runtime Assembly:Mono.Android.dll Parameters jclass IntPtr jfieldID IntPtr Returns Boolean Remarks Portions of this page are modifications based on work created and shared by the Android Open Source Project and used according to terms described in the Creative.",0,2026-09-18,2026-10-01T20:21:28.966505
MICROSOFTQA_REMINING,Microsoft Q&A,JNIEnv,"JNIEnv.SetArrayItem<T>(IntPtr, Int32, T) Method (Android.Runtime)",https://learn.microsoft.com/en-us/dotnet/api/android.runtime.jnienv.setarrayitem,"JNIEnv.SetArrayItem(IntPtr, Int32, T) Method Definition Namespace: Android.Runtime Assembly:Mono.Android.dll Type Parameters T Parameters array_ptr IntPtr index Int32 value T Remarks Portions of this page are modifications based on work created and shared by the Android Open Source Project and used according to terms described in the Creative.",0,2026-09-18,2026-10-01T20:21:28.966509
MICROSOFTQA_REMINING,Microsoft Q&A,JNIEnv,JNIEnv.GetJniName(Type) Method (Android.Runtime),https://learn.microsoft.com/en-us/dotnet/api/android.runtime.jnienv.getjniname,JNIEnv.GetJniName(Type) Method Definition Namespace: Android.Runtime Assembly:Mono.Android.dll Parameters type Type Returns String Remarks Portions of this page are modifications based on work created and shared by the Android Open Source Project and used according to terms described in the Creative Commons 2.5 Attribution License. Applies to..,0,2026-09-18,2026-10-01T20:21:28.966513
MICROSOFTQA_REMINING,Microsoft Q&A,JNIEnv,"JNIEnv.GetStaticCharField(IntPtr, IntPtr) Method (Android.Runtime)",https://learn.microsoft.com/en-us/dotnet/api/android.runtime.jnienv.getstaticcharfield,"JNIEnv.GetStaticCharField(IntPtr, IntPtr) Method Definition Namespace: Android.Runtime Assembly:Mono.Android.dll Parameters jclass IntPtr jfieldID IntPtr Returns Char Remarks Portions of this page are modifications based on work created and shared by the Android Open Source Project and used according to terms described in the Creative Commons 2.5.",0,2026-09-18,2026-10-01T20:21:28.966517
MICROSOFTQA_REMINING,Microsoft Q&A,JNIEnv,"JNIEnv.GetStaticDoubleField(IntPtr, IntPtr) Method (Android.Runtime)",https://learn.microsoft.com/en-us/dotnet/api/android.runtime.jnienv.getstaticdoublefield,"JNIEnv.GetStaticDoubleField(IntPtr, IntPtr) Method Definition Namespace: Android.Runtime Assembly:Mono.Android.dll Parameters jclass IntPtr jfieldID IntPtr Returns Double Remarks Portions of this page are modifications based on work created and shared by the Android Open Source Project and used according to terms described in the Creative Commons.",0,2026-09-18,2026-10-01T20:21:28.966521
MICROSOFTQA_REMINING,Microsoft Q&A,JNIEnv,JNIEnv.ToObjectArray<T>(T[]) Method (Android.Runtime),https://learn.microsoft.com/en-us/dotnet/api/android.runtime.jnienv.toobjectarray,JNIEnv.ToObjectArray(T[]) Method Definition Namespace: Android.Runtime Assembly:Mono.Android.dll Type Parameters T Parameters array T[] Returns Object[] Remarks Portions of this page are modifications based on work created and shared by the Android Open Source Project and used according to terms described in the Creative Commons 2.5 Attribution.,0,2026-09-18,2026-10-01T20:21:28.966866
MICROSOFTQA_REMINING,Microsoft Q&A,JNIEnv,JNIEnv.PushLocalFrame(Int32) Method (Android.Runtime),https://learn.microsoft.com/en-us/dotnet/api/android.runtime.jnienv.pushlocalframe,JNIEnv.PushLocalFrame(Int32) Method Definition Namespace: Android.Runtime Assembly:Mono.Android.dll Parameters capacity Int32 Remarks Portions of this page are modifications based on work created and shared by the Android Open Source Project and used according to terms described in the Creative Commons 2.5 Attribution License. Applies to. Learn.,0,2026-09-18,2026-10-01T20:21:28.966872
MICROSOFTQA_REMINING,Microsoft Q&A,JNIEnv,JNIEnv.Handle Property (Android.Runtime),https://learn.microsoft.com/en-us/dotnet/api/android.runtime.jnienv.handle,JNIEnv.Handle Property Definition Namespace: Android.Runtime Assembly:Mono.Android.dll Property Value IntPtr Remarks Portions of this page are modifications based on work created and shared by the Android Open Source Project and used according to terms described in the Creative Commons 2.5 Attribution License. Applies to. Learn more about the.,0,2026-09-18,2026-10-01T20:21:28.966876
MICROSOFTQA_REMINING,Microsoft Q&A,JNIEnv,JNIEnv.NewLocalRef(IntPtr) Method (Android.Runtime),https://learn.microsoft.com/en-us/dotnet/api/android.runtime.jnienv.newlocalref,JNIEnv.NewLocalRef(IntPtr) Method Definition Namespace: Android.Runtime Assembly:Mono.Android.dll Parameters jobject IntPtr Returns IntPtr Remarks Portions of this page are modifications based on work created and shared by the Android Open Source Project and used according to terms described in the Creative Commons 2.5 Attribution License. Applies.,0,2026-09-18,2026-10-01T20:21:28.966880
MICROSOFTQA_REMINING,Microsoft Q&A,JNIEnv,JNIEnv.GetObjectClass(IntPtr) Method (Android.Runtime),https://learn.microsoft.com/en-us/dotnet/api/android.runtime.jnienv.getobjectclass,JNIEnv.GetObjectClass(IntPtr) Method Definition Namespace: Android.Runtime Assembly:Mono.Android.dll Parameters jobject IntPtr Returns IntPtr Remarks Portions of this page are modifications based on work created and shared by the Android Open Source Project and used according to terms described in the Creative Commons 2.5 Attribution License..,0,2026-09-18,2026-10-01T20:21:28.966884
MICROSOFTQA_REMINING,Microsoft Q&A,System.loadLibrary,LoadLibraryA function (libloaderapi.h) - Win32 apps,https://learn.microsoft.com/en-us/windows/win32/api/libloaderapi/nf-libloaderapi-loadlibrarya,"LoadLibraryA function (libloaderapi.h) Summarize this article for me In this article Loads the specified  module into the address space of the calling process. The specified module may cause other modules to be loaded. For additional load options, use the LoadLibraryEx function. Syntax Parameters [in] lpLibFileName The name of the module. This can.",0,2025-07-01,2026-10-01T20:21:31.482257
MICROSOFTQA_REMINING,Microsoft Q&A,System.loadLibrary,GetProcAddress function (libloaderapi.h) - Win32 apps,https://learn.microsoft.com/en-us/windows/win32/api/libloaderapi/nf-libloaderapi-getprocaddress,"GetProcAddress function (libloaderapi.h) Summarize this article for me In this article Retrieves the address of an exported function (also known as a procedure) or variable from the specified dynamic-link library (DLL). The LoadLibrary, LoadLibraryEx, LoadPackagedLibrary, or GetModuleHandle function returns this handle. Requirements Requirement.",0,2025-07-01,2026-10-01T20:21:31.482295
MICROSOFTQA_REMINING,Microsoft Q&A,System.loadLibrary,DllMain entry point (Process.h) - Win32 apps,https://learn.microsoft.com/en-us/windows/win32/dlls/dllmain,"DllMain entry point Summarize this article for me In this article An optional entry point into a dynamic-link library (DLL). When the system starts or terminates a process or thread, it calls the entry-point function for each loaded DLL using the first thread of the process. The system also calls the entry-point function for a DLL when it is.",0,2026-07-15,2026-10-01T20:21:31.482304
MICROSOFTQA_REMINING,Microsoft Q&A,System.loadLibrary,Dynamic-link library redirection - Win32 apps,https://learn.microsoft.com/en-us/windows/win32/dlls/dynamic-link-library-redirection,"Dynamic-link library redirection Summarize this article for me In this article The DLL loader is the part of the operating system (OS) that resolves references to DLLs, loads them, and links them. Dynamic-link library (DLL) redirection is one of the techniques by which you can influence the behavior of the DLL loader, and control which one of.",0,2025-04-15,2026-10-01T20:21:31.482312
MICROSOFTQA_REMINING,Microsoft Q&A,System.loadLibrary,JavaSystem.LoadLibrary(String) Method (Java.Lang),https://learn.microsoft.com/en-us/dotnet/api/java.lang.javasystem.loadlibrary,"JavaSystem.LoadLibrary(String) Method Definition Namespace: Java.Lang Assembly:Mono.Android.dll Loads the native library specified by the libname argument. See the JNI Specification for more details.Otherwise, the libname argument is loaded from a system library location and mapped to a native library image in an implementation- dependent.",0,2026-09-17,2026-10-01T20:21:31.482320
MICROSOFTQA_REMINING,Microsoft Q&A,System.loadLibrary,Operating System Version - Win32 apps,https://learn.microsoft.com/en-us/windows/win32/sysinfo/operating-system-version,Operating System Version Summarize this article for me In this article The Version API Helper functions are used to determine the version of the operating system that is currently running. Operating system Version number Windows 11 10.0* Windows 10 10.0* Windows Server 2022 10.0* Windows Server 2019 10.0* Windows Server 2016 10.0* Windows 8.1 6.3*.,0,2025-03-11,2026-10-01T20:21:31.482328
MICROSOFTQA_REMINING,Microsoft Q&A,System.loadLibrary,LoadLibraryW function (libloaderapi.h) - Win32 apps,https://learn.microsoft.com/en-us/windows/win32/api/libloaderapi/nf-libloaderapi-loadlibraryw,"LoadLibraryW function (libloaderapi.h) Summarize this article for me In this article Loads the specified  module into the address space of the calling process. The specified module may cause other modules to be loaded. For additional load options, use the LoadLibraryEx function. Syntax Parameters [in] lpLibFileName The name of the module. This can.",0,2025-07-01,2026-10-01T20:21:31.482336
MICROSOFTQA_REMINING,Microsoft Q&A,System.loadLibrary,LoadLibrary and AfxLoadLibrary,https://learn.microsoft.com/en-us/cpp/build/loadlibrary-and-afxloadlibrary,"LoadLibrary and AfxLoadLibrary Summarize this article for me In this article Processes call LoadLibrary or LoadLibraryEx to explicitly link to a DLL. (MFC apps use AfxLoadLibrary or AfxLoadLibraryEx.). If the function succeeds, it maps the specified DLL into the address space of the calling process, and returns a handle to the DLL. The handle is.",0,2021-08-03,2026-10-01T20:21:31.482344
MICROSOFTQA_REMINING,Microsoft Q&A,System.loadLibrary,Dynamic-Link Library Security - Win32 apps,https://learn.microsoft.com/en-us/windows/win32/dlls/dynamic-link-library-security,"Dynamic-Link Library Security Summarize this article for me In this article When an application dynamically loads a dynamic-link library without specifying a fully qualified path name, Windows attempts to locate the DLL by searching a well-defined set of directories in a particular order, as described in Dynamic-Link Library Search Order. The.",0,2025-04-15,2026-10-01T20:21:31.482351
MICROSOFTQA_REMINING,Microsoft Q&A,System.loadLibrary,_LoadLibrary function - Win32 apps,https://learn.microsoft.com/en-us/windows/win32/devnotes/-loadlibrary,_LoadLibrary function Summarize this article for me In this article [This function is a wrapper over the LoadLibrary function. This function may be altered or unavailable in the future. Applications should call LoadLibrary directly.]. Syntax Parameters. Requirements Requirement Value DLL Msmdun80.dll;  Sqlunirl.dll See also LoadLibrary Feedback.,0,2021-03-22,2026-10-01T20:21:31.482359
MICROSOFTQA_REMINING,Microsoft Q&A,System.loadLibrary,Using Hooks - Win32 apps,https://learn.microsoft.com/en-us/windows/win32/winmsg/using-hooks,"Using Hooks Summarize this article for me In this article The following code examples demonstrate how to perform the following tasks associated with hooks: Installing and Releasing Hook Procedures Monitoring System Eve... To retrieve a handle to the DLL module, call the LoadLibrary function with the name of the DLL. This is because global hook.",0,2025-07-16,2026-10-01T20:21:31.482367
MICROSOFTQA_REMINING,Microsoft Q&A,System.loadLibrary,Using Resources - Win32 apps,https://learn.microsoft.com/en-us/windows/win32/menurc/using-resources,"Using Resources Summarize this article for me In this article This section contains code snippets for the following tasks: Updating Resources Creating a Resource List Updating Resources The following example copies a dialog box resource from one executable file, Hand.exe, to another, Foot.exe, by following these steps: Use the LoadLibrary function.",0,2026-07-08,2026-10-01T20:21:31.482375
MICROSOFTQA_REMINING,Microsoft Q&A,System.loadLibrary,Runtime.LoadLibrary(String) Method (Java.Lang),https://learn.microsoft.com/en-us/dotnet/api/java.lang.runtime.loadlibrary,Runtime.LoadLibrary(String) Method Definition Namespace: Java.Lang Assembly:Mono.Android.dll Loads the native library specified by the libname argument. Parameters libname String the name of the library. This may result in a security exception.The method System#loadLibrary(String) is the conventional and convenient means of invoking this method..,0,2026-09-17,2026-10-01T20:21:31.482383
MICROSOFTQA_REMINING,Microsoft Q&A,System.loadLibrary,FreeLibrary function (libloaderapi.h) - Win32 apps,https://learn.microsoft.com/en-us/windows/win32/api/libloaderapi/nf-libloaderapi-freelibrary,"FreeLibrary function (libloaderapi.h) Summarize this article for me In this article Frees the loaded dynamic-link library (DLL) module and, if necessary, decrements its reference count. Requirements Requirement Value Minimum supported client Windows XP [desktop apps | UWP apps] Minimum supported server Windows Server 2003 [desktop apps | UWP apps].",0,2025-07-01,2026-10-01T20:21:31.482391
MICROSOFTQA_REMINING,Microsoft Q&A,System.loadLibrary,Loading a Win32 PE Resource Module - Win32 apps,https://learn.microsoft.com/en-us/windows/win32/intl/loading-a-win32-pe-resource-module,"Loading a Win32 PE Resource Module Summarize this article for me In this article This topic describes how the application loads a Win32 PE resource module on either Windows Vista and later or on an earlier operating system. Load the Resource Module on Windows Vista and Later On Windows Vista and later, the application loads the resource module.",0,2025-03-11,2026-10-01T20:21:31.482399
MICROSOFTQA_REMINING,Microsoft Q&A,System.loadLibrary,Searching for Assembly Files - Win32 apps,https://learn.microsoft.com/en-us/windows/win32/sbscs/searching-for-assembly-files,"Searching for Assembly Files Summarize this article for me In this article ... This means that when you create manifests you need to list all files you plan to use with SearchPath, LoadLibrary, or static imports. If a DLL is loaded in this manner using LoadLibrary, that DLL's entry point (DllMain) is called while the original activation context is.",0,2025-03-11,2026-10-01T20:21:31.482407
MICROSOFTQA_REMINING,Microsoft Q&A,System.loadLibrary,Decorated Symbol Names - Win32 apps,https://learn.microsoft.com/en-us/windows/win32/debug/decorated-symbol-names,"Decorated Symbol Names Summarize this article for me In this article A decorated symbol name includes characters that distinguish how a public symbol has been declared. For example, the decorated name of the LoadLibrary function is LoadLibrary@4. For C++ functions the name decoration is more complex and varies from compiler to compiler..",0,2025-07-16,2026-10-01T20:21:31.482414
MICROSOFTQA_REMINING,Microsoft Q&A,System.loadLibrary,"VS2008 C++ LoadLibrary “Microsoft Visual C++ Runtime Library"" This application has requested the runtime to terminate it in an unusual way. "" - Microsoft Q&A",https://learn.microsoft.com/en-us/answers/questions/2553901/vs2008-c-loadlibrary-microsoft-visual-c-runtime-li,I have a visual studio 2008 Ansii C program that load an external .dll from a 3rd party supplier using the LoadLibrary() function. The terminate with the FreeLibrary() works fine and returns  a &quot;0x01&quot; good signal but then a following call to the LoadLibrary command results in a system error pop-up of: “Microsoft Visual C++ Runtime.,0,2025-07-07,2026-10-01T20:21:31.482422
MICROSOFTQA_REMINING,Microsoft Q&A,System.loadLibrary,Security Considerations Text Services Framework - Win32 apps,https://learn.microsoft.com/en-us/windows/win32/tsf/tsf-security-information,"Security Considerations: Text Services Framework Summarize this article for me In this article Best Practices for Developing with TSF Digital Signatures: Text service providers should provide digital signatures with their binary executables. LoadLibrary Calls: To obtain a pointer to any of the TSF functions, you will need to use LoadLibrary and.",0,2025-03-11,2026-10-01T20:21:31.482430
MICROSOFTQA_REMINING,Microsoft Q&A,System.loadLibrary,Looking Up Text for Error Code Numbers - Win32 apps,https://learn.microsoft.com/en-us/windows/win32/netmgmt/looking-up-text-for-error-code-numbers,"Looking Up Text for Error Code Numbers Summarize this article for me In this article It is sometimes necessary to display error text associated with error codes returned from networking-related functions. The error text for these messages is found in the message table file named Netmsg.dll, which is found in %systemroot%\system32. The LoadLibrary.",0,2025-03-11,2026-10-01T20:21:31.482438
MICROSOFTQA_REMINING,Microsoft Q&A,System.loadLibrary,LoadLibrary function returns STATUS_DLL_NOT_FOUND error on impersonate thread in Windows - Windows Client,https://learn.microsoft.com/en-us/troubleshoot/windows-client/setup-upgrade-and-drivers/loadlibrary-function-returns-status-dll-not-found-error-impersonate-thread,"Applies to:   Windows Server 2019, Windows Server 2016, Windows 10 - all editions Original KB number:   4015510 Symptoms In Windows 10 and Windows Server version 1709 or later versions, if you do not grant dynamic-link library (DLL) access to the process token itself when you use the LoadLibrary function to load the DLL, you receive a.",0,2026-09-21,2026-10-01T20:21:31.482446
MICROSOFTQA_REMINING,Microsoft Q&A,System.loadLibrary,TelIsOsInProcessorMode function - Win32 apps,https://learn.microsoft.com/en-us/windows/win32/devnotes/tellsisosinprocessormode,TelIsOsInProcessorMode function Summarize this article for me In this article Verifies whether the operating system is in processor mode or controller mode. Remarks This function has no associated import library or header file; you must call it using the LoadLibrary and GetProcAddress functions. The API is exported from DiagnosticDatasettings.dll..,0,2023-06-12,2026-10-01T20:21:31.482453
MICROSOFTQA_REMINING,Microsoft Q&A,System.loadLibrary,Run-Time linking to Wtsapi32.dll - Win32 apps,https://learn.microsoft.com/en-us/windows/win32/termserv/run-time-linking-to-wtsapi32-dll,"Run-Time linking to Wtsapi32.dll Summarize this article for me In this article If your application runs in an environment that is not a Remote Desktop Services enviro... To do this, your application should call the LoadLibrary function to load Wtsapi32.dll. If the LoadLibrary call fails, your application can run using its basic functionality. If.",0,2025-03-13,2026-10-01T20:21:31.482461
MICROSOFTQA_REMINING,Microsoft Q&A,System.loadLibrary,Calling Internal APIs - Win32 apps,https://learn.microsoft.com/en-us/windows/win32/devnotes/calling-internal-apis,"Calling Internal APIs Summarize this article for me In this article The Winternl.h header file exposes prototypes of internal Windows APIs. The functions and structures in Winternl.h are internal to the operating system and subject to change from one release of Windows to the next, and possibly even between service packs for each release. Further.",0,2025-03-13,2026-10-01T20:21:31.482469
MICROSOFTQA_REMINING,Microsoft Q&A,System.loadLibrary,IcfgNeedInetComponents function - Win32 apps,https://learn.microsoft.com/en-us/windows/win32/devnotes/icfgneedinetcomponents,IcfgNeedInetComponents function Summarize this article for me In this article Determines whether components marked in the options are installed on the system. Syntax Parameters dwfOptions A combination of the following flags that speci... Remarks This function has no associated import library or header file; you must call it using the LoadLibrary.,0,2021-03-22,2026-10-01T20:21:31.482477
MICROSOFTQA_REMINING,Microsoft Q&A,System.loadLibrary,SaveSystemAcctInputSettings function - Win32 apps,https://learn.microsoft.com/en-us/windows/win32/tsf/savesystemacctinputsettings,"SaveSystemAcctInputSettings function Summarize this article for me In this article Applies the user keyboard layout and text service setting to the system accounts hive. Examples There is no import library available that defines this function, so it is necessary to obtain a pointer to this function using LoadLibrary and GetProcAddress. Note Using.",0,2020-12-11,2026-10-01T20:21:31.482485
MICROSOFTQA_REMINING,Microsoft Q&A,System.loadLibrary,pSetupInstallCatalog function - Win32 apps,https://learn.microsoft.com/en-us/windows/win32/devnotes/psetupinstallcatalog,"pSetupInstallCatalog function Summarize this article for me In this article [This function is no longer supported by Microsoft. Return value If the function succeeds, it returns NO_ERROR; otherwise, it returns a Win32 error code that indicates the cause of the failure. Remarks The file is copied by the system into a special directory and is.",0,2021-03-22,2026-10-01T20:21:31.482493
MICROSOFTQA_REMINING,Microsoft Q&A,System.loadLibrary,pSetupVerifyCatalogFile function - Win32 apps,https://learn.microsoft.com/en-us/windows/win32/devnotes/psetupverifycatalogfile,"pSetupVerifyCatalogFile function Summarize this article for me In this article [This function is no longer supported by Microsoft. Return value If the function succeeds, it returns ERROR_SUCCESS; otherwise, ... Remarks This function has no associated import library or header file; you must call it using the LoadLibrary and GetProcAddress.",0,2021-03-22,2026-10-01T20:21:31.482502
MICROSOFTQA_REMINING,Microsoft Q&A,System.loadLibrary,CryptCATCatalogInfoFromContext function (mscat.h) - Win32 apps,https://learn.microsoft.com/en-us/windows/win32/api/mscat/nf-mscat-cryptcatcataloginfofromcontext,CryptCATCatalogInfoFromContext function (mscat.h) Summarize this article for me In this article [The CryptCATCatalogInfoFromContext function is available for use in the operating systems specified in the Requirements section. The CryptCATCatalogInfoFromContext function retrieves catalog information from a specified catalog context. This function.,0,2024-02-22,2026-10-01T20:21:31.482510
MICROSOFTQA_REMINING,Microsoft Q&A,System.loadLibrary,ICLRRuntimeInfo::LoadLibrary Method - .NET Framework,https://learn.microsoft.com/en-us/dotnet/framework/unmanaged-api/hosting/iclrruntimeinfo-loadlibrary-method,ICLRRuntimeInfo::LoadLibrary Method Summarize this article for me In this article Loads a .NET Framework library from the common language runtime (CLR) represented by an ICLRRuntimeInfo interface. Syntax Parameters pwzDllName [in] The name of the assembly to be loaded. phndModule [out] A handle to the loaded assembly. Return Value This method.,0,2021-09-15,2026-10-01T20:21:31.482517
MICROSOFTQA_REMINING,Microsoft Q&A,JNI native memory,.NET documentation - .NET,https://learn.microsoft.com/en-us/dotnet/,".NET documentation Learn to use .NET to create applications on any platform using C#, F#, and Visual Basic. Download Download .NET What's new What's new in .NET Overview Build AI apps in .NET Get started Interactive introduction to C# Overview Azure for .NET developers Architecture .NET architecture docs .NET: Free. NET fundamentals .NET.",0,2026-04-30,2026-10-01T20:21:35.289523
MICROSOFTQA_REMINING,Microsoft Q&A,JNI native memory,Editions and Supported Features of SQL Server 2025 - SQL Server,https://learn.microsoft.com/en-us/sql/sql-server/editions-and-components-of-sql-server-2025,Programmability Feature Enterprise Standard Express Native JSON data type Yes Yes Yes JSON indexing Yes Yes Yes Native XML support Yes Yes Yes XML indexing Yes Yes Yes XML compression Yes Yes Yes MERGE and upsert capabilities Yes Yes Yes UTF-8 and UTF-16 support Yes Yes Yes Graph tables Yes Yes Yes Temporal tables Yes Yes Yes Time series support.,0,2026-07-20,2026-10-01T20:21:35.289551
MICROSOFTQA_REMINING,Microsoft Q&A,JNI native memory,Cloud Adoption Framework for Microsoft - Cloud Adoption Framework,https://learn.microsoft.com/en-us/azure/cloud-adoption-framework/,Cloud Adoption Framework for Microsoft Proven guidance to help decision makers ensure their organization is successful in Azure. Overview What is the Cloud Adoption Framework. What's new What's new Azure adoption Roadmap to help decision makers adopt Azure successfully. Strategy Define business justification and Azur... Modernize Improve your.,0,2026-09-04,2026-10-01T20:21:35.289557
MICROSOFTQA_REMINING,Microsoft Q&A,JNI native memory,Azure Functions Scale and Hosting,https://learn.microsoft.com/en-us/azure/azure-functions/functions-scale,"Overview of plans The following table summarizes the benefits of the various options for Azure Functions hosting. Option Benefits Flex Consumption plan Experience fast horizontal scaling, with flexible compute options, virtual network integration, and serverless pay-as-you-go billing.In the Flex Consumption plan, function instances dynamically.",0,2026-09-18,2026-10-01T20:21:35.289562
MICROSOFTQA_REMINING,Microsoft Q&A,JNI native memory,Introduction to .NET - .NET,https://learn.microsoft.com/en-us/dotnet/core/introduction,"Introduction to .NET Summarize this article for me In this article .NET is a free, cross-platform, open-source developer platform for building many kinds of applications. It can run programs written in multiple languages, with C# being the most popular. It relies on a high-performance runtime used in production by many high-scale apps. To learn.",0,2026-03-13,2026-10-01T20:21:35.289567
MICROSOFTQA_REMINING,Microsoft Q&A,JNI native memory,.NET Multi-platform App UI documentation - .NET MAUI,https://learn.microsoft.com/en-us/dotnet/maui/,".NET Multi-platform App UI documentation .NET Multi-platform App UI (.NET MAUI) lets you build native apps using a .NET cross-platform UI toolkit that targets the mobile and desktop form factors on Android, iOS, macOS, Windows, and Tizen. Overview What is .NET MAUI. Overview Supported platforms Download Installation Tutorial Build your first app.",0,2025-11-18,2026-10-01T20:21:35.289571
MICROSOFTQA_REMINING,Microsoft Q&A,JNI native memory,Azure Native Integrations - Azure Native Integrations,https://learn.microsoft.com/en-us/azure/partner-solutions/,"Azure Native Integrations Azure Native Integrations enables you to easily provision, manage, and tightly integrate independent software vendor (ISV) software and services on Azure. Azure Native Integrations is developed and managed by Microsoft and the ISV. Azure Native Integrations enables you to easily provision, manage, and tightly integrate.",0,2026-09-08,2026-10-01T20:21:35.289576
MICROSOFTQA_REMINING,Microsoft Q&A,JNI native memory,.NET application architecture documentation - .NET,https://learn.microsoft.com/en-us/dotnet/architecture/,Architecture .NET Microservices: Architecture for containerized .NET apps Architecture Blazor for ASP.NET Web Forms developers Architecture Architecting cloud-native .NET apps for Azure Architecture Architect modern web apps with ASP.NET Core and Azure Architecture Enterprise Application Patterns Using .NET MAUI Migrate .NET apps to Azure Migrate.,0,2024-01-11,2026-10-01T20:21:35.289581
MICROSOFTQA_REMINING,Microsoft Q&A,JNI native memory,Developing in Agentic AI Systems Part 2 of 2 - Training,https://learn.microsoft.com/en-us/training/paths/github-agentic-systems-part-two/github-agentic-systems-part-two,"...ls Develop secure and compliant agent governance using GitHub-native controls, human-in-the-loop approvals, and least-privilege access Prerequisites A GitHub account Basic understanding of AI fundamentals Basic understanding of repositories, branches, and pull requests General knowledge of CI and CD concepts Add Modules in this learning path.",0,2026-07-30,2026-10-01T20:21:35.289586
MICROSOFTQA_REMINING,Microsoft Q&A,JNI native memory,Step 4: Memory & Persistence,https://learn.microsoft.com/en-us/agent-framework/get-started/memory,"Step 4: Memory & Persistence Summarize this article for me In this article Add context to your agent so it can remember user preferences, past interactions, or external knowledge. By default, agents will store chat history in an InMemoryChatHistoryProvider or in the underlying AI service, depending on what the underlying service requires. The.",0,2026-08-25,2026-10-01T20:21:35.289590
MICROSOFTQA_REMINING,Microsoft Q&A,JNI native memory,Enable memory integrity,https://learn.microsoft.com/en-us/windows/security/hardware-security/enable-virtualization-based-protection-of-code-integrity,Enable virtualization-based protection of code integrity Summarize this article for me In this article Warning Some applications and hardware device drivers may be incompatible with memory integrity. This incompatibility can cause devices or software to malfunction and in rare cases may result in a boot failure (blue screen). Memory integrity is a.,0,2026-08-20,2026-10-01T20:21:35.289595
MICROSOFTQA_REMINING,Microsoft Q&A,JNI native memory,Native AOT deployment overview - .NET,https://learn.microsoft.com/en-us/dotnet/core/deploying/native-aot/,Native AOT deployment Summarize this article for me In this article Publishing your app as Native AOT produces an app that's self-contained and that has been ahead-of-time (AOT) compiled to native code. Native AOT apps have faster startup time and smaller memory footprints. These apps can run on machines that don't have the .NET runtime installed..,0,2026-07-27,2026-10-01T20:21:35.289600
MICROSOFTQA_REMINING,Microsoft Q&A,JNI native memory,Fundamentals of garbage collection - .NET,https://learn.microsoft.com/en-us/dotnet/standard/garbage-collection/fundamentals,"Fundamentals of garbage collection Summarize this article for me In this article In the common language runtime (CLR), the garbage collector (GC) serves as an automatic memory manager. The garbage collector manages the allocation and release of memory for an application. Therefore, developers working with managed code don't have to write code to.",0,2026-03-30,2026-10-01T20:21:35.289605
MICROSOFTQA_REMINING,Microsoft Q&A,JNI native memory,Read small memory dump files - Windows Client,https://learn.microsoft.com/en-us/troubleshoot/windows-client/performance/read-small-memory-dump-file,How to read the small memory dump file that is created by Windows if a crash occurs Summarize this article for me In this article This article describes how to examine a small memory dump file. A small memory dump file can help you determine why your computer failed. Applies to   All supported versions of Windows Client and Windows Server Original.,0,2026-02-19,2026-10-01T20:21:35.289610
MICROSOFTQA_REMINING,Microsoft Q&A,JNI native memory,Out of memory (Error 7),https://learn.microsoft.com/en-us/office/vba/language/reference/user-interface-help/out-of-memory-error-7,"Out of memory (Error 7) Summarize this article for me In this article More memory was required than is available, or a 64K segment boundary was encountered. This error has the following causes and solutions: You have too many applications, documents, or source files open. Close any unnecessary applications, documents, or source files that are.",0,2024-02-01,2026-10-01T20:21:35.289615
MICROSOFTQA_REMINING,Microsoft Q&A,JNI native memory,What is Memory? - Microsoft Foundry,https://learn.microsoft.com/en-us/azure/foundry/agents/concepts/what-is-memory,"Memory in Microsoft Foundry Agent Service (preview) Summarize this article for me In this article Important Memory (preview) in Foundry Agent Service and the Memory Store API (preview) are licensed to you as part of your Azure subscription and are subject to terms applicable to ""Previews"" in the Microsoft Product Terms, the Microsoft Products and.",0,2026-06-04,2026-10-01T20:21:35.289620
MICROSOFTQA_REMINING,Microsoft Q&A,JNI native memory,Cache in-memory in ASP.NET Core,https://learn.microsoft.com/en-us/aspnet/core/performance/caching/memory,Use System.Runtime.Caching/MemoryCache System.Runtime.Caching/MemoryCache (NuGet package) can be used with: .NET Standard 2.0 or later Any .NET implementation that targets .NET Standard 2.0 or later (such as ASP.NET Core 3.1 or later) .NET Framework 4.5 or later Microsoft.Extensions.Caching.Memory/IMemoryCache (described in this article) is.,0,2026-08-26,2026-10-01T20:21:35.289625
MICROSOFTQA_REMINING,Microsoft Q&A,JNI native memory,VMMap - Sysinternals,https://learn.microsoft.com/en-us/sysinternals/downloads/vmmap,"VMMap v3.4 Summarize this article for me In this article By Mark Russinovich Published: October 18, 2023 Download VMMap  (7.6 MB) Run now from Sysinternals Live. Introduction VMMap is a process virtual and physical memory analysis utility. Windows Sysinternals Administrator's Reference The official guide to the Sysinternals utilities by Mark.",0,2023-10-18,2026-10-01T20:21:35.289629
MICROSOFTQA_REMINING,Microsoft Q&A,JNI native memory,MemoryFile Constructor (Android.OS),https://learn.microsoft.com/en-us/dotnet/api/android.os.memoryfile.-ctor,Parameters javaReference IntPtr A IntPtrcontaining a Java Native Interface (JNI) object reference. transfer JniHandleOwnership A JniHandleOwnershipindicating how to handle javaReference Remarks Portions of this page are modifications based on work created and shared by the Android Open Source Project and used according to terms described in.,0,2026-08-19,2026-10-01T20:21:35.289634
MICROSOFTQA_REMINING,Microsoft Q&A,JNI native memory,Native interoperability - .NET,https://learn.microsoft.com/en-us/dotnet/standard/native-interop/,"Native interoperability Summarize this article for me In this article The following articles show the various ways of doing ""native interoperability"" in .NET. There are a few reasons why you'd want to call into native code: Operating systems come with a large volume of APIs that a... Communicating with other components that have or can produce.",0,2026-07-12,2026-10-01T20:21:35.289639
MICROSOFTQA_REMINING,Microsoft Q&A,JNI native memory,Debug.MemoryInfo Class (Android.OS),https://learn.microsoft.com/en-us/dotnet/api/android.os.debug.memoryinfo,Debug.MemoryInfo Class Definition Namespace: Android.OS Assembly:Mono.Android.dll This class is used to retrieve... All results are in kB.Java documentation for android.os.Debug.MemoryInfo.Portions of this page are modifications based on work created and shared by the Android Open Source Project and used according to terms described in the.,0,2026-09-17,2026-10-01T20:21:35.289644
MICROSOFTQA_REMINING,Microsoft Q&A,JNI native memory,Integrate with web or native apps using Microsoft 365 Agents SDK - Microsoft Copilot Studio,https://learn.microsoft.com/en-us/microsoft-copilot-studio/publication-integrate-web-or-native-app-m365-agents-sdk,"Integrate with web or native apps by using Microsoft 365 Agents SDK Summarize this article for me In this article Note This article describes features used in agents or agent flows powered by the standard harness. Important This content is intended for experienced IT professionals, such as IT admins or developers, who are familiar with developer.",0,2026-09-12,2026-10-01T20:21:35.289649
MICROSOFTQA_REMINING,Microsoft Q&A,JNI native memory,IAndroidCallableWrapper.RegisterNatives(JniType) Method (Java.Interop),https://learn.microsoft.com/en-us/dotnet/api/java.interop.iandroidcallablewrapper.registernatives,IAndroidCallableWrapper.RegisterNatives(JniType) Method Definition Namespace: Java.Interop Assembly:Mono.Android.dll Registers JNI native methods for this ACW type. Called when the Java class is first loaded and needs its native methods bound. Parameters nativeClass JniType The JNI type for the Java class. Ap... Registers JNI native methods for.,0,2026-09-17,2026-10-01T20:21:35.289653
MICROSOFTQA_REMINING,Microsoft Q&A,JNI native memory,SerializableEntity Constructor (Org.Apache.Http.Entity),https://learn.microsoft.com/en-us/dotnet/api/org.apache.http.entity.serializableentity.-ctor,Parameters ser ISerializable The object to serialize as entity content. bufferize Boolean true to serialize the object into an in-memory buffer during construction. Parameters javaReference IntPtr A IntPtrcontaining a Java Native Interface (JNI) object reference. transfer JniHandleOwnership A JniHandleOwnershipindicating how to handle.,0,2026-09-17,2026-10-01T20:21:35.289658
MICROSOFTQA_REMINING,Microsoft Q&A,JNI native memory,ASP.NET Core support for Native AOT,https://learn.microsoft.com/en-us/aspnet/core/fundamentals/native-aot,"ASP.NET Core support for Native AOT Summarize this article for me In this article By Mitch Denny Publishing and deploying Native ahead-of-time (AOT) applications in ASP.NET Core offers several benefits: Minimized disk footprint. Native AOT apps can require less memory, depending on the work done by the app. Reduced memory consumption can lead to.",0,2026-07-31,2026-10-01T20:21:35.289663
MICROSOFTQA_REMINING,Microsoft Q&A,JNI native memory,Manage Copilot personalization and memory,https://learn.microsoft.com/en-us/microsoft-365/copilot/copilot-personalization-memory,"Manage Copilot personalization and memory Summarize this article for me In this article Important Copilot personalization and memory are in preview and subject to change. For more information about the Frontier program, see What is Frontier?Copilot memory is available to Copilot Chat users with and without a Microsoft Copilot license. For more.",0,2026-09-03,2026-10-01T20:21:35.289668
MICROSOFTQA_REMINING,Microsoft Q&A,JNI native memory,Memory (preview) - Microsoft Copilot Studio (GitHub Copilot),https://learn.microsoft.com/en-us/microsoft-copilot-studio/agents-experience/memory-overview,Memory (preview) Summarize this article for me In this article [This article is prerelease documentation and is subject to change.]. Important This is a production-ready preview feature. Production-ready previews are subject to supplemental terms of use. Memory in Copilot Studio helps an agent remember details from its interactions and use that.,0,2026-08-03,2026-10-01T20:21:35.289673
MICROSOFTQA_REMINING,Microsoft Q&A,JNI native memory,SparseArray Constructor (Android.Util),https://learn.microsoft.com/en-us/dotnet/api/android.util.sparsearray.-ctor,"SparseArray(IntPtr, JniHandleOwnership) A constructor used when creating managed representations of JNI objects; cal... Parameters javaReference IntPtr A IntPtrcontaining a Java Native Interface (JNI) object reference. transfer JniHandleOwnership A JniHandleOwnershipindicating how to handle javaReference Remarks Portions of this page are.",0,2026-09-26,2026-10-01T20:21:35.289677
MICROSOFTQA_REMINING,Microsoft Q&A,JNI native memory,SparseBooleanArray Constructor (Android.Util),https://learn.microsoft.com/en-us/dotnet/api/android.util.sparsebooleanarray.-ctor,"SparseBooleanArray(IntPtr, JniHandleOwnership) A constructor used when creating managed representations of JNI objec... Parameters javaReference IntPtr A IntPtrcontaining a Java Native Interface (JNI) object reference. transfer JniHandleOwnership A JniHandleOwnershipindicating how to handle javaReference Remarks Portions of this page are.",0,2026-09-26,2026-10-01T20:21:35.289682
MICROSOFTQA_REMINING,Microsoft Q&A,JNI native memory,SparseLongArray Constructor (Android.Util),https://learn.microsoft.com/en-us/dotnet/api/android.util.sparselongarray.-ctor,"SparseLongArray(IntPtr, JniHandleOwnership) A constructor used when creating managed representations of JNI objects;... Parameters javaReference IntPtr A IntPtrcontaining a Java Native Interface (JNI) object reference. transfer JniHandleOwnership A JniHandleOwnershipindicating how to handle javaReference Remarks Portions of this page are.",0,2026-09-26,2026-10-01T20:21:35.289687
MICROSOFTQA_REMINING,Microsoft Q&A,JNI performance,Get Data in Power BI - Training,https://learn.microsoft.com/en-us/training/modules/get-data/,"Get data in Power BI Intermediate Data Analyst Power BI Microsoft Power Platform Connect to data sources including Excel, relational databases, and NoSQL stores in Power BI.  ...ve data import errors Add Prerequisites None Introduction min Get data from files min Get data from relational data sources min Create dynamic reports with parameters min.",0,2026-06-15,2026-10-01T20:21:38.868979
MICROSOFTQA_REMINING,Microsoft Q&A,JNI performance,About the list of tools - Microsoft Edge Developer documentation,https://learn.microsoft.com/en-us/microsoft-edge/devtools/about-tools,"About the list of tools Summarize this article for me In this article DevTools provides more than 30 tools, consisting of Default tools and More tools. Default tools By default, the following tools are listed in the Activity Bar at the top of DevTools: Inspect tool Device Emulation Welcome Elements Console Sources Network Performance Memory.",0,2026-09-02,2026-10-01T20:21:38.869006
MICROSOFTQA_REMINING,Microsoft Q&A,JNI performance,Protect Dev Drive using performance mode - Microsoft Defender for Endpoint,https://learn.microsoft.com/en-us/defender-endpoint/microsoft-defender-endpoint-antivirus-performance-mode,"For a customized experience based on your environment, you can access the Defender for Endpoint automated setup guide in the Microsoft 365 admin... What is performance mode. Performance mode is now available on Windows 11 as a new Microsoft Defender Antivirus capability. Performance mode reduces the performance impact of Microsoft Defender.",0,2026-09-16,2026-10-01T20:21:38.869011
MICROSOFTQA_REMINING,Microsoft Q&A,JNI performance,Design and Manage Semantic Models in Microsoft Fabric - Training,https://learn.microsoft.com/en-us/training/paths/design-manage-semantic-models-fabric/,"Design and manage semantic models in Microsoft Fabric At a glance Level Intermediate Skill &nbsp; Product Microsoft Fabric Role Data Analyst Subject Data analytics Data modeling Create semantic models that serve reliable, governed analytics at scale — from initial DAX logic through performance optimization, data access control, and automated.",0,2026-05-01,2026-10-01T20:21:38.869441
MICROSOFTQA_REMINING,Microsoft Q&A,JNI performance,"Select, deploy, and evaluate Microsoft Foundry models - Training",https://learn.microsoft.com/en-us/training/modules/model-catalog-evaluate/,"Select, deploy, and evaluate Microsoft Foundry models Intermediate Data Scientist AI Engineer Microsoft Foundry Explore how to select appropriate models from the model catalog using benchmarks, deploy them to endpoints, and evaluate their performance using manual and automated approaches in Microsoft Foundry portal.  ...the model catalog Compare.",0,2026-05-07,2026-10-01T20:21:38.869447
MICROSOFTQA_REMINING,Microsoft Q&A,JNI performance,"DirectQuery in Power BI: When to Use, Limitations, Alternatives - Power BI",https://learn.microsoft.com/en-us/power-bi/connect-data/desktop-directquery-about,"DirectQuery in Power BI Summarize this article for me In this article DirectQuery in Power BI lets you keep data in the source ... This article describes: Power BI data connectivity modes and where DirectQuery fits When to use DirectQuery versus Import, hybrid tables, Direct Lake, or a live connection Limitations, implications, and performance.",0,2026-09-16,2026-10-01T20:21:38.869452
MICROSOFTQA_REMINING,Microsoft Q&A,JNI performance,Cloud Design Patterns - Azure Architecture Center,https://learn.microsoft.com/en-us/azure/architecture/patterns/,"A pattern is a good fit when its problem statement matches the challenge you face and when the trade-offs it introduces are ones you can accept in your workload. Pattern catalog Each pattern in this catalog describes the problem that it addresses, considerations for applying the pattern, and an example based on Microsoft Azure services and tools..",0,2026-09-29,2026-10-01T20:21:38.869457
MICROSOFTQA_REMINING,Microsoft Q&A,JNI performance,Key Performance Indicator (KPI) visuals - Power BI,https://learn.microsoft.com/en-us/power-bi/visuals/power-bi-visualization-kpi,"Create key performance indicator (KPI) visualizations Summarize this article for me In this article Applies to: ✅ Power BI Desktop and Power BI service A Key Performance Indicator (KPI) is a visual cue that communicates the amount of progress made toward a measurable goal. For more about KPIs, see Key Performance Indicators (KPIs) in Power Pivot..",0,2026-08-31,2026-10-01T20:21:38.869461
MICROSOFTQA_REMINING,Microsoft Q&A,JNI performance,Monitor Performance by Using the Query Store - SQL Server,https://learn.microsoft.com/en-us/sql/relational-databases/performance/monitoring-performance-by-using-the-query-store,Monitor performance by using the Query Store Summarize this article for me In this article Applies to: SQL Server 2016 (13.x) and later versions Azure SQL Database Azure SQL Managed Instance Azure Synapse Analytics (dedicated SQL pool only) SQL database in Microsoft Fabric The Query Store feature provides you with insight on query plan choice and.,0,2026-08-27,2026-10-01T20:21:38.869466
MICROSOFTQA_REMINING,Microsoft Q&A,JNI performance,Azure HPC documentation,https://learn.microsoft.com/en-us/azure/high-performance-computing/,"Azure HPC documentation Official Azure high-performance computing (HPC) documentation. Learn about Azure HPC's various workload orchestration services that integrate with compute, network, and storage resources. Overview What is Azure HPC. Architecture Azure HPC Architecture Training Azure HPC Learn Paths What's new Azure HPC Announcements Azure.",0,2026-03-21,2026-10-01T20:21:38.869470
MICROSOFTQA_REMINING,Microsoft Q&A,JNI performance,Optimize generative AI model performance with Microsoft Foundry - Training,https://learn.microsoft.com/en-us/training/modules/optimize-generative-ai-model-performance/,"Optimize generative AI model performance with Microsoft Foundry Intermediate Data Scientist AI Engineer Microsoft Foundry Explore complementary strategies to optimize generative AI model performance. Learn how to apply prompt engineering, ground your model with RAG, and fine-tune for consistent behavior—and when to combine these approaches. Add.",0,2026-05-07,2026-10-01T20:21:38.869475
MICROSOFTQA_REMINING,Microsoft Q&A,JNI performance,Performance analyzer for Microsoft Defender Antivirus - Microsoft Defender for Endpoint,https://learn.microsoft.com/en-us/defender-endpoint/tune-performance-defender-antivirus,"Performance analyzer for Microsoft Defender Antivirus Summarize this article for me In this article What is the Microsoft Defender Antivirus performance analyzer. If devices running Microsoft Defender Antivirus are experiencing performance issues, you can use the performance analyzer to improv... The performance analyzer is a PowerShell.",0,2026-07-17,2026-10-01T20:21:38.869479
MICROSOFTQA_REMINING,Microsoft Q&A,JNI performance,What is Business performance analytics? - Finance | Dynamics 365,https://learn.microsoft.com/en-us/dynamics365/finance/business-performance-analytics/business-performance-analytics-home-page,"What is Business performance analytics. Summarize this article for me In this article Business performance analytics is a powerful solution that transforms your organization's data into actionable insights. In today's rapidly evolving business environment, the ability to use data for informed decision-making is critical. Business performance.",0,2026-09-01,2026-10-01T20:21:38.869484
MICROSOFTQA_REMINING,Microsoft Q&A,JNI performance,Performance metrics,https://learn.microsoft.com/en-us/clarity/insights/performance-widget,Performance Metrics Summarize this article for me In this article Important The Performance widget is designed exclusively for website analysis and isn't applicable for mobile application performance monitoring. Overview Clarity's Performance widget is a fundamental feature designed for website owners to monitor and enhance the site's user.,0,2025-12-05,2026-10-01T20:21:38.869488
MICROSOFTQA_REMINING,Microsoft Q&A,JNI performance,Use Performance Analyzer to Examine Report Performance - Power BI,https://learn.microsoft.com/en-us/power-bi/create-reports/performance-analyzer,"Use Performance Analyzer to examine report performance Summarize this article for me In this article Applies to: ✅ Power BI Desktop and Power BI service In Power BI reports, you can find out how each of your report visuals is performing. By using the performance analyzer, you can see how long each visual takes to load. ... The performance analyzer.",0,2026-07-23,2026-10-01T20:21:38.869493
MICROSOFTQA_REMINING,Microsoft Q&A,JNI performance,Monitor and optimize on-premises data gateway performance,https://learn.microsoft.com/en-us/data-integration/gateway/service-gateway-performance,"Monitor and optimize on-premises data gateway performance Summarize this article for me In this article Gateway performance monitoring (public preview) To monitor performance, gateway admins traditionally depended on manually monitoring performance counters through the Windows Performance Monitor tool. We now offer extra query logging and a.",0,2026-01-27,2026-10-01T20:21:38.869497
MICROSOFTQA_REMINING,Microsoft Q&A,JNI performance,"Web apps performance, availability, and application issues - Azure App Service - Azure",https://learn.microsoft.com/en-us/troubleshoot/azure/app-service/web-apps-performance-faqs,"Web apps performance, availability, and application issues for Azure App Service Summarize this article for me In this article Note Some of the following guidelines might only work on Windows App Service or Linux App Service. For example, Linux App Service runs in 64-bit mode by default. Summary This article answers frequently asked questions.",0,2026-08-26,2026-10-01T20:21:38.869502
MICROSOFTQA_REMINING,Microsoft Q&A,JNI performance,Optimize Semantic Model Performance - Training,https://learn.microsoft.com/en-us/training/modules/optimize-semantic-model-performance/,Optimize semantic model performance Advanced Data Analyst Microsoft Fabric Power BI Diagnose and fix semantic model and report performance issues.  ...enecks Optimize DAX calculations for better query performance Reduce cardinality levels to improve model efficiency Implement aggregations to accelerate queries on large datasets Apply a systematic.,0,2026-05-01,2026-10-01T20:21:38.869506
MICROSOFTQA_REMINING,Microsoft Q&A,JNI performance,Windows Performance Recorder,https://learn.microsoft.com/en-us/windows-hardware/test/wpt/windows-performance-recorder,"Windows Performance Recorder Summarize this article for me In this article Included in the Windows Assessment and Deployment Kit (Windows ADK), Windows Performance Recorder (WPR) is a performance recording tool that is based on Event Tracing for Windows (ETW). It records system and application events that you can then analyze by using Windows.",0,2022-04-21,2026-10-01T20:21:38.869511
MICROSOFTQA_REMINING,Microsoft Q&A,JNI performance,Windows Performance Analyzer,https://learn.microsoft.com/en-us/windows-hardware/test/wpt/windows-performance-analyzer,"Windows Performance Analyzer Summarize this article for me In this article Included in the Windows Assessment and Deployment Kit (Windows ADK), Windows Performance Analyzer (WPA) is a tool that creates graphs and data tables of Event Tracing for Windows (ETW) events that are recorded by Windows Performance Recorder (WPR), Xperf, or an assessment.",0,2026-07-31,2026-10-01T20:21:38.869516
MICROSOFTQA_REMINING,Microsoft Q&A,JNI performance,Copy activity performance and scalability guide - Azure Data Factory & Azure Synapse,https://learn.microsoft.com/en-us/azure/data-factory/copy-activity-performance,"Copy activity performance and scalability guide Summarize this article for me In this article APPLIES TO: Azure Data Factory Azure Synapse Analytics Tip Data Factory in Microsoft Fabric is the next generation of Azure Data Factory, with a simpler architecture, built-in AI, and new features. If you're new to data integration, start with Fabric Data.",0,2026-08-05,2026-10-01T20:21:38.869521
MICROSOFTQA_REMINING,Microsoft Q&A,JNI performance,Improve business performance with AI Builder - Training,https://learn.microsoft.com/en-us/training/paths/improve-business-performance-ai-builder/,"Improve business performance with AI Builder At a glance Level Beginner Skill &nbsp; Product AI Builder Role App Maker Business User Subject Artificial intelligence Do you want to bring AI to your business to improve your business performance.  ...s,AI Builder offers a wide array of AI capabilities, such as text recognition and object detection..",0,2025-03-21,2026-10-01T20:21:38.869526
MICROSOFTQA_REMINING,Microsoft Q&A,JNI performance,Manually rebuild performance counters - Windows Server,https://learn.microsoft.com/en-us/troubleshoot/windows-server/performance/manually-rebuild-performance-counters,"Manually rebuild performance counters for Windows Server 2008 64 bit or Windows Server 2008 R2 systems Summarize this article for me In this article This article helps solve an issue where some performance counter libraries become corrupted and need to be rebuilt. Original KB number:   2554336 Symptoms When you use the Performance Monitor tool,.",0,2026-02-19,2026-10-01T20:21:38.869530
MICROSOFTQA_REMINING,Microsoft Q&A,JNI performance,High-performance logging - .NET,https://learn.microsoft.com/en-us/dotnet/core/extensions/logging/high-performance-logging,"High-performance logging in .NET Summarize this article for me In this article For high-performance logging scenarios in .NET 6 and later versions, use the LoggerMessageAttribute with compile-time source generation. This approach provides the best performance by eliminating boxing, temporary allocations, and message template parsing at runtime..",0,2026-03-30,2026-10-01T20:21:38.869535
MICROSOFTQA_REMINING,Microsoft Q&A,JNI performance,Virtual machine and disk performance - Azure Virtual Machines,https://learn.microsoft.com/en-us/azure/virtual-machines/disks-performance,Virtual machine and disk performance Summarize this article for me In this article Applies to: ✔️ Linux VMs ✔️ Windows VMs ✔️ Flexible scale sets ✔️ Uniform scale sets This article explains how Azure Virtual Machines (VMs) and managed disk performance limits interact. It also describes how to diagnose disk I/O bottlenecks and optimize storage.,0,2026-09-16,2026-10-01T20:21:38.869539
MICROSOFTQA_REMINING,Microsoft Q&A,JNI performance,Run Performance Diagnostics Reports on Azure Virtual Machines - Azure Monitor,https://learn.microsoft.com/en-us/azure/azure-monitor/vm/performance-diagnostics-run,Run performance diagnostics reports on Azure virtual machines Summarize this article for me In this article Applies to: ✔️ Linux VMs ✔️ Windows VMs Performance diagnostics helps you identify and troubleshoot performance problems on Azure virtual machines. This article describes how to install performance diagnostics and run on-demand reports on.,0,2026-09-01,2026-10-01T20:21:38.869544
MICROSOFTQA_REMINING,Microsoft Q&A,JNI performance,Performance Guidelines - Microsoft Fabric,https://learn.microsoft.com/en-us/fabric/data-warehouse/guidelines-warehouse-performance,"Performance guidelines in Fabric Data Warehouse Summarize this article for me In this article Applies to: ✅ Warehouse in Microsoft Fabric This article contains best practices for data ingestion, table management, data preparation, statistics, and querying in warehouses and SQL analytics endpoints. Performance tuning and optimization can present.",0,2026-09-02,2026-10-01T20:21:38.869548
MICROSOFTQA_REMINING,Microsoft Q&A,JNI performance,Troubleshoot Slow SQL Server Performance Caused by I/O Issues - SQL Server,https://learn.microsoft.com/en-us/troubleshoot/sql/database-engine/performance/troubleshoot-sql-io-performance,"Troubleshoot slow SQL Server performance caused by I/O issues Summarize this article for me In this article Applies to:   SQL Server Summary This article provides a step-by-step methodology to diagnose and resolve slow SQL Server performance caused by disk I/O bottlenecks. It explains how to identify I/O latency by using SQL Server wait types, the.",0,2026-08-05,2026-10-01T20:21:38.869553
MICROSOFTQA_REMINING,Microsoft Q&A,JNI performance,Excel performance - Improving calculation performance,https://learn.microsoft.com/en-us/office/vba/excel/concepts/excel-performance/excel-improving-calculation-performance,"Excel performance: Improving calculation performance Summarize this article for me In this article Applies to: Excel | Excel 2013 | Excel 2016 | VBA The ""Big Grid"" of 1 million rows and 16,000 columns in Office Excel 2016, together with many other limit increases, greatly increases the size of worksheets that you can build compared to earlier.",0,2024-01-24,2026-10-01T20:21:38.869557
MICROSOFTQA_REMINING,Microsoft Q&A,JNI performance,Performance management - Human Resources | Dynamics 365,https://learn.microsoft.com/en-us/dynamics365/human-resources/hr-develop-performance-management-overview,"Performance management Summarize this article for me In this article Applies to these Dynamics 365 apps: Human Resources The performance management process helps employees document and discuss their performance with their manager. As the following diagram shows, use three pages to manage the process: Performance journal Goals Performance review.",0,2026-09-01,2026-10-01T20:21:38.869562
MICROSOFTQA_REMINING,Microsoft Q&A,JNI Android,Redo Workplace Join for Android Enterprise devices in Intune - Microsoft Intune,https://learn.microsoft.com/en-us/intune/device-enrollment/android/redo-workplace-join-android,Redo Workplace Join for Android Enterprise devices Summarize this article for me In this article This article describes how to complete Workplace Join (WPJ) on an Android Enterprise device that's already enrolled in Microsoft Intune. Use this guide if a user lands on the Get Started enroll... Learn how to redo Workplace Join (re-WPJ) on an Android.,0,2026-07-01,2026-10-01T20:21:42.444242
MICROSOFTQA_REMINING,Microsoft Q&A,JNI Android,Enroll device and create Android work profile - Microsoft Intune,https://learn.microsoft.com/en-us/intune/user-help/enrollment/enroll-work-profile-android,"Enroll device with Android work profile Summarize this article for me In this article Enroll your personal Android device to get access to work emails, apps, Wi-Fi, and other resources. During enrollment, you will: Create a work profile. Activate the work profile. Update device settings. This article describes how to enroll your device using the.",0,2026-04-08,2026-10-01T20:21:42.444269
MICROSOFTQA_REMINING,Microsoft Q&A,JNI Android,Teams Rooms on Android certified devices - Microsoft Teams,https://learn.microsoft.com/en-us/microsoftteams/devices/certified-hardware-android,"Teams Rooms on Android certified devices Summarize this article for me In this article The Microsoft Teams Devices Certification Program ensures devices meet a high standard, with higher performance targets and quality metrics across the entire Teams experience (audio, video, user interface). Teams Rooms for Android Firmware End of certification.",0,2026-09-29,2026-10-01T20:21:42.444274
MICROSOFTQA_REMINING,Microsoft Q&A,JNI Android,Android device enrollment guide for Microsoft Intune - Microsoft Intune,https://learn.microsoft.com/en-us/intune/device-enrollment/android/guide,"Enrollment guide: Enroll Android devices in Microsoft Intune Summarize this article for me In this article Personal and organization-owned devices can be enrolled in Intune. Once enrolled, they receive the policies and profiles you create. You have the following options when enrolling Android devices: BYOD: Android Enterprise personally owned.",0,2026-07-01,2026-10-01T20:21:42.444279
MICROSOFTQA_REMINING,Microsoft Q&A,JNI Android,.NET for Android,https://learn.microsoft.com/en-us/dotnet/android/,.NET for Android documentation .NET for Android allows you to write Android apps using .NET languages. Get started Install .NET for Android .NET for Android Guides Build Android apps Build process Build targets Build properties Build items Fundamentals Layout code behind Bind Android Java libraries Overview Bind a Java library Bind a Java library.,0,2026-07-22,2026-10-01T20:21:42.444283
MICROSOFTQA_REMINING,Microsoft Q&A,JNI Android,Dialog.JniPeerMembers Property (Android.App),https://learn.microsoft.com/en-us/dotnet/api/android.app.dialog.jnipeermembers,Dialog.JniPeerMembers Property Definition Namespace: Android.App Assembly:Mono.Android.dll Provides JNI binding infrastructure for Android.App.Dialog. Property Value JniPeerMembers Implements JniPeerMembers Remarks This member is used by the .NET for Android binding runtime and does not represent an Android application contract.Portions of this.,0,2026-09-17,2026-10-01T20:21:42.444288
MICROSOFTQA_REMINING,Microsoft Q&A,JNI Android,"AlteredCharSequence(IntPtr, JniHandleOwnership) Constructor (Android.Text)",https://learn.microsoft.com/en-us/dotnet/api/android.text.alteredcharsequence.-ctor,"AlteredCharSequence(IntPtr, JniHandleOwnership) Constructor Definition Namespace: Android.Text Assembly:Mono.Android... Parameters javaReference IntPtr A IntPtrcontaining a Java Native Interface (JNI) object reference. transfer JniHandleOwnership A JniHandleOwnershipindicating how to handle javaReference Remarks Portions of this page are.",0,2026-09-17,2026-10-01T20:21:42.444292
MICROSOFTQA_REMINING,Microsoft Q&A,JNI Android,"MatrixCursor.RowBuilder(IntPtr, JniHandleOwnership) Constructor (Android.Database)",https://learn.microsoft.com/en-us/dotnet/api/android.database.matrixcursor.rowbuilder.-ctor,...Namespace: Android.Database Assembly:Mono.Android.dll A constructor used when creating managed representations of JNIParameters javaReference IntPtr A IntPtrcontaining a Java Native Interface (JNI) object reference. transfer JniHandleOwnership A JniHandleOwnershipindicating how to handle javaReference Remarks Portions of this page are.,0,2026-08-19,2026-10-01T20:21:42.444297
MICROSOFTQA_REMINING,Microsoft Q&A,JNI Android,"BroadcastReceiver.PendingResult(IntPtr, JniHandleOwnership) Constructor (Android.Content)",https://learn.microsoft.com/en-us/dotnet/api/android.content.broadcastreceiver.pendingresult.-ctor,...Namespace: Android.Content Assembly:Mono.Android.dll A constructor used when creating managed representations of JNIParameters javaReference IntPtr A IntPtrcontaining a Java Native Interface (JNI) object reference. transfer JniHandleOwnership A JniHandleOwnershipindicating how to handle javaReference Remarks Portions of this page are.,0,2026-08-19,2026-10-01T20:21:42.444301
MICROSOFTQA_REMINING,Microsoft Q&A,JNI Android,"LauncherApps(IntPtr, JniHandleOwnership) Constructor (Android.Content.PM)",https://learn.microsoft.com/en-us/dotnet/api/android.content.pm.launcherapps.-ctor,...mespace: Android.Content.PM Assembly:Mono.Android.dll A constructor used when creating managed representations of JNIParameters javaReference IntPtr A IntPtrcontaining a Java Native Interface (JNI) object reference. transfer JniHandleOwnership A JniHandleOwnershipindicating how to handle javaReference Remarks Portions of this page are.,0,2026-08-26,2026-10-01T20:21:42.444306
MICROSOFTQA_REMINING,Microsoft Q&A,JNI Android,TransitionSet.JniPeerMembers Property (Android.Transitions),https://learn.microsoft.com/en-us/dotnet/api/android.transitions.transitionset.jnipeermembers,TransitionSet.JniPeerMembers Property Definition Namespace: Android.Transitions Assembly:Mono.Android.dll Provides JNI binding infrastructure for Android.Transitions.TransitionSet. Remarks This member is used by the .NET for Android binding runtime and does not represent an Android application contract.Portions of this page are modifications based.,0,2026-08-19,2026-10-01T20:21:42.444310
MICROSOFTQA_REMINING,Microsoft Q&A,JNI Android,"EffectContext(IntPtr, JniHandleOwnership) Constructor (Android.Media.Effect)",https://learn.microsoft.com/en-us/dotnet/api/android.media.effect.effectcontext.-ctor,"EffectContext(IntPtr, JniHandleOwnership) Constructor Definition Namespace: Android.Media.Effect Assembly:Mono.Android.dll A constructor used when creating managed representations of JNI objects; called by the runtime. Parameters javaReference IntPtr A IntPtrcontaining a Java Native Interface (JNI) object reference. transfer JniHandleOwnership A.",0,2026-08-19,2026-10-01T20:21:42.444315
MICROSOFTQA_REMINING,Microsoft Q&A,JNI Android,"AccountManager(IntPtr, JniHandleOwnership) Constructor (Android.Accounts)",https://learn.microsoft.com/en-us/dotnet/api/android.accounts.accountmanager.-ctor,"AccountManager(IntPtr, JniHandleOwnership) Constructor Definition Namespace: Android.Accounts Assembly:Mono.Android.dll A constructor used when creating managed representations of JNI objects; called by the runtime. Parameters javaReference IntPtr A IntPtrcontaining a Java Native Interface (JNI) object reference. transfer JniHandleOwnership A.",0,2026-09-17,2026-10-01T20:21:42.444319
MICROSOFTQA_REMINING,Microsoft Q&A,JNI Android,"RecognitionService.Callback(IntPtr, JniHandleOwnership) Constructor (Android.Speech)",https://learn.microsoft.com/en-us/dotnet/api/android.speech.recognitionservice.callback.-ctor,"RecognitionService.Callback(IntPtr, JniHandleOwnership) Constructor Definition Namespace: Android.Speech Assembly:Mo... Parameters javaReference IntPtr A IntPtrcontaining a Java Native Interface (JNI) object reference. transfer JniHandleOwnership A JniHandleOwnershipindicating how to handle javaReference Remarks Portions of this page are.",0,2026-08-19,2026-10-01T20:21:42.444726
MICROSOFTQA_REMINING,Microsoft Q&A,JNI Android,"TargetApi(IntPtr, JniHandleOwnership) Constructor (Android.Annotation)",https://learn.microsoft.com/en-us/dotnet/api/android.annotation.targetapi.-ctor,"TargetApi(IntPtr, JniHandleOwnership) Constructor Definition Namespace: Android.Annotation Assembly:Mono.Android.dll... Parameters javaReference IntPtr A IntPtrcontaining a Java Native Interface (JNI) object reference. transfer JniHandleOwnership A JniHandleOwnershipindicating how to handle javaReference Remarks Portions of this page are.",0,2026-08-19,2026-10-01T20:21:42.444733
MICROSOFTQA_REMINING,Microsoft Q&A,JNI Android,"InputEvent(IntPtr, JniHandleOwnership) Constructor (Android.Views)",https://learn.microsoft.com/en-us/dotnet/api/android.views.inputevent.-ctor,"InputEvent(IntPtr, JniHandleOwnership) Constructor Definition Namespace: Android.Views Assembly:Mono.Android.dll A c... Parameters javaReference IntPtr A IntPtrcontaining a Java Native Interface (JNI) object reference. transfer JniHandleOwnership A JniHandleOwnershipindicating how to handle javaReference Remarks Portions of this page are.",0,2026-09-17,2026-10-01T20:21:42.444739
MICROSOFTQA_REMINING,Microsoft Q&A,JNI Android,"UsbEndpoint(IntPtr, JniHandleOwnership) Constructor (Android.Hardware.Usb)",https://learn.microsoft.com/en-us/dotnet/api/android.hardware.usb.usbendpoint.-ctor,...space: Android.Hardware.Usb Assembly:Mono.Android.dll A constructor used when creating managed representations of JNIParameters javaReference IntPtr A IntPtrcontaining a Java Native Interface (JNI) object reference. transfer JniHandleOwnership A JniHandleOwnershipindicating how to handle javaReference Remarks Portions of this page are.,0,2026-09-26,2026-10-01T20:21:42.444744
MICROSOFTQA_REMINING,Microsoft Q&A,JNI Android,"SoundEffectConstants(IntPtr, JniHandleOwnership) Constructor (Android.Views)",https://learn.microsoft.com/en-us/dotnet/api/android.views.soundeffectconstants.-ctor,...on Namespace: Android.Views Assembly:Mono.Android.dll A constructor used when creating managed representations of JNIParameters javaReference IntPtr A IntPtrcontaining a Java Native Interface (JNI) object reference. transfer JniHandleOwnership A JniHandleOwnershipindicating how to handle javaReference Remarks Portions of this page are.,0,2026-08-19,2026-10-01T20:21:42.444749
MICROSOFTQA_REMINING,Microsoft Q&A,JNI Android,"EGLDisplay(IntPtr, JniHandleOwnership) Constructor (Android.Opengl)",https://learn.microsoft.com/en-us/dotnet/api/android.opengl.egldisplay.-ctor,...n Namespace: Android.Opengl Assembly:Mono.Android.dll A constructor used when creating managed representations of JNIParameters javaReference IntPtr A IntPtrcontaining a Java Native Interface (JNI) object reference. transfer JniHandleOwnership A JniHandleOwnershipindicating how to handle javaReference Remarks Portions of this page are.,0,2026-08-19,2026-10-01T20:21:42.444754
MICROSOFTQA_REMINING,Microsoft Q&A,JNI Android,MediaProjection.JniPeerMembers Property (Android.Media.Projection),https://learn.microsoft.com/en-us/dotnet/api/android.media.projection.mediaprojection.jnipeermembers,MediaProjection.JniPeerMembers Property Definition Namespace: Android.Media.Projection Assembly:Mono.Android.dll Gets the JNI metadata used to invoke members of this Java peer. Property Value JniPeerMembers The JNI peer members for MediaProjection. Remarks Portions of this page are modifications based on work created and shared by the Android Open.,0,2026-08-19,2026-10-01T20:21:42.444759
MICROSOFTQA_REMINING,Microsoft Q&A,JNI Android,SearchView.JniPeerMembers Property (Android.Widget),https://learn.microsoft.com/en-us/dotnet/api/android.widget.searchview.jnipeermembers,SearchView.JniPeerMembers Property Definition Namespace: Android.Widget Assembly:Mono.Android.dll Gets the JNI peer-member metadata for this managed binding type. Property Value JniPeerMembers The JniPeerMembers instance that provides access to JNI peer-member information for this type. Implements JniPeerMembers Remarks Portions of this page are.,0,2026-08-19,2026-10-01T20:21:42.444763
MICROSOFTQA_REMINING,Microsoft Q&A,JNI Android,"LoginFilter(IntPtr, JniHandleOwnership) Constructor (Android.Text)",https://learn.microsoft.com/en-us/dotnet/api/android.text.loginfilter.-ctor,"LoginFilter(IntPtr, JniHandleOwnership) Constructor Definition Namespace: Android.Text Assembly:Mono.Android.dll A constructor used when creating managed representations of JNI objects; called by the runtime. Parameters javaReference IntPtr A IntPtrcontaining a Java Native Interface (JNI) object reference. transfer JniHandleOwnership A.",0,2026-08-19,2026-10-01T20:21:42.444768
MICROSOFTQA_REMINING,Microsoft Q&A,JNI Android,"AudioManager(IntPtr, JniHandleOwnership) Constructor (Android.Media)",https://learn.microsoft.com/en-us/dotnet/api/android.media.audiomanager.-ctor,"AudioManager(IntPtr, JniHandleOwnership) Constructor Definition Namespace: Android.Media Assembly:Mono.Android.dll A constructor used when creating managed representations of JNI objects; called by the runtime. Parameters javaReference IntPtr A IntPtrcontaining a Java Native Interface (JNI) object reference. transfer JniHandleOwnership A.",0,2026-09-18,2026-10-01T20:21:42.444773
MICROSOFTQA_REMINING,Microsoft Q&A,JNI Android,Entity.NamedContentValues.JniPeerMembers Property (Android.Content),https://learn.microsoft.com/en-us/dotnet/api/android.content.entity.namedcontentvalues.jnipeermembers,Entity.NamedContentValues.JniPeerMembers Property Definition Namespace: Android.Content Assembly:Mono.Android.dll Gets the JNI metadata used to invoke members of this Java peer. Property Value JniPeerMembers The JNI peer members for Entity.NamedContentValues. Remarks Portions of this page are modifications based on work created and shared by the.,0,2026-09-17,2026-10-01T20:21:42.444778
MICROSOFTQA_REMINING,Microsoft Q&A,JNI Android,TabHost.JniPeerMembers Property (Android.Widget),https://learn.microsoft.com/en-us/dotnet/api/android.widget.tabhost.jnipeermembers,TabHost.JniPeerMembers Property Definition Namespace: Android.Widget Assembly:Mono.Android.dll Gets the JNI peer-member metadata for this managed binding type. Property Value JniPeerMembers The JniPeerMembers instance that provides access to JNI peer-member information for this type. Implements JniPeerMembers Remarks Portions of this page are.,0,2026-09-17,2026-10-01T20:21:42.444783
MICROSOFTQA_REMINING,Microsoft Q&A,JNI Android,ContextParams.JniPeerMembers Property (Android.Content),https://learn.microsoft.com/en-us/dotnet/api/android.content.contextparams.jnipeermembers,ContextParams.JniPeerMembers Property Definition Namespace: Android.Content Assembly:Mono.Android.dll Gets the JNI metadata used to invoke members of this Java peer. Property Value JniPeerMembers The JNI peer members for ContextParams. Remarks The JNI peer members for ContextParams. Applies to. Gets the JNI metadata used to invoke members of this.,0,2026-08-19,2026-10-01T20:21:42.444788
MICROSOFTQA_REMINING,Microsoft Q&A,JNI Android,Channel.JniPeerMembers Property (Android.SE.Omapi),https://learn.microsoft.com/en-us/dotnet/api/android.se.omapi.channel.jnipeermembers,Channel.JniPeerMembers Property Definition Namespace: Android.SE.Omapi Assembly:Mono.Android.dll Gets the JNI metadata used to invoke members of this Java peer. Property Value JniPeerMembers The JNI peer members for Channel. Implements JniPeerMembers Remarks This member supports the Java interop infrastructure and is not intended to be called.,0,2026-08-19,2026-10-01T20:21:42.444793
MICROSOFTQA_REMINING,Microsoft Q&A,JNI Android,ProfilingTrigger.Builder.JniPeerMembers Property (Android.OS),https://learn.microsoft.com/en-us/dotnet/api/android.os.profilingtrigger.builder.jnipeermembers,ProfilingTrigger.Builder.JniPeerMembers Property Definition Namespace: Android.OS Assembly:Mono.Android.dll Provides JNI peer-member metadata for this type. Property Value JniPeerMembers JNI peer-member metadata for this type. Applies to. Provides JNI peer-member metadata for this type. ..,0,2026-09-17,2026-10-01T20:21:42.444798
MICROSOFTQA_REMINING,Microsoft Q&A,JNI Android,BroadcastReceiver.PendingResult.JniPeerMembers Property (Android.Content),https://learn.microsoft.com/en-us/dotnet/api/android.content.broadcastreceiver.pendingresult.jnipeermembers,BroadcastReceiver.PendingResult.JniPeerMembers Property Definition Namespace: Android.Content Assembly:Mono.Android.dll Gets the JNI metadata used to invoke members of this Java peer. Property Value JniPeerMembers The JNI peer members for BroadcastReceiver.PendingResult. Remarks Portions of this page are modifications based on work created.,0,2026-08-19,2026-10-01T20:21:42.444803
MICROSOFTQA_REMINING,Microsoft Q&A,JNI Android,TextView.SavedState.JniPeerMembers Property (Android.Widget),https://learn.microsoft.com/en-us/dotnet/api/android.widget.textview.savedstate.jnipeermembers,TextView.SavedState.JniPeerMembers Property Definition Namespace: Android.Widget Assembly:Mono.Android.dll Gets the JNI peer-member metadata for this managed binding type. Property Value JniPeerMembers The JniPeerMembers instance that provides access to JNI peer-member information for this type. Remarks Portions of this page are modifications.,0,2026-08-19,2026-10-01T20:21:42.444807
MICROSOFTQA_REMINING,Microsoft Q&A,DeleteLocalRef,JNIEnv.DeleteLocalRef(IntPtr) Method (Android.Runtime),https://learn.microsoft.com/en-us/dotnet/api/android.runtime.jnienv.deletelocalref,JNIEnv.DeleteLocalRef(IntPtr) Method Definition Namespace: Android.Runtime Assembly:Mono.Android.dll Parameters jobject IntPtr Remarks Portions of this page are modifications based on work created and shared by the Android Open Source Project and used according to terms described in the Creative Commons 2.5 Attribution License. Applies to. Learn.,0,2026-09-18,2026-10-01T20:21:44.967319
MICROSOFTQA_REMINING,Microsoft Q&A,DeleteLocalRef,JNIEnv Class (Android.Runtime),https://learn.microsoft.com/en-us/dotnet/api/android.runtime.jnienv,JNIEnv Class Definition Namespace: Android.Runtime Assembly:Mono.Android.dll Inheritance Object JNIEnv Remarks Portions of this page are modifications based on work created and shared by the Android Open Source Project and used according to terms described in the Creative Commons 2.5 Attribution License.,0,2026-09-18,2026-10-01T20:21:44.967349
MICROSOFTQA_REMINING,Microsoft Q&A,JNA,jna dll files in my temp folder - Microsoft Q&A,https://learn.microsoft.com/en-us/answers/questions/3276955/jna-dll-files-in-my-temp-folder,does anybody know what this is? https://gyazo.com/c26ed524316f7c6748eb1f39dc11f15d| Hi plowplow Most likely those files are left over form some Java application which was installed on your PC JNA - Java Native Access is a community-developed library that provides Java programs easy access to native shared libraries without using the Java Native.,0,2025-07-08,2026-10-01T20:21:48.686848
MICROSOFTQA_REMINING,Microsoft Q&A,JNA,Authenticate Java Apps to Azure Using Brokered Auth - Azure SDK for Java,https://learn.microsoft.com/en-us/azure/developer/java/sdk/authentication/local-development-broker,"Authenticate Ja... JavaFX application For a JavaFX application, use JNA (Java Native Access) to get the window handle: Console application For a console application on Windows, use JNA to get the console window handle: Related content Authenticate Java apps to Azure services by using the Azure Identity library Authenticate Java apps to Azure.",0,2026-03-04,2026-10-01T20:21:48.686882
MICROSOFTQA_REMINING,Microsoft Q&A,JNA,Hidden Malware Changes Folder Options And Stays Hidden From Antivirus - Microsoft Q&A,https://learn.microsoft.com/en-us/answers/questions/2700815/hidden-malware-changes-folder-options-and-stays-hi,"So a week ago, I noticed my computer had been infected with a virus. I noticed some suspicious activity in C:\Users\my username\Appdata\Local\TempIt drops random folders such as jna folders and hsperfdata_Spotlightsrule folders. Suspicious jna file names: jna8918976057728454778.dll jna8918976057728454778.dll.x File Download For Analysis:.",0,2025-07-07,2026-10-01T20:21:48.686887
MICROSOFTQA_REMINING,Microsoft Q&A,JNA,AdoptOpenJDK 8 issue on Windows 10 Enterprise - Microsoft Q&A,https://learn.microsoft.com/en-us/answers/questions/4209982/adoptopenjdk-8-issue-on-windows-10-enterprise,"AdoptOpenJDK version: 8u275-b01 OS Version: 10.0.18363 N/A Build 18363 When I try to start Cassandra, I get this error message: Exception (java.lang.UnsatisfiedLinkError) encountered during startup: C:\Users&amp;lt;username&gt;\AppData\Local\Temp\jna-3556498* jna1751679194795389333.dll *: Can't find dependent libraries \jna-3556498 folder is.",0,2025-07-08,2026-10-01T20:21:48.686891
MICROSOFTQA_REMINING,Microsoft Q&A,JNA,AdoptOpenJDK 8 issue on Windows 10 Enterprise - Microsoft Q&A,https://learn.microsoft.com/en-us/answers/questions/203938/adoptopenjdk-8-issue-on-windows-10-enterprise,"When I try to start Cassandra, I get this error message: \jna-3556498... Maybe it is because it does not use JNA.| when your account already has admin rights, why would you need to run the app as the build in Administrator? did you see this: &quot;unable to start the cassandra on windows 10 machine&quot; CASSANDRA-15950| Hi, Sorry but AdoptOpenJDK.",0,2021-01-04,2026-10-01T20:21:48.686895
MICROSOFTQA_REMINING,Microsoft Q&A,JNA,Using Web Account Manager with MSAL Java - Microsoft Authentication Library for Java,https://learn.microsoft.com/en-us/entra/msal/java/advanced/using-wam-and-the-msal4jbrokers-package,"Although the API for enabling a broker is very simple, a number of packages are used to provide this feature: msal4j-brokers - Essentially a thin layer between msal4j and javamsalruntime, meant to handle the conversion between requests from msal4j and results from javamsalruntime javamsalruntime - A Java project that uses JNA... This project.",0,2025-07-30,2026-10-01T20:21:48.686899
MICROSOFTQA_REMINING,Microsoft Q&A,JNA,VirtualTerminalLevel registry is not present - Microsoft Q&A,https://learn.microsoft.com/en-us/answers/questions/419697/virtualterminallevel-registry-is-not-present,"Hello, I'm facing an issue about color codes in cmd (and PowerShell). On the other hand I need a way to color text on terminal for a work project, and, looking for a solution, I discovered these possible fixes: https://github.com/microsoft/WSL/issues/1173 and https://github.com/quarkusio/quarkus/issues/1029 The solution (a pretty hacky solution,.",0,2021-06-07,2026-10-01T20:21:48.686903
MICROSOFTQA_REMINING,Microsoft Q&A,JNA,"Removing Adobe ""Fill and Sign"" add-in from Microsoft Word Home tab. - Microsoft Q&A",https://learn.microsoft.com/en-us/answers/questions/5052540/removing-adobe-fill-and-sign-add-in-from-microsoft,"Hi Guys, I regularly use Microsoft word and Adobe Acrobat DC (MacOS). Recently when I opened word, on the home ta... Any help will be appreciated. Many thanks!| Hi JNA, You need to deactivate linkCreation.dotm. In Tools &gt; Templates and Addins, disable the adobe addin - it should be linkCreation.dotm.| You can try Diane's fix, but removing the.",0,2025-07-21,2026-10-01T20:21:48.686907
MICROSOFTQA_REMINING,Microsoft Q&A,JNA,"Is the any way to push Windows Event Forwarder logs to my java application irrespective of the platform (linux,mac,windows) - Microsoft Q&A",https://learn.microsoft.com/en-us/answers/questions/1693929/is-the-any-way-to-push-windows-event-forwarder-log,I have a java project I am trying to get events from WEF without using any agent. Please let me know if this is possible. There are some JNA libraries to pull the logs. https://mvnrepository.com/artifact/org.jline/jline-terminal-jna but I want the WEF to push the events to my listening server. There are some JNA libraries to pull the logs..,0,2024-06-11,2026-10-01T20:21:48.686911
MICROSOFTQA_REMINING,Microsoft Q&A,JNA,Clone doesn't work with git username and password in Azure Devops Server 2022.0.1 version - Microsoft Q&A,https://learn.microsoft.com/en-us/answers/questions/1661223/clone-doesnt-work-with-git-username-and-password-i,Link - https://stackoverflow.com/questions/78118844/git-clone-failed-with-krb5loginmodule-error-jna-library I am performing https git clone operation on Azure repository and the request is failing with kerberos auth failure. I am not sure if I am using kerberos internally in my a... Link -.,0,2024-04-29,2026-10-01T20:21:48.686915
MICROSOFTQA_REMINING,Microsoft Q&A,JNA,"Is the any way to push Windows Event Forwarder logs to my java application irrespective of the platform (linux,mac,windows) - Microsoft Q&A",https://learn.microsoft.com/en-us/answers/questions/2195463/is-the-any-way-to-push-windows-event-forwarder-log,I have a java project I am trying to get events from WEF without using any agent. Please let me know if this is possible. There are some JNA libraries to pull the logs. https://mvnrepository.com/artifact/org.jline/jline-terminal-jna but I want the WEF to push the events to my listening server. Is it possible to implement the WEF p... There are.,0,2024-06-05,2026-10-01T20:21:48.686918
MICROSOFTQA_REMINING,Microsoft Q&A,JNA,"How can i hide the window icon and minimize and maximize button from titlebar using windows api in java swing using, com.sun.jna.platform ? - Microsoft Q&A",https://learn.microsoft.com/en-us/answers/questions/2068636/how-can-i-hide-the-window-icon-and-minimize-and-ma,"So basically im new to the windows api and Im trying to hide both maximize, minimize buttons as well as the titlebar icon using the windows api and the java native access library. Here is what i tried so far For now I tried disabling SYSMENU but this takes the x button away as well, how can i fix this?| This worked well - Before - After -| A.",0,2024-09-25,2026-10-01T20:21:48.686923
MICROSOFTQA_REMINING,Microsoft Q&A,JNA,Using dll functions - Microsoft Q&A,https://learn.microsoft.com/en-us/answers/questions/437235/using-dll-functions,"Hi ,I want to use the function: CH341OpenDevice(iIndex) I receive no errors,but when I run ... I searched and found the function to write as below: com.sun.jna.platform.win32.WinNT.HANDLE CH341OpenDevice(com.sun.jna.platform.win32.WinDef.ULONG iIndex) This time I receive errors BC30451 &amp; BC32017. I searched and found the function to write as.",0,2021-06-15,2026-10-01T20:21:48.686927
MICROSOFTQA_REMINING,Microsoft Q&A,JNA,JNA调用WindowFromPoint问题 - Microsoft Q&A,https://learn.microsoft.com/en-us/answers/questions/44004/jna-windowfrompoint,"JNA调用   WindowFromPoint 只能获取到 point 下面的第一个全屏窗口  请问有人知道是啥问题吗 有知道的老哥请联系我qq 463603943  有偿！. | Hello, Welcome to Microsoft Q&amp;A. This is an English forum. Please ask questions in English. Thank you. JNA调用   WindowFromPoint 只能获取到 point 下面的第一个全屏窗口  请问有人知道是啥问题吗 有知道的老哥请联系我qq 463603943  有偿！. . /answers/questions/44004/jna-windowfrompoint.",0,2020-07-08,2026-10-01T20:21:48.686930
MICROSOFTQA_REMINING,Microsoft Q&A,JNA,windows log collection using java api - Microsoft Q&A,https://learn.microsoft.com/en-us/answers/questions/832459/windows-log-collection-using-java-api,"I try to get windows logs using java api , while running it show some error like this v in eight line it show error java.lang.ClassNotFoundException: com.sun.jna.Pointer how to remove this error please help me. I try to get windows logs using java api , while running it show some error like this v in eight line it show error.",0,2022-05-02,2026-10-01T20:21:48.686945
MICROSOFTQA_REMINING,Microsoft Q&A,JNA,hs_err_pid4008 errors- how do I get rid of this? - Microsoft Q&A,https://learn.microsoft.com/en-us/answers/questions/2472999/hs-err-pid4008-errors-how-do-i-get-rid-of-this,"---------------  T H R E A D  --------------- Current thread (0x0020ec00):  JavaThread &quot;Client thread&quot; [_thread_in_native, id=6512, stack(0x00be0000,0x00c30000)] siginfo: ExceptionCode=0xc0000005, reading address 0x0061008d Registers: EAX=0x00000362, EBX=0x00004f62, ECX=0x285e4fc0, EDX=0x00000000 ESP=0x00c2ee60, EBP=0x00c2ee70,.",0,2025-07-07,2026-10-01T20:21:48.686950
MICROSOFTQA_REMINING,Microsoft Q&A,JNA,Databricks Runtime 19 - Azure Databricks,https://learn.microsoft.com/en-us/azure/databricks/release-notes/runtime/19,"Databricks Runtime 19: September 1, 2026 New features and improvements Automatic change data feed is generally available: Automatic change data feed (Auto CDF) computes row-level changes at query time using row tracking, without requiring you to manually enable change data feed on each Delta Lake or Apache Iceberg v3 table. It works with batch.",0,2026-09-21,2026-10-01T20:21:48.686954
MICROSOFTQA_REMINING,Microsoft Q&A,JNA,Databricks Runtime 18.2 - Azure Databricks,https://learn.microsoft.com/en-us/azure/databricks/release-notes/runtime/18.2,"This release includes all Spark fixes and improvements included in Databricks Runtime 18.1 (EoS), as well as the following additional bug fixes and improvements made to Spark: SPARK-56219 Revert ""[SC-225028][PS] Align groupby idxmax and idxmin skipna=False behavior with pandas 2/3"" SPARK-56204 Strip Alias wrappers from inline table row expressions.",0,2026-09-11,2026-10-01T20:21:48.686965
MICROSOFTQA_REMINING,Microsoft Q&A,JNA,Databricks Runtime 16.4 LTS - Azure Databricks,https://learn.microsoft.com/en-us/azure/databricks/release-notes/runtime/16.4lts,"The list of library versions supported by each Scala version of Databricks Runtime 16.4 LTS: Databricks Runtime 16.4 LTS Scala 2.12 libraries Databricks Runtime 16.4 LTS Scala 2.13 libraries New features and improvements Dashboards, alerts, and queries are supported as workspace files Liquid clustering auto-compaction improvement Auto Loader can.",0,2026-09-11,2026-10-01T20:21:48.686969
MICROSOFTQA_REMINING,Microsoft Q&A,JNA,Databricks Runtime 17.3 LTS - Azure Databricks,https://learn.microsoft.com/en-us/azure/databricks/release-notes/runtime/17.3lts,"...pes in observations in the Spark Connect Scala client Preserve null values in array, map, and struct literals Preserve nullability for typed literals Fix case class conversion in array and map literals Correct handling of null structs when dropping NullType columns Improved handling of null structs in Parquet Upgrade aws-msk-iam-auth library.",0,2026-09-11,2026-10-01T20:21:48.686973
MICROSOFTQA_REMINING,Microsoft Q&A,JNI socket,Coreinfo - Sysinternals,https://learn.microsoft.com/en-us/sysinternals/downloads/coreinfo,"Coreinfo v4.02 Summarize this article for me In this article By Mark Russinovich Published: August 12, 2026 Download Coreinfo (3 MB) Introduction Coreinfo is a utility that shows you the mapping between logical processors and the physical processor, NUMA node, and socket on which they reside, as well as the cache's assigned to each logical.",0,2026-08-12,2026-10-01T20:21:51.129250
MICROSOFTQA_REMINING,Microsoft Q&A,JNI socket,Socket Class (Java.Net),https://learn.microsoft.com/en-us/dotnet/api/java.net.socket,"Socket Class Definition Namespace: Java.Net Assembly:Mono.Android.dll This class implements client sockets (also called just ""sockets""). A socket is an endpoint for communication between two machines.The actual work of the socket is performed by an instance of the SocketImpl class. An application, by changing the socket factory that creates the.",0,2026-08-19,2026-10-01T20:21:51.129277
MICROSOFTQA_REMINING,Microsoft Q&A,JNI socket,InetSocketAddress Constructor (Java.Net),https://learn.microsoft.com/en-us/dotnet/api/java.net.inetsocketaddress.-ctor,"InetSocketAddress Constructors Definition Namespace: Java.Net Assembly:Mono.Android.dll Overloads Name Description InetSocketAddress(Int32) Creates a socket address where the IP address is the wildcard address and the port number a specified value. InetSocketAddress(IntPtr, JniHandleOwnership) A constructor used when creating managed.",0,2026-08-19,2026-10-01T20:21:51.129283
MICROSOFTQA_REMINING,Microsoft Q&A,JNI socket,MulticastSocket Constructor (Java.Net),https://learn.microsoft.com/en-us/dotnet/api/java.net.multicastsocket.-ctor,"MulticastSocket(IntPtr, JniHandleOwnership) A constructor used when creating managed representations of JNI objects; called by the runtime. Applies to MulticastSocket(IntPtr, JniHandleOwnership) A constructor used when creating managed representations of JNI objects; called by the runtime. Parameters javaReference IntPtr A IntPtrcontaining a Java.",0,2026-08-19,2026-10-01T20:21:51.129289
MICROSOFTQA_REMINING,Microsoft Q&A,JNI socket,DatagramSocket Constructor (Java.Net),https://learn.microsoft.com/en-us/dotnet/api/java.net.datagramsocket.-ctor,"DatagramSocket(IntPtr, JniHandleOwnership) A constructor used when creating managed representations of JNI objects; called by the runtime. Applies to DatagramSocket(IntPtr, JniHandleOwnership) A constructor used when creating managed representations of JNI objects; called by the runtime. Parameters javaReference IntPtr A IntPtrcontaining a Java.",0,2026-08-19,2026-10-01T20:21:51.129293
MICROSOFTQA_REMINING,Microsoft Q&A,JNI socket,ServerSocketFactory Constructor (Javax.Net),https://learn.microsoft.com/en-us/dotnet/api/javax.net.serversocketfactory.-ctor,"Applies to ServerSocketFactory(IntPtr, JniHandleOwnership) A constructor used when creating managed representations ... Parameters javaReference IntPtr A IntPtrcontaining a Java Native Interface (JNI) object reference. transfer JniHandleOwnership A JniHandleOwnershipindicating how to handle javaReference Remarks Portions of this page are.",0,2026-08-19,2026-10-01T20:21:51.129730
MICROSOFTQA_REMINING,Microsoft Q&A,JNI socket,DatagramSocketImpl Constructor (Java.Net),https://learn.microsoft.com/en-us/dotnet/api/java.net.datagramsocketimpl.-ctor,"Applies to DatagramSocketImpl(IntPtr, JniHandleOwnership) A constructor used when creating managed representations o... Parameters javaReference IntPtr A IntPtrcontaining a Java Native Interface (JNI) object reference. transfer JniHandleOwnership A JniHandleOwnershipindicating how to handle javaReference Remarks Portions of this page are.",0,2026-09-26,2026-10-01T20:21:51.129744
MICROSOFTQA_REMINING,Microsoft Q&A,JNI socket,SocketImpl Class (Java.Net),https://learn.microsoft.com/en-us/dotnet/api/java.net.socketimpl,"SocketImpl Class Definition Namespace: Java.Net Assembly:Mono.Android.dll The abstract class SocketImpl is a common superclass of all classes that actually implement sockets. It is used to create both client and server sockets.A ""plain"" socket implements these methods exactly as described, without attempting to go through a f... Constructors Name.",0,2026-09-26,2026-10-01T20:21:51.129753
MICROSOFTQA_REMINING,Microsoft Q&A,JNI socket,Socket Constructor (Java.Net),https://learn.microsoft.com/en-us/dotnet/api/java.net.socket.-ctor,"Socket Constructors Definition Namespace: Java.Net Assembly:Mono.Android.dll Overloads Name Description Socket() Creates an unconnected socket, with the system-default type of SocketImpl. Socket(IntPtr, JniHandleOwnership) A constructor used when creating managed representations of JNI objects; called by the runtime. Remarks Creates an unconnected.",0,2026-08-19,2026-10-01T20:21:51.129760
MICROSOFTQA_REMINING,Microsoft Q&A,JNI socket,ServerSocket Class (Java.Net),https://learn.microsoft.com/en-us/dotnet/api/java.net.serversocket,ServerSocket Class Definition Namespace: Java.Net Assembly:Mono.Android.dll This class implements server sockets. Inheritance Object JavaObject Object ServerSocket Derived Javax.Net.Ssl.SSLServerSocket Attributes RegisterAttribute Implements IJavaObject IJavaPeerable ICloseable IDisposable Remarks This class implements server sockets..,0,2026-08-19,2026-10-01T20:21:51.129768
MICROSOFTQA_REMINING,Microsoft Q&A,JNI socket,ServerSocketFactory Class (Javax.Net),https://learn.microsoft.com/en-us/dotnet/api/javax.net.serversocketfactory,"ServerSocketFactory Class Definition Namespace: Javax.Net Assembly:Mono.Android.dll This class creates server sockets. It is the server side analogue of a socket factory, and similarly provides a way to capture a variety of policies related to the sockets being constructed.Like socket factories, server Socket factory instances have methods used to.",0,2026-08-19,2026-10-01T20:21:51.129775
MICROSOFTQA_REMINING,Microsoft Q&A,JNI socket,LocalSocket Constructor (Android.Net),https://learn.microsoft.com/en-us/dotnet/api/android.net.localsocket.-ctor,"LocalSocket(IntPtr, JniHandleOwnership) A constructor used when creating managed representations of JNI objects; called by the runtime. Attributes RegisterAttribute Remarks Java documentation for android.net.LocalSocket.LocalSocket().Portions of this page are modifications based on work created and shared by the Android Open Source Project and.",0,2026-09-17,2026-10-01T20:21:51.129782
MICROSOFTQA_REMINING,Microsoft Q&A,JNI socket,ServerSocket Constructor (Java.Net),https://learn.microsoft.com/en-us/dotnet/api/java.net.serversocket.-ctor,"ServerSocket(IntPtr, JniHandleOwnership) A constructor used when creating managed representations of JNI objects; called by the runtime. Applies to ServerSocket(IntPtr, JniHandleOwnership) A constructor used when creating managed representations of JNI objects; called by the runtime. Parameters javaReference IntPtr A IntPtrcontaining a Java Native.",0,2026-08-19,2026-10-01T20:21:51.129790
MICROSOFTQA_REMINING,Microsoft Q&A,JNI socket,SocketFactory Class (Javax.Net),https://learn.microsoft.com/en-us/dotnet/api/javax.net.socketfactory,"For example, the getDefault method could return a factory that was appropriate for a particular user or applet, and a framework could use a factory customized to its own purposes.Added in 1.4.Java documentation for javax.net.SocketFactory.Portions of this page are modifications based on work created and shared by the Android Open Source Project.",0,2026-08-19,2026-10-01T20:21:51.129798
MICROSOFTQA_REMINING,Microsoft Q&A,JNI socket,BluetoothSocket Class (Android.Bluetooth),https://learn.microsoft.com/en-us/dotnet/api/android.bluetooth.bluetoothsocket,"(Inherited from Object) JniManagedPeerState (Inherited from JavaObject) JniPeerMembers MaxReceivePacketSize Get the maximum supported Receive packet size for the underlying transport. PeerReference Gets the JNI object reference for this Java peer. ConnectAsync() Construct(JniObjectReference, JniObjectReferenceOptions) (Inherited from JavaObject).",0,2026-09-10,2026-10-01T20:21:51.129806
MICROSOFTQA_REMINING,Microsoft Q&A,JNI socket,SocketOutputBuffer Constructor (Org.Apache.Http.Impl.IO),https://learn.microsoft.com/en-us/dotnet/api/org.apache.http.impl.io.socketoutputbuffer.-ctor,"SocketOutputBuffer Constructors Definition Namespace: Org.Apache.Http.Impl.IO Assembly:Mono.Android.dll Overloads Name Description SocketOutputBuffer(IntPtr, JniHandleOwnership) Initializes a managed wrapper for the specified Java object. SocketOutputBuf... SocketOutputBuffer(IntPtr, JniHandleOwnership) Initializes a managed wrapper for the.",0,2026-09-17,2026-10-01T20:21:51.129814
MICROSOFTQA_REMINING,Microsoft Q&A,JNI socket,ILayeredSocketFactory Interface (Org.Apache.Http.Conn.Schemes),https://learn.microsoft.com/en-us/dotnet/api/org.apache.http.conn.schemes.ilayeredsocketfactory,"ILayeredSocketFactory Interface Definition Namespace: Org.Apache.Http.Conn.Schemes Assembly:Mono.Android.dll Caution This class is obsoleted in this android platform A SocketFactory SocketFacto... (Inherited from IJavaPeerable) Extension Methods Name Description ConnectSocketAsync(ISocketFactory, Socket, String, Int32, InetAddress, Int32,.",0,2026-09-17,2026-10-01T20:21:51.129822
MICROSOFTQA_REMINING,Microsoft Q&A,JNI socket,LocalSocket Class (Android.Net),https://learn.microsoft.com/en-us/dotnet/api/android.net.localsocket,LocalSocket Class Definition Namespace: Android.N... This class and the streams returned from it may be used from multiple threads.Java documentation for android.net.LocalSocket.Portions of this page are modifications based on work created and shared by the Android Open Source Project and used according to terms described in the Creative Commons.,0,2026-09-17,2026-10-01T20:21:51.129830
MICROSOFTQA_REMINING,Microsoft Q&A,JNI socket,SocketOptions Class (Java.Net),https://learn.microsoft.com/en-us/dotnet/api/java.net.socketoptions,SocketOptions Class Definition Namespace: Java.Net Assembly:Mono.Android.dll Caution Use the 'Java.N... (Inherited from Object) JniManagedPeerState (Inherited from JavaObject) JniPeerMembers Gets the JNI metadata used to invoke members of this Java peer. (Inherited from Object) PeerReference Gets the JNI object reference for this Java peer..,0,2026-08-19,2026-10-01T20:21:51.129838
MICROSOFTQA_REMINING,Microsoft Q&A,JNI socket,LocalServerSocket Constructor (Android.Net),https://learn.microsoft.com/en-us/dotnet/api/android.net.localserversocket.-ctor,"LocalServerSocket(IntPtr, JniHandleOwnership) A constructor used when creating managed representations of JNI objects; called by the runtime. On the Android platform, the name is created in the Linux abstract namespace (instead of on the filesystem).Java documentation for android.net.LocalServerSocket.LocalServerSocket(java.lang.String).Portions.",0,2026-09-17,2026-10-01T20:21:51.129846
MICROSOFTQA_REMINING,Microsoft Q&A,JNI socket,DatagramSocket Class (Java.Net),https://learn.microsoft.com/en-us/dotnet/api/java.net.datagramsocket,DatagramSocket Class Definition Namespace: Java.Net Assembly:Mono.Android.dll This class represents a socket for sending and receiving datagram packets. Inheritance Object JavaObject Object DatagramSocket Derived Java.Net.MulticastSocket Attributes RegisterAttribute Implements IJavaObject IJavaPeerable ICloseable IDisposable Remarks This class.,0,2026-08-19,2026-10-01T20:21:51.129853
MICROSOFTQA_REMINING,Microsoft Q&A,JNI socket,MulticastSocket Class (Java.Net),https://learn.microsoft.com/en-us/dotnet/api/java.net.multicastsocket,"MulticastSocket Class Definition Namespace: Java.Net Assembly:Mono.Android.dll The multicast datagram socket class is useful for sending and receiving IP multicast packets. A MulticastSocket is a (UDP) DatagramSocket, with additional capabilities for joining ""groups"" of other multicast hosts on the internet.A multicast group is specified by a.",0,2026-08-19,2026-10-01T20:21:51.129860
MICROSOFTQA_REMINING,Microsoft Q&A,JNI socket,IDatagramSocketImplFactory Interface (Java.Net),https://learn.microsoft.com/en-us/dotnet/api/java.net.idatagramsocketimplfactory,IDatagramSocketImplFactory Interface Definition Namespace: Java.Net Assembly:Mono.Android.dll This interface defines a factory for datagram socket implementations. It is used by the classes DatagramSocket to create actual socket implementations.Added in 1.3.Java documentation for java.net.DatagramSocketImplFactory.Portions of this page are.,0,2026-08-19,2026-10-01T20:21:51.129868
MICROSOFTQA_REMINING,Microsoft Q&A,JNI socket,ISocketOption Interface (Java.Net),https://learn.microsoft.com/en-us/dotnet/api/java.net.isocketoption,"ISocketOption Interface Definition Namespace: Java.Net Assembly:Mono.Android.dll A socket option associated with a socket. Attributes RegisterAttribute JavaTypeParametersAttribute Implements IJavaObject IJavaPeerable IDisposable Remarks A socket option associated with a socket.In the java.nio.channels channels package, the.",0,2026-08-19,2026-10-01T20:21:51.129876
MICROSOFTQA_REMINING,Microsoft Q&A,JNI socket,ServerSocketChannel Class (Java.Nio.Channels),https://learn.microsoft.com/en-us/dotnet/api/java.nio.channels.serversocketchannel,"ServerSocketChannel Class Definition Namespace: Java.Nio.Channels Assembly:Mono.Android.dll A selectable channel for stream-oriented listening sockets. Constructors Name Description ServerSocketChannel(IntPtr, JniHandleOwnership) A constructor used when creating managed representations of JNI objects; called by the runtime. (Inherited from Object).",0,2026-09-26,2026-10-01T20:21:51.129883
MICROSOFTQA_REMINING,Microsoft Q&A,JNI socket,SSLSocketFactory Constructor (Org.Apache.Http.Conn.Ssl),https://learn.microsoft.com/en-us/dotnet/api/org.apache.http.conn.ssl.sslsocketfactory.-ctor,"SSLSocketFactory(IntPtr, JniHandleOwnership) A constructor used when creating managed representations of JNI objects; called by the runtime. Applies to SSLSo... Parameters javaReference IntPtr A IntPtrcontaining a Java Native Interface (JNI) object reference. transfer JniHandleOwnership A JniHandleOwnershipindicating how to handle javaReference.",0,2026-09-17,2026-10-01T20:21:51.129891
MICROSOFTQA_REMINING,Microsoft Q&A,JNI socket,Socket.ThresholdClass Property (Java.Net),https://learn.microsoft.com/en-us/dotnet/api/java.net.socket.thresholdclass,Socket.ThresholdClass Property Definition Namespace: Java.Net Assembly:Mono.Android.dll This API supports the Mono for Android infrastructure and is not intended to be used directly from your code. Property Value IntPtr A IntPtr which contains the java.lang.Class JNI value corresponding to this type. Remarks Portions of this page are modifications.,0,2026-08-19,2026-10-01T20:21:51.129898
MICROSOFTQA_REMINING,Microsoft Q&A,JNI socket,Windows Sockets Error Codes (Winsock2.h) - Win32 apps,https://learn.microsoft.com/en-us/windows/win32/winsock/windows-sockets-error-codes-2,"Windows Sockets Error Codes Summarize this article for me In this article Most Windows Sockets 2 functions do not return the specific cause of an error when the function returns. When a particular Windows Sockets function indicates an error has occurred, this function should be called immediately to retrieve the extended error code for the failing.",0,2021-08-19,2026-10-01T20:21:51.129906
MICROSOFTQA_REMINING,Microsoft Q&A,JNI socket,socket function (winsock2.h) - Win32 apps,https://learn.microsoft.com/en-us/windows/win32/api/winsock2/nf-winsock2-socket,"socket function (winsock2.h) Summarize this article for me In this article The socket function creates a socket that is bound to a specific transport service provider. Other options for address family (AF_NETBIOS for use with NetBIOS, for example) are supported if a Windows Sockets service provider for the address family is installed. Note that.",0,2024-02-22,2026-10-01T20:21:51.129913
MICROSOFTQA_REMINING,Microsoft Q&A,JNI socket,Use TcpClient and TcpListener - .NET,https://learn.microsoft.com/en-us/dotnet/fundamentals/networking/sockets/tcp-classes,"TCP overview Summarize this article for me In this article Important The Socket class is highly recommended for advanced users, instead of TcpClient and TcpListener. To work with Transmission Control Protocol (TCP), you have two options: either use Socket for maximum control and performance, or use the TcpClient and TcpListener helper classes..",0,2026-03-30,2026-10-01T20:21:51.129921
MICROSOFTQA_REMINING,Microsoft Q&A,JNI security,Study guide for Exam SC-500: Implementing End-to-End Security Controls for Cloud and AI Workloads,https://learn.microsoft.com/en-us/credentials/certifications/resources/study-guides/sc-500,Study guide for Exam SC-500: Implementing End-to-End Security Controls for Cloud and AI Workloads Summarize this article for me In this article Purpose of this document This study guide should help you understand what to expect on the exam and includes a summary of the topics the exam might cover and links to additional resources. .,0,2026-07-31,2026-10-01T20:21:53.758027
MICROSOFTQA_REMINING,Microsoft Q&A,JNI security,Exam SC-100: Microsoft Cybersecurity Architect - Certifications,https://learn.microsoft.com/en-us/credentials/certifications/exams/sc-100/,"Exams Exam SC-100: Microsoft Cybersecurity Architect As a Microsoft cybersecurity architect, you translate a cybersecurity strategy into capabilities that protect the assets, business, and operations of an organization. Part of the requirements for: Microsoft Certified: Cybersecurity Architect Expert Related exams: none Go to Learn Profile.",0,2026-09-21,2026-10-01T20:21:53.758061
MICROSOFTQA_REMINING,Microsoft Q&A,JNI security,"Study guide for Exam SC-900: Microsoft Security, Compliance, and Identity Fundamentals",https://learn.microsoft.com/en-us/credentials/certifications/resources/study-guides/sc-900,"Study guide for Exam SC-900: Microsoft Security, Compliance, and Identity Fundamentals Summarize this article for me In this article Purpose of this document This study guide should help you understand what to expect on the exam and includes a summary of the topics the exam might cover and links to additional resources. The information an... Study.",0,2026-09-21,2026-10-01T20:21:53.758070
MICROSOFTQA_REMINING,Microsoft Q&A,JNI security,Zero Trust Guidance Center,https://learn.microsoft.com/en-us/security/zero-trust/,"Zero Trust Guidance Center Zero Trust security “assumes breach,” “never trusts,” and “always verifies.”. The Zero Trust Guidance Center helps you adopt security, deliver secure business outcomes, and protect technology pillars such as identity, devices, and data across your organization. Find deployment guides, assessment tools, and adoption.",0,2026-09-11,2026-10-01T20:21:53.758078
MICROSOFTQA_REMINING,Microsoft Q&A,JNI security,Training for Security Engineers,https://learn.microsoft.com/en-us/training/career-paths/security-engineer,"Career path Training for Security Engineers Microsoft Learn helps you discover the tools and skills you need to become a security engineer. Browse the official plan for security engineers What is an security engineer. Security engineers are responsible for protecting organizations and systems against vulnerabilities, security incidents and.",0,2025-11-14,2026-10-01T20:21:53.758083
MICROSOFTQA_REMINING,Microsoft Q&A,JNI security,Introduction to Microsoft security solutions - Training,https://learn.microsoft.com/en-us/training/paths/describe-capabilities-of-microsoft-security-solutions/,"Introduction to Microsoft security solutions At a glance Level Beginner Skill &nbsp; Product Azure Microsoft 365 Role Business User Student Subject Security Learn about security capabilities in Microsoft.  ...ll include network and platform capabilities of Azure, Azure securityYou’ll learn about threat protection with Microsoft Defender XDR and.",0,2026-04-27,2026-10-01T20:21:53.758087
MICROSOFTQA_REMINING,Microsoft Q&A,JNI security,Security and governance - Microsoft Copilot Studio,https://learn.microsoft.com/en-us/microsoft-copilot-studio/security-and-governance,"Key concepts - Copilot Studio security and governance Summarize this article for me In this article Copilot Studio follows a number of security and governance controls and processes, including geographic data residency, data loss prevention (DLP), multiple standards certifications, regulatory compliance, environment routing, and regional.",0,2026-08-08,2026-10-01T20:21:53.758092
MICROSOFTQA_REMINING,Microsoft Q&A,JNI security,Shared responsibility in the cloud - Microsoft Azure,https://learn.microsoft.com/en-us/azure/security/fundamentals/shared-responsibility,"Shared responsibility in the cloud Summarize this article for me In this article As you consider and evaluate public cloud services, it's critical to understand the shared responsibility model and which security tasks the cloud provider handles and which tasks you handle. Workload responsibilities vary depending on whether the workload is hosted.",0,2026-08-24,2026-10-01T20:21:53.758096
MICROSOFTQA_REMINING,Microsoft Q&A,JNI security,Security hub - Security,https://learn.microsoft.com/en-us/security/,"Microsoft Security Empower your organization with AI-driven cybersecurity. Microsoft's integrated security solutions built on Zero Trust principles help you stay ahead of evolving risks. Learn how to predict and protect against threats with Microsoft Defender and Microsoft Sentinel, protect workloads and AI with Microsoft Defender for Cloud..",0,2026-09-04,2026-10-01T20:21:53.758100
MICROSOFTQA_REMINING,Microsoft Q&A,JNI security,Microsoft Defender Antivirus in the Windows Security app - Microsoft Defender for Endpoint,https://learn.microsoft.com/en-us/defender-endpoint/microsoft-defender-security-center-antivirus,"Microsoft Defender Antivirus in the Windows Security app Summarize this article for me In this article This article describes how to use the Windows Security app to manage Microsoft Defender Antivirus. You can run scans, check security intelligence updates, verify real-time protection, add exclusions, review threat detection history, and configure.",0,2026-08-14,2026-10-01T20:21:53.758105
MICROSOFTQA_REMINING,Microsoft Q&A,JNI security,Extended Security Updates (ESU) program for Windows 10,https://learn.microsoft.com/en-us/windows/whats-new/extended-security-updates,Extended Security Updates (ESU) program for Windows 10 Summarize this article for me In this article Important Looking for consumer information. For individuals or Windows 1... The Windows 10 Extended Security Updates (ESU) program gives customers the option to receive security updates for PCs enrolled in the program. ESU is a paid program that.,0,2025-11-17,2026-10-01T20:21:53.758109
MICROSOFTQA_REMINING,Microsoft Q&A,JNI security,Baseline security mode settings,https://learn.microsoft.com/en-us/microsoft-365/baseline-security-mode/baseline-security-mode-settings,"Baseline security mode settings Summarize this article for me In this article As a Microsoft 365 admin, you can use Baseline security mode settings to protect and secure your business environment against external threats. Baseline security mode helps you: Protect business data. Prevent business disruption. Ensure secure collaboration. Baseline.",0,2026-09-30,2026-10-01T20:21:53.758114
MICROSOFTQA_REMINING,Microsoft Q&A,JNI security,Study guide for Exam SC-200: Microsoft Security Operations Analyst,https://learn.microsoft.com/en-us/credentials/certifications/resources/study-guides/sc-200,"Study guide for Exam SC-200: Microsoft Security Operations Analyst Summarize this article for me In this article Purpose of this document This study guide should help you understand what to expect on the exam and includes a summary of the topics the exam might cover and links to additional resources. Skills measured as of October 21, 2026 Audience.",0,2026-09-21,2026-10-01T20:21:53.758118
MICROSOFTQA_REMINING,Microsoft Q&A,JNI security,Training for Security Operations Analysts,https://learn.microsoft.com/en-us/training/career-paths/security-operations-analyst,Career path Training for Security Operations Analysts Microsoft Learn helps you discover the tools and skills you need to become a security operations analyst. Browse the official plan for security operations analysts What is an security operations analyst.  ...an for security operations analysts Your path to becoming an security operations.,0,2025-11-14,2026-10-01T20:21:53.758123
MICROSOFTQA_REMINING,Microsoft Q&A,JNI security,Row-level security (RLS) with Power BI - Microsoft Fabric,https://learn.microsoft.com/en-us/fabric/security/service-admin-row-level-security,"Row-level security (RLS) with Power BI Summarize this article for me In this article Row-level security (RLS) restricts data access for specific users of a Power BI semantic model. Filters restrict data at the row level, and you define filters within roles. You can also configure RLS on semantic models that use DirectQuery, such as SQL Server. For.",0,2026-07-08,2026-10-01T20:21:53.758127
MICROSOFTQA_REMINING,Microsoft Q&A,JNI security,Microsoft Defender Antivirus security intelligence and product updates and support - Microsoft Defender for Endpoint,https://learn.microsoft.com/en-us/defender-endpoint/microsoft-defender-antivirus-updates,"Microsoft Defender Antivirus security intelligence and product updates and support Summarize this article for me In this article Keeping Microsoft Defender Antivirus up to date is critical to ensure your devices are protected against new malware and attack techniques. Update your antivirus protection, even if Microsoft Defender Antivirus is r....",0,2026-08-25,2026-10-01T20:21:53.758132
MICROSOFTQA_REMINING,Microsoft Q&A,JNI security,Azure security documentation,https://learn.microsoft.com/en-us/azure/security/,"Azure security documentation Azure offers security advantages that support compliance efforts, and provide cost-effective security for your organization, and help protect your hybrid and multicloud platforms, applications, and data. Concept Zero Trust security in Azure Concept AI ... Azure offers security advantages that support your compliance.",0,2026-04-28,2026-10-01T20:21:53.758136
MICROSOFTQA_REMINING,Microsoft Q&A,JNI security,Active Directory Security Groups,https://learn.microsoft.com/en-us/windows-server/identity/ad-ds/manage/understand-security-groups,"Active Directory security groups Summarize this article for me In this article This article discusses default Active Directory security groups, group scope, and group functions. What is a security group in Active Directory. Security groups are a way to collect user accounts, computer accounts, and other groups into manageable units. In the Windows.",0,2025-09-22,2026-10-01T20:21:53.758141
MICROSOFTQA_REMINING,Microsoft Q&A,JNI security,Configure GitHub Advanced Security for Azure DevOps features - Azure Repos,https://learn.microsoft.com/en-us/azure/devops/repos/security/configure-github-advanced-security-features,Configure GitHub Advanced Security for Azure DevOps Summarize this article for me In this article GitHub Advanced Security for Azure DevOps adds GitHub Advanced Security's suite of security features to Azure Repos and includes the following features: Secret Scanning push protection: check if code pushes include commits that expose secrets such as.,0,2026-08-17,2026-10-01T20:21:53.758145
MICROSOFTQA_REMINING,Microsoft Q&A,JNI security,AI security fundamentals - Training,https://learn.microsoft.com/en-us/training/paths/ai-security-fundamentals/,"AI security fundamentals At a glance Level Beginner Skill &nbsp; Product Azure Role Developer Administrator Security Engineer Want to learn more about AI security. This learning path helps you understand the basic concepts of AI security, the types of security controls that apply to AI systems, and the security testing procedures that you can.",0,2026-03-09,2026-10-01T20:21:53.758150
MICROSOFTQA_REMINING,Microsoft Q&A,JNI security,Azure network security groups overview,https://learn.microsoft.com/en-us/azure/virtual-network/network-security-groups-overview,"Azure network security groups overview Summarize this article for me In this article You can use an Azure network security group to filter network traffic between Azure resources in Azure virtual networks. A network security group contains security rules that allow or deny inbound network traffic to, or outbound network traffic from, several types.",0,2025-10-23,2026-10-01T20:21:53.758154
MICROSOFTQA_REMINING,Microsoft Q&A,JNI security,Enable Windows 10 Extended Security Updates (ESU),https://learn.microsoft.com/en-us/windows/whats-new/enable-extended-security-updates,"Enable Windows 10 Extended Security Updates (ESU) for physical machines Summarize this article for me In this article Important Looking for consumer information. For individuals or Windows 10 Home customers, more information about Ext... The Windows 10 Extended Security Updates (ESU) program allows organizations to receive critical and important.",0,2026-04-22,2026-10-01T20:21:53.758159
MICROSOFTQA_REMINING,Microsoft Q&A,JNI security,Learn about Security Copilot for Microsoft 365 E5 and E7 customers,https://learn.microsoft.com/en-us/copilot/security/security-copilot-inclusion,"Learn about Security Copilot for Microsoft 365 E5 and E7 included customers Summarize this article for me In this article At Ignite 2025, Microsoft announced that Security Copilot agents will be directly built into the flow of work for security teams using Microsoft Defender, Microsoft Entra, Microsoft Intune, and Microsoft Purview. To make the.",0,2026-06-19,2026-10-01T20:21:53.758164
MICROSOFTQA_REMINING,Microsoft Q&A,JNI security,Learn about using Intune to manage Microsoft Defender settings on devices that aren't enrolled with Intune - Microsoft Intune,https://learn.microsoft.com/en-us/intune/device-security/microsoft-defender/security-settings-management,"Learn how to use Intune endpoint security policies to manage Microsoft Defender for Endpoint on devices that are not enrolled with Intune Summarize this article for me In this article When you integrate Microsoft Intune with Microsoft Defender for Endpoint, you can use Intune endpoint security policies to manage the Defender security settings on.",0,2026-07-27,2026-10-01T20:21:53.758627
MICROSOFTQA_REMINING,Microsoft Q&A,JNI security,Enterprise Mobility + Security documentation,https://learn.microsoft.com/en-us/enterprise-mobility-security/,Enterprise Mobility + Security documentation Enterprise Mobility + Security (EMS) is a mobility management and security platform that helps protect and secure your organization and empower your employees. Microsoft Entra ID Identity and access management solution that helps you safeguard user credentials and connect people securely to the apps.,0,2026-08-03,2026-10-01T20:21:53.758638
MICROSOFTQA_REMINING,Microsoft Q&A,JNI security,What is Microsoft Security Copilot?,https://learn.microsoft.com/en-us/copilot/security/microsoft-security-copilot,"What is Microsoft Security Copilot. Summarize this article for me In this article Microsoft Security Copilot (Security Copilot) is a generative AI-powered security solution that helps increase the efficiency and capabilities of defenders to improve security outcomes at machine speed and scale. Security Copilot provides a natural language,.",0,2026-04-28,2026-10-01T20:21:53.758646
MICROSOFTQA_REMINING,Microsoft Q&A,JNI security,Preset security policies - Microsoft Defender for Office 365,https://learn.microsoft.com/en-us/defender-office-365/preset-security-policies,"Preset security policies in cloud organizations Summarize this article for me In this article Tip Did you know you can try the features in Microsoft Defender for Office 365 Plan 2 for free. The threat policy settings in preset security policies provide a balance between keeping harmful content... Depending on your organization, preset security.",0,2026-08-19,2026-10-01T20:21:53.758653
MICROSOFTQA_REMINING,Microsoft Q&A,JNI security,Getting Started with Codename MDASH - Microsoft Security Exposure Management,https://learn.microsoft.com/en-us/security-exposure-management/ai-code-security-onboarding,"Getting Started with Codename MDASH Summarize this article for me In this article Confirm you have everything in place before you begin, then follow the steps to connect your organization to agentic code security, codename MDASH, and start running scans on your code. Prerequisites checklist To complete this setup, you need: Global Administrator or.",0,2026-09-15,2026-10-01T20:21:53.758660
MICROSOFTQA_REMINING,Microsoft Q&A,JNI security,Enhance security operations by using Microsoft Security Copilot (SC-5006) - Training,https://learn.microsoft.com/en-us/training/paths/security-copilot-and-ai/,Enhance security operations by using Microsoft Security Copilot At a glance Level Beginner Skill &nbsp; Product Microsoft Defender XDR Microsoft Sentinel Microsoft Intune Microsoft Entra Microsoft Defender for Threat Intelligence Microsoft Copilot Role Student Security Engineer Security Operations Analyst Business User Business Owner Subject.,0,2026-05-26,2026-10-01T20:21:53.758668
MICROSOFTQA_REMINING,Microsoft Q&A,JNI security,Control user access to environments with security groups and licenses - Power Platform,https://learn.microsoft.com/en-us/power-platform/admin/control-user-access,"Control user access to environments with security groups and licenses Summarize this article for me In this article If your company has multiple environments, use security groups to control which licensed users can be members of a particular environment. Note For information about how user access works for Microsoft Dataverse for Teams, see User.",0,2026-08-28,2026-10-01T20:21:53.758676
MICROSOFTQA_REMINING,Microsoft Q&A,GetMethodID,"JNIEnv.GetMethodID(IntPtr, String, String) Method (Android.Runtime)",https://learn.microsoft.com/en-us/dotnet/api/android.runtime.jnienv.getmethodid,"JNIEnv.GetMethodID(IntPtr, String, String) Method Definition Namespace: Android.Runtime Assembly:Mono.Android.dll Parameters kls IntPtr name String signature String Returns IntPtr Remarks Portions of this page are modifications based on work created and shared by the Android Open Source Project and used according to terms described in the Creative.",0,2026-09-18,2026-10-01T20:21:57.839101
MICROSOFTQA_REMINING,Microsoft Q&A,GetMethodID,JniEnvironment.InstanceMethods.GetMethodID Method (Java.Interop),https://learn.microsoft.com/en-us/dotnet/api/java.interop.jnienvironment.instancemethods.getmethodid,"JniEnvironment.InstanceMethods.GetMethodID Method Definition Namespace: Java.Interop Assembly:Java.Interop.dll Overloads Name Description GetMethodID(JniObjectReference, ReadOnlySpan, ReadOnlySpan) Looks up a JNI instance method ID using null-terminated UTF-8 name and signature spans. GetMethodID(JniObjectReference, String, String).",0,2026-09-18,2026-10-01T20:21:57.839129
MICROSOFTQA_REMINING,Microsoft Q&A,GetMethodID,Foreground Service in Android 7.0 and Android 5.1.1 - Microsoft Q&A,https://learn.microsoft.com/en-us/answers/questions/660328/foreground-service-in-android-7-0-and-android-5-1,"...and (Android.Content.Intent intent, Android.App.StartCommandFlags flags, System.Int32 startId) Java.Lang.NoSuchMethodError: no non-static method &quot;Landroid/app/Notification$Builder;.&lt;init&gt;(Landroid/content/Context;Ljava/lang/String;)V&quot; InnerException Xamarin Exception Stack: Java.Lang.NoSuchMethodError: no non-static method.",0,2021-12-13,2026-10-01T20:21:57.839134
MICROSOFTQA_REMINING,Microsoft Q&A,GetMethodID,JniEnvironment.InstanceMethods Class (Java.Interop),https://learn.microsoft.com/en-us/dotnet/api/java.interop.jnienvironment.instancemethods,"...MethodInfo, JniArgumentValue*) CallNonvirtualVoidMethod(JniObjectReference, JniObjectReference, JniMethodInfo) CallObjectMethod(JniObjectReference, JniMethodInfo, JniArgumentValue*) CallObjectMethod(JniObjectReference, JniMethodInfo) CallShortMethod(JniObjectReference, JniMethodInfo, JniArgumentValue*) CallShortMethod(JniObjectReference,.",0,2026-09-18,2026-10-01T20:21:57.839139
MICROSOFTQA_REMINING,Microsoft Q&A,GetMethodID,JNIEnv Class (Android.Runtime),https://learn.microsoft.com/en-us/dotnet/api/android.runtime.jnienv,"...tPtr, IntPtr, JValue[]) CallStaticObjectMethod(IntPtr, IntPtr, JValue*) CallStaticObjectMethod(IntPtr, IntPtr) CallStaticShortMethod(IntPtr, IntPtr, JValue[]) CallStaticShortMethod(IntPtr, IntPtr, JValue*) CallStaticShortMethod(IntPtr, IntPtr) CallStaticVoidMethod(IntPtr, IntPtr, JValue[]) CallStaticVoidMethod(IntPtr, IntPtr, JValue*).",0,2026-09-18,2026-10-01T20:21:57.839144
MICROSOFTQA_REMINING,Microsoft Q&A,JNI threading,.NET documentation - .NET,https://learn.microsoft.com/en-us/dotnet/,....NET apps with Docker .NET tools and diagnostics .NET SDK overview .NET CLI overview MSBuild property reference Global and local tools Diagnostics tools Code analysis Package validation Migrate and upgrade Port from .NET Framework to .NET .NET breaking changes Download .NET DevOps and testing Deploy .NET apps Unit test .NET apps GitHub Actions.,0,2026-04-30,2026-10-01T20:22:00.762545
MICROSOFTQA_REMINING,Microsoft Q&A,JNI threading,Channels - .NET,https://learn.microsoft.com/en-us/dotnet/core/extensions/channels,"System.Threading.Channels library Summarize this article for me In this article The System.Threading.Channels namespace provides a set of synchronization data structures for passing data between producers and consumers asynchronously. The library targets .NET, .NET Standard, and .NET Framework, and works on all .NET implementations. This library.",0,2026-04-03,2026-10-01T20:22:00.762582
MICROSOFTQA_REMINING,Microsoft Q&A,JNI threading,SemaphoreSlim Class (System.Threading),https://learn.microsoft.com/en-us/dotnet/api/system.threading.semaphoreslim,"SemaphoreSlim Class Definition Namespace: System.Threading Assemblies:mscorlib.dll, System.Threading.dll Assemblies:netstandard.dll, System.Threading.dll Assembly:System.Threading.dll Assembly:mscorlib.dll Assembly:netstandard.dll Source:SemaphoreSlim.cs Source:SemaphoreSlim.cs Source:SemaphoreSlim.cs Source:SemaphoreSlim.cs.",0,2026-07-01,2026-10-01T20:22:00.762591
MICROSOFTQA_REMINING,Microsoft Q&A,JNI threading,Creating threads and passing data at start time - .NET,https://learn.microsoft.com/en-us/dotnet/standard/threading/creating-threads-and-passing-data-at-start-time,"Create threads and pass data at start time Summarize this article for me In this article When an operating-system process is created, the operating system injects a thread to execute code in that process, including any original application domain. From that point on, application domains can be created and destroyed withou... Understand how to.",0,2026-03-30,2026-10-01T20:22:00.762599
MICROSOFTQA_REMINING,Microsoft Q&A,JNI threading,Data Structures for Parallel Programming - .NET,https://learn.microsoft.com/en-us/dotnet/standard/parallel-programming/data-structures-for-parallel-programming,"Data Structures for Parallel Programming Summarize this article for me In this article .NET provides several types that are useful in parallel programming, including a set of concurrent collection classes, lightweight synchronization primitives, and types for lazy initialization. You can use these types with any multithreaded application code,.",0,2026-03-30,2026-10-01T20:22:00.762606
MICROSOFTQA_REMINING,Microsoft Q&A,JNI threading,The lock statement - synchronize access to shared resources - C# reference,https://learn.microsoft.com/en-us/dotnet/csharp/language-reference/statements/lock,"The lock statement - ensure exclusive access to a shared resource Summarize this article for me In this article The lock statement acquires the mutual-exclusion lock for a given object, executes a statement block, and then releases the lock. While a lock is held, the thread that holds the lock can acquire and release the lock multiple times. The.",0,2026-01-20,2026-10-01T20:22:00.762613
MICROSOFTQA_REMINING,Microsoft Q&A,JNI threading,Using threads and threading - .NET,https://learn.microsoft.com/en-us/dotnet/standard/threading/using-threads-and-threading,"Using threads and threading Summarize this article for me In this article With .NET, you can write applications that perform multiple operations at the same time. Operations with the potential of holding up other operations can execute on separate threads, a process known as multithreading or free threading. Applications that use multithreading.",0,2026-03-30,2026-10-01T20:22:00.762620
MICROSOFTQA_REMINING,Microsoft Q&A,JNI threading,AsyncLocal<T> Class (System.Threading),https://learn.microsoft.com/en-us/dotnet/api/system.threading.asynclocal-1,"AsyncLocal Class Definition Namespace: System.Threading Assemblies:mscorlib.dll, System.Threading.dll Assemblies:netstandard.dll, System.Threading.dll Assembly:System.Threading.dll Assembly:mscorlib.dll Assembly:netstandard.dll Source:AsyncLocal.cs Source:AsyncLocal.cs Source:AsyncLocal.cs Source:AsyncLocal.cs Source:AsyncLocal.cs Represents.",0,2026-07-01,2026-10-01T20:22:00.762626
MICROSOFTQA_REMINING,Microsoft Q&A,JNI threading,Overview of synchronization primitives - .NET,https://learn.microsoft.com/en-us/dotnet/standard/threading/overview-of-synchronization-primitives,"Overview of synchronization primitives Summarize this article for me In this article .NET provides a range of types that you can use to synchronize access to a shared resource or coordinate thread interaction. If you use different synchronization primitive instances to protect the same resource, you'll circumvent. WaitHandle class and lightweight.",0,2026-07-07,2026-10-01T20:22:00.762634
MICROSOFTQA_REMINING,Microsoft Q&A,JNI threading,Cancellation in Managed Threads - .NET,https://learn.microsoft.com/en-us/dotnet/standard/threading/cancellation-in-managed-threads,"Cancellation in Managed Threads Summarize this article for me In this article .NET uses a unified model for cooperative cancellation of asynchronous or long-running synchronous operations. This model is based on a lightweight object called a cancellation token. The object that invokes one or more cancelable operations, for example by creating new.",0,2026-08-13,2026-10-01T20:22:00.762641
MICROSOFTQA_REMINING,Microsoft Q&A,JNI threading,Managed Threading Best Practices - .NET,https://learn.microsoft.com/en-us/dotnet/standard/threading/managed-threading-best-practices,"Managed threading best practices Summarize this article for me In this article Multithreading requires careful programming. For most tasks, you can reduce complexity by queuing requests for execution by thread pool threads. This topic addresses more difficult situations, such as coordinating the work of multiple threads, or handling threads that.",0,2026-08-13,2026-10-01T20:22:00.762649
MICROSOFTQA_REMINING,Microsoft Q&A,JNI threading,Threading and Sync Model of Display Miniport Driver - Windows drivers,https://learn.microsoft.com/en-us/windows-hardware/drivers/display/threading-and-synchronization-model-of-display-miniport-driver,"Threading and Synchronization Model of Display Miniport Driver Summarize this article for me In this article In general, the display miniport driver (KMD) is reentrant. That is, multiple threads can be present within a KMD at the same time. However, some calls into the KMD shouldn't be reentrant because they either access grap... Suggest a fix..",0,2025-03-25,2026-10-01T20:22:00.762657
MICROSOFTQA_REMINING,Microsoft Q&A,JNI threading,The managed thread pool - .NET,https://learn.microsoft.com/en-us/dotnet/standard/threading/the-managed-thread-pool,"The managed thread pool Summarize this article for me In this article The System.Threading.ThreadPool class provides your application with a pool of worker threads that are managed by the system, allowing you to concentrate on application tasks rather than thread management. If you have short tasks that require background processing, the managed.",0,2026-03-30,2026-10-01T20:22:00.762666
MICROSOFTQA_REMINING,Microsoft Q&A,JNI threading,Everything You Always Wanted to Know About Threading (But...),https://learn.microsoft.com/en-us/shows/goingnative-2013/everything-you-always-wanted-to-know-about-threading-but,"Episode Everything You Always Wanted to Know About Threading (But...) with Elliot H. Omiya (EHO) GoingNative 2013 In this talk, Elliot discusses the history of threading in Windows and surveys thread scheduling, threadpool internals, UI thread behavior, the new ASTA UI infrastructure, and the WinRT async pattern. In this talk, Elliot discusses the.",0,2024-03-08,2026-10-01T20:22:00.762675
MICROSOFTQA_REMINING,Microsoft Q&A,JNI threading,Threading config settings - .NET,https://learn.microsoft.com/en-us/dotnet/core/runtime-config/threading,"Runtime configuration options for threading Summarize this article for me In this article This article details the settings you can use to configure threading in .NET. Use all CPU groups on Windows On machines that have multiple CPU groups, this setting configures whether components such as the thread pool use all CPU groups or only the primary.",0,2026-08-28,2026-10-01T20:22:00.762682
MICROSOFTQA_REMINING,Microsoft Q&A,JNI threading,Timer Class (System.Threading),https://learn.microsoft.com/en-us/dotnet/api/system.threading.timer,"Timer Class Definition Namespace: System.Threading Assemblies:mscorlib.dll, System.Threading.Timer.dll Assemblies:netstandard.dll, System.Runtime.dll Assembly:System.Threading.Timer.dll Assembly:mscorlib.dll Assembly:netstandard.dll Source:Timer.cs Source:Timer.cs Source:Timer.cs Source:Timer.cs Source:Timer.cs Provides a mechanism for executing a.",0,2026-07-01,2026-10-01T20:22:00.762686
MICROSOFTQA_REMINING,Microsoft Q&A,JNI threading,Tablet PC Threading Considerations - Win32 apps,https://learn.microsoft.com/en-us/windows/win32/tablet/tablet-pc-threading-considerations,"Tablet PC Threading Considerations Summarize this article for me In this article When designing or working with multithreaded applications, you need to consider certain threading and related topics that are specific to the Tablet PC. General Threading Considerations Managed Library Threading Considerations COM and Automation Threading.",0,2025-03-11,2026-10-01T20:22:00.762691
MICROSOFTQA_REMINING,Microsoft Q&A,JNI threading,Threading Model - WPF,https://learn.microsoft.com/en-us/dotnet/desktop/wpf/advanced/threading-model,"Threading model Summarize this article for me In this article Windows Presentation Foundation (WPF) is designed to save developers from the difficulties of threading. As a result, most WPF developers don't write an interface that uses more than one thread. WPF comes close, but there are still situations where multiple threads improve user.",0,2025-08-27,2026-10-01T20:22:00.762696
MICROSOFTQA_REMINING,Microsoft Q&A,JNI threading,Thread.Sleep Method (System.Threading),https://learn.microsoft.com/en-us/dotnet/api/system.threading.thread.sleep,"Thread.Sleep Method Definition Namespace: System.Threading Assemblies:netstandard.dll, System.Threading.Thread.dll Assembly:System.Threading.Thread.dll Assembly:mscorlib.dll Assembly:netstandard.dll Suspends the current thread for the specified amount of time. Overloads Name Description Sleep(Int32) Suspends the current thread for the specified.",0,2026-07-01,2026-10-01T20:22:00.762700
MICROSOFTQA_REMINING,Microsoft Q&A,JNI threading,Recognizer Threading Considerations - Win32 apps,https://learn.microsoft.com/en-us/windows/win32/tablet/recognizer-threading-considerations,"Recognizer Threading Considerations Summarize this article for me In this article Although a recognizer context cannot be accessed on two threads simultaneously by the Tablet PC platform, the AdviseInkChange function can be called at any time on any thread. ... Although a&\#160;recognizer context&\#160;cannot be accessed on two threads.",0,2025-03-11,2026-10-01T20:22:00.762705
MICROSOFTQA_REMINING,Microsoft Q&A,JNI threading,WDDM Threading and Synchronization Model - Windows drivers,https://learn.microsoft.com/en-us/windows-hardware/drivers/display/windows-vista-display-driver-threading-and-synchronization-model,WDDM Threading and Synchronization Model Summarize this article for me In this article The following topics describe the display driver threading and synchronization model for the Windows Display Driver Model (WDDM): Threading and Synchronization Model of Display Miniport Driver Threading Model of User-Mode Display Driver Feedback Was this page.,0,2025-07-18,2026-10-01T20:22:00.762709
MICROSOFTQA_REMINING,Microsoft Q&A,JNI threading,COM+ Contexts and Threading Models - Win32 apps,https://learn.microsoft.com/en-us/windows/win32/cossdk/com--contexts-and-threading-models,"COM+ Contexts and Threading Models Summarize this article for me In this article The following topics discuss COM+ contexts and how COM+ uses the COM threading models. COM+ Contexts COM+ Threading Models Related topics Processes, Threads, and Apartments Feedback Was this page helpful. Yes No Need help with this topic. Want to try using Ask Learn.",0,2025-03-11,2026-10-01T20:22:00.762714
MICROSOFTQA_REMINING,Microsoft Q&A,JNI threading,Choosing the Threading Model - Win32 apps,https://learn.microsoft.com/en-us/windows/win32/com/choosing-the-threading-model,"Choosing the Threading Model Summarize this article for me In this article Choosing the threading model for an object depends on the object's function. An object that does extensive I/O might support free-threading to provide maximum response to clients by allowing interface calls during I/O latency. On the other hand, an object that interacts.",0,2026-07-17,2026-10-01T20:22:00.762719
MICROSOFTQA_REMINING,Microsoft Q&A,JNI threading,Threads and threading - .NET,https://learn.microsoft.com/en-us/dotnet/standard/threading/threads-and-threading,"Threads and threading Summarize this article for me In this article Multithreading allows you to increase the responsiveness of your application and, if your application runs on a multiprocessor or multi-core system, increase its throughput. Processes and threads A process is an executing program. An operating system uses processes to separate the.",0,2026-08-13,2026-10-01T20:22:00.762723
MICROSOFTQA_REMINING,Microsoft Q&A,JNI threading,Canceling threads cooperatively - .NET,https://learn.microsoft.com/en-us/dotnet/standard/threading/canceling-threads-cooperatively,"Canceling threads cooperatively Summarize this article for me In this article You can use a System.Threading.CancellationToken to cancel threads, just as you can use them to cancel System.Threading.Tasks.Task objects or PLINQ queries. Although the System.Threading.Thread class does not offer built-in support for cancellation tokens, you can pass a.",0,2026-08-13,2026-10-01T20:22:00.762728
MICROSOFTQA_REMINING,Microsoft Q&A,JNI threading,The Ink Threading Model - WPF,https://learn.microsoft.com/en-us/dotnet/desktop/wpf/advanced/the-ink-threading-model,"The Ink Threading Model Summarize this article for me In this article One of the benefits of ink on a Tablet PC is that it feels a lot like writing with a regular pen and paper. To accomplish this, the tablet pen collects input data at a much higher rate than a mouse does and renders the ink as the user writes. The application's user interface.",0,2025-08-27,2026-10-01T20:22:00.762732
MICROSOFTQA_REMINING,Microsoft Q&A,JNI threading,threading  (C++ COM Attribute),https://learn.microsoft.com/en-us/cpp/windows/attributes/threading-cpp,threading (C++) Summarize this article for me In this article Specifies the threading model for a COM object. Syntax Parameters model (Optional) One of the following threading models: apartment (apartment threading) neutral (.NET Framework components with no user interface) single (simple threading) free (free threading) both (apartment and free.,0,2021-08-03,2026-10-01T20:22:00.762737
MICROSOFTQA_REMINING,Microsoft Q&A,JNI threading,Managed and Unmanaged Threading in Windows - .NET,https://learn.microsoft.com/en-us/dotnet/standard/threading/managed-and-unmanaged-threading-in-windows,"Managed and unmanaged threading in Windows Summarize this article for me In this article Management of all threads is done through the Thread class, including threads created by the common language runtime and those created outside the runtime that enter the managed environment to execute code. The runtime monitors all the threads in its process.",0,2026-03-30,2026-10-01T20:22:00.762741
MICROSOFTQA_REMINING,Microsoft Q&A,JNI threading,Managed Threading Basics - .NET,https://learn.microsoft.com/en-us/dotnet/standard/threading/managed-threading-basics,"Managed threading basics Summarize this article for me In this article The first five articles of this section are designed to help you determine when to use managed threading and to explain some basic features. For information on classes that provide additional features, see Threading Objects and Features and Overview of Synchronization.",0,2026-08-13,2026-10-01T20:22:00.762746
MICROSOFTQA_REMINING,Microsoft Q&A,JNI threading,Threading Model Attribute - Win32 apps,https://learn.microsoft.com/en-us/windows/win32/cossdk/threading-model-attribute,Threading Model Attribute Summarize this article for me In this article COM+ manages threads for you. Every COM component has a ThreadingModel property that you can specify when you develop the component. This property determines how the component's objects are assigned to threads for method execution. You can use the Component Services.,0,2025-03-11,2026-10-01T20:22:00.762751
MICROSOFTQA_REMINING,Microsoft Q&A,JNI issue,Troubleshoot connectors - Azure Data Factory & Azure Synapse,https://learn.microsoft.com/en-us/azure/data-factory/connector-troubleshoot-guide,"Upgrade from Azure Data Factory to Data Factory in Microsoft Fabric. This article describes how to troubleshoot connectors in Azure Data Factory and Azure Synapse Analytics. Error code: 20002... Cause: If the error message contains ""Can't create JVM: JNI return code [-6][JNI call failed: Invalid arguments.],"" the possible cause is that JVM can't.",0,2026-08-05,2026-10-01T20:22:04.230270
MICROSOFTQA_REMINING,Microsoft Q&A,JNI issue,Troubleshoot connectors - Microsoft Fabric,https://learn.microsoft.com/en-us/fabric/data-factory/connector-troubleshoot-overview,"General copy activity errors Here are common errors you might see when using Copy activity with any connector: Error code: 20000 Message: Java Runtime Environment cannot be found on the on-premises data gateway... Error code: 20002 Message: An error occurred when invoking Java Native Interface. Cause: If the error message contains ""Can't create.",0,2026-09-16,2026-10-01T20:22:04.230298
MICROSOFTQA_REMINING,Microsoft Q&A,JNI issue,Can't Sign in to Teams for Mac after macOS Upgrade - Microsoft Teams,https://learn.microsoft.com/en-us/troubleshoot/microsoftteams/teams-on-mac/teams-sign-in-issues-after-os-upgrade,"Can't sign in to Teams for Mac after macOS upgrade Summarize this article for me In this article On a device that's running Microsoft Teams for Mac and that has the Company Portal app installed, if you upgrade to macOS version 15.3, you experience issues when you try to sign in to Teams or use Teams features. Additionally, the fo... Provides.",0,2025-06-25,2026-10-01T20:22:04.230303
MICROSOFTQA_REMINING,Microsoft Q&A,JNI issue,Microsoft Learn resources,https://learn.microsoft.com/en-us/training/support/,"Microsoft Learn resources Get answers to frequently asked questions, troubleshoot common issues, and discover features related to Microsoft Learn. Support Frequently asked questions Browse common training issues Report feedback Plans Overview of Plans How to create and manage Plans How to start and complete Plans Best practices AI enhanced plan.",0,2026-08-03,2026-10-01T20:22:04.230308
MICROSOFTQA_REMINING,Microsoft Q&A,JNI issue,Microsoft 365 Apps deployment documentation - Microsoft 365 Apps,https://learn.microsoft.com/en-us/microsoft-365-apps/,Microsoft 365 Apps deployment documentation Resources for IT professionals and admins on how to deploy and manage Microsoft 365 Apps. What's new What's new in Microsoft 365 Apps Deploy Overview of deployment options Reference Licensing and activation overview Overview Overview of the Microsoft 365 Apps admin center Reference Privacy controls for.,0,2026-08-28,2026-10-01T20:22:04.230313
MICROSOFTQA_REMINING,Microsoft Q&A,JNI issue,How to check Microsoft 365 service health - Microsoft 365 Enterprise,https://learn.microsoft.com/en-us/microsoft-365/enterprise/view-service-health,"How to check Microsoft 365 service health Summarize this article for me In this article You can view the health of Microsoft services, including Office on the web, Microsoft Teams, Exchange Online, and Microsoft Dynamics 365 on the Service health page in the  Microsoft 365 admin center. If you're experiencing problems with a cloud service, you can.",0,2026-05-28,2026-10-01T20:22:04.230317
MICROSOFTQA_REMINING,Microsoft Q&A,JNI issue,Troubleshooting common training issues in Microsoft Learn,https://learn.microsoft.com/en-us/training/support/troubleshooting,"Troubleshooting common training issues in Microsoft Learn Summarize this article for me In this article We're continually improving the Microsoft Learn training experience, but if you have an issue, try one of these troubleshooting steps to get unblocked quickly. Common issue or error message Recommended quick fix ""MSA account requires additional.",0,2025-11-04,2026-10-01T20:22:04.230322
MICROSOFTQA_REMINING,Microsoft Q&A,JNI issue,"Resolved issues in Windows 11, version 24H2",https://learn.microsoft.com/en-us/windows/release-health/resolved-issues-windows-11-24h2,"Resolved issues SummaryOriginating updateStatusDate resolved Incorrect notifications that ""Microsoft Defender Antivirus is turned off""Microsoft Defender Antivirus remains active and functioning correctly despite notifications following the latest update.N/A  Resolved 2026-09-30 16:19 PT Remote Desktop Services might stop responding after Sept..",0,2026-09-30,2026-10-01T20:22:04.230326
MICROSOFTQA_REMINING,Microsoft Q&A,JNI issue,SQL Server Management Studio,https://learn.microsoft.com/en-us/ssms/,"SQL Server Management Studio Obtain and use SQL Server Management Studio (SSMS) to connect to and query SQL Server, Azure SQL Database, Azure SQL Managed Instance, SQL database in Microsoft Fabric, and more.  ...Server Management Studio Get started Quickstart Connect and query with SSMS Scripting SSMS Tool windows Tips and tricks Customize SSMS.",0,2026-07-23,2026-10-01T20:22:04.230330
MICROSOFTQA_REMINING,Microsoft Q&A,JNI issue,macOS Platform single sign-on known issues and troubleshooting - Microsoft Entra ID,https://learn.microsoft.com/en-us/entra/identity/devices/troubleshoot-macos-platform-single-sign-on-extension,macOS Platform single sign-on known issues and troubleshooting Summarize this article for me In this article This article outlines the current known issues and common questions with macOS Platform single sign-on (PSSO). It provides issue solutions and information on how to report an issue that isn't covered. This article also includes.,0,2026-06-29,2026-10-01T20:22:04.230336
MICROSOFTQA_REMINING,Microsoft Q&A,JNI issue,Office Add-ins known issues - Office Add-ins,https://learn.microsoft.com/en-us/office/dev/add-ins/resources/resources-office-add-in-known-issues,"RESOLVED: ISSUE: PIM-enabled tenants can't deploy o... PIM-enabled admin roles aren't correctly honored. During centralized deployment, role-based access control (RBAC) authorization fails. This failure leads to false permission denials during add-in deployment and management flows. STATUS Resolved. The underlying issue is fixed in the April 2026.",0,2026-09-16,2026-10-01T20:22:04.230340
MICROSOFTQA_REMINING,Microsoft Q&A,JNI issue,Find and fix email delivery issues as a Microsoft 365 for business admin - Exchange,https://learn.microsoft.com/en-us/troubleshoot/exchange/email-delivery/email-delivery-issues,"Find and fix email delivery issues as a Microsoft 365 for business admin Summarize this article for me In this article When users report that they aren't receiving email, it can be challenging to determine the cause. You might run through several troubleshooting scenarios in your mind. Is something wrong with Outlook. Is the Microsoft 365 service.",0,2025-06-25,2026-10-01T20:22:04.230345
MICROSOFTQA_REMINING,Microsoft Q&A,JNI issue,Troubleshoot Installation and Upgrade Issues - Visual Studio,https://learn.microsoft.com/en-us/troubleshoot/developer/visualstudio/installation/troubleshoot-installation-issues,Troubleshoot Visual Studio installation and upgrade issues Summarize this article for me In this article Applies to: Visual Studio This article includes step-by-step instructions to resolve common issues that affect the installation and upgrade of Microsoft Visual Studio. Tip Having a problem installing. We can help. We offer an installation chat.,0,2025-11-21,2026-10-01T20:22:04.230349
MICROSOFTQA_REMINING,Microsoft Q&A,JNI issue,Teams troubleshooting - Microsoft Teams,https://learn.microsoft.com/en-us/troubleshoot/microsoftteams/teams-welcome,"Microsoft Teams troubleshooting This library of articles provides guidance to troubleshoot and fix errors that you may experience when using Microsoft Teams. For a complete list of articles, browse the navigation pane on the left, or use the search box above the pane to filter by keywords and find help with a specific issue. Sign-in How-To Guide.",0,2025-07-14,2026-10-01T20:22:04.230356
MICROSOFTQA_REMINING,Microsoft Q&A,JNI issue,"Link GitHub commits, PRs, branches, and issues to work items - Azure Boards",https://learn.microsoft.com/en-us/azure/devops/boards/github/link-to-from-github,"Other Git repositorie... Tip You can use AI to help with this task later in this article, or see Enable AI assistance with Azure DevOps MCP Server to get started. Prerequisites Category Requirements Permissions You have Contributor access to both the Azure Boards project and the GitHub repository. Project connection Connect your Azure Boards.",0,2026-07-23,2026-10-01T20:22:04.230390
MICROSOFTQA_REMINING,Microsoft Q&A,JNI issue,Resolve interaction issues between Teams and Exchange Server - Microsoft Teams,https://learn.microsoft.com/en-us/troubleshoot/microsoftteams/exchange-integration/teams-exchange-interaction-issue,Resolve interaction issues between Teams and Exchange Server Summarize this article for me In this article Symptoms You experience one or more of the following issues. Issue 1: A delegate is unable to schedule a Teams meeting on behalf of a delegator A delegator whose mailbox is hosted on Exchange Server adds a delegate to manage their Microsoft.,0,2025-10-09,2026-10-01T20:22:04.230397
MICROSOFTQA_REMINING,Microsoft Q&A,JNI issue,Windows Server 2022 known issues and notifications,https://learn.microsoft.com/en-us/windows/release-health/status-windows-server-2022,"SummaryOriginating updateStatusLast updated Incorrect notifications that ""Microsoft Defender Antivirus is turned off""Microsoft Defender Antivirus remains active and functioning correctly despite notifications following the latest update.N/A  Resolved 2026-09-30 16:19 PT USB audio devices might fail to start or produce no soundSome USB Audio Class.",0,2026-09-30,2026-10-01T20:22:04.230404
MICROSOFTQA_REMINING,Microsoft Q&A,JNI issue,Windows Autopilot known issues,https://learn.microsoft.com/en-us/autopilot/known-issues,"Microsoft Entra hybrid join Autopilot deployments time out with error code 0x80004005 Date added: February 9, 2026 During Microsoft Entra hybrid join Autopilot deployments, devices might experience timeout errors with error code 0x80004005 in the deployment process. The issue is resolved in: KB5065789 or later for 25H2 KB5065426 or later for 24H2.",0,2026-09-08,2026-10-01T20:22:04.230411
MICROSOFTQA_REMINING,Microsoft Q&A,JNI issue,Windows Server 2025 known issues and notifications,https://learn.microsoft.com/en-us/windows/release-health/status-windows-server-2025,"Current status as of November 6, 2024 Windows Server ... It delivers security advancements and new hybrid cloud capabilities in a high performing, AI-capable platform. Windows Server 2025 is Microsoft’s latest Long-Term Servicing Channel (LTSC) release for Windows Server. To download a free 180-day evaluation, visit the Microsoft Evaluation.",0,2026-09-30,2026-10-01T20:22:04.230418
MICROSOFTQA_REMINING,Microsoft Q&A,JNI issue,Windows startup issues troubleshooting - Windows Client,https://learn.microsoft.com/en-us/troubleshoot/windows-client/performance/windows-boot-issues-troubleshooting,"This article provides troubleshooting techniques for issues that occur during the first three phases. Note If the computer repeatedly stops the startup process on the recovery options display, run the following command at a command prompt to break the cycle: Bcdedit /set {default} recoveryenabled no If the F8 options don't work, run the following.",0,2026-02-19,2026-10-01T20:22:04.230425
MICROSOFTQA_REMINING,Microsoft Q&A,JNI issue,.NET for Android error XA1045 - .NET for Android,https://learn.microsoft.com/en-us/dotnet/android/messages/xa1045,.NET for Android error XA1045 Summarize this article for me In this article Example messages Issue The generated JNI remapping XML file named in the error does not have the expected  root element. The build creates this file by merging its internal remapping inputs before generating native JNI remapping code. Solution Inspect the file path.,0,2026-09-24,2026-10-01T20:22:04.230432
MICROSOFTQA_REMINING,Microsoft Q&A,JNI issue,.NET for Android error XA1047 - .NET for Android,https://learn.microsoft.com/en-us/dotnet/android/messages/xa1047,.../example/OldClass) to — the replacement Java type name (e.g. com/example/NewClass) Required attributes for : source-type — the Java type containing the original method source-method-name — the name of the original method target-type — the Java type containing the replacement method target-method-name — the name of the replacement method.,0,2026-09-24,2026-10-01T20:22:04.230439
MICROSOFTQA_REMINING,Microsoft Q&A,JNI issue,.NET for Android error XA1046 - .NET for Android,https://learn.microsoft.com/en-us/dotnet/android/messages/xa1046,.NET for Android error XA1046 Summarize this article for me In this article Example messages Issue The target-method-instance-to-static attribute of a  element in the JNI remapping XML file contains a value that cannot be parsed as a boolean. The ... Solution Update the target-method-instance-to-static attribute in your JNI remapping XML file to.,0,2026-09-24,2026-10-01T20:22:04.230446
MICROSOFTQA_REMINING,Microsoft Q&A,JNI issue,JniEnvironment.References.CreatedReference(JniObjectReference) Method (Java.Interop),https://learn.microsoft.com/en-us/dotnet/api/java.interop.jnienvironment.references.createdreference,"JniEnvironment.References.CreatedReference(JniObjectReference) Method Definiti... When such untrackable JNI Local References are created, this may result in future assertions failing within Java.Interop.JniRuntime.JniObjectReferenceManager.DeleteLocalReference when the tracked JNI Local Reference count becomes negative.Use the.",0,2026-09-18,2026-10-01T20:22:04.230453
MICROSOFTQA_REMINING,Microsoft Q&A,JNI issue,Use Group Policy to deploy a Known Issue Rollback - Windows Client,https://learn.microsoft.com/en-us/troubleshoot/windows-client/group-policy/use-group-policy-to-deploy-known-issue-rollback,How to use Group Policy to deploy a Known Issue Rollback Summarize this article for me In this article This article discusses how to configure Group Policy to use a Known Issue Rollback (KIR) policy definition that activates a KIR on managed devices. Summary Microsoft has developed a new Windows servicing technology that's named KIR for Windows.,0,2026-02-18,2026-10-01T20:22:04.230461
MICROSOFTQA_REMINING,Microsoft Q&A,JNI issue,.NET for Android error XA4259 - .NET for Android,https://learn.microsoft.com/en-us/dotnet/android/messages/xa4259,".NET for Android error XA4259 Summarize this article for me In this article Example message Issue Two managed constructor parameter lists collapse to the same JNI signature. For example, int and uint both map to Java int, and two managed binding types can alias the same Java type. Solution Remove one constructor or change its parameters so every.",0,2026-09-24,2026-10-01T20:22:04.230469
MICROSOFTQA_REMINING,Microsoft Q&A,JNI issue,.NET for Android warning XA0148 - .NET for Android,https://learn.microsoft.com/en-us/dotnet/android/messages/xa0148,".NET for Android warning XA0148 Summarize this article for me In this article Example messages warning XA0148: Attempt to check whether 'path/to/libexample.so' is a valid ELF file failed with exception, ignoring symbol 'JNI_OnL... Issue An exception occurred while trying to read a native shared library to check for a specific symbol. The symbol.",0,2026-09-24,2026-10-01T20:22:04.230477
MICROSOFTQA_REMINING,Microsoft Q&A,JNI issue,Known issues with Microsoft Intune - Intune,https://learn.microsoft.com/en-us/troubleshoot/mem/intune/known-issues,"For more information about this known issue, see our blog Remediation message doesn't list all valid builds in... There's a known issue (originally posted on the Service Health Dashboard as IT393575) where, occasionally, the enrollment of a macOS device fails or the device might become unenrolled because the MDM agent mishandles failed MDM.",0,2026-09-16,2026-10-01T20:22:04.230485
MICROSOFTQA_REMINING,Microsoft Q&A,JNI issue,Known issues with Teams on Android devices - Microsoft Teams,https://learn.microsoft.com/en-us/troubleshoot/microsoftteams/teams-rooms-and-devices/teams-rooms-known-issues-android,"Known issues with Teams Android devices Summarize this article for me In this article Issues affecting multiple device types Issue Description Workaround Signed out of Teams on Android devices Teams Rooms on Android, Teams Phones, Teams panels, and Teams displays are signed out of Teams automatically due to a policy block on the device.",0,2026-08-19,2026-10-01T20:22:04.230492
MICROSOFTQA_REMINING,Microsoft Q&A,JNI issue,JniObjectReferenceType Enum (Java.Interop),https://learn.microsoft.com/en-us/dotnet/api/java.interop.jniobjectreferencetype,JniObjectReferenceType Enum Definition Namespace: Java.Interop Assembly:Java.Interop.dll Identifies the kind of a JNI object reference. Inheritance Enum JniObjectReferenceType Fields Name Value Description Invalid 0 An invalid JNI reference type. WeakGlobal 3 A weak global JNI reference. Remarks Portions of this page are modifications based on.,0,2026-09-18,2026-10-01T20:22:04.230499
MICROSOFTQA_REMINING,Microsoft Q&A,JNI problem,Troubleshoot connectors - Azure Data Factory & Azure Synapse,https://learn.microsoft.com/en-us/azure/data-factory/connector-troubleshoot-guide,"Check your connector's troubleshooting page for more details. Connector specific problems You can refer to the troubleshooting pages for each connector to see problems specific to it with explanations of their causes and recommendations to resolve them. Cause: If the error message contains ""Can't create JVM: JNI return code [-6][JNI call failed:.",0,2026-08-05,2026-10-01T20:22:07.195571
MICROSOFTQA_REMINING,Microsoft Q&A,JNI problem,Microsoft 365 admin center help,https://learn.microsoft.com/en-us/microsoft-365/admin/,"Microsoft 365 admin center help Explore resources for working in the Microsoft 365 admin center. What's new What's new in the Microsoft 365 admin center. Subscriptions and billing Manage bills, subscriptions, and product ... Work with customers Share documents and use Teams to collaborate and meet. Troubleshoot Access resources to help you.",0,2026-06-19,2026-10-01T20:22:07.195623
MICROSOFTQA_REMINING,Microsoft Q&A,JNI problem,Troubleshoot connectors - Microsoft Fabric,https://learn.microsoft.com/en-us/fabric/data-factory/connector-troubleshoot-overview,"This article walks through common problems and their solutions. Connector specific problems Each connector has its own troubleshooting guide with specific issues, causes, and fixes. Error cod... Cause: If the error message contains ""Can't create JVM: JNI return code [-6][JNI call failed: Invalid arguments.],"" the possible cause is that JVM can't.",0,2026-09-16,2026-10-01T20:22:07.195628
MICROSOFTQA_REMINING,Microsoft Q&A,JNI problem,Can't Sign in to Teams for Mac after macOS Upgrade - Microsoft Teams,https://learn.microsoft.com/en-us/troubleshoot/microsoftteams/teams-on-mac/teams-sign-in-issues-after-os-upgrade,"Can't sign in to Teams for Mac after macOS upgrade Summarize this article for me In this article On a device that's running Microsoft Teams for Mac and that has the Company Portal app installed, if you upgrade to macOS version 15.3, you experience issues when you try to sign in to Teams or use Teams features. Additionally, the fo... Provides.",0,2025-06-25,2026-10-01T20:22:07.195633
MICROSOFTQA_REMINING,Microsoft Q&A,JNI problem,Fix Teams Meeting add-in problems in Classic Outlook - Microsoft Teams,https://learn.microsoft.com/en-us/troubleshoot/microsoftteams/meetings/resolve-teams-meeting-add-in-issues,"Symptoms If you're a Microsoft Teams administrator, and your users can't install the Teams Meeting add-in for classic Outlook, schedule Outlook meetings from Teams, or schedule Teams meetings from Outlook, the issue might be caused by a problematic installation of the Teams Meeting add-in, a switch from classic Teams to new Teams, or because the.",0,2026-07-15,2026-10-01T20:22:07.195638
MICROSOFTQA_REMINING,Microsoft Q&A,JNI problem,Explore the Analytics Process That Turns Data into Insights - Training,https://learn.microsoft.com/en-us/training/modules/data-analytics-microsoft/,"Explore the analytics process that turns data into insights Beginner Business User Data Analyst Business Analyst Power BI Microsoft Fabric When a business question isn't getting the right answer, the problem is usually the approach. Understand the analytics types... When a business question isn't getting the right answer, the problem is usually.",0,2026-08-19,2026-10-01T20:22:07.195643
MICROSOFTQA_REMINING,Microsoft Q&A,JNI problem,Get support and submit feedback - Azure DevOps,https://learn.microsoft.com/en-us/azure/devops/user-guide/provide-feedback,"Get support and provide feedback Summarize this article for me In this article Azure DevOps Services | Azure DevOps Server | Azure DevOps Server 2022 This article helps you access support resources and provide feedback for Azure DevOps. Learn how to contact Support, report issues, suggest features, and give feedback on both the product and.",0,2026-07-08,2026-10-01T20:22:07.195648
MICROSOFTQA_REMINING,Microsoft Q&A,JNI problem,Fix problems in Windows Search - Windows Client,https://learn.microsoft.com/en-us/troubleshoot/windows-client/shell-experience/fix-problems-in-windows-search,"Fix problems in Windows Search Summarize this article for me In this article Try our Virtual Agent - It can help you quickly identify and fix common Windows Search issues. If Windows Search is unresponsive or the search results don't appear as expected, try any of the following solutions. Original KB number: 4520146 Solution 1: Restart Windows.",0,2026-02-19,2026-10-01T20:22:07.195652
MICROSOFTQA_REMINING,Microsoft Q&A,JNI problem,How to create an Azure support request - Azure portal,https://learn.microsoft.com/en-us/azure/azure-portal/supportability/how-to-create-azure-support-request,"Azure role-based access control You must have the appropriate access to a subscription in order to create a support request for it. This means you must have the Owner, Contributor, or Support Request Contributor role, or a custom role with Microsoft.Support/*, at the subscription level. To create a support request without a subscription, for.",0,2026-05-04,2026-10-01T20:22:07.195657
MICROSOFTQA_REMINING,Microsoft Q&A,JNI problem,Get help and contact support in Partner Center - Partner Center,https://learn.microsoft.com/en-us/partner-center/support/report-problems-with-partner-center,Get help and contact support in Partner Center Summarize this article for me In this article Applies to: Partner Center | Partner Center for Microsoft Cloud for US Government Appropriate roles: All partners interested in Partner Center This article describes how to address issues with Partner Center. For help with other partner-related issues with.,0,2026-04-30,2026-10-01T20:22:07.195666
MICROSOFTQA_REMINING,Microsoft Q&A,JNI problem,Fix Outlook connection problems in Microsoft 365 - Exchange,https://learn.microsoft.com/en-us/troubleshoot/exchange/outlook-issues/outlook-connection-issues,"Fix Outlook connection problems for Microsoft 365 account Summarize this article for me In this article If you're using Outlook to access your Microsoft 365 email account or another Exchange-based email account, and you're having problems, we want to get you back to sending and receiving email as quickly as possible. Note If you're looking for.",0,2025-06-25,2026-10-01T20:22:07.195674
MICROSOFTQA_REMINING,Microsoft Q&A,JNI problem,JniEnvironment.References.CreatedReference(JniObjectReference) Method (Java.Interop),https://learn.microsoft.com/en-us/dotnet/api/java.interop.jnienvironment.references.createdreference,"JniEnvironment.References.CreatedReference(JniObjectReference) Method Definiti... When such untrackable JNI Local References are created, this may result in future assertions failing within Java.Interop.JniRuntime.JniObjectReferenceManager.DeleteLocalReference when the tracked JNI Local Reference count becomes negative.Use the.",0,2026-09-18,2026-10-01T20:22:07.195682
MICROSOFTQA_REMINING,Microsoft Q&A,JNI problem,SSLKeyException Constructor (Javax.Net.Ssl),https://learn.microsoft.com/en-us/dotnet/api/javax.net.ssl.sslkeyexception.-ctor,"SSLKeyException(IntPtr, JniHandleOwnership) A constructor used when creating managed representations of JNI objects; called by the runtime. Parameters javaReference IntPtr A IntPtrcontaining a Java Native Interface (JNI) object reference. transfer JniHandleOwnership A JniHandleOwnershipindicating how to handle javaReference Remarks Portions of.",0,2026-08-19,2026-10-01T20:22:07.195689
MICROSOFTQA_REMINING,Microsoft Q&A,JNI problem,SSLPeerUnverifiedException Constructor (Javax.Net.Ssl),https://learn.microsoft.com/en-us/dotnet/api/javax.net.ssl.sslpeerunverifiedexception.-ctor,Attributes RegisterAttribute Remarks Constructs an exception reporting that the SSL peer's identity has not been verified.Java documentation for javax.net.ssl.SSLPeerUnverifiedException.SSLPeerUnverifiedException(java.lang.String).Portions of this page are modifications based on work created and shared by the Android Open Source Project and used.,0,2026-08-19,2026-10-01T20:22:07.195697
MICROSOFTQA_REMINING,Microsoft Q&A,JNI problem,SSLProtocolException Constructor (Javax.Net.Ssl),https://learn.microsoft.com/en-us/dotnet/api/javax.net.ssl.sslprotocolexception.-ctor,"SSLProtocolException(IntPtr, JniHandleOwnership) A constructor used when creating managed representations of JNI obj... Parameters javaReference IntPtr A IntPtrcontaining a Java Native Interface (JNI) object reference. transfer JniHandleOwnership A JniHandleOwnershipindicating how to handle javaReference Remarks Portions of this page are.",0,2026-08-19,2026-10-01T20:22:07.195704
MICROSOFTQA_REMINING,Microsoft Q&A,JNI problem,SSLHandshakeException Constructor (Javax.Net.Ssl),https://learn.microsoft.com/en-us/dotnet/api/javax.net.ssl.sslhandshakeexception.-ctor,"SSLHandshakeException(IntPtr, JniHandleOwnership) A constructor used when creating managed representations of JNI objects; called by the runtime. SSLHandshakeException(String) Constructs an exception reporting an error found by an SSL subsystem during handshaking. Attributes RegisterAttribute Remarks Constructs an exception reporting an error.",0,2026-08-19,2026-10-01T20:22:07.195711
MICROSOFTQA_REMINING,Microsoft Q&A,JNI problem,CameraAccessException Constructor (Android.Hardware.Camera2),https://learn.microsoft.com/en-us/dotnet/api/android.hardware.camera2.cameraaccessexception.-ctor,"CameraAccessException Constructors Definition Namespace: Android.Hardware.Camera2 Assembly:Mono.Android.dll Overloads Name Description CameraAccessException(CameraAccessErrorType) CameraAccessException(CameraAccessErrorType, Throwable) CameraAccessException(CameraAccessErrorType, String) CameraAccessException(IntPtr, JniHandleOwnership) A.",0,2026-09-17,2026-10-01T20:22:07.195718
MICROSOFTQA_REMINING,Microsoft Q&A,JNI problem,SSLException Constructor (Javax.Net.Ssl),https://learn.microsoft.com/en-us/dotnet/api/javax.net.ssl.sslexception.-ctor,"SSLException(IntPtr, JniHandleOwnership) A constructor used when creating managed representations of JNI objects; ca... Parameters javaReference IntPtr A IntPtrcontaining a Java Native Interface (JNI) object reference. transfer JniHandleOwnership A JniHandleOwnershipindicating how to handle javaReference Remarks Portions of this page are.",0,2026-08-19,2026-10-01T20:22:07.195725
MICROSOFTQA_REMINING,Microsoft Q&A,JNI problem,JniObjectReferenceType Enum (Java.Interop),https://learn.microsoft.com/en-us/dotnet/api/java.interop.jniobjectreferencetype,JniObjectReferenceType Enum Definition Namespace: Java.Interop Assembly:Java.Interop.dll Identifies the kind of a JNI object reference. Inheritance Enum JniObjectReferenceType Fields Name Value Description Invalid 0 An invalid JNI reference type. WeakGlobal 3 A weak global JNI reference. Remarks Portions of this page are modifications based on.,0,2026-09-18,2026-10-01T20:22:07.195733
MICROSOFTQA_REMINING,Microsoft Q&A,JNI problem,AudioStream Constructor (Android.Net.Rtp),https://learn.microsoft.com/en-us/dotnet/api/android.net.rtp.audiostream.-ctor,Note that the local port is assigned automatically to conform with RFC 3550.Java documentation for android.net.rtp.A... Parameters javaReference IntPtr A IntPtrcontaining a Java Native Interface (JNI) object reference. transfer JniHandleOwnership A JniHandleOwnershipindicating how to handle javaReference Remarks Portions of this page are.,0,2026-09-17,2026-10-01T20:22:07.195740
MICROSOFTQA_REMINING,Microsoft Q&A,JNI problem,JavaPeerableExtensions.GetJniTypeName(IJavaPeerable) Method (Java.Interop),https://learn.microsoft.com/en-us/dotnet/api/java.interop.javapeerableextensions.getjnitypename,"JavaPeerableExtensions.GetJniTypeName(IJavaPeerable) Method Definition Namespace: Java.Interop Assembly:Java.Interop.dll Gets the JNI name of the type of the instance self. Returns String Remarks The JNI type name is the name of the Java type, as it would be used in Java Native Interface (JNI) API calls. For example, instead of the Java name.",0,2026-09-18,2026-10-01T20:22:07.195747
MICROSOFTQA_REMINING,Microsoft Q&A,JNI problem,"NoiseSuppressor(IntPtr, JniHandleOwnership) Constructor (Android.Media.Audiofx)",https://learn.microsoft.com/en-us/dotnet/api/android.media.audiofx.noisesuppressor.-ctor,"NoiseSuppressor(IntPtr, JniHandleOwnership) Constructor Definition Namespace: Android.Media.Audiofx Assembly:Mono.An... Parameters javaReference IntPtr A IntPtrcontaining a Java Native Interface (JNI) object reference. transfer JniHandleOwnership A JniHandleOwnershipindicating how to handle javaReference Remarks Portions of this page are.",0,2026-08-19,2026-10-01T20:22:07.195755
MICROSOFTQA_REMINING,Microsoft Q&A,JNI problem,"ObbScanner(IntPtr, JniHandleOwnership) Constructor (Android.Content.Res)",https://learn.microsoft.com/en-us/dotnet/api/android.content.res.obbscanner.-ctor,"ObbScanner(IntPtr, JniHandleOwnership) Constructor Definition Namespace: Android.Content.Res Assembly:Mono.Android.d... Parameters javaReference IntPtr A IntPtrcontaining a Java Native Interface (JNI) object reference. transfer JniHandleOwnership A JniHandleOwnershipindicating how to handle javaReference Remarks Portions of this page are.",0,2026-08-19,2026-10-01T20:22:07.195762
MICROSOFTQA_REMINING,Microsoft Q&A,JNI problem,Intent.FilterComparison.JniPeerMembers Property (Android.Content),https://learn.microsoft.com/en-us/dotnet/api/android.content.intent.filtercomparison.jnipeermembers,Intent.FilterComparison.JniPeerMembers Property Definition Namespace: Android.Content Assembly:Mono.Android.dll Gets the JNI metadata used to invoke members of this Java peer. Property Value JniPeerMembers The JNI peer members for Intent.FilterComparison. Remarks Portions of this page are modifications based on work created and shared by the.,0,2026-09-17,2026-10-01T20:22:07.195770
MICROSOFTQA_REMINING,Microsoft Q&A,JNI problem,JniEnvironment.References Class (Java.Interop),https://learn.microsoft.com/en-us/dotnet/api/java.interop.jnienvironment.references,"JniEnvironment.References Class Definition Namespace: Java.Interop Assembly:Java.Interop.dll JNI Reference-related functionality. Inheritance Object JniEnvironment.References Remarks The JniEnvironment.References class exposes JNI Global, Local, Weak-Global-related functionality which is not exposed by the JniObjectReference class, particularly.",0,2026-09-18,2026-10-01T20:22:07.195777
MICROSOFTQA_REMINING,Microsoft Q&A,JNI problem,TransitionSet.JniPeerMembers Property (Android.Transitions),https://learn.microsoft.com/en-us/dotnet/api/android.transitions.transitionset.jnipeermembers,TransitionSet.JniPeerMembers Property Definition Namespace: Android.Transitions Assembly:Mono.Android.dll Provides JNI binding infrastructure for Android.Transitions.TransitionSet. Proper... Remarks This member is used by the .NET for Android binding runtime and does not represent an Android application contract.Portions of this page are.,0,2026-08-19,2026-10-01T20:22:07.195786
MICROSOFTQA_REMINING,Microsoft Q&A,JNI problem,AbstractThreadedSyncAdapter.JniPeerMembers Property (Android.Content),https://learn.microsoft.com/en-us/dotnet/api/android.content.abstractthreadedsyncadapter.jnipeermembers,AbstractThreadedSyncAdapter.JniPeerMembers Property Definition Namespace: Android.Content Assembly:Mono.Android.dll Gets the JNI metadata used to invoke members of this Java peer. Property Value JniPeerMembers The JNI peer members for AbstractThreadedSyncAdapter. Remarks Portions of this page are modifications based on work created and shared by.,0,2026-09-17,2026-10-01T20:22:07.195796
MICROSOFTQA_REMINING,Microsoft Q&A,JNI problem,SSLEngines.JniPeerMembers Property (Android.Net.Ssl),https://learn.microsoft.com/en-us/dotnet/api/android.net.ssl.sslengines.jnipeermembers,SSLEngines.JniPeerMembers Property Definition Namespace: Android.Net.Ssl Assembly:Mono.Android.dll Gets the JNI metadata used to invoke members of this Java peer. Property Value JniPeerMembers The JNI peer members for SSLEngines. Remarks This member supports the Java interop infrastructure and is not intended to be called directly by applications..,0,2026-09-17,2026-10-01T20:22:07.195805
MICROSOFTQA_REMINING,Microsoft Q&A,JNI problem,NumericShaper.JniPeerMembers Property (Java.Awt.Font),https://learn.microsoft.com/en-us/dotnet/api/java.awt.font.numericshaper.jnipeermembers,NumericShaper.JniPeerMembers Property Definition Namespace: Java.Awt.Font Assembly:Mono.Android.dll Gets the JNI metadata used to invoke members of this Java peer. Property Value JniPeerMembers The JNI peer members for NumericShaper. Implements JniPeerMembers Remarks This member supports the Java interop infrastructure and is not intended to be.,0,2026-08-19,2026-10-01T20:22:07.195811
MICROSOFTQA_REMINING,Microsoft Q&A,JNI problem,UriPermission.JniPeerMembers Property (Android.Content),https://learn.microsoft.com/en-us/dotnet/api/android.content.uripermission.jnipeermembers,UriPermission.JniPeerMembers Property Definition Namespace: Android.Content Assembly:Mono.Android.dll Gets the JNI metadata used to invoke members of this Java peer. Property Value JniPeerMembers The JNI peer members for UriPermission. Implements JniPeerMembers Remarks Portions of this page are modifications based on work created and shared by the.,0,2026-09-17,2026-10-01T20:22:07.195816
MICROSOFTQA_REMINING,Microsoft Q&A,JVM crash,NotMyFault - Sysinternals,https://learn.microsoft.com/en-us/sysinternals/downloads/notmyfault,"NotMyFault v4.6 Summarize this article for me In this article By Mark Russinovich Published: August 12, 2026 Download NotMyFault (1.8 MB) Introduction Notmyfault is a tool that you can use to crash, hang, and cause kernel memory leaks on your Windows system. It’s useful for learning how to identify and diagnose device driver and hardware problems,.",0,2026-08-12,2026-10-01T20:22:09.387476
MICROSOFTQA_REMINING,Microsoft Q&A,JVM crash,Visual Studio App Center - Visual Studio App Center,https://learn.microsoft.com/en-us/appcenter/,Introduction to Diagnostics Enable Diagnostics in an App Diagnostics Features Troubleshooting Get Started with the SDK Android iOS React Native Windows Xamarin macOS Unity tvOS Reference SDKs Data Collected by App Center Analytics Diagnostics (Crashes) Distribute Other APIs Troubleshooting General Information Accounts in App Center Azure.,0,2025-05-13,2026-10-01T20:22:09.387513
MICROSOFTQA_REMINING,Microsoft Q&A,JVM crash,Debugging Tools for Windows SDK and WDK - Windows drivers,https://learn.microsoft.com/en-us/windows-hardware/drivers/debugger/debugger-download-tools,"Debugging Tools for Windows SDK and WDK Summarize this article for me In this article Debugging Tools for Windows is a comprehensive suite of debugging utilities that helps developers diagnose and resolve issues in Windows applications and drivers. This powerful toolset includes WinDbg, command-line debuggers, and specialized tools for analyzing.",0,2025-11-07,2026-10-01T20:22:09.387523
MICROSOFTQA_REMINING,Microsoft Q&A,JVM crash,Release Notes for the Microsoft Build of OpenJDK,https://learn.microsoft.com/en-us/java/openjdk/release-notes,"It also allows an application to determine if the recording of training data is active and how long the recording ran for Removed calls to undocumented Windows APIs (NtCreateKeyedEvent, NtReleaseKeyedEvent, NtWaitForKeyedEvent) Fixes for the following issues on Windows/aarch64: Missing core dumps when the JVM crashes Calls stacks unavailable for.",0,2026-08-19,2026-10-01T20:22:09.387532
MICROSOFTQA_REMINING,Microsoft Q&A,JVM crash,Generate a kernel or complete crash dump - Windows Client,https://learn.microsoft.com/en-us/troubleshoot/windows-client/performance/generate-a-kernel-or-complete-crash-dump,"Generate a kernel or complete crash dump Summarize this article for me In this article A system crash (also known as a ""bug check"" or a ""Stop error"") occurs when Windows can't run correctly. The dump file that is produced from this event is called a system crash dump. A manual kernel or complete memory dump file is useful when you troubleshoot.",0,2026-02-19,2026-10-01T20:22:09.387540
MICROSOFTQA_REMINING,Microsoft Q&A,JVM crash,Speechsynthesizer causes JVM crash during finalization (Speech client-sdk for Java) - Microsoft Q&A,https://learn.microsoft.com/en-us/answers/questions/2132590/speechsynthesizer-causes-jvm-crash-during-finaliza,"https://github.com/Azure-Samples/cognitive-services-speech-sdk/issues/2701 As I detailed in the above github issue, there is a reproducible bug in the Java client-sdk for Azure Speech. During Finalization of Speechsynthesizer Instance it can cause a Memory Access Violation, resulting in a full crash of the JVM. Version of Speech SDK 1.40.0.",0,2025-01-13,2026-10-01T20:22:09.387550
MICROSOFTQA_REMINING,Microsoft Q&A,JVM crash,Collecting User-Mode Dumps - Win32 apps,https://learn.microsoft.com/en-us/windows/win32/wer/collecting-user-mode-dumps,"Collecting User-Mode Dumps Summarize this article for me In this article Starting with Windows Server 2008 and Windows Vista with Service Pack 1 (SP1), Windows Error Reporting (WER) can be configured so that full user-mode dumps are collected and stored locally after a user-mode application crashes. Applications that do their own custom crash.",0,2025-03-11,2026-10-01T20:22:09.387558
MICROSOFTQA_REMINING,Microsoft Q&A,JVM crash,IForeachWriter.Close(Exception) Method (Microsoft.Spark.Sql) - .NET for Apache Spark,https://learn.microsoft.com/en-us/dotnet/api/microsoft.spark.sql.iforeachwriter.close,"IForeachWriter.Close(Exception) Method Definition Namespace: Microsoft.Spark.Sql Assembly:Microsoft.Spark.dll Package:Microsoft.Spark v1.0.0 Called when stopping to process one partition of new data in the executor side. This is guaranteed ... However, Close(Exception) won't be called in the following cases: CLR/JVM crashes without throwing a.",0,2020-11-19,2026-10-01T20:22:09.387566
MICROSOFTQA_REMINING,Microsoft Q&A,JVM crash,How to determine the appropriate page file size for 64-bit versions of Windows - Windows Client,https://learn.microsoft.com/en-us/troubleshoot/windows-client/performance/how-to-determine-the-appropriate-page-file-size-for-64-bit-versions-of-windows,"How to determine the appropriate page file size for 64-bit versions of Windows Summarize this article for me In this article Page file sizing depends on the system crash dump setting requirements and the peak usage or expected peak usage of the system commit charge. Both considerations are unique to each system, even for systems that a... Applies.",0,2026-02-19,2026-10-01T20:22:09.387575
MICROSOFTQA_REMINING,Microsoft Q&A,JVM crash,The application or service crashing behavior troubleshooting guidance - Windows Server,https://learn.microsoft.com/en-us/troubleshoot/windows-server/performance/troubleshoot-application-service-crashing-behavior,The application or service crashing behavior troubleshooting guidance Summarize this article for me In this article This article provides guidance on how to troubleshoot application or service crashing behaviors. Applies to:   All supported versions of Windows Server and Windows Client When you see Event ID 1001 and Event ID 1000 repeatedly in the.,0,2026-02-19,2026-10-01T20:22:09.387583
MICROSOFTQA_REMINING,Microsoft Q&A,JVM crash,How to get the exception context address from a crashed process using its handle - Microsoft Q&A,https://learn.microsoft.com/en-us/answers/questions/1688325/how-to-get-the-exception-context-address-from-a-cr,we are able to launch a dump collection tool for jni crashes using jvm option -XX:OnError. But like we get a jit address passed to the jit debugger in win32 app crashes we dont get it from jvm. Is there an api to get the crash exceptio n context address from the process handle?. we are able to launch a dump collection tool for jni crashes using.,0,2024-06-07,2026-10-01T20:22:09.387591
MICROSOFTQA_REMINING,Microsoft Q&A,JVM crash,Containerize your Java Applications - Java on Azure,https://learn.microsoft.com/en-us/azure/developer/java/containers/overview,"Tip If you don't want to tune these settings by hand, the Azure Command Launcher for Java (jaz) automatically applies cloud-native JVM defaults for you. These values are valid for OpenJDK 11 and later—and for most distributions, including Microsoft Build of OpenJDK, Azul Zulu, Eclipse Temurin, Oracle OpenJDK, and others. Don't set the maximum JVM.",0,2026-06-24,2026-10-01T20:22:09.387617
MICROSOFTQA_REMINING,Microsoft Q&A,JVM crash,Forcing a System Crash from the Keyboard - Windows drivers,https://learn.microsoft.com/en-us/windows-hardware/drivers/debugger/forcing-a-system-crash-from-the-keyboard,"Forcing a system crash from the keyboard Summarize this article for me In this article When troubleshooting system issues, you might need to generate a crash dump file to analyze the system state. This article explains how to: Configure registry settings to enable keyboard-initiated crashes Use keyboard shortcuts to trigger a system crash Set up.",0,2025-11-07,2026-10-01T20:22:09.387625
MICROSOFTQA_REMINING,Microsoft Q&A,JVM crash,App Restart Issues Caused by Out-of-Memory Issues - Azure Spring Apps,https://learn.microsoft.com/en-us/azure/spring-apps/basic-standard/how-to-fix-app-restart-issues-caused-by-out-of-memory,"App restart issues caused by out-of-memory issues Summarize this article for me In this article Note The Basic, Standard, and Enterprise plans entered a retirement period on March 17, 2025. For more information, see the Azure Spring Apps retirement annou... This article applies to: ✅ Basic/Standard ✅ Enterprise This article describes out-of-memory.",0,2026-02-26,2026-10-01T20:22:09.387633
MICROSOFTQA_REMINING,Microsoft Q&A,JVM crash,Agentless Multi-Disk Crash-Consistent Azure VM Backup - Azure Backup,https://learn.microsoft.com/en-us/azure/backup/backup-azure-vms-agentless-multi-disk-crash-consistent-overview,What is agentless multidisk crash-consistent backup for Azure VMs. Summarize this article for me In this article Azure Backup supports agentless virtual machine (VM) backups by using multidisk crash-consistent restore points. The Enhanced VM backup policy enables you to configure the consistency type of backups as application-consistent or.,0,2026-07-30,2026-10-01T20:22:09.387642
MICROSOFTQA_REMINING,Microsoft Q&A,JVM crash,Tools to Troubleshoot Memory Issues - Azure Spring Apps,https://learn.microsoft.com/en-us/azure/spring-apps/basic-standard/tools-to-troubleshoot-memory-issues,"Tools to troubleshoot memory issues Summarize this article for me In this article Note The Basic, Standard, and Enterprise plans entered a retirement period on March 17, 2025. For more information, see the Azure Spring Apps retirement announcement. This article applies to: ✅ Basic/Standard ✅ Enterprise This article describes various tools that are.",0,2026-02-26,2026-10-01T20:22:09.387651
MICROSOFTQA_REMINING,Microsoft Q&A,JVM crash,Use the Diagnostic Settings of JVM Options for Advanced Troubleshooting in Azure Spring Apps,https://learn.microsoft.com/en-us/azure/spring-apps/basic-standard/how-to-dump-jvm-options,"Use the diagnostic settings of JVM options for advanced troubleshooting in Azure Spring Apps Summarize this article for me In this article Note The Basic, Standard, and Enterprise plans entered a retirement period on March 17, 2025. For more information, see the Azure Spring Apps ... This article applies to: ✅ Java ❎ C# This article applies to: ✅.",0,2025-08-19,2026-10-01T20:22:09.387660
MICROSOFTQA_REMINING,Microsoft Q&A,JVM crash,Bug Check 0xE2 MANUALLY_INITIATED_CRASH - Windows drivers,https://learn.microsoft.com/en-us/windows-hardware/drivers/debugger/bug-check-0xe2--manually-initiated-crash,"Bug Check 0xE2: MANUALLY_INITIATED_CRASH Summarize this article for me In this article The MANUALLY_INITIATED_CRASH bug check has a value of 0x000000E2. Important This article is for programmers. If you're a customer who has received a blue screen error code while using your computer, see Troubleshoot blue screen errors. This indicates that the.",0,2023-06-19,2026-10-01T20:22:09.387669
MICROSOFTQA_REMINING,Microsoft Q&A,JVM crash,Crashes in macOS Swift apps - Visual Studio App Center,https://learn.microsoft.com/en-us/appcenter/quickstarts/macos/crashes,"Crashes - Sample Swift (macOS) App and Tutorials Summarize this article for me In this article Important Visual Studio App Center was retired on March 31, 2025, except for the Analytics and Diagnostics features, which will continue to be supported until June 30, 2026. Learn more. In this tutorial, you'll learn to view crashes from a sample Swift.",0,2025-10-30,2026-10-01T20:22:09.388315
MICROSOFTQA_REMINING,Microsoft Q&A,JVM crash,Upload crashes via UI - Visual Studio App Center,https://learn.microsoft.com/en-us/appcenter/diagnostics/upload-crashes-ui,"Upload crashes via UI Summarize this article for me In this article Important Visual Studio App Center was retired on March 31, 2025, except for the Analytics and Diagnostics features, which will continue to be supported until June 30, 2026. Learn more. If you have a native crash report from an Apple device, you can upload it via the App Center.",0,2025-10-30,2026-10-01T20:22:09.388334
MICROSOFTQA_REMINING,Microsoft Q&A,JVM crash,About the Azure Command Launcher for Java,https://learn.microsoft.com/en-us/java/jaz/overview,"Azure Command Launcher for Java (public preview) Summarize this article for me In this article The Azure Command Launcher for Java (jaz) is a lightweight utility that simplifies how Java developers run their applications on Azure. By intelligently applying Java Virtual Machine (JVM) options tailored for cloud environments, the tool reduces.",0,2026-06-27,2026-10-01T20:22:09.388344
MICROSOFTQA_REMINING,Microsoft Q&A,JVM crash,Forcing a System Crash from the Debugger - Windows drivers,https://learn.microsoft.com/en-us/windows-hardware/drivers/debugger/forcing-a-system-crash-from-the-debugger,"Forcing a System Crash from the Debugger Summarize this article for me In this article If KD or WinDbg is performing kernel-mode debugging, it can force a system crash to occur. This is done by entering the .crash (Force System Crash) command at the command prompt. (If the target computer does not crash immediately, follow this with the g (Go).",0,2025-03-26,2026-10-01T20:22:09.388353
MICROSOFTQA_REMINING,Microsoft Q&A,JVM crash,IJarUploadedUserSourceInfo.JvmOption Property (Microsoft.Azure.PowerShell.Cmdlets.SpringCloud.Models.Api20220401),https://learn.microsoft.com/en-us/dotnet/api/microsoft.azure.powershell.cmdlets.springcloud.models.api20220401.ijaruploadedusersourceinfo.jvmoption,IJarUploadedUserSourceInfo.JvmOption Property Definition Namespace: Microsoft.Azure.PowerShell.Cmdlets.SpringCloud.Models.Api20220401 Assembly:Az.SpringCloud.private.dll JVM parameter Property Value String Attributes InfoAttribute Applies to. JVM parameter ..,0,2025-05-09,2026-10-01T20:22:09.388362
MICROSOFTQA_REMINING,Microsoft Q&A,JVM crash,Forcing a System Crash - Windows drivers,https://learn.microsoft.com/en-us/windows-hardware/drivers/debugger/forcing-a-system-crash,"Forcing a System Crash Summarize this article for me In this article Once kernel-mode dump files have been enabled, most system crashes should cause a crash file to be written and the blue screen to be displayed. However, there are times that a system freezes without actually initiating a kernel crash. Possible symptoms of such a fre... Want to.",0,2025-03-26,2026-10-01T20:22:09.388372
MICROSOFTQA_REMINING,Microsoft Q&A,JVM crash,Open a Dump File with WinDbg - Windows drivers,https://learn.microsoft.com/en-us/windows-hardware/drivers/debugger/opening-a-crash-dump-file-using-windbg,"Open a dump file with WinDbg Summarize this article for me In this article There are several ways you can use WinDbg to open a crash memory dump file to debug code. WinDbg menu If WinDbg is already running and is in dormant mode, you can open a dump file by choosing Open crash dump from the File menu or by pressing CTRL+DSuggest a fix. Learn about.",0,2025-07-18,2026-10-01T20:22:09.388382
MICROSOFTQA_REMINING,Microsoft Q&A,JVM crash,.crash (Force System Crash) - Windows drivers,https://learn.microsoft.com/en-us/windows-hardware/drivers/debuggercmds/-crash--force-system-crash-,".crash (Force System Crash) Summarize this article for me In this article The .crash command causes the target computer to issue a bug check. Environment Modes kernel mode only Targets live debugging only Platforms all Additional Information For an overview of related commands and a description of the options available after a system crash, see.",0,2024-04-03,2026-10-01T20:22:09.388392
MICROSOFTQA_REMINING,Microsoft Q&A,JVM crash,JarUploadedUserSourceInfo.JvmOption Property (Microsoft.Azure.PowerShell.Cmdlets.SpringCloud.Models.Api20220401),https://learn.microsoft.com/en-us/dotnet/api/microsoft.azure.powershell.cmdlets.springcloud.models.api20220401.jaruploadedusersourceinfo.jvmoption,JarUploadedUserSourceInfo.JvmOption Property Definition Namespace: Microsoft.Azure.PowerShell.Cmdlets.SpringCloud.Models.Api20220401 Assembly:Az.SpringCloud.private.dll JVM parameter Property Value String Implements JvmOption Attributes OriginAttribute Applies to. JVM parameter ..,0,2025-05-09,2026-10-01T20:22:09.388402
MICROSOFTQA_REMINING,Microsoft Q&A,JVM crash,Crashes in iOS Swift Apps - Visual Studio App Center,https://learn.microsoft.com/en-us/appcenter/quickstarts/ios/crashes,"Crashes - Sample Swift (iOS) App and Tutorials Summarize this article for me In this article Important Visual Studio App Center was retired on March 31, 2025, except for the Analytics and Diagnostics features, which will continue to be supported until June 30, 2026. Learn more. In this tutorial, you'll learn to view crashes from a sample Swift app.",0,2025-10-30,2026-10-01T20:22:09.388411
MICROSOFTQA_REMINING,Microsoft Q&A,JVM crash,How to enable Java metrics for Java apps in Azure Container Apps,https://learn.microsoft.com/en-us/azure/container-apps/java-metrics,"Java metrics for Java apps in Azure Container Apps Summarize this article for me In this article Java Virtual Machine (JVM) metrics are critical for monitoring the health and performance of your Java applications. The data collected includes insights into memory usage, garbage collection, thread count of your JVM. Use the following metrics to help.",0,2025-05-29,2026-10-01T20:22:09.388420
MICROSOFTQA_REMINING,Microsoft Q&A,JVM crash,Sensible JVM Configuration,https://learn.microsoft.com/en-us/shows/jdconf-2022/sensible-jvm-configuration,"Episode Sensible JVM Configuration with Stephanie Crater, Kirk Pepperdine JDConf 2022 The JVM come with more than 700 configurations. With all of these options, it can quickly become confusing as to which configurations you should set and how. Of all of these configurations, how to configure memory is the most... In this session we'll explore.",0,2024-03-18,2026-10-01T20:22:09.388428
MICROSOFTQA_REMINING,Microsoft Q&A,JNI callback,"RecognitionService.Callback(IntPtr, JniHandleOwnership) Constructor (Android.Speech)",https://learn.microsoft.com/en-us/dotnet/api/android.speech.recognitionservice.callback.-ctor,"RecognitionService.Callback(IntPtr, JniHandleOwnership) Constructor Definition Namespace: Android.Speech Assembly:Mono.Android.dll A constructor used when creating managed representations of JNI objects; called by the runtime. Parameters javaReference IntPtr A IntPtrcontaining a Java Native Interface (JNI) object reference. transfer.",0,2026-08-19,2026-10-01T20:22:13.583256
MICROSOFTQA_REMINING,Microsoft Q&A,JNI callback,MediaProjection.Callback Constructor (Android.Media.Projection),https://learn.microsoft.com/en-us/dotnet/api/android.media.projection.mediaprojection.callback.-ctor,"M... MediaProjection.Callback(IntPtr, JniHandleOwnership) A constructor used when creating managed representations of JNI objects; called by the runtime. Applies to MediaProjection.Callback(IntPtr, JniHandleOwnership) A constructor used when creating managed representations of JNI objects; called by the runtime. Parameters javaReference IntPtr A.",0,2026-09-17,2026-10-01T20:22:13.583286
MICROSOFTQA_REMINING,Microsoft Q&A,JNI callback,MediaProjection.Callback.JniPeerMembers Property (Android.Media.Projection),https://learn.microsoft.com/en-us/dotnet/api/android.media.projection.mediaprojection.callback.jnipeermembers,MediaProjection.Callback.JniPeerMembers Property Definition Namespace: Android.Media.Projection Assembly:Mono.Android.dll Gets the JNI metadata used to invoke members of this Java peer. Property Value JniPeerMembers The JNI peer members for MediaProjection.Callback. Remarks Portions of this page are modifications based on work created and shared.,0,2026-09-17,2026-10-01T20:22:13.583292
MICROSOFTQA_REMINING,Microsoft Q&A,JNI callback,MediaProjection.Callback Class (Android.Media.Projection),https://learn.microsoft.com/en-us/dotnet/api/android.media.projection.mediaprojection.callback,MediaProjection.Callback Class Definition Namespace: Android.Media.Projection Assembly:Mono.Android.dll Callbacks for the projection session. Inheritance Object JavaObject Object MediaProjection.Callback Attributes RegisterAttribute Remarks Callbacks for the projection session.Java documentation for.,0,2026-09-17,2026-10-01T20:22:13.583297
MICROSOFTQA_REMINING,Microsoft Q&A,JNI callback,Toast.Callback Constructor (Android.Widget),https://learn.microsoft.com/en-us/dotnet/api/android.widget.toast.callback.-ctor,"Toast.Callback(IntPtr, JniHandleOwnership) A constructor used when creating managed representations of JNI objects; called by the runtime. Attributes RegisterAttribut... Applies to Toast.Callback(IntPtr, JniHandleOwnership) A constructor used when creating managed representations of JNI objects; called by the runtime. Parameters javaReference.",0,2026-09-17,2026-10-01T20:22:13.583303
MICROSOFTQA_REMINING,Microsoft Q&A,JNI callback,MediaRouter.Callback Constructor (Android.Media),https://learn.microsoft.com/en-us/dotnet/api/android.media.mediarouter.callback.-ctor,"...ndroid.Media Assembly:Mono.Android.dll Overloads Name Description MediaRouter.Callback() MediaRouter.Callback(IntPtr,Parameters javaReference IntPtr A IntPtrcontaining a Java Native Interface (JNI) object reference. transfer JniHandleOwnership A JniHandleOwnershipindicating how to handle javaReference Remarks Portions of this page are.",0,2026-08-19,2026-10-01T20:22:13.583308
MICROSOFTQA_REMINING,Microsoft Q&A,JNI callback,UnsupportedCallbackException Constructor (Javax.Security.Auth.Callback),https://learn.microsoft.com/en-us/dotnet/api/javax.security.auth.callback.unsupportedcallbackexception.-ctor,"UnsupportedCallbackException(IntPtr, JniHandleOwnership) A constructor used when creating managed representations of JNI objects; called by the runtime. Parameters javaReference IntPtr A IntPtrcontaining a Java Native Interface (JNI) object reference. transfer JniHandleOwnership A JniHandleOwnershipindicating how to handle javaReference Remarks.",0,2026-08-19,2026-10-01T20:22:13.583313
MICROSOFTQA_REMINING,Microsoft Q&A,JNI callback,Toast.Callback Class (Android.Widget),https://learn.microsoft.com/en-us/dotnet/api/android.widget.toast.callback,Toast.Callback Class Definition Namespace: Android.Widget Assembly:Mono.Android.dll Callback object to be called when the toast is shown or hidden. Inheritance Object JavaObject Object Toast.Callback Attributes RegisterAttribute Remarks Callback object to be called when the toast is shown or hidden.Java documentation for.,0,2026-09-17,2026-10-01T20:22:13.583319
MICROSOFTQA_REMINING,Microsoft Q&A,JNI callback,WindowInsetsAnimation.Callback.JniPeerMembers Property (Android.Views),https://learn.microsoft.com/en-us/dotnet/api/android.views.windowinsetsanimation.callback.jnipeermembers,WindowInsetsAnimation.Callback.JniPeerMembers Property Definition Namespace: Android.Views Assembly:Mono.Android.dll Gets the JNI peer metadata used by the .NET for Android binding runtime. Property Value JniPeerMembers The peer metadata used to locate and invoke members on the corresponding Java object. Remarks This binding infrastructure is used.,0,2026-09-17,2026-10-01T20:22:13.583324
MICROSOFTQA_REMINING,Microsoft Q&A,JNI callback,PasswordCallback Constructor (Javax.Security.Auth.Callback),https://learn.microsoft.com/en-us/dotnet/api/javax.security.auth.callback.passwordcallback.-ctor,"PasswordCallback Constructors Definition Namespace: Javax.Security.Auth.Callback Assembly:Mono.Android.dll Overloads Name Description PasswordCallback(IntPtr, JniHa... PasswordCallback(String, Boolean) Construct a PasswordCallback with a prompt and a boolean specifying whether the password should be displayed as it is being typed. Applies to.",0,2026-08-19,2026-10-01T20:22:13.583329
MICROSOFTQA_REMINING,Microsoft Q&A,JNI callback,RecognitionService.Callback Class (Android.Speech),https://learn.microsoft.com/en-us/dotnet/api/android.speech.recognitionservice.callback,RecognitionService.Callback Class Definition Namespace: Android.Speech Assembly:Mono.Android.dll This class receives callbacks from the speech recognition service and forwards them to the user. Inheritance Object JavaObject Object RecognitionService.Callback Attributes RegisterAttribute Remarks This class receives callbacks... Constructors Name.,0,2026-08-19,2026-10-01T20:22:13.583335
MICROSOFTQA_REMINING,Microsoft Q&A,JNI callback,LauncherApps.Callback Class (Android.Content.PM),https://learn.microsoft.com/en-us/dotnet/api/android.content.pm.launcherapps.callback,LauncherApps.Callback Class Definition Namespace: Android.Content.PM Assembly:Mono.Android.dll Callbacks for package changes to this and related managed profiles. Inheritance Object JavaObject Object LauncherApps.Callback Attributes RegisterAttribute Remarks Callbacks for package changes to this and related managed profiles.Java documentation for.,0,2026-08-19,2026-10-01T20:22:13.583340
MICROSOFTQA_REMINING,Microsoft Q&A,JNI callback,Toast.Callback.JniPeerMembers Property (Android.Widget),https://learn.microsoft.com/en-us/dotnet/api/android.widget.toast.callback.jnipeermembers,Toast.Callback.JniPeerMembers Property Definition Namespace: Android.Widget Assembly:Mono.Android.dll Gets the JNI peer-member metadata for this managed binding type. Property Value JniPeerMembers The JniPeerMembers instance that provides access to JNI peer-member information for this type. Remarks Additional details are available in the Android.,0,2026-09-17,2026-10-01T20:22:13.583345
MICROSOFTQA_REMINING,Microsoft Q&A,JNI callback,Call.Callback Class (Android.Telecom),https://learn.microsoft.com/en-us/dotnet/api/android.telecom.call.callback,"Call.Callback Class Definition Namespace: Android.Telecom Assembly:Mono.Android.dll Defines callbacks which inform the InCallService of changes to a Call. Inheritance Object JavaObject Object Call.Callback Attributes RegisterAttribute Remarks Defines callbacks which inform t... These callbacks can originate from the Telecom framework, or a.",0,2026-09-18,2026-10-01T20:22:13.583351
MICROSOFTQA_REMINING,Microsoft Q&A,JNI callback,AlwaysOnHotwordDetector.Callback Class (Android.Service.Voice),https://learn.microsoft.com/en-us/dotnet/api/android.service.voice.alwaysonhotworddetector.callback,AlwaysOnHotwordDetector.Callback Class Definition Namespace: Android.Service.Voice Assembly:Mono.Android.dll Callbacks for always-on hotword detection. Inheritance Object JavaObject Object AlwaysOnHotwordDetector.Callback Attributes RegisterAttribute Remarks Callbacks for always-on hotword detection.Java documentation for.,0,2025-01-10,2026-10-01T20:22:13.583356
MICROSOFTQA_REMINING,Microsoft Q&A,JNI callback,WindowInsetsAnimation.Callback.ThresholdClass Property (Android.Views),https://learn.microsoft.com/en-us/dotnet/api/android.views.windowinsetsanimation.callback.thresholdclass,WindowInsetsAnimation.Callback.ThresholdClass Property Definition Namespace: Android.Views Assembly:Mono.Android.dll Gets the JNI class handle used by the .NET for Android binding runtime. Property Value IntPtr The JNI class handle used when the runtime dispatches virtual members. Remarks This binding infrastructure identifies the Java class used.,0,2026-09-17,2026-10-01T20:22:13.583361
MICROSOFTQA_REMINING,Microsoft Q&A,JNI callback,MediaSync.Callback Class (Android.Media),https://learn.microsoft.com/en-us/dotnet/api/android.media.mediasync.callback,MediaSync.Callback Class Definition Namespace: Android.Media Assembly:Mono.Android.dll MediaSync callback interface.  ...JavaPeerable.JniObjectReferenceControlBlock (Inherited from JavaObject) IJavaPeerable.SetJniIdentityHashCode(Int32) (Inherited from JavaObject) IJavaPeerable.SetJniManagedPeerState(JniManagedPeerStates) (Inherited from.,0,2025-01-10,2026-10-01T20:22:13.583367
MICROSOFTQA_REMINING,Microsoft Q&A,JNI callback,RemoteConference.Callback Class (Android.Telecom),https://learn.microsoft.com/en-us/dotnet/api/android.telecom.remoteconference.callback,RemoteConference.Callback Class Definition Namespace: Android.Telecom Assembly:Mono.Android.dll Callback base class for RemoteConference. Inheritance Object JavaObject Object RemoteConference.Callback Attributes RegisterAttribute Remarks Callback base class for RemoteConference.Java documentation for.,0,2026-08-19,2026-10-01T20:22:13.583372
MICROSOFTQA_REMINING,Microsoft Q&A,JNI callback,BluetoothHidDevice.Callback Class (Android.Bluetooth),https://learn.microsoft.com/en-us/dotnet/api/android.bluetooth.bluetoothhiddevice.callback,Callback functions are wrapped in this class and registered to the Android system during app registration.Java documentation for android.bluetooth.BluetoothHidDevice.Callback.Portions of this page are modifications based on work created and shared by the Android Open Source Project and used according to terms described in the Creative Commons 2.5.,0,2026-08-19,2026-10-01T20:22:13.583377
MICROSOFTQA_REMINING,Microsoft Q&A,JNI callback,SocketKeepalive.Callback.ThresholdClass Property (Android.Net),https://learn.microsoft.com/en-us/dotnet/api/android.net.socketkeepalive.callback.thresholdclass,SocketKeepalive.Callback.ThresholdClass Property Definition Namespace: Android.Net Assembly:Mono.Android.dll This API supports the Mono for Android infrastructure and is not intended to be used directly from your code. Property Value IntPtr A IntPtr which contains the java.lang.Class JNI value corresponding to this type. Remar... This API supports.,0,2026-09-17,2026-10-01T20:22:13.583382
MICROSOFTQA_REMINING,Microsoft Q&A,JNI callback,WNDPROC - Win32 apps,https://learn.microsoft.com/en-us/windows/win32/api/winuser/nc-winuser-wndproc,"WNDPROC callback function (winuser.h) Summarize this article for me In this article A callback function, which you define in your application, that processes messages sent to a window. The WNDPROC type defines a pointer to this callback function. The WndProc name is a placeholder for the name of the function that you define in your application..",0,2025-10-01,2026-10-01T20:22:13.583388
MICROSOFTQA_REMINING,Microsoft Q&A,JNI callback,Local Join Callbacks - Win32 apps,https://learn.microsoft.com/en-us/windows/win32/rras/local-join-callbacks,"Local Join Callbacks Summarize this article for me In this article After the multicast group manager is notified by IGMP that new receivers are present for a group on an interface, the multicast group manager invokes the PMGM_LOCAL_JOIN_CALLBACK callback to the routing protocol that owns the interface if one exists. This callback and the.",0,2025-03-11,2026-10-01T20:22:13.583393
MICROSOFTQA_REMINING,Microsoft Q&A,JNI callback,Configure direct callback,https://learn.microsoft.com/en-us/dynamics365/customer-service/administer/voice-channel-direct-callback,"Configure direct callback Summarize this article for me In this article Applies to: Dynamics 365 Contact Center—embedded, Dynamics 365 Contact Center—standalone, and Dynamics 365 Customer Service Note Copilot Studio bot is renamed as Copilot agent (agent or AI agent). Direct callback enables customers to request a callback as soon as a customer.",0,2026-09-16,2026-10-01T20:22:13.583398
MICROSOFTQA_REMINING,Microsoft Q&A,JNI callback,Local Leave Callbacks - Win32 apps,https://learn.microsoft.com/en-us/windows/win32/rras/local-leave-callbacks,"Local Leave Callbacks Summarize this article for me In this article After the multicast group manager is notified by IGMP that there are no more receivers present for a group on an interface, the multicast group manager invokes the PMGM_LOCAL_LEAVE_CALLBACK callback to the routing protocol on that interface if one exists. This callback and the.",0,2025-03-11,2026-10-01T20:22:13.583404
MICROSOFTQA_REMINING,Microsoft Q&A,JNI callback,JET_CALLBACK Callback Function - Win32 apps,https://learn.microsoft.com/en-us/windows/win32/extensible-storage-engine/jet-callback-callback-function,JET_CALLBACK Callback Function Summarize this article for me In this article Applies to: Windows | Windows Server JET_CALLBACK Callback Function The JET_CALLBACK function is a multi-purpose callback function used by the database engine to inform the application of an event involving online defragmentation and cursor state notifications. See.,0,2021-08-26,2026-10-01T20:22:13.583409
MICROSOFTQA_REMINING,Microsoft Q&A,JNI callback,Configure customer-first direct callback in Dynamics 365 Contact Center,https://learn.microsoft.com/en-us/dynamics365/contact-center/administer/configure-customer-first-callback,"Configure customer-first direct callback Summarize this article for me In this article Customer-first direct callback helps contact centers reduce representative idle time during callback processing. In the classic direct callback experience, the system assigns a callback request to a representative before it calls the customer. If the customer.",0,2026-09-18,2026-10-01T20:22:13.583414
MICROSOFTQA_REMINING,Microsoft Q&A,JNI callback,Windows Web Services Callback Functions - Win32 apps,https://learn.microsoft.com/en-us/windows/win32/wsw/web-services-for-windows-callback-functions,Windows Web Services Callback Functions Summarize this article for me In this article Callbacks enable an application to call a function defined at another layer or level. The application registers the function argument as a handler that is to be called asynchronously at a later time as required. The callback is invoked if the function c....,0,2025-03-11,2026-10-01T20:22:13.583420
MICROSOFTQA_REMINING,Microsoft Q&A,JNI callback,WINHTTP_STATUS_CALLBACK (winhttp.h) - Win32 apps,https://learn.microsoft.com/en-us/windows/win32/api/winhttp/nc-winhttp-winhttp_status_callback,WINHTTP_STATUS_CALLBACK callback function (winhttp.h) Summarize this article for me In this article The WINHTTP_STATUS_CALLBACK type represents an application-defined status callback function. Syntax Parameters [in] hInternet The handle for which the callback function is called. [in] dwContext A pointer to a DWORD that specifies the.,0,2025-08-27,2026-10-01T20:22:13.583425
MICROSOFTQA_REMINING,Microsoft Q&A,JNI callback,Creating Callback Objects - Windows drivers,https://learn.microsoft.com/en-us/windows-hardware/drivers/wdf/creating-callback-objects,"Creating Callback Objects Summarize this article for me In this article Warning UMDF 2 is the latest version of UMDF and supersedes UMDF 1. All new UMDF drivers should be written using UMDF 2. The archived UMDF 1 samples can be found in the Windows 11, version 22H2 - May 2022 Driver Samples Update. For mor... A UMDF driver can create callback.",0,2025-03-25,2026-10-01T20:22:13.583430
MICROSOFTQA_REMINING,Microsoft Q&A,JNI callback,Callback Objects - Windows drivers,https://learn.microsoft.com/en-us/windows-hardware/drivers/kernel/callback-objects,"Callback Objects Summarize this article for me In this article The kernel's callback mechanism provides a general way for drivers to request and provide notification when certain conditions are satisfied. A driver can create a callback object, and other drivers can request notification for conditions associated with this driver-defined callback..",0,2025-07-18,2026-10-01T20:22:13.583436
MICROSOFTQA_REMINING,Microsoft Q&A,JNI crash,NotMyFault - Sysinternals,https://learn.microsoft.com/en-us/sysinternals/downloads/notmyfault,"NotMyFault v4.6 Summarize this article for me In this article By Mark Russinovich Published: August 12, 2026 Download NotMyFault (1.8 MB) Introduction Notmyfault is a tool that you can use to crash, hang, and cause kernel memory leaks on your Windows system. It’s useful for learning how to identify and diagnose device driver and hardware problems,.",0,2026-08-12,2026-10-01T20:22:15.862849
MICROSOFTQA_REMINING,Microsoft Q&A,JNI crash,Debugging Tools for Windows SDK and WDK - Windows drivers,https://learn.microsoft.com/en-us/windows-hardware/drivers/debugger/debugger-download-tools,"Debugging Tools for Windows SDK and WDK Summarize this article for me In this article Debugging Tools for Windows is a comprehensive suite of debugging utilities that helps developers diagnose and resolve issues in Windows applications and drivers. This powerful toolset includes WinDbg, command-line debuggers, and specialized tools for analyzing.",0,2025-11-07,2026-10-01T20:22:15.862878
MICROSOFTQA_REMINING,Microsoft Q&A,JNI crash,Visual Studio App Center - Visual Studio App Center,https://learn.microsoft.com/en-us/appcenter/,Introduction to Diagnostics Enable Diagnostics in an App Diagnostics Features Troubleshooting Get Started with the SDK Android iOS React Native Windows Xamarin macOS Unity tvOS Reference SDKs Data Collected by App Center Analytics Diagnostics (Crashes) Distribute Other APIs Troubleshooting General Information Accounts in App Center Azure.,0,2025-05-13,2026-10-01T20:22:15.862884
MICROSOFTQA_REMINING,Microsoft Q&A,JNI crash,Release Notes for OLE DB Driver - OLE DB Driver for SQL Server,https://learn.microsoft.com/en-us/sql/connect/oledb/release-notes-for-oledb-driver-for-sql-server,"This update fixes an authentication issue for Microsoft Entra Password (formerly Azure Active Directory Password), includes retry logic improvements for Linked Server scenarios, and updates underlying dependencies (OneAuth 8.0.1, Azure Identity 1.13.2). Bugs fixed Bug fixed Details Fixed intermittent crash with Strict encryption and TLS 1.3. Fixed.",0,2026-09-21,2026-10-01T20:22:15.862889
MICROSOFTQA_REMINING,Microsoft Q&A,JNI crash,DebugView - Sysinternals,https://learn.microsoft.com/en-us/sysinternals/downloads/debugview,"DebugV... Automatic crash recovery: When DebugView detects that the previous session ended due to an ungraceful shutdown (such as a system crash), it automatically scans the Windows crash dump file, recovers pending kernel debug traces from the previous session, and displays them in the output window. Crash-Dump Support:DebugView can recover its.",0,2026-08-12,2026-10-01T20:22:15.862894
MICROSOFTQA_REMINING,Microsoft Q&A,JNI crash,Generate a kernel or complete crash dump - Windows Client,https://learn.microsoft.com/en-us/troubleshoot/windows-client/performance/generate-a-kernel-or-complete-crash-dump,"Generate a kernel or complete crash dump Summarize this article for me In this article A system crash (also known as a ""bug check"" or a ""Stop error"") occurs when Windows can't run correctly. The dump file that is produced from this event is called a system crash dump. A manual kernel or complete memory dump file is useful when you troubleshoot.",0,2026-02-19,2026-10-01T20:22:15.862899
MICROSOFTQA_REMINING,Microsoft Q&A,JNI crash,Collecting User-Mode Dumps - Win32 apps,https://learn.microsoft.com/en-us/windows/win32/wer/collecting-user-mode-dumps,"Collecting User-Mode Dumps Summarize this article for me In this article Starting with Windows Server 2008 and Windows Vista with Service Pack 1 (SP1), Windows Error Reporting (WER) can be configured so that full user-mode dumps are collected and stored locally after a user-mode application crashes. Applications that do their own custom crash.",0,2025-03-11,2026-10-01T20:22:15.862903
MICROSOFTQA_REMINING,Microsoft Q&A,JNI crash,ApplicationErrorReport.CrashInfo Class (Android.App),https://learn.microsoft.com/en-us/dotnet/api/android.app.applicationerrorreport.crashinfo,ApplicationErrorReport.CrashInfo Class Definition Namespace: Android.App Assembly:Mono.Android.dll Describes an application crash. Inheritance Object JavaObject Object ApplicationErrorReport.CrashInfo Attributes RegisterAttribute Remarks Describes an application crash.Android reference for android.app.ApplicationErrorReport.CrashInfo.Portions of.,0,2026-09-17,2026-10-01T20:22:15.862908
MICROSOFTQA_REMINING,Microsoft Q&A,JNI crash,ApplicationErrorReport Class (Android.App),https://learn.microsoft.com/en-us/dotnet/api/android.app.applicationerrorreport,ApplicationErrorReport Class Definition Namespace: Android.App Assembly:Mono.Android.dll Describes an application error. Inheritance Object JavaObject Object ApplicationErrorReport Attrib... Information about the battery use is stored in runningServiceInfo.Android reference for android.app.ApplicationErrorReport.Portions of this page are.,0,2026-09-17,2026-10-01T20:22:15.862913
MICROSOFTQA_REMINING,Microsoft Q&A,JNI crash,How to determine the appropriate page file size for 64-bit versions of Windows - Windows Client,https://learn.microsoft.com/en-us/troubleshoot/windows-client/performance/how-to-determine-the-appropriate-page-file-size-for-64-bit-versions-of-windows,"How to determine the appropriate page file size for 64-bit versions of Windows Summarize this article for me In this article Page file sizing depends on the system crash dump setting requirements and the peak usage or expected peak usage of the system commit charge. Both considerations are unique to each system, even for systems that a... Applies.",0,2026-02-19,2026-10-01T20:22:15.862918
MICROSOFTQA_REMINING,Microsoft Q&A,JNI crash,Forcing a System Crash from the Keyboard - Windows drivers,https://learn.microsoft.com/en-us/windows-hardware/drivers/debugger/forcing-a-system-crash-from-the-keyboard,"Forcing a system crash from the keyboard Summarize this article for me In this article When troubleshooting system issues, you might need to generate a crash dump file to analyze the system state. This article explains how to: Configure registry settings to enable keyboard-initiated crashes Use keyboard shortcuts to trigger a system crash Set up.",0,2025-11-07,2026-10-01T20:22:15.862923
MICROSOFTQA_REMINING,Microsoft Q&A,JNI crash,The application or service crashing behavior troubleshooting guidance - Windows Server,https://learn.microsoft.com/en-us/troubleshoot/windows-server/performance/troubleshoot-application-service-crashing-behavior,The application or service crashing behavior troubleshooting guidance Summarize this article for me In this article This article provides guidance on how to troubleshoot application or service crashing behaviors. Applies to:   All supported versions of Windows Server and Windows Client When you see Event ID 1001 and Event ID 1000 repeatedly in the.,0,2026-02-19,2026-10-01T20:22:15.862928
MICROSOFTQA_REMINING,Microsoft Q&A,JNI crash,DropBoxManager Class (Android.OS),https://learn.microsoft.com/en-us/dotnet/api/android.os.dropboxmanager,"DropBoxManager Class Definition Namespace: Android.OS Assembly:Mono.Android.dll Enqueues chunks of data (from various sources -- application crashes, kernel log records, etc. Inheritance Object JavaObject Object DropBoxManager Attributes RegisterAttribute Remarks Enqueues chunks of data (from various sources -- application crashes, kernel log.",0,2026-08-19,2026-10-01T20:22:15.862944
MICROSOFTQA_REMINING,Microsoft Q&A,JNI crash,CriticalNativeAttribute Class (Dalvik.Annotation.Optimization),https://learn.microsoft.com/en-us/dotnet/api/dalvik.annotation.optimization.criticalnativeattribute,"CriticalNativeAttribute Class Definition Namespace: Dalvik.Annotation.Optimization Assembly:Mono.Android.d... On Android 7 and earlier, the attribute is ignored, so the resulting ABI mismatch can cause incorrect argument marshalling and crashes.Java documentation for dalvik.annotation.optimization.CriticalNative.Portions of this page are.",0,2026-08-14,2026-10-01T20:22:15.862949
MICROSOFTQA_REMINING,Microsoft Q&A,JNI crash,ICriticalNative Interface (Dalvik.Annotation.Optimization),https://learn.microsoft.com/en-us/dotnet/api/dalvik.annotation.optimization.icriticalnative,"ICriticalNative Interface Definition Namespace: Dalvik.Annotation.Optimization Assembly:Mono.Android.dll ... On Android 7 and earlier, the annotation is ignored, so the resulting ABI mismatch can cause incorrect argument marshalling and crashes.Java documentation for dalvik.annotation.optimization.CriticalNative.Portions of this page are.",0,2026-08-14,2026-10-01T20:22:15.862953
MICROSOFTQA_REMINING,Microsoft Q&A,JNI crash,Troubleshoot a Process Crash in an IIS Application Pool - Internet Information Services,https://learn.microsoft.com/en-us/troubleshoot/developer/webapps/iis/site-behavior-performance/process-termination-crash,"Troubleshoot a process crash in an IIS application pool Summarize this article for me In this article This article helps you identify a process termination (more commonly referred to as a process crash) and provides methods to collect and analyze data for the crash. Identify a process crash To identify that there's a process crash, follow these.",0,2025-03-04,2026-10-01T20:22:15.862958
MICROSOFTQA_REMINING,Microsoft Q&A,JNI crash,Collect Dumps on Crash - .NET,https://learn.microsoft.com/en-us/dotnet/core/diagnostics/collect-dumps-crash,"Collect dumps on crash Summarize this article for me In this article Configuring your application to collect a dump on crash is done by setting specific environment variables. This is helpful when you want to get an understanding of why a crash happened. For example, capturing a dump when an exception is thrown helps you identify an issue by.",0,2026-02-23,2026-10-01T20:22:15.862963
MICROSOFTQA_REMINING,Microsoft Q&A,JNI crash,Bug Check 0xE2 MANUALLY_INITIATED_CRASH - Windows drivers,https://learn.microsoft.com/en-us/windows-hardware/drivers/debugger/bug-check-0xe2--manually-initiated-crash,"Bug Check 0xE2: MANUALLY_INITIATED_CRASH Summarize this article for me In this article The MANUALLY_INITIATED_CRASH bug check has a value of 0x000000E2. Important This article is for programmers. If you're a customer who has received a blue screen error code while using your computer, see Troubleshoot blue screen errors. This indicates that the.",0,2023-06-19,2026-10-01T20:22:15.862968
MICROSOFTQA_REMINING,Microsoft Q&A,JNI crash,Upload crashes via UI - Visual Studio App Center,https://learn.microsoft.com/en-us/appcenter/diagnostics/upload-crashes-ui,"Upload crashes via UI Summarize this article for me In this article Important Visual Studio App Center was retired on March 31, 2025, except for the Analytics and Diagnostics features, which will continue to be supported until June 30, 2026. Learn more. If you have a native crash report from an Apple device, you can upload it via the App Center.",0,2025-10-30,2026-10-01T20:22:15.862973
MICROSOFTQA_REMINING,Microsoft Q&A,JNI crash,Forcing a System Crash from the Debugger - Windows drivers,https://learn.microsoft.com/en-us/windows-hardware/drivers/debugger/forcing-a-system-crash-from-the-debugger,"Forcing a System Crash from the Debugger Summarize this article for me In this article If KD or WinDbg is performing kernel-mode debugging, it can force a system crash to occur. This is done by entering the .crash (Force System Cra... After the crash dump file has been written, the kernel debugger on the host computer will be alerted and can be.",0,2025-03-26,2026-10-01T20:22:15.862977
MICROSOFTQA_REMINING,Microsoft Q&A,JNI crash,Open a Dump File with WinDbg - Windows drivers,https://learn.microsoft.com/en-us/windows-hardware/drivers/debugger/opening-a-crash-dump-file-using-windbg,"Open a dump file with WinDbg Summarize this article for me In this article There are several ways you can use WinDbg to open a crash memory dump file to debug code. WinDbg menu If WinDbg is already running and is in dormant mode, you can open a dump file by choosing Open crash dump from the File menu or by pressing CTRL+D. Suggest a fixLearn about.",0,2025-07-18,2026-10-01T20:22:15.862982
MICROSOFTQA_REMINING,Microsoft Q&A,JNI crash,Forcing a System Crash - Windows drivers,https://learn.microsoft.com/en-us/windows-hardware/drivers/debugger/forcing-a-system-crash,"Forcing a System Crash Summarize this article for me In this article Once kernel-mode dump files have been enabled, most system crashes should cause a crash file to be written and the blue screen to be displayed. However, there are times that a system freezes without actually initiating a kernel crash. Possible symptoms of such a fre... Want to.",0,2025-03-26,2026-10-01T20:22:15.862987
MICROSOFTQA_REMINING,Microsoft Q&A,JNI crash,.crash (Force System Crash) - Windows drivers,https://learn.microsoft.com/en-us/windows-hardware/drivers/debuggercmds/-crash--force-system-crash-,".crash (Force System Crash) Summarize this article for me In this article The .crash command causes the target computer to issue a bug check. Environment Modes kernel mode only Targets live debugging only Platforms all Additional Information For an overview of related commands and a description of the options available after a system crash, see.",0,2024-04-03,2026-10-01T20:22:15.862992
MICROSOFTQA_REMINING,Microsoft Q&A,JNI crash,Agentless Multi-Disk Crash-Consistent Azure VM Backup - Azure Backup,https://learn.microsoft.com/en-us/azure/backup/backup-azure-vms-agentless-multi-disk-crash-consistent-overview,What is agentless multidisk crash-consistent backup for Azure VMs. Summarize this article for me In this article Azure Backup supports agentless virtual machine (VM) backups by using multidisk crash-consistent restore points. The Enhanced VM backup policy enables you to configure the consistency type of backups as application-consistent or.,0,2026-07-30,2026-10-01T20:22:15.862997
MICROSOFTQA_REMINING,Microsoft Q&A,JNI crash,Crashing and Rebooting the Target Computer - Windows drivers,https://learn.microsoft.com/en-us/windows-hardware/drivers/debugger/crashing-and-rebooting-the-target-computer,"Crashing and Rebooting the Target Computer Summarize this article for me In this article When you perform kernel debugging, you can cause the target computer to stop responding (that is, crash or bug check) by issuing the .crash (Force System Crash) command. To restart the target computer, u... If you want the target computer to create a crash.",0,2025-03-25,2026-10-01T20:22:15.863002
MICROSOFTQA_REMINING,Microsoft Q&A,JNI crash,Introduction to Crash Dump Filter Drivers - Windows drivers,https://learn.microsoft.com/en-us/windows-hardware/drivers/storage/crash-dump-filter-drivers,"Introduction to Crash Dump Filter Drivers Summarize this article for me In this article To extend the usefulness of the crash dump interface, for Windows Vista with Service Pack 1 (SP1) and Windows Server 2008 and later operating systems, Microsoft has defined filter driver support in the crash dump driver stack. The crash dump driver does not use.",0,2025-03-26,2026-10-01T20:22:15.863007
MICROSOFTQA_REMINING,Microsoft Q&A,JNI crash,HV_CRASH_CTL_REG_CONTENTS,https://learn.microsoft.com/en-us/virtualization/hyper-v-on-windows/tlfs/datatypes/hv_crash_ctl_reg_contents,HV_CRASH_CTL_REG_CONTENTS Summarize this article for me In this article The following data structure is used to define the contents of the guest crash enlightenment control register. Access Architecture Access Method x64 MSR HV_X64_MSR_CRASH_CTL (0x40000105) ARM64 Register HvSyntheticMsrCrashCtl via HvCallGetVpRegisters/HvCallSetVpRegisters Syntax.,0,2025-12-16,2026-10-01T20:22:15.863012
MICROSOFTQA_REMINING,Microsoft Q&A,JNI crash,Run the crash analyzer on an end-user computer - Microsoft Desktop Optimization Pack,https://learn.microsoft.com/en-us/microsoft-desktop-optimization-pack/dart-v10/how-to-run-the-crash-analyzer-on-an-end-user-computer-dart-10,"How to run the crash analyzer on an end-user computer Summarize this article for me In this article To run Crash Analyzer from the Diagnostics and Recovery Toolset window on an end-user computer that is experiencing problems, you must have the Microsoft Debugging Tools for Windows and the symbol files installed. To download the Windows De... How.",0,2025-03-17,2026-10-01T20:22:15.863016
MICROSOFTQA_REMINING,Microsoft Q&A,JNI crash,Number of user mode crashes in Windows components - Windows drivers,https://learn.microsoft.com/en-us/windows-hardware/drivers/dashboard/user-mode-reliability-for-crashes-in-windows-components,"Number of user mode crashes in Windows components Summarize this article for me In this article Description This measure is monitoring how often Windows components (dwm.exe, shell, logon ui, and so on) are crashing in the display driver, in relation to the number of all machines using the driver. Learn about the measure that monitors how often.",0,2025-03-25,2026-10-01T20:22:15.863021
MICROSOFTQA_REMINING,Microsoft Q&A,JNI crash,Crash analyzer tool - Microsoft Edge Developer documentation,https://learn.microsoft.com/en-us/microsoft-edge/devtools/crash-analyzer/,"Crash analyzer tool Summarize this article for me In this article Use the Crash analyzer tool to analyze and quickly diagnose crashes of your web app in production. In the Crash analyzer tool, you can input a JavaScript stack trace that you collected in production and then have your source maps applied to unminify the stack trace so that you can.",0,2026-01-15,2026-10-01T20:22:15.863026
MICROSOFTQA_REMINING,Microsoft Q&A,Java native integration,Azure developer documentation,https://learn.microsoft.com/en-us/azure/developer/,Azure developer documentat... NET Azure SDK for .NET API reference Developer center Python Azure SDK for Python API reference Developer center JavaScript Azure SDK for JavaScript API reference Developer center Java Azure SDK for Java API reference Developer center Go Azure SDK for Go API reference Developer center C++ Azure SDK for C++ API.,0,2026-07-09,2026-10-01T20:22:19.105083
MICROSOFTQA_REMINING,Microsoft Q&A,Java native integration,Microsoft Clarity Documentation,https://learn.microsoft.com/en-us/clarity/,"Microsoft Clarity Documentation Learn how to use Clarity, a behavioral analysis tool that helps you understand user experience, to make your website or app work better. Overview About Clarity video Watch a short video What's new Brand agents overview Reference FAQ Installation and Features Learn how to set up and install the Clarity tracking code,.",0,2026-09-08,2026-10-01T20:22:19.105107
MICROSOFTQA_REMINING,Microsoft Q&A,Java native integration,Editions and Supported Features of SQL Server 2025 - SQL Server,https://learn.microsoft.com/en-us/sql/sql-server/editions-and-components-of-sql-server-2025,...Yes Yes Yes MERGE and upsert capabilities Yes Yes Yes UTF-8 and UTF-16 support Yes Yes Yes Graph tables Yes Yes Yes Temporal tables Yes Yes Yes Time series support Yes Yes Yes Regular expressions support Yes Yes Yes Fuzzy string matching support 4 Yes Yes Yes Full-text and semantic search Yes Yes Yes Common language runtime (CLR) integration.,0,2026-07-20,2026-10-01T20:22:19.105112
MICROSOFTQA_REMINING,Microsoft Q&A,Java native integration,Azure Cosmos DB documentation - Azure Cosmos DB,https://learn.microsoft.com/en-us/azure/cosmos-db/,"Azure Cosmos DB documentation Fully managed, distributed NoSQL, relational, and vector database for modern app development. High performance, high availability, and support for open-source PostgreSQL, MongoDB, and Apache Cassandra. NET (NoSQL) Python (NoSQL) JavaScript (NoSQL) TypeScript (NoSQL) Java (NoSQL) Go (NoSQL) Rust (NoSQL) Core concepts.",0,2026-06-18,2026-10-01T20:22:19.105116
MICROSOFTQA_REMINING,Microsoft Q&A,Java native integration,Troubleshoot connectors - Azure Data Factory & Azure Synapse,https://learn.microsoft.com/en-us/azure/data-factory/connector-troubleshoot-guide,"Troubleshoot Azure Data Factory and Azure Synapse Analytics connectors Summarize this article for me In this article APPLIES TO: Azure Data Factory Azure Synapse Analytics Tip Data Factory in Microsoft Fabric is the next generation of Azure Data Factory, with a simpler architecture, built-in AI, and new features. Error code: 20002 - JniException.",0,2026-08-05,2026-10-01T20:22:19.105120
MICROSOFTQA_REMINING,Microsoft Q&A,Java native integration,.NET documentation - .NET,https://learn.microsoft.com/en-us/dotnet/,".NET documentation Learn to use .NET to create applications on any platform using C#, F#, and Visual Basic. NET fundamentals .NET implementations .NET Framework (for Windows) .NET Standard .NET Q&A .NET tech community forums Security in .NET Develop .NET apps Build an Azure AI chat app with .NET Create .NET desktop apps for Windows Create web apps.",0,2026-04-30,2026-10-01T20:22:19.105124
MICROSOFTQA_REMINING,Microsoft Q&A,Java native integration,Cloud Adoption Framework for Microsoft - Cloud Adoption Framework,https://learn.microsoft.com/en-us/azure/cloud-adoption-framework/,Cloud Adoption Framework for Microsoft Proven guidance to help decision makers ensure their organization is successful in Azure. Overview What is the Cloud Adoption Framework. What's new What's new Azure adoption Roadmap to help decision makers adopt Azure successfully. Strategy Define business justification and Azur... Modernize Improve your.,0,2026-09-04,2026-10-01T20:22:19.105128
MICROSOFTQA_REMINING,Microsoft Q&A,Java native integration,Azure Key Vault documentation,https://learn.microsoft.com/en-us/azure/key-vault/,...yption - Windows Key Vault with Azure Disk Encryption - Linux Key Vault with Virtual Machine Scale Sets Key Vault Integration Azure DevOps - Reference Key Vault secrets in Azure Pipelines App Services - Reference Key Vault secrets in App Services App Services - Maintain App Service certificates in Key Vault Azure Kubernetes Service - Use Key.,0,2026-06-12,2026-10-01T20:22:19.105132
MICROSOFTQA_REMINING,Microsoft Q&A,Java native integration,Microsoft Azure troubleshooting documentation,https://learn.microsoft.com/en-us/troubleshoot/azure/,...ud Troubleshooting articles for Azure HPC Pack Site Recovery Troubleshooting articles for Site Recovery Troubleshooting articles for Azure Backup Azure Virtual Desktop Troubleshooting articles for Azure Virtual Desktop Virtual Machines Troubleshooting articles for Linux Virtual Machines Troubleshooting articles for Windows Virtual Machines.,0,2026-07-16,2026-10-01T20:22:19.105136
MICROSOFTQA_REMINING,Microsoft Q&A,Java native integration,Microsoft for Java Developers,https://learn.microsoft.com/en-us/java/,Microsoft for Java Developers Learn how to develop Java applications and services with Microsoft technologies. Download Download Microsoft Build of OpenJDK Get started Develop Java in Visual Studio Code Training Browse Java on Azure learning paths Get started Use the Azure SDK for Java Deploy Create and deploy a Java app on Azure Overview Use Java.,0,2025-05-29,2026-10-01T20:22:19.105140
MICROSOFTQA_REMINING,Microsoft Q&A,Java native integration,Azure App Service documentation - Azure App Service,https://learn.microsoft.com/en-us/azure/app-service/,"App Service documentation Use Azure App Service, a fully managed platform as a service (PaaS), to create web applications in popular languages like .NET, Java, Node.js, and Python. About App Service Overview Introduction to App Service Concept Azure App Service plans App Service Environments Compare Azure hosting options for web apps What's new.",0,2026-09-09,2026-10-01T20:22:19.105144
MICROSOFTQA_REMINING,Microsoft Q&A,Java native integration,Enable OpenTelemetry in Application Insights - Azure Monitor,https://learn.microsoft.com/en-us/azure/azure-monitor/app/opentelemetry-enable,"Install the client library ASP.NET Core .NET Java Java native Node.js Python Install the latest Azure.Monitor.OpenTelemetry.AspNetCore NuGet package: Modify your application ASP.NET Core .NET Java Java native Node.js Python Import the Azure.Monitor.OpenTelemetry.AspNetCore namespace, add OpenTelemetry, and configure it to use Azure Monitor in your.",0,2026-08-19,2026-10-01T20:22:19.105148
MICROSOFTQA_REMINING,Microsoft Q&A,Java native integration,Get started with Infrastructure as Code (IaC),https://learn.microsoft.com/en-us/azure/developer/iac/,"Get started with Infrastructure as Code (IaC) Learn how to use Infrastructure-as-Code (IaC) tools to reliably provision virtual machines and other infrastructure on Azure. Jenkins Use Jenkins to set up continuous integration and delivery (CI/CD) for software projects. Pulumi Build infrastructure on Azure using TypeScript, Python, Go, C#, Java or.",0,2026-09-03,2026-10-01T20:22:19.105152
MICROSOFTQA_REMINING,Microsoft Q&A,Java native integration,NoSQL documentation,https://learn.microsoft.com/en-us/nosql/,...managed MongoDB-compatible database service with vector search capabilities and native Azure integrationTraining and certification Azure Cosmos DB training modules Build a Java app with Cosmos DB Explore Microsoft Learn Community and open source DocumentDB GitHub repository DocumentDB documentation Redis Open Source Extra resources Azure.,0,2026-05-09,2026-10-01T20:22:19.105156
MICROSOFTQA_REMINING,Microsoft Q&A,Java native integration,Create a self-hosted integration runtime - Azure Data Factory & Azure Synapse,https://learn.microsoft.com/en-us/azure/data-factory/create-self-hosted-integration-runtime,"Create and configure a self-hosted integration runtime Summarize this article for me In this article APPLIES TO: Azure Data Factory Azure Synapse Analytics Tip Data Factory in Microsoft Fabric is the next generation of Azure Data Factory, with a simpler architecture, built-in AI, and new features. The integration runtime (IR) is... To work as.",0,2026-08-05,2026-10-01T20:22:19.105160
MICROSOFTQA_REMINING,Microsoft Q&A,Java native integration,DocumentDB (in Azure) Documentation,https://learn.microsoft.com/en-us/documentdb/,"DocumentDB (in Azure) documentation Learn about the open-source DocumentDB platform and query language used by Azure DocumentDB. Azure DocumentDB Fully managed MongoDB-compatible database service with vCore architecture, vector search capabilities, and native Azure integration. Overview Build an app with Python Build an app with TypeScript/Node.js.",0,2026-04-15,2026-10-01T20:22:19.105164
MICROSOFTQA_REMINING,Microsoft Q&A,Java native integration,.NET Multi-platform App UI documentation - .NET MAUI,https://learn.microsoft.com/en-us/dotnet/maui/,".NET Multi-platform App UI documentation .NET Multi-platform App UI (.NET MAUI) lets you build native apps using a .NET cross-platform UI toolkit that targets the mobile and desktop form factors on Android, iOS, macOS, Windows, and Tizen. Overview What is .NET MAUI. Overview Supported platforms Download Installation Tutorial Build your first app.",0,2025-11-18,2026-10-01T20:22:19.105168
MICROSOFTQA_REMINING,Microsoft Q&A,Java native integration,Azure for Java Developer Documentation - Java on Azure,https://learn.microsoft.com/en-us/azure/developer/java/,"Azure for Java developer documentation Get started developing apps for the cloud with these tutorials and tools for Java developers. Get started with Java on Azure Code, deploy, and scale Java your way Code using the Java tools you know and love Deploy with confidence and ease Scale with security, monitoring, automation Choose the right Azure.",0,2026-07-28,2026-10-01T20:22:19.105172
MICROSOFTQA_REMINING,Microsoft Q&A,Java native integration,Install the Microsoft Build of OpenJDK,https://learn.microsoft.com/en-us/java/openjdk/install,"Install the Microsoft Build of OpenJDK Summarize this article for me In this article This article describes how to install the Microsoft Build of OpenJDK. Alternatively, you can use native installers for your operating system of choice, as described in the next section. Native installers For Windows, we produce an EXE installer with a graphical.",0,2026-01-10,2026-10-01T20:22:19.105176
MICROSOFTQA_REMINING,Microsoft Q&A,Java native integration,Integrate with web or native apps using Microsoft 365 Agents SDK - Microsoft Copilot Studio,https://learn.microsoft.com/en-us/microsoft-copilot-studio/publication-integrate-web-or-native-app-m365-agents-sdk,"Integrate with web or native apps by using Microsoft 365 Agents SDK Summarize this article for me In this article Note This article describes features used in agents or agent flows powered by the standard harness. Important This content is intended for experienced IT professionals, ... This guide covers how to take your Copilot Studio agent and.",0,2026-09-12,2026-10-01T20:22:19.105179
MICROSOFTQA_REMINING,Microsoft Q&A,Java native integration,Azure Native Integrations - Azure Native Integrations,https://learn.microsoft.com/en-us/azure/partner-solutions/,"Azure Native Integrations Azure Native Integrations enables you to easily provision, manage, and tightly integrate independent software vendor (ISV) software and services on Azure. Azure Native Integrations is developed and managed by Microsoft and the ISV. Azure Native Integrations enables you to easily provision, manage, and tightly integrate.",0,2026-09-08,2026-10-01T20:22:19.105183
MICROSOFTQA_REMINING,Microsoft Q&A,Java native integration,Agent Framework documentation,https://learn.microsoft.com/en-us/agent-framework/,Overview Introduction to Agent Framework GitHub Repository Check out Python samples for Agent Framework Check out C# samples for Agent Framework Get Started Steps 1-2: Your First Agent and Tools Step 3: Multi-Turn Conversations Step 4: Memory & Persistence Step 5: Workflows Step 6: Agent Harness Step 7: Host Your Agent Concepts Concepts overview.,0,2026-08-25,2026-10-01T20:22:19.105187
MICROSOFTQA_REMINING,Microsoft Q&A,Java native integration,Platform engineering guide,https://learn.microsoft.com/en-us/platform-engineering/,"Platform engineering guide Learn how platform engineering teams can use building blocks from Microsoft and other vendors to create deeply personalized, optimized, and secure developer experiences. Concept Platform engineering principles How-To Guide Get started Architecture Platform Engineering Capabilities Model Principles Each customer is.",0,2026-08-03,2026-10-01T20:22:19.105191
MICROSOFTQA_REMINING,Microsoft Q&A,Java native integration,Microsoft and Adobe product integrations,https://learn.microsoft.com/en-us/microsoft-adobe-product-integrations/,"Microsoft and Adobe product integrations Microsoft and Adobe have come together to deliver integration solutions for a single, comprehensive view of your data, bringing together and enriching data from all your lines of business, across all your systems  to deliver real-time intelligence back into your applications and services. Microsoft and.",0,2023-04-12,2026-10-01T20:22:19.105195
MICROSOFTQA_REMINING,Microsoft Q&A,Java native integration,Troubleshoot self-hosted integration runtime - Azure Data Factory & Azure Synapse,https://learn.microsoft.com/en-us/azure/data-factory/self-hosted-integration-runtime-troubleshoot-guide,"Troubleshoot self-hosted integration runtime Summarize this article for me In this article APPLIES TO: Azure Data Factory Azure Synapse Analytics Microsoft Purview Tip Data Factory in Microsoft Fabric is the next generation of Azure Data Factory, with a simpler architecture, built-in AI, and new features. This article explores common.",0,2026-08-05,2026-10-01T20:22:19.105199
MICROSOFTQA_REMINING,Microsoft Q&A,Java native integration,Get started with Git integration - Microsoft Fabric,https://learn.microsoft.com/en-us/fabric/cicd/git-integration/git-get-started,Get started with Git integration Summarize this article for me In this article This article walks you through the following basic tasks in Fabric's Git integration tool: Connect to a Git repo Commit changes Update from Git Disconnect from Git We recommend reading the overview of Git integration before you begin. Prerequisites To integrate Git with.,0,2026-09-29,2026-10-01T20:22:19.105203
MICROSOFTQA_REMINING,Microsoft Q&A,Java native integration,Native AOT deployment overview - .NET,https://learn.microsoft.com/en-us/dotnet/core/deploying/native-aot/,"...Publishing your app as Native AOTNET 8 .NET 9+ Platform Supported architecture Notes Windows x64, Arm64 Linux x64, Arm64 macOS x64, Arm64 iOS Arm64 Experimental support iOSSimulator x64, Arm64 Experimental support tvOS Arm64 Experimental support tvOSSimulator x64, Arm64 Experimental support MacCatalyst x64, Arm64 Experimental support Android.",0,2026-07-27,2026-10-01T20:22:19.105207
MICROSOFTQA_REMINING,Microsoft Q&A,Java native integration,Overview of Fabric Git integration - Microsoft Fabric,https://learn.microsoft.com/en-us/fabric/cicd/git-integration/intro-to-git-integration,"What is Microsoft Fabric Git integration. Summarize this article for me In this article This article explains how developers can integrate Git version control with the Fabric Application lifecycle management (ALM) tool. Git integration in Fabric enables developers to integrate their development processes, tools, and best practices straight into.",0,2026-09-29,2026-10-01T20:22:19.105211
MICROSOFTQA_REMINING,Microsoft Q&A,Java native integration,Create and manage self-hosted integration runtimes in Microsoft Purview,https://learn.microsoft.com/en-us/purview/data-map-integration-runtime-self-hosted,"Create and manage a self-hosted integration runtime Summarize this article for me In this article The integration runtime (IR) is the compute infrastructure that Microsoft Purview uses to power data scan across different network environments. Important If you use the Self-Hosted Integration runtime to scan Parquet files, you need to install the.",0,2026-08-19,2026-10-01T20:22:19.105215
MICROSOFTQA_REMINING,Microsoft Q&A,Java native integration,Overview of Dataverse Git integration - Power Platform,https://learn.microsoft.com/en-us/power-platform/alm/git-integration/overview,"Overview of Git integration in Power Platform Summarize this article for me In this article Source control integration enables development teams to sync solutions and solution objects across one or more Microsoft Dataverse environments by using a supported Git provider, such as Azure DevOps or GitHub. The solutions experiences natively provide the.",0,2026-08-24,2026-10-01T20:22:19.105219
MICROSOFTQA_REMINING,Microsoft Q&A,JNI bug,Enable AI assistance with the Azure DevOps MCP Server - Azure Boards,https://learn.microsoft.com/en-us/azure/devops/mcp-server/mcp-server-overview,"Sprint planning support Component Description MCP Server provides Access to backlog items, team data, and work item details AI assistant action Helps analyze capacity and plan the sprint Example prompt ""Get all work items in the product backlog for MyProject and prioritize them for a two-week sprint with three developers"" Query translation WIQL.",0,2026-08-12,2026-10-01T20:22:21.735923
MICROSOFTQA_REMINING,Microsoft Q&A,JNI bug,Microsoft C/C++ Documentation,https://learn.microsoft.com/en-us/cpp/,"Microsoft C++, C, and Assembler documentation Learn how to use C++, C, and assembly language to develop applications, services, and tools for your platforms and devices.  ...ds Universal Windows Platform development Windows Desktop development Linux development Embedded development Mobile development Game development Features Build reliable and.",0,2025-11-13,2026-10-01T20:22:21.735967
MICROSOFTQA_REMINING,Microsoft Q&A,JNI bug,Visual Studio documentation,https://learn.microsoft.com/en-us/visualstudio/windows/,"Visual Studio documentation Learn how to use Visual Studio to develop applications, services, and tools in the language of your choice, for your platforms and devices. Download Setup and installation Overview What is Visual Studio What's new Visual Studio 2026 Release Notes Get started GitHub Copilot Overview Previous versions Get started Learn.",0,2026-07-07,2026-10-01T20:22:21.735972
MICROSOFTQA_REMINING,Microsoft Q&A,JNI bug,Release Notes for SQL Server Management Studio (SSMS) 19 and Earlier Versions,https://learn.microsoft.com/en-us/ssms/release-notes-19,"Release notes for SQL Server Management Studio (SSMS) 19 and earlier versions Summarize this article for me In this article Applies to: SQL Server Azure SQL Database Azure SQL Managed Instance Azure Synapse Analytics This article details updates, improvements, and bug fixes for SQL Server Management Studio (SSMS) 19 and earlier versions. Note To.",0,2025-11-24,2026-10-01T20:22:21.735977
MICROSOFTQA_REMINING,Microsoft Q&A,JNI bug,Release Notes for OLE DB Driver - OLE DB Driver for SQL Server,https://learn.microsoft.com/en-us/sql/connect/oledb/release-notes-for-oledb-driver-for-sql-server,Bugs fixed Bug fixed Details Fixed intermittent crash with Strict encryption and TLS 1.3. Bugs fixed Bug fixed Details Fixed a prepared statement issue. Fixed a bug in prepared statements when connection recovery is performed. Fixed an installer bug. Bug fixed to prevent the installer from asking for a reboot when unnecessary. For the x64 driver:.,0,2026-09-21,2026-10-01T20:22:21.735981
MICROSOFTQA_REMINING,Microsoft Q&A,JNI bug,"Windows 8.1 end of support on January 10, 2023 - Microsoft Lifecycle",https://learn.microsoft.com/en-us/lifecycle/announcements/windows-8-1-end-support-january-2023,"Windows 8.1 end of support on January 10, 2023 Summarize this article for me In this article Please go here to search for your product's lifecycle. Version 109 will be supported on Windows Server 2012/R2 through the end of support on October 10, 2023, with critical security fixes and fixes for known exploit bugs. Go here for additional resources:.",0,2023-01-20,2026-10-01T20:22:21.735985
MICROSOFTQA_REMINING,Microsoft Q&A,JNI bug,How to Use Driver Verifier for Driver Testing - Windows drivers,https://learn.microsoft.com/en-us/windows-hardware/drivers/devtest/driver-verifier,When to use Driver Verifier Use Driver Verifier throughout your driver development and testing process: Early development Find problems early in the development cycle when they're easier and less costly to correct Prevent costly delays by catching issues before they reach production Troubleshooting Debug test failures and computer crashes quickly.,0,2025-11-07,2026-10-01T20:22:21.735989
MICROSOFTQA_REMINING,Microsoft Q&A,JNI bug,Default processes and process templates - Azure Boards,https://learn.microsoft.com/en-us/azure/devops/boards/work-items/guidance/choose-process,"Access the latest defaul... For descriptions of each file and folder, see Overview of process template files. Default processes The default processes mainly differ in the work item types they provide for planning and tracking work. Use the following guide to choose the process that fits your team: Choose Basic for the simplest experience - track.",0,2026-09-21,2026-10-01T20:22:21.735993
MICROSOFTQA_REMINING,Microsoft Q&A,JNI bug,Bug Check 0x139 KERNEL_SECURITY_CHECK_FAILURE - Windows drivers,https://learn.microsoft.com/en-us/windows-hardware/drivers/debugger/bug-check-0x139--kernel-security-check-failure,"Bug Check 0x139: KERNEL_SECURITY_CHECK_FAILURE Summarize this article for me In this article The KERNEL_SECURITY_CHECK_FAILURE bug check has a value of 0x00000139, and indicates that the kernel detects the corruption of a critical data structure. Important This article is for programmers. If you're a customer who receives a blue screen error code.",0,2025-12-13,2026-10-01T20:22:21.735998
MICROSOFTQA_REMINING,Microsoft Q&A,JNI bug,Run Manual Tests with Azure Test Plans - Azure Test Plans,https://learn.microsoft.com/en-us/azure/devops/test/run-manual-tests,"Run manual tests Summarize this article for me In this article Azure DevOps Services | Azure DevOps Server | Azure DevOps Server 2022 Use Microsoft Test Runner to run manual tests and record results for each test step. You can test both web and desktop applications, run all active tests in a suite or select specific test cases, and run tests.",0,2026-08-17,2026-10-01T20:22:21.736002
MICROSOFTQA_REMINING,Microsoft Q&A,JNI bug,What's new with Azure Connected Machine agent - Azure Arc,https://learn.microsoft.com/en-us/azure/azure-arc/servers/agent-release-notes,...magent check command. ✓ ✓ Feature Arc proxy now uses SSL endpoint for communication with HIMDS. ✓ ✓ Feature Added BIOS serial number to detected properties. ✓ Feature Added retry logic for heartbeat and cloud config retrieval on 5xx server errors. ✓ ✓ Improvement Increased timeout for identity requests. ✓ ✓ Improvement Version 1.62 - March 2026.,0,2026-09-25,2026-10-01T20:22:21.736006
MICROSOFTQA_REMINING,Microsoft Q&A,JNI bug,Event ID 41 The system has rebooted without cleanly shutting down first - Windows Client,https://learn.microsoft.com/en-us/troubleshoot/windows-client/performance/event-id-41-restart,"After you identify the hexadecimal value, use the following references to continue troubleshooting: Adv... Bug Check Code Reference. This page lists links to documentation for different bug check codes. How to Debug Kernel Mode Blue Screen Crashes (for beginners). Scenario 2: The computer restarts because you pressed and held the power button.",0,2026-02-19,2026-10-01T20:22:21.736010
MICROSOFTQA_REMINING,Microsoft Q&A,JNI bug,"Resolve nest, display, and reorder issues for work items - Azure Boards",https://learn.microsoft.com/en-us/azure/devops/boards/backlogs/resolve-backlog-reorder-issues,"Troubleshoot reordering and nesting problems Summarize this article for me In this article Azure DevOps Services | Azure DevOps Server | Azure DevOps Server 2022 When you reorder, nest, and display work items, Azure Boards expects a natural hierarchy. The natural hierarchy breaks when you create same-category or same-type links between work items..",0,2026-07-23,2026-10-01T20:22:21.736014
MICROSOFTQA_REMINING,Microsoft Q&A,JNI bug,Release history for Microsoft AutoUpdate (MAU) - Office release notes,https://learn.microsoft.com/en-us/officeupdates/release-history-microsoft-autoupdate,"Download Microsoft AutoUpdate 4.82 Package SHA-256 Hash: C0801456F39FEB52F9BBCA50BE9E6C9DBFE05BBB043E2802AAC5CE3F24A71567 Size: 4,299 KB December 2025 release Release Date: December 12, 2025 Microsoft AutoUpdate 4.81.2 Bug Fixes: We fixed an issue where the manifest allowed devices running pre–macOS 12.0 to attempt to update with newer MAU.",0,2026-09-24,2026-10-01T20:22:21.736018
MICROSOFTQA_REMINING,Microsoft Q&A,JNI bug,Bug Check 0x3B SYSTEM_SERVICE_EXCEPTION - Windows drivers,https://learn.microsoft.com/en-us/windows-hardware/drivers/debugger/bug-check-0x3b--system-service-exception,Bug Check 0x3B: SYSTEM_SERVICE_EXCEPTION Summarize this article for me In this article The SYSTEM_SERVICE_EXCEPTION bug check has a value of 0x0000003B. This indicates that an exception happened while executing a routine that transitions from non-privileged code to privileged code. Important This article is for programmers. If you're a customer.,0,2024-08-24,2026-10-01T20:22:21.736023
MICROSOFTQA_REMINING,Microsoft Q&A,JNI bug,Bug Check 0xEF CRITICAL_PROCESS_DIED - Windows drivers,https://learn.microsoft.com/en-us/windows-hardware/drivers/debugger/bug-check-0xef--critical-process-died,Bug check 0xEF: CRITICAL_PROCESS_DIED Summarize this article for me In this article The CRITICAL_PROCESS_DIED bug check has a value of 0x000000EF. This check indicates that a critical system process terminated. A critical process forces the system to bug check if the system terminates. This check happens when the state of the process is corrupted.,0,2025-05-05,2026-10-01T20:22:21.736027
MICROSOFTQA_REMINING,Microsoft Q&A,JNI bug,JniEnvironment.References.CreatedReference(JniObjectReference) Method (Java.Interop),https://learn.microsoft.com/en-us/dotnet/api/java.interop.jnienvironment.references.createdreference,"JniEnvironment.References.CreatedReference(JniObjectReference) Method Definiti... When such untrackable JNI Local References are created, this may result in future assertions failing within Java.Interop.JniRuntime.JniObjectReferenceManager.DeleteLocalReference when the tracked JNI Local Reference count becomes negative.Use the.",0,2026-09-18,2026-10-01T20:22:21.736031
MICROSOFTQA_REMINING,Microsoft Q&A,JNI bug,Change log for Power BI Report Server - Power BI,https://learn.microsoft.com/en-us/power-bi/report-server/changelog,"Change log for Power BI Report Server Summarize this article for me In this article This change log is for Power BI Report Server and lists new items along with bug fixes for each released build. Various bug fixes. May 2025 Power BI Report Server Version: 1.23.9316.13987 (build 15.0.1118.134), Released: July 9, 2025 Bug fixes Fixed issue with.",0,2026-09-29,2026-10-01T20:22:21.736035
MICROSOFTQA_REMINING,Microsoft Q&A,JNI bug,Bug Check 0x154 UNEXPECTED_STORE_EXCEPTION - Windows drivers,https://learn.microsoft.com/en-us/windows-hardware/drivers/debugger/bug-check-0x154--unexpected-store-exception,Bug Check 0x154: UNEXPECTED_STORE_EXCEPTION Summarize this article for me In this article The UNEXPECTED_STORE_EXCEPTION bug check has a value of 0x00000154. This bug check indicates that the kernel memory store component caught an unexpected exception. Important This topic is for programmers. If you're a customer who has received a blue screen.,0,2023-10-25,2026-10-01T20:22:21.736039
MICROSOFTQA_REMINING,Microsoft Q&A,JNI bug,JniObjectReferenceType Enum (Java.Interop),https://learn.microsoft.com/en-us/dotnet/api/java.interop.jniobjectreferencetype,JniObjectReferenceType Enum Definition Namespace: Java.Interop Assembly:Java.Interop.dll Identifies the kind of a JNI object reference. Global 2 A global JNI refe... WeakGlobal 3 A weak global JNI reference. Remarks Portions of this page are modifications based on work created and shared by the Android Open Source Project and used according to.,0,2026-09-18,2026-10-01T20:22:21.736043
MICROSOFTQA_REMINING,Microsoft Q&A,JNI bug,Bug Check 0x124 WHEA_UNCORRECTABLE_ERROR - Windows drivers,https://learn.microsoft.com/en-us/windows-hardware/drivers/debugger/bug-check-0x124---whea-uncorrectable-error,"Bug Check 0x124: WHEA_UNCORRECTABLE_ERROR Summarize this article for me In this article The WHEA_UNCORRECTABLE_ERROR bug check has a value of 0x00000124 and indicates that a fatal hardware error has occurred. This bug check uses the error data provided by the Windows Hardware Error Architecture (WHEA). To identify a specific cause of the error, an.",0,2024-08-24,2026-10-01T20:22:21.736048
MICROSOFTQA_REMINING,Microsoft Q&A,JNI bug,Show bugs on backlogs and boards - Azure DevOps,https://learn.microsoft.com/en-us/azure/devops/organizations/settings/show-bugs-on-backlog,"Show bugs on backlogs and boards Summarize this article for me In this article Azure DevOps Services | Azure DevOps Server | Azure DevOps Server 2022 As your team identifies code defects or bugs, they can add them to the backlog and track them similar to tracking requirements. You can schedule bugs to be fixed within a sprint along with other.",0,2026-07-23,2026-10-01T20:22:21.736052
MICROSOFTQA_REMINING,Microsoft Q&A,JNI bug,Bug Check 0x101 CLOCK_WATCHDOG_TIMEOUT - Windows drivers,https://learn.microsoft.com/en-us/windows-hardware/drivers/debugger/bug-check-0x101---clock-watchdog-timeout,"Bug check 0x101: CLOCK_WATCHDOG_TIMEOUT Summarize this article for me In this article The CLOCK_WATCHDOG_TIMEOUT bug check has a value of 0x00000101. This bug check indicates that an expected clock interrupt on a secondary processor, in a multi-processor system, wasn't received within the allocated interval. Important This article is for.",0,2024-02-05,2026-10-01T20:22:21.736056
MICROSOFTQA_REMINING,Microsoft Q&A,JNI bug,Bug Check 0x1A MEMORY_MANAGEMENT - Windows drivers,https://learn.microsoft.com/en-us/windows-hardware/drivers/debugger/bug-check-0x1a--memory-management,"Bug Check 0x1A: MEMORY_MANAGEMENT Summarize this article for me In this article The MEMORY_MANAGEMENT bug check has a value of 0x0000001A. The bug check indicates that a severe memory management error occurred. Important This article is for programmers. If you're a Microsoft customer and your computer displays a blue screen error code, see.",0,2025-06-27,2026-10-01T20:22:21.736060
MICROSOFTQA_REMINING,Microsoft Q&A,JNI bug,Bug Check 0x1E KMODE_EXCEPTION_NOT_HANDLED - Windows drivers,https://learn.microsoft.com/en-us/windows-hardware/drivers/debugger/bug-check-0x1e--kmode-exception-not-handled,Bug check 0x1E: KMODE_EXCEPTION_NOT_HANDLED Summarize this article for me In this article The KMODE_EXCEPTION_NOT_HANDLED bug check has a value of 0x0000001E. The bug check indicates that a kernel-mode program generated an exception that the error handler didn't catch. Important This article is for programmers. If you're a Microsoft customer and.,0,2024-08-24,2026-10-01T20:22:21.736064
MICROSOFTQA_REMINING,Microsoft Q&A,JNI bug,"Define, capture, triage, and manage bugs in Azure Boards - Azure Boards",https://learn.microsoft.com/en-us/azure/devops/boards/backlogs/manage-bugs,"Define, capture, triage, and manage bugs in Azure Boards Summarize this article for me In this article Azure DevOps Services | Azure DevOps Server | Azure DevOps Server 2022 Azure Boards provides a Bug work item type to capture, prioritize, assign, and track code defects in ways that align with your Agile practices. Bug work items include all the.",0,2026-07-23,2026-10-01T20:22:21.736068
MICROSOFTQA_REMINING,Microsoft Q&A,JNI bug,Bug Check 0x7E SYSTEM_THREAD_EXCEPTION_NOT_HANDLED - Windows drivers,https://learn.microsoft.com/en-us/windows-hardware/drivers/debugger/bug-check-0x7e--system-thread-exception-not-handled,Bug Check 0x7E: SYSTEM_THREAD_EXCEPTION_NOT_HANDLED Summarize this article for me In this article The SYSTEM_THREAD_EXCEPTION_NOT_HANDLED bug check has a value of 0x0000007E. This bug check indicates that a system thread generated an exception that the error handler didn't catch. Important This article is for programmers. If you're a customer who.,0,2024-08-24,2026-10-01T20:22:21.736073
MICROSOFTQA_REMINING,Microsoft Q&A,JNI bug,Bug Check 0x133 DPC_WATCHDOG_VIOLATION - Windows drivers,https://learn.microsoft.com/en-us/windows-hardware/drivers/debugger/bug-check-0x133-dpc-watchdog-violation,"Bug Check 0x133: DPC_WATCHDOG_VIOLATION Summarize this article for me In this article The DPC_WATCHDOG_VIOLATION bug check has a value of 0x00000133. This bug check indicates that the DPC watchdog executed, either because it detected a single long-running deferred procedure call (DPC), or because the system spent a prol... For more information.",0,2024-08-24,2026-10-01T20:22:21.736077
MICROSOFTQA_REMINING,Microsoft Q&A,JNI bug,Bug Check 0xD1 DRIVER_IRQL_NOT_LESS_OR_EQUAL - Windows drivers,https://learn.microsoft.com/en-us/windows-hardware/drivers/debugger/bug-check-0xd1--driver-irql-not-less-or-equal,Bug Check 0xD1: DRIVER_IRQL_NOT_LESS_OR_EQUAL Summarize this article for me In this article The DRIVER_IRQL_NOT_LESS_OR_EQUAL bug check has a value of 0x000000D1. This indicates that a kernel-mode driver attempted to access pageable memory while the process IRQL that was too high. Important This article is for programmers. If you're a customer who.,0,2024-08-24,2026-10-01T20:22:21.736081
MICROSOFTQA_REMINING,Microsoft Q&A,JNI bug,Bug Check 0x9F DRIVER_POWER_STATE_FAILURE - Windows drivers,https://learn.microsoft.com/en-us/windows-hardware/drivers/debugger/bug-check-0x9f--driver-power-state-failure,Bug Check 0x9F: DRIVER_POWER_STATE_FAILURE Summarize this article for me In this article The DRIVER_POWER_STATE_FAILURE bug check has a value of 0x0000009F. This bug check indicates that the driver is in an inconsistent or invalid power state. Important This article is for programmers. If you're a customer who has received a blue screen error code.,0,2025-05-05,2026-10-01T20:22:21.736085
MICROSOFTQA_REMINING,Microsoft Q&A,JNI native method,.NET documentation - .NET,https://learn.microsoft.com/en-us/dotnet/,".NET documentation Learn to use .NET to create applications on any platform using C#, F#, and Visual Basic. Download Download .NET What's new What's new in .NET Overview Build AI apps in .NET Get started Interactive introduction to C# Overview Azure for .NET developers Architecture .NET architecture docs .NET: Free. NET fundamentals .NET.",0,2026-04-30,2026-10-01T20:22:25.346637
MICROSOFTQA_REMINING,Microsoft Q&A,JNI native method,Cloud Adoption Framework for Microsoft - Cloud Adoption Framework,https://learn.microsoft.com/en-us/azure/cloud-adoption-framework/,Cloud Adoption Framework for Microsoft Proven guidance to help decision makers ensure their organization is successful in Azure. Overview What is the Cloud Adoption Framework. What's new What's new Azure adoption Roadmap to help decision makers adopt Azure successfully. Strategy Define business justification and Azur... Modernize Improve your.,0,2026-09-04,2026-10-01T20:22:25.346668
MICROSOFTQA_REMINING,Microsoft Q&A,JNI native method,.NET Multi-platform App UI documentation - .NET MAUI,https://learn.microsoft.com/en-us/dotnet/maui/,".NET Multi-platform App UI documentation .NET Multi-platform App UI (.NET MAUI) lets you build native apps using a .NET cross-platform UI toolkit that targets the mobile and desktop form factors on Android, iOS, macOS, Windows, and Tizen. Overview What is .NET MAUI. Overview Supported platforms Download Installation Tutorial Build your first app.",0,2025-11-18,2026-10-01T20:22:25.346673
MICROSOFTQA_REMINING,Microsoft Q&A,JNI native method,.NET application architecture documentation - .NET,https://learn.microsoft.com/en-us/dotnet/architecture/,Architecture .NET Microservices: Architecture for containerized .NET apps Architecture Blazor for ASP.NET Web Forms developers Architecture Architecting cloud-native .NET apps for Azure Architecture Architect modern web apps with ASP.NET Core and Azure Architecture Enterprise Application Patterns Using .NET MAUI Migrate .NET apps to Azure Migrate.,0,2024-01-11,2026-10-01T20:22:25.346678
MICROSOFTQA_REMINING,Microsoft Q&A,JNI native method,Azure Native Integrations - Azure Native Integrations,https://learn.microsoft.com/en-us/azure/partner-solutions/,"Azure Native Integrations Azure Native Integrations enables you to easily provision, manage, and tightly integrate independent software vendor (ISV) software and services on Azure. Azure Native Integrations is developed and managed by Microsoft and the ISV. Azure Native Integrations enables you to easily provision, manage, and tightly integrate.",0,2026-09-08,2026-10-01T20:22:25.346682
MICROSOFTQA_REMINING,Microsoft Q&A,JNI native method,Integrate with web or native apps using Microsoft 365 Agents SDK - Microsoft Copilot Studio,https://learn.microsoft.com/en-us/microsoft-copilot-studio/publication-integrate-web-or-native-app-m365-agents-sdk,"Integrate with web or native apps by using Microsoft 365 Agents SDK Summarize this article for me In this article Note This article describes features used in agents or agent flows powered by the standard harness. Important This content is intended for experienced IT professionals, ... This guide covers how to take your Copilot Studio agent and.",0,2026-09-12,2026-10-01T20:22:25.346687
MICROSOFTQA_REMINING,Microsoft Q&A,JNI native method,IAndroidCallableWrapper.RegisterNatives(JniType) Method (Java.Interop),https://learn.microsoft.com/en-us/dotnet/api/java.interop.iandroidcallablewrapper.registernatives,IAndroidCallableWrapper.RegisterNatives(JniType) Method Definition Namespace: Java.Interop Assembly:Mono.Android.dll Registers JNI native methods for this ACW type. Called when the Java class is first loaded and needs its native methods bound. Parameters nativeClass JniType The JNI type for the Java class. Ap... Registers JNI native methods for.,0,2026-09-17,2026-10-01T20:22:25.346691
MICROSOFTQA_REMINING,Microsoft Q&A,JNI native method,JniNativeMethod Struct (Java.Interop),https://learn.microsoft.com/en-us/dotnet/api/java.interop.jninativemethod,"JniNativeMethod Struct Definition Namespace: Java.Interop Assembly:Java.Interop.dll Blittable JNI native method registration for use with raw function pointers. Layout matches JNI's JNINativeMethod struct exactly. Inheritance ValueType JniNativeMethod Constructors Name Description JniNativeMethod(Byte*, Byte*, IntPtr) Applies to. Blittable JNI.",0,2026-09-18,2026-10-01T20:22:25.346696
MICROSOFTQA_REMINING,Microsoft Q&A,JNI native method,Java and .NET managed code interoperability - .NET MAUI,https://learn.microsoft.com/en-us/dotnet/maui/android/internals/java-interop,"Java and .NET managed code interoperability Summarize this article for me In this article App developers expect to be able to call native Android APIs and receive calls, or react to events, from the Android APIs using code written in one of the .NET managed languages.. To enable this communication, .NET for Android uses the Java Native Interface.",0,2025-08-13,2026-10-01T20:22:25.346701
MICROSOFTQA_REMINING,Microsoft Q&A,JNI native method,JniEnvironment.Types.RegisterNatives Method (Java.Interop),https://learn.microsoft.com/en-us/dotnet/api/java.interop.jnienvironment.types.registernatives,"JniEnvironment.Types.RegisterNatives Method Definition Namespace: Java.Interop Assembly:Java.Interop.dll Overloads Name Description RegisterNatives(JniObjectReference, JniNativeMethodRegistration[]) RegisterNatives(JniObjectReference, ReadOnlySpan) Registers JNI native methods using blittable JniNativeMethod structs with raw function pointers and.",0,2026-09-18,2026-10-01T20:22:25.346705
MICROSOFTQA_REMINING,Microsoft Q&A,JNI native method,IAndroidCallableWrapper Interface (Java.Interop),https://learn.microsoft.com/en-us/dotnet/api/java.interop.iandroidcallablewrapper,IAndroidCallableWrapper Interface Definition Namespace: Java.Interop Assembly:Mono.Android.dll Interface for proxy types that represent Android Callable Wrappers (ACW). ACW types are .NET types that have a corresponding generated Java class which calls back into .NET via JNI native methods. Methods Name Description RegisterNatives(JniType).,0,2026-09-17,2026-10-01T20:22:25.346709
MICROSOFTQA_REMINING,Microsoft Q&A,JNI native method,ICriticalNative Interface (Dalvik.Annotation.Optimization),https://learn.microsoft.com/en-us/dotnet/api/dalvik.annotation.optimization.icriticalnative,"ICriticalNative Interface Definition Namespace: Dalvik.Annotation.Optimization Assembly:Mono.Android.dll Marks an eligible native method to use the fastest available Java Native Interface (JNI) transitions. On Android 7 and earlier, the annotation is ignored, so the resulting ABI mismatch can cause incorrect argument marshalling and crashes.Java.",0,2026-08-14,2026-10-01T20:22:25.346714
MICROSOFTQA_REMINING,Microsoft Q&A,JNI native method,IFastNative Interface (Dalvik.Annotation.Optimization),https://learn.microsoft.com/en-us/dotnet/api/dalvik.annotation.optimization.ifastnative,IFastNative Interface Definition Namespace: Dalvik.Annotation.Optimization Assembly:Mono.Android.dll Marks a native method to use faster Java Native Interface (JNI) transitions. Dynamic JNI link... The annotation is ignored on Android 7 and earlier.Java documentation for dalvik.annotation.optimization.FastNative.Portions of this page are.,0,2026-08-14,2026-10-01T20:22:25.346718
MICROSOFTQA_REMINING,Microsoft Q&A,JNI native method,CriticalNativeAttribute Class (Dalvik.Annotation.Optimization),https://learn.microsoft.com/en-us/dotnet/api/dalvik.annotation.optimization.criticalnativeattribute,CriticalNativeAttribute Class Definition Namespace: Dalvik.Annotation.Optimization Assembly:Mono.Android.dll Marks an eligible native method to use the fastest available Java Native Interface (JNI) transitions. Dynamic JNI linking works only on Android 12 and later; methods used on Android 8 through Android 11 must be explicitly registered with.,0,2026-08-14,2026-10-01T20:22:25.346723
MICROSOFTQA_REMINING,Microsoft Q&A,JNI native method,Native interoperability - .NET,https://learn.microsoft.com/en-us/dotnet/standard/native-interop/,"Native interoperability Summarize this article for me In this article The following articles show the various ways of doing ""native interoperability"" in .NET. There are a few reasons why you'd want to call into native code: Operating systems come with a large volume of APIs that a... Communicating with other components that have or can produce.",0,2026-07-12,2026-10-01T20:22:25.346727
MICROSOFTQA_REMINING,Microsoft Q&A,JNI native method,RegisterAttribute.Connector Property (Android.Runtime),https://learn.microsoft.com/en-us/dotnet/api/android.runtime.registerattribute.connector,RegisterAttribute.Connector Property Definition Namespace: Android.Runtime Assembly:Mono.Android.dll The internal method to use to connect JNI native declarations to the corresponding managed implementations. Remarks Portions of this page are modifications based on work created and shared by the Android Open Source Project and used acco... The.,0,2026-08-19,2026-10-01T20:22:25.346732
MICROSOFTQA_REMINING,Microsoft Q&A,JNI native method,JavaPeerableExtensions.GetJniTypeName(IJavaPeerable) Method (Java.Interop),https://learn.microsoft.com/en-us/dotnet/api/java.interop.javapeerableextensions.getjnitypename,"JavaPeerableExtensions.GetJniTypeName(IJavaPeerable) Method Definition Namespace: Java.Interop Assembly:Java.Interop.dll Gets the JNI name of the type of the instance self. Parameters self IJavaPeerable The IJavaPeerable instance to get the JNI type name of. Returns String Remarks The JNI type name is the name of the Java type, as it would be used.",0,2026-09-18,2026-10-01T20:22:25.346736
MICROSOFTQA_REMINING,Microsoft Q&A,JNI native method,Native AOT deployment overview - .NET,https://learn.microsoft.com/en-us/dotnet/core/deploying/native-aot/,Native AOT deployment Summarize this article for me In this article Publishing your app as Native AOT produces an app that's self-contained and that has been ahead-of-time (AOT) compiled to native code. Native AOT apps have faster startup time and smaller memory footprints. These apps can run on machines that don't have the .NET runtime installed..,0,2026-07-27,2026-10-01T20:22:25.346740
MICROSOFTQA_REMINING,Microsoft Q&A,JNI native method,FastNativeAttribute Class (Dalvik.Annotation.Optimization),https://learn.microsoft.com/en-us/dotnet/api/dalvik.annotation.optimization.fastnativeattribute,FastNativeAttribute Class Definition Namespace: Dalvik.Annotation.Optimization Assembly:Mono.Android.dll Marks a native method to use faster Java Native Interface (JNI) transitions. The attribute is ignored on Android 7 and earlier.Java documentation for dalvik.annotation.optimization.FastNative.Portions of this page are modifications based on.,0,2026-08-14,2026-10-01T20:22:25.346745
MICROSOFTQA_REMINING,Microsoft Q&A,JNI native method,Dalvik.Annotation.Optimization Namespace,https://learn.microsoft.com/en-us/dotnet/api/dalvik.annotation.optimization,Dalvik.Annotation.Optimization Namespace Contains Android Runtime optimization annotation interfaces and their managed attribute wrappers. Classes Name Description CriticalNativeAttribute Marks an eligible native method to use the fastest available Java Native I... FastNativeAttribute Marks a native method to use faster Java Native Interface (JNI).,0,2026-08-14,2026-10-01T20:22:25.346749
MICROSOFTQA_REMINING,Microsoft Q&A,JNI native method,"Touch(IntPtr, JniHandleOwnership) Constructor (Android.Text.Method)",https://learn.microsoft.com/en-us/dotnet/api/android.text.method.touch.-ctor,"Touch(IntPtr, JniHandleOwnership) Constructor Definition Namespace: Android.Text.Method Assembly:Mono.Android.dll A ... Parameters javaReference IntPtr A IntPtrcontaining a Java Native Interface (JNI) object reference. transfer JniHandleOwnership A JniHandleOwnershipindicating how to handle javaReference Remarks Portions of this page are.",0,2026-08-19,2026-10-01T20:22:25.347254
MICROSOFTQA_REMINING,Microsoft Q&A,JNI native method,JniEnvironment.References.CreatedReference(JniObjectReference) Method (Java.Interop),https://learn.microsoft.com/en-us/dotnet/api/java.interop.jnienvironment.references.createdreference,"JniEnvironment.References.CreatedReference(JniObjectReference) Method Definition Namespace: Java.Interop Assembly:Java.Interop.dll Account for the creation of a JNI Reference. These counts are incremented whenever a JNI reference is created, e.g. from NewLocalRef() or NewGlobalRef(), and this count is decremented whenever a JNI Local Reference is.",0,2026-09-18,2026-10-01T20:22:25.347262
MICROSOFTQA_REMINING,Microsoft Q&A,JNI native method,Runtime.Load(String) Method (Java.Lang),https://learn.microsoft.com/en-us/dotnet/api/java.lang.runtime.load,"Runtime.Load(String) Method Definition Namespace: Java.Lang Assembly:Mono.Android.dll Loads the native library specified by the filename argument.  ...for example, L, and a native library called L is statically linked with the VM, then the JNI_OnLoad_LSee the  JNI Specification for more details.Otherwise, the filename argument is mapped to a.",0,2026-09-17,2026-10-01T20:22:25.347268
MICROSOFTQA_REMINING,Microsoft Q&A,JNI native method,"LinkAddress(IntPtr, JniHandleOwnership) Constructor (Android.Net)",https://learn.microsoft.com/en-us/dotnet/api/android.net.linkaddress.-ctor,"LinkAddress(IntPtr, JniHandleOwnership) Constructor Definition Namespace: Android.Net Assembly:Mono.Android.dll A co... Parameters javaReference IntPtr A IntPtrcontaining a Java Native Interface (JNI) object reference. transfer JniHandleOwnership A JniHandleOwnershipindicating how to handle javaReference Remarks Portions of this page are.",0,2026-09-17,2026-10-01T20:22:25.347272
MICROSOFTQA_REMINING,Microsoft Q&A,JNI native method,LinkMovementMethod Constructor (Android.Text.Method),https://learn.microsoft.com/en-us/dotnet/api/android.text.method.linkmovementmethod.-ctor,LinkMovementMethod Constructors Definition Namespace: Android.Text.Method Assembly:Mono.Android.dll Overloads Name D... Parameters javaReference IntPtr A IntPtrcontaining a Java Native Interface (JNI) object reference. transfer JniHandleOwnership A JniHandleOwnershipindicating how to handle javaReference Remarks Portions of this page are.,0,2026-08-19,2026-10-01T20:22:25.347277
MICROSOFTQA_REMINING,Microsoft Q&A,JNI native method,Runtime.LoadLibrary(String) Method (Java.Lang),https://learn.microsoft.com/en-us/dotnet/api/java.lang.runtime.loadlibrary,"Runtime.LoadLibrary(String) Method Definition Namespace: Java.Lang... If a native library called libname is statically linked with the VM, then the JNI_OnLoad_libname function exported by the library is invoked. See the  JNI Specification for more details.Otherwise, the libname argument is loaded from a system library location and mapped to a.",0,2026-09-17,2026-10-01T20:22:25.347282
MICROSOFTQA_REMINING,Microsoft Q&A,JNI native method,"SyncInfo(IntPtr, JniHandleOwnership) Constructor (Android.Content)",https://learn.microsoft.com/en-us/dotnet/api/android.content.syncinfo.-ctor,"SyncInfo(IntPtr, JniHandleOwnership) Constructor Definition Namespace: Android.Content Assembly:Mono.Android.dll A c... Parameters javaReference IntPtr A IntPtrcontaining a Java Native Interface (JNI) object reference. transfer JniHandleOwnership A JniHandleOwnershipindicating how to handle javaReference Remarks Portions of this page are.",0,2026-08-19,2026-10-01T20:22:25.347286
MICROSOFTQA_REMINING,Microsoft Q&A,JNI native method,"ContentProviderOperation.Builder(IntPtr, JniHandleOwnership) Constructor (Android.Content)",https://learn.microsoft.com/en-us/dotnet/api/android.content.contentprovideroperation.builder.-ctor,"ContentProviderOperation.Builder(IntPtr, JniHandleOwnership) Constructor Definition Namespace: Android.Content Assem... Parameters javaReference IntPtr A IntPtrcontaining a Java Native Interface (JNI) object reference. transfer JniHandleOwnership A JniHandleOwnershipindicating how to handle javaReference Remarks Portions of this page are.",0,2026-09-17,2026-10-01T20:22:25.347291
MICROSOFTQA_REMINING,Microsoft Q&A,JNI native method,"GridLayout.Alignment(IntPtr, JniHandleOwnership) Constructor (Android.Widget)",https://learn.microsoft.com/en-us/dotnet/api/android.widget.gridlayout.alignment.-ctor,"GridLayout.Alignment(IntPtr, JniHandleOwnership) Constructor Definition Namespace: Android.Widget Assembly:Mono.Andr... Parameters javaReference IntPtr A IntPtrcontaining a Java Native Interface (JNI) object reference. transfer JniHandleOwnership A JniHandleOwnershipindicating how to handle javaReference Remarks Portions of this page are.",0,2026-08-19,2026-10-01T20:22:25.347295
MICROSOFTQA_REMINING,Microsoft Q&A,JNI native method,"DragEvent(IntPtr, JniHandleOwnership) Constructor (Android.Views)",https://learn.microsoft.com/en-us/dotnet/api/android.views.dragevent.-ctor,"DragEvent(IntPtr, JniHandleOwnership) Constructor Definition Namespace: Android.Views Assembly:Mono.Android.dll A co... Parameters javaReference IntPtr A IntPtrcontaining a Java Native Interface (JNI) object reference. transfer JniHandleOwnership A JniHandleOwnershipindicating how to handle javaReference Remarks Portions of this page are.",0,2026-09-17,2026-10-01T20:22:25.347300
MICROSOFTQA_REMINING,Microsoft Q&A,JNI_OnLoad,.NET for Android warning XA0148 - .NET for Android,https://learn.microsoft.com/en-us/dotnet/android/messages/xa0148,XA0148 warning code,0,2026-09-24,2026-10-01T20:22:29.146682
MICROSOFTQA_REMINING,Microsoft Q&A,JNI_OnLoad,NoNamespace.onLoad Field (DocumentFormat.OpenXml.Linq),https://learn.microsoft.com/en-us/dotnet/api/documentformat.openxml.linq.nonamespace.onload,Represents the onLoad XML attribute. ,0,2024-01-12,2026-10-01T20:22:29.146712
MICROSOFTQA_REMINING,Microsoft Q&A,JNI_OnLoad,Form OnLoad event (Client API reference) in model-driven apps - Power Apps,https://learn.microsoft.com/en-us/power-apps/developer/model-driven-apps/clientapi/reference/events/form-onload,Includes description and supported parameters for the OnLoad event.,0,2024-12-06,2026-10-01T20:22:29.146717
MICROSOFTQA_REMINING,Microsoft Q&A,JNI_OnLoad,Debugging maui app using WSA - VS Debugger terminates as soon as MAUI app is lauched - Microsoft Q&A,https://learn.microsoft.com/en-us/answers/questions/948394/debugging-maui-app-using-wsa-vs-debugger-terminate,"I installed Windows SubSystem for Android and tried creating a &quot;File -&gt; New&quot; MAUI app using blazor. When I press F5 to debug, the app launches and debugger crashes straight away. Here is the log from output window:
Forwarding debugger port 8851
Detecting existing process
am start -a &quot;android.intent.action.MAIN&quot; -c &quot;android.intent.category.LAUNCHER&quot; -n &quot;com.com",0,2022-12-18,2026-10-01T20:22:29.146722
MICROSOFTQA_REMINING,Microsoft Q&A,JNI_OnLoad,ControlAdapter.OnLoad(EventArgs) Method (System.Web.UI.Adapters),https://learn.microsoft.com/en-us/dotnet/api/system.web.ui.adapters.controladapter.onload,Overrides the OnLoad(EventArgs) method for the associated control. ,0,2026-05-27,2026-10-01T20:22:29.146727
MICROSOFTQA_REMINING,Microsoft Q&A,JNI_OnLoad,SchemaBrowser.OnLoad(EventArgs) Method (Microsoft.ReportDesigner),https://learn.microsoft.com/en-us/dotnet/api/microsoft.reportdesigner.schemabrowser.onload,Learn more about the Microsoft.ReportDesigner.SchemaBrowser.OnLoad in the Microsoft.ReportDesigner namespace.,0,2020-12-04,2026-10-01T20:22:29.146731
MICROSOFTQA_REMINING,Microsoft Q&A,JNI_OnLoad,JavaSystem.Load(String) Method (Java.Lang),https://learn.microsoft.com/en-us/dotnet/api/java.lang.javasystem.load,Loads the native library specified by the filename argument. ,0,2026-09-17,2026-10-01T20:22:29.146736
MICROSOFTQA_REMINING,Microsoft Q&A,JNI_OnLoad,JavaSystem.LoadLibrary(String) Method (Java.Lang),https://learn.microsoft.com/en-us/dotnet/api/java.lang.javasystem.loadlibrary,Loads the native library specified by the libname argument. ,0,2026-09-17,2026-10-01T20:22:29.146740
MICROSOFTQA_REMINING,Microsoft Q&A,JNI_OnLoad,TermExtractionFrameForm.OnLoad(EventArgs) Method (Microsoft.DataTransformationServices.Design),https://learn.microsoft.com/en-us/dotnet/api/microsoft.datatransformationservices.design.termextractionframeform.onload,Learn more about the Microsoft.DataTransformationServices.Design.TermExtractionFrameForm.OnLoad in the Microsoft.DataTransformationServices.Design namespace.,0,2020-04-21,2026-10-01T20:22:29.146745
MICROSOFTQA_REMINING,Microsoft Q&A,JNI_OnLoad,Form.OnLoad property (Access),https://learn.microsoft.com/en-us/office/vba/api/access.form.onload,Access VBA reference,0,2024-01-24,2026-10-01T20:22:29.146749
MICROSOFTQA_REMINING,Microsoft Q&A,JNI_OnLoad,QueryStringControl.OnLoad(EventArgs) Method (Microsoft.ReportingServices.QueryDesigners),https://learn.microsoft.com/en-us/dotnet/api/microsoft.reportingservices.querydesigners.querystringcontrol.onload,Learn more about the Microsoft.ReportingServices.QueryDesigners.QueryStringControl.OnLoad in the Microsoft.ReportingServices.QueryDesigners namespace.,0,2020-04-21,2026-10-01T20:22:29.146754
MICROSOFTQA_REMINING,Microsoft Q&A,JNI_OnLoad,DtsLookupColumnsMapper.OnLoad(EventArgs) Method (Microsoft.DataTransformationServices.Design),https://learn.microsoft.com/en-us/dotnet/api/microsoft.datatransformationservices.design.dtslookupcolumnsmapper.onload,Learn more about the Microsoft.DataTransformationServices.Design.DtsLookupColumnsMapper.OnLoad in the Microsoft.DataTransformationServices.Design namespace.,0,2020-12-04,2026-10-01T20:22:29.146758
MICROSOFTQA_REMINING,Microsoft Q&A,JNI_OnLoad,WizardStepBase.OnLoad(EventArgs) Method (System.Web.UI.WebControls),https://learn.microsoft.com/en-us/dotnet/api/system.web.ui.webcontrols.wizardstepbase.onload,Raises the OnLoad(EventArgs) event. ,0,2026-05-27,2026-10-01T20:22:29.146763
MICROSOFTQA_REMINING,Microsoft Q&A,JNI_OnLoad,Report.OnLoad property (Access),https://learn.microsoft.com/en-us/office/vba/api/access.report.onload,Access VBA reference,0,2024-01-24,2026-10-01T20:22:29.146767
MICROSOFTQA_REMINING,Microsoft Q&A,JNI_OnLoad,TermLookupFrameForm.OnLoad(EventArgs) Method (Microsoft.DataTransformationServices.Design),https://learn.microsoft.com/en-us/dotnet/api/microsoft.datatransformationservices.design.termlookupframeform.onload,Learn more about the Microsoft.DataTransformationServices.Design.TermLookupFrameForm.OnLoad in the Microsoft.DataTransformationServices.Design namespace.,0,2020-04-21,2026-10-01T20:22:29.146772
MICROSOFTQA_REMINING,Microsoft Q&A,JNI_OnLoad,iPhoneOSGameView.OnLoad(EventArgs) Method (OpenTK.Platform.iPhoneOS),https://learn.microsoft.com/en-us/dotnet/api/opentk.platform.iphoneos.iphoneosgameview.onload,Raises the Load event. ,0,2019-06-20,2026-10-01T20:22:29.146776
MICROSOFTQA_REMINING,Microsoft Q&A,JNI_OnLoad,DialogBase.OnLoad(EventArgs) Method (Microsoft.VisualStudio.Modeling.Shell),https://learn.microsoft.com/en-us/dotnet/api/microsoft.visualstudio.modeling.shell.dialogbase.onload,Learn more about the Microsoft.VisualStudio.Modeling.Shell.DialogBase.OnLoad in the Microsoft.VisualStudio.Modeling.Shell namespace.,0,2024-05-06,2026-10-01T20:22:29.146781
MICROSOFTQA_REMINING,Microsoft Q&A,JNI_OnLoad,MetadataUserControl.OnLoad(EventArgs) Method (Microsoft.ServiceModel.Channels.Tools.MetadataSearchBrowse),https://learn.microsoft.com/en-us/dotnet/api/microsoft.servicemodel.channels.tools.metadatasearchbrowse.metadatausercontrol.onload,Learn more about the Microsoft.ServiceModel.Channels.Tools.MetadataSearchBrowse.MetadataUserControl.OnLoad in the Microsoft.ServiceModel.Channels.Tools.MetadataSearchBrowse namespace.,0,2018-09-20,2026-10-01T20:22:29.146785
MICROSOFTQA_REMINING,Microsoft Q&A,JNI_OnLoad,InitString.OnLoad Method (Microsoft.Uii.Common),https://learn.microsoft.com/en-us/dotnet/api/microsoft.uii.common.initstring.onload,Called during load. ,0,2023-09-14,2026-10-01T20:22:29.146790
MICROSOFTQA_REMINING,Microsoft Q&A,JNI_OnLoad,CustomUI.OnLoad Property (DocumentFormat.OpenXml.Office2010.CustomUI),https://learn.microsoft.com/en-us/dotnet/api/documentformat.openxml.office2010.customui.customui.onload,"onLoad, this property is only available in Office 2010 and later. Represents the following attribute in the schema: onLoad ",0,2024-01-12,2026-10-01T20:22:29.146794
MICROSOFTQA_REMINING,Microsoft Q&A,JNI_OnLoad,[MS-IPFF2]: onLoad,https://learn.microsoft.com/en-us/openspecs/sharepoint_protocols/ms-ipff2/217f89ec-ab53-454c-af2b-c492de4390de,The onLoad element specifies a set of rules that is called when the form is loaded.                Parent Elements,0,2025-03-18,2026-10-01T20:22:29.146798
MICROSOFTQA_REMINING,Microsoft Q&A,JNI_OnLoad,[MS-IPFF]: onLoad,https://learn.microsoft.com/en-us/openspecs/sharepoint_protocols/ms-ipff/c378500c-5bd3-40fc-a724-28b537bbf058,The onLoad element specifies a set of rules that is called when the form is loaded.                Parent Elements,0,2025-03-18,2026-10-01T20:22:29.146803
MICROSOFTQA_REMINING,Microsoft Q&A,JNI_OnLoad,XDocumentClass.OnLoad Event (Microsoft.Office.Interop.InfoPath),https://learn.microsoft.com/en-us/dotnet/api/microsoft.office.interop.infopath.xdocumentclass.onload,This type is a wrapper for a coclass or coclass member that is required by managed code for COM interoperability. This class is not intended to be used in code. ,0,2022-09-20,2026-10-01T20:22:29.146807
MICROSOFTQA_REMINING,Microsoft Q&A,JNI_OnLoad,Azure Spatial Anchors Android NDK lib fails to load when minify enabled - Microsoft Q&A,https://learn.microsoft.com/en-us/answers/questions/934556/azure-spatial-anchors-android-ndk-lib-fails-to-loa,"Hello, I noticed the Android app was crashing when building in release mode for production.
Apparently Android NDK lib failed to load when minify is enabled (default for release).
To reproduce change &quot;minifyEnabled false&quot; to &quot;minifyEnabled true&quot; or just remove it in Android/NDK/app/build.gradle
https://github.com/Azure/azure-spatial-anchors-samples/blob/master/Android/NDK/app/b",0,2022-07-27,2026-10-01T20:22:29.146812
MICROSOFTQA_REMINING,Microsoft Q&A,JNI_OnLoad,CustomUI.OnLoad Property (DocumentFormat.OpenXml.Office.CustomUI),https://learn.microsoft.com/en-us/dotnet/api/documentformat.openxml.office.customui.customui.onload,onLoad Represents the following attribute in the schema: onLoad ,0,2024-01-12,2026-10-01T20:22:29.146817
MICROSOFTQA_REMINING,Microsoft Q&A,JNI_OnLoad,UserControl.OnLoad(EventArgs) Method (System.Windows.Forms),https://learn.microsoft.com/en-us/dotnet/api/system.windows.forms.usercontrol.onload,Raises the Load event. ,0,2026-05-27,2026-10-01T20:22:29.146821
MICROSOFTQA_REMINING,Microsoft Q&A,JNI_OnLoad,_XDocumentEventSink2_Event.OnLoad Event (Microsoft.Office.Interop.InfoPath.SemiTrust),https://learn.microsoft.com/en-us/dotnet/api/microsoft.office.interop.infopath.semitrust._xdocumenteventsink2_event.onload,"Occurs after a Microsoft InfoPath form has been loaded, but before any views have been initialized. ",0,2021-06-25,2026-10-01T20:22:29.146826
MICROSOFTQA_REMINING,Microsoft Q&A,JNI_OnLoad,PropertyPage.OnLoad(EventArgs) Method (Microsoft.BizTalk.Adapter.Wcf.Forms),https://learn.microsoft.com/en-us/dotnet/api/microsoft.biztalk.adapter.wcf.forms.propertypage.onload,Learn more about the Microsoft.BizTalk.Adapter.Wcf.Forms.PropertyPage.OnLoad in the Microsoft.BizTalk.Adapter.Wcf.Forms namespace.,0,2020-01-22,2026-10-01T20:22:29.146830
MICROSOFTQA_REMINING,Microsoft Q&A,JNI_OnLoad,WorkflowOutline.OnLoad(EventArgs) Method (System.Workflow.ComponentModel.Design),https://learn.microsoft.com/en-us/dotnet/api/system.workflow.componentmodel.design.workflowoutline.onload,Raises the Load event. ,0,2026-05-27,2026-10-01T20:22:29.146835
MICROSOFTQA_REMINING,Microsoft Q&A,JNI_OnLoad,Runtime.Load(String) Method (Java.Lang),https://learn.microsoft.com/en-us/dotnet/api/java.lang.runtime.load,Loads the native library specified by the filename argument. ,0,2026-09-17,2026-10-01T20:22:29.146839
MICROSOFTQA_REMINING,Microsoft Q&A,undefined reference JNI,.NET documentation - .NET,https://learn.microsoft.com/en-us/dotnet/,".NET documentation Learn to use .NET to create applications on any platform using C#, F#, and Visual Basic. NET API reference API reference documentation for .NET ASP.NET Core API reference API reference documentation for ASP.NET Core C# language reference C# language reference and specification F# language reference F# language reference Visual.",0,2026-04-30,2026-10-01T20:22:31.772053
MICROSOFTQA_REMINING,Microsoft Q&A,undefined reference JNI,Set-ExecutionPolicy (Microsoft.PowerShell.Security) - PowerShell,https://learn.microsoft.com/en-us/powershell/module/microsoft.powershell.security/set-executionpolicy,"Syntax All Description The Set-ExecutionPolicy cmdlet changes PowerShell execution policies for Windows computers. For more information, see about_Execution_Policies. Beginning in PowerShell 6.0 for non-Windows computers, the default execution policy is Unrestricted and can't be changed. The Set-ExecutionPolicy cmdlet is available, but PowerShell.",0,2026-08-31,2026-10-01T20:22:31.772102
MICROSOFTQA_REMINING,Microsoft Q&A,undefined reference JNI,Data Analysis Expressions (DAX) Reference - DAX,https://learn.microsoft.com/en-us/dax/,"Data Analysis Expressions (DAX) Reference Data Analysis Expressions (DAX) is a library of functions and operators that can be combined to build formulas and expressions in Power BI, Analysis Services, and Power Pivot in Excel data models. Functions Reference DAX functions DAX statements What's new New DAX functions Learn about DAX Overview DAX.",0,2026-07-20,2026-10-01T20:22:31.772111
MICROSOFTQA_REMINING,Microsoft Q&A,undefined reference JNI,Power Query M function reference - PowerQuery M,https://learn.microsoft.com/en-us/powerquery-m/power-query-m-function-reference,"Power Query M function reference Summarize this article for me In this article The Power Query M function reference includes articles for each of the over 700 functions. These reference articles are auto-generated from in-product help. To learn more about functions and how they work in an expression, go to Understanding Power Query M functions..",0,2026-03-24,2026-10-01T20:22:31.772118
MICROSOFTQA_REMINING,Microsoft Q&A,undefined reference JNI,DAX function reference - DAX,https://learn.microsoft.com/en-us/dax/dax-function-reference,"DAX function reference Summarize this article for me In this article The DAX function reference provides detailed information including syntax, parameters, return values, and examples for each of the over 250 functions used in Data Analysis Expression (DAX) formulas. Important Not all DAX functions are supported or included in earlier versions of.",0,2026-01-22,2026-10-01T20:22:31.772125
MICROSOFTQA_REMINING,Microsoft Q&A,undefined reference JNI,User-defined type not defined (VBA),https://learn.microsoft.com/en-us/office/vba/language/how-to/user-defined-type-not-defined,"User-defined type not defined Summarize this article for me In this article You can create your own data types in Visual Basic, but they must be defined first in a Type...End Type statement or in a properly registered object library or type library. This error has the following causes and solutions: You tried to declare a variable or argument with.",0,2024-02-01,2026-10-01T20:22:31.772133
MICROSOFTQA_REMINING,Microsoft Q&A,undefined reference JNI,Configure AKV references - Microsoft Fabric,https://learn.microsoft.com/en-us/fabric/data-factory/azure-key-vault-reference-configure,"Configure Azure Key Vault references Summarize this article for me In this article Azure Key Vault (AKV) is Microsoft's cloud service for storing secrets, keys, and certificates centrally, so you don't have to hardcode them into your apps. By using Azure Key Vault references in Microsoft Fabric, you can just point to a secret in your vault instead.",0,2026-09-10,2026-10-01T20:22:31.772158
MICROSOFTQA_REMINING,Microsoft Q&A,undefined reference JNI,JniEnvironment.References.CreatedReference(JniObjectReference) Method (Java.Interop),https://learn.microsoft.com/en-us/dotnet/api/java.interop.jnienvironment.references.createdreference,"These counts are incremented whenever a JNI reference is created, e.g. from NewLocalRef() or NewGlobalRef(), and this count is decremented whenever a JNI Local Reference is destroyed, e.g. from Java.Interop.JniObjectReference.Dispose.This accounting assumes a worldview in which Java.Interop can intervene wherever a JNI Local Reference can be.",0,2026-09-18,2026-10-01T20:22:31.772166
MICROSOFTQA_REMINING,Microsoft Q&A,undefined reference JNI,DevicePolicyResources Class (Android.App.Admin),https://learn.microsoft.com/en-us/dotnet/api/android.app.admin.devicepolicyresources,Fields Name Description Undefined An identifier used for:  un-updatable resource IDs undefined sources  Properties Name Description Class Returns the runtime class of this Object(Inherited from Object) JniManagedPeerState (Inherited from JavaObject) JniPeerMembers PeerReference Gets the JNI object reference for this Java peer. (Inherited from.,0,2026-09-18,2026-10-01T20:22:31.772173
MICROSOFTQA_REMINING,Microsoft Q&A,undefined reference JNI,JniObjectReferenceType Enum (Java.Interop),https://learn.microsoft.com/en-us/dotnet/api/java.interop.jniobjectreferencetype,JniObjectReferenceType Enum Definition Namespace: Java.Interop Assembly:Java.Interop.dll Identifies the kind of a JNI object reference. Inheritance Enum JniObjectReferenceType Fields Name Value Description Invalid 0 An invalid JNI reference type. Remarks Portions of this page are modifications based on work created and shared by the Android Open.,0,2026-09-18,2026-10-01T20:22:31.772182
MICROSOFTQA_REMINING,Microsoft Q&A,undefined reference JNI,ContactsContract.DisplayNameSources Class (Android.Provider),https://learn.microsoft.com/en-us/dotnet/api/android.provider.contactscontract.displaynamesources,ContactsContract.DisplayNameSources Class Definition Namespace: ... Inheritance Object JavaObject Object ContactsContract.DisplayNameSources Attributes RegisterAttribute ObsoleteAttribute Remarks Android platform documentationPortions of this page are modifications based on work created and shared by the Android Open Source Project and used.,0,2026-08-19,2026-10-01T20:22:31.772192
MICROSOFTQA_REMINING,Microsoft Q&A,undefined reference JNI,Flow.ISubscription Interface (Java.Util.Concurrent),https://learn.microsoft.com/en-us/dotnet/api/java.util.concurrent.flow.isubscription,Flow.ISubscription Interface Definition Namespace: Java.Util.Concurrent Assembly:Mono.Android.dll Message control li... The methods in this interface are intended to be invoked only by their Subscribers; usages in other contexts have undefined effects.Java documentation for java.util.concurrent.Flow.Subscription.Portions of this page are.,0,2026-08-19,2026-10-01T20:22:31.772200
MICROSOFTQA_REMINING,Microsoft Q&A,undefined reference JNI,"Reference(IntPtr, JniHandleOwnership) Constructor (Java.Lang.Ref)",https://learn.microsoft.com/en-us/dotnet/api/java.lang.ref.reference.-ctor,"Reference(IntPtr, JniHandleOwnership) Constructor Definition Namespace: Java.Lang.Ref Assembly:Mono.Android.dll A constructor used when creating managed representations of JNI objects; called by the runtime. Parameters javaReference IntPtr A IntPtrcontaining a Java Native Interface (JNI) object reference. transfer JniHandleOwnership A.",0,2026-08-19,2026-10-01T20:22:31.772206
MICROSOFTQA_REMINING,Microsoft Q&A,undefined reference JNI,"ObjectMethods(IntPtr, JniHandleOwnership) Constructor (Java.Lang.Runtimes)",https://learn.microsoft.com/en-us/dotnet/api/java.lang.runtimes.objectmethods.-ctor,"ObjectMethods(IntPtr, JniHandleOwnership) Constructor Definition Namespace: Java.Lang.Runtimes Assembly:Mono.Android.dll A constructor used when creating managed representations of JNI objects; called by the runtime. Parameters javaReference IntPtr A IntPtr containing a Java Native Interface (JNI) object reference. transfer JniHandleOwnership A.",0,2026-09-18,2026-10-01T20:22:31.772211
MICROSOFTQA_REMINING,Microsoft Q&A,undefined reference JNI,PathMeasure Constructor (Android.Graphics),https://learn.microsoft.com/en-us/dotnet/api/android.graphics.pathmeasure.-ctor,"PathMeasure(IntPtr, JniHandleOwnership) A constructor used when creating managed representations of JNI objects; cal... Parameters javaReference IntPtr A IntPtrcontaining a Java Native Interface (JNI) object reference. transfer JniHandleOwnership A JniHandleOwnershipindicating how to handle javaReference Remarks Portions of this page are.",0,2026-09-17,2026-10-01T20:22:31.772216
MICROSOFTQA_REMINING,Microsoft Q&A,undefined reference JNI,JValue Struct (Android.Runtime),https://learn.microsoft.com/en-us/dotnet/api/android.runtime.jvalue,"JValue Struct Definition Namespace: Android.Runtime Assembly:Mono.Android.dll Represents a JNI jvalue union, used to pass arguments to Java methods via JNI function calls. Inheritance ValueT... JValue(Single) Creates a JValue from a Single value, corresponding to the JNI jfloat type. Fields Name Description Zero A JValue representing a JNI NULL.",0,2026-09-17,2026-10-01T20:22:31.772220
MICROSOFTQA_REMINING,Microsoft Q&A,undefined reference JNI,JniEnvironment.References Class (Java.Interop),https://learn.microsoft.com/en-us/dotnet/api/java.interop.jnienvironment.references,"JniEnvironment.References Class Definition Namespace: Java.Interop Assembly:Java.Interop.dll JNI Reference-related functionality. Inheritance Object JniEnvironment.References Remarks The JniEnvironment.References class exposes JNI Global, Local, Weak-Global-related functionality which is not exposed by the JniObjectReference class, particularly.",0,2026-09-18,2026-10-01T20:22:31.772226
MICROSOFTQA_REMINING,Microsoft Q&A,undefined reference JNI,Object.GetObject Method (Java.Lang),https://learn.microsoft.com/en-us/dotnet/api/java.lang.object.getobject,"Object.GetObject Method Definition Namespace: Java.Lang Assembly:Mono.Android.dll Overloads Name Description GetObject(IntPtr, JniHandleOwnership) Wraps a JNI object reference into a fully typed IJavaObject implementation.  ...managed Java peer of the requested type for the specified JNI object referenceRemarks Portions of this page are.",0,2026-09-17,2026-10-01T20:22:31.772230
MICROSOFTQA_REMINING,Microsoft Q&A,undefined reference JNI,"AconfigPackage(IntPtr, JniHandleOwnership) Constructor (Android.OS.Flagging)",https://learn.microsoft.com/en-us/dotnet/api/android.os.flagging.aconfigpackage.-ctor,"AconfigPackage(IntPtr, JniHandleOwnership) Constructor Definition Namespace: Android.OS.Flagging Assembly:Mono.Android.dll A constructor used when creating managed representations of JNI objects; called by the runtime. Parameters javaReference IntPtr A IntPtr containing a Java Native Interface (JNI) object reference. transfer JniHandleOwnership A.",0,2026-09-17,2026-10-01T20:22:31.772236
MICROSOFTQA_REMINING,Microsoft Q&A,undefined reference JNI,"ObbInfo(IntPtr, JniHandleOwnership) Constructor (Android.Content.Res)",https://learn.microsoft.com/en-us/dotnet/api/android.content.res.obbinfo.-ctor,"ObbInfo(IntPtr, JniHandleOwnership) Constructor Definition Namespace: Android.Content.Res Assembly:Mono.Android.dll ... Parameters javaReference IntPtr A IntPtrcontaining a Java Native Interface (JNI) object reference. transfer JniHandleOwnership A JniHandleOwnershipindicating how to handle javaReference Remarks Portions of this page are.",0,2026-08-19,2026-10-01T20:22:31.772240
MICROSOFTQA_REMINING,Microsoft Q&A,undefined reference JNI,"MediaSyncEvent(IntPtr, JniHandleOwnership) Constructor (Android.Media)",https://learn.microsoft.com/en-us/dotnet/api/android.media.mediasyncevent.-ctor,"MediaSyncEvent(IntPtr, JniHandleOwnership) Constructor Definition Namespace: Android.Media Assembly:Mono.Android.dll... Parameters javaReference IntPtr A IntPtrcontaining a Java Native Interface (JNI) object reference. transfer JniHandleOwnership A JniHandleOwnershipindicating how to handle javaReference Remarks Portions of this page are.",0,2026-09-17,2026-10-01T20:22:31.772245
MICROSOFTQA_REMINING,Microsoft Q&A,undefined reference JNI,"ConnectivityManager(IntPtr, JniHandleOwnership) Constructor (Android.Net)",https://learn.microsoft.com/en-us/dotnet/api/android.net.connectivitymanager.-ctor,"ConnectivityManager(IntPtr, JniHandleOwnership) Constructor Definition Namespace: Android.Net Assembly:Mono.Android.... Parameters javaReference IntPtr A IntPtrcontaining a Java Native Interface (JNI) object reference. transfer JniHandleOwnership A JniHandleOwnershipindicating how to handle javaReference Remarks Portions of this page are.",0,2026-09-17,2026-10-01T20:22:31.772250
MICROSOFTQA_REMINING,Microsoft Q&A,undefined reference JNI,"BackupDataOutput(IntPtr, JniHandleOwnership) Constructor (Android.App.Backup)",https://learn.microsoft.com/en-us/dotnet/api/android.app.backup.backupdataoutput.-ctor,"BackupDataOutput(IntPtr, JniHandleOwnership) Constructor Definition Namespace: Android.App.Backup Assembly:Mono.Andr... Parameters javaReference IntPtr A IntPtrcontaining a Java Native Interface (JNI) object reference. transfer JniHandleOwnership A JniHandleOwnershipindicating how to handle javaReference Remarks Portions of this page are.",0,2026-08-19,2026-10-01T20:22:31.772255
MICROSOFTQA_REMINING,Microsoft Q&A,undefined reference JNI,"IntentSender(IntPtr, JniHandleOwnership) Constructor (Android.Content)",https://learn.microsoft.com/en-us/dotnet/api/android.content.intentsender.-ctor,"IntentSender(IntPtr, JniHandleOwnership) Constructor Definition Namespace: Android.Content Assembly:Mono.Android.dll... Parameters javaReference IntPtr A IntPtrcontaining a Java Native Interface (JNI) object reference. transfer JniHandleOwnership A JniHandleOwnershipindicating how to handle javaReference Remarks Portions of this page are.",0,2026-09-17,2026-10-01T20:22:31.772260
MICROSOFTQA_REMINING,Microsoft Q&A,undefined reference JNI,ProtectedSignalsManager.ThresholdClass Property (Android.AdServices.Signals),https://learn.microsoft.com/en-us/dotnet/api/android.adservices.signals.protectedsignalsmanager.thresholdclass,ProtectedSignalsManager.ThresholdClass Property Definition Namespace: Android.AdServices.Signals Assembly:Mono.Android.dll Gets the JNI class reference used when dispatching inherited members. Property Value IntPtr A JNI reference to the peer class used for virtual method dispatch. Remarks This member supports the Java interop infrastructure and.,0,2026-09-17,2026-10-01T20:22:31.772265
MICROSOFTQA_REMINING,Microsoft Q&A,undefined reference JNI,AdServicesVersion.ThresholdClass Property (Android.AdServices),https://learn.microsoft.com/en-us/dotnet/api/android.adservices.adservicesversion.thresholdclass,AdServicesVersion.ThresholdClass Property Definition Namespace: Android.AdServices Assembly:Mono.Android.dll Gets the JNI class reference used when dispatching inherited members. Property Value IntPtr A JNI reference to the peer class used for virtual method dispatch. Remarks This member supports the Java interop infrastructure and is not intended.,0,2026-08-19,2026-10-01T20:22:31.772271
MICROSOFTQA_REMINING,Microsoft Q&A,undefined reference JNI,SSLSockets.ThresholdClass Property (Android.Net.Ssl),https://learn.microsoft.com/en-us/dotnet/api/android.net.ssl.sslsockets.thresholdclass,SSLSockets.ThresholdClass Property Definition Namespace: Android.Net.Ssl Assembly:Mono.Android.dll Gets the JNI class reference used when dispatching inherited members. Property Value IntPtr A JNI reference to the peer class used for virtual method dispatch. Remarks This member supports the Java interop infrastructure and is not intended to be.,0,2026-09-17,2026-10-01T20:22:31.772279
MICROSOFTQA_REMINING,Microsoft Q&A,undefined reference JNI,SSLEngines.ThresholdClass Property (Android.Net.Ssl),https://learn.microsoft.com/en-us/dotnet/api/android.net.ssl.sslengines.thresholdclass,SSLEngines.ThresholdClass Property Definition Namespace: Android.Net.Ssl Assembly:Mono.Android.dll Gets the JNI class reference used when dispatching inherited members. Property Value IntPtr A JNI reference to the peer class used for virtual method dispatch. Remarks This member supports the Java interop infrastructure and is not intended to be.,0,2026-09-17,2026-10-01T20:22:31.772287
MICROSOFTQA_REMINING,Microsoft Q&A,undefined reference JNI,AdServicesState.ThresholdClass Property (Android.AdServices),https://learn.microsoft.com/en-us/dotnet/api/android.adservices.adservicesstate.thresholdclass,AdServicesState.ThresholdClass Property Definition Namespace: Android.AdServices Assembly:Mono.Android.dll Gets the JNI class reference used when dispatching inherited members. Property Value IntPtr A JNI reference to the peer class used for virtual method dispatch. Remarks This member supports the Java interop infrastructure and is not intended.,0,2026-09-17,2026-10-01T20:22:31.772294
MICROSOFTQA_REMINING,Microsoft Q&A,undefined reference JNI,"WifiConfiguration.Protocol(IntPtr, JniHandleOwnership) Constructor (Android.Net.Wifi)",https://learn.microsoft.com/en-us/dotnet/api/android.net.wifi.wificonfiguration.protocol.-ctor,"WifiConfiguration.Protocol(IntPtr, JniHandleOwnership) Constructor Definition Namespace: Android.Net.Wifi Assembly:M... Parameters javaReference IntPtr A IntPtrcontaining a Java Native Interface (JNI) object reference. transfer JniHandleOwnership A JniHandleOwnershipindicating how to handle javaReference Remarks Portions of this page are.",0,2026-08-19,2026-10-01T20:22:31.772301
MICROSOFTQA_REMINING,Microsoft Q&A,java.library.path,Microsoft Foundry documentation,https://learn.microsoft.com/en-us/azure/foundry/,"Microsoft Foundry documentation The AI app and agent factory - build, optimize, and govern AI apps and agents at scale. Overview What is Microsoft Foundry. Python C# JavaScript Java Further resources Explore Microsoft Foundry Microsoft Foundry portal Microsoft Foundry SDKs Microsoft Foundry labs Visual Studio Code extension Foundry (classic).",0,2026-08-25,2026-10-01T20:22:34.792973
MICROSOFTQA_REMINING,Microsoft Q&A,java.library.path,Azure developer documentation,https://learn.microsoft.com/en-us/azure/developer/,Azure developer documentat... NET Azure SDK for .NET API reference Developer center Python Azure SDK for Python API reference Developer center JavaScript Azure SDK for JavaScript API reference Developer center Java Azure SDK for Java API reference Developer center Go Azure SDK for Go API reference Developer center C++ Azure SDK for C++ API.,0,2026-07-09,2026-10-01T20:22:34.793004
MICROSOFTQA_REMINING,Microsoft Q&A,java.library.path,Azure Key Vault documentation,https://learn.microsoft.com/en-us/azure/key-vault/,Secure your Managed HSM deployment Provision and activate a managed HSM See more Client libraries Client libraries for Azure Key Vault .NET Client library Python Client library Java Client library Spring Client library Node.js Client library Key Vault with Virtual Machines Key Vault VM extension - Windows Key Vault VM extension - Linux Key Vault.,0,2026-06-12,2026-10-01T20:22:34.793009
MICROSOFTQA_REMINING,Microsoft Q&A,java.library.path,SharePoint - Connectors,https://learn.microsoft.com/en-us/connectors/sharepointonline/,This connector is available in the following products and regions: Service Class Regions Copilot Studio Standard All Power Automate regions Logic Apps Standard All Logic Apps regions Power Apps Standard All Power Apps regions Power Automate Standard All Power Automate regions Contact Name SharePoint URL.,0,2026-08-01,2026-10-01T20:22:34.793014
MICROSOFTQA_REMINING,Microsoft Q&A,java.library.path,Azure Active Directory B2C documentation,https://learn.microsoft.com/en-us/azure/active-directory-b2c/,Azure Active Directory B2C documentation Azure Active Directory B2C (Azure AD B2C) is a customer identity access management (CIAM) solution that enables you to sign up and sign in your customers into your apps and APIs. We recommend MSAL for any app type that uses Azur... MSAL.NET MSAL iOS MSAL Java MSAL.js MSAL Python. Learn how to use Azure.,0,2026-06-11,2026-10-01T20:22:34.793019
MICROSOFTQA_REMINING,Microsoft Q&A,java.library.path,Microsoft for Java Developers,https://learn.microsoft.com/en-us/java/,Microsoft for Java Developers Learn how to develop Java applications and services with Microsoft technologies. Download Download Microsoft Build of OpenJDK Get started Develop Java in Visual Studio Code Training Browse Java on Azure learning paths Get started Use the Azure SDK for Java Deploy Create and deploy a Java app on Azure Overview Use Java.,0,2025-05-29,2026-10-01T20:22:34.793024
MICROSOFTQA_REMINING,Microsoft Q&A,java.library.path,Download - JDBC Driver for SQL Server,https://learn.microsoft.com/en-us/sql/connect/jdbc/download-microsoft-jdbc-driver-for-sql-server,Download Microsoft JDBC Driver for SQL Server Summarize this article for me In this article The Microsoft JDBC Driver for SQL Server is a Type 4 JDBC driver that provides database connectivity through the standard JDBC application program interfaces (APIs) available on the Java platform. The driver downloads are available to all users at no extra.,0,2026-09-18,2026-10-01T20:22:34.793029
MICROSOFTQA_REMINING,Microsoft Q&A,java.library.path,Microsoft identity platform documentation - Microsoft identity platform,https://learn.microsoft.com/en-us/entra/identity-platform/,"Microsoft identity platform documentation Use the Microsoft identity platform and our open-source authentication libraries to sign in users with Microsoft Entra accounts, Microsoft personal accounts, and social accounts like Facebook and Google. Protect your web APIs and access protected APIs like Microsoft Graph to work with your users' and.",0,2026-06-15,2026-10-01T20:22:34.793034
MICROSOFTQA_REMINING,Microsoft Q&A,java.library.path,Microsoft Authentication Libraries (MSAL) documentation,https://learn.microsoft.com/en-us/entra/msal/,NET Microsoft Authentication Library for .NET Choosing a version of MSAL.NET Public client applications Confidential client applications Java Microsoft Authentication Library for Java Public client applications Confidential client applications JavaScript Microsoft Authentication Library for JavaScript MSAL Angular MSAL Browser MSAL Node MSAL React.,0,2025-08-14,2026-10-01T20:22:34.793039
MICROSOFTQA_REMINING,Microsoft Q&A,java.library.path,.NET for Android,https://learn.microsoft.com/en-us/dotnet/android/,Get started Install .NET for Android .NET for Android Guides Build Android apps Build process Build targets Build properties Build items Fundamentals Layout code behind Bind Android Java libraries Overview Bind a Java library Bind a Java library from Maven Customize bindings Troubleshoot bindings References .NET API reference API reference.,0,2026-07-22,2026-10-01T20:22:34.793044
MICROSOFTQA_REMINING,Microsoft Q&A,java.library.path,Azure for Java Developer Documentation - Java on Azure,https://learn.microsoft.com/en-us/azure/developer/java/,Azure for Java developer documentation Get started developing apps for the cloud with these tutorials and tools for Java developers.  ...See App Service documentation Azure Container Apps Launch your first Java app Get started using IntelliJ Overview See more Secure apps using the Microsoft identity platform Overview Secure Spring Boot apps Secure.,0,2026-07-28,2026-10-01T20:22:34.793048
MICROSOFTQA_REMINING,Microsoft Q&A,java.library.path,.NET documentation - .NET,https://learn.microsoft.com/en-us/dotnet/fundamentals/,".NET fundamentals documentation Learn the fundamentals of .NET, an open-source developer platform for building many different types of applications. Introduction to .NET .NET languages Concept .NET Standard Common Language Runtime (CLR) .NET Core support policy What's new What's new in .NET 11 What's new in .NET 10 What's new in .NET 9 What's new.",0,2026-08-19,2026-10-01T20:22:34.793053
MICROSOFTQA_REMINING,Microsoft Q&A,java.library.path,Overview of the Microsoft Authentication Library (MSAL) - Microsoft identity platform,https://learn.microsoft.com/en-us/entra/identity-platform/msal-overview,"Overview of the Microsoft Authentication Library (MSAL) Summarize this article for me In this article The Microsoft Authentication Library (MSAL) enables developers to acquire security tokens from the Microsoft identity platform to authenticate users and access secured web APIs. It can be used to provide secure access to Microsoft Graph, other.",0,2026-06-15,2026-10-01T20:22:34.793058
MICROSOFTQA_REMINING,Microsoft Q&A,java.library.path,Install the Microsoft Build of OpenJDK,https://learn.microsoft.com/en-us/java/openjdk/install,"Install the Microsoft Build of OpenJDK Summarize this article for me In this article This article describes how to install the Microsoft Build of OpenJDK. To download certain files mentioned in this article, see Download the Microsoft Build of OpenJDK. ZIP and TAR.GZ packages For Windows, Linux, and macOS, we produce ZIP (Windows) and TAR.GZ.",0,2026-01-10,2026-10-01T20:22:34.793063
MICROSOFTQA_REMINING,Microsoft Q&A,java.library.path,Can't find project or library,https://learn.microsoft.com/en-us/office/vba/language/reference/user-interface-help/can-t-find-project-or-library,"Can't find project or library Summarize this article for me In this article You can't run your code until all missing references are resolved. This error has the following causes and solutions: A referenced project could not be found, or a referenced object library corresponding to the language of the project could not be found. Office Add-ins.",0,2024-02-01,2026-10-01T20:22:34.793067
MICROSOFTQA_REMINING,Microsoft Q&A,java.library.path,Use a Microsoft Entra Workload ID on Azure Kubernetes Service (AKS) - Azure Kubernetes Service,https://learn.microsoft.com/en-us/azure/aks/workload-identity-overview,The following table provides the minimum package version required for each language ecosystem's client library: Ecosystem Library Minimum version .NET Azure.Identity 1.9.0 C++ azure-identity-cpp 1.6.0 Go azidentity 1.3.0 Java azure-identity 1.9.0 Node.js @azure/identity 3.2.0 Python azure-identity 1.13.0 Azure Identity client library code samples.,0,2026-09-09,2026-10-01T20:22:34.793072
MICROSOFTQA_REMINING,Microsoft Q&A,java.library.path,Code samples for authentication and authorization - Microsoft identity platform,https://learn.microsoft.com/en-us/entra/identity-platform/sample-v2-code,Language /Platform Code sample(s) on GitHub Auth libraries Auth flow Quickstart Tutorial ASP.NET • Call Microsoft Graph MSAL.NET On-Behalf-Of (OBO) Quickstart ASP.NET Core • Access control (protected routes) with the Microsoft identity platform MSAL.NET On-Behalf-Of (OBO) Quickstart Tutorial Java • Protect your Java Spring Boot web API with the.,0,2026-09-02,2026-10-01T20:22:34.793077
MICROSOFTQA_REMINING,Microsoft Q&A,java.library.path,Enable OpenTelemetry in Application Insights - Azure Monitor,https://learn.microsoft.com/en-us/azure/azure-monitor/app/opentelemetry-enable,"Enable Azure Monitor OpenTelemetry for .NET, Node.js, Python, and Java applications Summarize this article for me In this article This article describes how to enable and configure OpenTelemetry-based data collection within Azure Monitor Application Insights using the Azure Monitor OpenTelemetry Distro. OpenTelemetry is the open-source CNCF.",0,2026-08-19,2026-10-01T20:22:34.793082
MICROSOFTQA_REMINING,Microsoft Q&A,java.library.path,Microsoft 365 developer documentation - Microsoft 365 Developer,https://learn.microsoft.com/en-us/microsoft-365/developer/,Microsoft 365 developer documentation Build enterprise-grade agents and apps with the integrated Microsoft 365 platform and unlock AI-powered productivity. Tools and libraries Microsoft 365 Agents Toolkit Microsoft 365 Agents Toolkit CLI Microsoft 365 Agents SDK Microsoft 365 Copilot APIs Copilot Studio in Microsoft 365 Copilot Copilot Studio.,0,2025-11-13,2026-10-01T20:22:34.793493
MICROSOFTQA_REMINING,Microsoft Q&A,java.library.path,Microsoft Surface - Surface,https://learn.microsoft.com/en-us/surface/,"Microsoft Surface for Business Find IT resources to plan, deploy, and manage Microsoft Surface for Business and Surface Hub devices in commercial and enterprise environments Get started Surface devices documentation Get started Surface Hub documentation Training Surface training modules & learning paths What's new Surface features video demos.",0,2026-05-28,2026-10-01T20:22:34.793500
MICROSOFTQA_REMINING,Microsoft Q&A,java.library.path,Learn about retention for SharePoint and OneDrive,https://learn.microsoft.com/en-us/purview/retention-policies-sharepoint,"If a site is configured with the Set-SPOSite parameter LockState that's set to NoAccess or ReadOnly, items in that site can't be del... How retention works for SharePoint and OneDrive To store content that needs to be retained, SharePoint and OneDrive create a Preservation Hold library if one doesn't exist for the site. The Preservation Hold.",0,2026-06-25,2026-10-01T20:22:34.793505
MICROSOFTQA_REMINING,Microsoft Q&A,java.library.path,Excel Online (Business) - Connectors,https://learn.microsoft.com/en-us/connectors/excelonlinebusiness/,This connector is available in the following products and regions: Service Class Regions Copilot Studio Standard All Power Automate regions except the following:       -   China Cloud operated by 21Vianet Logic Apps Standard All Logic Apps regions except the following:       -   Azure China regions Power Apps Standard All Power Apps regions except.,0,2026-07-11,2026-10-01T20:22:34.793509
MICROSOFTQA_REMINING,Microsoft Q&A,java.library.path,Linker Tools Error LNK1104,https://learn.microsoft.com/en-us/cpp/error-messages/tool-errors/linker-tools-error-lnk1104,"Linker Tools Error LNK1104 Summarize this article for me In this article cannot open file 'filename' Remarks This error is reported when the linker fails to open a file, either for reading or for writing. The two most common causes of the issue are: your program is already running or is loaded in the debugger, and your library paths are incorrect,.",0,2025-10-03,2026-10-01T20:22:34.793514
MICROSOFTQA_REMINING,Microsoft Q&A,java.library.path,Automate your workflow with GitHub Actions Part 1 of 2 - Training,https://learn.microsoft.com/en-us/training/paths/github-actions/,"Automate your workflow with GitHub Actions Part 1 of 2 At a glance Level Beginner Interme... In this learning path, you'll: Plan automation of your software development life cycle with GitHub Actions workflows. Prerequisites A GitHub account Add Modules in this learning path Automate development tasks by using GitHub Actions Add Build continuous.",0,2025-05-15,2026-10-01T20:22:34.793519
MICROSOFTQA_REMINING,Microsoft Q&A,java.library.path,Training for Data Engineers,https://learn.microsoft.com/en-us/training/career-paths/data-engineer,"Career path Training for Data Engineers Microsoft Learn helps you discover the tools and skills you need to become a data engineer. Browse the official plan for data engineers What is a data engineer. A data engineer integrates, transforms, and consolidates data from various structured and unstructured data systems into structures that are.",0,2026-02-10,2026-10-01T20:22:34.793524
MICROSOFTQA_REMINING,Microsoft Q&A,java.library.path,Tips for Java Developers - A tour of C#,https://learn.microsoft.com/en-us/dotnet/csharp/tour-of-csharp/tips-for-java-developers,"Roadmap for Java developers learning C# Summarize this article for me In this article If you're starting a new job or joining a team that uses C#, this article helps you get productive quickly. It highlights what's familiar from Java and what's new in C#. C# and Java have many similarities. As you learn C#, you can apply much of the knowledge you.",0,2026-09-18,2026-10-01T20:22:34.793529
MICROSOFTQA_REMINING,Microsoft Q&A,java.library.path,Microsoft C/C++ Documentation,https://learn.microsoft.com/en-us/cpp/,"Microsoft C++, C, and Assembler documentation Learn how to use C++, C, and assembly language to develop applications, services, and tools for your platforms and devices. Download Install Visual Studio and choose your C++ workloads Overview Welcome to C++ in Visual Studio Get started Get started with Visual Studio and C++ What's new What's new for.",0,2025-11-13,2026-10-01T20:22:34.793533
MICROSOFTQA_REMINING,Microsoft Q&A,java.library.path,Build .NET applications with C# - Training,https://learn.microsoft.com/en-us/training/paths/build-dotnet-applications-csharp/,"Build .NET applications with C# At a glance Level Beginner Skill &nbsp; Product .NET Role Developer Subject Custom app development .NET is a free, cross-platform, open source developer platform for building many different types of applications. NET is a free, cross-platform, open source developer platform for building many different t... With.",0,2025-12-04,2026-10-01T20:22:34.793538
MICROSOFTQA_REMINING,Microsoft Q&A,java.library.path,Install and use packages with CMake,https://learn.microsoft.com/en-us/vcpkg/get_started/get-started,"Tutorial: Install and use packages with CMake Summarize this article for me In this article This tutorial shows you how to create a C++ ""Hello World"" program that uses the fmt library with CMake and vcpkg. You'll install dependencies... Prerequisites A terminal A C++ compiler CMake Git Note For Windows users, Visual Studio's MSVC (Microsoft Visual.",0,2026-08-05,2026-10-01T20:22:34.793543
MICROSOFTQA_REMINING,Microsoft Q&A,java.library.path,Microsoft identity platform authentication libraries - Microsoft identity platform,https://learn.microsoft.com/en-us/entra/identity-platform/reference-v2-libraries,Microsoft identity platform authentication libraries Summarize this article for me In this article The following tables show Microsoft Authentication Library support for several application types. Language / framework Project onGitHub Package Gettingstarted Sign in users Access web APIs Generally available (GA) orPublic preview1 Electron MSAL.,0,2026-06-15,2026-10-01T20:22:34.793548
MICROSOFTQA_REMINING,Microsoft Q&A,JNI integration,Azure developer documentation,https://learn.microsoft.com/en-us/azure/developer/,"Azure developer documentation Develop applications on Azure using Python, JavaScript, Java, .NET, Go, C++, and Rust. Use development tools like Visual Studio, Visual Studio Code, and Azure SDKs. Learn through quickstarts, tutorials, and toolkits for building applications, AI integration, deployment, and resource management. What's new What's new.",0,2026-07-09,2026-10-01T20:22:37.375559
MICROSOFTQA_REMINING,Microsoft Q&A,JNI integration,Troubleshoot connectors - Azure Data Factory & Azure Synapse,https://learn.microsoft.com/en-us/azure/data-factory/connector-troubleshoot-guide,"Troubleshoot Azure Data Factory and Azure Synapse Analytics connectors Summarize this article for me In this article APPLIES TO: Azure Data Factory Azure Synapse Analytics Tip Data Factory in Mic... Error code: 20002 - JniException Message: An error occurred when invoking Java Native Interface. Cause: If the error message contains ""Can't create.",0,2026-08-05,2026-10-01T20:22:37.375586
MICROSOFTQA_REMINING,Microsoft Q&A,JNI integration,Azure DevOps documentation,https://learn.microsoft.com/en-us/azure/devops/,"Azure DevOps documentation Plan, build, test, and deploy with integrated DevOps tools for teams of any size. Create a test plan Run automated tests Azure DevOps Server Setup and upgrade requirements Install Administrative tasks reference Additional resources AI assistance Enable AI assistance with Azure DevOps MCP Server Set up remote... Plan,.",0,2026-08-12,2026-10-01T20:22:37.375592
MICROSOFTQA_REMINING,Microsoft Q&A,JNI integration,Microsoft Clarity Documentation,https://learn.microsoft.com/en-us/clarity/,"Microsoft Clarity Documentation Learn how to use Clarity, a behavioral analysis tool that helps you understand user experience, to make your website or app work better. Overview About Clarity video Watch a short video What's new Brand agents overview Reference FAQ Installation and Features Learn how to set up and install the Clarity tracking code,.",0,2026-09-08,2026-10-01T20:22:37.375596
MICROSOFTQA_REMINING,Microsoft Q&A,JNI integration,Agent Framework documentation,https://learn.microsoft.com/en-us/agent-framework/,Overview Introduction to Agent Framework GitHub Repository Check out Python samples for Agent Framework Check out C# samples for Agent Framework Get Started Steps 1-2: Your First Agent and Tools Step 3: Multi-Turn Conversations Step 4: Memory & Persistence Step 5: Workflows Step 6: Agent Harness Step 7: Host Your Agent Concepts Concepts overview.,0,2026-08-25,2026-10-01T20:22:37.375601
MICROSOFTQA_REMINING,Microsoft Q&A,JNI integration,Microsoft troubleshooting documentation,https://learn.microsoft.com/en-us/troubleshoot/,Microsoft troubleshooting documentation Find the documentation you need to troubleshoot issues and apply workarounds for the following commercial products from Microsoft.. NET Troubleshooting articles for .NET ASP.NET Troubleshooting articles for ASP.NET Azure Troubleshooting articles for Azure Endpoint management Troubleshooting articles for.,0,2026-05-14,2026-10-01T20:22:37.375606
MICROSOFTQA_REMINING,Microsoft Q&A,JNI integration,Microsoft Learn resources,https://learn.microsoft.com/en-us/training/support/,"Microsoft Learn resources Get answers to frequently asked questions, troubleshoot common issues, and discover features related to Microsoft Learn. Support Frequently asked questions Browse common training issues Report feedback Plans Overview of Plans How to create and manage Plans How to start and complete Plans Best practices AI enhanced plan.",0,2026-08-03,2026-10-01T20:22:37.375611
MICROSOFTQA_REMINING,Microsoft Q&A,JNI integration,Editions and Supported Features of SQL Server 2025 - SQL Server,https://learn.microsoft.com/en-us/sql/sql-server/editions-and-components-of-sql-server-2025,"Express 2 SQL Server Express edition is the entry-level, free database, ideal for learning and building desktop and small server data-driven applications. Analys... Integration Services Integration Services is a set of graphical tools and programmable objects for moving, copying, and transforming data. Enterprise Developer, Standard Developer, and.",0,2026-07-20,2026-10-01T20:22:37.375616
MICROSOFTQA_REMINING,Microsoft Q&A,JNI integration,Dynamics 365 Finance documentation,https://learn.microsoft.com/en-us/dynamics365/finance/,"Microsoft Dynamics 365 Finance documentation Discover how to make the most of Dynamics 365 Finance with training, documentation, and videos covering product capabilities.  ...n overview Process automation Batch processing overview Organization administration Organization administration overview Organizational hierarchies Workflow system Number.",0,2025-12-22,2026-10-01T20:22:37.375622
MICROSOFTQA_REMINING,Microsoft Q&A,JNI integration,Use personal access tokens - Azure DevOps,https://learn.microsoft.com/en-us/azure/devops/organizations/accounts/use-personal-access-tokens-to-authenticate,"For information about email configuration, see Config... Unexpected notification An unexpected notification might mean that an administrator or tool created a PAT for you. Common token names include: git: https://dev.azure.com/{organization} on {machine}, created when Git connects to an Azure Repos repository. Service Hooks: Azure App Service:.",0,2026-09-21,2026-10-01T20:22:37.375626
MICROSOFTQA_REMINING,Microsoft Q&A,JNI integration,Azure Databricks documentation,https://learn.microsoft.com/en-us/azure/databricks/,"Azure Databricks documentation Learn Azure Databricks, a unified analytics platform for data analysts, data engineers, data scientists, and machine learning engineers. About Azure Databricks Overview What is Azure Databricks.  ...d machine learning Business intelligence Platform Concept Architecture Compute Notebooks Tables Apache Spark.",0,2025-12-02,2026-10-01T20:22:37.375631
MICROSOFTQA_REMINING,Microsoft Q&A,JNI integration,Azure Key Vault documentation,https://learn.microsoft.com/en-us/azure/key-vault/,"Azure Key Vault Learn how to use Key Vault to create and maintain keys that access and encrypt your cloud resources, apps, and solutions. Overview Introduction to Azure Key Vault What's new Important updates to service Overview Authentication Overview Basic concepts Overview Logging Overview Throttling Overview Monitor Key Vault Reference Azure.",0,2026-06-12,2026-10-01T20:22:37.375636
MICROSOFTQA_REMINING,Microsoft Q&A,JNI integration,Microsoft and Adobe product integrations,https://learn.microsoft.com/en-us/microsoft-adobe-product-integrations/,"Microsoft and Adobe product integrations Microsoft and Adobe have come together to deliver integration solutions for a single, comprehensive view of your data, bringing together and enriching data from all your lines of business, across all your systems  to deliver real-time intelligence back into your applications and services. Microsoft and.",0,2023-04-12,2026-10-01T20:22:37.375641
MICROSOFTQA_REMINING,Microsoft Q&A,JNI integration,Azure Native Integrations - Azure Native Integrations,https://learn.microsoft.com/en-us/azure/partner-solutions/,"Azure Native Integrations Azure Native Integrations enables you to easily provision, manage, and tightly integrate independent software vendor (ISV) software and services on Azure. Azure Native Integrations is developed and managed by Microsoft and the ISV. Azure Native Integrations enables you to easily provision, manage, and tightly integrate.",0,2026-09-08,2026-10-01T20:22:37.375646
MICROSOFTQA_REMINING,Microsoft Q&A,JNI integration,Microsoft BizTalk Server documentation - BizTalk Server,https://learn.microsoft.com/en-us/biztalk/,"Microsoft BizTalk Server documentation Explore documentation for Microsoft BizTalk Server How-To Guide Install, config, and upgrade Tutorial Technical guides Overview Host Integration Server Get started What's new Get started Scenarios for business solutions B2B Adapters and accelerators Adapters and accelerators Built-in adapters BizTalk Adapter.",0,2026-09-04,2026-10-01T20:22:37.375651
MICROSOFTQA_REMINING,Microsoft Q&A,JNI integration,LinkedIn Marketing API Program - LinkedIn,https://learn.microsoft.com/en-us/linkedin/marketing/,"LinkedIn Marketing API Program The LinkedIn Marketing Platform helps businesses grow by building technology to reach, engage, and convert professional audiences at scale. The platform offers APIs to create LinkedIn marketing campaigns, to report campaign performance, to manage leads, and to grow a company Page. Quickstart Quick Start Overview.",0,2026-05-15,2026-10-01T20:22:37.375655
MICROSOFTQA_REMINING,Microsoft Q&A,JNI integration,Configure Microsoft Defender for Endpoint with Intune and onboard devices - Microsoft Intune,https://learn.microsoft.com/en-us/intune/device-security/microsoft-defender/configure-integration,"Configure Microsoft Defender for Endpoint with Intune and onboard devices Summarize this article for me In this article This article provides step-by-step instructions to connect Microsoft Defender for Endpoint to Microsoft Intune, onboard devices to Defender for Endpoint by platform, and configure compliance and Conditional Access policies that.",0,2026-07-01,2026-10-01T20:22:37.375660
MICROSOFTQA_REMINING,Microsoft Q&A,JNI integration,Microsoft Purview Developer Platform Documentation - purview-sdk,https://learn.microsoft.com/en-us/purview/developer/,"Microsoft Purview Developer Platform Documentation Microsoft Purview developer platform provides capabilities to integrate your agents and apps with Microsoft Purview to help govern, protect, and manage data. It offers a fast time-to-value integration pathway for developers to incorporate data protection features into their enterprise apps and.",0,2026-06-15,2026-10-01T20:22:37.375665
MICROSOFTQA_REMINING,Microsoft Q&A,JNI integration,Create a self-hosted integration runtime - Azure Data Factory & Azure Synapse,https://learn.microsoft.com/en-us/azure/data-factory/create-self-hosted-integration-runtime,"Create and configure a self-hosted integration runtime Summarize this article for me In this article APPLIES TO: Azure Data Factory Azure Synapse Analytics Tip Data Factory in Microsoft Fabric is the next generation of Azure Data Factory, with a simpler architecture, built-in AI, and new features. The integration runtime (IR) is the compute.",0,2026-08-05,2026-10-01T20:22:37.375670
MICROSOFTQA_REMINING,Microsoft Q&A,JNI integration,How to setup Clarity manually,https://learn.microsoft.com/en-us/clarity/setup-and-installation/clarity-setup,Setup Clarity Summarize this article for me In this article Install tracking code Tip Want to check out what Clarity is. Try our live Demo. You need to install the tracking code to start using Clarity on your website. Each website you add to your Clarity account has its unique tracking code to install. You can add the same script to multiple.,0,2025-12-05,2026-10-01T20:22:37.375675
MICROSOFTQA_REMINING,Microsoft Q&A,JNI integration,HIS documentation - Host Integration Server,https://learn.microsoft.com/en-us/host-integration-server/,"HIS documentation Explore documentation for Host Integration Server Overview What is HIS. What's new W... How-To Guide Install & Config Core integration Learn about network, data, application & message integration, and more Enterprise single sign-on security Read about SSO, and how it secures your applications OLE DB Provider for DB2 Read all.",0,2023-09-26,2026-10-01T20:22:37.375680
MICROSOFTQA_REMINING,Microsoft Q&A,JNI integration,Get started with Git integration - Microsoft Fabric,https://learn.microsoft.com/en-us/fabric/cicd/git-integration/git-get-started,Get started with Git integration Summarize this article for me In this article This article walks you through the following basic tasks in Fabric's Git integration tool: Connect to a Git repo Commit changes Update from Git Disconnect from Git We recommend reading the overview of Git integration before you begin. Prerequisites To integrate Git with.,0,2026-09-29,2026-10-01T20:22:37.375685
MICROSOFTQA_REMINING,Microsoft Q&A,JNI integration,Overview of Fabric Git integration - Microsoft Fabric,https://learn.microsoft.com/en-us/fabric/cicd/git-integration/intro-to-git-integration,What is Microsoft Fabric Git integration. Summarize this article for me In this article This article explains how developers can integrate Git version control with the Fabric Application lifecycle management (ALM) tool. Note Some of the items for Git integration are in preview. Git integration in Fabric enables developers to integrate their.,0,2026-09-29,2026-10-01T20:22:37.375690
MICROSOFTQA_REMINING,Microsoft Q&A,JNI integration,Connect Azure Boards to Excel (legacy) - Azure Boards,https://learn.microsoft.com/en-us/azure/devops/boards/backlogs/office/track-work,Connect Azure Boards to Excel (legacy) Summarize this article for me In this article Azure DevOps Services | Azure DevOps Server | Azure DevOps Server 2022 Important The Azure DevOps Office integration add-in is no longer supported and might not function with current versions of Office or browsers. Microsoft doesn't provide updates or fixes for.,0,2026-07-23,2026-10-01T20:22:37.375695
MICROSOFTQA_REMINING,Microsoft Q&A,JNI integration,Integrate your app with an Azure virtual network - Azure App Service,https://learn.microsoft.com/en-us/azure/app-service/overview-vnet-integration,Integrate your app with an Azure virtual network Summarize this article for me In this article This article describes the Azure App Service virtual network integration feature and how to set it up with apps in App Service. The App Service virtual network integration feature enables your apps to access resources in or through a virtual network..,0,2026-02-27,2026-10-01T20:22:37.375700
MICROSOFTQA_REMINING,Microsoft Q&A,JNI integration,SQL Server Integration Services - SQL Server Integration Services (SSIS),https://learn.microsoft.com/en-us/sql/integration-services/sql-server-integration-services,"SQL Server Integration Services Summarize this article for me In this article Applies to: SQL Server SSIS Integration Runtime in Azure Data Factory SQL Server Integration Services is a platform for building enterprise-level data integration and data transformations solutions. Use Integration Ser... Learn about SQL Server Integration Services,.",0,2026-07-29,2026-10-01T20:22:37.375704
MICROSOFTQA_REMINING,Microsoft Q&A,JNI integration,Microsoft Entra B2B integration for SharePoint & OneDrive - SharePoint in Microsoft 365,https://learn.microsoft.com/en-us/sharepoint/sharepoint-azureb2b-integration,"SharePoint and OneDrive integration with Microsoft Entra B2B Summarize this article for me In this article Important Starting May 2026, Microsoft enables SharePoint and OneDrive integration with Microsoft Entra B2B for all tenants, regardless of the tenant's setting for EnableAzureB2BIntegration. Once rolled out, this setting has no effect on.",0,2026-07-01,2026-10-01T20:22:37.375709
MICROSOFTQA_REMINING,Microsoft Q&A,JNI integration,Install SQL Server Integration Services - SQL Server Integration Services (SSIS),https://learn.microsoft.com/en-us/sql/integration-services/install-windows/install-integration-services,"Install Integration Services (SSIS) Summarize this article for me In this article Applies to: SQL Server SSIS Integration Runtime in Azure Data Factory SQL Server provides a single setup program to install any or all of its components, including Integration Services. Use SQL Server setup to install Integration Services with or without other SQL.",0,2026-07-29,2026-10-01T20:22:37.375714
MICROSOFTQA_REMINING,Microsoft Q&A,JNI integration,Integration tests in ASP.NET Core,https://learn.microsoft.com/en-us/aspnet/core/test/integration-tests,"Integration tests in ASP.NET Core Summarize this article for me In this article By Jos van der Til, Martin Costello, and Javier Calvarro Nelson. Integration tests ensure that an app's components function correctly at a level that includes the app's supporting infrastructure, such as the database, file system, and network. ASP.NET Core supports.",0,2026-09-24,2026-10-01T20:22:37.375719
MICROSOFTQA_REMINING,Microsoft Q&A,JNI integration,Git integration process - Microsoft Fabric,https://learn.microsoft.com/en-us/fabric/cicd/git-integration/git-integration-process,Basic concepts in Git integration Summarize this article for me In this article This article explains basic Git concepts and the process of integrating Git with your Fabric workspace. Permissions Your organization's administrator must enable Git integration. The tenant admin must enable cross-geo export if the workspace and Azure repo are in two.,0,2026-09-08,2026-10-01T20:22:37.375724
MICROSOFTQA_REMINING,Microsoft Q&A,call C from Java,Azure developer documentation,https://learn.microsoft.com/en-us/azure/developer/,Azure developer documentat... NET Azure SDK for .NET API reference Developer center Python Azure SDK for Python API reference Developer center JavaScript Azure SDK for JavaScript API reference Developer center Java Azure SDK for Java API reference Developer center Go Azure SDK for Go API reference Developer center C++ Azure SDK for C++ API.,0,2026-07-09,2026-10-01T20:22:40.073992
MICROSOFTQA_REMINING,Microsoft Q&A,call C from Java,"Azure Speech Documentation - Tutorials, API Reference - Foundry Tools",https://learn.microsoft.com/en-us/azure/ai-services/speech-service/,"Azure Speech documentation Recognize speech, synthesize speech, get real-time translations, transcribe conversations, or integrate speech into your bot experiences. Get started with Voice Live models Get ... C# C++ Go Java JavaScript Objective-C and Swift Python About the Speech SDK Additional SDKs Voice Live SDK Build low-latency speech-to-speech.",0,2026-06-05,2026-10-01T20:22:40.074018
MICROSOFTQA_REMINING,Microsoft Q&A,call C from Java,Download - JDBC Driver for SQL Server,https://learn.microsoft.com/en-us/sql/connect/jdbc/download-microsoft-jdbc-driver-for-sql-server,Download Microsoft JDBC Driver for SQL Server Summarize this article for me In this article The Microsoft JDBC Driver for SQL Server is a Type 4 JDBC driver that provides database connectivity through the standard JDBC application program interfaces (APIs) available on the Java platform. The driver downloads are available to all users at no extra.,0,2026-09-18,2026-10-01T20:22:40.074023
MICROSOFTQA_REMINING,Microsoft Q&A,call C from Java,Introduction to Semantic Kernel,https://learn.microsoft.com/en-us/semantic-kernel/overview/,"Introduction to Semantic Kernel Summarize this article for me In this article Semantic Kernel is a lightweight, open-source development kit that lets you easily build AI agents and integrate the latest AI models into your C#, Python, or Java codebase. It serves as an efficient middleware that enables rapid delivery of enterprise-grade solutions..",0,2024-06-24,2026-10-01T20:22:40.074027
MICROSOFTQA_REMINING,Microsoft Q&A,call C from Java,Get user - Microsoft Graph v1.0,https://learn.microsoft.com/en-us/graph/api/user-get,This example illustrates the default request and response. HTTP C# Go Java JavaScript PHP PowerShell Python Response Example 2: Signed-in user request You can get the user information for the signed-in user by replacing /users/{id | userPrincipalName} with /me. Request HTTP C# Go Java JavaScript PHP PowerShell Python Response Example 3: Use.,0,2025-07-23,2026-10-01T20:22:40.074032
MICROSOFTQA_REMINING,Microsoft Q&A,call C from Java,Microsoft for Java Developers,https://learn.microsoft.com/en-us/java/,Microsoft for Java Developers Learn how to develop Java applications and services with Microsoft technologies. Download Download Microsoft Build of OpenJDK Get started Develop Java in Visual Studio Code Training Browse Java on Azure learning paths Get started Use the Azure SDK for Java Deploy Create and deploy a Java app on Azure Overview Use Java.,0,2025-05-29,2026-10-01T20:22:40.074036
MICROSOFTQA_REMINING,Microsoft Q&A,call C from Java,user: sendMail - Microsoft Graph v1.0,https://learn.microsoft.com/en-us/graph/api/user-sendmail,Examples Example 1: Send a new email using JSON format Request HTTP C# Go Java JavaScript PHP PowerShell Python Response Example 2: Create a message with custom Internet message headers and send the message Request HTTP C# Go Java JavaScript PHP PowerShell Python Response Example 3: Create a message with a file attachment and send the message.,0,2026-06-19,2026-10-01T20:22:40.074041
MICROSOFTQA_REMINING,Microsoft Q&A,call C from Java,Azure for Java Developer Documentation - Java on Azure,https://learn.microsoft.com/en-us/azure/developer/java/,"Azure for Java developer documentation Get started developing apps for the cloud with these tutorials and tools for Java developers. Get started with Java on Azure Code, deploy, and scale Java your way Code using the Java tools you know and love Deploy with confidence and ease Scale with security, monitoring, automation Choose the right Azure.",0,2026-07-28,2026-10-01T20:22:40.074045
MICROSOFTQA_REMINING,Microsoft Q&A,call C from Java,Tips for Java Developers - A tour of C#,https://learn.microsoft.com/en-us/dotnet/csharp/tour-of-csharp/tips-for-java-developers,"Roadmap for Java developers learning C# Summarize this article for me In this article If you're starting a new job or joining a team that uses C#, this article helps you get productive quickly. It highlights what's familiar from Java and what's new in C#. C# and Java have many si... As you learn C#, you can apply much of the knowledge you already.",0,2026-09-18,2026-10-01T20:22:40.074050
MICROSOFTQA_REMINING,Microsoft Q&A,call C from Java,How to quickly start with Semantic Kernel,https://learn.microsoft.com/en-us/semantic-kernel/get-started/quick-start-guide,"Getting started with Semantic Kernel Summarize this article for me In this article In just a few steps, you can build your first AI agent with Semantic Kernel in either Python, .NET, or Java. This guide will show you how to. Install the necessary packages Create a back-and-forth conversation with an AI Give an AI agent the ability to run your code.",0,2025-07-01,2026-10-01T20:22:40.074054
MICROSOFTQA_REMINING,Microsoft Q&A,call C from Java,Enable OpenTelemetry in Application Insights - Azure Monitor,https://learn.microsoft.com/en-us/azure/azure-monitor/app/opentelemetry-enable,"Enable Azure Monitor OpenTelemetry for .NET, Node.js, Python, and Java applications Summarize this article for me In this article This article describes how to enable and configure OpenTelemetry-based data collection within Azure Monitor Application Insights using the Azure Monitor OpenTelemetry Distro. OpenTelemetry is the open-source CNCF.",0,2026-08-19,2026-10-01T20:22:40.074059
MICROSOFTQA_REMINING,Microsoft Q&A,call C from Java,Code samples for authentication and authorization - Microsoft identity platform,https://learn.microsoft.com/en-us/entra/identity-platform/sample-v2-code,Language /Platform Code sample(s) on GitHub Auth libraries Auth flow Quickstart Tutorial ASP.NET • Call Microsoft Graph MSAL.NET On-Behalf-Of (OBO) Quickstart ASP.NET Core • Access control (protected routes) with the Microsoft identity platform MSAL.NET On-Behalf-Of (OBO) Quickstart Tutorial Java • Protect your Java Spring Boot web API with the.,0,2026-09-02,2026-10-01T20:22:40.074063
MICROSOFTQA_REMINING,Microsoft Q&A,call C from Java,Use function calling with Microsoft Foundry agents - Microsoft Foundry,https://learn.microsoft.com/en-us/azure/foundry/agents/how-to/tools/function-calling,"Use function calling with Microsoft Foundry agents Summarize this article for me In this article Microsoft Foundry agents support function calling, which lets you extend agents with custom capabilities. Define a function with its name, parameters, and description, and the a... Microsoft Foundry support Python SDK C# SDK JavaScript SDK Java SDK.",0,2026-07-16,2026-10-01T20:22:40.074068
MICROSOFTQA_REMINING,Microsoft Q&A,call C from Java,Web search with the Responses API - Microsoft Foundry,https://learn.microsoft.com/en-us/azure/foundry/openai/how-to/web-search,"Web search Summarize this article for me In this article Web search enables models to retrieve and ground responses with real-time information from the public web before generating output. When enabled, the mod... Install the client library for your language: Python: pip install openai azure-identity .NET: dotnet add package OpenAI and dotnet add.",0,2026-06-05,2026-10-01T20:22:40.074072
MICROSOFTQA_REMINING,Microsoft Q&A,call C from Java,Create a Microsoft Graph client - Microsoft Graph,https://learn.microsoft.com/en-us/graph/sdks/create-client,Create a Microsoft Graph client Summarize this article for me In this article The Microsoft Graph client is designed to make it simple to make calls to Microsoft Graph. You can use a single client instance for the lifetime of the application. The client ID is the app registration ID that is generated when you register your app in the Azure portal..,0,2025-08-06,2026-10-01T20:22:40.074077
MICROSOFTQA_REMINING,Microsoft Q&A,call C from Java,Build with runtime components in Foundry Agent Service - Microsoft Foundry,https://learn.microsoft.com/en-us/azure/foundry/agents/concepts/runtime-components,"Build with agents, conversations, and responses Summarize this article for me In this article Microsoft Foundry Agent Service uses three core runtime components—agents, conversations, and responses—to power stateful, multi-turn interactions. An age... The Foundry Agent Service SDK for your language: Python C# JavaScript Java REST API Create an.",0,2026-08-27,2026-10-01T20:22:40.074081
MICROSOFTQA_REMINING,Microsoft Q&A,call C from Java,Setup - Call Queue - Microsoft Teams,https://learn.microsoft.com/en-us/microsoftteams/aa-cq-setup-call-queue,"Setup - Call Queue Summarize this article for me In this article This article is for IT pros and Teams administrators who want to create call queues. Planning and licensing review Planning Overview of Teams Phone Agent, Auto Attendant, and Call Queue Authorized users Shared call history Call priorities for call queues Recording calls Templates and.",0,2026-09-30,2026-10-01T20:22:40.074086
MICROSOFTQA_REMINING,Microsoft Q&A,call C from Java,Call Automation overview - An Azure Communication Services concept document,https://learn.microsoft.com/en-us/azure/communication-services/concepts/call-automation/call-automation,"Call Automation Overview Summarize this article for me In this article Warning Azure Communication Services is introducing breaking changes, and some servic... Azure Communication Services Call Automation provides developers the ability to build server-based, intelligent call workflows, and call recording for voice and Public Switched Telephone.",0,2026-09-23,2026-10-01T20:22:40.074090
MICROSOFTQA_REMINING,Microsoft Q&A,call C from Java,Install a Microsoft Graph SDK - Microsoft Graph,https://learn.microsoft.com/en-us/graph/sdks/sdk-installation,Install a Microsoft Graph SDK Summarize this article for me In this article Microsoft Graph SDKs can be included in your projects via GitHub and popular platform package managers. This article describes how to install a Microsoft Graph SDK into your project. SDKs are available in the following languages: .NET Go Java JavaScript PHP PowerShell.,0,2025-08-06,2026-10-01T20:22:40.074095
MICROSOFTQA_REMINING,Microsoft Q&A,call C from Java,Call Java Runtime - SQL Server Language Extensions,https://learn.microsoft.com/en-us/sql/language-extensions/how-to/call-java-from-sql,How to call the Java runtime in SQL Server Language Extensions Summarize this article for me In this article Applies to: SQL Server 2019 (15.x) and later versions The SQL Server Language Extensions feature uses the sp_execute_external_script system stored procedure as the interface to call the Java runtime. This how-to article explains.,0,2025-08-29,2026-10-01T20:22:40.074099
MICROSOFTQA_REMINING,Microsoft Q&A,call C from Java,Call Methods from the .NET Class Library using C# - Training,https://learn.microsoft.com/en-us/training/modules/csharp-call-methods/,"Call methods from the .NET Class Library using C# Beginner Developer Higher Education Educator K-12 Educator Student .NET Visual Studio Code Use functionality in the .NET Class Library by calling methods that return values, accept input parameters, and more. Learning objectives In this module, you will: Write code that calls stateless methods in.",0,2026-07-03,2026-10-01T20:22:40.074104
MICROSOFTQA_REMINING,Microsoft Q&A,call C from Java,Java for Beginners,https://learn.microsoft.com/en-us/shows/java-for-beginners/,Series Java for Beginners Thanks for checking out Microsoft's Java for beginner series. Microsoft employees from locations around the world have come together to share their knowledge of Java and highlight what you can do with this exceptional language. Microsoft’s mission statement is “to empower every person and every organization on the planet.,0,2022-11-07,2026-10-01T20:22:40.074108
MICROSOFTQA_REMINING,Microsoft Q&A,call C from Java,Create call - Microsoft Graph v1.0,https://learn.microsoft.com/en-us/graph/api/application-post-calls,"Create call Summarize this article for me In this article Namespace: microsoft.graph Create call enables your bot to create a new outgoing peer-to-peer or group call, or join an existing meeting. You need to register the calling bot and go through the list of permissions needed. This API supports the following PSTN scenarios: Incoming call to.",0,2025-08-27,2026-10-01T20:22:40.074113
MICROSOFTQA_REMINING,Microsoft Q&A,call C from Java,Build Java apps with Microsoft Graph - Microsoft Graph,https://learn.microsoft.com/en-us/graph/tutorials/java,"Build Java apps with Microsoft Graph Summarize this article for me In this article This tutorial teaches you how to build a Java console app that uses the Microsoft Graph API to access data on behalf of a user. Note To learn how to use Microsoft Graph to access data using app-only authentication, see this app-only authentication tutorial. Create a.",0,2025-06-11,2026-10-01T20:22:40.074118
MICROSOFTQA_REMINING,Microsoft Q&A,call C from Java,ASP.NET Core SignalR Java client,https://learn.microsoft.com/en-us/aspnet/core/signalr/java-client,"ASP.NET Core SignalR Java client Summarize this article for me In this article By Mikael Mengistu The Java client enables connecting to an ASP.NET Core SignalR server from Java code, including Android apps. Like the JavaScript client and the .NET client, the Java client enables you to receive and send messages to a hub in real time. The Java.",0,2026-07-22,2026-10-01T20:22:40.074122
MICROSOFTQA_REMINING,Microsoft Q&A,call C from Java,Azure Communication Services Call Automation How-to for Managing Calls with Call Automation - An Azure Communication Services how-to document,https://learn.microsoft.com/en-us/azure/communication-services/how-tos/call-automation/actions-for-call-control,"Control and steer calls with Call Automation Summarize this article for me In this article Warning Azure Communication Services is introducing breaking changes, and some services are being retired. Call Automation uses a REST API interface to receive requests for actions and provide responses to notify whether the request was successfully.",0,2026-09-23,2026-10-01T20:22:40.074127
MICROSOFTQA_REMINING,Microsoft Q&A,call C from Java,Mute participants during a call - An Azure Communication Services how-to document,https://learn.microsoft.com/en-us/azure/communication-services/how-tos/call-automation/mute-participants,"Mute participants during a call Summarize this article for me In this article Warning Azure Communication Services is introducing breaking changes, and some services are being retired. Learn more in the retirement and breaking changes guide. Important Functionality described on this document is currently in private preview. Private preview.",0,2026-09-23,2026-10-01T20:22:40.074131
MICROSOFTQA_REMINING,Microsoft Q&A,call C from Java,Java developer reference for Azure Functions,https://learn.microsoft.com/en-us/azure/azure-functions/functions-reference-java,"Azure Functions Java developer guide Summarize this article for me In this article This guide contains detailed information to help you succeed developing Azure Functions using Java. As a Java developer, if you're new to Azure Functions, consider first reading one of the following articles: Getting started Concepts Scenarios/samples Java function.",0,2026-09-17,2026-10-01T20:22:40.074136
MICROSOFTQA_REMINING,Microsoft Q&A,call C from Java,ICallable.Call Method (Java.Util.Concurrent),https://learn.microsoft.com/en-us/dotnet/api/java.util.concurrent.icallable.call,"ICallable.Call Method Definition Namespace: Java.Util.Concurrent Assembly:Mono.Android.dll Computes a result, or throws an exception if unable to do so. Returns Object computed result Attributes RegisterAttribute Exceptions Exception if unable to compute a result Remarks Computes a result, or throws an exception if unable to do so.Java.",0,2026-08-19,2026-10-01T20:22:40.074140
MICROSOFTQA_REMINING,Microsoft Q&A,call C from Java,Call Class (Android.Telecom),https://learn.microsoft.com/en-us/dotnet/api/android.telecom.call,Call Class Definition Namespace: Android.Telecom Assembly:Mono.Android.dll Represents an ongoing phone call that the in-call app should present to the user. Inheritance Object JavaObject Object Call Attributes RegisterAttribute Remarks Represents an ongoing phone call that the in-call app should present to the user.Java documentation for.,0,2026-09-18,2026-10-01T20:22:40.074145
MICROSOFTQA_REMINING,Microsoft Q&A,JNI fatal error,Error 0x800F0831 when installing an update - Windows Server,https://learn.microsoft.com/en-us/troubleshoot/windows-server/installing-updates-features-roles/error-0x800f0831-installing-update,"Error 0x800F0831 when you install an update Summarize this article for me In this article This article fixes an issue in which you receive error 0x800F0831 when you install a cumulative update. Original product version:   Configuration Manager (current branch), Windows Server Update Services Original KB number:   4477073 Symptom When you try to.",0,2026-09-05,2026-10-01T20:22:43.951980
MICROSOFTQA_REMINING,Microsoft Q&A,JNI fatal error,MsiExec.exe and InstMsi.exe error messages (for developers) - Win32 apps,https://learn.microsoft.com/en-us/windows/win32/msi/error-codes,MsiExec.exe and InstMsi.exe error messages (for developers) Summarize this article for me In this article Note This article is intended for software developers who use Windows Installer to build installer packages for their applications. If you're a user experiencing difficulty with your computer either during or after installing or uninstalling.,0,2025-04-15,2026-10-01T20:22:43.952021
MICROSOFTQA_REMINING,Microsoft Q&A,JNI fatal error,MSI installation error 1603 - Windows Server,https://learn.microsoft.com/en-us/troubleshoot/windows-server/application-management/msi-installation-error-1603,Error 1603 when you try to install a Windows Installer package: A fatal error occurred during installation Summarize this article for me In this article This article helps fix the error 1603 that occurs when you install a Microsoft Windows Installer package. Applies to:   Windows 10 - all editions Original KB number:   834484 Symptoms When you try.,0,2026-02-18,2026-10-01T20:22:43.952031
MICROSOFTQA_REMINING,Microsoft Q&A,JNI fatal error,Fatal Error C1075,https://learn.microsoft.com/en-us/cpp/error-messages/compiler-errors-1/fatal-error-c1075,"Fatal Error C1075 Summarize this article for me In this article the left token was unmatched at the end of the file Remarks The compiler expected matching token before it reached the end of file. This error can be caused by an unmatched bracket, brace, or other paired character. Feedback Was this page helpful. Yes No Need ... Want to try using Ask.",0,2025-07-18,2026-10-01T20:22:43.952039
MICROSOFTQA_REMINING,Microsoft Q&A,JNI fatal error,ILog Interface (Org.Apache.Commons.Logging),https://learn.microsoft.com/en-us/dotnet/api/org.apache.commons.logging.ilog,ILog Interface Definition Namespace: Org.Apache.Commons.Logging Assembly:Mono.Android.dll Caution This class is obsoleted in this android platform Abstracts the underlying logging API. Attributes RegisterAttribute ObsoleteAttribute Implements IJavaObject IJavaPeerable IDisposable Remarks Log levels are ordered from trace through fatal....,0,2026-09-17,2026-10-01T20:22:43.952048
MICROSOFTQA_REMINING,Microsoft Q&A,JNI fatal error,Fatal Error C1089,https://learn.microsoft.com/en-us/cpp/error-messages/compiler-errors-1/fatal-error-c1089,Fatal Error C1089 Summarize this article for me In this article Cannot truncate filetype file: 'file': message Remarks The compiler cannot shrink a file to zero length. Feedback Was this page helpful. Yes No Need help with this topic. Want to try using Ask Learn to clarify or guide you through this topic. Suggest a fix. Learn more about: Fatal.,0,2025-07-18,2026-10-01T20:22:43.952056
MICROSOFTQA_REMINING,Microsoft Q&A,JNI fatal error,Fatal Error C1088,https://learn.microsoft.com/en-us/cpp/error-messages/compiler-errors-1/fatal-error-c1088,Fatal Error C1088 Summarize this article for me In this article Cannot flush filetype file: 'file': message Remarks The compiler cannot complete an I/O operation. Feedback Was this page helpful. Yes No Need help with this topic. Want to try using Ask Learn to clarify or guide you through this topic. Suggest a fix. Learn more about: Fatal Error.,0,2025-07-18,2026-10-01T20:22:43.952064
MICROSOFTQA_REMINING,Microsoft Q&A,JNI fatal error,Fatal Error C1087,https://learn.microsoft.com/en-us/cpp/error-messages/compiler-errors-1/fatal-error-c1087,Fatal Error C1087 Summarize this article for me In this article Cannot tell filetype file: 'file': message Remarks The compiler cannot complete an I/O operation. Feedback Was this page helpful. Yes No Need help with this topic. Want to try using Ask Learn to clarify or guide you through this topic. Suggest a fix. Learn more about: Fatal Error.,0,2025-07-18,2026-10-01T20:22:43.952073
MICROSOFTQA_REMINING,Microsoft Q&A,JNI fatal error,Fatal Error C1903,https://learn.microsoft.com/en-us/cpp/error-messages/compiler-errors-1/fatal-error-c1903,Fatal Error C1903 Summarize this article for me In this article unable to recover from previous error(s); stopping compilation Remarks The compiler found too many errors to continue. Fix the errors and recompile. Feedback Was this page helpful. Yes No Need help with this topic. Want to try using Ask Learn to clarify or guide you through this.,0,2025-07-09,2026-10-01T20:22:43.952080
MICROSOFTQA_REMINING,Microsoft Q&A,JNI fatal error,Fatal Error C1003,https://learn.microsoft.com/en-us/cpp/error-messages/compiler-errors-1/fatal-error-c1003,Fatal Error C1003 Summarize this article for me In this article error count exceeds number; stopping compilation Remarks Errors in the program are too numerous to allow recovery. The compiler must terminate. Feedback Was this page helpful. Yes No Need help with this topic. Want to try using Ask Learn to clarify or guide you through this topic..,0,2025-07-02,2026-10-01T20:22:43.952087
MICROSOFTQA_REMINING,Microsoft Q&A,JNI fatal error,Fatal Error C1068,https://learn.microsoft.com/en-us/cpp/error-messages/compiler-errors-1/fatal-error-c1068,Fatal Error C1068 Summarize this article for me In this article cannot open file 'file' Remarks Ensure that file is not in use by another program. Feedback Was this page helpful. Yes No Need help with this topic. Want to try using Ask Learn to clarify or guide you through this topic. Suggest a fix. Learn more about: Fatal Error C1068..,0,2025-07-18,2026-10-01T20:22:43.952095
MICROSOFTQA_REMINING,Microsoft Q&A,JNI fatal error,Fatal Error C1014,https://learn.microsoft.com/en-us/cpp/error-messages/compiler-errors-1/fatal-error-c1014,Fatal Error C1014 Summarize this article for me In this article too many include files : depth = level Remarks The nesting of #include directives is too deep. Nested directives can include open files. The source file containing the directive counts as one file. Feedback Was this page helpful. Yes No Need help with this topic. Want to try using Ask.,0,2025-07-02,2026-10-01T20:22:43.952104
MICROSOFTQA_REMINING,Microsoft Q&A,JNI fatal error,Fatal Error C1350,https://learn.microsoft.com/en-us/cpp/error-messages/compiler-errors-1/fatal-error-c1350,Fatal Error C1350 Summarize this article for me In this article error loading dll 'dll': dll not found Remarks The DLL that supports the attempted operation was not found. This indicates a problem with your installation and you should reinstall the DLL from your product CD. Feedback Was this page helpful. Yes No Need help ... Want to try using Ask.,0,2025-07-18,2026-10-01T20:22:43.952112
MICROSOFTQA_REMINING,Microsoft Q&A,JNI fatal error,Resource Compiler Fatal Error RW1023,https://learn.microsoft.com/en-us/cpp/error-messages/tool-errors/resource-compiler-fatal-error-rw1023,"Resource Compiler Fatal Error RW1023 Summarize this article for me In this article I/O error writing file, drive full Remarks Free space must equal at least twice the size of the executable file you are creating. Feedback Was this page helpful. Yes No Need help with this topic. Want to try using Ask Learn to clarify or guide you through this.",0,2025-09-22,2026-10-01T20:22:43.952121
MICROSOFTQA_REMINING,Microsoft Q&A,JNI fatal error,Resource Compiler Fatal Error RC1121,https://learn.microsoft.com/en-us/cpp/error-messages/tool-errors/resource-compiler-fatal-error-rc1121,Resource Compiler Fatal Error RC1121 Summarize this article for me In this article I/O error reading file Remarks The Resource Compiler was not able to read a file. Check that the drive containing the file is available and that the file is valid. Feedback Was this page helpful. Yes No Need h... Want to try using Ask Learn to clarify or guide you.,0,2025-09-22,2026-10-01T20:22:43.952129
MICROSOFTQA_REMINING,Microsoft Q&A,JNI fatal error,A fatal error occurred while trying to sysprep the machine - Windows Client,https://learn.microsoft.com/en-us/troubleshoot/windows-client/setup-upgrade-and-drivers/fatal-error-occurred-sysprep-machine,"Error ""A fatal error occurred while trying to sysprep the machine"" when you use the Sysprep tool Summarize this article for me In this article This article helps resolve the err... Additionally, an error message that resembles the following is logged in the Setuperr.log file:  , Error [0x0f0073] SYSPRP RunExternalDlls:Not running DLLs; either the.",0,2026-09-21,2026-10-01T20:22:43.952137
MICROSOFTQA_REMINING,Microsoft Q&A,JNI fatal error,Fatal Error C1002,https://learn.microsoft.com/en-us/cpp/error-messages/compiler-errors-1/fatal-error-c1002,"Fatal Error C1002 Summarize this article for me In this article compiler is out of heap space in pass 2 Remarks The compiler ran out of dynamic memory space during its second pass, probably due to a program with too many symbols or complex expressions. To fix by using the following possible solutions Divide the source file into several smaller.",0,2025-07-02,2026-10-01T20:22:43.952146
MICROSOFTQA_REMINING,Microsoft Q&A,JNI fatal error,Fatal Error C1104,https://learn.microsoft.com/en-us/cpp/error-messages/compiler-errors-1/fatal-error-c1104,"Fatal Error C1104 Summarize this article for me In this article fatal error importing libid: 'message' Remarks The compiler detected a problem importing a type library. For example, you cannot specify a type library with libid and also specify no_registry. For more information, see #import Directive. Example The following ... Want to try using Ask.",0,2025-07-18,2026-10-01T20:22:43.952154
MICROSOFTQA_REMINING,Microsoft Q&A,JNI fatal error,Bug Check 0x19B TTM_FATAL_ERROR - Windows drivers,https://learn.microsoft.com/en-us/windows-hardware/drivers/debugger/bug-check-0x19b--ttm-fatal-error,"Bug Check 0x19B: TTM_FATAL_ERROR Summarize this article for me In this article The TTM_FATAL_ERROR bug check has a value of 0x0000019B. This indicates that the terminal topology manager experienced a fatal error. Important This article is for programmers. If you're a customer who has received a blue screen error code while using your computer, see.",0,2023-06-19,2026-10-01T20:22:43.952162
MICROSOFTQA_REMINING,Microsoft Q&A,JNI fatal error,Fatal Error C1189,https://learn.microsoft.com/en-us/cpp/error-messages/compiler-errors-1/fatal-error-c1189,"Fatal Error C1189 Summarize this article for me In this article #error : user supplied error message Remarks C1189 is generated by the #error directive. The developer who codes the directive specifies the text of the error message. For more information, see #error Directive (C/C++). Example The following example generates ... Want to try using Ask.",0,2025-07-18,2026-10-01T20:22:43.952170
MICROSOFTQA_REMINING,Microsoft Q&A,JNI fatal error,Fatal Error C1201,https://learn.microsoft.com/en-us/cpp/error-messages/compiler-errors-1/fatal-error-c1201,"Fatal Error C1201 Summarize this article for me In this article unable to continue after syntax error in class template definition Remarks An unexpected error occurred while parsing a class template definition. Fix any other errors and recompile. If that fails, note the circumstances of the error, try to isolate the problem and create a.",0,2025-07-18,2026-10-01T20:22:43.952179
MICROSOFTQA_REMINING,Microsoft Q&A,JNI fatal error,Resource Compiler Fatal Error RW1016,https://learn.microsoft.com/en-us/cpp/error-messages/tool-errors/resource-compiler-fatal-error-rw1016,Resource Compiler Fatal Error RW1016 Summarize this article for me In this article RC terminating after preprocessor errors Remarks The Resource Compiler halted due to other errors. Fix the other errors and recompile. Feedback Was this page helpful. Yes No Need help with this topic. Want to try using Ask Learn to clarify or guide you through this.,0,2025-09-22,2026-10-01T20:22:43.952187
MICROSOFTQA_REMINING,Microsoft Q&A,JNI fatal error,Fatal Error C1353,https://learn.microsoft.com/en-us/cpp/error-messages/compiler-errors-1/fatal-error-c1353,Fatal Error C1353 Summarize this article for me In this article metadata operation failed: runtime not installed or version mismatch Remarks Reinstall your CLR or Visual Studio. Feedback Was this page helpful. Yes No Need help with this topic. Want to try using Ask Learn to clarify or guide you through this topic. Suggest a fix. Learn more about:.,0,2025-07-18,2026-10-01T20:22:43.952195
MICROSOFTQA_REMINING,Microsoft Q&A,JNI fatal error,Resource Compiler Fatal Error RC1116,https://learn.microsoft.com/en-us/cpp/error-messages/tool-errors/resource-compiler-fatal-error-rc1116,Resource Compiler Fatal Error RC1116 Summarize this article for me In this article RC terminating after preprocessor errors Remarks The Resource Compiler halted due to other errors. Fix the other errors and recompile. Feedback Was this page helpful. Yes No Need help with this topic. Want to try using Ask Learn to clarify or guide you through this.,0,2025-09-22,2026-10-01T20:22:43.952204
MICROSOFTQA_REMINING,Microsoft Q&A,JNI fatal error,Fatal Error C1100,https://learn.microsoft.com/en-us/cpp/error-messages/compiler-errors-1/fatal-error-c1100,Fatal Error C1100 Summarize this article for me In this article unable to initialize OLE : system error message Remarks The compiler cannot initialize the Component Object Model (COM) library. See CoInitialize. Feedback Was this page helpful. Yes No Need help with this topic. Want to try using Ask Learn to clarify or guide you through this topic..,0,2025-07-18,2026-10-01T20:22:43.952212
MICROSOFTQA_REMINING,Microsoft Q&A,JNI fatal error,Bug Check 0xC000021A WINLOGON_FATAL_ERROR - Windows drivers,https://learn.microsoft.com/en-us/windows-hardware/drivers/debugger/bug-check-0xc000021a--winlogin-fatal-error,"Bug Check 0xC000021A: WINLOGON_FATAL_ERROR Summarize this article for me In this article The WINLOGON_FATAL_ERROR bug check has a value of 0xC000021A. This means that the Winlogon process terminated unexpectedly. Important This article is for programmers. If you're a customer who has received a blue screen error code while using your computer, see.",0,2025-05-05,2026-10-01T20:22:43.952220
MICROSOFTQA_REMINING,Microsoft Q&A,JNI fatal error,Fatal Error C1007,https://learn.microsoft.com/en-us/cpp/error-messages/compiler-errors-1/fatal-error-c1007,Fatal Error C1007 Summarize this article for me In this article unrecognized flag string in option Remarks The command-line option contains an invalid string. Check the CL command line and environment variable for errors. Feedback Was this page helpful. Yes No Need help with this topic. Want to try using Ask Learn to clarify or guide you through.,0,2025-07-02,2026-10-01T20:22:43.952229
MICROSOFTQA_REMINING,Microsoft Q&A,JNI fatal error,Bug Check 0x178 ELAM_DRIVER_DETECTED_FATAL_ERROR - Windows drivers,https://learn.microsoft.com/en-us/windows-hardware/drivers/debugger/bug-check-0x178--elam-driver-detected-fatal-error,Bug Check 0x178: ELAM_DRIVER_DETECTED_FATAL_ERROR Summarize this article for me In this article The ELAM_DRIVER_DETECTED_FATAL_ERROR bug check has a value of 0x00000178. This indicates that ELAM driver detected a fatal error. Important This article is for programmers. If you're a customer who has received a blue screen error code while using your.,0,2023-06-19,2026-10-01T20:22:43.952237
MICROSOFTQA_REMINING,Microsoft Q&A,JNI fatal error,Fatal Error C1103,https://learn.microsoft.com/en-us/cpp/error-messages/compiler-errors-1/fatal-error-c1103,"Fatal Error C1103 Summarize this article for me In this article fatal error importing progid: 'message' Remarks The compiler detected a problem importing a type library. For example, you cannot specify a type library with progid and also specify no_registry. For more information, see #import Directive. Example The followin... Want to try using Ask.",0,2025-07-18,2026-10-01T20:22:43.952312
MICROSOFTQA_REMINING,Microsoft Q&A,JNI fatal error,CVTRES Fatal Error CVT1105,https://learn.microsoft.com/en-us/cpp/error-messages/tool-errors/cvtres-fatal-error-cvt1105,CVTRES Fatal Error CVT1105 Summarize this article for me In this article cannot seek in file Remarks CVTRES could not go to a location in the file. This error can be caused by file corruption. Feedback Was this page helpful. Yes No Need help with this topic. Want to try using Ask Learn to clarify or guide you through this topic. Suggest a fix..,0,2025-09-22,2026-10-01T20:22:43.952321
MICROSOFTQA_REMINING,Microsoft Q&A,JavaVM,Win32_OperatingSystem class - Win32 apps,https://learn.microsoft.com/en-us/windows/win32/cimwin32prov/win32-operatingsystem,Unknown (0) Other (1) MACOS (2) MACROS ATTUNIX (3) DGUX (4) DECNT (5) Digital Unix (6) OpenVMS (7) HPUX (8) AIX (9) MVS (10) OS400 (11) OS/2 (12) JavaVM (13) MSDOS (14) WIN3x (15) WIN95 (16) WIN98 (17) WINNT (18) WINCE (19) NCR3000 (20) NetWare (21) OSF (22) DC/OS (23) Reliant UNIX (24) SCO UnixWare (25) SCO OpenServer (26) Sequent (27) IRIX (28).,0,2023-11-09,2026-10-01T20:22:46.963367
MICROSOFTQA_REMINING,Microsoft Q&A,JavaVM,OSType Enum (Microsoft.PowerShell.Commands),https://learn.microsoft.com/en-us/dotnet/api/microsoft.powershell.commands.ostype,...t.PowerShell.Commands.Management.dll Package:Microsoft.PowerShell.5.1.ReferenceAssemblies v1.0.0 Type of operating system Inheritance Enum OSType Fields Name Value Description Unknown 0 OS is unknown Other 1 OS is one other than covered by this Enum MACROS 2 OS is MacOS ATTUNIX 3 OS is AT&T UNIX DGUX 4 OS is DG/UX DECNT 5 OS is DECNT.,0,2026-05-05,2026-10-01T20:22:46.963397
MICROSOFTQA_REMINING,Microsoft Q&A,JavaVM,Registering Programs with Client Types - Win32 apps,https://learn.microsoft.com/en-us/windows/win32/shell/reg-middleware-apps,"All client type registration information is stored under the following subkey: ClientTypeName is one of the following subkey names: StartMenuInternet (for browsers) Mail (for email) Media (for media playback) IM (for instant messaging) JavaVM (for virtual machine for Java) Throughout this topic, you will note references to a fictional computer.",0,2025-03-11,2026-10-01T20:22:46.963403
MICROSOFTQA_REMINING,Microsoft Q&A,JavaVM,Minecraft windows 8.1 pro - Microsoft Q&A,https://learn.microsoft.com/en-us/answers/questions/2613318/minecraft-windows-8-1-pro,I get minecraft to open then I get into a world or server and I can pl... Update the latest version of Java. http://www.java.com/en/download/help/update_runtime_settings.xml Update the graphics card driver from manufacturer's website. It sounds like the JavaVM is running out of RAM and is failing. Could be solved by increasing the amount of RAM.,0,2025-07-07,2026-10-01T20:22:46.963408
MICROSOFTQA_REMINING,Microsoft Q&A,JavaVM,How do I get a Java Virtual Machine to work in Windows 7 64bit version - Microsoft Q&A,https://learn.microsoft.com/en-us/answers/questions/2427596/how-do-i-get-a-java-virtual-machine-to-work-in-win,"How do I get a Java Virtual Machine to work in Windows 7 64bit version| You download it from Sun: http://www.java.com/en/download/index.jsp| http://www.java.com/en/download/manual.jsp| You download it from Sun: http://www.java.com/en/download/index.jsp we don't want sun Java coz it's peace of ****, we are looking for Microsoft VM Java for Windows.",0,2025-07-07,2026-10-01T20:22:46.963414
MICROSOFTQA_REMINING,Microsoft Q&A,JavaVM,Win32_BIOS class - Win32 apps,https://learn.microsoft.com/en-us/windows/win32/cimwin32prov/win32-bios,Unknown (0) Other (1) MACOS (2) ATTUNIX (3) DGUX (4) DECNT (5) Digital Unix (6) OpenVMS (7) HPUX (8) AIX (9) MVS (10) OS400 (11) OS/2 (12) JavaVM (13) MSDOS (14) WIN3x (15) WIN95 (16) WIN98 (17) WINNT (18) WINCE (19) NCR3000 (20) NetWare (21) OSF (22) DC/OS (23) Reliant UNIX (24) SCO UnixWare (25) SCO OpenServer (26) Sequent (27) IRIX (28) Solaris.,0,2023-11-09,2026-10-01T20:22:46.963419
MICROSOFTQA_REMINING,Microsoft Q&A,JavaVM,CIM_FileAction class - Win32 apps,https://learn.microsoft.com/en-us/windows/win32/cimwin32prov/cim-fileaction,Unknown (0) Other (1) MACOS (2) Mac OS ATTUNIX (3) DGUX (4) DECNT (5) Digital Unix (6) OpenVMS (7) Open VMS HPUX (8) HP-UX AIX (9) MVS (10) OS400 (11) OS/2 (12) JavaVM (13) Microsoft Virtual Machine (VM) for Java MSDOS (14) WIN3x (15) Windows 3.x WIN95 (16) Windows 95 WIN98 (17) Windows 98 WINNT (18) Windows NT WINCE (19) Windows CE NCR3000 (20).,0,2021-08-25,2026-10-01T20:22:46.963424
MICROSOFTQA_REMINING,Microsoft Q&A,JavaVM,CIM_VersionCompatibilityCheck class - Win32 apps,https://learn.microsoft.com/en-us/windows/win32/cimwin32prov/cim-versioncompatibilitycheck,Unknown (0) Other (1) MACOS (2) Mac OS ATTUNIX (3) ATT UNIX DGUX (4) DECNT (5) Digital Unix (6) OpenVMS (7) Open VMS HPUX (8) HP-UX AIX (9) MVS (10) OS400 (11) OS/2 (12) JavaVM (13) Microsoft Virtual Machine (VM) for Java MSDOS (14) WIN3x (15) Windows 3.x WIN95 (16) Windows 95 WIN98 (17) Windows 98 WINNT (18) Windows NT WINCE (19) Windows CE.,0,2021-08-25,2026-10-01T20:22:46.963429
MICROSOFTQA_REMINING,Microsoft Q&A,JavaVM,CIM_DirectorySpecification class - Win32 apps,https://learn.microsoft.com/en-us/windows/win32/cimwin32prov/cim-directoryspecification,Unknown (0) Other (1) MACOS (2) Mac OS ATTUNIX (3) ATT UNIX DGUX (4) DECNT (5) Digital Unix (6) OpenVMS (7) Open VMS HPUX (8) HP-UX AIX (9) MVS (10) OS400 (11) OS/2 (12) JavaVM (13) Microsoft Virtual Machine (VM) for Java MSDOS (14) WIN3x (15) Windows 3.x WIN95 (16) Windows 95 WIN98 (17) Windows 98 WINNT (18) Windows NT WINCE (19) Windows CE.,0,2021-08-25,2026-10-01T20:22:46.963435
MICROSOFTQA_REMINING,Microsoft Q&A,JavaVM,PFInitialize - PlayFab,https://learn.microsoft.com/en-us/xbox/playfab/api-references/c/pfcore/functions/pfinitialize_2,PFInitialize Summarize this article for me In this article Initializes PlayFabCore global state. Syntax Parameters backgroundQueue   XTaskQueueHandle optional An XTaskQueue that should be used for background work. If no queue is provided then a default (threadpool) queue will be used. javaVm   JavaVM* TBD applicationContext   jobject TBD Return.,0,2025-02-05,2026-10-01T20:22:46.963440
MICROSOFTQA_REMINING,Microsoft Q&A,JavaVM,CIM_Action class - Win32 apps,https://learn.microsoft.com/en-us/windows/win32/cimwin32prov/cim-action,Unknown (0) Other (1) MACOS (2) Mac OS ATTUNIX (3) DGUX (4) DECNT (5) Digital Unix (6) OpenVMS (7) Open VMS HPUX (8) HP-UX AIX (9) MVS (10) OS400 (11) OS/2 (12) JavaVM (13) Microsoft Virtual Machine (VM) for Java MSDOS (14) WIN3x (15) Windows 3.x WIN95 (16) Windows 95 WIN98 (17) Windows 98 WINNT (18) Windows NT WINCE (19) Windows CE NCR3000 (20).,0,2021-08-25,2026-10-01T20:22:46.963445
MICROSOFTQA_REMINING,Microsoft Q&A,JavaVM,CIM_RebootAction class - Win32 apps,https://learn.microsoft.com/en-us/windows/win32/cimwin32prov/cim-rebootaction,Unknown (0) Other (1) MACOS (2) Mac OS ATTUNIX (3) DGUX (4) DECNT (5) Digital Unix (6) OpenVMS (7) Open VMS HPUX (8) HP-UX AIX (9) MVS (10) OS400 (11) OS/2 (12) JavaVM (13) Microsoft Virtual Machine (VM) for Java MSDOS (14) WIN3x (15) Windows 3.x WIN95 (16) Windows 95 WIN98 (17) Windows 98 WINNT (18) Windows NT WINCE (19) Windows CE NCR3000 (20).,0,2021-08-25,2026-10-01T20:22:46.963451
MICROSOFTQA_REMINING,Microsoft Q&A,JavaVM,CIM_ExecuteProgram class - Win32 apps,https://learn.microsoft.com/en-us/windows/win32/cimwin32prov/cim-executeprogram,Unknown (0) Other (1) MACOS (2) Mac OS ATTUNIX (3) DGUX (4) DECNT (5) Digital Unix (6) OpenVMS (7) Open VMS HPUX (8) HP-UX AIX (9) MVS (10) OS400 (11) OS/2 (12) JavaVM (13) Microsoft Virtual Machine (VM) for Java MSDOS (14) WIN3x (15) Windows 3.x WIN95 (16) Windows 95 WIN98 (17) Windows 98 WINNT (18) Windows NT WINCE (19) Windows CE NCR3000 (20).,0,2021-08-25,2026-10-01T20:22:46.963456
MICROSOFTQA_REMINING,Microsoft Q&A,JavaVM,CIM_RemoveFileAction class - Win32 apps,https://learn.microsoft.com/en-us/windows/win32/cimwin32prov/cim-removefileaction,Unknown (0) Other (1) MACOS (2) Mac OS ATTUNIX (3) DGUX (4) DECNT (5) Digital Unix (6) OpenVMS (7) Open VMS HPUX (8) HP-UX AIX (9) MVS (10) OS400 (11) OS/2 (12) JavaVM (13) Microsoft Virtual Machine (VM) for Java MSDOS (14) WIN3x (15) Windows 3.x WIN95 (16) Windows 95 WIN98 (17) Windows 98 WINNT (18) Windows NT WINCE (19) Windows CE NCR3000 (20).,0,2021-08-25,2026-10-01T20:22:46.963461
MICROSOFTQA_REMINING,Microsoft Q&A,JavaVM,CIM_Check class - Win32 apps,https://learn.microsoft.com/en-us/windows/win32/cimwin32prov/cim-check,Unknown (0) Other (1) MACOS (2) Mac OS ATTUNIX (3) ATT UNIX DGUX (4) DECNT (5) Digital Unix (6) OpenVMS (7) Open VMS HPUX (8) HP-UX AIX (9) MVS (10) OS400 (11) OS/2 (12) JavaVM (13) Microsoft Virtual Machine (VM) for Java MSDOS (14) WIN3x (15) Windows 3.x WIN95 (16) Windows 95 WIN98 (17) Windows 98 WINNT (18) Windows NT WINCE (19) Windows CE.,0,2021-08-25,2026-10-01T20:22:46.963466
MICROSOFTQA_REMINING,Microsoft Q&A,JavaVM,CIM_SoftwareElementVersionCheck class - Win32 apps,https://learn.microsoft.com/en-us/windows/win32/cimwin32prov/cim-softwareelementversioncheck,Unknown (0) Other (1) MACOS (2) Mac OS ATTUNIX (3) ATT UNIX DGUX (4) DECNT (5) Digital Unix (6) OpenVMS (7) Open VMS HPUX (8) HP-UX AIX (9) MVS (10) OS400 (11) OS/2 (12) JavaVM (13) Microsoft Virtual Machine (VM) for Java MSDOS (14) WIN3x (15) Windows 3.x WIN95 (16) Windows 95 WIN98 (17) Windows 98 WINNT (18) Windows NT WINCE (19) Windows CE.,0,2021-08-25,2026-10-01T20:22:46.963472
MICROSOFTQA_REMINING,Microsoft Q&A,JavaVM,CIM_DiskSpaceCheck class - Win32 apps,https://learn.microsoft.com/en-us/windows/win32/cimwin32prov/cim-diskspacecheck,Unknown (0) Other (1) MACOS (2) Mac OS ATTUNIX (3) ATT UNIX DGUX (4) DECNT (5) Digital Unix (6) OpenVMS (7) Open VMS HPUX (8) HP-UX AIX (9) MVS (10) OS400 (11) OS/2 (12) JavaVM (13) Microsoft Virtual Machine (VM) for Java MSDOS (14) WIN3x (15) Windows 3.x WIN95 (16) Windows 95 WIN98 (17) Windows 98 WINNT (18) Windows NT WINCE (19) Windows CE.,0,2021-08-25,2026-10-01T20:22:46.963477
MICROSOFTQA_REMINING,Microsoft Q&A,JavaVM,CIM_OperatingSystem class - Win32 apps,https://learn.microsoft.com/en-us/windows/win32/cimwin32prov/cim-operatingsystem,Unknown (0) Other (1) MACOS (2) Mac OS ATTUNIX (3) ATT UNIX DGUX (4) DECNT (5) Digital Unix (6) OpenVMS (7) Open VMS HPUX (8) HP-UX AIX (9) MVS (10) OS400 (11) OS/2 (12) JavaVM (13) Microsoft Virtual Machine (VM) for Java MSDOS (14) WIN3x (15) Windows 3.x WIN95 (16) Windows 95 WIN98 (17) Windows 98 WINNT (18) Windows NT WINCE (19) Windows CE.,0,2021-08-25,2026-10-01T20:22:46.963482
MICROSOFTQA_REMINING,Microsoft Q&A,JavaVM,CIM_RemoveDirectoryAction class - Win32 apps,https://learn.microsoft.com/en-us/windows/win32/cimwin32prov/cim-removedirectoryaction,Unknown (0) Other (1) MACOS (2) Mac OS ATTUNIX (3) DGUX (4) DECNT (5) Digital Unix (6) OpenVMS (7) Open VMS HPUX (8) HP-UX AIX (9) MVS (10) OS400 (11) OS/2 (12) JavaVM (13) Microsoft Virtual Machine (VM) for Java MSDOS (14) WIN3x (15) Windows 3.x WIN95 (16) Windows 95 WIN98 (17) Windows 98 WINNT (18) Windows NT WINCE (19) Windows CE NCR3000 (20).,0,2021-08-25,2026-10-01T20:22:46.963488
MICROSOFTQA_REMINING,Microsoft Q&A,JavaVM,CIM_SettingCheck class - Win32 apps,https://learn.microsoft.com/en-us/windows/win32/cimwin32prov/cim-settingcheck,Unknown (0) Other (1) MACOS (2) Mac OS ATTUNIX (3) ATT UNIX DGUX (4) DECNT (5) Digital Unix (6) OpenVMS (7) Open VMS HPUX (8) HP-UX AIX (9) MVS (10) OS400 (11) OS/2 (12) JavaVM (13) Microsoft Virtual Machine (VM) for Java MSDOS (14) WIN3x (15) Windows 3.x WIN95 (16) Windows 95 WIN98 (17) Windows 98 WINNT (18) Windows NT WINCE (19) Windows CE.,0,2021-08-25,2026-10-01T20:22:46.963493
MICROSOFTQA_REMINING,Microsoft Q&A,JavaVM,CIM_FileSpecification class - Win32 apps,https://learn.microsoft.com/en-us/windows/win32/cimwin32prov/cim-filespecification,Unknown (0) Other (1) MACOS (2) Mac OS ATTUNIX (3) ATT UNIX DGUX (4) DECNT (5) Digital Unix (6) OpenVMS (7) Open VMS HPUX (8) HP-UX AIX (9) MVS (10) OS400 (11) OS/2 (12) JavaVM (13) Microsoft Virtual Machine (VM) for Java MSDOS (14) WIN3x (15) Windows 3.x WIN95 (16) Windows 95 WIN98 (17) Windows 98 WINNT (18) Windows NT WINCE (19) Windows CE.,0,2021-08-25,2026-10-01T20:22:46.963498
MICROSOFTQA_REMINING,Microsoft Q&A,JavaVM,CIM_CreateDirectoryAction class - Win32 apps,https://learn.microsoft.com/en-us/windows/win32/cimwin32prov/cim-createdirectoryaction,Unknown (0) Other (1) MACOS (2) Mac OS ATTUNIX (3) DGUX (4) DECNT (5) Digital Unix (6) OpenVMS (7) Open VMS HPUX (8) HP-UX AIX (9) MVS (10) OS400 (11) OS/2 (12) JavaVM (13) Microsoft Virtual Machine (VM) for Java MSDOS (14) WIN3x (15) Windows 3.x WIN95 (16) Windows 95 WIN98 (17) Windows 98 WINNT (18) Windows NT WINCE (19) Windows CE NCR3000 (20).,0,2021-08-25,2026-10-01T20:22:46.963504
MICROSOFTQA_REMINING,Microsoft Q&A,JavaVM,CIM_CopyFileAction class - Win32 apps,https://learn.microsoft.com/en-us/windows/win32/cimwin32prov/cim-copyfileaction,Unknown (0) Other (1) MACOS (2) Mac OS ATTUNIX (3) DGUX (4) DECNT (5) Digital Unix (6) OpenVMS (7) Open VMS HPUX (8) HP-UX AIX (9) MVS (10) OS400 (11) OS/2 (12) JavaVM (13) Microsoft Virtual Machine (VM) for Java MSDOS (14) WIN3x (15) Windows 3.x WIN95 (16) Windows 95 WIN98 (17) Windows 98 WINNT (18) Windows NT WINCE (19) Windows CE NCR3000 (20).,0,2021-08-25,2026-10-01T20:22:46.963509
MICROSOFTQA_REMINING,Microsoft Q&A,JavaVM,CIM_DirectoryAction class - Win32 apps,https://learn.microsoft.com/en-us/windows/win32/cimwin32prov/cim-directoryaction,Unknown (0) Other (1) MACOS (2) Mac OS ATTUNIX (3) DGUX (4) DECNT (5) Digital Unix (6) OpenVMS (7) Open VMS HPUX (8) HP-UX AIX (9) MVS (10) OS400 (11) OS/2 (12) JavaVM (13) Microsoft Virtual Machine (VM) for Java MSDOS (14) WIN3x (15) Windows 3.x WIN95 (16) Windows 95 WIN98 (17) Windows 98 WINNT (18) Windows NT WINCE (19) Windows CE NCR3000 (20).,0,2021-08-25,2026-10-01T20:22:46.963515
MICROSOFTQA_REMINING,Microsoft Q&A,JavaVM,CIM_OSVersionCheck class - Win32 apps,https://learn.microsoft.com/en-us/windows/win32/cimwin32prov/cim-osversioncheck,Unknown (0) Other (1) MACOS (2) Mac OS ATTUNIX (3) ATT UNIX DGUX (4) DECNT (5) Digital Unix (6) OpenVMS (7) Open VMS HPUX (8) HP-UX AIX (9) MVS (10) OS400 (11) OS/2 (12) JavaVM (13) Microsoft Virtual Machine (VM) for Java MSDOS (14) WIN3x (15) Windows 3.x WIN95 (16) Windows 95 WIN98 (17) Windows 98 WINNT (18) Windows NT WINCE (19) Windows CE.,0,2021-08-25,2026-10-01T20:22:46.963520
MICROSOFTQA_REMINING,Microsoft Q&A,JavaVM,CIM_MemoryCheck class - Win32 apps,https://learn.microsoft.com/en-us/windows/win32/cimwin32prov/cim-memorycheck,Unknown (0) Other (1) MACOS (2) Mac OS ATTUNIX (3) ATT UNIX DGUX (4) DECNT (5) Digital Unix (6) OpenVMS (7) Open VMS HPUX (8) HP-UX AIX (9) MVS (10) OS400 (11) OS/2 (12) JavaVM (13) Microsoft Virtual Machine (VM) for Java MSDOS (14) WIN3x (15) Windows 3.x WIN95 (16) Windows 95 WIN98 (17) Windows 98 WINNT (18) Windows NT WINCE (19) Windows CE.,0,2021-08-25,2026-10-01T20:22:46.963525
MICROSOFTQA_REMINING,Microsoft Q&A,JavaVM,CIM_ModifySettingAction class - Win32 apps,https://learn.microsoft.com/en-us/windows/win32/cimwin32prov/cim-modifysettingaction,Unknown (0) Other (1) MACOS (2) Mac OS ATTUNIX (3) DGUX (4) DECNT (5) Digital Unix (6) OpenVMS (7) Open VMS HPUX (8) HP-UX AIX (9) MVS (10) OS400 (11) OS/2 (12) JavaVM (13) Microsoft Virtual Machine (VM) for Java MSDOS (14) WIN3x (15) Windows 3.x WIN95 (16) Windows 95 WIN98 (17) Windows 98 WINNT (18) Windows NT WINCE (19) Windows CE NCR3000 (20).,0,2021-08-25,2026-10-01T20:22:46.963531
MICROSOFTQA_REMINING,Microsoft Q&A,JavaVM,CIM_BIOSElement class (CIMWin32 WMI Providers) - Win32 apps,https://learn.microsoft.com/en-us/windows/win32/cimwin32prov/cim-bioselement,Unknown (0) Other (1) MACOS (2) Mac OS ATTUNIX (3) ATT UNIX DGUX (4) DECNT (5) Digital Unix (6) OpenVMS (7) Open VMS HPUX (8) HP-UX AIX (9) MVS (10) OS400 (11) OS/2 (12) JavaVM (13) Microsoft Virtual Machine (VM) for Java MSDOS (14) WIN3x (15) Windows 3.x WIN95 (16) Windows 95 WIN98 (17) Windows 98 WINNT (18) Windows NT WINCE (19) Windows CE.,0,2021-01-06,2026-10-01T20:22:46.963536
MICROSOFTQA_REMINING,Microsoft Q&A,JavaVM,CIM_SoftwareElement class (Hyper-V management) - Win32 apps,https://learn.microsoft.com/en-us/windows/win32/hyperv_v2/cim-softwareelement,...(68) Microsoft Windows Server 2003 (69) Microsoft Windows Server 2003 64-Bit (70) Windows XP 64-Bit (71) Windows XP Embedded (72) Windows Vista (73) Windows Vista 64-Bit (74) Windows Embedded for Point of Service (75) Microsoft Windows Server 2008 (76) Microsoft Windows Server 2008 64-Bit (77) FreeBSD 64-Bit (78) RedHat Enterprise Linux (79).,0,2021-08-25,2026-10-01T20:22:46.963541
MICROSOFTQA_REMINING,Microsoft Q&A,JavaVM,CIM_SwapSpaceCheck class - Win32 apps,https://learn.microsoft.com/en-us/windows/win32/cimwin32prov/cim-swapspacecheck,Unknown (0) Other (1) MACOS (2) Mac OS ATTUNIX (3) ATT UNIX DGUX (4) DECNT (5) Digital Unix (6) OpenVMS (7) Open VMS HPUX (8) HP-UX AIX (9) MVS (10) OS400 (11) OS/2 (12) JavaVM (13) Microsoft Virtual Machine (VM) for Java MSDOS (14) WIN3x (15) Windows 3.x WIN95 (16) Windows 95 WIN98 (17) Windows 98 WINNT (18) Windows NT WINCE (19) Windows CE.,0,2021-08-25,2026-10-01T20:22:46.963547
MICROSOFTQA_REMINING,Microsoft Q&A,JNI library load,What is Power BI Premium? - Microsoft Fabric,https://learn.microsoft.com/en-us/fabric/enterprise/powerbi/service-premium-what-is,"Regardless of the client application or tool version, the following minimum client library versions are required. Client Library Version MSOLAP 15.1.65.22 AMO 19.12.7.0 ADOMD 19.12.7.0 In some cases, manually installing the most recent client libraries might be necessary to reduce potential connection and operation errors. To learn more about.",0,2026-09-29,2026-10-01T20:22:49.412746
MICROSOFTQA_REMINING,Microsoft Q&A,JNI library load,Microsoft C/C++ Documentation,https://learn.microsoft.com/en-us/cpp/,"Microsoft C++, C, and Assembler documentation Learn how to use C++, C, and assembly language to develop applications, services, and tools for your platforms and devices. Download Install Visual Studio and choose your C++ workloads Overview Welcome to C++ in Visual Studio Get started Get started with Visual Studio and C++ What's new What's new for.",0,2025-11-13,2026-10-01T20:22:49.412775
MICROSOFTQA_REMINING,Microsoft Q&A,JNI library load,Power Query SharePoint Folder Connector - Power Query,https://learn.microsoft.com/en-us/power-query/connectors/sharepoint-folder,SharePoint folder Summarize this article for me In this article Summary Item Description Release State General Availability Products ExcelPower BI (Semantic models)Power BI (Dataflows)Fabric (Dataflow Gen2)Power Apps (Dataflows)Dynamics 365 Customer Insights Authentication Types Supported AnonymousMicrosoft AccountWindowsOrganizational.,0,2026-09-29,2026-10-01T20:22:49.412781
MICROSOFTQA_REMINING,Microsoft Q&A,JNI library load,Overview of Microsoft 365 Archive - Microsoft 365 Archive,https://learn.microsoft.com/en-us/microsoft-365/archive/archive-overview,Overview of Microsoft 365 Archive Summarize this article for me In this article Microsoft 365 Archive provides cost-effective storage for inactive SharePoint files and sites. Organizations often need to retain inactive or aging data for long periods in case they need to retrieve it later. Storing this data in SharePoint helps simplify.,0,2026-09-11,2026-10-01T20:22:49.412786
MICROSOFTQA_REMINING,Microsoft Q&A,JNI library load,AZ-700 Design and Implement Microsoft Azure Network Solutions - Training,https://learn.microsoft.com/en-us/training/paths/design-implement-microsoft-azure-networking-solutions-az-700/,AZ-700 Design and Implement Microsoft Azure Network Solutions At a glance Level Intermediate Skill &nbsp; Product Azure Application Gateway Azure DNS Azure ExpressRoute Azure Firewall Azure Firewall Manager Azure Front Door Azure Load Balancer Azure Network Watcher Azure Private Link Azure Traffic Manager Azure Virtual Network Azure Virtual WAN.,0,2026-06-25,2026-10-01T20:22:49.412791
MICROSOFTQA_REMINING,Microsoft Q&A,JNI library load,Deploy the Microsoft Teams client for Mac - Microsoft Teams,https://learn.microsoft.com/en-us/microsoftteams/teams-client-mac-install-prerequisites,"Teams for Mac - Overview and prerequisites Summarize this article for me In this article The Teams for Mac client is designed with performance in mind, providing a fast, simple, and flexible experience. The Teams client installs and loads quickly, letting you launch the app and join meetings with ease, giving you more time to focus on the business.",0,2026-02-04,2026-10-01T20:22:49.412796
MICROSOFTQA_REMINING,Microsoft Q&A,JNI library load,Azure Copilot,https://learn.microsoft.com/en-us/azure/copilot/,Azure Copilot documentation Manage operations from cloud to edge with an AI assistant. Overview What is Azure Copilot. Concept Capabilities What's new Agents in Azure Copilot How-To Guide Write effective prompts Reference Prompt library Deploy Manage access Enhanced scenarios Learn about some of the ways that Azure Copilot can help you be more.,0,2026-08-10,2026-10-01T20:22:49.412802
MICROSOFTQA_REMINING,Microsoft Q&A,JNI library load,"Clean, Transform, and Load Data in Power BI - Training",https://learn.microsoft.com/en-us/training/modules/clean-data-power-bi/,"Clean, transform, and load data in Power BI Intermediate Data Analyst Power BI Microsoft Power Platform Use Power Query to clean and prepare data for analysis. Learn to simplify models, change data types, rename objects, pivot data, and profile columns to identify valuable data for deeper analytics. Add Prerequisites None... Learn to simplify.",0,2026-06-15,2026-10-01T20:22:49.412807
MICROSOFTQA_REMINING,Microsoft Q&A,JNI library load,Learn about retention for SharePoint and OneDrive,https://learn.microsoft.com/en-us/purview/retention-policies-sharepoint,"If a site is configured with the Set-SPOSite parameter LockState that's set to NoAccess or ReadOnly, items in that site can't be del... How retention works for SharePoint and OneDrive To store content that needs to be retained, SharePoint and OneDrive create a Preservation Hold library if one doesn't exist for the site. The Preservation Hold.",0,2026-06-25,2026-10-01T20:22:49.412812
MICROSOFTQA_REMINING,Microsoft Q&A,JNI library load,Clear the Office cache - Office Add-ins,https://learn.microsoft.com/en-us/office/dev/add-ins/testing/clear-cache,"Clear the Office cache Summarize this article for me In this article The Office cache stores resources and data used by Office Add-ins. By accessing stored resources, an add-in's performance is improved as it avoids redownloading these resources when needed. You should clear the Office cache in the following scenarios. When you want to remove an.",0,2026-06-11,2026-10-01T20:22:49.412817
MICROSOFTQA_REMINING,Microsoft Q&A,JNI library load,Can't find project or library,https://learn.microsoft.com/en-us/office/vba/language/reference/user-interface-help/can-t-find-project-or-library,"Can't find project or library Summarize this article for me In this article You can't run your code until all missing references are resolved. This error has the following causes and solutions: A referenced project could not be found, or a referenced object library corresponding to the language of the project could not be found. Unresolved.",0,2024-02-01,2026-10-01T20:22:49.412822
MICROSOFTQA_REMINING,Microsoft Q&A,JNI library load,"Azure Service Bus Queues, Topics, and Subscriptions - Azure Service Bus",https://learn.microsoft.com/en-us/azure/service-bus-messaging/service-bus-queues-topics-subscriptions,"Service Bus queues, topics, and subscriptions Summarize this article for me In this article Azure Service Bus supports reliable message queuing and durable publish/subscribe messaging. The messaging entities that form the core of the messaging capabilities in Service Bus are queues, topics and subscriptions. This article explains these core.",0,2026-05-26,2026-10-01T20:22:49.412828
MICROSOFTQA_REMINING,Microsoft Q&A,JNI library load,Analysis Services client libraries,https://learn.microsoft.com/en-us/analysis-services/client-libraries,"Analysis Services client libraries Summarize this article for me In this article Applies to: SQL Server Analysis Services Azure Analysis Services Fabric/Power BI Premium Client libraries are necessary for client applications and tools to connect to Analysis Services. Microsoft client applications like Power BI Desktop, Excel, SQL Server Management.",0,2026-09-16,2026-10-01T20:22:49.412833
MICROSOFTQA_REMINING,Microsoft Q&A,JNI library load,LoadLibraryA function (libloaderapi.h) - Win32 apps,https://learn.microsoft.com/en-us/windows/win32/api/libloaderapi/nf-libloaderapi-loadlibrarya,"LoadLibraryA function (libloaderapi.h) Summarize this article for me In this article Loads the specified  module into the address space of the calling process. The specified module may cause other modules to be loaded. For additional load options, use the LoadLibraryEx function. Syntax Parameters [in] lpLibFileName The name of the module. This can.",0,2025-07-01,2026-10-01T20:22:49.412838
MICROSOFTQA_REMINING,Microsoft Q&A,JNI library load,JavaSystem.Load(String) Method (Java.Lang),https://learn.microsoft.com/en-us/dotnet/api/java.lang.javasystem.load,"JavaSystem.Load(String) Method Definition Namespace: Java.Lang Assembly:Mono.Android.dll Loads the native library specified by the filename argument. The filename argument must be an absolute path name.If the filename argument, when stripped of any platform-specific library prefix, path, and file extension, indicates a library whose name is, for.",0,2026-09-17,2026-10-01T20:22:49.412843
MICROSOFTQA_REMINING,Microsoft Q&A,JNI library load,JavaSystem.LoadLibrary(String) Method (Java.Lang),https://learn.microsoft.com/en-us/dotnet/api/java.lang.javasystem.loadlibrary,"See the JNI Specification for more details.Otherwise, the libname argument is loaded from a system library location and mapped to a native library image in an implementation- dependent manner.The call System.loadLibrary(name) is effectively equivalent to the call  Java documentation for java.lang.System.loadLibrary(java.lang.String).Portions of.",0,2026-09-17,2026-10-01T20:22:49.412849
MICROSOFTQA_REMINING,Microsoft Q&A,JNI library load,Runtime.Load(String) Method (Java.Lang),https://learn.microsoft.com/en-us/dotnet/api/java.lang.runtime.load,"...embly:Mono.Android.dll Loads the native libraryThe filename argument must be an absolute path name. (for example Runtime.getRuntime().load(""/home/avh/lib/libX11.so"");).If the filename argument, when stripped of any platform-specific library prefix, path, and file extension, indicates a library whose name is, for example, L, and a native library.",0,2026-09-17,2026-10-01T20:22:49.412854
MICROSOFTQA_REMINING,Microsoft Q&A,JNI library load,Microsoft Authentication Libraries (MSAL) documentation,https://learn.microsoft.com/en-us/entra/msal/,Microsoft Authentication Libraries (MSAL) documentation Learn how to integrate authentication and authorization into any of your apps using the Microsoft Authentication Libraries (MSAL). Overview What is the Microsoft Authentication Library. Concept Supported authentication flows How-To Guide Migrate applications to MSAL sample Microsoft identity.,0,2025-08-14,2026-10-01T20:22:49.412859
MICROSOFTQA_REMINING,Microsoft Q&A,JNI library load,Runtime.LoadLibrary(String) Method (Java.Lang),https://learn.microsoft.com/en-us/dotnet/api/java.lang.runtime.loadlibrary,"Runtime.LoadLibrary(String) Method Definition Namespace: Java.Lang... If a native library called libname is statically linked with the VM, then the JNI_OnLoad_libname function exported by the library is invoked. See the  JNI Specification for more details.Otherwise, the libname argument is loaded from a system library location and mapped to a.",0,2026-09-17,2026-10-01T20:22:49.412864
MICROSOFTQA_REMINING,Microsoft Q&A,JNI library load,Version history limits for document library and OneDrive overview - SharePoint in Microsoft 365,https://learn.microsoft.com/en-us/sharepoint/document-library-version-history-limits,"Overview of version history limits for document libraries and OneDrive Summarize this article for me In this article Version history limits control how versions are stored in a SharePoint document library or OneDrive account. Limits can be set at organization, site, library or OneDrive user account level allowing admins and site owners the ability.",0,2026-06-25,2026-10-01T20:22:49.412869
MICROSOFTQA_REMINING,Microsoft Q&A,JNI library load,LoadLibraryExA function (libloaderapi.h) - Win32 apps,https://learn.microsoft.com/en-us/windows/win32/api/libloaderapi/nf-libloaderapi-loadlibraryexa,"Syntax Parameters [in] lpLibFileName A string that specifies the file name of the module to load. This name is not related to the name stored in a library module itself, as specified by the LIBRARY keyword in the module-definition (.def) file. The module can be a library module (a .dll file) or an executable module (an .exe file). If the string.",0,2025-07-01,2026-10-01T20:22:49.412874
MICROSOFTQA_REMINING,Microsoft Q&A,JNI library load,Overview - .NET for Android,https://learn.microsoft.com/en-us/dotnet/android/binding-libs/binding-java-libs/,"The fix for this is to manually load the .so library with a call to Java.Lang.JavaSystem.LoadLibrary. For example assuming that a .NET for Android project has shared library libpocketsphinx_jni.so included in the binding project with a build action of AndroidNativeLibrary, the following snippet (executed before using the shared library) will load.",0,2026-03-16,2026-10-01T20:22:49.412880
MICROSOFTQA_REMINING,Microsoft Q&A,JNI library load,Cross-platform mobile development examples,https://learn.microsoft.com/en-us/cpp/cross-platform/cross-platform-mobile-development-examples,"Additionally, here are some example applications that you can download and try out in Visual Studio. hello-jni Android Application Sample This sample is a port of the Android NDK hello-jni application. This sample is a good starting point for developers to understand how to use static/dynamic shared libraries to build an end-to-end JNI Android.",0,2025-11-11,2026-10-01T20:22:49.412885
MICROSOFTQA_REMINING,Microsoft Q&A,JNI library load,Dynamic link library (DLL) - Windows Client,https://learn.microsoft.com/en-us/troubleshoot/windows-client/setup-upgrade-and-drivers/dynamic-link-library,What is a DLL Summarize this article for me In this article This article describes what a dynamic link library (DLL) is and the various issues that may occur when you use DLLs. It also describes some advanced issues that you should consider when developing yo... Applies to:   Windows 10 - all editions Original KB number:   815065 Summary In.,0,2026-09-21,2026-10-01T20:22:49.412890
MICROSOFTQA_REMINING,Microsoft Q&A,JNI library load,What is Azure Load Testing?,https://learn.microsoft.com/en-us/azure/app-testing/load-testing/overview-what-is-azure-load-testing,"What is Azure Load Testing. Summarize this article for me In this article Azure Load Testing is a fully managed load-testing service that enables you to generate high-scale load. The service simulates traffic for your applications, regardless of where they're hosted. Developers, testers, and quality assurance (QA) engineers can use it to optimize.",0,2026-06-11,2026-10-01T20:22:49.412895
MICROSOFTQA_REMINING,Microsoft Q&A,JNI library load,LoadLibraryExW function (libloaderapi.h) - Win32 apps,https://learn.microsoft.com/en-us/windows/win32/api/libloaderapi/nf-libloaderapi-loadlibraryexw,"LoadLibraryExW function (libloaderapi.h) Summarize this article for me In this article Loads the specified module into the address space of the calling process. Syntax Parameters [in] lpLibFileName A string that specifies the file name of the module to load. This name is not related to the name stored in a library module itself, as specified by.",0,2025-07-01,2026-10-01T20:22:49.412900
MICROSOFTQA_REMINING,Microsoft Q&A,JNI library load,Azure load balancing and content delivery,https://learn.microsoft.com/en-us/azure/networking/load-balancer-content-delivery/,"Azure load balancing and content delivery documentation Discover how to secure and optimize your application with Azure load balancing and content delivery services. Learn how Azure Load Balancer, Application Gateway, and Front Door improve performance. O... Discover how to secure and optimize your application with Azure load balancing and content.",0,2025-06-26,2026-10-01T20:22:49.412905
MICROSOFTQA_REMINING,Microsoft Q&A,JNI library load,Dynamic-link library search order - Win32 apps,https://learn.microsoft.com/en-us/windows/win32/dlls/dynamic-link-library-search-order,Dynamic-link library search order Summarize this article for me In this article It's common for multiple versions of the same dynamic-link library (DLL) to exist in different file system locations within an operating system (OS). You can control the specific location from which any given DLL is loaded by specifying a full path. But if you don't.,0,2025-04-15,2026-10-01T20:22:49.412910
MICROSOFTQA_REMINING,Microsoft Q&A,JNI library load,Overview of the Microsoft Authentication Library (MSAL) - Microsoft identity platform,https://learn.microsoft.com/en-us/entra/identity-platform/msal-overview,"Overview of the Microsoft Authentication Library (MSAL) Summarize this article for me In this article The Microsoft Authentication Library (MSAL) enables developers to acquire security tokens from the Microsoft identity platform to authenticate users and access secured web APIs. It can be used to provide secure access to Microsoft Graph, other.",0,2026-06-15,2026-10-01T20:22:49.412916
MICROSOFTQA_REMINING,Microsoft Q&A,JNI library load,Windows Libraries,https://learn.microsoft.com/en-us/windows/client-management/client-tools/windows-libraries,"Windows libraries Summarize this article for me In this article Libraries are virtual containers for users' content. A library can contain files and folders stored on the local computer or in a remote storage location. In Windows Explorer, users interact with libraries in ways similar to how they would interact with other folders. Libraries are.",0,2025-08-18,2026-10-01T20:22:49.412921
MICROSOFTQA_REMINING,Microsoft Q&A,JNI library not found,Microsoft Typography documentation - Typography,https://learn.microsoft.com/en-us/typography/,"Microsoft Typography documentation Microsoft Typography group researches and develops font technologies and supports the development of OpenType fonts by independent type vendors. Microsoft Typography Develop fonts, find existing fonts, and license fonts from registered vendors. Microsoft Typography What is Microsoft Typography. Fonts and.",0,2024-05-31,2026-10-01T20:22:53.036707
MICROSOFTQA_REMINING,Microsoft Q&A,JNI library not found,Can't find project or library,https://learn.microsoft.com/en-us/office/vba/language/reference/user-interface-help/can-t-find-project-or-library,"Can't find project or library Summarize this article for me In this article You can't run your code until all missing references are resolved. This error has the following causes and solutions: A referenced project could not be found, or a referenced object library corresponding to the language of the project could not be found. Unresolved.",0,2024-02-01,2026-10-01T20:22:53.036737
MICROSOFTQA_REMINING,Microsoft Q&A,JNI library not found,Name '<name>' is not declared - Visual Basic,https://learn.microsoft.com/en-us/dotnet/visual-basic/language-reference/error-messages/name-name-is-not-declared,"BC30451: Name '' is not declared Summarize this article for me In this article A statement refers to a programming element, but the compiler cannot find an element with that exact name. Error ID: BC30451 To correct this error Check the spelling of the name in the referring statement. Visual Basic is case-insensitive, but any other variation in the.",0,2026-03-30,2026-10-01T20:22:53.036744
MICROSOFTQA_REMINING,Microsoft Q&A,JNI library not found,Learn about retention for SharePoint and OneDrive,https://learn.microsoft.com/en-us/purview/retention-policies-sharepoint,"However, if items in SharePoint document libraries are configured to not appear in search results, this configuration doesn't exclud... How retention works for SharePoint and OneDrive To store content that needs to be retained, SharePoint and OneDrive create a Preservation Hold library if one doesn't exist for the site. The Preservation Hold.",0,2026-06-25,2026-10-01T20:22:53.036752
MICROSOFTQA_REMINING,Microsoft Q&A,JNI library not found,'<name>' is not a member of '<classname>' - Visual Basic,https://learn.microsoft.com/en-us/dotnet/visual-basic/misc/bc30456,"Use an actual member of the class. If you are attempting to compile an SDK-style project (a project with a *.vbproj file that begins with the line ), and the error message refers to a type or member in the Microsoft.VisualBasic.dll assembly, configure your application to compile with a reference to the Visual Basic Runtime Library. By default, a.",0,2026-03-30,2026-10-01T20:22:53.036759
MICROSOFTQA_REMINING,Microsoft Q&A,JNI library not found,Microsoft C/C++ Documentation,https://learn.microsoft.com/en-us/cpp/,"Microsoft C++, C, and Assembler documentation Learn how to use C++, C, and assembly language to develop applications, services, and tools for your platforms and devices. Workloads Universal Windows Platform development Windows Desktop development Linux development Embedded development Mobile development Game development Features Build reliable and.",0,2025-11-13,2026-10-01T20:22:53.036766
MICROSOFTQA_REMINING,Microsoft Q&A,JNI library not found,Redistribute Visual C++ Files,https://learn.microsoft.com/en-us/cpp/windows/redistributing-visual-cpp-files,"In Visual Studio 2015 and later, y... The current installed version number is stored in the HKEY_LOCAL_MACHINE\SOFTWARE\Wow6432Node\Microsoft\VisualStudio\14.0\VC\Runtimes\{x86|x64|arm64} key. The version number is 14.0 for Visual Studio 2015, 2017, 2019, and 2022 because the latest Redistributable is binary compatible with previous versions back.",0,2026-04-15,2026-10-01T20:22:53.036773
MICROSOFTQA_REMINING,Microsoft Q&A,JNI library not found,Resource not found errors - Azure Resource Manager,https://learn.microsoft.com/en-us/azure/azure-resource-manager/troubleshooting/error-not-found,"Resolve errors for resource not found Summarize this article for me In this article This article describes the error you see when a resource can't be found during an operation. Typically, you see this error when deploying resources with a Bicep file or Azure Resource Manager template (ARM template). You also see this error when doing management.",0,2025-04-28,2026-10-01T20:22:53.036781
MICROSOFTQA_REMINING,Microsoft Q&A,JNI library not found,C and C++ in Visual Studio,https://learn.microsoft.com/en-us/cpp/overview/visual-cpp-in-visual-studio,"C and C++ in Visual Studio Summarize this article for me In this article Note This developer documentation applies to Visual Studio 2022. To see the documentation for your preferred version of Visual Studio, use the Version selector control. It's found at the top of the table of contents on this page. If you're looking for a Microsoft Visual C++.",0,2025-11-05,2026-10-01T20:22:53.036788
MICROSOFTQA_REMINING,Microsoft Q&A,JNI library not found,Keyword not found,https://learn.microsoft.com/en-us/office/vba/language/reference/keyword-not-found,"Keyword not found Summarize this article for me In this article The keyword you selected can't be found in Visual Basic Help. You may have misspelled the keyword, selected too much or too little text, or asked for help on a word that isn't a valid Visual Basic keyword. The keyword you want help on may be contained within an object library that is.",0,2024-02-01,2026-10-01T20:22:53.036795
MICROSOFTQA_REMINING,Microsoft Q&A,JNI library not found,Microsoft Authentication Libraries (MSAL) documentation,https://learn.microsoft.com/en-us/entra/msal/,Microsoft Authentication Libraries (MSAL) documentation Learn how to integrate authentication and authorization into any of your apps using the Microsoft Authentication Libraries (MSAL). Overview What is the Microsoft Authentication Library. Concept Supported authentication flows How-To Guide Migrate applications to MSAL sample Microsoft identity.,0,2025-08-14,2026-10-01T20:22:53.036802
MICROSOFTQA_REMINING,Microsoft Q&A,JNI library not found,Version history limits for document library and OneDrive overview - SharePoint in Microsoft 365,https://learn.microsoft.com/en-us/sharepoint/document-library-version-history-limits,"Overview of version history limits for document libraries and OneDrive Summarize this article for me In this article Version history limits control how versions are stored in a SharePoint document library or OneDrive account. Limits can be set at organization, site, library or OneDrive user account level allowing admins and site owners the ability.",0,2026-06-25,2026-10-01T20:22:53.036810
MICROSOFTQA_REMINING,Microsoft Q&A,JNI library not found,Manage libraries in Fabric environments - Microsoft Fabric,https://learn.microsoft.com/en-us/fabric/data-engineering/environment-manage-library,"Manage libraries in Fabric environments Summarize this article for me In this article Microsoft Fabric environments provide flexible configuration for running Spark jobs. Libraries provide reusable code for notebooks and Spark job definitions. In addition to built-in libraries that come with each Spark runtime, you can install public and custom.",0,2026-06-30,2026-10-01T20:22:53.036820
MICROSOFTQA_REMINING,Microsoft Q&A,JNI library not found,Runtime.Load(String) Method (Java.Lang),https://learn.microsoft.com/en-us/dotnet/api/java.lang.runtime.load,"Runtime.Load(String) Method Definition Namespace: Java.Lang Assembly:Mono.Android.dll Loads the native library specified by the filename argument.  ...ename argument must be an absolute path name. (for example Runtime.getRuntime().load(""/home/avh/lib/libX11.so"");).If the filename argument, when stripped of any platform-specific library prefix,.",0,2026-09-17,2026-10-01T20:22:53.036830
MICROSOFTQA_REMINING,Microsoft Q&A,JNI library not found,Range.Find method (Excel),https://learn.microsoft.com/en-us/office/vba/api/excel.range.find,"Range.Find method (Excel) Summarize this article for me In this article Finds specific information in a range. Note Interested in developing solutions that extend the Office experience across multiple platforms. Check out the new Office Add-ins model. Office Add-ins have a small footprint compared to VSTO Add-ins and solutions, and you can build.",0,2024-03-26,2026-10-01T20:22:53.036837
MICROSOFTQA_REMINING,Microsoft Q&A,JNI library not found,Overview of the Microsoft Authentication Library (MSAL) - Microsoft identity platform,https://learn.microsoft.com/en-us/entra/identity-platform/msal-overview,"Overview of the Microsoft Authentication Library (MSAL) Summarize this article for me In this article The Microsoft Authentication Library (MSAL) enables developers to acquire security tokens from the Microsoft identity platform to authenticate users and access secured web APIs. It can be used to provide secure access to Microsoft Graph, other.",0,2026-06-15,2026-10-01T20:22:53.036845
MICROSOFTQA_REMINING,Microsoft Q&A,JNI library not found,Get started with prompt library - Microsoft Copilot Studio,https://learn.microsoft.com/en-us/microsoft-copilot-studio/prompt-library,"Get started with prompt library Summarize this article for me In this article Note This article describes features used in agents or agent flows powered by the standard harness. The prompt library feature provides a collection of predesigned prompts, serving as templates to expedite the creation of AI prompts. This resource accelerates.",0,2026-09-02,2026-10-01T20:22:53.036852
MICROSOFTQA_REMINING,Microsoft Q&A,JNI library not found,[MS-RSMP]: INtmsLibraryControl1::CancelNtmsLibraryRequest (Opnum 10),https://learn.microsoft.com/en-us/openspecs/windows_protocols/ms-rsmp/23246f49-5161-4d82-8a27-28e35cb4f3ea,3.2.5.2.1.7 INtmsLibraryControl1::CancelNtmsLibraryRequest (Opnum 10) Summarize this article for me In this article The CancelNtmsLibraryRequest me... Return value/code Description 0x00000000 S_OK Method completed successfully. 0x80070005 ERROR_ACCESS_DENIED Access to object is denied; only an administrator of the server can cancel library.,0,2024-10-30,2026-10-01T20:22:53.036859
MICROSOFTQA_REMINING,Microsoft Q&A,JNI library not found,Manage images and pages with Copilot Library,https://learn.microsoft.com/en-us/microsoft-365/copilot/copilot-library,"Manage images and pages with Copilot Library Summarize this article for me In this article Copilot Library is the central hub for the content you create when using Copilot Chat, and Create in the Microsoft Copilot app on the web, Windows desktop, Mac desktop, and mobile platforms. Copilot Library consolidates user-generated images, pages,.",0,2026-08-18,2026-10-01T20:22:53.036866
MICROSOFTQA_REMINING,Microsoft Q&A,JNI library not found,LoadLibrary function returns STATUS_DLL_NOT_FOUND error on impersonate thread in Windows - Windows Client,https://learn.microsoft.com/en-us/troubleshoot/windows-client/setup-upgrade-and-drivers/loadlibrary-function-returns-status-dll-not-found-error-impersonate-thread,"...vides a workaround for an issue where LoadLibrary function returns STATUS_DLL_NOT_FOUND error on impersonateApplies to:   Windows Server 2019, Windows Server 2016, Windows 10 - all editions Original KB number:   4015510 Symptoms In Windows 10 and Windows Server version 1709 or later versions, if you do not grant dynamic-link library (DLL).",0,2026-09-21,2026-10-01T20:22:53.036874
MICROSOFTQA_REMINING,Microsoft Q&A,JNI library not found,COR_PRF_JIT_CACHE Enumeration - .NET Framework,https://learn.microsoft.com/en-us/dotnet/framework/unmanaged-api/profiling/cor-prf-jit-cache-enumeration,"COR_PRF_JIT_CACHE Enumeration Summarize this article for me In this article Indicates the result of a cached function search. Note COR_PRF_CACHED_FUNCTION_FOUND has a value of zero, so COR_PRF_JIT_CACHE cannot be used as a Boolean surrogate. Syntax Members Mem... Requirements Platforms: See System Requirements. Header: CorProf.idl, CorProf.h.",0,2021-09-15,2026-10-01T20:22:53.036881
MICROSOFTQA_REMINING,Microsoft Q&A,JNI library not found,[MS-DTCO]: TXUSER_GETTXDETAILS_MTAG_TX_NOT_FOUND,https://learn.microsoft.com/en-us/openspecs/windows_protocols/ms-dtco/f24b789f-d0e1-4c3c-a48e-311f39d9bd61,2.2.8.3.1.3 TXUSER_GETTXDETAILS_MTAG_TX_NOT_FOUND Summarize this article for me In this article The TXUSER_GETTXDETAILS_MTAG_TX_NOT_FOUND message is sent to indicate that the transaction details cannot be found. 0 1 2 3 4 5 6 7 8 9 10 1 2 3 4 5 6 7 8 9 20 1 2 3 4 5 6 7 8 9 30 1 MsgHeader (24 bytes) ....  ... 0x00004703The.,0,2024-04-23,2026-10-01T20:22:53.036888
MICROSOFTQA_REMINING,Microsoft Q&A,JNI library not found,HResults.DTS_E_WEBSERVICETASK_XML_ATTRIBUTE_NOT_FOUND Field (Microsoft.SqlServer.Dts.Runtime),https://learn.microsoft.com/en-us/dotnet/api/microsoft.sqlserver.dts.runtime.hresults.dts_e_webservicetask_xml_attribute_not_found,HResults.DTS_E_WEBSERVICETASK_XML_ATTRIBUTE_NOT_FOUND Field Definition Namespace: Microsoft.SqlServer.Dts.Runtime Assembly:Microsoft.SqlServer.ManagedDTS.dll MessageId: DTS_E_WEBSERVICETASK_XML_ATTRIBUTE_NOT_FOUND MessageText: A mandatory attribute is not found. Field Value Value = -1073573348 Int3... MessageId:.,0,2020-04-21,2026-10-01T20:22:53.036895
MICROSOFTQA_REMINING,Microsoft Q&A,JNI library not found,HResults.DTS_E_WEBSERVICETASK_XML_ATTRIBUTE_NOT_FOUND Field (Microsoft.SqlServer.Dts),https://learn.microsoft.com/en-us/dotnet/api/microsoft.sqlserver.dts.hresults.dts_e_webservicetask_xml_attribute_not_found,HResults.DTS_E_WEBSERVICETASK_XML_ATTRIBUTE_NOT_FOUND Field Definition Namespace: Microsoft.SqlServer.Dts Assembly:Microsoft.SqlServer.DtsMsg.dll MessageId: DTS_E_WEBSERVICETASK_XML_ATTRIBUTE_NOT_FOUND MessageText: A mandatory attribute is not found. Field Value Value = -1073573348 Int32 Applies to. MessageId:.,0,2020-04-21,2026-10-01T20:22:53.036902
MICROSOFTQA_REMINING,Microsoft Q&A,JNI library not found,PowerToys Command Not Found Tool for PowerShell 7 on Windows,https://learn.microsoft.com/en-us/windows/powertoys/cmd-not-found,"Command Not Found utility for PowerShell Summarize this article for me In this article The PowerToys Command Not Found utility is a PowerShell 7 module that detects command-line errors and suggests relevant WinGet packages to install. This tool helps Windows users quickly find and install missing commands, improving productivity and reducing.",0,2026-04-22,2026-10-01T20:22:53.036909
MICROSOFTQA_REMINING,Microsoft Q&A,JNI library not found,RedirectType.Found Property (Azure.ResourceManager.Cdn.Models) - Azure for .NET Developers,https://learn.microsoft.com/en-us/dotnet/api/azure.resourcemanager.cdn.models.redirecttype.found,RedirectType.Found Property Definition Namespace: Azure.ResourceManager.Cdn.Models Assembly:Azure.ResourceManager.Cdn.dll Package:Azure.ResourceManager.Cdn v1.5.1 Package:Azure.ResourceManager.Cdn v1.6.0-beta.1 Source:RedirectType.cs Source:RedirectType.cs Gets the Found. Property Value RedirectType Applies to Feedback Was this page helpful. Yes.,0,2026-06-04,2026-10-01T20:22:53.036917
MICROSOFTQA_REMINING,Microsoft Q&A,JNI library not found,HResults.DTS_E_WEBSERVICETASK_VARIABLE_NOT_FOUND Field (Microsoft.SqlServer.Dts.Runtime),https://learn.microsoft.com/en-us/dotnet/api/microsoft.sqlserver.dts.runtime.hresults.dts_e_webservicetask_variable_not_found,HResults.DTS_E_WEBSERVICETASK_VARIABLE_NOT_FOUND Field Definition Namespace: Microsoft.SqlServer.Dts.Runtime Assembly:Microsoft.SqlServer.ManagedDTS.dll MessageId: DTS_E_WEBSERVICETASK_VARIABLE_NOT_FOUND MessageText: The variable cannot be found. Verify that the variable exists in the package. MessageId: DTS_E_WEBSERVICETASK_VARIABLE_NOT_FOUND.,0,2020-04-21,2026-10-01T20:22:53.036924
MICROSOFTQA_REMINING,Microsoft Q&A,JNI library not found,HResults.DTS_E_WEBSERVICETASK_SOAPPORT_NOT_FOUND Field (Microsoft.SqlServer.Dts.Runtime),https://learn.microsoft.com/en-us/dotnet/api/microsoft.sqlserver.dts.runtime.hresults.dts_e_webservicetask_soapport_not_found,HResults.DTS_E_WEBSERVICETASK_SOAPPORT_NOT_FOUND Field Definition Namespace: Microsoft.SqlServer.Dts.Runtime Assembly:Microsoft.SqlServer.ManagedDTS.dll MessageId: DTS_E_WEBSERVICETASK_SOAPPORT_NOT_FOUND MessageText: The service is not available on the SOAP port. Field Value Value = -1073573336 Int32... MessageId:.,0,2020-04-21,2026-10-01T20:22:53.036931
MICROSOFTQA_REMINING,Microsoft Q&A,JNI library not found,RedirectType.Found Field (Microsoft.Azure.PowerShell.Cmdlets.Cdn.Support),https://learn.microsoft.com/en-us/dotnet/api/microsoft.azure.powershell.cmdlets.cdn.support.redirecttype.found,RedirectType.Found Field Definition Namespace: Microsoft.Azure.PowerShell.Cmdlets.Cdn.Support Assembly:Az.Cdn.private.dll Field Value RedirectType Applies to. Learn more about the Microsoft.Azure.PowerShell.Cmdlets.Cdn.Support.RedirectType.Found in the Microsoft.Azure.PowerShell.Cmdlets.Cdn.Support namespace...,0,2025-01-15,2026-10-01T20:22:53.036948
MICROSOFTQA_REMINING,Microsoft Q&A,JNI library not found,Find.Found Property (Microsoft.Office.Interop.Word),https://learn.microsoft.com/en-us/dotnet/api/microsoft.office.interop.word.find.found,"Find.Found Property Definition Namespace: Microsoft.Office.Interop.Word Assembly:Microsoft.Office.Interop.Word.dll Determines if the search for the specified object has produced a match. Property Value Boolean Remarks This property returns True if the search produces a match, and False if not. Applies to Feedback Was this page helpful. Want to try.",0,2020-04-28,2026-10-01T20:22:53.036955
