forum,post_id,title,creation_date,era
Stack Overflow,0,Python-C api concurrency issue,2012-02-07,Pre-GenAI
Stack Overflow,1,Python C-Api Threading issues,2012-12-03,Pre-GenAI
Stack Overflow,2,Issue with porting Python C library to &quot;pure&quot; C,2016-05-07,Pre-GenAI
Stack Overflow,3,Issue when using the shared object created with Python C Extension,2013-09-25,Pre-GenAI
Stack Overflow,4,Python C bindings Py_InitModule issue,2011-08-19,Pre-GenAI
Stack Overflow,5,"In Python, how does one catch warnings as if they were exceptions?",2011-04-13,Pre-GenAI
Stack Overflow,6,How to use if/else in single line (python -c)?,2014-04-27,Pre-GenAI
Stack Overflow,7,BYTE to python C-Type structure Conversion Issue,2012-12-24,Pre-GenAI
Stack Overflow,8,DLL calling Python C/API has dependency issues,2018-04-05,Pre-GenAI
Stack Overflow,9,Pass Python list of ints to C function using Python C API,2018-01-18,Pre-GenAI
Stack Overflow,10,Numpy Python/C API - PyArray_SimpleNewFromData hangs,2021-07-02,Pre-GenAI
Stack Overflow,11,python to C performance issue,2014-12-09,Pre-GenAI
Stack Overflow,12,Issue with sending XDR serialized data fron C to Python,2018-06-14,Pre-GenAI
Stack Overflow,13,gitlab-ci.yml python -c &#39;multiple line cmd&#39; failed,2017-03-19,Pre-GenAI
Stack Overflow,14,Python C package source code header files are missing,2015-06-23,Pre-GenAI
Stack Overflow,15,Python executing expect command unmatching quotes issue: python -c &#39;os.system(&quot;expect -c ..,2021-01-13,Pre-GenAI
Stack Overflow,16,Issue with Linking Python C Extension to Another Library,2018-06-29,Pre-GenAI
Stack Overflow,17,Python3 reload project that use python c-api,2020-11-16,Pre-GenAI
Stack Overflow,18,Python C Extension issue: &quot;TypeError: function takes exactly 0 arguments (1 given)&quot;,2015-07-08,Pre-GenAI
Stack Overflow,19,Issue when binding C functions Python,2020-07-21,Pre-GenAI
Stack Overflow,20,Load Python C Extension DLL using System.loadLibrary,2013-04-29,Pre-GenAI
Stack Overflow,22,Python C Extension + crashing after calling the python file multiple times.,2016-01-05,Pre-GenAI
Stack Overflow,23,What does &#39;PYVERNODOTS&#39; in Python C-extension modules mean?,2019-08-13,Pre-GenAI
Stack Overflow,24,Compile and execute AST using pybind11 or Python C API,2018-11-02,Pre-GenAI
Stack Overflow,25,Python C API ImportError &quot;most likely due to a circular import&quot;,2021-10-25,Pre-GenAI
Stack Overflow,26,call python script function from other directory,2020-03-13,Pre-GenAI
Stack Overflow,27,Python C extension decorator,2014-06-20,Pre-GenAI
Stack Overflow,29,Python C API and data persistent in memory?,2010-01-13,Pre-GenAI
Stack Overflow,30,Call to GetModuleHandle on kernel32 using Python C-types,2013-06-10,Pre-GenAI
Stack Overflow,31,"Socket Send from Client C, Server Python Issue",2018-11-09,Pre-GenAI
Stack Overflow,32,break/interrupt a time.sleep() in python,2011-02-25,Pre-GenAI
Stack Overflow,33,Issue when compile python in c file,2020-11-20,Pre-GenAI
Stack Overflow,35,Issue with SWIG for creating Python bindings for C library,2019-05-29,Pre-GenAI
Stack Overflow,37,Multifile C Python Extension Organization Issue,2018-03-23,Pre-GenAI
Stack Overflow,38,Python C extension: Segfault when checking if Python callback is valid,2019-07-07,Pre-GenAI
Stack Overflow,40,Issue returning values from C function called from Python,2012-08-03,Pre-GenAI
Stack Overflow,41,How to change a strings encoding as utf 8 in C,2011-04-10,Pre-GenAI
Stack Overflow,42,graphviz issue when spawning Python script from C,2015-05-18,Pre-GenAI
Stack Overflow,44,Python/C API: Statically-Linked Extensions?,2015-08-17,Pre-GenAI
Stack Overflow,45,Testing C++ Math functions with Python&#39;s C Extension - Precision issues,2016-10-15,Pre-GenAI
Stack Overflow,46,Unable to install pyodbc on Linux,2010-06-02,Pre-GenAI
Stack Overflow,47,Const correctness of Python&#39;s C API,2014-01-02,Pre-GenAI
Stack Overflow,48,Python C API: WindowsError after creating some number of PyObjects,2017-11-15,Pre-GenAI
Stack Overflow,49,"Call C++ code from Python, which in turn calls Python again (i.e. Python-&gt;C++-&gt;Python), is thi",2020-01-20,Pre-GenAI
Stack Overflow,51,Issue with AES encrypt/decrypt - Objective-C -&gt; Python (Tornado),2012-07-25,Pre-GenAI
Stack Overflow,52,Get full path to shared object with python c api,2017-01-28,Pre-GenAI
Stack Overflow,53,Pip install and python headers,2021-04-27,Pre-GenAI
Stack Overflow,54,Python C Extension,2020-10-10,Pre-GenAI
Stack Overflow,55,Issues compiling C code for a Python module,2014-10-02,Pre-GenAI
Stack Overflow,56,Issues while compiling and executing C file which has Python embedded in C,2020-12-14,Pre-GenAI
Stack Overflow,57,Issue with passing string from Python to C shared lib using ctypes,2016-07-01,Pre-GenAI
Stack Overflow,59,The last element in Python list is corrupted using Python C API,2020-10-18,Pre-GenAI
Stack Overflow,60,ModuleNotFoundError: No module named &#39;gensim.corpora&#39;; &#39;gensim&#39; is not a package,2020-04-14,Pre-GenAI
Stack Overflow,61,Python C binding - get array from python to C++,2020-01-06,Pre-GenAI
Stack Overflow,62,Python interpreter invocation with &quot;-c&quot; and indentation issues,2010-12-29,Pre-GenAI
Stack Overflow,63,python path/ Pip install,2019-04-20,Pre-GenAI
Stack Overflow,64,How to avoid gcc warning in Python C extension when using Py_BEGIN_ALLOW_THREADS,2010-01-27,Pre-GenAI
Stack Overflow,65,Struct variables overlap (Python C API),2014-04-30,Pre-GenAI
Stack Overflow,66,Python C interface PyArg_ParseTuple failing,2012-07-13,Pre-GenAI
Stack Overflow,67,Python/C API project - compile to exe,2020-07-21,Pre-GenAI
Stack Overflow,68,UnicodeDecodeError: &#39;utf-8&#39; codec can&#39;t decode byte 0xfe in position 6208: invalid start,2020-01-22,Pre-GenAI
Stack Overflow,69,Importing the numpy c-extensions failed,2019-11-15,Pre-GenAI
Stack Overflow,70,UNIX Socket Programming: Issues Getting a C Client to Connect to a Python Server,2017-10-06,Pre-GenAI
Stack Overflow,71,Pandas: read_csv() with engine=C issue (bug or feature?),2016-05-05,Pre-GenAI
Stack Overflow,72,Issue with passing array to subprocess module while calling c program from python,2019-05-15,Pre-GenAI
Stack Overflow,73,Python C-extenstions cannot be loaded,2020-07-31,Pre-GenAI
Stack Overflow,74,Python multiprocessing shared memory issues with C objects involved,2015-08-24,Pre-GenAI
Stack Overflow,75,Serial protocol issues porting code from C to Python,2012-09-20,Pre-GenAI
Stack Overflow,76,Activate Python 2.7,2016-06-21,Pre-GenAI
Stack Overflow,77,ECDSA Signing and Verifying issue between python ECDSA and C micro-ecc library,2019-05-15,Pre-GenAI
Stack Overflow,78,wrap a c library in cython which includes a python internal c symbol,2017-05-03,Pre-GenAI
Stack Overflow,79,Ctrl-C crashes Python after importing scipy.stats,2013-03-17,Pre-GenAI
Stack Overflow,80,Getting fatal error when Python C API is called from Go,2021-03-11,Pre-GenAI
Stack Overflow,81,Python C Extension Nested Dictionary Segmentation Fault,2018-02-18,Pre-GenAI
Stack Overflow,82,why does python import causes an error with PyImport_ImportModule but not with python interpreter,2021-11-11,Pre-GenAI
Stack Overflow,83,"Can&#39;t install any Python modules, possible C compiler issue",2014-02-07,Pre-GenAI
Stack Overflow,84,Check whether the interpreter is embedded,2014-08-15,Pre-GenAI
Stack Overflow,85,How can I build my C extensions with MinGW-w64 in Python?,2012-06-25,Pre-GenAI
Stack Overflow,86,Do Python and Haskell have the float uncertanity issue of C/C++?,2014-04-02,Pre-GenAI
Stack Overflow,87,"Python/C Raw Socket Operations using Django, Mod_WSGI, Apache",2011-10-02,Pre-GenAI
Stack Overflow,88,Python.h on windows with MinGW,2012-11-04,Pre-GenAI
Stack Overflow,89,python segmentation fault when closing / quitting,2011-09-16,Pre-GenAI
Stack Overflow,90,How to pass a C struct to Python to get data?,2014-06-07,Pre-GenAI
Stack Overflow,92,Debugging Python C extensions in Mavericks,2014-03-24,Pre-GenAI
Stack Overflow,93,Issue Importing ConfigParser Read File,2014-10-28,Pre-GenAI
Stack Overflow,94,python 3 C-API extension ImportError,2015-02-04,Pre-GenAI
Stack Overflow,95,Define Python class from C,2015-02-03,Pre-GenAI
Stack Overflow,96,REDHAWK Python component calls legacy C-code,2016-07-25,Pre-GenAI
Stack Overflow,97,How to distribute C++ application which calls Python?,2019-08-26,Pre-GenAI
Stack Overflow,98,Python C API: Subclassing (builtin) types with Py_LIMITED_API,2022-05-25,Pre-GenAI
Stack Overflow,99,Python C Extension: Fatal Python error: PyThreadState_Get: no current thread,2018-07-24,Pre-GenAI
Stack Overflow,100,Creating Python C module from Fortran sources on Ubuntu 10.04 LTS,2010-05-04,Pre-GenAI
Stack Overflow,101,Why does my Python Extension type have two ref counts rather than one?,2021-09-29,Pre-GenAI
Stack Overflow,102,How to convert PyObjects to C data types?,2019-10-26,Pre-GenAI
Stack Overflow,103,Python Pathing Issue,2022-02-16,Pre-GenAI
Stack Overflow,105,Call Python function from C/C++,2014-04-20,Pre-GenAI
Stack Overflow,106,Python extension in c,2018-11-23,Pre-GenAI
Stack Overflow,107,Cannot run &#39;python -c &quot;..&quot; &#39; command from Java Process builder and Linux,2021-06-06,Pre-GenAI
Stack Overflow,108,Checking if PyObject is nullptr,2015-10-17,Pre-GenAI
Stack Overflow,109,Emacs Execution of Python script with C-c C-c goes Unrecognized,2013-07-07,Pre-GenAI
Stack Overflow,110,Python and OpenMP C Extensions,2010-08-26,Pre-GenAI
Stack Overflow,111,Python calling C DLL function output issues and restype,2016-08-26,Pre-GenAI
Stack Overflow,112,Python C-API: Populate a Py_buffer from a C function,2015-11-17,Pre-GenAI
Stack Overflow,113,How can I debug a (possible) Stack Overflow Error in C python extention?,2019-12-03,Pre-GenAI
Stack Overflow,114,IPython behaves differently than CPython when interacting with c extension,2018-06-26,Pre-GenAI
Stack Overflow,115,Core dumped while passing double array from C to python using c extension module for python,2018-09-02,Pre-GenAI
Stack Overflow,116,What happened to Py_FlushLine in Python 3.3?,2013-04-12,Pre-GenAI
Stack Overflow,117,Convert data values from Python to C,2018-06-29,Pre-GenAI
Stack Overflow,118,How can I debug (potentially C-library related) memory issues using 64-bit Python on Windows?,2011-04-22,Pre-GenAI
Stack Overflow,120,Privileges/owner issue when writing in C:\ProgramData\,2014-03-01,Pre-GenAI
Stack Overflow,121,"Issue system call from Python, get filename for output",2014-11-19,Pre-GenAI
Stack Overflow,122,Anaconda in C Drive issue,2022-02-04,Pre-GenAI
Stack Overflow,124,Issues installing a python wrapper for a C program on Linux Subsystem for Windows,2018-02-07,Pre-GenAI
Stack Overflow,126,Writing into a TCP socket from C to Python,2015-05-22,Pre-GenAI
Stack Overflow,127,Python C wrapper for reading variable argument lengths,2012-07-25,Pre-GenAI
Stack Overflow,128,How can I call a method from the C API where the number of arguments is known only at runtime?,2018-02-02,Pre-GenAI
Stack Overflow,129,MariaDB Connector/Python installation issue on Ubuntu 20.04 (,2020-10-11,Pre-GenAI
Stack Overflow,130,Using a python module&#39;s C API in my own C module,2010-01-31,Pre-GenAI
Stack Overflow,131,How do you compile a C library with multiple dependencies into a Python package? Cmake?,2018-06-05,Pre-GenAI
Stack Overflow,133,Have C library call python function with ctypes,2017-09-29,Pre-GenAI
Stack Overflow,134,Python C API call to error() binds to libc implementation instead of a local one,2018-07-31,Pre-GenAI
Stack Overflow,135,Python Linter installation issue with VScode,2019-09-01,Pre-GenAI
Stack Overflow,136,SQlite Timestamp difference in Python and C,2019-03-05,Pre-GenAI
Stack Overflow,138,What is the most efficient option to implement a C based library into my python code?,2022-11-16,Pre-GenAI
Stack Overflow,139,How to achieve polymorphism in Python C API?,2015-04-11,Pre-GenAI
Stack Overflow,140,Python AF_UNIX client C server,2013-06-14,Pre-GenAI
Stack Overflow,141,Python Installer: &quot;Error writing to file C:\Python27\pythonw.exe&quot;,2016-02-07,Pre-GenAI
Stack Overflow,143,Python script avoid quitting when Ctrl-C is pressed,2015-08-13,Pre-GenAI
Stack Overflow,145,How to manage an object from a class defined in python using the C-Python API,2022-02-23,Pre-GenAI
Stack Overflow,146,Windows 8 : `node-gyp rebuild` Exit status 1 installing contextify as dependency of zombie,2014-05-26,Pre-GenAI
Stack Overflow,148,Convert a C style long to a Python style integer,2016-01-20,Pre-GenAI
Stack Overflow,149,Python to C to Python call flow causing Segmentation fault,2017-04-29,Pre-GenAI
Stack Overflow,150,VSCode Intellisense with Python C extension module (petsc4py),2019-06-05,Pre-GenAI
Stack Overflow,151,"Transfer C-API partial(print, flush=True) function to imported modules when issuing PyRun_File",2021-06-08,Pre-GenAI
Stack Overflow,152,"Python, stdout , C and SWIG",2015-08-11,Pre-GenAI
Stack Overflow,153,Cross-compiled shared library won&#39;t link to libstdc++.so,2014-11-27,Pre-GenAI
Stack Overflow,154,debugging c library called from python on windows,2014-05-09,Pre-GenAI
Stack Overflow,155,Calling Python functions from inline C with scipy.weave,2011-05-08,Pre-GenAI
Stack Overflow,156,How to run a C program with python Popen?,2019-10-30,Pre-GenAI
Stack Overflow,157,Interprocess communication between c code and python,2021-01-10,Pre-GenAI
Stack Overflow,158,Difference in Precision Between Python Function and C Function,2021-07-06,Pre-GenAI
Stack Overflow,159,selenium python issue - invalid element state,2018-01-19,Pre-GenAI
Stack Overflow,160,Shared Memory between C and Python on Raspberry Pi,2020-03-24,Pre-GenAI
Stack Overflow,161,Python scripts hang on exception until ctrl-c,2014-04-08,Pre-GenAI
Stack Overflow,162,Access Azure EventHub with WebSocket and proxy,2022-11-24,Pre-GenAI
Stack Overflow,164,Deploying Django to AWS EB,2020-07-21,Pre-GenAI
Stack Overflow,166,Debugging *** glibc detected *** python: realloc(): invalid next size without Valgrind,2013-04-26,Pre-GenAI
Stack Overflow,167,Python catching a wrapped C function error,2020-01-31,Pre-GenAI
Stack Overflow,168,Issue using pip - ModuleNotFoundError: No module named &#39;html.parser&#39;,2018-08-10,Pre-GenAI
Stack Overflow,169,doubles in embedded python,2012-07-12,Pre-GenAI
Stack Overflow,170,Python C extension with openmp for OS X,2016-10-25,Pre-GenAI
Stack Overflow,171,How to test my C program with Python (PyTest) in Travis?,2019-05-06,Pre-GenAI
Stack Overflow,172,Issue consecutive commands in python?,2019-09-06,Pre-GenAI
Stack Overflow,173,"Installing jsdom on nodejs, node-gyp ERROR: spawn ENOENT",2014-11-10,Pre-GenAI
Stack Overflow,174,facing issue while setting up angular project in local from gitlab(not able to install npm locally),2022-10-21,Pre-GenAI
Stack Overflow,175,How to build C extensions via poetry?,2020-02-05,Pre-GenAI
Stack Overflow,176,Porting Quartz 2d python demo to pure Core Graphics C,2010-08-06,Pre-GenAI
Stack Overflow,177,How to create architecture specific environments in tox,2020-02-10,Pre-GenAI
Stack Overflow,178,PyCUDA Complex Matrix Multiplication - C code vs Python code,2013-07-31,Pre-GenAI
Stack Overflow,179,"Python passing void pointer as parameter to C function (SWIG, Numpy)",2018-08-21,Pre-GenAI
Stack Overflow,180,C / Python WinPCap Translation,2015-03-01,Pre-GenAI
Stack Overflow,181,Could not find a version that satisfies the requirement tensorflow==1.0.0,2017-08-31,Pre-GenAI
Stack Overflow,182,Using a structure defined in C header as a Python data type,2013-01-31,Pre-GenAI
Stack Overflow,183,How to fix usage: setup.py [global_opts] cmd1 [cmd1_opts] issue?,2019-12-28,Pre-GenAI
Stack Overflow,184,Compiling C code generated at runtime within Python,2019-01-31,Pre-GenAI
Stack Overflow,185,Windows 10 unable detect the Python Environment Variable,2020-07-14,Pre-GenAI
Stack Overflow,186,Prevent exit(1) from exiting Python when executing C-function from Python,2022-07-21,Pre-GenAI
Stack Overflow,187,Communication between Python&lt;-&gt;Cython&lt;-&gt;C in multithreaded environment,2015-03-24,Pre-GenAI
Stack Overflow,188,How to solve the segmentation fault issue when I use Python ctypes to call rs232.c?,2020-11-30,Pre-GenAI
Stack Overflow,189,Debug in vim using pyclewn,2016-09-11,Pre-GenAI
Stack Overflow,190,C and Python integration: name of callback function,2015-10-02,Pre-GenAI
Stack Overflow,191,Communicating continuously between python script and C app,2012-10-25,Pre-GenAI
Stack Overflow,192,Package C source files along with a Python package,2020-06-21,Pre-GenAI
Stack Overflow,193,What is causing connection error 111 refused to connect,2022-02-04,Pre-GenAI
Stack Overflow,194,import numpy - ImportError: DLL load failed while importing mtrand,2021-02-08,Pre-GenAI
Stack Overflow,195,When I try to write to a file using python script in a batch file and then run it. It doesn&#39;t wr,2014-05-03,Pre-GenAI
Stack Overflow,196,how to pass float* array to C method from python script whose memory allocation takes place in C lay,2020-10-12,Pre-GenAI
Stack Overflow,197,Facing an issue with executing python package,2021-09-08,Pre-GenAI
Stack Overflow,198,Intercommunication between Python MPI master and C MPI worker?,2014-03-06,Pre-GenAI
Stack Overflow,199,Self-referencing class: concrete python class from C interface,2015-04-14,Pre-GenAI
Stack Overflow,201,Why doesn&#39;t this Python keyboard interrupt work? (in PyCharm),2016-09-30,Pre-GenAI
Stack Overflow,202,Python Wrapper to a C Callback,2011-06-20,Pre-GenAI
Stack Overflow,203,Accessing C struct array to Python with SWIG,2012-10-10,Pre-GenAI
Stack Overflow,204,How can you have Python packages in a C module?,2020-08-14,Pre-GenAI
Stack Overflow,205,How can I convert Python number to 1 byte C type?,2016-07-25,Pre-GenAI
Stack Overflow,206,Issues launching Python Interactive in VS Code,2020-02-13,Pre-GenAI
Stack Overflow,207,Permission issue while downloading files from website using Python 2.7,2014-04-01,Pre-GenAI
Stack Overflow,209,use django: from &quot;python manage.py shell&quot; to python script,2011-01-31,Pre-GenAI
Stack Overflow,210,Python vs C: different outputs,2013-05-31,Pre-GenAI
Stack Overflow,211,Ctypes: passing string as argument from Python to C,2017-02-06,Pre-GenAI
Stack Overflow,212,Embedding Python in C/C++,2019-09-14,Pre-GenAI
Stack Overflow,213,Python C extension packaging DLL along with pyd,2020-12-17,Pre-GenAI
Stack Overflow,214,Building c-extended Python package on Windows,2017-09-25,Pre-GenAI
Stack Overflow,215,Cant install any modules with npm. Error:spawn C:\Users\.......Microsoft VS Code ENOENT,2019-11-08,Pre-GenAI
Stack Overflow,216,How can I handle tp_print in C code with Python 3.8 on Mac?,2020-07-21,Pre-GenAI
Stack Overflow,217,Running a file with arguments from python embedded within c,2016-04-20,Pre-GenAI
Stack Overflow,218,C_Python not releasing buffer memory,2020-06-06,Pre-GenAI
Stack Overflow,219,Python 3.6.3 installation issue on oracle linux,2017-10-26,Pre-GenAI
Stack Overflow,220,elif statement in python invalid syntax,2017-04-05,Pre-GenAI
Stack Overflow,221,C Method returning string to Python via ctypes,2018-03-10,Pre-GenAI
Stack Overflow,222,Debugging a c-extension in python,2016-04-15,Pre-GenAI
Stack Overflow,223,initialize c_char_p to pass to C function,2015-04-13,Pre-GenAI
Stack Overflow,224,"Rookie Python-questions, array indexing issue",2021-01-25,Pre-GenAI
Stack Overflow,225,Embedding Python in C: Error in linking - undefined reference to PyString_AsString,2016-04-10,Pre-GenAI
Stack Overflow,226,equivalent of bitfield for C structure in python,2020-06-04,Pre-GenAI
Stack Overflow,227,Python: unsigned 32 bit bitwise arithmetic,2008-10-17,Pre-GenAI
Stack Overflow,229,Why is splitting a string slower in C++ than Python?,2012-02-21,Pre-GenAI
Stack Overflow,230,Module NOT found issue seen only when run Python code in Terraform,2021-10-20,Pre-GenAI
Stack Overflow,231,Read access violation when calling size_t *size as *z,2018-12-12,Pre-GenAI
Stack Overflow,233,Calling C function from Python (No Return Value),2015-04-28,Pre-GenAI
Stack Overflow,234,OpenMP threaded C program stalls when calling python script (using matplotlib) in parallel region,2019-03-28,Pre-GenAI
Stack Overflow,235,How to send data to Python script from C#,2016-08-26,Pre-GenAI
Stack Overflow,236,Build python-mysqlclient against mariadb-connector-c,2017-11-07,Pre-GenAI
Stack Overflow,237,How to send data from python to C using sockets (unix),2019-07-19,Pre-GenAI
Stack Overflow,238,Py_Initialize crash on windows OS,2016-07-14,Pre-GenAI
Stack Overflow,239,Robotframework Run issue with RIDE,2018-12-27,Pre-GenAI
Stack Overflow,240,How to run chromedriver using Selenium (Windows 10)?,2019-09-26,Pre-GenAI
Stack Overflow,241,Python-workfront not able to retrieve values from search,2018-05-15,Pre-GenAI
Stack Overflow,242,Best method to call a C function from python code,2015-09-02,Pre-GenAI
Stack Overflow,243,"I can use a python code to control LED connected to Raspberry, but using C it doesn&#39;t work",2021-03-03,Pre-GenAI
Stack Overflow,244,"VScode,The Python path in your debug configuration is invalid",2022-07-17,Pre-GenAI
Stack Overflow,246,segfault trying to print object in IPython but not in Python,2015-07-07,Pre-GenAI
Stack Overflow,247,Pure Python XSLT library,2008-09-26,Pre-GenAI
Stack Overflow,248,How is it that json serialization is so much faster than yaml serialization in Python?,2010-03-16,Pre-GenAI
Stack Overflow,249,Django &amp; MongoDB has issue with default ID autoField on django models,2020-04-06,Pre-GenAI
Stack Overflow,250,IPC Communication : Recieving a C application posted structure in python using POSIX IPC,2012-11-28,Pre-GenAI
Stack Overflow,251,Jira create issue returns 405 python,2022-08-31,Pre-GenAI
Stack Overflow,252,Extending Python with C on Windows - ImportError: DLL load failed: %1 is not a valid Win32 applicati,2018-06-07,Pre-GenAI
Stack Overflow,253,"Python perform byte-wise operations on short, not int",2020-01-21,Pre-GenAI
Stack Overflow,254,Issue with replacement of similar sub strings in Python,2018-09-08,Pre-GenAI
Stack Overflow,255,Cython: Calling Python code from C program,2014-01-07,Pre-GenAI
Stack Overflow,256,How to g_spawn (GLib) a Python script from a C program,2021-04-09,Pre-GenAI
Stack Overflow,257,Python 3.7 Issue with append function,2019-10-02,Pre-GenAI
Stack Overflow,259,Python os.system() call runs in incorrect directory,2013-08-05,Pre-GenAI
Stack Overflow,260,python 2.7 windows silent installer (.msi) - command-line option to set the path?,2015-12-11,Pre-GenAI
Stack Overflow,261,Error importing &#39;pandas&#39; in python 2.7.12,2016-08-08,Pre-GenAI
Stack Overflow,262,Having trouble in importing sikuli modules in python . I am using RIDE to run python script,2013-02-19,Pre-GenAI
Stack Overflow,264,Python simple tutorial variable not defined issue,2018-08-23,Pre-GenAI
Stack Overflow,265,Import error in Python for libcurl library,2015-03-05,Pre-GenAI
Stack Overflow,266,Creating a python callback for a C function from a DLL with a char buffer.,2018-04-25,Pre-GenAI
Stack Overflow,267,Python list memory reallocation issue,2016-11-10,Pre-GenAI
Stack Overflow,268,No Module Named elasticsearch - Python 3.7.9- WIndows 10,2021-01-04,Pre-GenAI
Stack Overflow,269,Python Syntax Error on Data Cast in R Script Issue,2017-11-11,Pre-GenAI
Stack Overflow,270,How to treat output arguments like char** array in python?,2020-09-29,Pre-GenAI
Stack Overflow,271,Python double pointer,2009-05-06,Pre-GenAI
Stack Overflow,273,Tensorflow_datasets import issue &quot;Python int too large to convert to C long&quot;,2022-01-30,Pre-GenAI
Stack Overflow,274,Nuitka - convert Python to C: Cannot locate suitable C Compiler,2020-03-06,Pre-GenAI
Stack Overflow,275,C regex performance,2012-06-22,Pre-GenAI
Stack Overflow,277,Problem installing MariaDB Python bindings on Raspberry Pi OS--how to get the latest Connector/C?,2021-08-20,Pre-GenAI
Stack Overflow,279,"Returning array in C, Sudoku Solver",2018-10-27,Pre-GenAI
Stack Overflow,280,How do I debug in visual studio code a python program that calls c functions in a shared library fro,2020-03-20,Pre-GenAI
Stack Overflow,281,Using c-python APIs to run Python code in CPP code in some thread,2022-09-21,Pre-GenAI
Stack Overflow,282,Wrapping/Casting C struct in Cython to Python class,2014-05-08,Pre-GenAI
Stack Overflow,283,No stdout/stdin when calling python script from powershell,2017-11-22,Pre-GenAI
Stack Overflow,284,&#39;python&#39; is not recognized as an internal or external command python setup.py build_ext --in,2017-12-12,Pre-GenAI
Stack Overflow,288,"After Python to C conversion via Cython, getting undefined symbol _Py_CheckRecursionLimit",2021-10-16,Pre-GenAI
Stack Overflow,289,Using a c library from python (undefined reference),2014-03-31,Pre-GenAI
Stack Overflow,290,Python Struggling to create an C extension wrapping a 3rd party dll,2014-03-10,Pre-GenAI
Stack Overflow,292,Programatically get Python cflags and libs for compiling C extension,2015-10-29,Pre-GenAI
Stack Overflow,293,Running a C callback function inside an Objective-C completion block,2018-06-29,Pre-GenAI
Stack Overflow,294,Multiple versions of Python 2.7 on Windows 10,2016-10-06,Pre-GenAI
Stack Overflow,295,cython tutorial &#39;using c libraries&#39; is confusing,2019-12-21,Pre-GenAI
Stack Overflow,296,Running ioctl in Python returns ENOTTY - inappropriate ioctl for device,2018-03-28,Pre-GenAI
Stack Overflow,297,Python interpreter yielding control back to C caller on asynchronous operation,2019-09-14,Pre-GenAI
Stack Overflow,298,Issue with existing system Python and installing Anaconda for a new Python - new to programming,2020-04-30,Pre-GenAI
Stack Overflow,299,Python Ctypes memory allocation for c function,2016-10-17,Pre-GenAI
Stack Overflow,300,How does ctypes pass arrays from Python to C?,2022-08-17,Pre-GenAI
Stack Overflow,301,Issue in Compling C++ method in Eclipse and calling C++ method from python,2015-09-01,Pre-GenAI
Stack Overflow,302,Calling a shared library function from Python hangs (possible thread / interrupt issue),2018-09-11,Pre-GenAI
Stack Overflow,303,Collapse python comment in vs code,2022-05-09,Pre-GenAI
Stack Overflow,304,Import to my python code a c library i made using swig,2019-09-21,Pre-GenAI
Stack Overflow,305,Get copy of some protected files system windows with Python?,2020-05-03,Pre-GenAI
Stack Overflow,306,How to prevent subprocesses from receiving CTRL+C / Control+C / SIGINT,2017-01-20,Pre-GenAI
Stack Overflow,307,PIP and path issue on Windows 10,2020-03-18,Pre-GenAI
Stack Overflow,308,Python bug: null byte in input prompt,2017-05-22,Pre-GenAI
Stack Overflow,310,Getting Python to read a FIFO Named Pipe - works in C but not in Python,2020-05-19,Pre-GenAI
Stack Overflow,311,Getting AppTrace for Google App Engine working with Python 2.7 on OSX 10.8.2,2012-11-02,Pre-GenAI
Stack Overflow,312,Obtaining output of a C program in python,2016-06-25,Pre-GenAI
Stack Overflow,315,Strings operation issue while switching from python 2.x to python 3,2015-08-18,Pre-GenAI
Stack Overflow,316,KIVY (Python) thread fails to download a file by calling an Objective C method in iOS,2014-02-25,Pre-GenAI
Stack Overflow,317,How to free memory allocated by external C libraries interfacing with Cython module where the memory,2019-05-14,Pre-GenAI
Stack Overflow,318,How to know what library could not be found when Python fails to import a C module?,2022-07-30,Pre-GenAI
Stack Overflow,319,Accessing C array in golang,2018-11-10,Pre-GenAI
Stack Overflow,320,C module import in Python (Using Cython),2021-08-24,Pre-GenAI
Stack Overflow,321,C extensions - how to redirect printf to a python logger?,2020-07-27,Pre-GenAI
Stack Overflow,323,Finding the simplest way to wrap a double-&gt;double C function to Python,2015-04-27,Pre-GenAI
Stack Overflow,324,Installing pure C library for Python Package,2020-06-15,Pre-GenAI
Stack Overflow,326,Error in running Python script that import Numpy in C program,2021-07-23,Pre-GenAI
Stack Overflow,327,Call c function from python wouldn&#39;t work,2014-02-14,Pre-GenAI
Stack Overflow,328,"python-send-buffer (Emacs 24, Windows7)",2011-10-27,Pre-GenAI
Stack Overflow,329,Measuring coverage of C library called in python process,2011-05-01,Pre-GenAI
Stack Overflow,330,OpenCv with Python 3.8,2020-01-12,Pre-GenAI
Stack Overflow,331,Python Super Resolution Keras issue,2017-05-28,Pre-GenAI
Stack Overflow,332,Loading Python Module in C++ from relative path,2016-11-22,Pre-GenAI
Stack Overflow,333,How can I prevent a specific shared library from loading?,2018-07-18,Pre-GenAI
Stack Overflow,334,vscode &quot;no refactorings available&quot; for python,2020-02-07,Pre-GenAI
Stack Overflow,335,"Python 3 installation, additional to existing Python 2 on Windows: Fatal Python error: Py_Initialize",2017-08-17,Pre-GenAI
Stack Overflow,336,Can i create my Django project in C drive?,2020-10-03,Pre-GenAI
Stack Overflow,337,Ctypes: Error in Returning struct pointer and accessing its elements,2020-06-30,Pre-GenAI
Stack Overflow,338,buffer allocation through callback (python ctypes),2015-03-14,Pre-GenAI
Stack Overflow,339,Python 3.63 Windows 10 compile C code,2017-11-01,Pre-GenAI
Stack Overflow,340,Nokia 5110 LCD initialization issue,2015-11-14,Pre-GenAI
Stack Overflow,341,32 bit long vs 64 bit long,2013-01-26,Pre-GenAI
Stack Overflow,342,Python Ctypes struct with bitfields has a different memory layout than the struct in C,2020-10-03,Pre-GenAI
Stack Overflow,345,Pip not recognized as internal or external command (even after adding PATH variables),2018-11-09,Pre-GenAI
Stack Overflow,346,Python for loop issues,2013-03-16,Pre-GenAI
Stack Overflow,348,Running Python in CMD not working,2012-11-20,Pre-GenAI
Stack Overflow,350,python_x64 + C library compiled with mingw_x64 on Windows7 Py_InitModule4,2013-09-10,Pre-GenAI
Stack Overflow,351,python having issue to load dll,2021-08-05,Pre-GenAI
Stack Overflow,352,"ImportError: sys.meta_path is None, Python is likely shutting down",2017-01-05,Pre-GenAI
Stack Overflow,353,Python 3.8 DLL Issue - ImportError: DLL load failed while importing _libprojectApiPy38_64: The speci,2021-03-11,Pre-GenAI
Stack Overflow,354,Pyserial issue: Not able to load,2014-03-29,Pre-GenAI
Stack Overflow,355,writing string as element attribute of xml file using embedded python in C,2017-04-27,Pre-GenAI
Stack Overflow,356,Replace an existing function pointer in a shared library with a python callback without a helper C f,2020-07-17,Pre-GenAI
Stack Overflow,357,Equivalent of subprocess.call() in C,2022-10-20,Pre-GenAI
Stack Overflow,359,Flask Python - basic program does not work,2020-04-24,Pre-GenAI
Stack Overflow,361,"Call Python from R, to use Arcmap requires Python 26",2012-06-29,Pre-GenAI
Stack Overflow,362,Node.js issue :: Angular is not defined :: cannot fined bower packages :: nodegyp vs Python,2015-12-21,Pre-GenAI
Stack Overflow,363,Django first migration issue,2019-01-13,Pre-GenAI
Stack Overflow,364,Ctypes Issue - Impossible to work with 64-bits DLL versus 32-bits DLL - OSError: exception: access v,2021-01-20,Pre-GenAI
Stack Overflow,365,Can&#39;t run .py in a different python version,2021-12-31,Pre-GenAI
Stack Overflow,366,Module installed according to pip freeze but unable to import in virtual environment,2020-05-17,Pre-GenAI
Stack Overflow,367,Uninstalling some python packages deletes c:\Pythonxy link,2017-05-29,Pre-GenAI
Stack Overflow,368,Python program is not executing from php,2017-05-01,Pre-GenAI
Stack Overflow,369,py4j.protocol.Py4JError: org.apache.spark.api.python.PythonUtils.getEncryptionEnabled does not exist,2018-11-09,Pre-GenAI
Stack Overflow,370,Python OpenSSL : Importerror : cannot import name integer_types,2015-02-23,Pre-GenAI
Stack Overflow,371,"backtracking Suduko solving, working in C, error in Python",2016-01-15,Pre-GenAI
Stack Overflow,372,Conway&#39;s Game of Life problem from python to C,2022-05-02,Pre-GenAI
Stack Overflow,373,Proper way to call a different method from the same C-extension module?,2020-04-08,Pre-GenAI
Stack Overflow,374,C basic increasing/decreasing issue in for loop,2019-03-05,Pre-GenAI
Stack Overflow,376,Docker with Python3 and C extension using popen() causes segmentation fault,2020-03-14,Pre-GenAI
Stack Overflow,377,Python slow read performance issue,2014-10-03,Pre-GenAI
Stack Overflow,378,Issue in Python - AcloudguruDL,2021-11-04,Pre-GenAI
Stack Overflow,379,PySide Installation error with Command &quot;python setup.py egg_info&quot; failed with error code 1,2017-10-13,Pre-GenAI
Stack Overflow,381,Python ctype help: working with C unsigned char pointers,2012-03-02,Pre-GenAI
Stack Overflow,382,Visual-Studio-Python-: Debugger speedups using cython not found,2018-06-11,Pre-GenAI
Stack Overflow,383,Using pip with venv,2022-02-26,Pre-GenAI
Stack Overflow,384,Running gcov on shared library from python script,2012-11-28,Pre-GenAI
Stack Overflow,385,Disappearing pip as part of Python 3.8 installation,2020-04-19,Pre-GenAI
Stack Overflow,386,Python function evaluation issue,2017-04-06,Pre-GenAI
Stack Overflow,388,Error when importing python igraph in OSX 10.10.5 by anaconda (libxml2.2.dylib),2015-10-01,Pre-GenAI
Stack Overflow,389,issue in installing dbus-python package on rocky linux 8.5 with python3.7.11,2022-06-24,Pre-GenAI
Stack Overflow,392,Can&#39;t pass arguments to Python function while embedding Python in C++,2021-02-25,Pre-GenAI
Stack Overflow,393,Python: TypeError while using os.environ.get,2017-07-06,Pre-GenAI
Stack Overflow,394,Python Importing cx_Oracle ImportError: DLL load failed. It could not be found,2017-06-15,Pre-GenAI
Stack Overflow,395,Running python code through Cython with command line arguments,2017-07-06,Pre-GenAI
Stack Overflow,396,ModuleNotFound exception with zipapp and compiled C code,2022-07-19,Pre-GenAI
Stack Overflow,397,"What technologies are good for sending encapsulated data, and later converting it, between Python an",2009-11-06,Pre-GenAI
Stack Overflow,398,Custom C module includes,2017-10-18,Pre-GenAI
Stack Overflow,399,"Python for Maya - Invalid arguments for flag &#39;c&#39;. Expected string or function, got NoneType",2021-09-09,Pre-GenAI
Stack Overflow,400,Python sendall() vs C write(),2012-06-26,Pre-GenAI
Stack Overflow,401,Unhashable type in python,2022-04-28,Pre-GenAI
Stack Overflow,402,Is it safe to implement delegation in python using inheritance like in swift or objective-c?,2016-05-24,Pre-GenAI
Stack Overflow,404,Successive Over-relaxation Method and Python int too large to convert to C long,2021-12-05,Pre-GenAI
Stack Overflow,405,Can&#39;t embed a Python script that imports tensorflow in a C program that is linked against libten,2020-10-26,Pre-GenAI
Stack Overflow,406,Adding Python 2.7 &amp; 3.x Interpreters to PyCharm,2018-03-02,Pre-GenAI
Stack Overflow,407,Error importing c module compiled with Cython into python module on Mac,2019-08-22,Pre-GenAI
Stack Overflow,408,Issues with Python ctypes &#39;_as_parameter_&#39; and &#39;from_param&#39; on OS X,2014-11-21,Pre-GenAI
Stack Overflow,409,Python: Issue with character encoding,2016-02-24,Pre-GenAI
Stack Overflow,410,RSA encoding in PyCrypto vs C -- RSA_PKCS1_PADDING,2018-12-25,Pre-GenAI
Stack Overflow,411,C Python Module -- ImportError: Symbol not found: _Py_InitModule4_64,2018-10-24,Pre-GenAI
Stack Overflow,412,Fitting 3D ellipsoid to a set of 3D data points,2015-03-24,Pre-GenAI
Stack Overflow,413,c# and python no longer able to find files,2021-01-22,Pre-GenAI
Stack Overflow,414,issues with cx_freeze and python 3.2.2?,2012-01-31,Pre-GenAI
Stack Overflow,415,How to install python-levenshtein on Windows?,2012-11-02,Pre-GenAI
Stack Overflow,416,URL Safe Base64 in Objective-C,2012-06-19,Pre-GenAI
Stack Overflow,417,Python UDF with multiple arguments,2019-01-19,Pre-GenAI
Stack Overflow,419,how to read from microphone in python,2018-08-28,Pre-GenAI
Stack Overflow,420,Why I cannot using TensorArray.gather() in @tf.function?,2021-02-18,Pre-GenAI
Stack Overflow,421,Enumerator as ctypes argument in Python,2021-07-12,Pre-GenAI
Stack Overflow,424,why powershell terminal in vscode show path,2021-07-10,Pre-GenAI
Stack Overflow,425,How to make Python object behave like a numpy array?,2016-11-03,Pre-GenAI
Stack Overflow,426,"Access Denied when I tried setting my own VENV in python, what do I do?",2020-10-20,Pre-GenAI
Stack Overflow,427,Python Selenium Right Click,2018-07-31,Pre-GenAI
Stack Overflow,428,Storing unsafe C derivative of temporary Python reference,2018-12-01,Pre-GenAI
Stack Overflow,429,Cannot see terminal input after quitting python interpreter,2016-02-23,Pre-GenAI
Stack Overflow,430,Error while using python file generated from SWIG (generated from C++),2020-02-13,Pre-GenAI
Stack Overflow,431,Unpack C struct with Python transferred via I2C,2018-04-14,Pre-GenAI
Stack Overflow,432,How to wrap a C inner loop in Cython,2020-02-13,Pre-GenAI
Stack Overflow,433,"Autocomplete-Python not working, ATOM, Error from jed, grammer 3.9.txt not found",2020-10-14,Pre-GenAI
Stack Overflow,434,Error when converting C code to Web Assembly,2017-06-30,Pre-GenAI
Stack Overflow,435,Error while installing snowflake-connector-python,2020-11-04,Pre-GenAI
Stack Overflow,436,Multiple calls to import a python module from C results in a s SEGFAULT,2019-04-29,Pre-GenAI
Stack Overflow,437,Memory Leaks in Python with C API,2015-09-25,Pre-GenAI
Stack Overflow,438,Using a struct as a function argument with the python ctypes module,2012-01-05,Pre-GenAI
Stack Overflow,439,ImportError with python-pptx,2019-03-17,Pre-GenAI
Stack Overflow,440,Passing parameters to dll using ctype.,2015-04-13,Pre-GenAI
Stack Overflow,441,Reverting Anaconda compiler back to GCC 7.3.0,2021-09-13,Pre-GenAI
Stack Overflow,444,Python - Pyinstaller: Invalid Syntax Error,2020-08-10,Pre-GenAI
Stack Overflow,445,Python multithreading call to C not getting around global interpreter lock (GIL),2017-04-26,Pre-GenAI
Stack Overflow,446,Pip &quot;install&quot; Installs in Jython instead of python,2016-06-23,Pre-GenAI
Stack Overflow,447,1st Python file creation in Notepad on Windows getting error,2022-09-28,Pre-GenAI
Stack Overflow,448,Python os.path.exists issue with variables,2014-01-08,Pre-GenAI
Stack Overflow,449,Is there a way to enable the inconsistent whitespace check (-t) in Python by default,2013-01-22,Pre-GenAI
Stack Overflow,450,Can I relink enthought python to new version of openssl on Mac OS X?,2013-03-15,Pre-GenAI
Stack Overflow,451,How to move files from C Drive to a Network Drive in Python?,2018-10-10,Pre-GenAI
Stack Overflow,452,python-shell not working in emacs,2012-11-06,Pre-GenAI
Stack Overflow,453,Executing command line program (Abaqus-python script) from python script,2020-07-11,Pre-GenAI
Stack Overflow,454,"Issues installing pyzmail or imapclient on python 3.5, pip throws a value and syntax error",2016-10-04,Pre-GenAI
Stack Overflow,455,can&#39;t pip install mysql-python,2013-09-02,Pre-GenAI
Stack Overflow,456,How to include file path which is a Python string in Outlook email body?,2017-10-10,Pre-GenAI
Stack Overflow,457,Python path and virtualenv problems on windows,2012-02-01,Pre-GenAI
Stack Overflow,458,Segmentation Fault - declare and init array in C,2013-10-26,Pre-GenAI
Stack Overflow,459,Python 3.10 silent install for all users is NOT shown in Add remove program for all users,2022-08-30,Pre-GenAI
Stack Overflow,460,Making sure a Python script with subprocesses dies on SIGINT,2012-11-27,Pre-GenAI
Stack Overflow,461,Convert a python file into an executable with cx_Freeze then get error AttributeError: &#39;list&#39,2021-06-19,Pre-GenAI
Stack Overflow,462,Geany-Python path execution failure,2017-06-21,Pre-GenAI
Stack Overflow,463,Issue with executing a python script,2018-08-27,Pre-GenAI
Stack Overflow,464,Python 2/3 difference in ctypes.cast while trying to copy an array created in C into numpy,2014-08-04,Pre-GenAI
Stack Overflow,465,How to fix &quot;Error: spawn c:\Python\27\python.exe ENOENT&quot;,2019-06-12,Pre-GenAI
Stack Overflow,466,Adding Big Ints from Array in C Results in No Output,2015-11-19,Pre-GenAI
Stack Overflow,467,Python Hivex Issue - Device or resource is busy,2014-02-19,Pre-GenAI
Stack Overflow,468,How to call 2 linked shared library in python,2022-04-21,Pre-GenAI
Stack Overflow,469,Issue while runing a python script which has dependency of other files from a terminal?,2018-05-23,Pre-GenAI
Stack Overflow,470,exiting a running command in python,2012-04-29,Pre-GenAI
Stack Overflow,471,embedding python into c++ library,2015-05-24,Pre-GenAI
Stack Overflow,472,"Replace line in C file, python",2016-06-01,Pre-GenAI
Stack Overflow,473,Python Script does not take sys.argv in Windows,2015-04-09,Pre-GenAI
Stack Overflow,474,Python string index and character comparing,2015-01-19,Pre-GenAI
Stack Overflow,476,Similar cython issue installing python packages on centos6.6,2016-08-04,Pre-GenAI
Stack Overflow,477,Unable to npm install secp256k1,2016-07-12,Pre-GenAI
Stack Overflow,478,zip unpacking with lampda in spark python 3.5,2018-10-21,Pre-GenAI
Stack Overflow,479,Encrypt data using Objective-C and Decrypt in Python,2015-09-08,Pre-GenAI
Stack Overflow,480,Sending JPEG NSData over TCP to Python server,2014-08-31,Pre-GenAI
Stack Overflow,481,pip command is not working after upgrade from 19.2.3 to 20.0,2020-01-21,Pre-GenAI
Stack Overflow,482,How do I properly deal with Message Boundary Issue in Python TCP Socket Client/Server?,2021-12-27,Pre-GenAI
Stack Overflow,483,Python 3.x ctype c_wchar_p and c_char_p return status different from ctypes doc,2016-11-13,Pre-GenAI
Stack Overflow,484,Installing Django when Python is already installed through Anaconda?,2017-11-13,Pre-GenAI
Stack Overflow,485,Unable to create v. environment for Python 2.17. Runtime error: failed to query python.exe,2020-04-11,Pre-GenAI
Stack Overflow,486,creating a dependency tree of C functions in Python,2018-11-04,Pre-GenAI
Stack Overflow,487,Cannot upload a file using autoit in selenium python IE 11,2020-06-03,Pre-GenAI
Stack Overflow,488,How to implement pointer of typedef&#39;d variable into SWIG? argument 2 of type &#39;BYTE const *&#,2011-06-20,Pre-GenAI
Stack Overflow,489,raw_input() and sys.stdin misbehaves on CTRL-C,2014-07-14,Pre-GenAI
Stack Overflow,490,Why doesn&#39;t python use its own argparse library for its associated --hhelp?,2020-09-04,Pre-GenAI
Stack Overflow,491,Include python extension module written in C - Error importing MAXREPEAT,2016-05-29,Pre-GenAI
Stack Overflow,492,SIGSEGV in C extension for Python,2017-06-28,Pre-GenAI
Stack Overflow,493,C++ with Python embedding: crash if Python not installed,2009-09-07,Pre-GenAI
Stack Overflow,494,Undefined symbol with Python extention using OpenCV C API,2014-11-30,Pre-GenAI
Stack Overflow,495,Python-magic installation error - ImportError: failed to find libmagic,2013-08-19,Pre-GenAI
Stack Overflow,497,Why does this code get interpreted by python 2 instead of python 3?,2016-10-14,Pre-GenAI
Stack Overflow,498,Running a python program from a terminal issue,2017-12-25,Pre-GenAI
Stack Overflow,499,Python 2.7.9 PyBrain issue with SciPy,2015-03-03,Pre-GenAI
Stack Overflow,500,foreign libraries in a shared library,2012-11-07,Pre-GenAI
Stack Overflow,501,Acces foreign library from cabal2nix in andother derivation,2021-01-14,Pre-GenAI
Stack Overflow,502,Why load-foreign-library does not work in ECL?,2019-05-30,Pre-GenAI
Stack Overflow,503,how to use foreign key in Room persistence library,2017-11-27,Pre-GenAI
Stack Overflow,504,Cabal can&#39;t find foreign library when building on NixOS,2015-12-24,Pre-GenAI
Stack Overflow,505,How to get the absolute paths of foreign libraries from cffi:list-foreign-libraries?,2019-02-23,Pre-GenAI
Stack Overflow,506,C++ project structure with foreign libraries,2015-11-27,Pre-GenAI
Stack Overflow,507,Creating a Foreign Library in Haskell,2017-01-08,Pre-GenAI
Stack Overflow,508,Guile foreign-library-function fails,2021-07-28,Pre-GenAI
Stack Overflow,509,Finding foreign library with cabal using nix-shell,2019-04-07,Pre-GenAI
Stack Overflow,510,Haskell how to resolve cabal error: Missing dependencies on foreign libraries?,2015-08-31,Pre-GenAI
Stack Overflow,511,foreign library can&#39;t be loaded,2020-11-19,Pre-GenAI
Stack Overflow,512,cryptopp foreign library dependency,2014-03-12,Pre-GenAI
Stack Overflow,513,How can I make sure ASDF loads a dynamic foreign library every time my system is loaded?,2016-10-06,Pre-GenAI
Stack Overflow,514,Cabal can&#39;t find foreign libraries,2015-11-16,Pre-GenAI
Stack Overflow,518,python ctypes foreign library initialization and uninitialization,2014-10-04,Pre-GenAI
Stack Overflow,519,using a foreign library in sbcl - uffi or cffi?,2012-07-13,Pre-GenAI
Stack Overflow,520,Encryption of foreign characters with javascript library does not work,2012-02-24,Pre-GenAI
Stack Overflow,521,Adding a directory globally to cffi:*foreign-library-directories*,2019-11-15,Pre-GenAI
Stack Overflow,522,Installing GLUT fails due to missing foreign library - ghc7.8,2014-04-25,Pre-GenAI
Stack Overflow,523,Visual Studio Code autocompletion doesn&#39;t seem to work for JavaScript on foreign libraries e.g. ,2019-04-23,Pre-GenAI
Stack Overflow,524,Library database design foreign key,2012-10-15,Pre-GenAI
Stack Overflow,526,.NET Core in Linux and DLLImport from foreign library,2018-09-27,Pre-GenAI
Stack Overflow,527,Android Room Persistence Library: Upsert,2017-08-14,Pre-GenAI
Stack Overflow,528,How can I dynamically load a foreign library?,2014-03-15,Pre-GenAI
Stack Overflow,529,Django foreign key issue with django-import-export library (IntegrityError at /import/ FOREIGN KEY c,2021-07-01,Pre-GenAI
Stack Overflow,530,Including foreign shared library when running a binary with qemu,2016-07-27,Pre-GenAI
Stack Overflow,532,How to use &quot;foreign&quot; JavaScript dependencies in Clojurescript?,2015-12-18,Pre-GenAI
Stack Overflow,533,ORM library for automatically mapping foreign keys in Python or Ruby,2009-12-13,Pre-GenAI
Stack Overflow,534,CFFI Not Loading Dependent Libraries?,2014-03-06,Pre-GenAI
Stack Overflow,535,How to make a music library using phpMyAdmin and Foreign Keys?,2012-05-15,Pre-GenAI
Stack Overflow,536,Using PyRserve to call library(foreign) in Python,2016-09-18,Pre-GenAI
Stack Overflow,537,"issue with accessing c++ library using fastcall. (javascript, nodejs, foreign function interface)",2017-12-07,Pre-GenAI
Stack Overflow,538,"(`library`.`book_loans`, CONSTRAINT `book_loans_ibfk_3` FOREIGN KEY (`isbn`) REFERENCES `book` (`isb",2019-02-24,Pre-GenAI
Stack Overflow,540,"How to solve &quot;unexpected keyword argument&quot; with python-attrs construct, so that mypy is ha",2021-10-16,Pre-GenAI
Stack Overflow,541,Link a foreign C library with Haskell,2020-09-17,Pre-GenAI
Stack Overflow,542,Cabal missing dependencies on foreign libraries when install glib under Windows,2011-06-25,Pre-GenAI
Stack Overflow,543,How do I make the fixtures library ignore foreign keys in SQLalchemy,2015-02-05,Pre-GenAI
Stack Overflow,544,Cabal: missing dependency on foreign C library,2017-08-22,Pre-GenAI
Stack Overflow,545,a binary read error occurred when using read.dta13 on a .dta file,2020-06-03,Pre-GenAI
Stack Overflow,546,How to interface between a foreign language and a C++ library which returns shared pointers,2019-06-05,Pre-GenAI
Stack Overflow,547,"In terms of Security, should I add foreign key to AspNetUser, and use in class Library",2015-08-14,Pre-GenAI
Stack Overflow,548,&quot;unexpected end of file&quot; when call a foreign Library via a socket connection in Python,2015-02-24,Pre-GenAI
Stack Overflow,549,GHC can&#39;t find foreign library (libjack.lib) that works with mingw gcc (but not mingw-w64),2020-05-21,Pre-GenAI
Stack Overflow,550,"On OS X, with SLIME, inferior lisp stopped when loading foreign libraries",2013-06-30,Pre-GenAI
Stack Overflow,551,Two Foreign Keys on one column,2015-07-27,Pre-GenAI
Stack Overflow,552,Destructor called form inappropriate library,2012-11-16,Pre-GenAI
Stack Overflow,553,Uploading a CSV file with foreign key into Django,2019-03-04,Pre-GenAI
Stack Overflow,554,SFTP::Foreign (Perl Library) login issue using RAS key,2017-10-05,Pre-GenAI
Stack Overflow,556,Error importing SPSS data into R,2013-06-16,Pre-GenAI
Stack Overflow,557,convert list to dot-separated string,2019-06-11,Pre-GenAI
Stack Overflow,558,Returning a string from a C library to OCaml using CTypes and Foreign,2014-03-26,Pre-GenAI
Stack Overflow,559,Typescript declaration for exported class instance,2018-06-21,Pre-GenAI
Stack Overflow,560,Sqlite Foreign Keys,2011-12-06,Pre-GenAI
Stack Overflow,561,Should Foreign Keys have corresponding getters and setters in Room Persistence Library?,2018-08-18,Pre-GenAI
Stack Overflow,562,How to define foreign key in GORM library model referencing to another table id?,2019-11-09,Pre-GenAI
Stack Overflow,563,can&#39;t find sqlite3 and libsqlite3 on windows,2017-11-11,Pre-GenAI
Stack Overflow,564,How to install lisp sdl in windows 10(Unable to load foreign library (LIBSDL2). Error opening shared,2016-05-31,Pre-GenAI
Stack Overflow,565,chez scheme - load-shared-object based on platform,2016-10-11,Pre-GenAI
Stack Overflow,566,TCLK error when I run &#39;validate&#39; from the rms package,2014-02-19,Pre-GenAI
Stack Overflow,567,Passing a string to a C library from OCaml using Ctypes and Foreign,2013-12-31,Pre-GenAI
Stack Overflow,568,Autoconf: linker error linking against custom library,2012-02-24,Pre-GenAI
Stack Overflow,569,SWI-Prolog: how to load rdf triples using semweb/rdf_db library?,2010-05-18,Pre-GenAI
Stack Overflow,570,How to merge multpile c files into a shared library for foreign function interface,2016-08-03,Pre-GenAI
Stack Overflow,571,Extending or Overriding a foreign BaseClass to add functionality that is then also present in foreig,2013-09-20,Pre-GenAI
Stack Overflow,572,Django foreign key vs complex query,2016-11-21,Pre-GenAI
Stack Overflow,573,null value in foreign key,2012-06-04,Pre-GenAI
Stack Overflow,574,Foreign keys in FMDatabaseQueue,2014-04-24,Pre-GenAI
Stack Overflow,575,Django import-export foreign key,2021-09-23,Pre-GenAI
Stack Overflow,576,Opening many large SAS files in R,2014-12-01,Pre-GenAI
Stack Overflow,577,Code First nullable Foreign Key not recognized,2018-01-16,Pre-GenAI
Stack Overflow,578,Python patch item assignment,2016-05-12,Pre-GenAI
Stack Overflow,579,I want to use codeigniter foreign character library in my custom PHP project how i can use it?,2016-01-26,Pre-GenAI
Stack Overflow,580,libGDX project can&#39;t load library liblwjgl.dylib,2014-01-09,Pre-GenAI
Stack Overflow,582,Android Room compile-time warning about column in foreign key not part of an index. What does it mea,2017-06-11,Pre-GenAI
Stack Overflow,583,Can anyone help me write a R data frame as a SAS data set?,2011-03-29,Pre-GenAI
Stack Overflow,584,&quot;Unable to load any of the alternatives&quot; when using Quicklisp to install CL+SSL even after,2016-10-19,Pre-GenAI
Stack Overflow,585,How to display data in recyclerview depending on foreign key using Room library,2021-03-01,Pre-GenAI
Stack Overflow,586,sqlite-net and Foreign keys,2012-06-19,Pre-GenAI
Stack Overflow,587,Best Subset regression on test sample (after k-fold),2017-01-18,Pre-GenAI
Stack Overflow,588,cabal install wx Missing C library,2012-03-18,Pre-GenAI
Stack Overflow,589,Can&#39;t we use foreign libraries while doing questions on codechef and other famous coding website,2019-01-17,Pre-GenAI
Stack Overflow,590,How to know that the library is compiled with no particular entries defined?,2014-04-24,Pre-GenAI
Stack Overflow,592,Set VHDL foreign attribute based on generic,2016-03-11,Pre-GenAI
Stack Overflow,593,How to create a foreign key in swift sqlite3?,2022-11-28,Pre-GenAI
Stack Overflow,594,Adding the same foreign key to 96 columns of a table,2012-05-23,Pre-GenAI
Stack Overflow,595,How to create a table with a two or more foreign keys using Android Room?,2017-08-31,Pre-GenAI
Stack Overflow,596,Modify Foreign Key Relationships in TSQL,2014-04-30,Pre-GenAI
Stack Overflow,597,Rails plugin to find missing foreign keys,2011-06-22,Pre-GenAI
Stack Overflow,598,Can gorm.DB automatically resolve foreign keys?,2018-01-17,Pre-GenAI
Stack Overflow,599,Foreign Key Error - ERROR 1005 (HY000) ... Can&#39;t create table ... `stored_on` (errno: 150),2020-04-24,Pre-GenAI
Stack Overflow,600,Compiled program cannot find a library,2014-09-05,Pre-GenAI
Stack Overflow,601,Win32 MessageBox with SBCL foreign interface,2022-08-15,Pre-GenAI
Stack Overflow,602,foreign key in testing django with factory boy doesn&#39;t work,2017-09-27,Pre-GenAI
Stack Overflow,603,Foreign key for different entities,2015-02-02,Pre-GenAI
Stack Overflow,604,Is there a way of speeding up the .fit() method in the python&#39;s library SDV?,2022-10-07,Pre-GenAI
Stack Overflow,605,Sql queries using foreign key relationship,2018-04-29,Pre-GenAI
Stack Overflow,606,Python Dir(**smtn**) in C#,2022-04-15,Pre-GenAI
Stack Overflow,607,"Rust and loader paths (@rpath, @loader_path) on OS X",2016-05-04,Pre-GenAI
Stack Overflow,608,Acceptable foreign key use,2016-04-28,Pre-GenAI
Stack Overflow,609,PHP: how do I convert foreign characters from simple_html_dom to UTF8?,2011-07-31,Pre-GenAI
Stack Overflow,610,Create foreign key from auth_group_permissions table in django,2021-08-10,Pre-GenAI
Stack Overflow,611,SqlAlchemy update table through foreign key,2022-04-21,Pre-GenAI
Stack Overflow,612,list exported functions from dll with ctypes,2010-05-23,Pre-GenAI
Stack Overflow,613,MySQL Insert Statement foreign key auto add pk,2015-03-16,Pre-GenAI
Stack Overflow,614,C++ construct a series of interdependant classes with no default constructor?,2012-12-03,Pre-GenAI
Stack Overflow,615,Django import-export library ForeignKey error (IntegrityError: FOREIGN KEY constraint failed in djan,2022-06-21,Pre-GenAI
Stack Overflow,617,Can&#39;t get C2HS with &quot;foreign&quot; Pointers to work,2012-08-22,Pre-GenAI
Stack Overflow,618,SequelizeJS migration: Adding multiple foreign keys to the same model?,2017-01-22,Pre-GenAI
Stack Overflow,619,"Linq to SQL, insert row with foreign keys",2012-05-21,Pre-GenAI
Stack Overflow,620,foreign key prevents deletion of data in mysql,2015-05-07,Pre-GenAI
Stack Overflow,621,how to let matplotlib show foreign language without font_manager,2020-03-06,Pre-GenAI
Stack Overflow,622,Knowing specifically which FOREIGN KEY constraint failed in SQLite,2016-03-30,Pre-GenAI
Stack Overflow,623,Haskell: Missing C library on Arch Linux works on Ubuntu,2015-12-14,Pre-GenAI
Stack Overflow,624,Debug object names from GHC,2012-12-30,Pre-GenAI
Stack Overflow,625,sqlite select query with foreign key for another table,2015-11-23,Pre-GenAI
Stack Overflow,626,handle snippet code wrtten in C for large numbers,2018-03-28,Pre-GenAI
Stack Overflow,627,"Is the The Python Library Reference, Release 3.6.5, paragraph 16.16 ctypes — A foreign function libr",2018-05-25,Pre-GenAI
Stack Overflow,628,EntityFramework.Extended Audit - foreign key property IsRelationship always false,2016-05-31,Pre-GenAI
Stack Overflow,629,Hibernate join without foreign key and map only a table,2014-06-01,Pre-GenAI
Stack Overflow,630,Common Lisp: standalone executable and shared C library,2016-10-05,Pre-GenAI
Stack Overflow,631,Django insert model foreign key,2016-02-14,Pre-GenAI
Stack Overflow,632,recommended naming convention for cffi/foreign types,2013-06-20,Pre-GenAI
Stack Overflow,633,"Ecto - Foreign key constraint on table A for table B or C, but not both B &amp; C",2020-10-30,Pre-GenAI
Stack Overflow,634,Importing an exported Mac-generated R dataset into SAS on Windows XP?,2012-07-16,Pre-GenAI
Stack Overflow,635,Sync Framework 2.1 Foreign key constraints,2013-08-15,Pre-GenAI
Stack Overflow,636,Cannot add a Primary Key to AS400 table because of foreign key that doesn&#39;t exist,2012-04-05,Pre-GenAI
Stack Overflow,637,Best way to package a Python library that includes a C shared library?,2014-06-05,Pre-GenAI
Stack Overflow,638,Control foreign objects created by other canvas libraries,2013-03-18,Pre-GenAI
Stack Overflow,639,Libraries &quot;rt&quot; and &quot;dl&quot; in Cygwin,2009-09-23,Pre-GenAI
Stack Overflow,640,Room Persistence Library transactions,2017-10-25,Pre-GenAI
Stack Overflow,641,Laravel hasMany and belongsTo parameters,2017-10-20,Pre-GenAI
Stack Overflow,642,get primary key to put as foreign key in other table,2012-07-11,Pre-GenAI
Stack Overflow,643,Django foreign key constraint with Model that lives in different database,2018-10-03,Pre-GenAI
Stack Overflow,644,Foreign Key dependency on another Foreign Key as it&#39;s parent key,2016-02-13,Pre-GenAI
Stack Overflow,645,How to use IResultSetMapper in Enterprise Library?,2014-09-10,Pre-GenAI
Stack Overflow,646,Entity Framework 6 could not create a foreign key,2014-11-18,Pre-GenAI
Stack Overflow,647,"Error in Installing linear algebra library (lla) for Common Lisp (CLISP) - Emacs SLIME, Quicklisp",2021-01-07,Pre-GenAI
Stack Overflow,648,Is there a way to get data from tables which contain same foreign key?,2019-11-12,Pre-GenAI
Stack Overflow,649,Map include path to different directory,2013-06-12,Pre-GenAI
Stack Overflow,650,R export to SAS using foreign: why do boolean fields cause &quot;Invalid data for ...&quot; error?,2011-09-16,Pre-GenAI
Stack Overflow,651,"Stacktrace of self created Minidump-File can&#39;t be used correctly, when the Exception occurred in",2018-05-16,Pre-GenAI
Stack Overflow,652,Join on file_fdw foreign table and postgres_fdw foreign table,2017-04-06,Pre-GenAI
Stack Overflow,653,How to fix &quot;java.sql.SQLException: Cannot add foreign key constraint.&quot; when creating table,2019-04-06,Pre-GenAI
Stack Overflow,654,How do i write a comparable cffi:translate-into foreign defmethod for this cffi:translate-from-forei,2013-10-02,Pre-GenAI
Stack Overflow,655,Create a model with a foreign key to a table not created by SQLAlchemy,2020-11-28,Pre-GenAI
Stack Overflow,656,Haskell FFI for pdflib,2011-04-06,Pre-GenAI
Stack Overflow,657,"Adding 3 foreign key in mysql, reported &#39;missing closing parentasis&#39;",2018-03-09,Pre-GenAI
Stack Overflow,658,Java graphic 2D library to draw ER diagrams?,2010-11-13,Pre-GenAI
Stack Overflow,659,IntegrityError at /likes/9/ FOREIGN KEY constraint failed,2018-11-06,Pre-GenAI
Stack Overflow,660,Java visitor pattern instead of instanceof switch,2011-12-20,Pre-GenAI
Stack Overflow,661,"Insert item into list, sort it and retrieve index of item after insert",2013-11-15,Pre-GenAI
Stack Overflow,662,Python modulenotfound error - Is there a &quot;pip&quot; alternative way to install python modules,2020-10-08,Pre-GenAI
Stack Overflow,663,Using foreign key as RowGuidCol,2017-05-11,Pre-GenAI
Stack Overflow,664,How to enforce foreign keys using Xerial SQLite JDBC?,2010-05-21,Pre-GenAI
Stack Overflow,665,Get column from another entity using foreign keys in Room,2019-03-23,Pre-GenAI
Stack Overflow,666,Why is there a foreign key mismatch error in this code?,2016-07-14,Pre-GenAI
Stack Overflow,667,Ramda clone and constructors,2017-07-23,Pre-GenAI
Stack Overflow,668,Input method library in Javascript,2013-07-20,Pre-GenAI
Stack Overflow,670,Foreign default vs. local default,2012-03-03,Pre-GenAI
Stack Overflow,671,C++ 11 thread_local and &quot;foreign&quot; threads,2018-06-30,Pre-GenAI
Stack Overflow,672,How to check which features a particular build of SQLite supports?,2012-02-10,Pre-GenAI
Stack Overflow,673,Is it possible to wrap a GNU Scientific Library function in emacs-lisp?,2014-11-30,Pre-GenAI
Stack Overflow,674,Displaying foreign model fields in django admin as editable,2017-08-03,Pre-GenAI
Stack Overflow,675,Django migration doesn&#39;t contain composite foreign key relationship and composite primarykey wit,2019-03-20,Pre-GenAI
Stack Overflow,676,"With TypeORM, `SQLITE_CONSTRAINT: FOREIGN KEY constraint failed` when adding a column to an entity",2020-03-08,Pre-GenAI
Stack Overflow,677,Use multiple foreign keys,2017-03-28,Pre-GenAI
Stack Overflow,678,Postgresql foreign data wrapper raises error when retrieving any foreign table data from SQL Server,2019-04-06,Pre-GenAI
Stack Overflow,679,Understand foreign function interface (FFI) and language binding,2011-03-26,Pre-GenAI
Stack Overflow,680,Does an ASP.NET SQL Library Exist for Managing Tables?,2008-12-09,Pre-GenAI
Stack Overflow,681,Using webpack compiled library as external in CLJS,2017-07-03,Pre-GenAI
Stack Overflow,682,Create a new model row with fields that are foreign keys,2022-02-02,Pre-GenAI
Stack Overflow,683,gorm.io/gorm library can not work with graphQL,2020-12-21,Pre-GenAI
Stack Overflow,684,ORMLite - Foreign Object,2014-03-25,Pre-GenAI
Stack Overflow,685,How to list library dependencies of a non-native binary?,2012-04-07,Pre-GenAI
Stack Overflow,686,How to implement JOIN in Sequelize,2018-05-28,Pre-GenAI
Stack Overflow,687,Cabal install needs C library: Windows,2011-09-12,Pre-GenAI
Stack Overflow,688,Getting foreign key member &quot;null&quot; in ActiveAndroid,2016-11-28,Pre-GenAI
Stack Overflow,689,Installation of missing C libraries when installing HDBC-Sqlite3,2014-04-18,Pre-GenAI
Stack Overflow,690,Django import-export new values in foriegn key model,2015-09-03,Pre-GenAI
Stack Overflow,691,Django 2.0: sqlite IntegrityError: FOREIGN KEY constraint failed,2017-12-03,Pre-GenAI
Stack Overflow,692,Unable to Import statements while adding external library manually in Android,2016-05-08,Pre-GenAI
Stack Overflow,693,R - read.dta() not recognizing missing values,2014-03-09,Pre-GenAI
Stack Overflow,694,"foreign key constraint is incorrectly formed, but both foreign and reference key column are identica",2021-03-15,Pre-GenAI
Stack Overflow,695,FtpWebRequest and foreign characters/utf-8 characters,2009-12-23,Pre-GenAI
Stack Overflow,696,Disabling or Deferring Foreign Key Enforcement with GRDB for Database Migration,2021-03-03,Pre-GenAI
Stack Overflow,697,adding a foreign key into databases,2016-04-11,Pre-GenAI
Stack Overflow,698,Django: How to get a Object over a Object related with Foreign Keys,2019-04-17,Pre-GenAI
Stack Overflow,699,PHP: ORM framework or library that I can use with my database table structure,2010-05-17,Pre-GenAI
Stack Overflow,700,PHP: ORM framework or library that I can use with my database table structure,2010-05-17,Pre-GenAI
Stack Overflow,701,How do I create a table with foreign keys?,2020-04-28,Pre-GenAI
Stack Overflow,702,Map a navigation property to a instance var as Foreign key,2013-11-27,Pre-GenAI
Stack Overflow,703,what are the frameworks / wrapper libraries written in clojurescript,2017-07-31,Pre-GenAI
Stack Overflow,704,Fable implement foreign interface compile errors,2017-01-12,Pre-GenAI
Stack Overflow,705,What&#39;s the proper way to manage allocated memory in the foreign language?,2015-01-22,Pre-GenAI
Stack Overflow,706,"After modifying models with Flask-Permissions UserMixin, models can&#39;t find foreign key relations",2017-08-17,Pre-GenAI
Stack Overflow,707,Best free library in .NET to handle data in SQL Server?,2010-10-08,Pre-GenAI
Stack Overflow,708,Issue locating files due to foreign characters,2015-11-10,Pre-GenAI
Stack Overflow,709,Should I index a foreign key that is going to be updated often,2017-10-21,Pre-GenAI
Stack Overflow,710,Inserting elements with foreign keys to Database by bulk insert with SqlBulkTools,2019-11-22,Pre-GenAI
Stack Overflow,711,"Creating shared library in C, problems with sqlite3",2013-02-26,Pre-GenAI
Stack Overflow,712,Does hibernate dialect affect how foreign key names are created?,2022-04-22,Pre-GenAI
Stack Overflow,715,"EF code first foreign key ignored, getting &quot;Invalid column name&quot;",2015-03-30,Pre-GenAI
Stack Overflow,716,How can I include/require foreign JavaScript libraries in WordPress?,2013-02-05,Pre-GenAI
Stack Overflow,717,Foreign Key Access,2017-03-13,Pre-GenAI
Stack Overflow,718,Differences in library building with using Cabal and GHC,2014-05-08,Pre-GenAI
Stack Overflow,719,Android room persistent library - how to insert class that has a List object field,2017-06-16,Pre-GenAI
Stack Overflow,720,Why doesn&#39;t SMO scripter generate foreign key headers?,2012-11-11,Pre-GenAI
Stack Overflow,721,"create table with foreign key column, AutoNumber primary key column, and default values for dates",2015-03-09,Pre-GenAI
Stack Overflow,722,Using foreign key constraints in Clojure with clojure.java.jdbc,2017-12-30,Pre-GenAI
Stack Overflow,723,SQLAlchemy - Merge/extend existing metadata?,2015-12-22,Pre-GenAI
Stack Overflow,724,Just in time compiled Foreign function Interface: what is it that gets &quot;runtime&quot; compiled,2013-11-26,Pre-GenAI
Stack Overflow,725,"Django : FOREIGN KEY constraint failed on delete, but I don&#39;t have any Foreign Key on my model",2021-11-23,Pre-GenAI
Stack Overflow,726,SQLiteConstraintException: How to map &quot;no relationship&quot; with a FOREIGN KEY in Room,2017-06-25,Pre-GenAI
Stack Overflow,727,How do I wrap a Matlab library without polluting my path variable?,2015-06-20,Pre-GenAI
Stack Overflow,728,Django query reverse relationship without foreign key,2014-02-16,Pre-GenAI
Stack Overflow,729,Set ICollection&lt;int&gt; property as Foreign Keys to ICollection&lt;User&gt; in EntityTypeConfigur,2014-09-05,Pre-GenAI
Stack Overflow,730,Displaying the foreign key children and descendants relationship for all tables,2018-06-01,Pre-GenAI
Stack Overflow,731,Can&#39;t convert dataframe to Stata using foreign or haven,2020-07-24,Pre-GenAI
Stack Overflow,732,Haskell foreign import stdcall on DLL function,2009-06-22,Pre-GenAI
Stack Overflow,733,"Foreign key being set as &#39;null&#39; sometimes in One to Many Relationship, not always",2022-03-25,Pre-GenAI
Stack Overflow,734,How are foreign keys and Guids dealt with in LINQ to Entities?,2009-06-23,Pre-GenAI
Stack Overflow,735,Java Library in an Android library referenced by an Android Project throws NoClassDefFound,2012-02-16,Pre-GenAI
Stack Overflow,736,How should library crates be designed around Rust&#39;s Orphan Rule?,2022-07-01,Pre-GenAI
Stack Overflow,737,SQLite: A library supporting it implements it?,2010-08-24,Pre-GenAI
Stack Overflow,738,Using Identity DbContext and DbContext in a class library in ASP.NET Core,2018-07-24,Pre-GenAI
Stack Overflow,739,NAs in foreign function call trying to open a netcdf file in R,2014-03-06,Pre-GenAI
Stack Overflow,740,Library versioning on Mach-O platforms,2018-08-21,Pre-GenAI
Stack Overflow,741,Two programs links to dynamic linked library,2015-11-10,Pre-GenAI
Stack Overflow,742,Java library to partially export a database while respecting referential integrity constraints,2010-03-08,Pre-GenAI
Stack Overflow,743,"compiling package, including jars via command line",2020-07-05,Pre-GenAI
Stack Overflow,744,How can I assign a variant of POINTER(c_char) type to a string?,2013-01-07,Pre-GenAI
Stack Overflow,745,"JDK-18 foreign functions: How to work with multiple functions that have the same name, but come from",2022-08-06,Pre-GenAI
Stack Overflow,746,How to to make properties visible when the Foreign Key comes up as ICollection&lt;T&gt; type in Enti,2022-01-03,Pre-GenAI
Stack Overflow,747,Dynamic FFI in Go,2010-11-09,Pre-GenAI
Stack Overflow,748,How to include external javascript libraries in clojurescript,2017-03-14,Pre-GenAI
Stack Overflow,749,How to use ctypes&#39; errcheck?,2018-06-03,Pre-GenAI
Stack Overflow,751,MYSQL Cant not create table errno: 150 Foreign key constraint is incorrectly formed,2020-04-28,Pre-GenAI
Stack Overflow,752,Haskell cabal: Missing C library,2016-07-01,Pre-GenAI
Stack Overflow,753,CREATE VIEW equivalent in new Room persistence library,2017-09-04,Pre-GenAI
Stack Overflow,754,Is there a way to enforce foreign-key constraints with Firestore?,2018-04-09,Pre-GenAI
Stack Overflow,755,I can&#39;t seem to get foreign keys to work in SQLite.swift,2019-02-22,Pre-GenAI
Stack Overflow,756,Rails association that specifies foreign key and where options,2019-07-03,Pre-GenAI
Stack Overflow,757,C# &amp; Win32 notify when separate window is closing / closed,2008-10-04,Pre-GenAI
Stack Overflow,758,What&#39;s the reason why I&#39;m having &quot;foreign key mismatch&quot; error on Room?,2020-05-25,Pre-GenAI
Stack Overflow,759,Querying in One to many mappings in hibernate,2020-08-10,Pre-GenAI
Stack Overflow,760,Debian gcc undesirable behaviour,2018-11-07,Pre-GenAI
Stack Overflow,761,How update relation fiels in DjangoRestFramework,2017-06-29,Pre-GenAI
Stack Overflow,762,Exception propagation analysis in C++,2013-05-23,Pre-GenAI
Stack Overflow,763,correct usage of the FOREIGN KEY function,2018-06-14,Pre-GenAI
Stack Overflow,764,Adding foreign keys exceptions caught when loading imdb data to mysql using imdbpy,2017-04-08,Pre-GenAI
Stack Overflow,765,Foreign Syntax - Need Help Understanding,2013-02-14,Pre-GenAI
Stack Overflow,766,Doctrine2 and MySQL Partitioning,2011-05-26,Pre-GenAI
Stack Overflow,767,Issues calling on a Stata file and library,2017-10-02,Pre-GenAI
Stack Overflow,768,"Are the new fields on Processes and Tasks in Viewflow 1.6.0 for library users, or for internal use o",2019-12-19,Pre-GenAI
Stack Overflow,769,C# code to inject 64bit dll to process,2012-07-05,Pre-GenAI
Stack Overflow,770,TypeORM One-To-One relation foreign key not working with TypeGraphQL,2022-01-14,Pre-GenAI
Stack Overflow,771,&quot;* Missing C library: GL&quot; when installing gloss (specifically the OpenGLRaw dependency) on,2015-02-14,Pre-GenAI
Stack Overflow,772,SQLAlchemy does not create Foreign keys on MySQL [Debian Linux],2012-07-16,Pre-GenAI
Stack Overflow,773,Nested Query on Entity Framework MVC3,2012-12-26,Pre-GenAI
Stack Overflow,774,Checking for NaNs in asm.js code,2014-02-26,Pre-GenAI
Stack Overflow,775,Possible memory leak in the shared library of sqlite3,2015-10-30,Pre-GenAI
Stack Overflow,776,Foreign Key and Index creation in referential order using JDBC,2018-07-02,Pre-GenAI
Stack Overflow,777,How display a image in react.js from a foreign key in node.js,2020-07-20,Pre-GenAI
Stack Overflow,778,Foreign Keys become untrusted after EF inserts/updates,2017-05-05,Pre-GenAI
Stack Overflow,779,How to use DEFCFUN with a pointer to a foreign C function?,2020-11-27,Pre-GenAI
Stack Overflow,780,"Is my foreign key set up incorrectly, or is the problem in the SQL?",2014-02-21,Pre-GenAI
Stack Overflow,781,Problems referencing primary key with foreign key,2020-11-08,Pre-GenAI
Stack Overflow,783,JavaScript Typeahead Autocomplete match accents and tildes Issue,2014-03-30,Pre-GenAI
Stack Overflow,785,foreign source code pre-processing with Clojure,2017-01-29,Pre-GenAI
Stack Overflow,786,Merge MyDbContext with IdentityDbContext,2013-11-04,Pre-GenAI
Stack Overflow,787,cabal: ghc build with -dynamic and shared library,2018-06-06,Pre-GenAI
Stack Overflow,788,Not able to run DBF file in Rstudio,2021-09-09,Pre-GenAI
Stack Overflow,789,R: Equivalent of &quot;stringsAsFactors&quot; argument in read.dbf,2011-07-05,Pre-GenAI
Stack Overflow,790,can&#39;t delete data from table using inner join,2017-09-13,Pre-GenAI
Stack Overflow,791,Quicklisp Cannot Install LIBSSL for Hunchentoot,2012-06-30,Pre-GenAI
Stack Overflow,792,Strange problem with Android app and library,2019-05-25,Pre-GenAI
Stack Overflow,793,what is the problem with my tables in mysql?,2020-01-19,Pre-GenAI
Stack Overflow,794,Correct way of installing postgresql extension with custom library,2022-06-02,Pre-GenAI
Stack Overflow,795,IOS/Xcode: &#39;XCTest/XCTest.h&#39; file not found Error when loading older library,2018-08-12,Pre-GenAI
Stack Overflow,796,maximum packet size for ENet c++ library,2016-01-20,Pre-GenAI
Stack Overflow,797,What are these C directives doing and why was this library built this way?,2017-07-10,Pre-GenAI
Stack Overflow,798,How can this scenario cause an UpdateException in EntityFramework while calling SaveChanges?,2011-01-27,Pre-GenAI
Stack Overflow,799,Delete relationship between entities in Entity Framework Core,2016-08-18,Pre-GenAI
Stack Overflow,800,Calling Haskell functions from Python,2011-02-16,Pre-GenAI
Stack Overflow,801,&quot;no such symbol C_contour&quot; error when loading package &quot;foreign&quot; in R,2017-08-04,Pre-GenAI
Stack Overflow,802,Android ORM allowing directly insert one to many relation?,2016-04-11,Pre-GenAI
Stack Overflow,803,Error while importing minitab file into R,2019-09-04,Pre-GenAI
Stack Overflow,804,How to extract column (variable) attributes/labels from R to csv or excel,2019-08-19,Pre-GenAI
Stack Overflow,805,How does Haskell &quot;stack&quot; interact with &quot;msys2&quot; on Windows?,2020-07-08,Pre-GenAI
Stack Overflow,807,How to create an index on foreign keys with kotlin exposed on a PostgreSQL database,2019-02-19,Pre-GenAI
Stack Overflow,808,problem using Haskell Stack on cygwin - missing library pcre,2019-09-26,Pre-GenAI
Stack Overflow,809,Flask SQLAlchemy could not find table with which to generate Foreign Key even though table exists,2022-09-04,Pre-GenAI
Stack Overflow,810,XSL-FO Transformation error for instream-foreign-object,2019-03-19,Pre-GenAI
Stack Overflow,811,How do I use Haskell&#39;s FFI on structs?,2009-03-22,Pre-GenAI
Stack Overflow,812,Filter foreign stopwords in text file,2014-08-26,Pre-GenAI
Stack Overflow,813,How R extracts function definitions in a dynamic library,2018-10-08,Pre-GenAI
Stack Overflow,814,Embeddable Common Lisp (ECL): load shared library with extension functions,2017-06-12,Pre-GenAI
Stack Overflow,815,How to build header only C++ library within Bazel workspace?,2022-02-07,Pre-GenAI
Stack Overflow,816,Beginner | How can i use .jar and .so files from a library for an Android project (maybe NDK)?,2014-05-23,Pre-GenAI
Stack Overflow,817,Integrating existing widget into React/Redux based Web app,2018-03-28,Pre-GenAI
Stack Overflow,818,how does one get csharp-sqlite to throw exceptions for duplicates or foreign key constraint violatio,2015-03-17,Pre-GenAI
Stack Overflow,819,Dependently typed language best suited to &quot;real world&quot; programming?,2011-01-08,Pre-GenAI
Stack Overflow,820,Mysql deduce foreign key relationship for random queries,2011-12-29,Pre-GenAI
Stack Overflow,821,Haskell executable linking with static library written in C++ got `undefined reference`,2011-10-17,Pre-GenAI
Stack Overflow,822,Using 32-bit shared libraries on 64-bit system,2021-11-09,Pre-GenAI
Stack Overflow,823,Foreign Key Mismatch Error with django csv import-export,2019-03-03,Pre-GenAI
Stack Overflow,824,Is it possible define one-to-many relation in Sql Server and just define and use one side of this re,2015-08-25,Pre-GenAI
Stack Overflow,825,GORM golang on delete SET NULL,2020-07-05,Pre-GenAI
Stack Overflow,826,About loading dynamic library in container,2020-07-29,Pre-GenAI
Stack Overflow,827,Dynamic Linq Library can&#39;t handling one on many relationship in select clause,2015-04-25,Pre-GenAI
Stack Overflow,828,Lispworks 7.0 load zeromq fail in Windows 10,2017-07-17,Pre-GenAI
Stack Overflow,829,cabal install pcap windows 64bit,2013-03-26,Pre-GenAI
Stack Overflow,830,CodeIgniter: insert_batch from Custom Library - Fails with no Return or Error - How to Debug?,2013-10-23,Pre-GenAI
Stack Overflow,831,How to prevent entity framework 5 from setting foreign key property to null when deleting the refere,2012-12-11,Pre-GenAI
Stack Overflow,832,"In EF4.1+, do you have to expose a foreign key property on a dependent entity to enforce an identify",2012-03-05,Pre-GenAI
Stack Overflow,833,Swift with FMDB DELETE ignoring foreign key constraints. XCode 12.5,2021-05-21,Pre-GenAI
Stack Overflow,834,"Linking  c++ dll with Haskell-Platform on Windows,  outputs &#39;undefined reference&#39;",2012-01-23,Pre-GenAI
Stack Overflow,835,SQLite FOREIGN KEY REFERENCE is causing syntax error,2021-05-20,Pre-GenAI
Stack Overflow,836,Postgres Foreign-key constraints in non public schema,2018-07-14,Pre-GenAI
Stack Overflow,837,Issues using curlpp after OSX homebrew install,2017-01-27,Pre-GenAI
Stack Overflow,838,Using shared C++ library in Idris,2021-11-26,Pre-GenAI
Stack Overflow,839,Unable to Install glpk-hs,2017-07-07,Pre-GenAI
Stack Overflow,840,One-to-Zero-or-One relationship where the FK is part of a compoun PK on dependent tables,2015-03-12,Pre-GenAI
Stack Overflow,841,installation of esquisse package in R,2021-10-15,Pre-GenAI
Stack Overflow,842,"Django, how to remove the blank choice from the choicefield in modelform?",2012-01-10,Pre-GenAI
Stack Overflow,843,Some Strange compiler warns in Flex library project,2013-09-26,Pre-GenAI
Stack Overflow,844,DoctrineORM : Error while inserting data into a table which has foreign key attribute,2014-02-18,Pre-GenAI
Stack Overflow,845,Violating foreign key constraint with deferred constraint,2020-06-09,Pre-GenAI
Stack Overflow,846,CLSQL on CentOS installation,2012-02-24,Pre-GenAI
Stack Overflow,847,"Serialize Strings, ints and floats to character arrays for networking WITHOUT LIBRARIES",2009-11-09,Pre-GenAI
Stack Overflow,848,Django save multiple foreign keys to database with multiple upload,2019-08-24,Pre-GenAI
Stack Overflow,849,Basic Join Tables and Foreign Keys,2014-12-04,Pre-GenAI
Stack Overflow,850,django admin error on updation of data,2016-02-03,Pre-GenAI
Stack Overflow,851,SqlBulkCopy giving FOREIGN KEY constraint error,2016-09-25,Pre-GenAI
Stack Overflow,852,Getting error &quot;In function ‘igraph_write_graph_graphml’:&quot; while installing igraph package ,2017-07-26,Pre-GenAI
Stack Overflow,853,How to access R data.frame column descriptions after read.spss,2015-07-16,Pre-GenAI
Stack Overflow,854,Convert sql to json without tuple Php/Laravel,2022-01-11,Pre-GenAI
Stack Overflow,855,SQL to find the period of time when an event occured the most,2015-10-23,Pre-GenAI
Stack Overflow,856,How do I download and set up the standard library for Agda in Ubuntu?,2020-04-29,Pre-GenAI
Stack Overflow,857,Weird ERROR 1452 (23000): Cannot add or update a child row: a foreign key constraint fails,2011-07-22,Pre-GenAI
Stack Overflow,858,Function defines unnamed parameters but caller still passes values,2020-05-13,Pre-GenAI
Stack Overflow,859,How to test foreign call in the ghci with a c object file,2021-09-26,Pre-GenAI
Stack Overflow,860,"How to use AC_CONFIG_SUBDIR to package C and Fortran libraries together, where C depends on Fortran ",2018-10-24,Pre-GenAI
Stack Overflow,861,How to fix error 1064 while trying to add foreign key,2019-05-15,Pre-GenAI
Stack Overflow,864,Using a c .a file installed by os in a cabal package?,2014-04-06,Pre-GenAI
Stack Overflow,865,Convert SQL table to Document Store JSON,2015-06-15,Pre-GenAI
Stack Overflow,866,Database error 1452,2017-02-06,Pre-GenAI
Stack Overflow,867,"foreign-key on a table not in the database, with ORM",2010-12-27,Pre-GenAI
Stack Overflow,868,typeorm leftJoinAndSelect fail with camel case foreign key generated,2022-02-07,Pre-GenAI
Stack Overflow,869,How to select first row record of a specified query in laravel,2021-07-17,Pre-GenAI
Stack Overflow,870,Can you load shared objects (libraries) and call their functions (FFI) from ABAP?,2015-07-16,Pre-GenAI
Stack Overflow,871,d2: importing function from external library under different name it was originally exported,2012-04-05,Pre-GenAI
Stack Overflow,872,Nested structs and unions with Common Lisp CFFI,2012-12-27,Pre-GenAI
Stack Overflow,873,Generate list of tables which reference a foreign key,2020-04-01,Pre-GenAI
Stack Overflow,874,Java foreign function interface (FFI) interop with C++?,2022-06-14,Pre-GenAI
Stack Overflow,875,Need a sensible version-control scheme for shared library code,2014-12-18,Pre-GenAI
Stack Overflow,876,Symfony4 + Doctrine + League OAuth2 Server,2018-10-17,Pre-GenAI
Stack Overflow,877,Should I care about a one-definition-rule violation in a Rust executable reported by ASAN?,2018-02-08,Pre-GenAI
Stack Overflow,878,How to translate an &quot;at least one&quot; constraint (in an ER) to SQL?,2013-01-26,Pre-GenAI
Stack Overflow,879,EF Core One-to-One relationship with Shadow properties as a Keys using Fluent API,2019-02-05,Pre-GenAI
Stack Overflow,880,How can I add a foreign key with hibernate from a table not mapped by hibernate?,2018-11-28,Pre-GenAI
Stack Overflow,881,Is the VHDL package &#39;IEEE.std_logic_arith&#39; shipped with ghdl?,2014-09-14,Pre-GenAI
Stack Overflow,882,How can I add an item to a child entity with foreign key reference to the parent entity in Android R,2018-08-31,Pre-GenAI
Stack Overflow,883,&quot;Invalid Index n for this SqlParameterCollection with Count=n&quot; OR &quot;foreign key cannot,2011-02-03,Pre-GenAI
Stack Overflow,884,Painfully slow MySql query when joining two tables on primary/foreign keys,2017-05-12,Pre-GenAI
Stack Overflow,885,write_dta not working in R,2017-03-06,Pre-GenAI
Stack Overflow,887,How to diagnose duplicated levels in an R import,2016-12-06,Pre-GenAI
Stack Overflow,888,How do I put 20MB of XML data into an SQL database?,2012-02-08,Pre-GenAI
Stack Overflow,889,BulkInsert with child entity use of efcore.bulkextensions,2021-01-28,Pre-GenAI
Stack Overflow,890,Read Stata 13 file in R,2014-05-27,Pre-GenAI
Stack Overflow,891,c++ How to find the time in foreign country taking into account daylight saving?,2011-11-29,Pre-GenAI
Stack Overflow,892,"what is the &quot;related_name&quot; attribute used with a ForeignKeyField Object in peewee, python&",2014-06-06,Pre-GenAI
Stack Overflow,893,"Providing Java library, but hiding some classes",2011-07-10,Pre-GenAI
Stack Overflow,896,LinqDatasource Where Clause on Field belong to a Linked Table via Foreign Key,2011-08-25,Pre-GenAI
Stack Overflow,897,Java VarHandle to a C string with java.lang.foreign API,2022-11-04,Pre-GenAI
Stack Overflow,898,mysql triggers - limiting the amount of values stored in a column,2018-10-25,Pre-GenAI
Stack Overflow,899,MySQL - How should i index this table?,2018-12-28,Pre-GenAI
Stack Overflow,900,cmm call format for foreign primop (integer-gmp example),2013-04-17,Pre-GenAI
Stack Overflow,901,LLVM automatic C++ linking,2010-08-23,Pre-GenAI
Stack Overflow,902,What is the specific algorithm Postgres uses to truncate identifiers for foreign keys?,2019-03-15,Pre-GenAI
Stack Overflow,903,Foreign key constraint with some column values residing in other tables,2014-02-15,Pre-GenAI
Stack Overflow,904,Delete data that contains foreign key,2020-10-07,Pre-GenAI
Stack Overflow,905,How do I create an ActiveRecord relationship to an ActiveResource object?,2008-10-08,Pre-GenAI
Stack Overflow,906,EF Code First Foreign Key&#39;s,2011-02-28,Pre-GenAI
Stack Overflow,907,Why data is not inserted into the table(this table contains Foreign Key) from these PDO statements?,2018-04-14,Pre-GenAI
Stack Overflow,908,Error when importing Minitab (.MTP) into R,2013-12-16,Pre-GenAI
Stack Overflow,909,How to count and display factors on the x/y scale?,2017-04-04,Pre-GenAI
Stack Overflow,910,How to call native c function with windows HANDLE in common lisp / cffi,2016-01-07,Pre-GenAI
Stack Overflow,911,Expression Blend crashes when accessing Asset library,2011-04-09,Pre-GenAI
Stack Overflow,912,Confusion with Foreign key and manyToManyField in Django,2020-05-18,Pre-GenAI
Stack Overflow,913,Using Room&#39;s @Relation with ORDER BY,2018-01-18,Pre-GenAI
Stack Overflow,914,Is there a difference between Collection and Library in SQL?,2013-11-25,Pre-GenAI
Stack Overflow,915,CMake &amp; C++ - What is the best approach to share library between several git submodules,2018-11-29,Pre-GenAI
Stack Overflow,916,Haskell cabal install wx: missing C library wx_gtk2u_webview-3.0,2015-09-30,Pre-GenAI
Stack Overflow,918,Delete query deletes entries from two tables with expo-sqlite,2021-05-16,Pre-GenAI
Stack Overflow,919,Register multiple FFI callbacks with different function signatures,2018-01-15,Pre-GenAI
Stack Overflow,920,cabal FFI dependency,2012-11-24,Pre-GenAI
Stack Overflow,921,What is the order of ResultSet returned by PreparedStatement.getGeneratedKeys() when batching,2018-10-18,Pre-GenAI
Stack Overflow,922,Set Cpp class members as columns in sqlite DB,2017-12-29,Pre-GenAI
Stack Overflow,923,Read SPSS file into R,2010-06-28,Pre-GenAI
Stack Overflow,924,Django model with foreign key throws error on save,2020-12-21,Pre-GenAI
Stack Overflow,925,how to do ajax request in clojurescript with reagent?,2016-06-09,Pre-GenAI
Stack Overflow,926,Entity Framework Core assign foreign key constraint in OnModelCreating?,2018-07-12,Pre-GenAI
Stack Overflow,927,Ambiguous foreign key in self-referencing table [SQLAlchemy/Alembic],2016-12-30,Pre-GenAI
Stack Overflow,928,How can I use BLAS functionality with Python&#39;s Theano library?,2017-12-14,Pre-GenAI
Stack Overflow,929,How do I set a custom reference column name in EF6 code-first?,2017-02-23,Pre-GenAI
Stack Overflow,930,python: lenient version of iterator.groupby that skips the records on exception,2011-05-11,Pre-GenAI
Stack Overflow,932,Can I move all packages out of C:\Program Files\R\R-3.3.0\library\ into a user directory?,2016-05-26,Pre-GenAI
Stack Overflow,933,Best way to update certain columns of table in SQL Server based on Pandas DataFrame?,2021-02-19,Pre-GenAI
Stack Overflow,934,How can I get the process id when local_address and port_number is given in c#?,2021-09-06,Pre-GenAI
Stack Overflow,935,library design of PETSc FFI in Haskell,2015-03-29,Pre-GenAI
Stack Overflow,936,How to insert a &quot;one to one&quot; room database,2021-07-31,Pre-GenAI
Stack Overflow,937,Haskell GHC build error: Loading archives not supported,2016-11-06,Pre-GenAI
Stack Overflow,938,How to read in special characters to Python,2017-04-24,Pre-GenAI
Stack Overflow,940,A good collaborative filtering/matching/recommendation library for Python/Django?,2012-01-21,Pre-GenAI
Stack Overflow,941,JPA / Hibernate - Composite primary key with foreign key,2017-08-24,Pre-GenAI
Stack Overflow,942,"LINQ Lambda, need to query to a very confuse database, how should I do it?",2015-08-11,Pre-GenAI
Stack Overflow,943,How can we add multiple foreign keys from one model to another on ASP.NET Core &amp; EF Core &amp; C,2022-02-06,Pre-GenAI
Stack Overflow,944,More Details for MySQL&#39;s errorno:150,2014-06-18,Pre-GenAI
Stack Overflow,945,Are there any drawbacks when rendering a React component inside an svg foreignObject?,2021-06-17,Pre-GenAI
Stack Overflow,946,Entity Framework 6 Getter Only Property Influencing Entity Relationships,2015-09-09,Pre-GenAI
Stack Overflow,947,Simple Referenced-by Relation in Nodejs Bookshelf,2016-02-10,Pre-GenAI
Stack Overflow,948,Finding Foreign Keys From Unknown Database SQL and Java,2010-10-04,Pre-GenAI
Stack Overflow,949,&quot;Error in fitter...&quot; While trying to use lrm function from rms library,2020-06-16,Pre-GenAI
Stack Overflow,950,Writing a parser from scratch in Haskell,2013-12-18,Pre-GenAI
Stack Overflow,951,Error when merging two XML documents using XPath &amp; DOMDocument ,2010-01-06,Pre-GenAI
Stack Overflow,952,How do I use a C++ static library in Obj-C?,2016-10-20,Pre-GenAI
Stack Overflow,953,SQLite foreign key constraint failed using EF Core to add to child collection,2020-12-31,Pre-GenAI
Stack Overflow,954,Rails join table in Trestle/Admin,2017-11-14,Pre-GenAI
Stack Overflow,955,sending a post request from android,2015-11-28,Pre-GenAI
Stack Overflow,956,Exported file from R using `haven` cannot be opened by SAS,2019-11-13,Pre-GenAI
Stack Overflow,958,EF Code First Migration + Multiple DbContext + Foreign Key,2017-06-14,Pre-GenAI
Stack Overflow,959,NodeJS Express encodes the URL - how to decode,2016-01-03,Pre-GenAI
Stack Overflow,960,how to build third party custom keyboard with cordova/phonegap,2014-09-01,Pre-GenAI
Stack Overflow,961,Why does ngDirective `template` allow for correct `clientHeight` but `templateUrl` gives 0,2016-01-27,Pre-GenAI
Stack Overflow,962,R: NA/NaN/Inf in foreign function call (arg 1),2012-09-12,Pre-GenAI
Stack Overflow,963,SQL SELECT multiple INNER JOINs,2010-06-13,Pre-GenAI
Stack Overflow,964,Can Entity Framework 6 map foreign keys from a delimited string column?,2021-01-26,Pre-GenAI
Stack Overflow,965,"Django auth.User in Admininterface: coercing to Unicode: need string or buffer, User found",2011-09-13,Pre-GenAI
Stack Overflow,966,How to deal with invalid characters in a WS output when using CXF?,2012-03-14,Pre-GenAI
Stack Overflow,967,xerces-c library function returns NULL when daemon ran via inetd,2015-08-17,Pre-GenAI
Stack Overflow,968,SQLXML Bulkload - how to pass a FK value to a relation - composite key,2017-08-10,Pre-GenAI
Stack Overflow,970,Using external packages Java,2015-02-21,Pre-GenAI
Stack Overflow,972,common-lisp cffi evaluation order when used with progn,2014-12-01,Pre-GenAI
Stack Overflow,973,Accessibility: recommended alt-text convention for SVG and MathML?,2011-01-15,Pre-GenAI
Stack Overflow,975,Django: prepopulate formset,2018-06-19,Pre-GenAI
Stack Overflow,976,Propel ORM : Versionable + Concrete Inheritance behaviors issue,2013-02-26,Pre-GenAI
Stack Overflow,978,Marshaling C# struct into native C library,2016-06-09,Pre-GenAI
Stack Overflow,980,How to run vegan::varpart without having this &quot;NA/NaN/Inf in foreign function call (arg 1)&quot,2019-08-22,Pre-GenAI
Stack Overflow,981,Gradle - inherit repositories from a module,2015-06-12,Pre-GenAI
Stack Overflow,982,Efficient JSON-toJSON transformations with spray-json,2022-03-24,Pre-GenAI
Stack Overflow,983,Haskell FFI: Missing (or bad) C library,2022-01-01,Pre-GenAI
Stack Overflow,984,rpy2 automatic NumPy conversion NA/NaN/Inf in foreign function call,2017-08-09,Pre-GenAI
Stack Overflow,985,SQLiteDatabase delete involving sub query,2012-07-10,Pre-GenAI
Stack Overflow,987,ruby in-memory object database with unlimited instances,2013-12-11,Pre-GenAI
Stack Overflow,989,"Need to merge one Postgres relational database into another; same exact schema, foreign keys are iss",2014-09-25,Pre-GenAI
Stack Overflow,990,How to read impure text in Python?,2015-03-05,Pre-GenAI
Stack Overflow,991,hierarchical modeling data warehouse - snowflake or star?,2014-12-26,Pre-GenAI
Stack Overflow,992,Cabal install (Cabal cabal-install) fails due to missing zlib library,2021-03-13,Pre-GenAI
Stack Overflow,993,Android room relations,2018-04-11,Pre-GenAI
Stack Overflow,994,link table for multiple-to-multiple relationship,2016-11-03,Pre-GenAI
Stack Overflow,995,Haskell cabal install: missing C library iw,2013-10-16,Pre-GenAI
Stack Overflow,996,Can I install arm64 libraries on x86_64 with homebrew?,2022-01-23,Pre-GenAI
Stack Overflow,997,How to install &quot;cryptopp&quot; on Ubuntu 13.10 for Haskell?,2014-03-30,Pre-GenAI
Stack Overflow,998,Looping over all model indexes and their children causes stack overflow error,2017-06-07,Pre-GenAI
Stack Overflow,999,Should I download all the models/classifiers manually for Stanford NLP &quot;hello world&quot;?,2015-10-25,Pre-GenAI
Stack Overflow,1000,How do I call C from Go using the &quot;foreign function interface&quot;,2010-04-29,Pre-GenAI
Stack Overflow,1001,Understand foreign function interface (FFI) and language binding,2011-03-26,Pre-GenAI
Stack Overflow,1002,Running Apache Thrift in a single process / as a foreign function interface,2014-01-19,Pre-GenAI
Stack Overflow,1003,Guides for implementing a foreign function interface,2009-07-22,Pre-GenAI
Stack Overflow,1004,"issue with accessing c++ library using fastcall. (javascript, nodejs, foreign function interface)",2017-12-07,Pre-GenAI
Stack Overflow,1005,Java foreign function interface (FFI) interop with C++?,2022-06-14,Pre-GenAI
Stack Overflow,1006,Just in time compiled Foreign function Interface: what is it that gets &quot;runtime&quot; compiled,2013-11-26,Pre-GenAI
Stack Overflow,1007,Dart/Flutter ffi (Foreign Function Interface) native callbacks eg: sqlite3_exec,2020-05-01,Pre-GenAI
Stack Overflow,1008,GWT returns null in foreign function interface,2010-08-05,Pre-GenAI
Stack Overflow,1009,Haskell Foreign Function Interface with GHCI in Windows,2016-07-09,Pre-GenAI
Stack Overflow,1010,Which compilers support the Haskell FFI,2013-05-27,Pre-GenAI
Stack Overflow,1011,How is Foreign Function Interface (FFI) used with Stack?,2017-10-05,Pre-GenAI
Stack Overflow,1012,Haskell Foreign function interface binding to libsodium - bad signature,2018-12-02,Pre-GenAI
Stack Overflow,1014,Calling mysql_real_escape_string using the PLT-Scheme Foreign Function Interface,2009-11-08,Pre-GenAI
Stack Overflow,1015,Calling Haskell functions from Python,2011-02-16,Pre-GenAI
Stack Overflow,1016,What does &#39;#type&#39; mean in Haskell Foreign Function Interface?,2012-04-09,Pre-GenAI
Stack Overflow,1017,FindWindowA function does not yield the expected output in dart foreign function interface,2022-07-13,Pre-GenAI
Stack Overflow,1018,Haskell FFI Support for Functions With Variadic Arguments,2011-05-13,Pre-GenAI
Stack Overflow,1019,Foreign function calls to a different package NOTE,2014-06-10,Pre-GenAI
Stack Overflow,1020,Purescript FFI type definitions for constructor functions,2014-12-27,Pre-GenAI
Stack Overflow,1021,Generate binary interface specification from C declaration,2014-03-18,Pre-GenAI
Stack Overflow,1022,haskell FFI - using dll on non-windows os?,2013-09-17,Pre-GenAI
Stack Overflow,1023,Is there a way to interface with Python&#39;s SpaCy using Haskell?,2017-12-28,Pre-GenAI
Stack Overflow,1024,interfacing Rust with Berkeley DB,2013-08-07,Pre-GenAI
Stack Overflow,1025,Dart/Flutter FFI(Foreign Function Interface): calling a native function with output parameter using ,2021-04-29,Pre-GenAI
Stack Overflow,1026,How do you call a void C function in Haskell,2013-01-25,Pre-GenAI
Stack Overflow,1027,How to merge multpile c files into a shared library for foreign function interface,2016-08-03,Pre-GenAI
Stack Overflow,1028,C++ code and objects from C?,2009-06-29,Pre-GenAI
Stack Overflow,1029,How to execute a shell command in Opa?,2011-11-11,Pre-GenAI
Stack Overflow,1030,Dependently typed language best suited to &quot;real world&quot; programming?,2011-01-08,Pre-GenAI
Stack Overflow,1031,What are the steps necessary to pass R objects to a Rust program?,2015-03-06,Pre-GenAI
Stack Overflow,1032,What is the reason for requiring &amp;mut foo instead of &amp;foo when foo has been declared mutable,2014-08-02,Pre-GenAI
Stack Overflow,1034,Can you load shared objects (libraries) and call their functions (FFI) from ABAP?,2015-07-16,Pre-GenAI
Stack Overflow,1035,Wrappers for C API in programming languages,2014-12-12,Pre-GenAI
Stack Overflow,1036,Dynamic Symbol Retrieval Error: Win32 error 127 - even when importing self process,2017-01-26,Pre-GenAI
Stack Overflow,1037,Which popular libraries for a standalone JavaScript interpreter (jslibs)?,2009-07-15,Pre-GenAI
Stack Overflow,1038,Java VarHandle to a C string with java.lang.foreign API,2022-11-04,Pre-GenAI
Stack Overflow,1040,What is the syntax for the Squeak FFI in the new Squeak (5.0),2015-10-18,Pre-GenAI
Stack Overflow,1041,Missing symbold &quot;_main&quot; when compiling with swipl-ld on OSX Lion,2012-05-25,Pre-GenAI
Stack Overflow,1042,"Creating shared library in C, problems with sqlite3",2013-02-26,Pre-GenAI
Stack Overflow,1043,How do I use Haskell&#39;s FFI on structs?,2009-03-22,Pre-GenAI
Stack Overflow,1044,Debian gcc undesirable behaviour,2018-11-07,Pre-GenAI
Stack Overflow,1045,How to use NumPy array with ctypes?,2010-07-07,Pre-GenAI
Stack Overflow,1046,rpy2 automatic NumPy conversion NA/NaN/Inf in foreign function call,2017-08-09,Pre-GenAI
Stack Overflow,1047,Win32 MessageBox with SBCL foreign interface,2022-08-15,Pre-GenAI
Stack Overflow,1048,Set VHDL foreign attribute based on generic,2016-03-11,Pre-GenAI
Stack Overflow,1049,How can I load Windows DLL files with Ruby fiddle?,2019-11-23,Pre-GenAI
Stack Overflow,1050,how to change &lt;h1&gt; tags with ghcjs-dom,2017-02-18,Pre-GenAI
Stack Overflow,1053,Two programs links to dynamic linked library,2015-11-10,Pre-GenAI
Stack Overflow,1054,How can I use dart ffi properly in a pub package?,2020-06-04,Pre-GenAI
Stack Overflow,1055,SetWindowsHookEx Get Window Messages from Java FFI gives Access Denied,2021-11-08,Pre-GenAI
Stack Overflow,1056,LLVM automatic C++ linking,2010-08-23,Pre-GenAI
Stack Overflow,1057,How turn a PureScript ADT into JS String &#39;enum&#39; for FFI,2017-01-27,Pre-GenAI
Stack Overflow,1058,Is it possible to use the Idris FFI as an Effect?,2017-03-17,Pre-GenAI
Stack Overflow,1059,Does rust 0.10 have a rl package?,2014-05-29,Pre-GenAI
Stack Overflow,1060,How can I allocate and re-use a C struct from Haskell?,2012-06-08,Pre-GenAI
Stack Overflow,1061,Calling Haskell from C with Cabal,2019-01-17,Pre-GenAI
Stack Overflow,1062,Call a C function that accepts a const pointer to struct from Nim,2017-01-08,Pre-GenAI
Stack Overflow,1063,What does cpython do to help detect object cycles(reference counting)?,2010-09-26,Pre-GenAI
Stack Overflow,1064,List of values (of any types) as a template argument,2016-05-22,Pre-GenAI
Stack Overflow,1065,Haskell FFI includes: is there a difference between including &lt;xx.hs&gt; and &quot;xx.hs&quot;?,2022-07-26,Pre-GenAI
Stack Overflow,1066,GHC not linking dependencies,2017-05-27,Pre-GenAI
Stack Overflow,1067,How to create a JWT using ES256 in GAE,2018-12-18,Pre-GenAI
Stack Overflow,1068,MinGW on windows gcc compiler to create 64 Bit DLL for a nodejs (ffi-napi),2021-04-09,Pre-GenAI
Stack Overflow,1069,How can I invoke a go binary from Varnish,2021-07-29,Pre-GenAI
Stack Overflow,1070,Alternative to returning template class in extern &quot;C&quot; with MSVC,2019-07-28,Pre-GenAI
Stack Overflow,1071,Segmentation fault with Haskell Z3 api,2016-09-06,Pre-GenAI
Stack Overflow,1072,How R extracts function definitions in a dynamic library,2018-10-08,Pre-GenAI
Stack Overflow,1073,Locally change the log level for the zookeeper C client,2016-02-04,Pre-GenAI
Stack Overflow,1074,How to Call a Go Program from Common Lisp,2015-05-14,Pre-GenAI
Stack Overflow,1075,Best methods for providing multi-language access to an application platform,2011-09-14,Pre-GenAI
Stack Overflow,1076,examples of shared libraries not in c/c++?,2014-04-05,Pre-GenAI
Stack Overflow,1077,Calling C++ libraries (especially template based like CGAL) from Haskell,2016-09-02,Pre-GenAI
Stack Overflow,1078,Overriding Conda Package Installation with Pip,2017-10-23,Pre-GenAI
Stack Overflow,1079,Haskell HDBC-ODBC Memory Leak?,2015-09-05,Pre-GenAI
Stack Overflow,1080,How to access semaphore count in Clozure CL?,2016-05-26,Pre-GenAI
Stack Overflow,1082,"Loading DLL results in error 193, even though it can load in both ctypes and JNA",2021-04-27,Pre-GenAI
Stack Overflow,1083,Is it possible to write into a Rust data pointer handed over from an external function call while ac,2021-06-16,Pre-GenAI
Stack Overflow,1088,Why does casting from a reference to a c_void pointer require a double cast?,2018-05-17,Pre-GenAI
Stack Overflow,1089,Compiling Tail-Call Optimization In Mutual Recursion Across C and Haskell,2015-11-03,Pre-GenAI
Stack Overflow,1090,Haskell executable linking with static library written in C++ got `undefined reference`,2011-10-17,Pre-GenAI
Stack Overflow,1091,How to represent ObjC enum AVAudioSessionPortOverride which has declaration of int and string using ,2020-11-11,Pre-GenAI
Stack Overflow,1092,Java 10 Panama Project - port JNI solutions to Panama,2018-04-23,Pre-GenAI
Stack Overflow,1093,Marshaling C# struct into native C library,2016-06-09,Pre-GenAI
Stack Overflow,1094,Pass a null pointer to C from R using .C,2019-02-20,Pre-GenAI
Stack Overflow,1095,Using stdout/stderr/stdin streams behind haskell&#39;s FFI,2009-12-16,Pre-GenAI
Stack Overflow,1096,"OpenCV (4.5.2., C++) Apply matrix (4*4) to image and write to file results in white file (or strange",2021-07-09,Pre-GenAI
Stack Overflow,1097,Testing FFI Code (with &quot;foreign import&quot;s) with GHCi,2013-03-28,Pre-GenAI
Stack Overflow,1098,Can&#39;t get C2HS with &quot;foreign&quot; Pointers to work,2012-08-22,Pre-GenAI
Stack Overflow,1099,(PureScript) How can I run a DOM event listener callback within a monadic context other than Eff?,2017-02-07,Pre-GenAI
Stack Overflow,1100,Trouble with calling C++ functions from C code,2017-04-06,Pre-GenAI
Stack Overflow,1101,Haskell FFI - mallocForeignPtr usage,2012-08-15,Pre-GenAI
Stack Overflow,1102,"RInside, Ruby ffi, and missing symbols",2016-02-01,Pre-GenAI
Stack Overflow,1103,Best way to package a Python library that includes a C shared library?,2014-06-05,Pre-GenAI
Stack Overflow,1104,What can be a cause of &quot;GLib-GObject-CRITICAL&quot; when call pango_cairo_font_map_get_default(,2018-09-25,Pre-GenAI
Stack Overflow,1105,Flutter: convert bitmap (e.g. screenshot) from clipboard to base64 string,2022-04-18,Pre-GenAI
Stack Overflow,1106,Search field on generic foreign key field,2019-04-17,Pre-GenAI
Stack Overflow,1107,Can&#39;t see a file I wrote on SD card using native code c++ (dart:ffi) flutter,2021-06-16,Pre-GenAI
Stack Overflow,1108,Setting the JSONP callback function in AngularJS,2013-01-25,Pre-GenAI
Stack Overflow,1111,NLFFI: DynLinkage.open_lib raises DynLinkError,2014-09-11,Pre-GenAI
Stack Overflow,1112,Hibernate isn&#39;t inserting foreign key ManyToOne entitiy,2019-03-01,Pre-GenAI
Stack Overflow,1113,One to Many Relationship not working! Entity doesn&#39;t save the foreign key. Spring Boot,2019-10-05,Pre-GenAI
Stack Overflow,1114,Django Admin: Custom Inline Model FormSet (with non foreign-key relationship),2011-01-20,Pre-GenAI
Stack Overflow,1115,d2: importing function from external library under different name it was originally exported,2012-04-05,Pre-GenAI
Stack Overflow,1116,C/C++ Dynamic loading of functions with unknown prototype,2010-07-07,Pre-GenAI
Stack Overflow,1117,IOS dylib entry points,2020-12-01,Pre-GenAI
Stack Overflow,1118,Low level pointers in haskell,2013-08-24,Pre-GenAI
Stack Overflow,1119,Accessing interface/object(s) from a module loaded in a different process,2012-04-19,Pre-GenAI
Stack Overflow,1120,OSX stat() and libffi,2018-01-22,Pre-GenAI
Stack Overflow,1121,Detect if a file descriptor with O_NONBLOCK is still valid in a FFI scenario,2016-05-06,Pre-GenAI
Stack Overflow,1122,Interfacing with the Windows API via Clozure CL,2015-08-11,Pre-GenAI
Stack Overflow,1123,How to create a computed function in vue.js which consumes a global list and the current item of a f,2018-11-16,Pre-GenAI
Stack Overflow,1125,flask-admin: How to display meaningful foreign key info in edit and create forms?,2017-05-29,Pre-GenAI
Stack Overflow,1126,Linking Haskell to a wrapped C++ library,2020-06-16,Pre-GenAI
Stack Overflow,1127,replace c++ with go + swig,2012-01-09,Pre-GenAI
Stack Overflow,1128,PETSc C macro within struct,2015-05-14,Pre-GenAI
Stack Overflow,1129,django admin foreign key default value inline,2014-02-12,Pre-GenAI
Stack Overflow,1130,"GUI in Java, Backend in SML?",2011-07-29,Pre-GenAI
Stack Overflow,1131,How to register a windows file extension via the sdk on window 10.x,2021-10-19,Pre-GenAI
Stack Overflow,1132,Function to determine if two tables are related,2012-08-14,Pre-GenAI
Stack Overflow,1133,Symfony4 + Doctrine + League OAuth2 Server,2018-10-17,Pre-GenAI
Stack Overflow,1134,django admin inline with abstract class and m2m field,2013-12-14,Pre-GenAI
Stack Overflow,1135,Django admin with CMS functionality,2019-02-22,Pre-GenAI
Stack Overflow,1136,library design of PETSc FFI in Haskell,2015-03-29,Pre-GenAI
Stack Overflow,1137,What is the preferred method for sharing compiled C code in an R package and running it from another,2016-01-30,Pre-GenAI
Stack Overflow,1138,Eloquent InnoDB cannot add foreign key (error 1215),2017-06-26,Pre-GenAI
Stack Overflow,1139,Magento: Custom Module: How to Manage with Multiple tables,2011-11-24,Pre-GenAI
Stack Overflow,1140,Thread message loop for a thread with a hidden window?,2011-10-09,Pre-GenAI
Stack Overflow,1141,Can you run rust code from a c library being called from rust?,2014-01-07,Pre-GenAI
Stack Overflow,1142,How to implement actions in ST-monad with my own underlying representation (similarly to STRef or ST,2015-02-27,Pre-GenAI
Stack Overflow,1143,Can Libffi be built for Cortex-M3?,2011-01-16,Pre-GenAI
Stack Overflow,1145,Are there other HOL programming languages besides Caledon that are based on haskell?,2015-01-09,Pre-GenAI
Stack Overflow,1146,Why socket does not set to non blocking mode?,2013-04-24,Pre-GenAI
Stack Overflow,1148,Some questions around Corda function feature,2017-08-22,Pre-GenAI
Stack Overflow,1149,"How can I implement a global, implicit filter in Django admin?",2011-03-17,Pre-GenAI
Stack Overflow,1150,Need to add primary and foreign keys to a column postgresql 9.3.2 using phpPgAdmin,2016-11-03,Pre-GenAI
Stack Overflow,1151,Luci (OpenWRT) - A Simple Client Mode Setup,2017-05-14,Pre-GenAI
Stack Overflow,1152,"In C, given a variable list of arguments, how to build a function call using them?",2012-09-04,Pre-GenAI
Stack Overflow,1153,Best way to open a PTY with PHP,2020-12-26,Pre-GenAI
Stack Overflow,1155,node/pg/PSQL: Create Tables using Promises,2019-07-01,Pre-GenAI
Stack Overflow,1156,"Scandinavian characters &#230;, &#248;, &#229; escaped incorrectly",2012-07-02,Pre-GenAI
Stack Overflow,1157,Pinned reference to FFI object consumed by calling methods that receive it,2021-08-19,Pre-GenAI
Stack Overflow,1159,Segmentation fault in C/GMP: calculate factors with Pollard Rho,2012-02-20,Pre-GenAI
Stack Overflow,1161,"How to create an interface to record an attendance using PHP, MYSQL and other language?",2014-06-23,Pre-GenAI
Stack Overflow,1162,MySQL index usage on join,2018-06-08,Pre-GenAI
Stack Overflow,1163,Catch model objects unchanged in admin interface,2012-10-01,Pre-GenAI
Stack Overflow,1165,Dynamically generate javascript in php or do ajax for multilanguage interface?,2014-02-20,Pre-GenAI
Stack Overflow,1166,"Should a foreign key violation be a client error, and if so, how should it be handled?",2020-06-07,Pre-GenAI
Stack Overflow,1167,Laravel: Formatting data from pivot table in template,2017-04-09,Pre-GenAI
Stack Overflow,1168,Where To Intercept Item Locking/Editing In Sitecore,2012-02-15,Pre-GenAI
Stack Overflow,1169,How to get n:m tables?,2021-11-27,Pre-GenAI
Stack Overflow,1171,How do I translate a complex MySQL query that involves MySQL variables into a PDO query?,2022-03-02,Pre-GenAI
Stack Overflow,1172,What are the limits of using sockets for Inter-Process Communication?,2010-11-26,Pre-GenAI
Stack Overflow,1173,Python BadYieldError when yielding Future,2016-05-31,Pre-GenAI
Stack Overflow,1175,FFI Haskell Callback with State,2012-02-14,Pre-GenAI
Stack Overflow,1176,Performant 2D SDL or OpenGL graphics in R for fast display of raster image using rdyncall package an,2018-01-05,Pre-GenAI
Stack Overflow,1177,how to update my tables inside the database using the GUI,2012-03-12,Pre-GenAI
Stack Overflow,1178,Reactive streaming approach of file upload in Spring (Boot),2020-03-02,Pre-GenAI
Stack Overflow,1179,Django Ajax Submission with validation and multiple forms handling,2014-07-24,Pre-GenAI
Stack Overflow,1180,Yii PHP import CSV fails special characters,2017-10-16,Pre-GenAI
Stack Overflow,1181,How do I get Chrome Dev Tools to allow me to edit minified JavaScript in production?,2015-04-14,Pre-GenAI
Stack Overflow,1182,invalid literal for int() with base 10: &#39;choosen_room_1_id&#39;,2017-08-29,Pre-GenAI
Stack Overflow,1184,How do I switch between multiple locales with GNU gettext()? setlocale() is failing to achieve this,2022-08-13,Pre-GenAI
Stack Overflow,1185,Identifying and connecting ID&#39;s between tables,2015-08-15,Pre-GenAI
Stack Overflow,1186,Entity constructor gives &quot;incompatible types&quot; error,2021-01-03,Pre-GenAI
Stack Overflow,1187,How to fill a select with the values ​of a foreign table in Angular using + Laravel,2020-06-14,Pre-GenAI
Stack Overflow,1188,Is Eta interoprable with Java and/or Kotlin yet?,2020-01-17,Pre-GenAI
Stack Overflow,1189,Generic Mergesort in C#,2013-08-11,Pre-GenAI
Stack Overflow,1190,Cabal install current package into its own .cabal-sandbox/*-packages.conf.d,2014-10-07,Pre-GenAI
Stack Overflow,1191,Error in CRUD Functions for child tables - Referential integrity constraint violation:,2022-09-28,Pre-GenAI
Stack Overflow,1192,RTK Query convert cache objects to renderable form from outside of component,2022-02-16,Pre-GenAI
Stack Overflow,1193,What web framework provides automatic database scaffolding based on table relations and foreign keys,2013-10-09,Pre-GenAI
Stack Overflow,1194,How do I use the React-Relay @appendNode directive with Hasura&#39;s generated functions/schema?,2021-04-26,Pre-GenAI
Stack Overflow,1195,SQL: How to make sure any primary key in any table &quot;belongs to&quot; a known Account ID (also P,2009-07-06,Pre-GenAI
Stack Overflow,1196,Django: allow user to add fields to model,2016-01-20,Pre-GenAI
Stack Overflow,1197,"D3js Force Layout, dynamic links",2014-08-20,Pre-GenAI
Stack Overflow,1198,SQLite pre-update hook re-entrant,2016-05-31,Pre-GenAI
Stack Overflow,1199,Django: Using signals with inline models,2019-04-04,Pre-GenAI
Stack Overflow,1202,Entity Framework select single value from row,2010-06-04,Pre-GenAI
Stack Overflow,1203,"Website conversion help - UTF-8, Covering all the bases... functions, metas, and sql utf-8",2011-07-31,Pre-GenAI
Stack Overflow,1204,google apps script html select options loaded from spreadsheet data,2015-07-30,Pre-GenAI
Stack Overflow,1205,Delete Entities in EventListener,2012-04-03,Pre-GenAI
Stack Overflow,1206,Selenium / Django gives Foreign Key error,2013-08-16,Pre-GenAI
Stack Overflow,1207,Entity Framework testing with IRepository - problem with lazy loading,2010-09-17,Pre-GenAI
Stack Overflow,1208,What is the approach to integrate identity functionality into a .net api?,2022-01-07,Pre-GenAI
Stack Overflow,1209,Repository Pattern: Dealing with Identical Repositories,2016-10-25,Pre-GenAI
Stack Overflow,1210,Django Add list generated from the text of one field to many to many field,2017-04-19,Pre-GenAI
Stack Overflow,1211,"How to save a related, inline django model when parent is saved in the admin?",2013-08-11,Pre-GenAI
Stack Overflow,1212,Best approach for designing F# libraries for use from both F# and C#,2012-04-11,Pre-GenAI
Stack Overflow,1213,Django Admin: Intersection (Natural Inner Join) between Two Models,2016-03-17,Pre-GenAI
Stack Overflow,1214,Can I temporarily suspend auto-generated ID in ORMLite?,2011-03-07,Pre-GenAI
Stack Overflow,1215,Where/how is Django ManyToManyField represented in the database?,2014-08-21,Pre-GenAI
Stack Overflow,1216,Read a (bad?) id field in hibernate/ nhibernate,2013-10-21,Pre-GenAI
Stack Overflow,1217,Problem using Lazy&lt;T&gt; from within a generic abstract class,2010-05-20,Pre-GenAI
Stack Overflow,1218,What is the best practise for handling complex objects as class members?,2013-05-08,Pre-GenAI
Stack Overflow,1220,RPC from C++ code to Common Lisp code,2013-11-19,Pre-GenAI
Stack Overflow,1221,What is a good platform for building a game framework targeting both web and native languages?,2011-01-06,Pre-GenAI
Stack Overflow,1222,Are there VB.NET UI Templates for Managing a DataSet?,2011-05-27,Pre-GenAI
Stack Overflow,1223,Which programming language for multilingual Bible app?,2019-03-15,Pre-GenAI
Stack Overflow,1224,Interfacing Haskell and C++,2017-03-23,Pre-GenAI
Stack Overflow,1225,I have to write a function using javascript regex to get a specific output strings from variable,2019-08-28,Pre-GenAI
Stack Overflow,1226,R CMD Check warning: checking S3 generic/method consistency,2016-08-13,Pre-GenAI
Stack Overflow,1227,Is it possible to customise the look of grappelli?,2014-08-08,Pre-GenAI
Stack Overflow,1228,Haskell OpenCL package on Win64 2014.2.0.0 Crashes,2014-08-11,Pre-GenAI
Stack Overflow,1229,Loopback 4 and constraints in MySQL relations,2019-09-27,Pre-GenAI
Stack Overflow,1230,Extend/Modify NHibernate classes at runtime,2011-02-04,Pre-GenAI
Stack Overflow,1231,Access other model from django admin,2012-07-06,Pre-GenAI
Stack Overflow,1232,Designing an SQL Database where multiple tables use the same model,2019-06-07,Pre-GenAI
Stack Overflow,1233,How can I simulate a Python shell most effectively and securely?,2014-02-27,Pre-GenAI
Stack Overflow,1234,Backbone-relational.js + Backbone.View(s),2011-06-21,Pre-GenAI
Stack Overflow,1235,Strange issue with Assembly.Load*,2010-02-11,Pre-GenAI
Stack Overflow,1237,"Which Hierarchical model should I use? Adjacency, Nested, or Enumerated?",2011-01-28,Pre-GenAI
Stack Overflow,1238,What do you feel is over-generalization?,2010-07-14,Pre-GenAI
Stack Overflow,1239,Mixing inline assembly with C code - how to protect registers and minimize memory access,2014-04-23,Pre-GenAI
Stack Overflow,1240,Returning EDM object without references,2014-06-04,Pre-GenAI
Stack Overflow,1241,COM functions spawn threads that do not disappear,2010-11-12,Pre-GenAI
Stack Overflow,1242,Error version of cffi python package mismatch,2021-07-30,Pre-GenAI
Stack Overflow,1243,MySQL: how to determine which rows in tables A and B are referenced by rows in table C in linear tim,2011-01-05,Pre-GenAI
Stack Overflow,1245,JQGrid with Bootstrap Multiselect and Custom Save,2015-07-20,Pre-GenAI
Stack Overflow,1246,Nhibernate Domain Ojbect/View Model Mapping (One-to-Many),2013-09-18,Pre-GenAI
Stack Overflow,1247,What&#39;s the best way to store the days of the week an event takes place on in a relational databa,2008-11-24,Pre-GenAI
Stack Overflow,1248,Submitting a post that belongs to current user - how to define the relation on client-side in Vue?,2018-04-05,Pre-GenAI
Stack Overflow,1249,Re-assigning IDs in a non-IDENTITY type field in SQL Server database,2012-11-14,Pre-GenAI
Stack Overflow,1250,"New Entry of Data overwrites all past entries in column , how do i correct this?",2021-01-28,Pre-GenAI
Stack Overflow,1251,Hibernate insert not working (Request processing failed),2021-01-22,Pre-GenAI
Stack Overflow,1252,SQLSTATE[42S22]: Column not found: 1054 Unknown column - Laravel,2013-12-20,Pre-GenAI
Stack Overflow,1253,How to deploy MirageOS example to AWS,2016-03-10,Pre-GenAI
Stack Overflow,1254,How to use the new types of strings in Delphi Xe2?,2012-01-01,Pre-GenAI
Stack Overflow,1255,"Secure, light-weight, easy to use authentication system for asp.net",2010-12-23,Pre-GenAI
Stack Overflow,1256,Insert script returning success but nothing inserted to database,2017-08-11,Pre-GenAI
Stack Overflow,1257,Laravel ErrorException Undefined offset: 0,2015-06-15,Pre-GenAI
Stack Overflow,1258,DB app design. enable easy expansion,2013-05-07,Pre-GenAI
Stack Overflow,1259,How do you write a working .d.ts file for a &quot;complex&quot; vanilla javascript library containin,2021-08-23,Pre-GenAI
Stack Overflow,1261,type conversion - type coercion only in loop?,2016-09-13,Pre-GenAI
Stack Overflow,1262,Error when using django-admin-multiupload and django-imagekit together,2015-06-22,Pre-GenAI
Stack Overflow,1263,Identity 2.0 String or Int primary key?,2014-07-24,Pre-GenAI
Stack Overflow,1264,Android: ListView in Fragment and Cursor Loader not receiving data?,2017-01-17,Pre-GenAI
Stack Overflow,1265,"Having difficulty passing $_GET[&#39;id&#39;] value to javascript function, then &lt;a href=&quot;&q",2013-06-12,Pre-GenAI
Stack Overflow,1266,Error in NamedStoredProcedureQuery in Spring JPA - &quot;Found named stored procedure parameter asso,2017-10-17,Pre-GenAI
Stack Overflow,1267,Problems trying to insert data with JPA,2015-09-02,Pre-GenAI
Stack Overflow,1268,Migrations and two applications sharing parts of database on different machines,2018-09-19,Pre-GenAI
Stack Overflow,1269,Allowing selective entity saves in a paging WPF MVVM application using LINQ to SQL,2011-05-06,Pre-GenAI
Stack Overflow,1271,What is the native equivalent of PrincipalContext.ValidateCredentials?,2015-03-17,Pre-GenAI
Stack Overflow,1272,Why does bitbake recipe for python-cffi fail on do_fetch,2017-10-09,Pre-GenAI
Stack Overflow,1273,R Packages Fail to Compile with gcc,2013-02-14,Pre-GenAI
Stack Overflow,1274,JDBC not working properly within Java program,2018-04-29,Pre-GenAI
Stack Overflow,1275,Can not install Paramiko in Cent OS,2016-06-06,Pre-GenAI
Stack Overflow,1276,Preview a camera in DirectShow and capture a still image - in VB.net,2013-10-19,Pre-GenAI
Stack Overflow,1277,Creating dependent dropdown menues for plots,2019-06-15,Pre-GenAI
Stack Overflow,1278,Populate one dropdown list based on the selection of other dropdown list using Spring Boot,2021-10-24,Pre-GenAI
Stack Overflow,1279,certbort commands return ModuleNotFoundError: No module named &#39;_cffi_backend&#39;,2020-04-20,Pre-GenAI
Stack Overflow,1280,ERROR 1007 (HY000) at line 1: Can&#39;t create database &#39;mgsv&#39;; database exists,2018-03-19,Pre-GenAI
Stack Overflow,1281,Unable to compile lxml using pip and NetBSD,2017-07-16,Pre-GenAI
Stack Overflow,1283,Why is urllib3/idna complaining about a wildcard in an X509 cert? How do I fix it?,2016-09-15,Pre-GenAI
Stack Overflow,1284,Java dependency failure for .deb file on openjdk docker base,2019-05-28,Pre-GenAI
Stack Overflow,1285,php:5-apache container does not load any pages,2018-03-21,Pre-GenAI
Stack Overflow,1286,MySQL connection refused from Node on first run only (docker-compose),2020-02-20,Pre-GenAI
Stack Overflow,1287,Can IntelliJ IDEA encapsulate all of the functionality of WebStorm and PHPStorm through plugins?,2012-12-11,Pre-GenAI
Stack Overflow,1288,Polyglot Installation,2018-12-13,Pre-GenAI
Stack Overflow,1289,What happened to Maven Polyglot?,2012-06-23,Pre-GenAI
Stack Overflow,1290,Polyglot Language Switcher asp.net,2014-11-28,Pre-GenAI
Stack Overflow,1291,No module named &#39;polyglot.text&#39;; &#39;polyglot&#39; is not a package,2020-07-30,Pre-GenAI
Stack Overflow,1292,Polyglot persistence example,2012-02-07,Pre-GenAI
Stack Overflow,1293,Polyglot-Markup validator,2013-04-29,Pre-GenAI
Stack Overflow,1294,how to install polyglot on windows,2022-05-20,Pre-GenAI
Stack Overflow,1295,Documentation for Tesla polyglot?,2015-04-30,Pre-GenAI
Stack Overflow,1296,Polyglot ImportError: cannot import name &#39;Locale&#39; from &#39;icu&#39;,2020-11-18,Pre-GenAI
Stack Overflow,1297,Polyglot ubuntu not able to download language files,2019-07-27,Pre-GenAI
Stack Overflow,1298,Polyglot persistence in Android,2015-09-04,Pre-GenAI
Stack Overflow,1299,unable to install polyglot on windows,2022-04-15,Pre-GenAI
Stack Overflow,1301,What is a polyglot document?,2009-07-03,Pre-GenAI
Stack Overflow,1302,Cannot run a simple polyglot script,2020-07-12,Pre-GenAI
Stack Overflow,1303,How to install Polyglot on Windows?,2016-03-19,Pre-GenAI
Stack Overflow,1304,Polyglot Processor with Local Dataflow Server,2020-07-16,Pre-GenAI
Stack Overflow,1305,installing polyglot in windows,2020-05-20,Pre-GenAI
Stack Overflow,1306,Polyglot for C and PHP,2022-08-10,Pre-GenAI
Stack Overflow,1307,DeepSpeech-Polyglot: Signals.SIGSEGV: 11,2021-01-13,Pre-GenAI
Stack Overflow,1308,What is the opposite of polyglot programming?,2012-11-13,Pre-GenAI
Stack Overflow,1309,Brackets Colors Typescript vim-polyglot,2022-03-11,Pre-GenAI
Stack Overflow,1310,Polyglot frontend in microservices,2016-10-08,Pre-GenAI
Stack Overflow,1311,use polyglot package for Named Entity Recognition in hebrew,2016-07-10,Pre-GenAI
Stack Overflow,1312,Unicode decode error when installing polyglot,2020-09-02,Pre-GenAI
Stack Overflow,1313,Python polyglot max language code length,2018-07-28,Pre-GenAI
Stack Overflow,1314,Can&#39;t install python Polyglot package on Windows,2016-05-29,Pre-GenAI
Stack Overflow,1315,Polyglot and Client Side Load Balancing,2020-04-26,Pre-GenAI
Stack Overflow,1316,Existence of universal C++/Python Polyglot,2018-10-25,Pre-GenAI
Stack Overflow,1317,Import error with nlp polyglot package in python,2017-06-02,Pre-GenAI
Stack Overflow,1318,Problems when installing python Polyglot package on virtual environment,2017-09-28,Pre-GenAI
Stack Overflow,1319,How can one create a polyglot PDF?,2016-03-07,Pre-GenAI
Stack Overflow,1320,IndexError: list index out of range in while using polyglot,2021-02-21,Pre-GenAI
Stack Overflow,1322,How can I install polyglot in Python anaconda?,2021-04-25,Pre-GenAI
Stack Overflow,1324,polyglot - TypeError: &#39;function&#39; object is not subscriptable,2021-08-14,Pre-GenAI
Stack Overflow,1325,error installing polyglot package in stack heroku-18 and python3.6.12 runtime,2020-12-04,Pre-GenAI
Stack Overflow,1326,Using XML snippets in Maven Polyglot,2016-04-19,Pre-GenAI
Stack Overflow,1327,Rails 3.0.3 and Polyglot Gem problem,2010-12-29,Pre-GenAI
Stack Overflow,1328,Should I write Polyglot HTML5 documents?,2010-06-24,Pre-GenAI
Stack Overflow,1329,Do programs written in a strict superset of a language count as a polyglot?,2010-12-29,Pre-GenAI
Stack Overflow,1331,Why doesn&#39;t work Polyglot that I installed with git or the wheel files?,2020-01-25,Pre-GenAI
Stack Overflow,1332,UTF-16 Code Units In Python Polyglot,2016-09-23,Pre-GenAI
Stack Overflow,1334,Tool (filter) to convert HTML5 into Polyglot Markup?,2015-02-14,Pre-GenAI
Stack Overflow,1335,Why do you or do you not implement using polyglot solutions?,2008-09-17,Pre-GenAI
Stack Overflow,1337,GraalVM Polyglot: pass arguments from Java to LLVM (C++),2021-07-06,Pre-GenAI
Stack Overflow,1338,HTML Polyglot Markup served as text/html+xml,2012-03-04,Pre-GenAI
Stack Overflow,1339,W3C no longer maintains polyglot markup?,2016-04-18,Pre-GenAI
Stack Overflow,1341,How to apply Polyglot Detector function to dataframe,2018-07-24,Pre-GenAI
Stack Overflow,1342,"Polyglot for Python installed on Windows, but won&#39;t run simple test",2021-02-17,Pre-GenAI
Stack Overflow,1343,Getting error on installing polyglot for python 3.5?,2016-05-24,Pre-GenAI
Stack Overflow,1344,recommendation for neo4j in polyglot environments,2012-10-31,Pre-GenAI
Stack Overflow,1345,Is there a way in Polyglot to permanently &quot;fix&quot; the language code of an Hebrew text from &,2019-03-28,Pre-GenAI
Stack Overflow,1346,Polyglot persistence for startup app,2014-09-13,Pre-GenAI
Stack Overflow,1348,Vim polyglot syntax highlighting not overriding default,2020-02-04,Pre-GenAI
Stack Overflow,1351,How can I run this Polyglot token/tag extractor in PyCharm?,2020-02-13,Pre-GenAI
Stack Overflow,1352,Polyglot seems not working when using translate function,2018-11-29,Pre-GenAI
Stack Overflow,1354,Polyglot Language Selector 2 - using the id&#39;s,2015-12-01,Pre-GenAI
Stack Overflow,1355,How to use LINQ in a .dib Polyglot notebook?,2022-11-23,Pre-GenAI
Stack Overflow,1356,GraalVM/Polyglot: how to get SourceLocation programmatically,2019-07-28,Pre-GenAI
Stack Overflow,1357,how to override downloader directory with local directory in polyglot in python,2020-07-19,Pre-GenAI
Stack Overflow,1359,Reading data using Anahkiasen/Polyglot returns error trying to get property of non-object,2015-04-09,Pre-GenAI
Stack Overflow,1360,GraalVM polyglot native image with Python,2020-07-10,Pre-GenAI
Stack Overflow,1361,Configuring Maven source directories for a polyglot project,2012-01-02,Pre-GenAI
Stack Overflow,1363,I have a problem when I was installing polyglot using windows,2021-01-09,Pre-GenAI
Stack Overflow,1367,Vert.x. How to create a real polyglot JVM application?,2017-10-14,Pre-GenAI
Stack Overflow,1368,Graal VM components required for a Node calling Java polyglot application,2020-07-27,Pre-GenAI
Stack Overflow,1369,Polyglot Language Picker 2 - changing the default language after selection,2015-12-01,Pre-GenAI
Stack Overflow,1371,Are HTML5 custom elements compatible with an XML (polyglot) serialization?,2015-07-12,Pre-GenAI
Stack Overflow,1373,When Installing polyglot with pip exception: Command &quot;python setup.py egg_info&quot; failed wit,2019-01-16,Pre-GenAI
Stack Overflow,1374,Import or Symbol not Found Error with polyglot when PyICU and icu4c installed correctly,2018-09-13,Pre-GenAI
Stack Overflow,1375,Acceptance of HTML5 Polyglot served as application/xhtml+xml,2014-10-27,Pre-GenAI
Stack Overflow,1376,How to use nodejs &#39;fs&#39; or &#39;http&#39; modules inside GraalVM polyglot applications,2022-01-27,Pre-GenAI
Stack Overflow,1377,"SQL Server, Cosmos / document DB, Identity membership and polyglot persistence",2017-07-17,Pre-GenAI
Stack Overflow,1378,Polyglot error: input contains invalid UTF-8 around byte 333789 (of 361147),2021-07-11,Pre-GenAI
Stack Overflow,1379,Difficulties installing jekyll-polyglot: &quot;Could not find gem &#39;helper x86_64-darwin-19&#39;&,2021-01-06,Pre-GenAI
Stack Overflow,1381,Error installing polyglot in python 3.5.2,2017-01-19,Pre-GenAI
Stack Overflow,1382,Exception: &quot;Invalid action number found in internal parse table.&quot; Polyglot Exception,2010-04-29,Pre-GenAI
Stack Overflow,1383,x86-32 / x86-64 polyglot machine-code fragment that detects 64bit mode at run-time?,2016-06-27,Pre-GenAI
Stack Overflow,1384,Should I check in folder &quot;node_modules&quot; to Git when creating a Node.js app on Heroku?,2012-07-12,Pre-GenAI
Stack Overflow,1385,Sharing partitioning logic across polyglot producers with Kafka,2019-01-28,Pre-GenAI
Stack Overflow,1386,"Polyglot, XHTML5, dl,dt,dd how to make a space between entries?",2013-03-20,Pre-GenAI
Stack Overflow,1388,Polyglot does not detect multiple languages,2019-05-20,Pre-GenAI
Stack Overflow,1389,GraalVM - Using Polyglot Value without a context,2018-08-03,Pre-GenAI
Stack Overflow,1390,Usage of Bazel to build polyglot projects,2020-07-28,Pre-GenAI
Stack Overflow,1392,Real Meaning of Polyglot Store?,2013-10-03,Pre-GenAI
Stack Overflow,1394,Using polyglot to query GRPC service and pass timestamp as one of the request parameters,2019-03-06,Pre-GenAI
Stack Overflow,1395,Error when using the command &quot;from polyglot.detect import Detector&quot;,2015-07-28,Pre-GenAI
Stack Overflow,1396,Does GraalVM use same thread and heap space when calling polyglot functions?,2022-01-31,Pre-GenAI
Stack Overflow,1397,How to use Polyglot.js in my Webpack Project?,2019-01-09,Pre-GenAI
Stack Overflow,1399,jquery polyglot language switcher js,2018-08-01,Pre-GenAI
Stack Overflow,1401,GraalVm Polyglot application - is it possible to evaluate kotlin script from java at runtime?,2020-10-01,Pre-GenAI
Stack Overflow,1402,Unable to install polyglot on macOS High Sierra 10.13.6,2019-01-22,Pre-GenAI
Stack Overflow,1403,Polyglot persistence database handling,2016-09-01,Pre-GenAI
Stack Overflow,1404,"lightweight, polyglot alternative to JMX?",2011-11-26,Pre-GenAI
Stack Overflow,1405,couldn&#39;t use scala classes in java coding in scala-java polyglot gradle project using kotlin dsl,2021-09-21,Pre-GenAI
Stack Overflow,1406,How to instal polyglot on mac?,2016-09-02,Pre-GenAI
Stack Overflow,1407,CQRS with cockroachdb in polyglot setup,2017-08-27,Pre-GenAI
Stack Overflow,1408,Strange redirect in Batch/Powershell polyglot,2017-05-10,Pre-GenAI
Stack Overflow,1409,Python execution via the Polyglot API always needs full System IO access,2018-08-22,Pre-GenAI
Stack Overflow,1412,How to install polyglot on Raspberry Pi? - problems with compatibility,2016-03-20,Pre-GenAI
Stack Overflow,1413,&quot;python setup.py egg_info&quot; failed with error code 1. How to fix this,2019-03-16,Pre-GenAI
Stack Overflow,1414,&#39;createPolyglotMiddleware&#39; is not defined,2017-07-06,Pre-GenAI
Stack Overflow,1415,UnicodeDecodeError error when loading word2vec,2018-05-28,Pre-GenAI
Stack Overflow,1416,Karate - Polyglot Exception using js callSingle(),2022-08-30,Pre-GenAI
Stack Overflow,1417,How to solve ImportError: cannot import name &#39;ProcessPoolExecutor&#39;,2017-10-06,Pre-GenAI
Stack Overflow,1418,Polyglot Programming: Is building applications with multiple languages a good practice?,2008-09-26,Pre-GenAI
Stack Overflow,1419,GraalVM - No language and polyglot implementation was found on the classpath,2019-06-22,Pre-GenAI
Stack Overflow,1420,Design a PolyGlot database on Google Cloud Platform,2016-06-09,Pre-GenAI
Stack Overflow,1421,What combination do you use for your polyglot solution?,2008-09-30,Pre-GenAI
Stack Overflow,1422,How do I add GraalVM Polyglot code (Java running Javascript) support in an OSGi (Karaf) Module,2020-03-25,Pre-GenAI
Stack Overflow,1423,Handling complex read models in distributed architecture driven by Domain Driven Design and Polyglot,2020-02-09,Pre-GenAI
Stack Overflow,1424,Using Extension methods in RoslynPad or Polyglot notebooks,2016-11-04,Pre-GenAI
Stack Overflow,1425,GraalVM Polyglot can&#39;t load Java class,2019-11-22,Pre-GenAI
Stack Overflow,1426,In what areas might the use of F# be more appropriate than C#?,2010-05-06,Pre-GenAI
Stack Overflow,1427,Integration tests of a polyglot stack (Java/MongoDB/RabbitMQ...),2013-03-04,Pre-GenAI
Stack Overflow,1428,"How to achieve Polyglot with Prisma, MySQL, neo4j and redis?",2020-02-11,Pre-GenAI
Stack Overflow,1429,Why polyglot does not return the un-transliterated text back?,2021-02-26,Pre-GenAI
Stack Overflow,1430,Polyglot &gt;&gt; error: input contains invalid UTF-8 around byte 35 (of 62),2021-02-01,Pre-GenAI
Stack Overflow,1431,Python Polyglot: How to prevent hyphens separating words which belong together,2019-09-12,Pre-GenAI
Stack Overflow,1433,How and Which tool should use to make API-Gateway for polyglot Microservice Platform?,2018-12-20,Pre-GenAI
Stack Overflow,1434,How to get the index within raw text of an entity found by Polyglot python library?,2018-07-04,Pre-GenAI
Stack Overflow,1435,How to construct connect mssql command with variable in Polyglot Notebook,2022-11-29,Pre-GenAI
Stack Overflow,1436,How to setup Docker for a polyglot microservice-based application?,2017-01-20,Pre-GenAI
Stack Overflow,1437,What is the best Python library to get morphemes (including the stem) from a word?,2020-06-05,Pre-GenAI
Stack Overflow,1438,Access Java object from JavaScript in GraalVM Polyglot context,2019-11-22,Pre-GenAI
Stack Overflow,1439,Graalvm Polyglot Thread issue in Java Spring boot application,2020-08-17,Pre-GenAI
Stack Overflow,1440,How discovery service works in polyglot micro services architecture?,2018-03-31,Pre-GenAI
Stack Overflow,1441,Polyglot persistece with a graph database for relationships is a good ideia?,2013-04-05,Pre-GenAI
Stack Overflow,1442,Do you have to use DockerHub with Spring Cloud Data Flow to use Python,2020-06-23,Pre-GenAI
Stack Overflow,1443,How to find same entities in numpy array?,2019-02-21,Pre-GenAI
Stack Overflow,1444,Segmentation fault with Python with install of PyICU,2019-02-08,Pre-GenAI
Stack Overflow,1445,Install NPM into home directory with distribution nodejs package (Ubuntu),2012-04-10,Pre-GenAI
Stack Overflow,1446,"Can a Maven solution have polyglot projects? (Java, Python, Scala)",2019-07-23,Pre-GenAI
Stack Overflow,1447,node.js define own modules with pretty name,2014-11-13,Pre-GenAI
Stack Overflow,1448,I&#39;m only seeing keys instead of translations in iOS app,2018-05-24,Pre-GenAI
Stack Overflow,1449,How to write python polyglot unittest for method using type function?,2020-06-24,Pre-GenAI
Stack Overflow,1450,Writing tests for Polyglot Springboot with both JPATest and MongoDB Test,2019-08-04,Pre-GenAI
Stack Overflow,1452,Error received when trying to install library &#39;pycld2&#39; on Windows 10,2019-01-09,Pre-GenAI
Stack Overflow,1453,com.oracle.truffle.polyglot.PolyglotImpl (in unnamed module) cannot access class org.graalvm.polyglo,2020-06-22,Pre-GenAI
Stack Overflow,1454,Import third party js files to angular typescript project,2018-05-24,Pre-GenAI
Stack Overflow,1456,Invalid inputs causes authentication bypass in polyglot JSON messaging system?,2013-10-21,Pre-GenAI
Stack Overflow,1457,IllegalStateException: No language and polyglot implementation was found on the classpath. Make sure,2019-01-27,Pre-GenAI
Stack Overflow,1458,Cannot start up rails server or rails console,2016-12-13,Pre-GenAI
Stack Overflow,1459,org.graalvm.polyglot.PolyglotException when &#39;(&#39; &#39;)&#39; used in regex in karate.match(),2022-09-28,Pre-GenAI
Stack Overflow,1460,Scala and Clojure both in one project,2012-03-13,Pre-GenAI
Stack Overflow,1461,"can&#39;t run cucumber scenarios due to test-unit version issue on Rails 2.3.5, Ruby 1.9.1",2010-05-03,Pre-GenAI
Stack Overflow,1462,Python as &quot;host&quot; language in graalvm,2019-07-01,Pre-GenAI
Stack Overflow,1464,Anaconda cannot install PyICU,2017-06-13,Pre-GenAI
Stack Overflow,1466,Tomcat vs Vert.x,2014-05-29,Pre-GenAI
Stack Overflow,1467,How to read geojson file using react?,2021-02-01,Pre-GenAI
Stack Overflow,1468,Remove @Spell from a syntax cluster,2020-03-09,Pre-GenAI
Stack Overflow,1469,AWS lambda: No language and polyglot implementation was found on the classpath. Make sure a language,2022-09-11,Pre-GenAI
Stack Overflow,1470,exception str() failed - py3,2020-06-22,Pre-GenAI
Stack Overflow,1471,Rails BDD with Cucumber: no such file to load -- cucumber-rails,2010-04-16,Pre-GenAI
Stack Overflow,1472,Having trouble getting cucumber 6.3 to run on rails 2.3.4,2010-03-17,Pre-GenAI
Stack Overflow,1473,pyicu on mac : ./common.h:38:13: error: unknown type name &#39;decltype&#39;,2018-04-24,Pre-GenAI
Stack Overflow,1474,Headless Browser and scraping - solutions,2013-08-30,Pre-GenAI
Stack Overflow,1475,How to add MS EDGE in Eclipse from MarketPlace or is there any source to import,2020-03-19,Pre-GenAI
Stack Overflow,1476,Can anyone give a brief overview of how to proceed with Named Entity Recognition in Tamil Language?,2016-12-16,Pre-GenAI
Stack Overflow,1478,CSS drop down menu doesn&#39;t work properly in Google Chrome (the submenus disappear on hover),2015-03-30,Pre-GenAI
Stack Overflow,1479,What is the best tool for creating a Java extension?,2009-03-23,Pre-GenAI
Stack Overflow,1481,TypeError: cannot use a string pattern on a bytes-like object - Py3,2020-06-21,Pre-GenAI
Stack Overflow,1482,How do I configure vim to set softtabs conditionally?,2014-03-04,Pre-GenAI
Stack Overflow,1483,GCC error installing pyICU on centos,2016-02-23,Pre-GenAI
Stack Overflow,1484,jQuery call function when language in selectbox is changed,2012-07-18,Pre-GenAI
Stack Overflow,1485,Continuous Integration for stack with Visual C++ and C#,2011-11-21,Pre-GenAI
Stack Overflow,1486,Does anyone know how to get SonarQube to analyze CoffeeScript?,2014-09-26,Pre-GenAI
Stack Overflow,1487,How do I source a zsh script from a bash script?,2022-04-18,Pre-GenAI
Stack Overflow,1488,unable to run Morphological Analysis,2016-10-24,Pre-GenAI
Stack Overflow,1489,Use a language dropdown selector to use a GET function to change language,2015-07-13,Pre-GenAI
Stack Overflow,1492,Using multiple Tech apps in CF,2017-01-02,Pre-GenAI
Stack Overflow,1494,Graal SDK works when the application runs but fails in unit test,2021-05-13,Pre-GenAI
Stack Overflow,1495,Distributing ruby gems in a C/C++ GNU autotools project,2015-08-02,Pre-GenAI
Stack Overflow,1496,Error installing Spree_Shared gem:,2014-09-26,Pre-GenAI
Stack Overflow,1497,bundling install with gem,2014-01-13,Pre-GenAI
Stack Overflow,1498,Transliterate sentence written in 2 different scripts to a single script,2021-04-01,Pre-GenAI
Stack Overflow,1500,How would I convert this c# code to vb.net?,2013-08-08,Pre-GenAI
Stack Overflow,1501,Prawn-gmagick conflit with RMagick,2015-05-27,Pre-GenAI
Stack Overflow,1502,"Nim: On mac, cannot open standard import",2015-08-10,Pre-GenAI
Stack Overflow,1503,Canvas-LMS - LoadError: cannot load such file -- parallel,2014-12-15,Pre-GenAI
Stack Overflow,1504,couldn&#39;t extend scala class from java class which has abstract function which takes inner class ,2021-09-28,Pre-GenAI
Stack Overflow,1505,Can&#39;t start unicorn in production - can&#39;t convert Pathname into String (TypeError),2012-06-04,Pre-GenAI
Stack Overflow,1506,Why doesn’t putchar require a header?,2014-05-20,Pre-GenAI
Stack Overflow,1508,AvailableOpenshift current (3.11) open source APM solutions,2019-03-23,Pre-GenAI
Stack Overflow,1509,What are the best algorithms to determine the language of text and to correct typos in python?,2019-11-17,Pre-GenAI
Stack Overflow,1510,How to Combine 2 Backend (PHP Laravel and Spring),2018-10-16,Pre-GenAI
Stack Overflow,1513,OpenJDK 64-Bit Server VM warning: forcing TieredStopAtLevel to full optimization because JVMCI is en,2020-07-16,Pre-GenAI
Stack Overflow,1514,Can I deploy multiple frameworks for an application on heroku?,2014-05-16,Pre-GenAI
Stack Overflow,1515,Migration from Maven 2/3 to Gradle,2011-10-10,Pre-GenAI
Stack Overflow,1516,Using multiple programming languages: what is the point?,2011-07-29,Pre-GenAI
Stack Overflow,1517,Scalatra set port on http server,2016-07-22,Pre-GenAI
Stack Overflow,1518,InvalidRequestException(why:line 1:184 mismatched character &#39;)&#39; expecting &#39;-&#39;),2016-05-11,Pre-GenAI
Stack Overflow,1519,Graal.js importing module causes org.graalvm.polyglot.PolyglotException: SyntaxError: Expected an op,2019-12-03,Pre-GenAI
Stack Overflow,1520,Anchor tag within div and ul won&#39;t work,2015-07-29,Pre-GenAI
Stack Overflow,1521,Spring cloud Data Flow Task sample python task not working,2022-09-20,Pre-GenAI
Stack Overflow,1522,Send data from Java to C++ Graalvm,2020-06-29,Pre-GenAI
Stack Overflow,1523,Position for arrow up and arrow down originally in single gif inside a Sprite image,2012-11-11,Pre-GenAI
Stack Overflow,1524,How to return all number of sentences instead of one?,2019-04-11,Pre-GenAI
Stack Overflow,1525,NeoVim Plugin not getting installed. (Using vim-plug),2020-10-22,Pre-GenAI
Stack Overflow,1526,How to find and match each elements of a list on each sentences?,2019-04-09,Pre-GenAI
Stack Overflow,1527,What is the Rails equivalent to PHP&#39;s echo(&quot;ok&quot;)?,2011-03-03,Pre-GenAI
Stack Overflow,1529,Powershell: Read a section of a file into a variable,2015-04-26,Pre-GenAI
Stack Overflow,1530,How to find which languages are being used in a given project running on GraalVM?,2019-11-14,Pre-GenAI
Stack Overflow,1531,Why is Rubygems not able to install Rails?,2013-11-08,Pre-GenAI
Stack Overflow,1533,Using RequireJS with Graal,2018-08-29,Pre-GenAI
Stack Overflow,1534,Are there a set of &quot;universal&quot; error/exception codes?,2011-01-17,Pre-GenAI
Stack Overflow,1535,Best frameworks or methods to write compilers targetting JVM?,2015-02-20,Pre-GenAI
Stack Overflow,1536,How to match Named Entities based on each sentence not through a file,2019-04-10,Pre-GenAI
Stack Overflow,1537,Converting unicode list to a readable format,2018-10-23,Pre-GenAI
Stack Overflow,1538,Cannot compile Spring Boot to native image with Python language support,2022-11-06,Pre-GenAI
Stack Overflow,1539,Spring Cloud Contract - Node.js as producer,2021-03-15,Pre-GenAI
Stack Overflow,1540,"Error : format&#39;%s&#39; expects argument of type &#39;char *&#39;, but argument 2 has type &#39;i",2015-12-11,Pre-GenAI
Stack Overflow,1541,GraalJS: how to get rid of these warnings?,2022-08-22,Pre-GenAI
Stack Overflow,1542,no suitable method found for configured finagle in Java code,2018-05-19,Pre-GenAI
Stack Overflow,1543,Set navigation bar title using string variable,2019-03-11,Pre-GenAI
Stack Overflow,1544,Shall I store small data set in Redshift or not?,2015-02-09,Pre-GenAI
Stack Overflow,1545,Is Neo4j Doc Manager still functional?,2021-12-27,Pre-GenAI
Stack Overflow,1546,Hot Reloading on GraalVM,2020-07-16,Pre-GenAI
Stack Overflow,1547,"Is it possible to avoid serialization when using the Vert.x eventbus &#39;locally&#39; (java, single",2018-07-17,Pre-GenAI
Stack Overflow,1548,How to configure js node stack size when using Graal?,2020-04-28,Pre-GenAI
Stack Overflow,1549,Karate - Setting global User-Agent header in karate-config.js,2022-08-02,Pre-GenAI
Stack Overflow,1550,Factorial Algorithms in different languages,2008-08-23,Pre-GenAI
Stack Overflow,1551,Scala 2.12 interop with java 1.8 doesn&#39;t compile for twitter finagle code,2018-05-18,Pre-GenAI
Stack Overflow,1552,rails win7 aptana debug server fail to start,2011-10-23,Pre-GenAI
Stack Overflow,1553,Multi-lingual projects in Visual Studio,2008-11-24,Pre-GenAI
Stack Overflow,1554,is Netifi client library available for languages other than java,2021-05-16,Pre-GenAI
Stack Overflow,1555,OneToMany relationship not working,2016-05-11,Pre-GenAI
Stack Overflow,1556,"Sharing files between microservices built in Node, React and Python in a monorepo",2021-04-08,Pre-GenAI
Stack Overflow,1557,Duplicate Jenkins groovy yaml reading &amp; writing on my workstation,2018-07-17,Pre-GenAI
Stack Overflow,1558,org.springframework.security.oauth2.provider.token.store.MongoDBTokenStore,2014-09-24,Pre-GenAI
Stack Overflow,1559,"How to take consistent backups when using multiple data stores? (Neo4j, Postgresql)",2014-04-04,Pre-GenAI
Stack Overflow,1560,nashorn CompiledScript graalvm equivalent,2018-11-26,Pre-GenAI
Stack Overflow,1561,Is there scala compiler option that makes ` Option[T](t).map(x =&gt; null)` return None instead of S,2021-04-25,Pre-GenAI
Stack Overflow,1562,java mixed with clojure in maven and eclipse,2013-01-01,Pre-GenAI
Stack Overflow,1563,Howto detect that maven plugin is executed inside maven project?,2016-03-29,Pre-GenAI
Stack Overflow,1564,Keeping data models in sync (MySQL and Neo4j),2016-12-18,Pre-GenAI
Stack Overflow,1565,"In vim, how does one apply autocommands for a filetype to a region of a file?",2014-08-01,Pre-GenAI
Stack Overflow,1566,"Can I run a micro cloudfoundry instance as a production server? Or, chef/puppet?",2013-02-19,Pre-GenAI
Stack Overflow,1567,Loading json into Neo4j Using &quot;apoc.load.json&quot; : Incomplete data retrieval,2019-06-05,Pre-GenAI
Stack Overflow,1568,Naming: BEGIN ~ END vs LIVE ~ EVIL block structured languages,2009-08-26,Pre-GenAI
Stack Overflow,1569,"After Rebooting RHEL Server, chef-server can&#39;t start",2012-11-21,Pre-GenAI
Stack Overflow,1570,Design MongoDB document to get desired Neo4j graph,2019-03-17,Pre-GenAI
Stack Overflow,1571,Configuring Google App Engine Python runtime on IntelliJ,2014-10-30,Pre-GenAI
Stack Overflow,1573,How can I use custom java type in Graal.js,2018-09-12,Pre-GenAI
Stack Overflow,1574,Simple front end application on EKS via AppMesh,2021-04-09,Pre-GenAI
Stack Overflow,1575,What is a good Sidekiq-like job system for node.js?,2016-03-04,Pre-GenAI
Stack Overflow,1576,Maven 3&#39;s support for Groovy poms,2012-09-29,Pre-GenAI
Stack Overflow,1577,"Why are Python, Ruby, and Node.js so much slower than Bash, AWK, Perl?",2017-09-14,Pre-GenAI
Stack Overflow,1578,What is the difference between Vert.x and Netty?,2017-07-20,Pre-GenAI
Stack Overflow,1579,JSON ad-hoc vs NoSQ document database for a embedded desktop software in Java,2014-09-04,Pre-GenAI
Stack Overflow,1580,How to install gems manually in heroku?,2017-08-03,Pre-GenAI
Stack Overflow,1581,Adding a AWS Lambda between API Gateway and Spring boot,2022-05-05,Pre-GenAI
Stack Overflow,1582,Jupyter as Zeppelin replacement: multi-lingual Spark,2018-08-14,Pre-GenAI
Stack Overflow,1585,I18n strategies for Go with App Engine,2013-01-02,Pre-GenAI
Stack Overflow,1586,Best approach to multilingual react webapp,2016-07-04,Pre-GenAI
Stack Overflow,1587,Vim got unexpectedly slow,2018-09-04,Pre-GenAI
Stack Overflow,1589,How to generate crate before Cargo build?,2022-09-09,Pre-GenAI
Stack Overflow,1590,Backbone Global Variable,2014-11-24,Pre-GenAI
Stack Overflow,1591,uninitialized constant DataShift::SpreeHelper::SpreeBaseLoader (NameError),2014-12-13,Pre-GenAI
Stack Overflow,1592,PHP and shell_exec,2010-11-18,Pre-GenAI
Stack Overflow,1593,how to make rails 3.0 default on mac?,2011-08-24,Pre-GenAI
Stack Overflow,1594,Karate - java 11 - Issues,2021-07-01,Pre-GenAI
Stack Overflow,1595,How to provide module definition when @types/x does not exist,2020-02-13,Pre-GenAI
Stack Overflow,1596,GraalVM build failure with &quot;Blocklisted methods are reachable for runtime compilation&quot;,2022-01-10,Pre-GenAI
Stack Overflow,1597,How to validate angular HTML templates,2015-01-26,Pre-GenAI
Stack Overflow,1598,IRB showing &quot;LoadError: cannot load such file -- nokogiri&quot; error when trying to require &q,2014-01-09,Pre-GenAI
Stack Overflow,1599,i had issue with installing &quot;icu&quot; in python 3.5 windows 10,2019-07-10,Pre-GenAI
Stack Overflow,1600,Angular mat autocomplete does not working in FormArray?,2020-09-29,Pre-GenAI
Stack Overflow,1601,Website with full-page sections in Drupal?,2016-07-27,Pre-GenAI
Stack Overflow,1603,Why org.graalvm.polyglot used instead of javax.script package on GraalVM Community Edition?,2019-09-02,Pre-GenAI
Stack Overflow,1604,Ruby on Rails: LoadError: No such file to load -- truncate_html.rb when trying to Migrate,2018-06-08,Pre-GenAI
Stack Overflow,1605,Why is my Node.js service stopping unexpectedly under GraalVM?,2021-07-22,Pre-GenAI
Stack Overflow,1606,How to iterate over a List of Maps and extract a piece of data from each map,2021-12-27,Pre-GenAI
Stack Overflow,1607,F# Event driven MVVM using WPF,2015-07-14,Pre-GenAI
Stack Overflow,1608,"Suggestion for Ancestry type Database: MongoDB, Redis, etc.?",2010-11-22,Pre-GenAI
Stack Overflow,1609,"Error: failed post-processing: 820:39: missing &#39;,&#39; in argument list",2021-12-15,Pre-GenAI
Stack Overflow,1610,Apply a git patch to a series of renamed files,2022-10-07,Pre-GenAI
Stack Overflow,1611,Is it possible to run a Python program within a Java &quot;GraalVM&quot; program?,2019-06-14,Pre-GenAI
Stack Overflow,1613,Robustly identify which shell is running,2013-03-26,Pre-GenAI
Stack Overflow,1614,How can I run multiple apps which that accept requests in Heroku?,2015-10-20,Pre-GenAI
Stack Overflow,1615,How to install Polynote on Windows?,2019-12-01,Pre-GenAI
Stack Overflow,1616,Type Error running feature in Rail&#39;s Cucumber,2009-09-26,Pre-GenAI
Stack Overflow,1617,Docker tar not found on nvm install node step,2019-02-20,Pre-GenAI
Stack Overflow,1618,Error on starting application Bundler::GemNotFound,2012-06-30,Pre-GenAI
Stack Overflow,1619,Understanding React-Admin translation,2020-02-25,Pre-GenAI
Stack Overflow,1620,"Gradle, IntelliJ and ScalaTest plugin: suddenly broken",2014-01-14,Pre-GenAI
Stack Overflow,1621,Injected members from the host language to arrive to guest language as guest language types,2018-08-06,Pre-GenAI
Stack Overflow,1622,Python 2 and Python 3 dual development,2012-07-07,Pre-GenAI
Stack Overflow,1623,What is ?. in Angular / Type Script,2021-04-22,Pre-GenAI
Stack Overflow,1624,Install mysql2 gem on Snow Leopard for Rails 3 with rvm,2010-11-28,Pre-GenAI
Stack Overflow,1625,NullReferenceException in Custom tag helper in MVc core 2,2018-01-18,Pre-GenAI
Stack Overflow,1627,Hide/close drop down automatically when other drop down is active/open,2015-04-23,Pre-GenAI
Stack Overflow,1628,ColdFusion/RabbitMQ Fails on factory.newConnection(),2016-03-01,Pre-GenAI
Stack Overflow,1629,Laravel package unit testing failing for helper function in config file (call to undefined method ba,2017-01-17,Pre-GenAI
Stack Overflow,1630,how can I ignore certain directories when initializing sorbet?,2020-06-21,Pre-GenAI
Stack Overflow,1631,How to avoid deadlock in printing alphanumeric numbers concurrently,2017-05-17,Pre-GenAI
Stack Overflow,1632,Error when I make a connection through sequel - mysql2 on AmazonWs,2012-08-28,Pre-GenAI
Stack Overflow,1633,Python Remove Spanish Words,2019-03-14,Pre-GenAI
Stack Overflow,1635,A few basic questions about getting started with Titan and Tinkerpop,2016-03-06,Pre-GenAI
Stack Overflow,1636,How do I save a Beaker notebook as straight python/r/...?,2016-04-04,Pre-GenAI
Stack Overflow,1637,Vim Vundle PluginInstall fails because of &quot;command not found&quot;,2020-07-21,Pre-GenAI
Stack Overflow,1638,getting error messsage when starting rails console:,2012-03-10,Pre-GenAI
Stack Overflow,1639,How to run docker command in Python SDK,2018-10-25,Pre-GenAI
Stack Overflow,1640,How to change the per-language configuration of setting &quot;editor.insertSpaces&quot; to &quot;aut,2015-05-05,Pre-GenAI
Stack Overflow,1641,Calling method leading to loss of array data (arguments passed),2020-02-13,Pre-GenAI
Stack Overflow,1642,GraalVM - embedding python multi-file project in java,2020-07-30,Pre-GenAI
Stack Overflow,1643,Can JVM bytecode running on the GraalVM be instrumented by a custom `TruffleInstrument`?,2020-05-15,Pre-GenAI
Stack Overflow,1644,"Error starting server with rails server, sqllite error",2013-05-11,Pre-GenAI
Stack Overflow,1645,Spring Cloud Configuration Server Through Sidecar,2016-03-04,Pre-GenAI
Stack Overflow,1646,on windows Mysql native extension prob in ruby on rails gem time,2011-09-01,Pre-GenAI
Stack Overflow,1647,Can I use Cucumber to test an application that uses more than one language?,2017-03-20,Pre-GenAI
Stack Overflow,1648,Overriding openshift maven script (jenkins gear),2013-09-16,Pre-GenAI
Stack Overflow,1649,Ruby gem error: no such file to load -- bundler,2010-05-03,Pre-GenAI
Stack Overflow,1650,How to combine strings and handles in liquid,2015-12-08,Pre-GenAI
Stack Overflow,1651,How to handle transaction in event driven architecture?,2014-03-04,Pre-GenAI
Stack Overflow,1652,Testing Twig and HTML in a continuous integration environment,2013-01-23,Pre-GenAI
Stack Overflow,1653,Is using TransactionScope in Entity Framework queries a good idea?,2015-03-05,Pre-GenAI
Stack Overflow,1654,Not in GraalVM JS runtime?,2021-02-09,Pre-GenAI
Stack Overflow,1655,Node.js socket.send( ) functions failing to complete before exit,2015-04-27,Pre-GenAI
Stack Overflow,1656,What&#39;s the most complex/powerful code you can write that&#39;s valid in a maximum number of lang,2010-10-26,Pre-GenAI
Stack Overflow,1657,avro AVSC (json) file array or schema re-use,2021-03-02,Pre-GenAI
Stack Overflow,1658,Running websocket server with stomp,2013-04-11,Pre-GenAI
Stack Overflow,1659,Spring Cloud Data Flow topics creation for Kafka,2019-12-14,Pre-GenAI
Stack Overflow,1660,PATH variable not updating when sourcing .bashrc inside vim,2015-01-19,Pre-GenAI
Stack Overflow,1661,Getting this error:Use RbConfig instead of obsolete and deprecated Config on running &quot;rake db:m,2014-07-15,Pre-GenAI
Stack Overflow,1662,"In Grunt, no targets found",2013-09-05,Pre-GenAI
Stack Overflow,1663,Redmine plugins are not shows,2016-09-26,Pre-GenAI
Stack Overflow,1664,"Rails spree commerce,spree install error",2013-07-07,Pre-GenAI
Stack Overflow,1665,Combining SQL and NOSQL databases using Hibernate ORM and OGM,2014-07-30,Pre-GenAI
Stack Overflow,1666,What happens if you use the 32-bit int 0x80 Linux ABI in 64-bit code?,2017-09-07,Pre-GenAI
Stack Overflow,1667,Factory_girl and Factory_girl_rails conflict error,2011-09-10,Pre-GenAI
Stack Overflow,1668,What languages are used in Stack Overflow&#39;s 404 polygot?,2010-12-02,Pre-GenAI
Stack Overflow,1669,Setting up Clojure code in Eclipse for both REPL and application deployment,2012-02-19,Pre-GenAI
Stack Overflow,1670,"Rails3, cucumber problem",2010-07-18,Pre-GenAI
Stack Overflow,1671,How to deal with completely dynamic JSON responses,2018-01-30,Pre-GenAI
Stack Overflow,1672,Organizing the source code base when mixing two or more languages (like Java and C++),2008-09-24,Pre-GenAI
Stack Overflow,1673,"Simplest treetop grammar is returning a parse error, just learning",2011-07-21,Pre-GenAI
Stack Overflow,1674,LoadError: cannot load such file -- spree/core/preference_rescue,2015-04-18,Pre-GenAI
Stack Overflow,1676,Local rails instance errors on turbolinks call,2013-08-11,Pre-GenAI
Stack Overflow,1677,"Why can I combine `Plug` and `set` in vimrc, but cannot `nnoremap`?",2020-12-20,Pre-GenAI
Stack Overflow,1678,Spring Contracts generated from Spring RestDocs: ignoring headers,2018-10-30,Pre-GenAI
Stack Overflow,1679,Python PHP SOA design,2011-07-17,Pre-GenAI
Stack Overflow,1680,Rails 3.1.0.rc4: 304 Not Modified. Is there any known working configuration?,2011-06-29,Pre-GenAI
Stack Overflow,1681,Prevent R script from finishing when scheduling fixed delay executor,2021-12-29,Pre-GenAI
Stack Overflow,1682,cuke4nuke install issues,2010-02-12,Pre-GenAI
Stack Overflow,1683,"Rails app works locally, crashes on Heroku",2011-09-19,Pre-GenAI
Stack Overflow,1684,RubyMine JRuby-1.7.0 Breakpoint from Unit Test or Script,2016-07-02,Pre-GenAI
Stack Overflow,1685,How do you manually mock one of your own files in Jest?,2015-02-14,Pre-GenAI
Stack Overflow,1686,Libv8 error when deploying a rails app to a Ubuntu 10.04 VPS,2013-02-19,Pre-GenAI
Stack Overflow,1687,How can I resolve these errors when I open a file with vim?,2021-05-01,Pre-GenAI
Stack Overflow,1688,"Export GitHub Repository Files to a Usable JAR executable file, issues",2017-08-10,Pre-GenAI
Stack Overflow,1689,`require&#39;: libruby.so.1.8: cannot open shared object file: No such file or directory - /app/path,2020-07-14,Pre-GenAI
Stack Overflow,1690,Low latency web server/load balancer for the non-Twitters of the world,2011-12-29,Pre-GenAI
Stack Overflow,1691,Product Catalog - Document Store or Column Family Store,2013-06-12,Pre-GenAI
Stack Overflow,1692,How to get Graal SDK packages to work without Maven?,2018-09-03,Pre-GenAI
Stack Overflow,1693,Tokenizing mutliple language text in python,2018-10-22,Pre-GenAI
Stack Overflow,1694,Vim - Inserting Newlines in Python is Extremely Slow,2019-07-07,Pre-GenAI
Stack Overflow,1695,options_for_select default selection breaks under passenger,2012-03-15,Pre-GenAI
Stack Overflow,1696,&quot;Rake/rdoc task is obsolete&quot; message ... and none of the fixes online here are working,2013-04-04,Pre-GenAI
Stack Overflow,1697,Unable to run rails s on osx,2013-08-27,Pre-GenAI
Stack Overflow,1698,Requirejs r.js optimization,2015-11-16,Pre-GenAI
Stack Overflow,1699,Replace nashorn with graalVM,2019-11-05,Pre-GenAI
Stack Overflow,1700,How do I use GraalVM SDK libraries with a java application?,2020-10-31,Pre-GenAI
Stack Overflow,1701,rake db:migrate giving error for mysql2,2011-07-18,Pre-GenAI
Stack Overflow,1702,Should Gemfile.lock be committed to source control on Windows?,2012-12-25,Pre-GenAI
Stack Overflow,1703,Ruby json gem not showing after install,2013-01-12,Pre-GenAI
Stack Overflow,1704,Can Perl and Batch run in the same batch file?,2010-06-17,Pre-GenAI
Stack Overflow,1705,bundle install not installing all dependencies,2011-08-14,Pre-GenAI
Stack Overflow,1706,Running &quot;bundle install&quot; fails and asks me to run &quot;bundle install&quot;,2011-08-07,Pre-GenAI
Stack Overflow,1707,GraalVM + Nashorn Cannot extend classes,2018-02-11,Pre-GenAI
Stack Overflow,1708,Ruby on Rails - New to Ruby help with rake db:migrate,2011-08-28,Pre-GenAI
Stack Overflow,1709,Facing problem with running configuring environment for cucumber / rspec on ubuntu,2010-01-26,Pre-GenAI
Stack Overflow,1710,Why do I get uninitialized constant Spree::Admin::CheckoutsController (NameError) for my decorator?,2016-04-04,Pre-GenAI
Stack Overflow,1711,WebfactoryPolyglotBundle use causes error &quot;No mapping found for field &#39;id&#39; on class &#3,2019-11-15,Pre-GenAI
Stack Overflow,1712,Version management of gems while working with ruby on rails,2013-07-02,Pre-GenAI
Stack Overflow,1713,First RoR installation. Two &quot;lib&quot; files are not found. Is it normal?,2013-02-19,Pre-GenAI
Stack Overflow,1714,JSF RichFaces locale dropdown list with flag icons,2013-04-05,Pre-GenAI
Stack Overflow,1715,What is wrong with this python code (list operation)?,2019-02-21,Pre-GenAI
Stack Overflow,1716,How exactly do I install restful authentication plugin in rails 3?,2010-10-27,Pre-GenAI
Stack Overflow,1717,"New Rails app tries to use jruby on &quot;bundle install&quot; when I expect it to use regular ruby,",2011-12-08,Pre-GenAI
Stack Overflow,1718,Is there a Neo4j Graph Storage documentation?,2019-04-16,Pre-GenAI
Stack Overflow,1719,renv + venv + jupyterlab + IRkernel: will it blend?,2022-02-23,Pre-GenAI
Stack Overflow,1720,Why are there missing file names and lines in Ruby 2.1&#39;s ObjectSpace.dump_all heap output?,2014-09-05,Pre-GenAI
Stack Overflow,1721,Jest and Enzyme with React: Mock method with Translate,2017-07-04,Pre-GenAI
Stack Overflow,1722,Initialization of static fields in C# generic types,2011-03-01,Pre-GenAI
Stack Overflow,1723,Where does Elixir/erlang fit into the microservices approach?,2015-05-24,Pre-GenAI
Stack Overflow,1724,rspec w/IronRuby missing be_* methods,2012-07-23,Pre-GenAI
Stack Overflow,1725,How to implement role-based Authorization for Python REST API?,2016-07-22,Pre-GenAI
Stack Overflow,1726,no such file to load -- bundler/setup with redmine 2.2.2 and ubuntu 10.04,2013-02-03,Pre-GenAI
Stack Overflow,1727,Running a Javascript-based CSS reducing utility from GraalVM Java/Spring,2020-07-19,Pre-GenAI
Stack Overflow,1728,Heroku is trying to install sqlite3 gem even it not being in the Gemfile,2011-10-16,Pre-GenAI
Stack Overflow,1729,Golang Mongodb insertOne returns empty ID ObjectID(&quot;000000000000000000000000&quot;),2020-04-13,Pre-GenAI
Stack Overflow,1730,Gradle idea plugin excluded transitive dependency from other sub-project not excluded,2014-02-10,Pre-GenAI
Stack Overflow,1731,How to prevent rails from caching Model.all query,2012-06-13,Pre-GenAI
Stack Overflow,1732,Language picker drop down list as html helper or partial + implementation,2013-06-16,Pre-GenAI
Stack Overflow,1733,Current idiom for removing &#39;surrogateescape&#39; characters fron a decoded string,2019-04-30,Pre-GenAI
Stack Overflow,1735,Cucumber can&#39;t find installed gems,2010-03-19,Pre-GenAI
Stack Overflow,1736,Cannot load such file -- google-search,2014-09-11,Pre-GenAI
Stack Overflow,1737,Spree_fancy sass source maps issue rails,2014-01-31,Pre-GenAI
Stack Overflow,1738,What do Azure Cloud Service Endpoints actually configure?,2017-05-10,Pre-GenAI
Stack Overflow,1740,"Is this format: &quot;U+043E;U+006F,U+004D&quot; some sort of encoding standard and does java offer ",2021-02-01,Pre-GenAI
Stack Overflow,1741,Rails can not find rake gem?,2011-07-17,Pre-GenAI
Stack Overflow,1743,How do I integrate my Java program into a project written in C#?,2014-05-23,Pre-GenAI
Stack Overflow,1744,sass @import issue,2013-01-06,Pre-GenAI
Stack Overflow,1745,How can I fix Error loading RubyGems plugin?,2011-08-27,Pre-GenAI
Stack Overflow,1746,rake db:create error with mysql2 gem (Couldn&#39;t create database for {&quot;adapter&quot;=&gt;&quo,2013-10-27,Pre-GenAI
Stack Overflow,1747,NeoVim Error492 &quot;Not a Plugin Command: PlugInstall&quot;,2021-05-29,Pre-GenAI
Stack Overflow,1748,Is it possible to embed a Ruby code into batch-file?,2016-01-29,Pre-GenAI
Stack Overflow,1750,could not find ZenTest-4.11.0 in any any of the source,2016-04-12,Pre-GenAI
Stack Overflow,1751,Formtastic Gem issues with Rails 4 upgrade,2017-03-27,Pre-GenAI
Stack Overflow,1753,Set a defined stdout output area for Windows batch output?,2017-06-18,Pre-GenAI
Stack Overflow,1754,RVM install system wide Git dependency,2010-12-24,Pre-GenAI
Stack Overflow,1755,Consuming resources from a React Admin app in another React Admin app,2019-07-02,Pre-GenAI
Stack Overflow,1756,GraalVM: How do I import libraries from different languages in a single project? I am using IntelliJ,2021-07-23,Pre-GenAI
Stack Overflow,1757,Gradle and IntelliJ with mixed Java/Scala project and SDK 1.6,2013-12-13,Pre-GenAI
Stack Overflow,1759,Rails 3 on windows - server is frozen (does not respond) on Ruby 1.8.7,2010-11-15,Pre-GenAI
Stack Overflow,1760,Proper return type for Redux action,2020-02-17,Pre-GenAI
Stack Overflow,1761,Importing a local python file in an embedded graalpython script fails,2022-06-22,Pre-GenAI
Stack Overflow,1762,Treetop basic parsing and regular expression usage,2010-03-08,Pre-GenAI
Stack Overflow,1763,Why does bundler keep installing gems I already have?,2012-08-20,Pre-GenAI
Stack Overflow,1764,What is the exhaustive list of guidelines/practices/rules to fully conform with functional paradigm?,2017-04-06,Pre-GenAI
Stack Overflow,1765,How to retrieve MYSQL * native connection from _mysql and/or MySQLdb connection?,2018-10-07,Pre-GenAI
Stack Overflow,1766,Trying to Setup an ROR environment with Rails 4.0.0 but Webrick Webserver will not run uaing Rails s,2013-07-11,Pre-GenAI
Stack Overflow,1767,RSpec Gem does not seem to install dependencies,2009-03-15,Pre-GenAI
Stack Overflow,1768,Task Queues with Coldfusion,2016-02-02,Pre-GenAI
Stack Overflow,1769,Cannot install spree gem - ERROR: invalid gem: package is corrupt,2014-11-24,Pre-GenAI
Stack Overflow,1772,What&#39;s wrong with my Treetop grammar?,2012-11-30,Pre-GenAI
Stack Overflow,1773,Rails: Can&#39;t run DB Rake on OS X 10.6 because gem SQL lite cannot be found,2011-06-09,Pre-GenAI
Stack Overflow,1774,undefined method table_alias,2012-08-29,Pre-GenAI
Stack Overflow,1775,Could not find generator spree_simple_sales:install,2013-10-05,Pre-GenAI
Stack Overflow,1776,set up ruby on rails and mongodb on ubuntu 11.04,2011-11-04,Pre-GenAI
Stack Overflow,1777,Errno::ENOENT after problemless start,2011-02-26,Pre-GenAI
Stack Overflow,1778,rspec triggers &quot;DEPRECATION WARNING: The InstanceMethods module inside ActiveSupport::Concern w,2012-05-26,Pre-GenAI
Stack Overflow,1779,why &quot;gem list&quot; display two version numbers?,2012-11-14,Pre-GenAI
Stack Overflow,1780,Change rails version used by rvm,2013-08-17,Pre-GenAI
Stack Overflow,1781,Rails 3 not loading HAML handler,2011-06-03,Pre-GenAI
Stack Overflow,1782,Unable to start any debugging session in Aptana 3,2014-05-04,Pre-GenAI
Stack Overflow,1783,How is the distinction made which variables are passed by reference?,2021-09-25,Pre-GenAI
Stack Overflow,1784,&#39;Could not find pg-0.12.2 in any of the sources&#39; when running rspec,2013-04-04,Pre-GenAI
Stack Overflow,1785,microservice messaging db-assigned identifiers,2016-04-14,Pre-GenAI
Stack Overflow,1786,vim - How to Split single line Array literal into multiple lines?,2022-03-06,Pre-GenAI
Stack Overflow,1787,"Hyphen, underscore, or camelCase as word delimiter in URIs?",2012-04-24,Pre-GenAI
Stack Overflow,1788,Cultural issues in programming languages,2009-06-28,Pre-GenAI
Stack Overflow,1789,How often is the performance of a programming language a significant issue?,2009-05-19,Pre-GenAI
Stack Overflow,1790,What programming languages support running in a limited manner for security and what proven issues c,2021-10-13,Pre-GenAI
Stack Overflow,1791,Does it make sense to call continuation-passing style the rescue for functional programming language,2020-11-03,Pre-GenAI
Stack Overflow,1792,Why are Rust executables so huge?,2015-03-12,Pre-GenAI
Stack Overflow,1793,Issue regarding Hmac SHA256 in different programming languages,2019-03-06,Pre-GenAI
Stack Overflow,1795,How/why do functional languages (specifically Erlang) scale well?,2009-01-23,Pre-GenAI
Stack Overflow,1796,Issue with help utility in Factor programming language,2017-08-07,Pre-GenAI
Stack Overflow,1797,How do programming languages handle huge number arithmetic,2009-09-17,Pre-GenAI
Stack Overflow,1798,Swift Beta performance: sorting arrays,2014-06-08,Pre-GenAI
Stack Overflow,1799,Why no programming in English? What is the difference between natural languages and programming lang,2013-10-09,Pre-GenAI
Stack Overflow,1800,Syntax highlighting on GitHub&#39;s Wiki: Specifying the programming language,2012-07-19,Pre-GenAI
Stack Overflow,1801,Limitations (drawbacks) of java programming language?,2013-08-13,Pre-GenAI
Stack Overflow,1802,"are big programming languages implemented using tools like antlr ,javacc etc",2010-08-05,Pre-GenAI
Stack Overflow,1804,Are there statically-typed programming-languages with inheritance where method parameters are contra,2011-11-17,Pre-GenAI
Stack Overflow,1805,Why do most programming languages only have binary equality comparison operators?,2010-07-08,Pre-GenAI
Stack Overflow,1806,Understanding the parameter passing issue in programming languages,2013-06-02,Pre-GenAI
Stack Overflow,1807,How do programming languages maintain backwards-compatibility AND fix design mistakes?,2009-08-12,Pre-GenAI
Stack Overflow,1808,Any reference resource for programming language UI experience?,2012-12-21,Pre-GenAI
Stack Overflow,1809,Is there anything preventing interoperability between modern languages and COBOL?,2020-04-12,Pre-GenAI
Stack Overflow,1810,Github programming language tag,2021-07-31,Pre-GenAI
Stack Overflow,1811,Issue with C programming language FOR loop,2019-12-23,Pre-GenAI
Stack Overflow,1812,Which programming languages have arbitrary precision floating-point literals?,2014-01-15,Pre-GenAI
Stack Overflow,1813,Are Databases and Functional Programming at odds?,2008-12-01,Pre-GenAI
Stack Overflow,1814,Literate programming in multiple languages,2015-04-01,Pre-GenAI
Stack Overflow,1815,"Issue with &quot;grading&quot; exercice from C programming language textbook, Joy of C",2014-06-04,Pre-GenAI
Stack Overflow,1816,Programming Language Choices for High Integrity Systems,2010-05-03,Pre-GenAI
Stack Overflow,1817,"What are some of the common performance issues, irrespective of programming language?",2011-03-01,Pre-GenAI
Stack Overflow,1818,Secure programming in dynamic languages,2009-04-23,Pre-GenAI
Stack Overflow,1819,Is premature optimization in SQL as &quot;evil&quot; as it is in procedural programming languages?,2010-02-15,Pre-GenAI
Stack Overflow,1820,Can we have one single app with two different projects in two different programming languages?,2018-02-19,Pre-GenAI
Stack Overflow,1821,Suggestions to learn any programming language after Matlab,2010-07-07,Pre-GenAI
Stack Overflow,1822,web programming language benchmarks?,2009-10-06,Pre-GenAI
Stack Overflow,1823,The Commutative Property in C and other Programming Languages,2013-12-03,Pre-GenAI
Stack Overflow,1824,The Swift Programming Language - Generics - issue with Where clauses,2017-11-09,Pre-GenAI
Stack Overflow,1825,Can I Place a Program Written in the Java Programming Language on the Internet in a Way that Others ,2013-09-15,Pre-GenAI
Stack Overflow,1826,Do numerical programming languages distinguish between a &quot;largest finite number&quot; and &quot,2015-04-25,Pre-GenAI
Stack Overflow,1827,In what languages references are non-nullable by default?,2011-03-07,Pre-GenAI
Stack Overflow,1828,Pass by reference (aliasing issue),2013-09-30,Pre-GenAI
Stack Overflow,1829,"Multi-Core and Concurrency - Languages, Libraries and Development Techniques",2008-09-23,Pre-GenAI
Stack Overflow,1830,Disadvantages of First-class functions,2009-11-25,Pre-GenAI
Stack Overflow,1831,How would I go about Implementing A Simple Stack-Based Programming Language,2012-11-20,Pre-GenAI
Stack Overflow,1832,Word boundery in PHP,2013-03-25,Pre-GenAI
Stack Overflow,1833,Functional programming - is immutability expensive?,2010-11-04,Pre-GenAI
Stack Overflow,1834,Embedded SQL directly vs calling as an API,2019-02-20,Pre-GenAI
Stack Overflow,1835,Search for a word in a DataFrame column and ignore regex and substring,2022-02-02,Pre-GenAI
Stack Overflow,1837,"Why are the C# and ECMAScript ISO standards freely available, but not C/C++?",2017-06-30,Pre-GenAI
Stack Overflow,1838,Select the top 2 applicants based on cognitive score by programming language,2022-11-23,Pre-GenAI
Stack Overflow,1839,Using D Programming Language for .NET-Projects,2011-04-11,Pre-GenAI
Stack Overflow,1840,state of web development using functional programming language,2009-08-04,Pre-GenAI
Stack Overflow,1841,python implemented in assembly,2011-01-18,Pre-GenAI
Stack Overflow,1842,Problems compiling the Shakespeare Programming Language? spl2c,2017-04-07,Pre-GenAI
Stack Overflow,1843,"How to build/compile C++, Java and Python projects?",2010-11-08,Pre-GenAI
Stack Overflow,1844,Why aren&#39;t programs written in Assembly more often?,2010-04-21,Pre-GenAI
Stack Overflow,1845,Do functional languages cope well with complexity?,2010-02-02,Pre-GenAI
Stack Overflow,1846,"Loss of precision on decimal, possible formatting issue? C programming language",2015-03-18,Pre-GenAI
Stack Overflow,1847,How to select the programming language?,2013-01-21,Pre-GenAI
Stack Overflow,1848,Structure null character(\0) issue with strings in C programming Language,2018-02-17,Pre-GenAI
Stack Overflow,1850,Reinitialising an array after creation,2016-05-29,Pre-GenAI
Stack Overflow,1851,"A couple of questions about programming in Xcode 4.2, Bugs or just bad programming?",2011-11-28,Pre-GenAI
Stack Overflow,1852,How to write and compile a mixed programming language (C and FORTRAN) in Eclipse,2013-01-19,Pre-GenAI
Stack Overflow,1853,Which languages have &quot;documented undefined behavior&quot;?,2019-10-23,Pre-GenAI
Stack Overflow,1854,ModuleNotFoundError: No module named &#39;librosa&#39; with python programming language,2021-03-18,Pre-GenAI
Stack Overflow,1855,How to determine the programming language,2022-01-11,Pre-GenAI
Stack Overflow,1856,Pseudo Code to Java translation error,2014-11-17,Pre-GenAI
Stack Overflow,1857,(strongly vs weakly) typed AND (statically vs dynamically) typed languages and Moore&#39;s law,2009-10-10,Pre-GenAI
Stack Overflow,1858,Terms to distinguish Java programming language monitor and wait/notify monitors,2011-05-05,Pre-GenAI
Stack Overflow,1859,"Have J style adverbs, forks etc been emulated via libraries in mainstream functional languages?",2010-08-03,Pre-GenAI
Stack Overflow,1860,linking issue with assembly language program,2018-06-05,Pre-GenAI
Stack Overflow,1862,How can I use the same regular expression in different programming languages?,2011-12-21,Pre-GenAI
Stack Overflow,1863,My programming language&#39;s parser wont check anything after the first block or first statement an,2021-03-24,Pre-GenAI
Stack Overflow,1866,count digits white space and others in C,2015-08-03,Pre-GenAI
Stack Overflow,1867,Are there any official naming conventions for R?,2012-04-04,Pre-GenAI
Stack Overflow,1868,Sr Programming Language Install On Ubuntu 14.04 Compiler Errors,2015-12-02,Pre-GenAI
Stack Overflow,1869,String.Replace only replaces first occurrence of matched string. How to replace *all* occurrences?,2016-05-12,Pre-GenAI
Stack Overflow,1870,How does Access/VBA handle division by null?,2014-08-20,Pre-GenAI
Stack Overflow,1872,Conversion script,2011-01-28,Pre-GenAI
Stack Overflow,1873,What languages allow cross-platform native executables to be created?,2010-05-01,Pre-GenAI
Stack Overflow,1874,Storing data in memcache to be accessed by different languages,2011-09-30,Pre-GenAI
Stack Overflow,1875,What about non calculus programming?,2009-02-14,Pre-GenAI
Stack Overflow,1876,Which programming language to scrape data from web and do api calls at the same time?,2012-05-31,Pre-GenAI
Stack Overflow,1877,Is Python&#39;s flexibility in the types of list elements a consequence of dynamic typing?,2022-08-23,Pre-GenAI
Stack Overflow,1878,What features are important in a programming language for young beginners?,2010-03-25,Pre-GenAI
Stack Overflow,1879,Object-oriented programming in a purely functional programming context?,2010-11-06,Pre-GenAI
Stack Overflow,1880,Putting an int in an int pointer gives runtime error in C .,2013-02-04,Pre-GenAI
Stack Overflow,1881,"Java Generics and C++ templates, which to be preferred if generated code size matters?",2013-05-24,Pre-GenAI
Stack Overflow,1883,2 approaches in exception handling,2017-09-07,Pre-GenAI
Stack Overflow,1884,Making a private function public in C++,2014-07-08,Pre-GenAI
Stack Overflow,1885,Low level programming C/C++,2013-07-20,Pre-GenAI
Stack Overflow,1886,How does full-text search snowball algorithm interpret words of an unspecified language,2021-05-27,Pre-GenAI
Stack Overflow,1887,How does one do an else statement in Coq&#39;s functional programming language?,2019-01-22,Pre-GenAI
Stack Overflow,1888,What&#39;s the benefit of the trailing apostrophe in character literals,2017-08-03,Pre-GenAI
Stack Overflow,1889,rand function issues in C,2014-02-02,Pre-GenAI
Stack Overflow,1890,Is WS-Security truly interoperable across platforms?,2009-06-10,Pre-GenAI
Stack Overflow,1891,Can a programming language be part of a platform? (C# and Java related),2010-08-31,Pre-GenAI
Stack Overflow,1892,Providing a type system for the parser/lexer specification?,2020-07-24,Pre-GenAI
Stack Overflow,1893,Are surrogate pairs the only way to represent code points larger than 2 bytes in UTF-16?,2014-12-10,Pre-GenAI
Stack Overflow,1894,Pros and cons of using recursive JavaScript functions for synchronization,2014-11-04,Pre-GenAI
Stack Overflow,1895,Where to store proto files which are shared among projects?,2019-05-16,Pre-GenAI
Stack Overflow,1896,Algorithm to extract combinations of array,2021-09-27,Pre-GenAI
Stack Overflow,1897,Ruby&#39;s File.open and the need for f.close,2011-01-25,Pre-GenAI
Stack Overflow,1898,GitHub wikis and Markdown,2012-09-19,Pre-GenAI
Stack Overflow,1899,How does ironpython speed compare to other .net languages?,2009-11-07,Pre-GenAI
Stack Overflow,1900,proper licensing for a website built using twitter bootstrap,2012-10-01,Pre-GenAI
Stack Overflow,1901,Java SE memory management vs Scala memory management,2018-12-06,Pre-GenAI
Stack Overflow,1902,Does the portability feature of Java is proved in exception handling?,2017-09-07,Pre-GenAI
Stack Overflow,1903,JavaScript as a first programming language?,2012-01-09,Pre-GenAI
Stack Overflow,1904,General SVM implementation,2012-08-27,Pre-GenAI
Stack Overflow,1905,"If all strings either need a length or null terminator, how do high level languages just construct a",2020-06-13,Pre-GenAI
Stack Overflow,1906,What is this error ? It&#39;s an digital assistant,2020-06-26,Pre-GenAI
Stack Overflow,1907,When its enough for a programming language that you need to switch to another?,2010-02-01,Pre-GenAI
Stack Overflow,1908,Why functional languages are amenable to parallelization?,2014-03-07,Pre-GenAI
Stack Overflow,1909,Modified Colemak for Programming,2013-02-20,Pre-GenAI
Stack Overflow,1910,"How to get opposite user&#39;s &#39;typing...&#39; information in 1-to-1 chat using PHP, jQuery/Ajax",2018-11-29,Pre-GenAI
Stack Overflow,1911,Non-English domain naming issues in programming,2009-03-26,Pre-GenAI
Stack Overflow,1912,Converting base 20 to int,2019-03-05,Pre-GenAI
Stack Overflow,1913,Rotate 2d Array elements counter clockwise k times | C language,2021-12-05,Pre-GenAI
Stack Overflow,1914,Java Applet Closes IE for Users not Admins - where is JAVAPOLICY.EXE file?,2009-04-08,Pre-GenAI
Stack Overflow,1915,Connecting C socket client to a C# socket server,2011-09-14,Pre-GenAI
Stack Overflow,1916,Multiple client-server socket programming,2019-03-30,Pre-GenAI
Stack Overflow,1917,Why/when to use floats instead of BigDecimal,2017-05-08,Pre-GenAI
Stack Overflow,1918,What are inconveniences of using UTF-8 instead of wchar_t with non-Western languages?,2014-05-11,Pre-GenAI
Stack Overflow,1920,CODESYS safety programming: SIL2 package and PLCopen specification,2022-08-22,Pre-GenAI
Stack Overflow,1921,Which Languages Does UTF-8 Not Support?,2013-03-27,Pre-GenAI
Stack Overflow,1922,Good dynamic programming language for .net recommendation,2008-10-05,Pre-GenAI
Stack Overflow,1923,Write a function in c that includes the following sequence of statements [Wont Compile],2010-03-16,Pre-GenAI
Stack Overflow,1924,16-digit number manipulation on a 32-bit programming language,2020-05-26,Pre-GenAI
Stack Overflow,1925,Why didn&#39;t they design array index to start from 1?,2016-03-11,Pre-GenAI
Stack Overflow,1926,How to use the actor model in a Java EE servlet environment?,2012-05-21,Pre-GenAI
Stack Overflow,1927,Java - Why does 0 % 3 return 0?,2014-08-06,Pre-GenAI
Stack Overflow,1928,Very basic example code of &quot;The C Programming Language&quot; doesn&#39;t work like expected?,2011-11-29,Pre-GenAI
Stack Overflow,1929,how can I create a printable invoice with non-English characters by using any programming language?,2019-10-08,Pre-GenAI
Stack Overflow,1930,What is Dynamic Code Evaluation as mentioned by John Resig,2013-10-27,Pre-GenAI
Stack Overflow,1932,Erlang concurrency and core management,2016-12-13,Pre-GenAI
Stack Overflow,1933,WebStorm autocomplete for npm modues,2020-03-21,Pre-GenAI
Stack Overflow,1934,Find all hardcoded strings in React/Node project,2021-02-19,Pre-GenAI
Stack Overflow,1935,Connecting UNIX through VB and return the results for the commands fired in a variable,2016-05-23,Pre-GenAI
Stack Overflow,1936,Programming language and O/S for a kiosk based system,2010-07-29,Pre-GenAI
Stack Overflow,1937,Are functional languages inherently more parallelizable than their OO or imperative cousins?,2009-03-11,Pre-GenAI
Stack Overflow,1939,scala parameter partial application,2022-03-04,Pre-GenAI
Stack Overflow,1940,String To Lower/Upper in C++,2008-08-14,Pre-GenAI
Stack Overflow,1941,redefinition of function &#39;main&#39; gtk program,2021-08-12,Pre-GenAI
Stack Overflow,1942,Assembling complex multidimensional dictionaries dynamically for JSON in Swift,2015-10-13,Pre-GenAI
Stack Overflow,1943,Error in untar( ) while using R,2014-01-14,Pre-GenAI
Stack Overflow,1944,hangman program (C language) array issue,2017-11-28,Pre-GenAI
Stack Overflow,1945,Fetch json field value from curl response in github action,2022-03-05,Pre-GenAI
Stack Overflow,1946,Is there a way to read and write a mysqldatabase with ajax?,2011-11-28,Pre-GenAI
Stack Overflow,1947,Compiling and executing the Shakespeare Programming Language translator spl2c on Mac OS X 10.6 resul,2009-12-22,Pre-GenAI
Stack Overflow,1948,Parse text file and create an excel report,2010-10-22,Pre-GenAI
Stack Overflow,1949,what type of printer to print QR code and how to print qr code with php?,2017-11-15,Pre-GenAI
Stack Overflow,1950,Turing complete and parallel programming (true concurrency),2011-08-28,Pre-GenAI
Stack Overflow,1951,How to accurately round half up with tensorflow,2019-02-21,Pre-GenAI
Stack Overflow,1952,Uninstalling Lua,2021-08-31,Pre-GenAI
Stack Overflow,1953,Getting Embedded with D (the programming language),2009-07-30,Pre-GenAI
Stack Overflow,1955,What&#39;s the programming language of this code snippet?,2013-07-26,Pre-GenAI
Stack Overflow,1956,Client/Server communication in C programming,2015-03-07,Pre-GenAI
Stack Overflow,1957,What are these last lines of code doing in Exercise 1-13 of K &amp; R&#39;s The C Programming Langua,2014-11-01,Pre-GenAI
Stack Overflow,1958,Missing operand error in Ada,2015-03-04,Pre-GenAI
Stack Overflow,1959,Easiest Way To Get Started In Dot Net,2010-05-10,Pre-GenAI
Stack Overflow,1962,Issues with variable scope I am sure,2011-09-30,Pre-GenAI
Stack Overflow,1963,Mixing traits at runtime dynamically,2016-03-31,Pre-GenAI
Stack Overflow,1964,Why are constructors in class-structured languages generally regarded as threadsafe?,2014-01-01,Pre-GenAI
Stack Overflow,1965,Is literate programming in Haskell really &quot;literate programming&quot;?,2013-06-01,Pre-GenAI
Stack Overflow,1966,How to have a string in valid json that contains a URL?,2016-11-24,Pre-GenAI
Stack Overflow,1967,Designing iterators for a new programming language,2013-01-01,Pre-GenAI
Stack Overflow,1969,Replacing a C character with C++,2017-07-31,Pre-GenAI
Stack Overflow,1971,dll files created in Visual C++ be used in C#?,2009-04-13,Pre-GenAI
Stack Overflow,1972,symbol &#39;T&#39; is not resolved on the line after the template keyword,2019-04-10,Pre-GenAI
Stack Overflow,1973,Getting started with C using K&amp;R C Programming Language Book,2009-12-20,Pre-GenAI
Stack Overflow,1974,memory allocation/deallocation for embedded devices,2017-12-09,Pre-GenAI
Stack Overflow,1975,Resources about Asynchronous Programming Design Patterns,2011-05-09,Pre-GenAI
Stack Overflow,1976,Apparent issues with DataFrame string values,2018-09-23,Pre-GenAI
Stack Overflow,1977,James Gosling&#39;s explanation of why Java&#39;s byte is signed,2010-06-24,Pre-GenAI
Stack Overflow,1978,Scala actors: receive vs react,2009-08-09,Pre-GenAI
Stack Overflow,1979,Style for physics units in variable names?,2014-11-19,Pre-GenAI
Stack Overflow,1980,A quest for programmers editor under Linux,2010-07-17,Pre-GenAI
Stack Overflow,1981,Python design mistakes,2011-01-05,Pre-GenAI
Stack Overflow,1982,In what languages or environments will a program NOT be in a well-defined (or stable) state after an,2014-02-07,Pre-GenAI
Stack Overflow,1983,scipy.optimize.minimize convergence issues,2015-01-21,Pre-GenAI
Stack Overflow,1984,"jQuery autocomplete: if user writes down a match, callback function wont get called",2012-03-04,Pre-GenAI
Stack Overflow,1985,Scala Dependencies,2019-05-31,Pre-GenAI
Stack Overflow,1986,"Does modularity in code, reduce performance?",2018-06-19,Pre-GenAI
Stack Overflow,1987,Can Ruby really have design issues that the design patterns solve?,2009-01-27,Pre-GenAI
Stack Overflow,1988,Why does the Swift language guide suggest using Int &quot;even when values are known to be non-negat,2014-06-12,Pre-GenAI
Stack Overflow,1989,Can anyone do this ? How switch the vs-code multiple extension from one language specific extension ,2020-06-07,Pre-GenAI
Stack Overflow,1990,Segmentation fault while trying to declare a 5D array in a C Program,2019-04-12,Pre-GenAI
Stack Overflow,1991,Java - InternetAddress is not validating international emails in few languages,2020-12-03,Pre-GenAI
Stack Overflow,1992,What are the issues to consider with making an object decoupled/modular? What existing design patter,2014-03-02,Pre-GenAI
Stack Overflow,1993,C++: String with multiple languages,2013-12-02,Pre-GenAI
Stack Overflow,1994,Do deep binding and shallow binding happen in cases besides subroutines are passed as arguments into,2017-08-22,Pre-GenAI
Stack Overflow,1995,Why do regexes and string literals use different escape sequences?,2016-02-05,Pre-GenAI
Stack Overflow,1997,Avoiding Spaces in Keywords,2012-02-29,Pre-GenAI
Stack Overflow,1998,Best way of parsing huge (10GB+) JSON files,2020-03-03,Pre-GenAI
Stack Overflow,2000,Integrating an external API at shipping section on bigcommerce,2015-02-16,Pre-GenAI
Stack Overflow,2001,Which one can have better performance - LINQ to EF or NHibernate?,2010-04-13,Pre-GenAI
Stack Overflow,2002,C Programming Compile Issue,2014-01-07,Pre-GenAI
Stack Overflow,2003,NCreport (2.20.3) QGraphics View size adjustment,2017-05-29,Pre-GenAI
Stack Overflow,2004,Getting a garbage value while printing matrix in C,2013-09-17,Pre-GenAI
Stack Overflow,2005,How do you spot or avoid committing off-by-one errors?,2021-04-26,Pre-GenAI
Stack Overflow,2006,MVC 3 Checkbox to Database,2012-08-14,Pre-GenAI
Stack Overflow,2007,What programming language is better suited for implementing a search-based problemm solver?,2013-02-21,Pre-GenAI
Stack Overflow,2008,Html Template files not being searched,2019-11-26,Pre-GenAI
Stack Overflow,2009,"PHP - Frameworks, ORM, Encapsulation",2010-04-24,Pre-GenAI
Stack Overflow,2010,Why do we use radians in programming?,2012-04-09,Pre-GenAI
Stack Overflow,2011,Why is clang not used more?,2011-02-03,Pre-GenAI
Stack Overflow,2012,Java socket: how the server can reads multiple lines from the client,2015-03-05,Pre-GenAI
Stack Overflow,2013,SQL - Using MAX in a WHERE clause,2013-09-18,Pre-GenAI
Stack Overflow,2014,How to fix this permutation sort?,2021-08-10,Pre-GenAI
Stack Overflow,2015,PHP File Creation File Extension Issues,2012-07-22,Pre-GenAI
Stack Overflow,2016,Any standards related to adjacent CDATA?,2016-03-04,Pre-GenAI
Stack Overflow,2017,How can I allow a final user to run scripts in a JEE environment under specific security constraints,2013-12-03,Pre-GenAI
Stack Overflow,2018,"How to parse an input string, like a calculator, to grab the operator and operands?",2017-11-15,Pre-GenAI
Stack Overflow,2019,Future Protections in Managed Languages and Runtimes,2009-10-16,Pre-GenAI
Stack Overflow,2020,If Java / Python is case sensitive with its variables then the float with exponential values are not,2019-01-24,Pre-GenAI
Stack Overflow,2021,Segment violation issue with UDF (C code) writtern for CFD solver Fluent,2012-06-29,Pre-GenAI
Stack Overflow,2022,Having Multiple Commands for Calling a Specific Programming Language: To Provide a Delimiter-less Op,2020-11-11,Pre-GenAI
Stack Overflow,2023,GL_TEXTURE_2D_ARRAY in lwjgl not working,2015-01-16,Pre-GenAI
Stack Overflow,2024,Roblox script doesn&#39;t make part fly,2022-08-25,Pre-GenAI
Stack Overflow,2025,Is there ever a reason to write .eqv. .true.?,2015-03-13,Pre-GenAI
Stack Overflow,2026,Counting the occurrence of each keyword and each identifier,2019-12-30,Pre-GenAI
Stack Overflow,2027,How to fetch the data from third party REST API and and display on page,2020-03-19,Pre-GenAI
Stack Overflow,2028,Using C# to modify Access database. Is it safe?,2013-10-25,Pre-GenAI
Stack Overflow,2029,Tridiagonal matrix algorithm /Thomas algorithm issues,2016-11-13,Pre-GenAI
Stack Overflow,2030,Error: Cannot open include file: &#39;MQTTAsync.h&#39;: No such file or directory,2019-08-27,Pre-GenAI
Stack Overflow,2031,Why does composer need so much memory?,2013-09-10,Pre-GenAI
Stack Overflow,2032,Which is best free distributable code to html converter,2009-03-02,Pre-GenAI
Stack Overflow,2034,How to fetch the data from third party REST API and and display on the page,2020-03-19,Pre-GenAI
Stack Overflow,2035,How to describe a language that ignores implimentation and only describes behavior,2011-08-17,Pre-GenAI
Stack Overflow,2036,Java Hash table linear probing,2020-05-20,Pre-GenAI
Stack Overflow,2037,"MSN Bot, where to begin?",2011-03-08,Pre-GenAI
Stack Overflow,2038,"Replace a string with AutoHotkey, advanced?",2011-11-16,Pre-GenAI
Stack Overflow,2039,racket in geiser: switch language in live REPL to plai-typed,2016-08-06,Pre-GenAI
Stack Overflow,2040,What&#39;s the best language/platform for SOA on Linux in a post-Java world?,2011-01-18,Pre-GenAI
Stack Overflow,2041,"The C Programming Language, confusion when comparing solution of Exercise 1-9 to 1-12",2021-03-03,Pre-GenAI
Stack Overflow,2042,Creating big Excel sheets programmatically,2011-04-18,Pre-GenAI
Stack Overflow,2043,Ideal way to test for practical floating point equality in c#,2020-10-22,Pre-GenAI
Stack Overflow,2044,Problems creating the mute command for a disk bot written in Python,2020-06-27,Pre-GenAI
Stack Overflow,2045,ld.exe cannot find -lfl,2011-10-29,Pre-GenAI
Stack Overflow,2046,How to make my Python code read from the second line for my lexer,2015-03-09,Pre-GenAI
Stack Overflow,2047,Unable to declare Swift implicitly unwrapped optional as a constant,2015-04-30,Pre-GenAI
Stack Overflow,2049,must the imperative programming paradigm comply with the forward declaration rule?,2013-12-10,Pre-GenAI
Stack Overflow,2050,"If a specific syntactic sugar created in a language, is it possible to take precedence over grouping",2021-10-07,Pre-GenAI
Stack Overflow,2051,What does &quot;Objective-C is a superset of C more strictly than C++&quot; mean exactly?,2013-10-14,Pre-GenAI
Stack Overflow,2052,Why does this program in Dennis Ritchie&#39;s &quot;The C Programming Language&quot; not work?,2021-04-09,Pre-GenAI
Stack Overflow,2055,About the glsl for loop,2015-02-27,Pre-GenAI
Stack Overflow,2056,Checking unwanted type change in Python,2013-06-11,Pre-GenAI
Stack Overflow,2057,"c programming, disable user input into terminal",2015-03-21,Pre-GenAI
Stack Overflow,2058,What is the difference between &quot;objects&quot; and &quot;abstract data types&quot;? When do you ,2015-01-04,Pre-GenAI
Stack Overflow,2059,C Programming Language Example About Arrays,2014-06-05,Pre-GenAI
Stack Overflow,2060,Why do I get a &quot;conflicting types for getline&quot; error when compiling the longest line examp,2012-01-06,Pre-GenAI
Stack Overflow,2061,Problems with running Factor Model in Julia,2021-06-11,Pre-GenAI
Stack Overflow,2062,F10 and F11 not working at VS2013,2015-12-31,Pre-GenAI
Stack Overflow,2063,Best way to communicate with a 3rd system via xml,2011-10-27,Pre-GenAI
Stack Overflow,2064,Issues with debugging in Visual Studio 2019 - C#,2020-12-22,Pre-GenAI
Stack Overflow,2065,"If two languages follow IEEE 754, will calculations in both languages result in the same answers?",2016-06-20,Pre-GenAI
Stack Overflow,2066,Failed to download mirror file - R (version 3.5),2018-06-04,Pre-GenAI
Stack Overflow,2067,r language support for AWS DynamoDB,2013-09-21,Pre-GenAI
Stack Overflow,2068,Programming an Attitude Control/Avionics System in Assembly,2013-07-08,Pre-GenAI
Stack Overflow,2069,Tomcat - garbage collections on dynamically loaded classes,2013-10-20,Pre-GenAI
Stack Overflow,2070,secure server side language,2009-08-14,Pre-GenAI
Stack Overflow,2071,Edit Online Database (Edit a variable on database table),2015-03-08,Pre-GenAI
Stack Overflow,2072,"How to Block 100,000+ Individual IP addresses",2013-03-22,Pre-GenAI
Stack Overflow,2073,libMobileGestalt MobileGestaltSupport.m:153 MobileGestalt.c:550 Xcode Console,2017-04-05,Pre-GenAI
Stack Overflow,2074,Mandelbrot Set C# not doing what it&#39;s supposed to,2021-10-04,Pre-GenAI
Stack Overflow,2075,Long OID issue inside X509 certificate,2021-12-25,Pre-GenAI
Stack Overflow,2076,"How to find a specific string in a python list, if found print the positions else print 0",2018-09-28,Pre-GenAI
Stack Overflow,2077,Accessing an &quot;out-of-bounds&quot; index in an interpreted versus a compiled language,2015-06-27,Pre-GenAI
Stack Overflow,2078,gcc errors &quot;conflicting types for&quot; and &quot;previous declaration of&quot; during compilin,2019-06-04,Pre-GenAI
Stack Overflow,2080,What is the case against F#?,2009-07-09,Pre-GenAI
Stack Overflow,2081,ndarray is not C-contiguous issue by building a free program from source,2018-08-27,Pre-GenAI
Stack Overflow,2082,Status of VB6/ Best Desktop Application Language with Native Compilation,2010-04-04,Pre-GenAI
Stack Overflow,2083,Variable parameter type for virtual function in interface,2018-02-28,Pre-GenAI
Stack Overflow,2084,"Beginner GUI question, organising different &quot;views&quot;",2009-05-07,Pre-GenAI
Stack Overflow,2085,Lucene.Net Underscores causing token split,2010-12-01,Pre-GenAI
Stack Overflow,2086,maximum line length program prints unreadable characters in c,2018-05-27,Pre-GenAI
Stack Overflow,2087,Nested Let in Anglican Clojure,2018-09-23,Pre-GenAI
Stack Overflow,2088,capture video from a built-in camera programatically,2010-10-08,Pre-GenAI
Stack Overflow,2090,What is the difference between the different awk versions?,2016-11-03,Pre-GenAI
Stack Overflow,2091,How to open a link displayed in Terminal via C Programming?,2019-12-10,Pre-GenAI
Stack Overflow,2092,Swift viewController numberOfRowsInSection issue,2015-03-24,Pre-GenAI
Stack Overflow,2093,How do i compile and use mariadb c++ Connector library in debian 10?,2022-10-22,Pre-GenAI
Stack Overflow,2094,Interactive large plot with ~20 million sample points and gigabytes of data,2011-05-02,Pre-GenAI
Stack Overflow,2095,Is there away to return all the items from a table as one entry in a query,2022-09-15,Pre-GenAI
Stack Overflow,2096,Rationale for design choices causing JVM/CLR languages to have long startup?,2015-01-23,Pre-GenAI
Stack Overflow,2097,Swift enum does not have a member named &#39;rawValue&#39; when declare a variable as optional value,2014-10-19,Pre-GenAI
Stack Overflow,2098,kml not displaying properly in embedded google maps,2015-02-27,Pre-GenAI
Stack Overflow,2099,What type would you use for passing file paths in your C++ library API?,2021-11-26,Pre-GenAI
Stack Overflow,2100,How to deal when MS Word 2004 (OSX) is freezing or displaying dialogs?,2010-04-08,Pre-GenAI
Stack Overflow,2101,I&#39;m still learning OOP. Any tips on staying unbiased and pragmatic?,2010-05-27,Pre-GenAI
Stack Overflow,2103,PHPmailer arabic attachment name issue,2021-11-15,Pre-GenAI
Stack Overflow,2105,Starting to learn Windbg,2008-09-26,Pre-GenAI
Stack Overflow,2106,Microsoft Word language change while Typing,2017-07-18,Pre-GenAI
Stack Overflow,2107,When I have the python-docx package installed it does not allow my program to run. As soon as I unin,2019-01-30,Pre-GenAI
Stack Overflow,2109,Modification of C code to process the input provided,2017-07-20,Pre-GenAI
Stack Overflow,2110,How can I add a custom programing language to NotepadQQ?,2017-10-30,Pre-GenAI
Stack Overflow,2111,Python googletrans encoding weird chars,2019-04-22,Pre-GenAI
Stack Overflow,2112,Ioc Containers and dynamic languages (take 2),2011-01-20,Pre-GenAI
Stack Overflow,2113,Regular Expression with foreign languages,2010-02-23,Pre-GenAI
Stack Overflow,2114,Software design/architecture problems,2010-11-04,Pre-GenAI
Stack Overflow,2115,"Trying to send an image in Rest Assured , Why is nothing being sent ? , even not getting exception",2021-08-12,Pre-GenAI
Stack Overflow,2116,AWS Load Balancer 502,2017-11-02,Pre-GenAI
Stack Overflow,2117,"vscode &quot;No refactoring available&quot; c++, (with arduino extention)",2019-02-09,Pre-GenAI
Stack Overflow,2118,How do I avoid memory leak when concat string pointers in C,2017-12-11,Pre-GenAI
Stack Overflow,2119,Avoiding the use of template literals in Javascript,2021-06-07,Pre-GenAI
Stack Overflow,2121,getting error in userQuestion and userAnswer,2021-02-12,Pre-GenAI
Stack Overflow,2122,Object is not deallocated when capturing by closures in Swift,2014-06-10,Pre-GenAI
Stack Overflow,2123,HTML form submit issues,2012-12-05,Pre-GenAI
Stack Overflow,2124,How to add optional values to an array in Swift,2019-04-11,Pre-GenAI
Stack Overflow,2125,In Mercurial Is it &quot;safe&quot; to pull when a mq patch is applied?,2011-03-01,Pre-GenAI
Stack Overflow,2126,"Good tutorials to understand Domain Specific Languages (DSLs) from the scratch , to start a survey t",2010-12-15,Pre-GenAI
Stack Overflow,2127,Start programming to Android,2011-04-26,Pre-GenAI
Stack Overflow,2128,Can you add an external function as a method in a React component class?,2017-02-15,Pre-GenAI
Stack Overflow,2129,Why combination of backward FFT(c2r) and forward real-input FFT (r2c) to one complex array doesn&#39,2017-08-08,Pre-GenAI
Stack Overflow,2130,Android; Declaring edittext in class body (Out of any method),2012-02-02,Pre-GenAI
Stack Overflow,2132,Declaring and initializing a variable in a Conditional or Control statement in C++,2009-10-04,Pre-GenAI
Stack Overflow,2133,Implementing tryFindIndex with option types in F#,2013-07-25,Pre-GenAI
Stack Overflow,2134,"char-Tables, Segmentation Error",2018-08-11,Pre-GenAI
Stack Overflow,2135,Issues with strings and char arrays in C++,2016-07-29,Pre-GenAI
Stack Overflow,2136,Using @ prefix for variable name,2014-12-18,Pre-GenAI
Stack Overflow,2137,Immutable `var` array,2015-05-31,Pre-GenAI
Stack Overflow,2139,How to generate UPS SOAP envelope and soap security header ??,2016-03-28,Pre-GenAI
Stack Overflow,2141,Confusion with the version history of Java,2018-10-11,Pre-GenAI
Stack Overflow,2142,Copy input from user and put it on screen,2014-07-15,Pre-GenAI
Stack Overflow,2143,How to print PDF to ZPL (Zebra Printers) using c#?,2018-08-10,Pre-GenAI
Stack Overflow,2144,Game programming - How to avoid reinventing the wheel,2008-10-24,Pre-GenAI
Stack Overflow,2145,.NET Core 6.0 COM interoperability issues with Python/Octave,2022-02-09,Pre-GenAI
Stack Overflow,2146,SIGNAL vs Esterel vs Lustre,2018-05-22,Pre-GenAI
Stack Overflow,2147,How to simulate &quot;return&quot; statement (or other ways to make this code work and readable) in ,2021-11-02,Pre-GenAI
Stack Overflow,2148,Use Enum.values in with generic class extending Enum,2012-07-26,Pre-GenAI
Stack Overflow,2149,Regular expressions in textarea pattern attribute to allow alphanumeric as well as special character,2020-12-18,Pre-GenAI
Stack Overflow,2150,How to measure length of line which is drawn on image? C#,2018-07-02,Pre-GenAI
Stack Overflow,2151,propertyMissing of groovy is not working in grails3,2017-10-13,Pre-GenAI
Stack Overflow,2152,Convert SVG to PNG with custom font in Python,2022-04-06,Pre-GenAI
Stack Overflow,2153,Forcing error in TypeScript compile with void return,2014-06-19,Pre-GenAI
Stack Overflow,2154,Inflate exception binary xml file on Windows,2017-06-26,Pre-GenAI
Stack Overflow,2155,What are the differences between using pure C with a C compiler and the &quot;C part&quot; of a C++ ,2010-09-05,Pre-GenAI
Stack Overflow,2156,Seqkit - manipulate regex for parsing ID,2020-05-25,Pre-GenAI
Stack Overflow,2157,connecting to a database server using fsockopen or socket functions and issuing commands,2011-09-04,Pre-GenAI
Stack Overflow,2158,How do I name my list with having space in between two words?,2020-05-02,Pre-GenAI
Stack Overflow,2159,Change/hide div when click on link,2016-07-01,Pre-GenAI
Stack Overflow,2160,XAML Designer not showing up,2015-05-07,Pre-GenAI
Stack Overflow,2161,"clang-tidy readability-non-const-parameter warning, why?",2020-11-27,Pre-GenAI
Stack Overflow,2162,Tagged Hooks not recognized in a particular package,2014-09-05,Pre-GenAI
Stack Overflow,2163,STRING_8 does not conform to STRING_UC in is_equal,2017-10-31,Pre-GenAI
Stack Overflow,2164,Is any purpose served by a Rust function consisting solely of a block of unsafe code?,2020-07-20,Pre-GenAI
Stack Overflow,2165,Cabal Install trouble resolving dependencies,2019-10-04,Pre-GenAI
Stack Overflow,2166,C program that results in a static and non-static declaration error,2017-09-26,Pre-GenAI
Stack Overflow,2168,Passing Data Through Segue (swift 2),2015-12-13,Pre-GenAI
Stack Overflow,2169,How to handle INT overflow on limited RAM devices (any language)?,2016-11-05,Pre-GenAI
Stack Overflow,2170,What is the rationale behind allowing variable shadowing in Rust?,2020-01-22,Pre-GenAI
Stack Overflow,2171,Tokenizing words by preserving certain words with arithmetic and logical operators in python 3?,2019-10-19,Pre-GenAI
Stack Overflow,2172,Where does the extra &#39;D&#39; come from in dup1.go?,2020-01-07,Pre-GenAI
Stack Overflow,2173,The Sidebar Panel is not showing and my Language configuration is not working (vscode extension),2022-05-15,Pre-GenAI
Stack Overflow,2174,What&#39;s the motivation in using Verilog or VHDL over C?,2014-10-09,Pre-GenAI
Stack Overflow,2175,"Python, does not stop at OR? [also Reddit related]",2019-09-21,Pre-GenAI
Stack Overflow,2176,"When calling Win32 ShellExecute within ANY language, how can I stop program execution until ShellExe",2017-05-05,Pre-GenAI
Stack Overflow,2177,How to fix brew Warning: Calling fails_with :llvm is deprecated,2017-08-06,Pre-GenAI
Stack Overflow,2178,Getting error stating &quot;Content-Type must be &#39;application/json&#39; or &#39;application/octe,2020-04-12,Pre-GenAI
Stack Overflow,2180,Importing Modules — customized Modules in C,2018-08-19,Pre-GenAI
Stack Overflow,2181,JAVA - Initialize Jagged 3D Array with Loops?,2015-05-28,Pre-GenAI
Stack Overflow,2182,How can a seg fault in NASM cause failure of code execution before the offending lines?,2014-02-20,Pre-GenAI
Stack Overflow,2183,Immutability and circular references,2017-11-27,Pre-GenAI
Stack Overflow,2184,Write Reserved Keywords into a file in Windows batch file,2012-04-10,Pre-GenAI
Stack Overflow,2185,ERROR: Received close_notify during handshake,2019-12-19,Pre-GenAI
Stack Overflow,2186,not getting around (list index out of range),2018-12-17,Pre-GenAI
Stack Overflow,2187,Issue with python installations,2019-10-02,Pre-GenAI
Stack Overflow,2188,Race Condition when working with DLL and WideString,2018-01-09,Pre-GenAI
Stack Overflow,2189,How to use &#39; and &quot; when using HTML and Python together,2018-01-12,Pre-GenAI
Stack Overflow,2190,String.Substring() seems to bottleneck this code,2018-08-03,Pre-GenAI
Stack Overflow,2191,Will non-IE browsers use script inside a tag with type=&quot;text/jscript&quot;?,2011-08-03,Pre-GenAI
Stack Overflow,2192,MySQL: Search for a sentence and ignore order of words,2016-07-11,Pre-GenAI
Stack Overflow,2193,How do I execute a find command with multiple iname matchers in Go?,2015-09-24,Pre-GenAI
Stack Overflow,2194,Upload file from HTML form through Servlet to Google Cloud Storage (using Google Cloud Storage Clien,2014-04-17,Pre-GenAI
Stack Overflow,2195,Translating to Languages with Irregular Rules,2012-03-20,Pre-GenAI
Stack Overflow,2197,"C++, open a file knowing path and file name (beginner)",2017-12-02,Pre-GenAI
Stack Overflow,2198,SparkStreaming 2.3.1 java.lang.NoSuchMethodError: twitter4j.TwitterStream.addListener(Ltwitter4j/Str,2019-02-23,Pre-GenAI
Stack Overflow,2199,How do I test crates with #![no_std]?,2015-01-28,Pre-GenAI
Stack Overflow,2200,Applying the plugin &#39;kotlin-android&#39; in an Instant App results in &quot;null cannot be cast ,2017-05-20,Pre-GenAI
Stack Overflow,2201,How exactly does a compiler or assembler translate method names to addresses for dynamic linking,2012-06-13,Pre-GenAI
Stack Overflow,2202,Why is the &quot;f&quot; string not changing,2022-07-11,Pre-GenAI
Stack Overflow,2204,Languages and VMs: Features that are hard to optimize and why,2010-03-24,Pre-GenAI
Stack Overflow,2205,Do you prefer compiled or scripted languages?,2009-04-15,Pre-GenAI
Stack Overflow,2206,simultaneous variable assignation in pascal,2010-07-01,Pre-GenAI
Stack Overflow,2207,How to get the correct Wikipedia article,2013-05-28,Pre-GenAI
Stack Overflow,2208,MATLAB - Rotating an equilateral triangle around its centre point,2016-04-09,Pre-GenAI
Stack Overflow,2209,Is it possible to log from the Java Debugger?,2016-03-07,Pre-GenAI
Stack Overflow,2210,"Factoring code, keeping readability and make life better :)",2011-05-02,Pre-GenAI
Stack Overflow,2211,Brainfuck with 1bit memory cells?,2017-02-04,Pre-GenAI
Stack Overflow,2212,"C++ &#39;:chcp&#39; is not recognized as an internal or external command, operable program or batch ",2017-04-06,Pre-GenAI
Stack Overflow,2213,How to inspect nullable types strict code smell,2019-06-05,Pre-GenAI
Stack Overflow,2214,Using the right numeric data type,2009-11-07,Pre-GenAI
Stack Overflow,2215,Why Java applets are obsolete?,2018-10-07,Pre-GenAI
Stack Overflow,2216,How to get started with Desktop Software Architecture?,2011-01-31,Pre-GenAI
Stack Overflow,2217,International Pluralization Lib for Objective-C?,2011-02-27,Pre-GenAI
Stack Overflow,2218,"Node.js get&#39;s stuck on a while loop, and I don&#39;t know why",2020-12-08,Pre-GenAI
Stack Overflow,2219,When is passing a subprogram as a parameter necessary,2013-10-02,Pre-GenAI
Stack Overflow,2220,Simple recursive descent in PyParsing,2009-08-28,Pre-GenAI
Stack Overflow,2221,Trouble with go get install for mcumgr,2022-04-29,Pre-GenAI
Stack Overflow,2223,How to append php into an unordered list?,2015-08-24,Pre-GenAI
Stack Overflow,2224,Why dart type casting affects the original casted variable,2021-10-16,Pre-GenAI
Stack Overflow,2225,Functional Programming - What&#39;s the best way to keep a reference to a function&#39;s result for ,2018-05-09,Pre-GenAI
Stack Overflow,2226,Is a constexpr more &quot;constant&quot; than const?,2014-12-01,Pre-GenAI
Stack Overflow,2227,The value or constructor n is not defined,2016-09-25,Pre-GenAI
Stack Overflow,2228,Node.js &quot;Cannot POST /[route]&quot;,2016-06-01,Pre-GenAI
Stack Overflow,2229,Unable to find the segmentation fault,2017-04-26,Pre-GenAI
Stack Overflow,2230,UIAlertAction to pop to root view controller in Swift,2015-03-10,Pre-GenAI
Stack Overflow,2231,How do I display array elements in Lua?,2011-09-01,Pre-GenAI
Stack Overflow,2232,.vbs script is getting opened in notepad during execution,2016-05-30,Pre-GenAI
Stack Overflow,2233,Azure data factory - changing URL for HTTP linked service?,2021-10-25,Pre-GenAI
Stack Overflow,2234,Java GuardTypes analogy for OCaml,2016-03-01,Pre-GenAI
Stack Overflow,2235,getting the length of an array after passing as a char*,2013-01-04,Pre-GenAI
Stack Overflow,2236,"in bash, create json object of key=filename and value=file-contents given sequence of pathed filenam",2020-05-14,Pre-GenAI
Stack Overflow,2237,What web development tools will allow a page to be viewed by any internet connected device?,2012-02-15,Pre-GenAI
Stack Overflow,2238,Can any existing Machine Learning structures perfectly emulate recursive functions like the Fibonacc,2014-03-05,Pre-GenAI
Stack Overflow,2239,Setting a per-request proxy (or rotating proxies) with .NET Flurl/HttpClient,2018-10-08,Pre-GenAI
Stack Overflow,2240,Simple example of Javascript good programming style?,2009-12-24,Pre-GenAI
Stack Overflow,2241,Trying to Learn Hexagony,2017-09-14,Pre-GenAI
Stack Overflow,2242,AES with salt from java to PHP get different result,2022-10-17,Pre-GenAI
Stack Overflow,2244,Issuing HTTP requests using IE proxy with AD authentication,2013-11-27,Pre-GenAI
Stack Overflow,2245,Error: dot: can&#39;t open ast.dot: No such file or directory ...While creating a pdf file with grap,2021-07-03,Pre-GenAI
Stack Overflow,2246,R: Google Distance Matrix API request rate limit exceeded,2015-11-05,Pre-GenAI
Stack Overflow,2247,How do I run two different versions of Java concurrently on OS-X?,2019-04-28,Pre-GenAI
Stack Overflow,2248,postgresql bit string or not?,2012-09-27,Pre-GenAI
Stack Overflow,2249,iText7: Unable to read license key json file,2022-09-15,Pre-GenAI
Stack Overflow,2250,"python ValueError: non-broadcastable output operand with shape (389,1) doesn&#39;t match the broadca",2020-01-22,Pre-GenAI
Stack Overflow,2252,Haskell If Statement Condition,2017-02-01,Pre-GenAI
Stack Overflow,2253,LLVM IR nested phi instruction,2018-08-20,Pre-GenAI
Stack Overflow,2254,"How to solve NA values for standard errors, z and pr values when we are calculation ARIMA model in R",2020-02-22,Pre-GenAI
Stack Overflow,2255,unrecognised selector sent to instance when using IQDropDownTextField,2015-07-30,Pre-GenAI
Stack Overflow,2256,How to change the width of columns in a pricing table,2016-01-05,Pre-GenAI
Stack Overflow,2257,Emacs flychecking an R program,2018-02-28,Pre-GenAI
Stack Overflow,2258,How to make generic computations over heterogeneous argument packs of a variadic template function?,2013-01-10,Pre-GenAI
Stack Overflow,2259,Hot swaping Erlang port,2019-05-22,Pre-GenAI
Stack Overflow,2260,CEFSharp within AddIn - &quot;Cannot pass a GCHandle across AppDomains&quot;,2015-07-20,Pre-GenAI
Stack Overflow,2261,How can I make this Project Euler solution execute in Python at the same speed as Java?,2012-02-07,Pre-GenAI
Stack Overflow,2262,Printing Partition Table - C program,2012-09-02,Pre-GenAI
Stack Overflow,2263,C++ only prints one statement,2015-04-14,Pre-GenAI
Stack Overflow,2264,Allow user to upload .MOV video files and show them on website,2016-03-28,Pre-GenAI
Stack Overflow,2265,Is prolog not considered an artificial intelligence tool?,2013-09-16,Pre-GenAI
Stack Overflow,2266,Unable to specify Field Name C# for Checkobox field in Salesforce,2016-01-05,Pre-GenAI
Stack Overflow,2267,Website Structure is different on mobile than on PC browser,2017-09-08,Pre-GenAI
Stack Overflow,2268,"Pointers, casting and different compilers",2014-02-14,Pre-GenAI
Stack Overflow,2270,How to find out if a class is immutable,2016-05-07,Pre-GenAI
Stack Overflow,2271,Using php as a desktop application,2011-09-27,Pre-GenAI
Stack Overflow,2272,Getting error on setting-up Appium 1.6.4 with Android on MacOS,2017-07-29,Pre-GenAI
Stack Overflow,2274,xml namespace prefix issue at go,2018-02-04,Pre-GenAI
Stack Overflow,2276,Nested looping for simple logic parser,2017-12-08,Pre-GenAI
Stack Overflow,2277,SonarQube Scanner fails with “Not inside a git worktree” error,2020-06-23,Pre-GenAI
Stack Overflow,2278,Any solution to having to scroll back up to the top of a program all the time to check variables dec,2020-06-28,Pre-GenAI
Stack Overflow,2279,Does using strings containing multiple words separated with whitespaces in select statements &#39;AS,2016-09-08,Pre-GenAI
Stack Overflow,2280,"HTML Form Text to Speech speaks the file name and PHP, Doubles Form",2017-03-15,Pre-GenAI
Stack Overflow,2281,displaying TTS available languages in spinner,2018-08-16,Pre-GenAI
Stack Overflow,2282,Dictionary comprehensions(?) in F# (converting from C#),2015-06-26,Pre-GenAI
Stack Overflow,2283,How to decode a base64 PDF without encryption in TCL?,2020-07-03,Pre-GenAI
Stack Overflow,2284,"Update a PDF to include an encrypted, hidden, unique identifier?",2010-12-27,Pre-GenAI
Stack Overflow,2285,Full file not displaying on GitHub?,2012-08-13,Pre-GenAI
Stack Overflow,2286,How do I use fprintf to print a struct member values that&#39;s defined in a header file?,2012-07-15,Pre-GenAI
Stack Overflow,2287,How to fix java.lang.UnsupportedClassVersionError: Unsupported major.minor version,2012-04-30,Pre-GenAI
Stack Overflow,2288,Error: &#39;node-sass&#39; version 5.0.0 is incompatible with ^4.0.0,2020-10-31,Pre-GenAI
Stack Overflow,2289,Git checkout: updating paths is incompatible with switching branches,2009-06-03,Pre-GenAI
Stack Overflow,2290,Which @NotNull Java annotation should I use?,2011-02-10,Pre-GenAI
Stack Overflow,2291,The engine &quot;node&quot; is incompatible with this module,2019-06-16,Pre-GenAI
Stack Overflow,2292,"ValueError: numpy.ndarray size changed, may indicate binary incompatibility. Expected 88 from C head",2021-02-05,Pre-GenAI
Stack Overflow,2293,"RuntimeWarning: numpy.dtype size changed, may indicate binary incompatibility",2016-11-28,Pre-GenAI
Stack Overflow,2294,SELECT list is not in GROUP BY clause and contains nonaggregated column .... incompatible with sql_m,2017-01-27,Pre-GenAI
Stack Overflow,2295,How to list all available package versions with pip?,2011-02-03,Pre-GenAI
Stack Overflow,2296,Logging framework incompatibility,2010-08-19,Pre-GenAI
Stack Overflow,2297,Postgres - FATAL: database files are incompatible with server,2013-07-24,Pre-GenAI
Stack Overflow,2298,npm check and update package if needed,2013-05-13,Pre-GenAI
Stack Overflow,2299,Pickle incompatibility of numpy arrays between Python 2 and 3,2012-07-03,Pre-GenAI
Stack Overflow,2300,Thorntail-Examples / API Incompatibility,2018-11-27,Pre-GenAI
Stack Overflow,2301,Future incompatibility,2020-09-30,Pre-GenAI
Stack Overflow,2302,App incompatibility,2016-06-21,Pre-GenAI
Stack Overflow,2303,Tensorflow protobuf incompatibility,2022-06-13,Pre-GenAI
Stack Overflow,2304,Type incompatibility error with no apparent incompatibility,2018-07-23,Pre-GenAI
Stack Overflow,2305,Incompatibility of relativedelta,2021-08-07,Pre-GenAI
Stack Overflow,2306,Module was compiled with an incompatible version of Kotlin. The binary version of its metadata is 1.,2021-05-26,Pre-GenAI
Stack Overflow,2310,Jquery Incompatibility,2011-10-17,Pre-GenAI
Stack Overflow,2311,Spring versions incompatibility,2016-09-09,Pre-GenAI
Stack Overflow,2312,how conda-build avoids checking incompatibility,2022-07-03,Pre-GenAI
Stack Overflow,2313,RestEASY and Jackson incompatibility - NoSuchMethodException,2014-02-14,Pre-GenAI
Stack Overflow,2314,PHP parse/syntax errors; and how to solve them,2013-08-05,Pre-GenAI
Stack Overflow,2315,Incompatibility between CXF and WebSphere JRE,2012-02-07,Pre-GenAI
Stack Overflow,2317,VBA Select Case type incompatibility,2018-03-21,Pre-GenAI
Stack Overflow,2318,incompatibility in internal topic in Kafka Streams,2018-06-11,Pre-GenAI
Stack Overflow,2319,MCR and .NET incompatibility,2010-12-13,Pre-GenAI
Stack Overflow,2320,Dom4j: Node implementation incompatibility,2012-12-16,Pre-GenAI
Stack Overflow,2321,"Deprecated Gradle features were used in this build, making it incompatible with Gradle 5.0",2018-07-31,Pre-GenAI
Stack Overflow,2322,Fix Landroid/view/MotionEvent incompatibility,2020-12-21,Pre-GenAI
Stack Overflow,2323,What is the best way to deal with package incompatibility?,2017-06-28,Pre-GenAI
Stack Overflow,2324,How to initialize an array&#39;s length in JavaScript?,2011-01-31,Pre-GenAI
Stack Overflow,2325,Jquery incompatibility issue with Chrome,2012-05-25,Pre-GenAI
Stack Overflow,2326,TTaskbar incompatibility?,2015-07-29,Pre-GenAI
Stack Overflow,2327,Incompatibility with Grails plug in?,2011-07-25,Pre-GenAI
Stack Overflow,2328,Javascript and CSS incompatibility issues in different browsers,2013-07-04,Pre-GenAI
Stack Overflow,2329,Resolving gem version incompatibility,2017-04-03,Pre-GenAI
Stack Overflow,2330,IReport incompatibility with Java 8,2014-04-01,Pre-GenAI
Stack Overflow,2331,Integer programming: Is it possible to define an incompatibility constraint?,2019-05-10,Pre-GenAI
Stack Overflow,2332,firefox 47.0 browser incompatibility with selenium 2.53.0,2016-07-06,Pre-GenAI
Stack Overflow,2333,envers and hibernate plugins incompatibility,2014-08-19,Pre-GenAI
Stack Overflow,2334,Sbt plugin binary incompatibility,2013-02-28,Pre-GenAI
Stack Overflow,2335,Problem with Either and errors types incompatibility,2022-01-20,Pre-GenAI
Stack Overflow,2337,Scala incompatibility with Java 9 - java.lang.NoClassDefFoundError,2017-10-01,Pre-GenAI
Stack Overflow,2338,Version incompatibility in SSIS package,2016-03-02,Pre-GenAI
Stack Overflow,2339,incompatibility issue with chrome 33.0.1750.117 and breeze.js,2014-02-24,Pre-GenAI
Stack Overflow,2340,Array as a function argument incompatibility,2014-08-04,Pre-GenAI
Stack Overflow,2341,OpenSSL - SSL incompatibility issue,2016-04-12,Pre-GenAI
Stack Overflow,2342,Cron with sendmail incompatibility,2014-09-08,Pre-GenAI
Stack Overflow,2343,RuntimeError: cuDNN version incompatibility,2022-09-13,Pre-GenAI
Stack Overflow,2344,Hadoop and PiggyBank incompatibility,2013-01-31,Pre-GenAI
Stack Overflow,2346,SpringBoot 2.6.1 incompatibility with Querydsl Mongodb?,2021-12-08,Pre-GenAI
Stack Overflow,2347,Incompatibility between char* and unsigned char*?,2018-03-08,Pre-GenAI
Stack Overflow,2348,maven-release-plugin:2.5.1:perform failed: An API incompatibility was encountered while executing,2020-07-02,Pre-GenAI
Stack Overflow,2349,Are there incompatibility risks when updating Node.js?,2019-11-19,Pre-GenAI
Stack Overflow,2350,windows 8 incompatibility?,2012-12-04,Pre-GenAI
Stack Overflow,2351,Incompatibility between Dropwizard and hive-jdbc,2017-08-10,Pre-GenAI
Stack Overflow,2352,Delphi interface type incompatibility,2022-04-27,Pre-GenAI
Stack Overflow,2353,incompatibility issue: use which web browser for developement?,2009-12-06,Pre-GenAI
Stack Overflow,2354,Is there an incompatibility in LineNumberReader in Java 17?,2022-03-31,Pre-GenAI
Stack Overflow,2355,Incompatibility of Visual studio 2012 with windows 7,2017-08-22,Pre-GenAI
Stack Overflow,2356,Incompatibility issue when installing tensorflow in conda,2022-04-09,Pre-GenAI
Stack Overflow,2357,"MockBackend, InMemoryDbService incompatibility in Angular 2",2017-03-09,Pre-GenAI
Stack Overflow,2358,Iphone App Rejected Ipv6 Incompatibility,2016-12-22,Pre-GenAI
Stack Overflow,2359,Overloading + operator and avoiding incompatibility,2015-01-13,Pre-GenAI
Stack Overflow,2360,About jquery / fullcalendar versions incompatibility?,2021-01-07,Pre-GenAI
Stack Overflow,2361,Incompatibility of CL_UNSIGNED_INT8 and CL_RGB,2015-01-29,Pre-GenAI
Stack Overflow,2362,Iframe inside a DIV incompatibility Chrome-Firefox,2011-10-09,Pre-GenAI
Stack Overflow,2363,OneSignal and Google gms incompatibility,2018-04-04,Pre-GenAI
Stack Overflow,2364,POI-incompatibility/No such method exception,2016-07-04,Pre-GenAI
Stack Overflow,2365,Show plugin incompatibility error on plugin page in wordpress,2015-07-04,Pre-GenAI
Stack Overflow,2366,Incompatibility between the initialState and the AppState using useContext,2022-09-22,Pre-GenAI
Stack Overflow,2367,ggplot2 (version 3) incompatibility with ggmap for geom_density_2d,2018-07-05,Pre-GenAI
Stack Overflow,2368,"How to solve incompatibility between DeepPavlov, Tensorflow and Numpy in a Python script",2021-06-17,Pre-GenAI
Stack Overflow,2369,APi incompatibility when using spring cloud contract,2018-06-15,Pre-GenAI
Stack Overflow,2370,Warning to flag potential type incompatibility,2016-04-02,Pre-GenAI
Stack Overflow,2371,Defining Local Types Without Incompatibility Errors in TypeScript,2020-03-18,Pre-GenAI
Stack Overflow,2372,Getting Error while Running Flutter App On Android (Android X) Incompatibility,2021-02-28,Pre-GenAI
Stack Overflow,2374,Experiment with incompatibility of Java serilization,2016-07-04,Pre-GenAI
Stack Overflow,2375,Python numpy with cvxpy incompatibility issue,2022-04-25,Pre-GenAI
Stack Overflow,2376,Android supportability and incompatibility is so unclear,2014-05-13,Pre-GenAI
Stack Overflow,2377,AppContainer Incompatibility in Protected Mode - Adobe Acrobat Reader,2019-11-20,Pre-GenAI
Stack Overflow,2378,&#39;The built failed likely due to AndroidX incompatibilities in a plugin. The tool is about to try,2020-06-08,Pre-GenAI
Stack Overflow,2379,DLL Incompatibility in various versions of visual studio,2014-07-06,Pre-GenAI
Stack Overflow,2380,Fashion Mnist Tensorflow Data Shape Incompatibility,2021-08-17,Pre-GenAI
Stack Overflow,2381,module_layout version incompatibility,2010-04-27,Pre-GenAI
Stack Overflow,2384,Android AVD Incompatibility,2015-03-30,Pre-GenAI
Stack Overflow,2385,Automatically check for binary incompatibility between versions of a C# DLL?,2020-06-02,Pre-GenAI
Stack Overflow,2387,Python ucs-4/ucs-2 incompatibility,2016-08-08,Pre-GenAI
Stack Overflow,2388,C. Function pointer callback. Incompatibility with prototype.,2012-01-17,Pre-GenAI
Stack Overflow,2389,Incompatibility Issues between Access Database Engine and Microsoft Access,2019-10-01,Pre-GenAI
Stack Overflow,2390,Libstdc++ incompatibility on Qt crosscompiling from Debian amd64 to armhf,2016-03-19,Pre-GenAI
Stack Overflow,2391,Cuda Runtime/Driver incompatibility in docker container,2019-04-11,Pre-GenAI
Stack Overflow,2392,Issue deploying war due to JDK incompatibility,2018-06-11,Pre-GenAI
Stack Overflow,2394,scikit-geometry does not work due to GMP version incompatibility,2020-12-13,Pre-GenAI
Stack Overflow,2395,Incompatible implicit declaration of built-in function ‘malloc’,2011-08-13,Pre-GenAI
Stack Overflow,2396,MySQL PHP incompatibility,2009-08-27,Pre-GenAI
Stack Overflow,2397,Deezer Player incompatibility with arm architecture,2013-12-10,Pre-GenAI
Stack Overflow,2398,Spring-data-aerospike incompatibility with aql created indexes,2016-06-10,Pre-GenAI
Stack Overflow,2400,Solve incompatibility cordova firebase and google login in ios,2019-05-14,Pre-GenAI
Stack Overflow,2401,Incompatibility of Bootstrap3 with JPlayer Circle Player,2013-12-22,Pre-GenAI
Stack Overflow,2402,Watij’s JxBrowser OS X / Java 1.6_64 incompatibility?,2012-05-04,Pre-GenAI
Stack Overflow,2403,nar-maven-plugin eclipse API Incompatibility,2015-12-10,Pre-GenAI
Stack Overflow,2405,Qt library incompatibility with Pycharm new installation,2020-01-08,Pre-GenAI
Stack Overflow,2406,Type Incompatibility,2016-04-30,Pre-GenAI
Stack Overflow,2409,PyTorch XLA incompatibility issue when running a modified official example,2022-02-03,Pre-GenAI
Stack Overflow,2410,Incompatibility with Sonar7.7,2020-07-07,Pre-GenAI
Stack Overflow,2411,Are there incompatibility issues between Oracle Forms 11g and Oracle Forms 12?,2020-03-09,Pre-GenAI
Stack Overflow,2412,React-GA + Redux v7 incompatibility issue with jest,2019-04-23,Pre-GenAI
Stack Overflow,2413,@Host() or ng-container incompatibility between angular 9 and 10,2022-05-07,Pre-GenAI
Stack Overflow,2414,Python Arduino Serial communication incompatibility problem,2019-03-13,Pre-GenAI
Stack Overflow,2415,&quot;Module was compiled with an incompatible version of Kotlin. The binary version of its metadata,2021-05-08,Pre-GenAI
Stack Overflow,2416,Parse and GMaps iOS SDK incompatibility in Swift?,2015-04-22,Pre-GenAI
Stack Overflow,2417,Cast Double to Integer,2012-02-01,Pre-GenAI
Stack Overflow,2419,YouTube API &amp; Android Support Library incompatibility,2014-09-11,Pre-GenAI
Stack Overflow,2420,pandas to_sql enforced dtype for sqlite - incompatibility with unicode_literals,2017-06-27,Pre-GenAI
Stack Overflow,2421,nsight - OpenGL 4.2 debugging incompatibility,2014-12-19,Pre-GenAI
Stack Overflow,2422,mvn liquibase rollback returns type incompatibility error,2022-11-09,Pre-GenAI
Stack Overflow,2423,How to downgrade bundler or upgrade rails?,2012-03-15,Pre-GenAI
Stack Overflow,2424,Cognos 10.2.1 Active Reports Internet Explorer 11 incompatibility,2014-10-07,Pre-GenAI
Stack Overflow,2425,"RuntimeWarning: numpy.dtype size changed, may indicate binary incompatibility. Expected 96, got 88",2018-08-17,Pre-GenAI
Stack Overflow,2426,Scala: binary incompatibility between releases,2010-01-13,Pre-GenAI
Stack Overflow,2427,Does source incompatibility always imply binary incompatibility?,2009-08-03,Pre-GenAI
Stack Overflow,2429,Visual Studio - vdproj is incompatible,2014-09-25,Pre-GenAI
Stack Overflow,2430,CUDA incompatible with gcc version,2011-07-08,Pre-GenAI
Stack Overflow,2431,Examples of forward incompatibility of the Android framework,2014-03-21,Pre-GenAI
Stack Overflow,2432,AngularJS authentication - Incompatibility between directives?,2013-06-25,Pre-GenAI
Stack Overflow,2433,Why my var return incompatibility problem with error 13?,2021-09-16,Pre-GenAI
Stack Overflow,2434,Incompatibility with Xcode 4.5?,2012-09-24,Pre-GenAI
Stack Overflow,2435,IE incompatibility banner,2020-11-18,Pre-GenAI
Stack Overflow,2436,Sentry version incompatibility,2022-01-12,Pre-GenAI
Stack Overflow,2437,Is there any way to avoid plugin cross incompatibility in VSCode?,2021-03-11,Pre-GenAI
Stack Overflow,2438,sbt 0.13.0 JLine incompatibility detected,2013-10-19,Pre-GenAI
Stack Overflow,2439,MySQL-Python Installation Error: Possible Architecture Incompatibility?,2011-08-08,Pre-GenAI
Stack Overflow,2440,incompatibility error - element is not allowed to be self closing in current schema,2010-02-20,Pre-GenAI
Stack Overflow,2441,Migration Of play 2.4 from 2.3:sbt.IncompatiblePluginsException: Binary incompatibility in plugins d,2016-01-29,Pre-GenAI
Stack Overflow,2442,WordPress MySql incompatibility. Locally developed version : 5.6.17 &amp; hosting providers version ,2016-12-24,Pre-GenAI
Stack Overflow,2443,AWS s3 and minio incompatibility signature checking if url params contains ;,2020-01-24,Pre-GenAI
Stack Overflow,2444,Incompatibility with Java 7,2012-10-10,Pre-GenAI
Stack Overflow,2445,Firefox incompatibility?,2015-11-21,Pre-GenAI
Stack Overflow,2446,Protection against accidental object incompatibility?,2013-10-04,Pre-GenAI
Stack Overflow,2447,Visual Studio 2012 &amp; Windows 8: Program Incompatibility Assistant Warning,2013-12-26,Pre-GenAI
Stack Overflow,2448,incompatibility when running dart rpc and shelf (with shelf_rpc) related to headers which are lists ,2015-05-05,Pre-GenAI
Stack Overflow,2450,maven API incompatibility error for sh.tak.appbundler:appbundle-maven-plugin:1.2.0,2021-02-26,Pre-GenAI
Stack Overflow,2451,Version Incompatibility Microsoft.Graph,2019-11-11,Pre-GenAI
Stack Overflow,2452,Kinect for Windows - PC Incompatibility,2013-01-14,Pre-GenAI
Stack Overflow,2453,Installing npm package acs fails due to incompatibility with tar@0.1.13,2015-07-17,Pre-GenAI
Stack Overflow,2454,Xcode 4.5 and iOS 4.2.1 incompatibility,2012-09-17,Pre-GenAI
Stack Overflow,2455,Composer.lock incompatibility with actually installed versions of packages on production server,2018-07-19,Pre-GenAI
Stack Overflow,2456,Incompatibility between C and C++ code,2011-03-19,Pre-GenAI
Stack Overflow,2457,slf4j version incompatibility,2018-02-26,Pre-GenAI
Stack Overflow,2458,Postgresql Ubuntu strange behaviour (version incompatibility?),2016-05-06,Pre-GenAI
Stack Overflow,2459,RTSP Source Filter with GDCL MP4 Muxer incompatibility,2011-10-20,Pre-GenAI
Stack Overflow,2460,Incompatibility in firefox,2018-09-01,Pre-GenAI
Stack Overflow,2461,Rails 5.0.2 incompatibility with bundler 2.0.1,2019-02-03,Pre-GenAI
Stack Overflow,2462,Android Studio dependency incompatible,2019-03-25,Pre-GenAI
Stack Overflow,2463,Package incompatibility - Flutter,2022-09-22,Pre-GenAI
Stack Overflow,2464,Docker container OS and host OS on Windows incompatibility skip OS validation?,2021-07-02,Pre-GenAI
Stack Overflow,2467,Kotlin incompatibility issue,2022-08-12,Pre-GenAI
Stack Overflow,2469,"RxJava: window/buffer overload questions, incompatibility with Rx.NET?",2015-06-21,Pre-GenAI
Stack Overflow,2470,adding virtual function to the end of the class declaration avoids binary incompatibility?,2010-05-18,Pre-GenAI
Stack Overflow,2471,.Net framework Incompatibility Issues,2011-10-19,Pre-GenAI
Stack Overflow,2472,sonar/jacoco plugin failed due to API incompatibility,2016-11-04,Pre-GenAI
Stack Overflow,2474,Check whether PHP incompatibility or MySqli incompatibility the issue?,2014-09-15,Pre-GenAI
Stack Overflow,2476,"strlen function incompatible w/loop, loop variable incompatible",2013-12-03,Pre-GenAI
Stack Overflow,2477,"_WIN32_WINNT definition changed in header, does this cause a binary incompatibility?",2015-01-20,Pre-GenAI
Stack Overflow,2478,Gwt application font incompatibility issues in FireFox compare to IE,2012-09-03,Pre-GenAI
Stack Overflow,2479,Flutter &amp; AndroidX incompatibility How to set a dependency manually,2019-06-07,Pre-GenAI
Stack Overflow,2480,Overriding functions incompatibility,2012-11-27,Pre-GenAI
Stack Overflow,2482,clx/vcl incompatibility,2012-12-10,Pre-GenAI
Stack Overflow,2483,"Jquery 1.3.2 error on Internet Explorer. Incompatibility, or error in my code?",2010-09-07,Pre-GenAI
Stack Overflow,2485,Gulp Task Failing - Browserify/Babel Incompatibility?,2018-12-05,Pre-GenAI
Stack Overflow,2486,"Scipy error: numpy.dtype size changed, may indicate binary incompatibility (and associated strange b",2014-09-09,Pre-GenAI
Stack Overflow,2487,cacerts - incompatibility Open JDK/JRE vs. Oracle JDK/JRE?,2021-02-24,Pre-GenAI
Stack Overflow,2488,Incompatibility between the Dart shelf and rpc packages? (&#39;access-control-request-method&#39; he,2015-05-05,Pre-GenAI
Stack Overflow,2489,InteliJ SBT auto import of scala project gives: Binary incompatibility in plugins detected,2015-05-07,Pre-GenAI
Stack Overflow,2490,Array.size() vs Array.length,2013-01-07,Pre-GenAI
Stack Overflow,2491,JDBC incompatibility error,2014-04-29,Pre-GenAI
Stack Overflow,2492,PHP: Declare interface incompatibility,2014-09-11,Pre-GenAI
Stack Overflow,2493,An API incompatibility was encountered while executing org.apache.maven.plugins:maven-shade-plugin:1,2015-09-03,Pre-GenAI
Stack Overflow,2496,Are width and float incompatible?,2013-08-15,Pre-GenAI
Stack Overflow,2497,c++ executable doesnt run in windows 7 - 64 bit incompatibility,2014-04-12,Pre-GenAI
Stack Overflow,2498,GNUStep NSAutoreleasePool incompatibility,2009-09-27,Pre-GenAI
Stack Overflow,2499,Newtonsoft Json.NET version incompatibility (DLL hell),2015-07-24,Pre-GenAI
Stack Overflow,2500,org.omg.stub.java.rmi._Remote_Stub incompatibility,2014-07-22,Pre-GenAI
Stack Overflow,2502,Serialization incompatibility between class generated by ajc and javac,2019-04-28,Pre-GenAI
Stack Overflow,2503,Jena DatasetAccessor Http incompatibility,2016-03-05,Pre-GenAI
Stack Overflow,2504,Browser Incompatibility firefox,2013-10-14,Pre-GenAI
Stack Overflow,2505,Font backward incompatibility,2009-06-16,Pre-GenAI
Stack Overflow,2506,JXL + POI : incompatibility,2012-12-03,Pre-GenAI
Stack Overflow,2507,incompatibility of hadoop versions,2012-12-26,Pre-GenAI
Stack Overflow,2508,&quot;sql_mode=only_full_group_by&quot; incompatibility error,2017-10-01,Pre-GenAI
Stack Overflow,2509,CUDA Kernel parameter incompatibility,2014-06-06,Pre-GenAI
Stack Overflow,2510,Keras Dimension Incompatibility,2019-10-23,Pre-GenAI
Stack Overflow,2511,Flutter libraries incompatibility,2021-10-21,Pre-GenAI
Stack Overflow,2512,Browser incompatibility Svelte,2022-09-06,Pre-GenAI
Stack Overflow,2513,SnapSVG browser incompatibility,2014-11-05,Pre-GenAI
Stack Overflow,2514,OpenCV incompatibility issues,2020-12-30,Pre-GenAI
Stack Overflow,2516,Spring Cloud Hoxton.SR5 incompatibility with latest version of Spring Cloud Schema Registry (2.2.1.R,2020-06-16,Pre-GenAI
Stack Overflow,2517,Jackson version incompatibility?,2013-02-19,Pre-GenAI
Stack Overflow,2518,Browser incompatibility problem,2011-08-29,Pre-GenAI
Stack Overflow,2519,Generic type incompatibility,2016-11-15,Pre-GenAI
Stack Overflow,2520,React upgrade incompatibility,2016-03-01,Pre-GenAI
Stack Overflow,2521,Scala libraries incompatibility,2019-10-11,Pre-GenAI
Stack Overflow,2522,Unity incompatibility in Visual Studio,2021-05-27,Pre-GenAI
Stack Overflow,2523,JavaFX CSS incompatibility,2017-10-23,Pre-GenAI
Stack Overflow,2524,Bootstrap 3 incompatibility,2013-12-13,Pre-GenAI
Stack Overflow,2525,Genymotion Interface Incompatibility,2017-04-22,Pre-GenAI
Stack Overflow,2526,16-bit assembly incompatibility with 64-bit windows 7,2013-09-27,Pre-GenAI
Stack Overflow,2527,Library incompatibility? - C++,2013-02-05,Pre-GenAI
Stack Overflow,2528,IE CSS Incompatibility,2013-02-06,Pre-GenAI
Stack Overflow,2529,Array incompatibility Javascript,2015-06-13,Pre-GenAI
Stack Overflow,2530,Moq 4.13.1 incompatibility with Task.Extensions,2020-02-13,Pre-GenAI
Stack Overflow,2531,Incompatibility due to GUID,2017-07-13,Pre-GenAI
Stack Overflow,2532,Incompatibility click and black versions with Poetry ( ImportError: cannot import name &#39;_unicode,2022-04-06,Pre-GenAI
Stack Overflow,2533,Chrome and Firefox incompatibility,2011-05-28,Pre-GenAI
Stack Overflow,2534,Mobile-incompatibility with CSS,2016-06-21,Pre-GenAI
Stack Overflow,2535,Incompatibility issues (AndroidManifest),2012-07-25,Pre-GenAI
Stack Overflow,2537,Incompatibility with Galaxy Note,2012-01-16,Pre-GenAI
Stack Overflow,2538,Fixing illogical &quot;incompatibility components&quot; error copied from OpenModelica Library,2019-02-11,Pre-GenAI
Stack Overflow,2539,An API incompatibility was encountered while executing org.codehaus.mojo:sonar-maven-plugin:2.6:sona,2015-07-22,Pre-GenAI
Stack Overflow,2540,Conversion incompatibility between timestamp type in Glue and in Spark?,2020-07-06,Pre-GenAI
Stack Overflow,2541,position incompatibility with float,2015-01-08,Pre-GenAI
Stack Overflow,2542,Firefox incompatibility with typed.js?,2015-05-21,Pre-GenAI
Stack Overflow,2544,Attention layer on top of LSTM Autoencoder getting incompatibility error,2019-04-11,Pre-GenAI
Stack Overflow,2546,Node.js Sass version 7.0.0 is incompatible with ^4.0.0 || ^5.0.0 || ^6.0.0,2021-12-08,Pre-GenAI
Stack Overflow,2547,jQuery incompatibility with Firefox,2010-01-03,Pre-GenAI
Stack Overflow,2548,Gradle incompatibility with admob,2018-10-28,Pre-GenAI
Stack Overflow,2549,mootools incompatibility with jQuery,2010-12-10,Pre-GenAI
Stack Overflow,2550,Javafx FXML Incompatible,2019-10-13,Pre-GenAI
Stack Overflow,2551,APScheduler and zerorpc incompatibility,2019-05-03,Pre-GenAI
Stack Overflow,2552,becomeFirstResponder and estimatedRowHeight incompatibility,2016-08-10,Pre-GenAI
Stack Overflow,2553,gtest and lua incompatibility?,2014-03-27,Pre-GenAI
Stack Overflow,2554,Fragment and ListFragment incompatibility,2013-12-06,Pre-GenAI
Stack Overflow,2555,Spray and Swagger incompatibility,2014-05-11,Pre-GenAI
Stack Overflow,2557,PyQt5 and Qt5.5 : license incompatibility,2015-07-28,Pre-GenAI
Stack Overflow,2558,NancyFx incompatibility with .Net Core,2016-09-25,Pre-GenAI
Stack Overflow,2559,"Incompatibility accessibility error, what is that means?",2014-05-04,Pre-GenAI
Stack Overflow,2560,Incompatibility of Pellet 2.3.0 with OWL API 3.4.3?,2013-04-20,Pre-GenAI
Stack Overflow,2561,Mousewheel and transition incompatibility,2015-09-15,Pre-GenAI
Stack Overflow,2562,Qt and JACK incompatibility,2020-01-15,Pre-GenAI
Stack Overflow,2563,Incompatibility pyinstaller and sklearn,2020-06-29,Pre-GenAI
Stack Overflow,2564,Incompatibility between Mocha and Expect (Jest) assertions in Node.js app,2022-01-16,Pre-GenAI
Stack Overflow,2565,InputStream and URL incompatibility,2014-10-27,Pre-GenAI
Stack Overflow,2566,Incompatibility between Fragment and ListFragment,2016-12-27,Pre-GenAI
Stack Overflow,2567,Google Play Services incompatibility,2014-08-20,Pre-GenAI
Stack Overflow,2568,How to fix flutter AndroidX incompatibility?,2019-06-11,Pre-GenAI
Stack Overflow,2569,Visual Studio 2013 Ultimate incompatibility,2013-12-14,Pre-GenAI
Stack Overflow,2570,&quot;No such file or directory&quot; error when executing a binary,2010-04-26,Pre-GenAI
Stack Overflow,2571,Finding incompatibility in Firefox addon,2011-10-11,Pre-GenAI
Stack Overflow,2573,Javascript Incompatibility with Mozilla,2009-09-30,Pre-GenAI
Stack Overflow,2574,HTML incompatibility on Chrome,2012-03-25,Pre-GenAI
Stack Overflow,2575,Tapestry and Underscore incompatibility,2016-08-03,Pre-GenAI
Stack Overflow,2576,Incompatibility 10.10 to 10.8,2015-10-10,Pre-GenAI
Stack Overflow,2578,Type Incompatibility With Vendor Folder,2019-03-25,Pre-GenAI
Stack Overflow,2579,toString method with weird incompatibility?,2014-10-04,Pre-GenAI
Stack Overflow,2580,Java applet/Firefox incompatibility problem,2008-11-10,Pre-GenAI
Stack Overflow,2581,"Locust.io: RuntimeWarning: greenlet.greenlet size changed, may indicate binary incompatibility",2020-10-14,Pre-GenAI
Stack Overflow,2582,Gson and Jackson incompatibility,2015-03-18,Pre-GenAI
Stack Overflow,2583,Swipebox incompatibility with Angular,2015-11-18,Pre-GenAI
Stack Overflow,2584,NSPersistentStoreCoordinator - how to handle schema incompatibility errors?,2012-05-05,Pre-GenAI
Stack Overflow,2585,Ffmpeg and OpenCv versions incompatibility,2017-07-28,Pre-GenAI
Stack Overflow,2587,Maven deploying to central api incompatibility,2021-10-18,Pre-GenAI
Stack Overflow,2588,Incompatibility between javax.security.cert.X509Certificate and java.security.cert.X509Certificate,2014-07-06,Pre-GenAI
Stack Overflow,2589,Incompatibility with EnhancedJumps and vimfiler?,2014-12-16,Pre-GenAI
Stack Overflow,2591,Are there any specific examples of backward incompatibilities between Java versions?,2009-10-31,Pre-GenAI
Stack Overflow,2592,Incompatible pointer types and constness,2015-02-24,Pre-GenAI
Stack Overflow,2593,incompatibility with btoa and IE,2017-06-21,Pre-GenAI
Stack Overflow,2594,C vs C++ compilation incompatibility - does not name a type,2018-06-27,Pre-GenAI
Stack Overflow,2595,Xamarin test Cloud incompatibility issue,2016-06-07,Pre-GenAI
Stack Overflow,2596,Incompatibility of ols_step_both_p with dplyr,2022-01-03,Pre-GenAI
Stack Overflow,2597,Matrix Size Incompatibility with ragged tensor of variable size sequence and LSTM,2021-02-13,Pre-GenAI
Stack Overflow,2598,Timestamp incompatibility (NiFi&#39;s PutSQL),2018-04-02,Pre-GenAI
Stack Overflow,2599,Multiprocessing incompatible with NumPy,2013-08-07,Pre-GenAI
Stack Overflow,2600,Version incompatibility between Lucene and Solr,2010-12-29,Pre-GenAI
Stack Overflow,2601,Fabric plugin 1.26.0 incompatibility,2018-09-25,Pre-GenAI
Stack Overflow,2602,Typescript Function Overload Incompatibility,2020-04-27,Pre-GenAI
Stack Overflow,2603,Visual c++ machine type incompatibility,2015-09-22,Pre-GenAI
Stack Overflow,2604,Eclipse Won&#39;t Start - JVM incompatibility,2015-02-22,Pre-GenAI
Stack Overflow,2605,position:absolute incompatibility in Chrome and Firefox,2013-03-12,Pre-GenAI
Stack Overflow,2606,Apache spark - Cassandra Guava incompatibility,2017-01-19,Pre-GenAI
Stack Overflow,2608,Type incompatibility error using generics,2016-04-11,Pre-GenAI
Stack Overflow,2609,HK2 / GlassFish / Jersey incompatibility,2016-02-04,Pre-GenAI
Stack Overflow,2610,Flask Version Incompatibility issue,2021-05-14,Pre-GenAI
Stack Overflow,2611,VS 2010: Can’t insert mvvm-light snippet using shortcut - incompatibility with resharper 5?,2010-06-02,Pre-GenAI
Stack Overflow,2612,Even-odd sort incompatibility,2014-05-19,Pre-GenAI
Stack Overflow,2613,GLIBC incompatibility on debian docker,2022-07-19,Pre-GenAI
Stack Overflow,2614,thrift 0.5 and 0.8 incompatible,2013-03-19,Pre-GenAI
Stack Overflow,2615,Internet Explorer Incompatibility v9 &amp; v8 [object Object] ~ additional,2016-08-25,Pre-GenAI
Stack Overflow,2616,An API incompatibility was encountered while executing org.sonarsource.scanner.maven:sonar-maven-plu,2021-08-27,Pre-GenAI
Stack Overflow,2617,framework7 keypad + swipe incompatibility,2017-08-25,Pre-GenAI
Stack Overflow,2618,Android Multi Screen Incompatibility,2016-09-29,Pre-GenAI
Stack Overflow,2619,Upgrade to g++ 4.7 (with c++11 support): any ABI incompatibility?,2012-10-27,Pre-GenAI
Stack Overflow,2620,Tricky assembly version incompatibility,2015-10-21,Pre-GenAI
Stack Overflow,2621,Python-Requests timeout incompatibility,2016-10-29,Pre-GenAI
Stack Overflow,2622,SqlExpress mdf DB incompatibility,2010-09-30,Pre-GenAI
Stack Overflow,2623,tflearn conv2d_transpose shape incompatibility,2017-12-14,Pre-GenAI
Stack Overflow,2624,Multiple dex files define Landroid/support/v4/accessibilityservice/AccessibilityServiceInfoCompat,2014-01-08,Pre-GenAI
Stack Overflow,2625,ASP:RequiredFieldValidator and jQuery incompatibility,2017-02-25,Pre-GenAI
Stack Overflow,2626,Android 4.2.2 app incompatibility,2013-04-30,Pre-GenAI
Stack Overflow,2627,Ehcache and Tomcat 8 incompatibility?,2014-12-05,Pre-GenAI
Stack Overflow,2628,Camel-swagger and Hawt.io incompatibility,2015-06-12,Pre-GenAI
Stack Overflow,2629,Keras BatchNormalization layer incompatibility error,2020-12-03,Pre-GenAI
Stack Overflow,2630,Continuations and for comprehensions -- what&#39;s the incompatibility?,2012-01-19,Pre-GenAI
Stack Overflow,2631,Magento API version incompatibility,2011-04-26,Pre-GenAI
Stack Overflow,2632,ProcessInfo Linux/Windows incompatibility,2019-05-07,Pre-GenAI
Stack Overflow,2633,spring kafka versions incompatibility,2022-06-22,Pre-GenAI
Stack Overflow,2634,GMaven build fails with &quot;An API incompatibility was encountered&quot;,2012-10-28,Pre-GenAI
Stack Overflow,2635,"Pymongo ConfigurationError, server incompatibility",2022-01-17,Pre-GenAI
Stack Overflow,2636,AngularJS Internet Explorer incompatibility,2017-08-24,Pre-GenAI
Stack Overflow,2637,Error on Dependencies in Android Studio - Problem: Inconsistencies in the existing project dependenc,2020-03-10,Pre-GenAI
Stack Overflow,2638,Spring Framework 3.1.1 incompatibility,2012-04-02,Pre-GenAI
Stack Overflow,2639,MarkLogic upgrade incompatibility (downgrade),2020-01-24,Pre-GenAI
Stack Overflow,2640,Torch DoubleTensor CharTensor Incompatibility,2015-10-16,Pre-GenAI
Stack Overflow,2642,Mongodb/Mongoose types aggregation incompatibility,2022-04-07,Pre-GenAI
Stack Overflow,2643,type incompatibility for generic arrays,2016-02-03,Pre-GenAI
Stack Overflow,2644,Possible template &amp; constexpr–if incompatibility,2017-07-31,Pre-GenAI
Stack Overflow,2645,jquery.event.drag and jquery resizable incompatibility,2013-11-12,Pre-GenAI
Stack Overflow,2647,Incompatibility when Managed C++ Wrapper (v110) is consuming Native C++ DLLs (v100),2013-11-12,Pre-GenAI
Stack Overflow,2648,Cross Browser incompatibility? (jQuery),2011-12-21,Pre-GenAI
Stack Overflow,2649,Angular Material Calendar incompatibility?,2016-08-08,Pre-GenAI
Stack Overflow,2650,Error and incompatibility with crosstab (Postgresql-10),2017-11-14,Pre-GenAI
Stack Overflow,2651,Guava - gdata libraries incompatibility,2012-08-21,Pre-GenAI
Stack Overflow,2652,design incompatibility issue in Firefox15.0.1,2012-09-22,Pre-GenAI
Stack Overflow,2653,OpenCV ZXing incompatibility on iOS,2012-11-21,Pre-GenAI
Stack Overflow,2654,"R stargazer, lme4 and lmerTest incompatibility",2015-07-09,Pre-GenAI
Stack Overflow,2655,Check &quot;Pointer Incompatibility&quot; warning programmatically,2014-07-06,Pre-GenAI
Stack Overflow,2656,TensorFlow: ValueError: Shapes are incompatible,2021-11-24,Pre-GenAI
Stack Overflow,2657,"Perl compile, libgdbm incompatibility",2016-12-15,Pre-GenAI
Stack Overflow,2658,Delphi zlib / iOS incompatibility?,2016-08-09,Pre-GenAI
Stack Overflow,2659,Chrome / IE css incompatibility,2013-06-09,Pre-GenAI
Stack Overflow,2660,Chosen Incompatibility with jquery DataTable,2016-06-08,Pre-GenAI
Stack Overflow,2662,Python: xarray and h5py incompatibility,2020-07-28,Pre-GenAI
Stack Overflow,2663,Version incompatibility node and npm?,2021-09-02,Pre-GenAI
Stack Overflow,2664,Can&#39;t update Macports (with Mac OS X Mavericks),2013-10-27,Pre-GenAI
Stack Overflow,2665,django-multilingual-ng / Django 1.1.1 incompatibility?,2010-05-07,Pre-GenAI
Stack Overflow,2666,tomahawk 1.1-Myfaces problems uploading file incompatibility with Jboss 7.1,2019-10-15,Pre-GenAI
Stack Overflow,2667,IE11 incompatibility with jQuery&#39;s &#39;readonly&#39;?,2015-05-15,Pre-GenAI
Stack Overflow,2668,Spring and Hibernate dependency Incompatibility,2019-11-27,Pre-GenAI
Stack Overflow,2669,incompatibility between html and css,2017-04-03,Pre-GenAI
Stack Overflow,2670,ChemDoodle Ajax Incompatibility with Pollen.js,2011-09-07,Pre-GenAI
Stack Overflow,2671,ABI incompatibility of Rust executable with C++ dynamic library,2019-07-23,Pre-GenAI
Stack Overflow,2672,iText7 PdfHtml and Jsoup incompatibility,2017-11-27,Pre-GenAI
Stack Overflow,2673,Incompatibility (conflicts) in installing pygeocoder,2020-01-09,Pre-GenAI
Stack Overflow,2674,for on generic type error - class incompatibility,2017-04-17,Pre-GenAI
Stack Overflow,2675,Node.js dependencies incompatibility on Linux,2017-05-09,Pre-GenAI
Stack Overflow,2676,Docker-compose and Xvfb incompatibility?,2017-08-30,Pre-GenAI
Stack Overflow,2677,Firebase UI and FloatingActionButton incompatibility,2016-12-09,Pre-GenAI
Stack Overflow,2679,Gunicorn and Django South incompatibility?,2012-12-19,Pre-GenAI
Stack Overflow,2680,the return type is incompatible with Asynctask,2014-07-08,Pre-GenAI
Stack Overflow,2681,XAML clr-namespace - using incompatibility?,2013-05-06,Pre-GenAI
Stack Overflow,2682,OpenSSL incompatibility with Windows API,2016-07-29,Pre-GenAI
Stack Overflow,2683,CSS and Internet Explorer incompatibility,2010-11-23,Pre-GenAI
Stack Overflow,2684,Expression blend 4 Silverlight version Incompatibility,2010-07-01,Pre-GenAI
Stack Overflow,2686,warning: incompatible implicit declaration of built-in function ‘xyz’,2009-06-10,Pre-GenAI
Stack Overflow,2687,"numpy ndarray size changed, may indicate binary incompatibility",2021-10-27,Pre-GenAI
Stack Overflow,2688,Nv-d3 Data format incompatibility,2015-05-01,Pre-GenAI
Stack Overflow,2689,IDL file incompatibility with vS2010,2015-06-15,Pre-GenAI
Stack Overflow,2690,scala library incompatibility with jwi,2016-10-09,Pre-GenAI
Stack Overflow,2691,Incompatibility between SplashJsonResponse and Xpath(),2022-01-27,Pre-GenAI
Stack Overflow,2693,incompatibility between HAXM hypervisor and VirtualBox 4.3.30+,2016-07-15,Pre-GenAI
Stack Overflow,2694,What&#39;s the difference/incompatibility between ng-model and ng-value?,2015-02-25,Pre-GenAI
Stack Overflow,2695,Acache: wsgi and alias incompatibility,2016-10-10,Pre-GenAI
Stack Overflow,2696,Is the `inline` prop incompatible with `SVGTooltip`?,2017-08-02,Pre-GenAI
Stack Overflow,2697,C# VS incompatibility with versions,2018-09-03,Pre-GenAI
Stack Overflow,2698,Bing Maps incompatibility with MooTools,2016-10-21,Pre-GenAI
Stack Overflow,2699,Browser Incompatibility with href=&quot;file...&quot;,2015-01-06,Pre-GenAI
Stack Overflow,2700,APLpy incompatibility with matplotlib gridspec,2013-05-24,Pre-GenAI
Stack Overflow,2702,External code incompatibility with metadata?,2018-05-02,Pre-GenAI
Stack Overflow,2703,Website display incompatibility with smartphones,2013-04-05,Pre-GenAI
Stack Overflow,2704,zclip &amp; twitter bootstrap: incompatibility?,2012-07-06,Pre-GenAI
Stack Overflow,2706,&quot;You cannot install this app because another user has already installed an incompatible version,2015-03-04,Pre-GenAI
Stack Overflow,2707,Memcached and Tomcat 8 incompatibility,2015-02-04,Pre-GenAI
Stack Overflow,2708,Incompatibility between AngularJS and Firefox,2017-04-06,Pre-GenAI
Stack Overflow,2709,CSS incompatibility with Google Chrome,2015-09-04,Pre-GenAI
Stack Overflow,2710,Google Colab incompatibility with TensorBoard,2021-07-22,Pre-GenAI
Stack Overflow,2711,moonlight vs. silverlight :: datagrid incompatibility?,2011-10-09,Pre-GenAI
Stack Overflow,2712,SQL Server CE throws an Incompatibility exception,2012-10-21,Pre-GenAI
Stack Overflow,2713,JavaFX maven plugin and API incompatibility,2013-10-16,Pre-GenAI
Stack Overflow,2714,Xamarin Forms And MonoTouch Incompatibility,2016-01-31,Pre-GenAI
Stack Overflow,2715,Qt4 and Qt5 QPlainTextEdit incompatibility,2021-02-18,Pre-GenAI
Stack Overflow,2716,Matlab rotate3D and buttondownfcn incompatibility,2013-03-13,Pre-GenAI
Stack Overflow,2717,UWP 6.2.2 and System.Runtime.CompilerServices.Unsafe Incompatibility,2019-01-03,Pre-GenAI
Stack Overflow,2718,Incompatibility with fiware/orion:2.0.0,2018-11-07,Pre-GenAI
Stack Overflow,2719,QLineEdit and custom function incompatibility,2012-06-20,Pre-GenAI
Stack Overflow,2720,Fabric Crashlytics and Twitter incompatibility,2017-04-16,Pre-GenAI
Stack Overflow,2721,Types incompatibility with flow type,2017-12-15,Pre-GenAI
Stack Overflow,2722,Laravel 5.5 and PHP incompatibility,2018-09-04,Pre-GenAI
Stack Overflow,2723,IE8 incompatibility of z-index and body:after,2011-12-09,Pre-GenAI
Stack Overflow,2724,Pandas 1.0.0 incompatibility with python 3.5,2020-02-05,Pre-GenAI
Stack Overflow,2725,Selenium WebDriver + Firefox 7.0.1 incompatibility,2011-10-12,Pre-GenAI
Stack Overflow,2726,sqlitecipher &amp; std::function incompatibility,2016-06-15,Pre-GenAI
Stack Overflow,2727,Liferay 7 hibernate dialect Incompatibility issue,2016-06-27,Pre-GenAI
Stack Overflow,2728,std::thread.join() and SFML incompatibility?,2014-07-18,Pre-GenAI
Stack Overflow,2729,Incompatibility between Microsoft.NET.Sdk.Functions and xunit.runner.visualstudio,2019-09-27,Pre-GenAI
Stack Overflow,2730,SQLite and System.Data version incompatibility,2013-12-30,Pre-GenAI
Stack Overflow,2731,DatetimePicker and jquery version incompatibility,2015-06-14,Pre-GenAI
Stack Overflow,2732,Azure Webjob Incompatibility with NewtonSoft,2016-10-11,Pre-GenAI
Stack Overflow,2733,Incompatibility of two dependencies in Maven,2015-12-04,Pre-GenAI
Stack Overflow,2734,Collation and datatype incompatibility on strings,2021-02-22,Pre-GenAI
Stack Overflow,2736,Incompatibility of numpy.sum() with Python 3,2013-05-05,Pre-GenAI
Stack Overflow,2737,&quot;rails new&quot; installing incompatible gems,2018-11-17,Pre-GenAI
Stack Overflow,2739,jQuery Safari/Chrome incompatibility with draggable containment property,2008-11-12,Pre-GenAI
Stack Overflow,2740,Detect Target Framework / NuGet DLL Incompatibility Error During Build,2020-02-06,Pre-GenAI
Stack Overflow,2741,JavaScript and Flash incompatibility with IE,2009-12-14,Pre-GenAI
Stack Overflow,2742,.NET Framework 4.6.2 and .NET Standard 2.0 incompatibility,2017-10-05,Pre-GenAI
Stack Overflow,2743,Binary incompatibility for Openssl on Raspbian,2017-12-20,Pre-GenAI
Stack Overflow,2744,"Vulkan image incompatibility, is there a nice way to check which parameters are incompatible?",2022-01-23,Pre-GenAI
Stack Overflow,2745,"Importing Gensim in python ValueError: numpy.ndarray size changed, may indicate binary incompatibili",2021-12-15,Pre-GenAI
Stack Overflow,2747,PhpStorm v2017.3.4 &amp; Codeception v2.4.0 incompatibility,2018-03-01,Pre-GenAI
Stack Overflow,2748,Xcode 14 Xcode 13 incompatibility,2022-10-07,Pre-GenAI
Stack Overflow,2749,Maven CXF plugin API incompatibility,2015-01-16,Pre-GenAI
Stack Overflow,2750,Visual Studio 2013 incompatibility with MS SQL Server 2014,2014-06-22,Pre-GenAI
Stack Overflow,2751,sbt.IncompatiblePluginsException: Binary incompatibility in plugins detected,2014-02-01,Pre-GenAI
Stack Overflow,2752,How can I run a .py without reviewing its first line in a shell to avoid incompatibility?,2016-10-14,Pre-GenAI
Stack Overflow,2753,Detect H.265 HEVC incompatibility,2022-04-08,Pre-GenAI
Stack Overflow,2754,Cross-browser jQuery incompatibility issue,2018-12-12,Pre-GenAI
Stack Overflow,2755,sitecore 6.6 lucene version incompatibility,2013-10-16,Pre-GenAI
Stack Overflow,2756,How to overcome gzip/Mavericks incompatibility?,2014-01-28,Pre-GenAI
Stack Overflow,2758,Is there a way to ignore type incompatibility in typescript?,2013-02-06,Pre-GenAI
Stack Overflow,2759,Incompatibility type when using range,2022-07-06,Pre-GenAI
Stack Overflow,2760,Is the ATL incompatibility with DEP fixable?,2011-09-17,Pre-GenAI
Stack Overflow,2761,Wheel Incompatibility between Python Minor Versions,2019-10-18,Pre-GenAI
Stack Overflow,2762,Incompatibility error installing CUDA on Windows,2014-04-13,Pre-GenAI
Stack Overflow,2763,"Cython runtime error &quot;size changed, may indiciate binary incompatibility&quot;",2021-06-24,Pre-GenAI
Stack Overflow,2764,Javascript Incompatibility with IE and FF (call function),2012-11-14,Pre-GenAI
Stack Overflow,2765,ABI incompatibility while importing `scipy.sparse`,2018-03-15,Pre-GenAI
Stack Overflow,2766,PDO Binding Sequence/MySQL Incompatibility?,2014-01-08,Pre-GenAI
Stack Overflow,2767,Executable file recreated from byte array cannot run due to incompatibility with 64-bit version of W,2021-04-23,Pre-GenAI
Stack Overflow,2768,"linear models: numpy.ndarray size changed, may indicate binary incompatibility. Expected 88 from C h",2021-03-07,Pre-GenAI
Stack Overflow,2769,Incompatibility between Struts 2 and Chrome extension,2014-02-18,Pre-GenAI
Stack Overflow,2770,Grails plugin version incompatibility warning,2019-10-22,Pre-GenAI
Stack Overflow,2771,CRON string incompatability Quartz,2018-09-13,Pre-GenAI
Stack Overflow,2772,ember update failed: handlebars incompatibility,2013-07-26,Pre-GenAI
Stack Overflow,2773,rvest 1.0.0 - Latest Update Incompatibility,2021-03-30,Pre-GenAI
Stack Overflow,2774,Boto3 and AWS CLI incompatibility issue,2019-06-04,Pre-GenAI
Stack Overflow,2775,"Data type incompatibility in vb.net , sqlcommand code",2019-01-20,Pre-GenAI
Stack Overflow,2776,Using Flot with Bootstrap: IE8 incompatibility?,2012-04-18,Pre-GenAI
Stack Overflow,2777,Bytecode incompatibility - java.lang.IncompatibleClassChangeError: Implementing class,2014-11-18,Pre-GenAI
Stack Overflow,2778,"iExpress incompatibility with Windows 7, 32 bit?",2014-01-13,Pre-GenAI
Stack Overflow,2779,Testing: Incompatibility between MySQL and H2,2019-06-21,Pre-GenAI
Stack Overflow,2780,"Cordova, Android, deprecated Gradle features, incompatibility",2022-09-01,Pre-GenAI
Stack Overflow,2781,OpenSSL s_client -connect incompatibility issue,2021-12-07,Pre-GenAI
Stack Overflow,2782,Incompatibility Spring Boot 2 and GraphQL,2018-07-16,Pre-GenAI
Stack Overflow,2783,Incompatibility issue between gdata-java-client and google-api-java-client,2012-04-22,Pre-GenAI
Stack Overflow,2784,IE7/IE9 javascript incompatibility problem,2011-07-05,Pre-GenAI
Stack Overflow,2785,NodeJS MongoDB Driver Incompatibility Issue,2015-10-23,Pre-GenAI
Stack Overflow,2786,incompatible packages when trying to run tensorflow example code,2021-05-17,Pre-GenAI
Stack Overflow,2787,What does &quot; 2&gt;&amp;1 &quot; mean?,2009-05-03,Pre-GenAI
Stack Overflow,2788,How can I enumerate an enum?,2008-09-19,Pre-GenAI
Stack Overflow,2789,What does the ??!??! operator do in C?,2011-10-19,Pre-GenAI
Stack Overflow,2790,Compiling an application for use in highly radioactive environments,2016-04-24,Pre-GenAI
Stack Overflow,2791,How does the &quot;final&quot; keyword in Java work? (I can still modify an object.),2013-03-27,Pre-GenAI
Stack Overflow,2793,What does a &quot;Cannot find symbol&quot; or &quot;Cannot resolve symbol&quot; error mean?,2014-09-07,Pre-GenAI
Stack Overflow,2794,Android studio Error &quot;Unsupported Modules Detected: Compilation is not supported for following ,2015-02-23,Pre-GenAI
Stack Overflow,2795,Using Razor within JavaScript,2011-01-04,Pre-GenAI
Stack Overflow,2796,Is there a reason for C#&#39;s reuse of the variable in a foreach?,2012-01-17,Pre-GenAI
Stack Overflow,2797,Android Studio: Where is the Compiler Error Output Window?,2013-05-19,Pre-GenAI
Stack Overflow,2798,How to view the list of compile errors in IntelliJ?,2013-10-14,Pre-GenAI
Stack Overflow,2799,What are the rules for calling the base class constructor?,2008-09-23,Pre-GenAI
Stack Overflow,2800,Updating to latest version of CocoaPods?,2016-09-14,Pre-GenAI
Stack Overflow,2801,Could not find a part of the path ... bin\roslyn\csc.exe,2015-09-25,Pre-GenAI
Stack Overflow,2802,Resolve build errors due to circular dependency amongst classes,2009-03-09,Pre-GenAI
Stack Overflow,2803,Maven build Compilation error : Failed to execute goal org.apache.maven.plugins:maven-compiler-plugi,2017-03-01,Pre-GenAI
Stack Overflow,2804,"Android Studio inline compiler showing red errors, but compilation with gradle works fine",2013-11-26,Pre-GenAI
Stack Overflow,2805,How to set compileJava&#39; task ( 11) and &#39;compileKotlin&#39; task (1.8) jvm target compatibili,2021-09-06,Pre-GenAI
Stack Overflow,2806,"How do I fix the Visual Studio compile error, &quot;mismatch between processor architecture&quot;?",2012-04-11,Pre-GenAI
Stack Overflow,2807,Loading/Downloading image from URL on Swift,2014-06-15,Pre-GenAI
Stack Overflow,2808,Java compilation errors limited to 100,2010-06-25,Pre-GenAI
Stack Overflow,2809,"In TypeScript, what is the ! (exclamation mark / bang) operator when dereferencing a member?",2017-02-16,Pre-GenAI
Stack Overflow,2810,How to capitalize the first letter of a String in Java?,2010-10-11,Pre-GenAI
Stack Overflow,2811,Ignoring Compilation errors - Java,2011-09-28,Pre-GenAI
Stack Overflow,2812,Why does c = ++(a+b) give compilation error?,2018-06-20,Pre-GenAI
Stack Overflow,2813,Catch all JavaScript errors and send them to server,2011-03-16,Pre-GenAI
Stack Overflow,2814,org.apache.http compilation errors,2017-03-02,Pre-GenAI
Stack Overflow,2815,How to check if a Perl script doesn&#39;t have any compilation errors?,2012-10-16,Pre-GenAI
Stack Overflow,2816,Get compilation errors in gradle,2013-11-10,Pre-GenAI
Stack Overflow,2817,How to immediately see compile errors in project tree of IntelliJ Idea?,2010-03-23,Pre-GenAI
Stack Overflow,2818,Passing capturing lambda as function pointer,2015-02-26,Pre-GenAI
Stack Overflow,2819,libxslt: compilation errors,2015-02-08,Pre-GenAI
Stack Overflow,2820,How to show compilation errors in android studio,2013-06-22,Pre-GenAI
Stack Overflow,2821,Compilation errors with CImg,2016-07-15,Pre-GenAI
Stack Overflow,2822,Handling JSP Compilation Errors,2018-04-25,Pre-GenAI
Stack Overflow,2823,Warning:Procedure with compilation errors,2012-11-01,Pre-GenAI
Stack Overflow,2824,"Compile view with compilation error, noot show errors command says no errors",2017-08-15,Pre-GenAI
Stack Overflow,2825,Skipping Java compilation errors,2013-06-13,Pre-GenAI
Stack Overflow,2826,Error:Execution failed for task &#39;:app:compileDebugKotlin&#39;. &gt; Compilation error. See log f,2017-05-08,Pre-GenAI
Stack Overflow,2827,Eclipse is not showing compilation errors in project explorer,2012-10-26,Pre-GenAI
Stack Overflow,2828,Compile Views in ASP.NET MVC,2008-12-20,Pre-GenAI
Stack Overflow,2829,dagger2 compilation errors are missing,2021-08-26,Pre-GenAI
Stack Overflow,2830,maven skip tests with compilation errors,2011-11-24,Pre-GenAI
Stack Overflow,2831,Possible compilation errors in C++,2010-07-22,Pre-GenAI
Stack Overflow,2832,C++: PlaySound() gives 100+ compilation errors,2022-08-10,Pre-GenAI
Stack Overflow,2834,generating enum compilation errors in C,2015-05-11,Pre-GenAI
Stack Overflow,2835,"&quot;Use of undeclared type&quot; in Swift, even though type is internal, and exists in same module",2014-08-22,Pre-GenAI
Stack Overflow,2836,using Sampler2DArray throwing compilation errors,2022-05-03,Pre-GenAI
Stack Overflow,2837,Java 11 package javax.xml.bind does not exist,2018-09-25,Pre-GenAI
Stack Overflow,2838,Compilation appears not showing compilation errors (Makefile),2019-05-12,Pre-GenAI
Stack Overflow,2839,Intellij strange compilation errors,2021-04-30,Pre-GenAI
Stack Overflow,2840,TypeScript compilation errors,2016-11-04,Pre-GenAI
Stack Overflow,2841,Compilation Error with no visible errors in Eclipse,2013-10-24,Pre-GenAI
Stack Overflow,2842,Browsing through previous-compilation errors during a new compilation?,2012-11-07,Pre-GenAI
Stack Overflow,2843,Random number generation: compilation errors,2020-08-07,Pre-GenAI
Stack Overflow,2844,Is Refactoring by Compilation Errors Bad?,2009-01-01,Pre-GenAI
Stack Overflow,2845,Java code compilation using JavaCompiler API and compilation errors handling,2013-12-25,Pre-GenAI
Stack Overflow,2846,Run Scala application in Scala IDE with compilation errors,2012-11-01,Pre-GenAI
Stack Overflow,2847,Trigger created with compilation errors. PL/SQL,2021-11-16,Pre-GenAI
Stack Overflow,2848,Compilation errors when using cout,2016-06-30,Pre-GenAI
Stack Overflow,2849,Getting compilation errors with this function,2014-11-12,Pre-GenAI
Stack Overflow,2850,Mockito Java 8 compilation errors,2015-02-12,Pre-GenAI
Stack Overflow,2851,Warning: Procedure created with compilation errors in oracle,2014-02-17,Pre-GenAI
Stack Overflow,2853,Compilation errors related to template instantiation,2019-08-12,Pre-GenAI
Stack Overflow,2854,JAGS compilation error,2016-05-18,Pre-GenAI
Stack Overflow,2855,React JSX: selecting &quot;selected&quot; on selected &lt;select&gt; option,2014-02-12,Pre-GenAI
Stack Overflow,2856,SQL PLUS Trigger compilation errors,2012-12-18,Pre-GenAI
Stack Overflow,2857,Sync_queue class compilation error,2018-05-15,Pre-GenAI
Stack Overflow,2858,typescript compilation errors never stop compilation,2019-06-30,Pre-GenAI
Stack Overflow,2859,C++ compilation errors in header,2015-09-09,Pre-GenAI
Stack Overflow,2860,IntelliJ - show all compilation errors automatically in the project when code is changed,2013-05-14,Pre-GenAI
Stack Overflow,2861,ng build -w # ignore non-codebase compilation errors,2018-02-07,Pre-GenAI
Stack Overflow,2862,"SQL error, Warning: Procedure created with compilation errors",2018-03-31,Pre-GenAI
Stack Overflow,2863,Are strongly-typed functions as parameters possible in TypeScript?,2013-02-01,Pre-GenAI
Stack Overflow,2864,Compilation Errors Not Readable,2017-08-29,Pre-GenAI
Stack Overflow,2865,Turtle (mock framework) compilation errors,2013-10-13,Pre-GenAI
Stack Overflow,2866,Procedure created with compilation errors,2012-10-30,Pre-GenAI
Stack Overflow,2867,Trigger warning: created with compilation errors,2014-05-22,Pre-GenAI
Stack Overflow,2869,Rasberry Pi4 Ubuntu OS eBPF compilation error: unknown type name &#39;atomic64_t&#39; compilation er,2022-06-29,Pre-GenAI
Stack Overflow,2870,Eclipse compilation error: The hierarchy of the type &#39;Class name&#39; is inconsistent,2011-12-15,Pre-GenAI
Stack Overflow,2871,TypeScript function overloading,2012-11-03,Pre-GenAI
Stack Overflow,2872,Warning: compiled but with compilation errors oracle compile pl/sql error,2014-02-13,Pre-GenAI
Stack Overflow,2873,SGABIOS compilation errors,2012-08-31,Pre-GenAI
Stack Overflow,2874,no compilation errors when calling this.method inside callback,2022-08-29,Pre-GenAI
Stack Overflow,2875,Navigating to actual compilation errors in IDEA,2014-12-26,Pre-GenAI
Stack Overflow,2876,Compilation errors in firestore.rules: Unexpected &#39;if&#39;,2022-01-04,Pre-GenAI
Stack Overflow,2877,spring petclinic compilation errors in eclipse,2014-11-26,Pre-GenAI
Stack Overflow,2878,"Warning: Trigger created with compilation errors, shows no errors",2021-07-06,Pre-GenAI
Stack Overflow,2879,Custom compiler errors through Compilation Participants,2014-06-12,Pre-GenAI
Stack Overflow,2880,compilation errors due to my if statement,2016-11-28,Pre-GenAI
Stack Overflow,2881,How can I make a weak protocol reference in &#39;pure&#39; Swift (without @objc),2014-06-05,Pre-GenAI
Stack Overflow,2882,C++ confusing compilation errors,2012-08-09,Pre-GenAI
Stack Overflow,2883,PL SQL Function -compilation errors,2016-07-28,Pre-GenAI
Stack Overflow,2884,Compilation errors with target IOS 3.1,2011-05-24,Pre-GenAI
Stack Overflow,2885,Compilation errors when using Gradle task,2013-05-27,Pre-GenAI
Stack Overflow,2886,Compilation error expected,2013-11-24,Pre-GenAI
Stack Overflow,2887,Strange compilation errors using Lombok with IntelliJ,2018-03-28,Pre-GenAI
Stack Overflow,2889,Increase the number of e compilation errors reported,2015-06-07,Pre-GenAI
Stack Overflow,2890,Procedure created with compilation errors in oracle.?,2014-02-10,Pre-GenAI
Stack Overflow,2891,preventing value compilation errors,2020-05-30,Pre-GenAI
Stack Overflow,2892,Infinite loop breaks method signature without compilation error,2014-08-06,Pre-GenAI
Stack Overflow,2894,c++ template compilation errors in linux,2017-01-27,Pre-GenAI
Stack Overflow,2895,IDEA is not showing compilation errors,2020-12-12,Pre-GenAI
Stack Overflow,2896,Perl Compilation Errors Compilation failed in require at,2015-11-25,Pre-GenAI
Stack Overflow,2897,WinSock2.h Compilation Errors,2015-10-23,Pre-GenAI
Stack Overflow,2898,Strange JPA compilation errors,2015-03-21,Pre-GenAI
Stack Overflow,2899,c++11 struct initialization compilation error,2013-08-12,Pre-GenAI
Stack Overflow,2900,Trigger created with compilation errors in oracle,2017-10-22,Pre-GenAI
Stack Overflow,2901,Invisible compilation errors in running developing an eclipse plugin,2016-08-14,Pre-GenAI
Stack Overflow,2902,Include of Nvidia&#39;s nvapi.h causes compilation errors,2017-04-19,Pre-GenAI
Stack Overflow,2903,Why do I get compilation errors?,2012-11-11,Pre-GenAI
Stack Overflow,2904,Programmatically check for compilation errors java file,2013-02-14,Pre-GenAI
Stack Overflow,2905,Why can you return a std::unique_ptr without std::move?,2010-11-30,Pre-GenAI
Stack Overflow,2906,How to find out PLSQL Compilation errors,2016-11-04,Pre-GenAI
Stack Overflow,2907,How to get maven to show all compilation errors,2011-05-06,Pre-GenAI
Stack Overflow,2908,PL/SQL comments cause compilation errors?,2021-10-17,Pre-GenAI
Stack Overflow,2909,"`npm run build` works, but `tsc` raises compilation errors?",2022-09-19,Pre-GenAI
Stack Overflow,2910,grunt-sass: getting compilation errors to output to browser,2014-03-24,Pre-GenAI
Stack Overflow,2911,Function created with compilation errors,2018-01-07,Pre-GenAI
Stack Overflow,2912,List only files where compilation errors happened,2021-09-21,Pre-GenAI
Stack Overflow,2913,Compilation Error - Server Error in &#39;/&#39; Application,2015-08-07,Pre-GenAI
Stack Overflow,2914,Strange PLSQL compilation errors,2018-03-22,Pre-GenAI
Stack Overflow,2915,Vs2019.9.2 Raise runtime errors when using Property Pattern for undefined variable and fail compilat,2021-03-17,Pre-GenAI
Stack Overflow,2916,Recovering Latex Compilation Errors,2020-03-03,Pre-GenAI
Stack Overflow,2917,How to check groovy script for compilation errors,2015-08-20,Pre-GenAI
Stack Overflow,2918,Visual studio strange compilation errors,2017-07-12,Pre-GenAI
Stack Overflow,2919,disable/enable compilation errors in Netbeans,2011-09-27,Pre-GenAI
Stack Overflow,2921,Many compilation errors after importing DOTS editor,2022-08-20,Pre-GenAI
Stack Overflow,2922,A crate is exported but &quot;use&quot; throws compilation errors,2016-05-17,Pre-GenAI
Stack Overflow,2923,Compilation Errors in Procedure of Oracle 10g,2019-03-05,Pre-GenAI
Stack Overflow,2924,warning: procedure created with compilation errors sql3,2017-05-08,Pre-GenAI
Stack Overflow,2925,compilation error with oracle statement,2009-09-28,Pre-GenAI
Stack Overflow,2926,Compilation errors for custom AsyncTaskLoader,2012-07-20,Pre-GenAI
Stack Overflow,2928,Sonarqube for compilation errors in PLSQL script,2018-06-06,Pre-GenAI
Stack Overflow,2929,Simulating compilation error,2014-10-05,Pre-GenAI
Stack Overflow,2930,"How to get TeamCity to recognize msbuild compilation errors, using the Rake runner",2009-12-10,Pre-GenAI
Stack Overflow,2931,Compilation error when initialising LinkedList,2020-03-30,Pre-GenAI
Stack Overflow,2932,resolve compilation errors in maven multiple modules,2014-12-11,Pre-GenAI
Stack Overflow,2933,Getting compilation errors when trying to create function,2018-08-11,Pre-GenAI
Stack Overflow,2935,"Compilation errors on Codeforces, using MS visual studio 2019 C++",2020-05-23,Pre-GenAI
Stack Overflow,2936,Trigger compilation error reasons,2014-04-08,Pre-GenAI
Stack Overflow,2937,naive compilation error in code,2013-02-08,Pre-GenAI
Stack Overflow,2938,compilation errors in Java while typecasting,2016-02-18,Pre-GenAI
Stack Overflow,2939,Stop MSBuild processing immediately on compilation errors,2011-03-15,Pre-GenAI
Stack Overflow,2940,Show Fxcop errors as compilation errors in Visual Studio 2008,2011-11-08,Pre-GenAI
Stack Overflow,2942,Weird lint/compilation errors on lib.dom.d.ts - VisualStudio2017,2017-06-21,Pre-GenAI
Stack Overflow,2943,Compilation errors appear when building a feature patch,2011-02-26,Pre-GenAI
Stack Overflow,2944,Swift compiler error: &quot;non-modular header inside framework module&quot;,2014-06-08,Pre-GenAI
Stack Overflow,2945,How can I make ensime show all compilation errors?,2011-12-01,Pre-GenAI
Stack Overflow,2946,Trigger created with compilation errors. Unable to find out the error,2019-04-21,Pre-GenAI
Stack Overflow,2947,Compilation errors since beta-5 on IIS,2015-07-21,Pre-GenAI
Stack Overflow,2948,ORA-24344: success with compilation error,2018-04-05,Pre-GenAI
Stack Overflow,2949,Eclipse starting tomcat with compile errors,2011-09-09,Pre-GenAI
Stack Overflow,2950,compilation errors in java language,2015-09-03,Pre-GenAI
Stack Overflow,2951,Compilation error in CRC encoding program,2012-11-21,Pre-GenAI
Stack Overflow,2952,How to unit test deliberate compilation errors of template code,2011-09-02,Pre-GenAI
Stack Overflow,2953,Compilation Error,2013-12-02,Pre-GenAI
Stack Overflow,2954,Oracle trigger compilation error,2014-10-05,Pre-GenAI
Stack Overflow,2955,eclipse doesn&#39;t show compilation error but ant failed on compilation,2011-04-10,Pre-GenAI
Stack Overflow,2956,compilation error in code,2016-06-15,Pre-GenAI
Stack Overflow,2957,Compilation error in Stored Procedure (Oracle SQL),2022-01-10,Pre-GenAI
Stack Overflow,2958,Omit package names in Scala compilation errors,2015-05-06,Pre-GenAI
Stack Overflow,2959,Functor in callback: compilation errors,2012-01-12,Pre-GenAI
Stack Overflow,2960,perl compilation error in condition control,2014-01-22,Pre-GenAI
Stack Overflow,2961,Using std::experimental::optional giving compilation errors,2018-07-02,Pre-GenAI
Stack Overflow,2962,Scons compilation errors in IoTivity project on Ubuntu,2015-09-03,Pre-GenAI
Stack Overflow,2964,compilation error involving struct,2015-08-12,Pre-GenAI
Stack Overflow,2965,Compilation Error C++,2013-07-30,Pre-GenAI
Stack Overflow,2966,How to use enums in C++,2012-08-29,Pre-GenAI
Stack Overflow,2967,Get all the procedures and functions which are created with compilation error,2015-09-09,Pre-GenAI
Stack Overflow,2968,Maven install and running JAR file produces various compilation errors,2020-01-16,Pre-GenAI
Stack Overflow,2969,Compilation error in VBA,2015-12-02,Pre-GenAI
Stack Overflow,2970,Maven Compilation Error without any errors from the compiler,2018-02-13,Pre-GenAI
Stack Overflow,2971,including headers files getting compilation errors,2016-06-20,Pre-GenAI
Stack Overflow,2972,How does eclipse generate .class files with compilation errors?,2019-02-20,Pre-GenAI
Stack Overflow,2973,Erroneous compilation errors in MS Access,2015-12-01,Pre-GenAI
Stack Overflow,2974,C++: Compilation Errors for Custom Coded Generic Container?,2009-11-28,Pre-GenAI
Stack Overflow,2975,boost spirit compilation error,2016-12-15,Pre-GenAI
Stack Overflow,2976,Compile error during compilation with javac,2015-10-08,Pre-GenAI
Stack Overflow,2977,Alternative to USER_ERRORS to find compilation errors,2014-04-22,Pre-GenAI
Stack Overflow,2978,Razor Compilation Error,2010-08-20,Pre-GenAI
Stack Overflow,2979,PFFacebookUtils.h compilation errors in Xcode 8.2 with latest parse libraries,2017-01-22,Pre-GenAI
Stack Overflow,2980,&quot;Compilation error&quot; with function,2014-10-05,Pre-GenAI
Stack Overflow,2981,Compilation error with generic,2011-09-14,Pre-GenAI
Stack Overflow,2982,CImg compilation errors in CodeBlocks 17.12,2018-10-05,Pre-GenAI
Stack Overflow,2983,Capturing regex compilation errors,2010-08-21,Pre-GenAI
Stack Overflow,2984,Is there a list of all Scala compilation error message?,2014-12-15,Pre-GenAI
Stack Overflow,2985,Compilation error sequence: Static compilation error coming after resolving access modifier error?,2019-12-03,Pre-GenAI
Stack Overflow,2986,Compilation error with maven,2018-03-04,Pre-GenAI
Stack Overflow,2987,Errors installing Composer on macOS (JIT compilation failed),2018-12-09,Pre-GenAI
Stack Overflow,2988,PL/SQL function compilation errors,2013-05-31,Pre-GenAI
Stack Overflow,2989,IIS Compilation Error -2146232576 AspNetInitializationExceptionModule,2017-05-10,Pre-GenAI
Stack Overflow,2990,Compilation error with a dynamic_cast of a template class,2019-06-14,Pre-GenAI
Stack Overflow,2991,Compilation error in ocamlgraph,2012-08-31,Pre-GenAI
Stack Overflow,2992,Errors in qvariant.h during compilation,2022-08-10,Pre-GenAI
Stack Overflow,2993,Compilation errors when inheriting PortableServer::RefCountServantBase,2010-06-22,Pre-GenAI
Stack Overflow,2994,Strange compilation error with @testable import,2019-05-13,Pre-GenAI
Stack Overflow,2995,java.lang.ProcessHandle - compilation error,2019-09-23,Pre-GenAI
Stack Overflow,2996,Using ROWTYPE in PL/SQL VARRAY giving compilation errors,2013-06-15,Pre-GenAI
Stack Overflow,2997,Compilation Error: The constructor (constructor name) is undefined,2020-11-02,Pre-GenAI
Stack Overflow,2998,Compilation Error due to Incompatible Pointer type,2015-01-05,Pre-GenAI
Stack Overflow,2999,PL/SQL: Function Created with compilation Error,2014-09-25,Pre-GenAI
Stack Overflow,3000,copy constructor gives compilation error,2016-08-17,Pre-GenAI
Stack Overflow,3001,g++/clang++ Invert compilation error order,2018-07-13,Pre-GenAI
Stack Overflow,3002,why compilation error,2012-03-05,Pre-GenAI
Stack Overflow,3003,selenium 2.0 webdriver tests compilation errors,2011-06-15,Pre-GenAI
Stack Overflow,3004,GTK+ C compilation errors Visual Studio 2012,2013-03-14,Pre-GenAI
Stack Overflow,3005,Why is there no compilation error?,2013-11-10,Pre-GenAI
Stack Overflow,3006,Oracle Trigger creation with compilation errors,2016-06-15,Pre-GenAI
Stack Overflow,3007,Disable certain Android Studio compilation errors,2016-09-21,Pre-GenAI
Stack Overflow,3009,c++ compilation error,2009-06-26,Pre-GenAI
Stack Overflow,3010,Cython Memoryview compilation error,2013-01-18,Pre-GenAI
Stack Overflow,3011,Function created with compilation error in PLSQL,2017-12-21,Pre-GenAI
Stack Overflow,3012,Play!Framework Compilation error,2011-10-12,Pre-GenAI
Stack Overflow,3013,Keep Getting Compilation Errors on ASP.net Website,2012-06-15,Pre-GenAI
Stack Overflow,3014,How to enable Maven/Eclipse integration that hyperlinks to compilation errors,2011-11-11,Pre-GenAI
Stack Overflow,3015,Compilation errors for oracle SQL - stored procedure,2013-09-27,Pre-GenAI
Stack Overflow,3016,Rendering Problems NOTE: This project contains Java compilation errors,2017-07-22,Pre-GenAI
Stack Overflow,3017,Ncurses 6.0 Compilation Error - error: expected &#39;)&#39; before &#39;int&#39;,2016-05-27,Pre-GenAI
Stack Overflow,3018,SQL Function compilation error,2017-11-22,Pre-GenAI
Stack Overflow,3019,Changing access to methods without a compilation error,2014-04-11,Pre-GenAI
Stack Overflow,3020,Compiler errors with java bounded wildcard generics,2011-06-25,Pre-GenAI
Stack Overflow,3021,Lint found fatal errors while assembling a release target,2018-06-07,Pre-GenAI
Stack Overflow,3022,Maven compilation error,2014-07-16,Pre-GenAI
Stack Overflow,3023,mock gtest compilation error,2013-04-01,Pre-GenAI
Stack Overflow,3024,C++11 constexpr compilation error,2016-08-29,Pre-GenAI
Stack Overflow,3025,scape compilation error vba,2014-07-30,Pre-GenAI
Stack Overflow,3026,Typos are not seen as compilation errors in C++,2011-01-26,Pre-GenAI
Stack Overflow,3027,compilation errors in sphinx when building through eclipse,2014-01-14,Pre-GenAI
Stack Overflow,3028,Flutter 1.9: D/skia ( 5106): Shader compilation error,2019-10-14,Pre-GenAI
Stack Overflow,3029,Truestudio compilation error for FreeRTOS compilation on STM32,2018-07-24,Pre-GenAI
Stack Overflow,3030,Displaying C++ compilation errors in the VS 2013 editor,2014-05-31,Pre-GenAI
Stack Overflow,3031,Compilation error using iBMA.glm from BMA package,2015-08-25,Pre-GenAI
Stack Overflow,3032,Compilation errors - RadeonRays API based application?,2018-10-06,Pre-GenAI
Stack Overflow,3034,PlSQL showing compilation error,2013-12-04,Pre-GenAI
Stack Overflow,3035,Why no compilation errors for absentee return types,2018-02-13,Pre-GenAI
Stack Overflow,3036,java compilation error,2011-01-17,Pre-GenAI
Stack Overflow,3037,compilation error about exceptions,2010-01-03,Pre-GenAI
Stack Overflow,3038,Compilation Error with NSParameterAssert with Xcode 6.3,2015-04-09,Pre-GenAI
Stack Overflow,3039,Show colored compilation errors in C++ on Terminal,2009-11-22,Pre-GenAI
Stack Overflow,3040,Eclipse not giving warning when running java code which has compilation errors,2022-02-19,Pre-GenAI
Stack Overflow,3041,Will a website still work if parts of the site have compilation errors?,2009-04-29,Pre-GenAI
Stack Overflow,3042,Preventing g++ From Terminating After First Compilation Error,2014-01-06,Pre-GenAI
Stack Overflow,3043,Scala: Compilation error: Overloaded method,2020-05-01,Pre-GenAI
Stack Overflow,3044,maven compilation error: duplicate classes,2009-05-19,Pre-GenAI
Stack Overflow,3045,Getting compilation errors while binding a rule production to my struct members,2015-05-02,Pre-GenAI
Stack Overflow,3046,Maven Compilation Failure but no errors found,2018-07-18,Pre-GenAI
Stack Overflow,3047,Reasons for compilation error,2015-07-22,Pre-GenAI
Stack Overflow,3048,Kernel bash scripts compilation error,2016-05-25,Pre-GenAI
Stack Overflow,3049,Warning: Package Body created with compilation errors...in plsql,2020-08-21,Pre-GenAI
Stack Overflow,3050,Firebase 9 compilation errors using ReactJS,2021-11-23,Pre-GenAI
Stack Overflow,3051,Compilation errors and no intellisense in cshtml file,2021-11-11,Pre-GenAI
Stack Overflow,3052,Why does adding an as-pattern to a working function cause compilation errors?,2012-08-21,Pre-GenAI
Stack Overflow,3053,Linking error vs. compilation error,2012-11-14,Pre-GenAI
Stack Overflow,3054,Compiling Errors Java,2014-01-31,Pre-GenAI
Stack Overflow,3055,Need clarification about compilation error and run-time error,2014-02-07,Pre-GenAI
Stack Overflow,3056,JApplet constructor giving me compilation errors,2015-11-10,Pre-GenAI
Stack Overflow,3057,compilation error in JSONObject,2017-01-29,Pre-GenAI
Stack Overflow,3058,Eclipse CDT Console does not link to code for compilation errors,2010-04-22,Pre-GenAI
Stack Overflow,3059,Generic delegate contravariance compilation error,2014-08-20,Pre-GenAI
Stack Overflow,3060,Create Generic method constraining T to an Enum,2008-09-17,Pre-GenAI
Stack Overflow,3061,Custom Taglib Compilation error,2012-07-29,Pre-GenAI
Stack Overflow,3062,Mysterious Scala + Eclipse compilation errors,2013-04-17,Pre-GenAI
Stack Overflow,3063,Can I force Maven to package a jar despite compilation errors?,2015-08-02,Pre-GenAI
Stack Overflow,3064,Maven : Getting compilation error using the Install command through cmd,2016-01-04,Pre-GenAI
Stack Overflow,3065,WINCE 6.0 Openssl Compilation errors,2014-04-28,Pre-GenAI
Stack Overflow,3066,Parse javac compilation errors,2015-02-20,Pre-GenAI
Stack Overflow,3068,No compilation errors but not getting any output in C,2019-09-26,Pre-GenAI
Stack Overflow,3070,Im getting an Warning: Procedure created with compilation errors,2013-06-17,Pre-GenAI
Stack Overflow,3071,Simple c++ program gets compilation errors,2015-03-21,Pre-GenAI
Stack Overflow,3072,scan directory program- compilation error,2014-10-23,Pre-GenAI
Stack Overflow,3073,VBScript Invalid Character 800A0408 compilation error,2010-01-11,Pre-GenAI
Stack Overflow,3074,Catch block avoid Compilation Error?,2015-12-17,Pre-GenAI
Stack Overflow,3075,Compilation Error: googlegtest fails with compilation error,2021-04-29,Pre-GenAI
Stack Overflow,3076,compilation error in C++,2011-08-16,Pre-GenAI
Stack Overflow,3077,Compilation errors for C++17 &lt;filesystem&gt; on MinGW,2019-02-10,Pre-GenAI
Stack Overflow,3078,PLSQL trigger compilation error,2018-05-11,Pre-GenAI
Stack Overflow,3079,Compilation error phoenix_ecto,2015-08-20,Pre-GenAI
Stack Overflow,3080,Compilation errors with ImageResizer 3.2.1,2012-06-12,Pre-GenAI
Stack Overflow,3081,Compilation errors when using NgForm in Angular,2020-10-27,Pre-GenAI
Stack Overflow,3082,Fail on compile errors instead of throwing &quot;Unresolved compilation problem&quot; at run time,2020-10-18,Pre-GenAI
Stack Overflow,3083,"why does comma(,) not cause to compilation error?",2011-01-15,Pre-GenAI
Stack Overflow,3084,How can I resolve these C++ Compilation errors?,2016-07-29,Pre-GenAI
Stack Overflow,3085,How do I fix compilation errors when integrating OpenFeint with cocos2d?,2011-03-11,Pre-GenAI
Stack Overflow,3086,Compilation error in MVC,2017-02-04,Pre-GenAI
Stack Overflow,3087,TypeScript 2.4 Generic Inference causing compilation errors,2017-07-25,Pre-GenAI
Stack Overflow,3088,Fgets compilation error,2015-07-02,Pre-GenAI
Stack Overflow,3092,Remix IDE won&#39;t run my file and give no compilation errors,2018-04-24,Pre-GenAI
Stack Overflow,3093,Scripts contained in the package have compilation errors,2016-05-02,Pre-GenAI
Stack Overflow,3094,Typescript: compilation errors when updating Firebase function dependencies,2019-09-03,Pre-GenAI
Stack Overflow,3095,Compilation Error in procedure of Oracle 10,2015-12-10,Pre-GenAI
Stack Overflow,3096,A lot of compilation errors in Boost intrusive list,2019-08-29,Pre-GenAI
Stack Overflow,3097,Compilation Error: CS1061,2015-06-27,Pre-GenAI
Stack Overflow,3098,VS2013 Variadic template compilation error,2014-08-28,Pre-GenAI
Stack Overflow,3099,protobuf UnusedPrivateParameter compilation error,2021-01-12,Pre-GenAI
Stack Overflow,3100,Not understanding some basic compilation errors in Java,2019-10-25,Pre-GenAI
Stack Overflow,3101,Trigger success with compilation error oracle,2019-12-18,Pre-GenAI
Stack Overflow,3102,swig and perl compilation errors,2013-07-02,Pre-GenAI
Stack Overflow,3103,Compilation error with Hyper,2017-04-12,Pre-GenAI
Stack Overflow,3104,C++ compilation error in standard windows SDK files,2018-08-17,Pre-GenAI
Stack Overflow,3105,Assembly program compilation error,2018-03-17,Pre-GenAI
Stack Overflow,3106,Procedure with VARRAY created with compilation errors,2013-06-16,Pre-GenAI
Stack Overflow,3107,Compilation error : &#39;this&#39; cannot be implicitly captured in this context,2016-07-26,Pre-GenAI
Stack Overflow,3108,Compilation Errors after Maven successfully downloaded Jars,2014-07-25,Pre-GenAI
Stack Overflow,3109,Compilation Error not displaying in Eclipse,2015-03-19,Pre-GenAI
Stack Overflow,3110,Oracle - PSQL compilation error,2013-01-24,Pre-GenAI
Stack Overflow,3111,Compilation error using Hamcrest everyItem(),2015-12-09,Pre-GenAI
Stack Overflow,3113,procedure created with compilation errors - `endif`,2014-04-20,Pre-GenAI
Stack Overflow,3114,Compilation error on this string,2009-09-11,Pre-GenAI
Stack Overflow,3115,Method Chaining causes compilation errors,2013-05-22,Pre-GenAI
Stack Overflow,3116,gstreamermm and Qt compilation error,2013-08-25,Pre-GenAI
Stack Overflow,3118,Why are instance variables declared without initialization having no compilation errors?,2022-09-10,Pre-GenAI
Stack Overflow,3119,The name &#39;InitializeComponent&#39; does not exist in the current context,2011-08-03,Pre-GenAI
Stack Overflow,3120,Cypress Webpack Compilation Error create-react-app,2022-10-31,Pre-GenAI
Stack Overflow,3121,Qt Compilation Error qeventloop.h,2018-08-20,Pre-GenAI
Stack Overflow,3122,Compilation error - missing zlib.h,2013-08-09,Pre-GenAI
Stack Overflow,3123,Compilation error in Cython,2018-03-14,Pre-GenAI
Stack Overflow,3124,Compilation errors,2012-05-06,Pre-GenAI
Stack Overflow,3125,Passing arguments to C# generic new() of templated type,2009-05-08,Pre-GenAI
Stack Overflow,3126,Compilation error for using struct itimerspec,2015-05-11,Pre-GenAI
Stack Overflow,3127,Maven compilation error while installation,2014-02-06,Pre-GenAI
Stack Overflow,3128,Android Studio displaying compilation errors suddenly for no reason,2015-12-15,Pre-GenAI
Stack Overflow,3129,How to customize and trigger Java compilation error in Eclipse,2012-07-09,Pre-GenAI
Stack Overflow,3130,Compilation error in prolog,2018-08-16,Pre-GenAI
Stack Overflow,3131,perl if elsif return - compilation error,2014-06-24,Pre-GenAI
Stack Overflow,3132,SQL-PL trigger compilation error,2012-11-29,Pre-GenAI
Stack Overflow,3133,Needed help in removing compilation errors in DPI and SV program,2019-12-12,Pre-GenAI
Stack Overflow,3134,I&#39;m getting a &#39;Procedure created with compilation errors.&#39;,2022-06-02,Pre-GenAI
Stack Overflow,3135,Odd Compilation Error,2012-12-10,Pre-GenAI
Stack Overflow,3136,Adding new target in xcode causes compilation errors,2020-02-15,Pre-GenAI
Stack Overflow,3137,Absence of compilation error when using parametrized constructor,2016-11-23,Pre-GenAI
Stack Overflow,3139,Compilation error in java,2014-09-15,Pre-GenAI
Stack Overflow,3140,why am I getting breakpoint compilation errors,2014-08-18,Pre-GenAI
Stack Overflow,3141,Template argument deduction compilation error,2020-07-21,Pre-GenAI
Stack Overflow,3142,Compilation Errors in Visual Studio 2012,2014-04-25,Pre-GenAI
Stack Overflow,3143,Android AsyncTask Strange Compilation Error,2014-04-01,Pre-GenAI
Stack Overflow,3144,Compilation Error in if condition in Java,2019-06-06,Pre-GenAI
Stack Overflow,3145,Eclipse RCP retrieve compilation errors,2011-04-11,Pre-GenAI
Stack Overflow,3146,Macros compilation errors in cpp (Visual Studio 2012),2013-08-15,Pre-GenAI
Stack Overflow,3147,GWT Compiler : when is a compilation error fatal?,2017-02-13,Pre-GenAI
Stack Overflow,3148,Compilation error in scala,2014-05-26,Pre-GenAI
Stack Overflow,3149,Trigger created with compilation errors that cannot be found?,2013-12-02,Pre-GenAI
Stack Overflow,3150,Intellij compilation error because of classpath issues,2020-10-30,Pre-GenAI
Stack Overflow,3151,"Kotlin compilation errors, unresolved reference: rotation and unresolved reference: getSize",2018-11-05,Pre-GenAI
Stack Overflow,3152,Android Studio 1.4 Rendering Problems NOTE: This project contains Java compilation errors,2015-10-09,Pre-GenAI
Stack Overflow,3153,Swift Closure compilation error,2016-06-09,Pre-GenAI
Stack Overflow,3154,Forward declaration of nested types/classes in C++,2009-06-04,Pre-GenAI
Stack Overflow,3155,Why am I getting compilation errors in this code?,2014-03-09,Pre-GenAI
Stack Overflow,3156,templated class compilation errors when VC++ 6 project migrated to VC++ 2008,2013-05-03,Pre-GenAI
Stack Overflow,3157,flatMap operator causes compilation error,2018-11-02,Pre-GenAI
Stack Overflow,3158,Clang compilation errors,2015-04-19,Pre-GenAI
Stack Overflow,3159,Compilation error in AnyPoint Studio,2014-10-08,Pre-GenAI
Stack Overflow,3160,XslCompiledTransform compilation error,2011-04-21,Pre-GenAI
Stack Overflow,3161,DroidGap cannot be resolved Compilation error,2014-04-14,Pre-GenAI
Stack Overflow,3162,Maven Compilation Error: (use -source 7 or higher to enable diamond operator),2015-03-25,Pre-GenAI
Stack Overflow,3163,C++: Compilation error with explicit keyword,2020-03-27,Pre-GenAI
Stack Overflow,3164,&quot;Code too large&quot; compilation error in Java,2010-03-09,Pre-GenAI
Stack Overflow,3165,lombok compilation errors when running maven-surefire-plugin:test,2021-01-14,Pre-GenAI
Stack Overflow,3166,How do I troubleshoot YARN compilation errors with React components?,2021-09-20,Pre-GenAI
Stack Overflow,3167,Compilation Error in asp.net?,2010-05-25,Pre-GenAI
Stack Overflow,3168,Pl/SQL Cursor Compilation Error,2014-11-24,Pre-GenAI
Stack Overflow,3169,instantiating an object compilation errors,2014-12-05,Pre-GenAI
Stack Overflow,3170,Gradle with Java11 build produces intermittent compilation errors,2021-11-19,Pre-GenAI
Stack Overflow,3171,@Pathvariable not found compilation error,2014-08-28,Pre-GenAI
Stack Overflow,3172,Android Studio Compilation error,2013-05-24,Pre-GenAI
Stack Overflow,3173,"Compile error &quot;Class file has wrong version 52.0, should be 50.0&quot;",2015-01-27,Pre-GenAI
Stack Overflow,3176,Strange compilation errors,2013-12-03,Pre-GenAI
Stack Overflow,3178,Typescript project compile errors,2016-05-13,Pre-GenAI
Stack Overflow,3179,VBA solver compilation error,2018-02-07,Pre-GenAI
Stack Overflow,3180,Compilation errors in Jenkins but not in Eclipse,2012-06-14,Pre-GenAI
Stack Overflow,3181,XML::LibXSLT Intermittently Throws Stylesheet Compilation Errors,2013-11-12,Pre-GenAI
Stack Overflow,3182,Function created with compilation error,2016-08-22,Pre-GenAI
Stack Overflow,3184,Compilation error for Class.isInstance and Class.cast,2012-12-07,Pre-GenAI
Stack Overflow,3185,Why this compilation error in this?,2015-08-06,Pre-GenAI
Stack Overflow,3186,Importing complex.h header file in Xcode .c header file produces compilation errors,2012-05-08,Pre-GenAI
Stack Overflow,3187,java generics compilation error,2011-02-04,Pre-GenAI
Stack Overflow,3188,Java - Random.nextInt compilation error;_;,2015-03-04,Pre-GenAI
Stack Overflow,3190,Mod_Mono 2.10 compilation error,2013-01-10,Pre-GenAI
Stack Overflow,3191,GMOCK method is throwing compilation error,2017-11-30,Pre-GenAI
Stack Overflow,3192,Trigger with compile errors,2020-04-09,Pre-GenAI
Stack Overflow,3193,compiling errors - numeric constant,2012-04-12,Pre-GenAI
Stack Overflow,3194,Compilation Errors while building minioozie,2014-02-03,Pre-GenAI
Stack Overflow,3195,Compilation error C++ undefined reference,2022-08-29,Pre-GenAI
Stack Overflow,3196,Compilation error in compiling this servlet code ,2010-12-08,Pre-GenAI
Stack Overflow,3197,Java generics - compilation error,2017-03-10,Pre-GenAI
Stack Overflow,3198,Add to generic List&lt;?&gt; produce compilation error,2017-12-19,Pre-GenAI
Stack Overflow,3199,Compilation error with std::is_same and operator ||,2019-04-25,Pre-GenAI
Stack Overflow,3200,Compilation error in C strings,2011-08-05,Pre-GenAI
Stack Overflow,3201,IntelliJ IDEA tells me &quot;Error:java: Compilation failed: internal java compiler error idea&quot;,2017-03-23,Pre-GenAI
Stack Overflow,3203,Maven compilation error: how to view details,2015-05-11,Pre-GenAI
Stack Overflow,3204,Compilation error while wrapping method throwing exception,2019-06-23,Pre-GenAI
Stack Overflow,3205,liblastfm compilation error with g++,2014-06-05,Pre-GenAI
Stack Overflow,3206,Compilation error in OpenCV3 when Not using imshow(),2017-08-22,Pre-GenAI
Stack Overflow,3207,jBPM Simulation Compilation Errors after Clean Install,2016-06-03,Pre-GenAI
Stack Overflow,3208,Compilation error only in Visual Studio Code,2019-04-09,Pre-GenAI
Stack Overflow,3209,Why I have compilation error when I compile my project?,2020-09-25,Pre-GenAI
Stack Overflow,3210,compilation error while throwing exception?,2015-08-07,Pre-GenAI
Stack Overflow,3211,Boost compilation errors,2016-10-16,Pre-GenAI
Stack Overflow,3212,JSP compilation errors on oc4j 10.1.3.4.0,2014-07-10,Pre-GenAI
Stack Overflow,3213,Compilation error related to java generics and inheritance,2011-12-09,Pre-GenAI
Stack Overflow,3214,PL/SQL function unknown compilation error,2020-06-04,Pre-GenAI
Stack Overflow,3215,Berkelium compilation errors,2012-10-20,Pre-GenAI
Stack Overflow,3216,Compilation Error: &#39;void&#39; type not allowed here,2011-04-19,Pre-GenAI
Stack Overflow,3217,Why the compilation error for boolean and String,2013-05-10,Pre-GenAI
Stack Overflow,3218,Compilation errors while compiling V8 engine on Windows 10 with MSVC,2022-03-24,Pre-GenAI
Stack Overflow,3219,Compilation error: method call through an interface,2022-05-07,Pre-GenAI
Stack Overflow,3220,AFNetworking compilation errors,2012-12-25,Pre-GenAI
Stack Overflow,3221,Generics: compilation error with the wildcard type,2013-01-21,Pre-GenAI
Stack Overflow,3222,Compilation error in this code,2012-01-13,Pre-GenAI
Stack Overflow,3223,Error: unmappable character for encoding UTF8 during maven compilation,2012-01-23,Pre-GenAI
Stack Overflow,3224,How to see the compilation errors while coding MASM assembly in visual studio 2013?,2014-12-29,Pre-GenAI
Stack Overflow,3225,"CUDA 5.0, compilation error",2013-06-02,Pre-GenAI
Stack Overflow,3226,Solving Heartbleed issue on Tomcat with APR and OpenSSL. Compilation errors,2014-04-10,Pre-GenAI
Stack Overflow,3227,arm-none-eabi-g++ compiler throws compilation error pthread_exit was not declared in this scope,2015-03-12,Pre-GenAI
Stack Overflow,3228,How to get suggestions for compilation errors in Intellij,2015-06-05,Pre-GenAI
Stack Overflow,3229,Cudafy.NET Compilation error,2015-08-24,Pre-GenAI
Stack Overflow,3230,Ant - Generate .class files even if compiler errors,2015-08-06,Pre-GenAI
Stack Overflow,3231,unexplained Compilation error,2012-12-06,Pre-GenAI
Stack Overflow,3232,C/C++ preprocessor directive for handing compilation errors,2014-01-18,Pre-GenAI
Stack Overflow,3233,Morse code translator: compilation error,2013-08-14,Pre-GenAI
Stack Overflow,3234,IntelliJ source code editor shows false compilation errors,2015-03-13,Pre-GenAI
Stack Overflow,3235,Trigger with If loop shows compilation error,2019-06-19,Pre-GenAI
Stack Overflow,3238,.less compilation error when query string is supplied,2014-12-10,Pre-GenAI
Stack Overflow,3239,Parsing C/C++ compilation errors printed by GCC,2016-11-23,Pre-GenAI
Stack Overflow,3240,XCode compilation error for C++ code,2011-06-07,Pre-GenAI
Stack Overflow,3241,XCode 6 Beta 3 gives many compilation errors,2014-07-16,Pre-GenAI
Stack Overflow,3242,Explicit casting from super-class to sub-class,2011-02-01,Pre-GenAI
Stack Overflow,3243,Compilation error with plsql procedure,2015-01-08,Pre-GenAI
Stack Overflow,3244,How fix compilation error on spray example?,2015-07-09,Pre-GenAI
Stack Overflow,3245,Unknown compilation error in maven compile,2018-06-19,Pre-GenAI
Stack Overflow,3246,Compilation Error in Asp.Net,2014-03-31,Pre-GenAI
Stack Overflow,3247,Search C function definition using Compilation Error,2018-12-12,Pre-GenAI
Stack Overflow,3248,Haskell Boomerang Compilation Error,2017-05-05,Pre-GenAI
Stack Overflow,3249,Compilation error using eclipse,2011-08-24,Pre-GenAI
Stack Overflow,3250,Compilation error Using jitWatch,2016-04-23,Pre-GenAI
Stack Overflow,3251,100 Java compilation errors using Antlr4,2020-10-16,Pre-GenAI
Stack Overflow,3253,Change scope to provided generates compile errors,2013-08-11,Pre-GenAI
Stack Overflow,3254,Generics compilation error,2012-02-23,Pre-GenAI
Stack Overflow,3255,Strange Rust compilation error,2014-11-24,Pre-GenAI
Stack Overflow,3256,Compilation error when including boost/program_options.hpp,2014-11-16,Pre-GenAI
Stack Overflow,3257,PL/SQL function compilation errors in f_chkPrime code?,2016-01-08,Pre-GenAI
Stack Overflow,3258,Visual Studio Code starts spring boot application even if there are compilation errors,2021-07-10,Pre-GenAI
Stack Overflow,3259,Compilation error in nginx on mac,2015-01-03,Pre-GenAI
Stack Overflow,3260,Compilation error with boost serialization,2011-10-18,Pre-GenAI
Stack Overflow,3261,Trigger created with compilation errors for Oracle SQL,2017-12-04,Pre-GenAI
Stack Overflow,3262,How to show the ant task javac compilation errors on console using Eclipse AntRunner,2012-06-29,Pre-GenAI
Stack Overflow,3263,VC6: List compiler errors,2013-01-26,Pre-GenAI
Stack Overflow,3264,Unit testing for compiler errors,2009-07-13,Pre-GenAI
Stack Overflow,3265,Duplicate AssemblyVersion Attribute,2012-04-25,Pre-GenAI
Stack Overflow,3266,Create a EAR file compiling and getting compilation errors in eclipse,2018-03-06,Pre-GenAI
Stack Overflow,3267,Compilation error in asp.net page,2010-01-17,Pre-GenAI
Stack Overflow,3268,Iambda expression compilation error,2017-08-08,Pre-GenAI
Stack Overflow,3269,Working with public assets throws compilation error,2012-06-26,Pre-GenAI
Stack Overflow,3270,Getting Microsoft JScript compilation error,2016-04-11,Pre-GenAI
Stack Overflow,3271,Compilation Error in my Index View,2017-05-14,Pre-GenAI
Stack Overflow,3272,Magento compilation causes errors,2012-04-02,Pre-GenAI
Stack Overflow,3273,Typescript .d.ts Compilation Errors,2016-11-18,Pre-GenAI
Stack Overflow,3274,CocoaLumberJack 2.0.0 compilation errors with Swift 1.2,2015-04-15,Pre-GenAI
Stack Overflow,3275,SAssetView Slate Compile Errors,2018-09-09,Pre-GenAI
Stack Overflow,3276,Contract.Assert do not throw compilation error,2012-06-19,Pre-GenAI
Stack Overflow,3277,How to highlight source in Emacs compilation-mode when compilation error occurs,2009-09-26,Pre-GenAI
Stack Overflow,3278,qsort comparison compilation error,2014-10-23,Pre-GenAI
Stack Overflow,3279,Compilation Error in Play 2 Scala Templates,2015-10-10,Pre-GenAI
Stack Overflow,3280,Posix Semaphore compilation error using the -lrt,2012-01-19,Pre-GenAI
Stack Overflow,3281,Perl compiling errors,2015-09-21,Pre-GenAI
Stack Overflow,3282,Compilation Errors when code is modified in Eclipse indigo,2014-07-18,Pre-GenAI
Stack Overflow,3283,Type body created with compilation error,2016-03-22,Pre-GenAI
Stack Overflow,3284,Project Reference Compilation Error,2013-08-14,Pre-GenAI
Stack Overflow,3285,Assistance required with ASP.NET compilation error,2011-05-03,Pre-GenAI
Stack Overflow,3286,Java - compilation errors on a method call,2014-09-15,Pre-GenAI
Stack Overflow,3287,Improve INSERT-per-second performance of SQLite,2009-11-10,Pre-GenAI
Stack Overflow,3288,How Can I add HTML And CSS Into PDF,2008-12-24,Pre-GenAI
Stack Overflow,3289,Node.js heap out of memory,2016-07-25,Pre-GenAI
Stack Overflow,3290,NSInvocation and memory issues,2013-07-07,Pre-GenAI
Stack Overflow,3291,Django Memory Issues,2017-04-27,Pre-GenAI
Stack Overflow,3292,Python memory usage of numpy arrays,2012-08-02,Pre-GenAI
Stack Overflow,3293,Are There Memory Issues with Ext.js,2009-06-10,Pre-GenAI
Stack Overflow,3294,CLLocation memory issues,2010-09-28,Pre-GenAI
Stack Overflow,3295,catch only memory issues C++,2020-12-03,Pre-GenAI
Stack Overflow,3296,Fixing memory issues in instruments,2013-02-25,Pre-GenAI
Stack Overflow,3297,MKMapView Memory Issues,2021-02-11,Pre-GenAI
Stack Overflow,3298,DBSCAN sklearn memory issues,2016-09-06,Pre-GenAI
Stack Overflow,3299,QTableWidgetItem memory issues?,2014-08-26,Pre-GenAI
Stack Overflow,3300,Out of memory issues,2013-08-20,Pre-GenAI
Stack Overflow,3301,Memory issues with substring,2015-01-22,Pre-GenAI
Stack Overflow,3302,"weblogic, jdk1.5 memory issues",2011-08-17,Pre-GenAI
Stack Overflow,3303,Laravel File::mimeType memory issues,2020-07-29,Pre-GenAI
Stack Overflow,3304,PHP s3 multipart upload Memory Issues,2017-06-08,Pre-GenAI
Stack Overflow,3305,Memory issues regarding App,2010-12-08,Pre-GenAI
Stack Overflow,3306,Getting memory issues in Blackberry,2012-11-30,Pre-GenAI
Stack Overflow,3307,Memory issues in coredata,2014-04-03,Pre-GenAI
Stack Overflow,3308,Android Error: Memory Issues?,2011-07-13,Pre-GenAI
Stack Overflow,3309,Memory issues with imageswitcher,2011-11-30,Pre-GenAI
Stack Overflow,3310,SGDClassifier Memory Issues,2013-12-06,Pre-GenAI
Stack Overflow,3311,MKPolygonRenderer - tough memory issues,2013-10-17,Pre-GenAI
Stack Overflow,3312,Tensorflow Memory Issues with GPU,2016-04-13,Pre-GenAI
Stack Overflow,3313,Memory issues because of UIDatePicker,2013-01-20,Pre-GenAI
Stack Overflow,3314,AFNetworking low memory issue,2014-12-24,Pre-GenAI
Stack Overflow,3315,Memory issues using ASIHTTPRequest or Image Resizing,2010-12-03,Pre-GenAI
Stack Overflow,3316,Quicksort Memory Issues,2020-03-31,Pre-GenAI
Stack Overflow,3317,Memory Leak Issues,2016-11-23,Pre-GenAI
Stack Overflow,3318,Memory issues [Node.js server],2017-09-26,Pre-GenAI
Stack Overflow,3319,Doctrine ORM Memory issues,2013-03-22,Pre-GenAI
Stack Overflow,3320,"Virtual Memory Usage from Java under Linux, too much memory used",2009-02-18,Pre-GenAI
Stack Overflow,3321,Memory issues with N large matrices,2021-12-26,Pre-GenAI
Stack Overflow,3322,Memory issues with HTTParty and download large files,2012-02-16,Pre-GenAI
Stack Overflow,3323,Memory issues with Fat XIB,2014-04-08,Pre-GenAI
Stack Overflow,3324,Memory Issues with UIImageViews,2013-06-17,Pre-GenAI
Stack Overflow,3326,IntelliJ memory issues,2013-11-26,Pre-GenAI
Stack Overflow,3327,Core Audio memory issues,2012-03-21,Pre-GenAI
Stack Overflow,3328,Android studio takes too much memory,2014-11-27,Pre-GenAI
Stack Overflow,3329,Recommenderlab running into memory issues,2016-04-16,Pre-GenAI
Stack Overflow,3330,Memory issues when vectorizing Oja&#39;s rule in a loop,2015-10-25,Pre-GenAI
Stack Overflow,3331,PHP memory issue ,2011-07-06,Pre-GenAI
Stack Overflow,3332,Convert recursion to iteration,2008-10-01,Pre-GenAI
Stack Overflow,3333,CUDA memory issues in PyTorch,2022-02-08,Pre-GenAI
Stack Overflow,3334,ServerError due to Memory issues?,2009-03-16,Pre-GenAI
Stack Overflow,3335,ADInterstitialAd causing memory issues,2015-05-11,Pre-GenAI
Stack Overflow,3336,Saxon.net Memory issue,2018-11-01,Pre-GenAI
Stack Overflow,3337,Question on Memory Issues in Android,2011-05-11,Pre-GenAI
Stack Overflow,3339,Python: Memory issues: Criteria based combination,2018-10-30,Pre-GenAI
Stack Overflow,3340,RNCryptor memory issues with large files,2013-11-26,Pre-GenAI
Stack Overflow,3341,Geoserver memory issues,2018-06-04,Pre-GenAI
Stack Overflow,3342,Can&#39;t track memory issues from valgrind,2021-04-04,Pre-GenAI
Stack Overflow,3343,apache + django 1.3 memory issues,2011-05-23,Pre-GenAI
Stack Overflow,3344,Cartesian product in R memory issues,2021-03-06,Pre-GenAI
Stack Overflow,3345,ObjectiveC - std::string memory issues,2014-07-18,Pre-GenAI
Stack Overflow,3346,Spark Memory Issues with sparklyr,2018-05-31,Pre-GenAI
Stack Overflow,3347,Memory Issues Using Keras Convolutional Network,2017-06-15,Pre-GenAI
Stack Overflow,3348,Memory issues on Android Device: how to approach them?,2011-04-14,Pre-GenAI
Stack Overflow,3349,SKScene and memory issue,2015-11-07,Pre-GenAI
Stack Overflow,3350,Memory Issues : Shell Scripting,2014-07-07,Pre-GenAI
Stack Overflow,3351,split-lapply- combine a large dataframe to avoid memory issues?,2018-12-10,Pre-GenAI
Stack Overflow,3352,"Kernel dying due to memory issues, why?",2022-11-03,Pre-GenAI
Stack Overflow,3353,Out of memory issue after updating buildToolsVersion &#39;23.0.1&#39; in Android studio,2015-10-12,Pre-GenAI
Stack Overflow,3354,Memory issues on rescaling bitmap,2015-11-25,Pre-GenAI
Stack Overflow,3355,Exceeding memory issues on server using PHP,2016-02-09,Pre-GenAI
Stack Overflow,3356,Pandas Dataframe memory issues,2017-01-23,Pre-GenAI
Stack Overflow,3357,Listview Flicker and Out Of Memory issues,2015-07-18,Pre-GenAI
Stack Overflow,3358,Getting memory issues in iPhonemixereqgraphtest app,2014-04-25,Pre-GenAI
Stack Overflow,3359,Drawing a series of UIImages and memory issues,2013-11-30,Pre-GenAI
Stack Overflow,3360,PHP preg_replace() - Memory Issues. Alternative?,2012-11-10,Pre-GenAI
Stack Overflow,3361,PHP curl multi memory issues,2016-03-29,Pre-GenAI
Stack Overflow,3362,Memory issues with a list of lists,2021-08-16,Pre-GenAI
Stack Overflow,3363,"Android pictures, filters and memory issues",2011-02-08,Pre-GenAI
Stack Overflow,3364,How to avoid out of the memory issues of Fragments in Android?,2015-03-30,Pre-GenAI
Stack Overflow,3365,PHP loading large csv file - memory issues,2015-10-19,Pre-GenAI
Stack Overflow,3366,Can setting the layer of an object cause memory issues?,2013-02-28,Pre-GenAI
Stack Overflow,3367,Xcode/Swift - Cannot resolve memory issues with Instruments,2019-05-10,Pre-GenAI
Stack Overflow,3368,Missing time values in R - memory issues,2016-03-21,Pre-GenAI
Stack Overflow,3369,Memory Issues For Mac App,2012-07-19,Pre-GenAI
Stack Overflow,3370,C# Memory Issues,2019-05-14,Pre-GenAI
Stack Overflow,3371,Strange iPad Memory Issues,2010-12-22,Pre-GenAI
Stack Overflow,3372,iphone device memory issue,2011-02-23,Pre-GenAI
Stack Overflow,3373,Strongly referenced variable may cause memory issues,2016-07-13,Pre-GenAI
Stack Overflow,3374,MPI internal buffer memory issue,2017-02-12,Pre-GenAI
Stack Overflow,3375,Memory issues on knex.js when using streams,2015-03-24,Pre-GenAI
Stack Overflow,3376,Using ServletOutputStream to write very large files in a Java servlet without memory issues,2009-03-26,Pre-GenAI
Stack Overflow,3377,Memory issues in Hive with Parquet files,2015-07-30,Pre-GenAI
Stack Overflow,3378,RecyclerView memory issue,2015-08-04,Pre-GenAI
Stack Overflow,3380,How to deal with &quot;java.lang.OutOfMemoryError: Java heap space&quot; error?,2008-09-01,Pre-GenAI
Stack Overflow,3381,php mysql insert memory issues,2013-02-27,Pre-GenAI
Stack Overflow,3382,Memory issue with Ember,2015-01-27,Pre-GenAI
Stack Overflow,3383,Laravel loop running into memory issues,2019-06-16,Pre-GenAI
Stack Overflow,3384,Memory issues with VGG16 on Tensorflow,2017-06-16,Pre-GenAI
Stack Overflow,3385,Prolog memory issues,2013-04-04,Pre-GenAI
Stack Overflow,3386,Grails Memory issue,2011-05-25,Pre-GenAI
Stack Overflow,3387,WPF TabControl Memory issues,2010-08-23,Pre-GenAI
Stack Overflow,3388,iphone memory issue,2010-11-16,Pre-GenAI
Stack Overflow,3390,"Dapper, list of parameters, possible memory issues",2013-04-10,Pre-GenAI
Stack Overflow,3391,Memory issues with Android app images,2016-08-06,Pre-GenAI
Stack Overflow,3392,Python - memory issue,2016-05-16,Pre-GenAI
Stack Overflow,3393,EC2 - LAMP Memory Issue,2015-04-18,Pre-GenAI
Stack Overflow,3394,How to debug heavy memory issues on a simple app,2019-03-05,Pre-GenAI
Stack Overflow,3395,jquery infinite scroll plugin - loading and memory issues,2014-01-20,Pre-GenAI
Stack Overflow,3396,Micronaut application memory issues,2021-08-12,Pre-GenAI
Stack Overflow,3398,gson.toJson() gives memory issues with Realm,2016-07-13,Pre-GenAI
Stack Overflow,3399,Cocoa - Memory Issues - NSTableView,2012-11-29,Pre-GenAI
Stack Overflow,3400,where to put bitmap.recycle() to reduce out of memory issues,2012-12-10,Pre-GenAI
Stack Overflow,3401,preg_replace_callback() memory issue,2009-03-31,Pre-GenAI
Stack Overflow,3402,Deal with potential memory issue in iPhone,2010-08-30,Pre-GenAI
Stack Overflow,3403,Drools 5.1 memory issues,2012-02-29,Pre-GenAI
Stack Overflow,3404,I detected memory issues with valgrid in the constructors. How do I solve this?,2020-11-27,Pre-GenAI
Stack Overflow,3405,Out of memory issue Bitmap,2013-08-15,Pre-GenAI
Stack Overflow,3406,Json split python larger file memory issues,2021-08-02,Pre-GenAI
Stack Overflow,3407,String Immutability memory Issue,2012-04-26,Pre-GenAI
Stack Overflow,3408,Memory issues in-memory dataframe. Best approach to write output?,2018-10-16,Pre-GenAI
Stack Overflow,3409,How do you debug php &quot;Out of Memory&quot; issues?,2011-05-24,Pre-GenAI
Stack Overflow,3410,memory issue with runtime.getruntime.exec,2010-12-30,Pre-GenAI
Stack Overflow,3411,MPMoviePlayer Memory issue,2016-11-11,Pre-GenAI
Stack Overflow,3412,Rotativa and wkhtmltopdf memory issues,2019-08-02,Pre-GenAI
Stack Overflow,3413,Memory issues Converting large CSV file to excel using Python,2022-11-04,Pre-GenAI
Stack Overflow,3414,Optimise database query to avoid memory issues,2018-09-12,Pre-GenAI
Stack Overflow,3415,Openlayers add feature in Internet explorer memory issue,2017-07-21,Pre-GenAI
Stack Overflow,3416,Go: memory issues,2017-03-23,Pre-GenAI
Stack Overflow,3417,how to remove &#39;memory&#39; issues in arc project?,2013-01-26,Pre-GenAI
Stack Overflow,3418,Loading huge animated 3D model in SceneKit causes memory issues,2019-12-25,Pre-GenAI
Stack Overflow,3419,Neo4J LOAD CSV Memory issue,2018-10-22,Pre-GenAI
Stack Overflow,3421,Optuna - Memory Issues,2020-11-03,Pre-GenAI
Stack Overflow,3422,HTTPClient Memory Issue,2017-01-22,Pre-GenAI
Stack Overflow,3423,Does Ruby 2.2 Have Memory Issues on Heroku?,2014-12-26,Pre-GenAI
Stack Overflow,3424,How to resolve memory issue in Eclipse Juno 23.0?,2014-10-08,Pre-GenAI
Stack Overflow,3425,Saving and loading UIImage data causes huge memory issues,2014-05-03,Pre-GenAI
Stack Overflow,3426,Android app out of memory issues - tried everything and still at a loss,2011-09-24,Pre-GenAI
Stack Overflow,3427,"Matlab, memory issues",2015-03-24,Pre-GenAI
Stack Overflow,3428,Ruby memory issues with Kernel.open,2014-03-25,Pre-GenAI
Stack Overflow,3429,NSXMLParserDelegate memory issues,2011-08-30,Pre-GenAI
Stack Overflow,3430,Memory issues on iOS,2022-11-17,Pre-GenAI
Stack Overflow,3431,How to solve memory issues in Windows Phone App,2016-04-29,Pre-GenAI
Stack Overflow,3432,Does POI XSSF still have crazy bad memory issues?,2014-01-31,Pre-GenAI
Stack Overflow,3433,Memory Issues with MS SQL Server Backup Jobs,2013-12-05,Pre-GenAI
Stack Overflow,3434,Swift: Initializer memory issue,2018-09-28,Pre-GenAI
Stack Overflow,3435,memory issue in the method,2011-08-23,Pre-GenAI
Stack Overflow,3436,UIAutomation Memory Issue,2013-09-16,Pre-GenAI
Stack Overflow,3437,Memory problems with pandas (understanding memory issues),2018-07-09,Pre-GenAI
Stack Overflow,3438,Memory issue with areg,2015-05-01,Pre-GenAI
Stack Overflow,3439,dask dataframe memory issue on large file,2017-12-12,Pre-GenAI
Stack Overflow,3440,Having trouble with iPad Mini memory issues,2014-02-10,Pre-GenAI
Stack Overflow,3441,Apache memory issues,2012-03-13,Pre-GenAI
Stack Overflow,3442,Memory issues with String.split(),2012-08-09,Pre-GenAI
Stack Overflow,3443,Memory Issues with Worksheets,2019-01-16,Pre-GenAI
Stack Overflow,3444,PHP pthreads memory issue,2014-09-06,Pre-GenAI
Stack Overflow,3445,Laravel 5.7 Eloquent memory issues,2019-02-19,Pre-GenAI
Stack Overflow,3446,Image Question for iPad - Memory issues,2010-07-29,Pre-GenAI
Stack Overflow,3447,Memory issues with Next.js,2020-02-15,Pre-GenAI
Stack Overflow,3448,PHP Simple HTML Dom Memory Issue,2010-07-21,Pre-GenAI
Stack Overflow,3449,R memory issues while webscraping with rvest,2015-08-13,Pre-GenAI
Stack Overflow,3450,UIAlertView memory issues,2013-04-15,Pre-GenAI
Stack Overflow,3451,Exporting large quantities of data and memory issues,2013-11-27,Pre-GenAI
Stack Overflow,3452,Logstash memory heap issues,2022-01-20,Pre-GenAI
Stack Overflow,3453,Memory issue from UITable,2016-05-28,Pre-GenAI
Stack Overflow,3454,memory issues with big numpy/scipy arrays,2014-06-26,Pre-GenAI
Stack Overflow,3455,Spark Driver Heap Memory Issues,2016-12-15,Pre-GenAI
Stack Overflow,3456,Memory-issue with instance of &quot;ReteooStatefulSession&quot;,2013-07-01,Pre-GenAI
Stack Overflow,3457,Webfont size and memory issues,2013-08-28,Pre-GenAI
Stack Overflow,3458,Memory issues without hitting Heap Limit?,2011-03-15,Pre-GenAI
Stack Overflow,3459,Memory issues in releasing a UIViewController with UITextField,2010-07-08,Pre-GenAI
Stack Overflow,3460,Memory issues - fragments,2012-04-02,Pre-GenAI
Stack Overflow,3461,UIImageView in Storyboard memory issues - Custom Segues pushViewController,2014-06-09,Pre-GenAI
Stack Overflow,3462,Analysing Memory Issues,2011-09-02,Pre-GenAI
Stack Overflow,3463,Memory Issues in Iphone,2012-10-18,Pre-GenAI
Stack Overflow,3464,bsimagepicker Terminated due to memory issue,2018-08-03,Pre-GenAI
Stack Overflow,3465,OpenGL Textures Causes Memory Issues,2013-04-08,Pre-GenAI
Stack Overflow,3466,Test for memory issues with website on a device?,2015-11-18,Pre-GenAI
Stack Overflow,3467,R stats - memory issues when allocating a big matrix / Linux,2011-01-16,Pre-GenAI
Stack Overflow,3468,MultiPart with memory issue,2018-09-24,Pre-GenAI
Stack Overflow,3469,iOS memory issue with init in viewDidLoad and release in viewDidUnload,2011-09-21,Pre-GenAI
Stack Overflow,3470,UITableView memory issues,2014-05-30,Pre-GenAI
Stack Overflow,3471,DIMSUM leading to memory issues,2016-03-23,Pre-GenAI
Stack Overflow,3472,Memory issue with spark structured streaming,2018-03-11,Pre-GenAI
Stack Overflow,3473,What are the best ways to avoid Out of memory issues in iOS?,2016-06-23,Pre-GenAI
Stack Overflow,3474,Memory issue in my android,2014-04-29,Pre-GenAI
Stack Overflow,3475,iOS Memory issues,2012-09-06,Pre-GenAI
Stack Overflow,3476,Node.js Memory Issues,2015-10-13,Pre-GenAI
Stack Overflow,3477,ColdFusion Spreadsheet Memory issue,2017-03-15,Pre-GenAI
Stack Overflow,3478,VB.Net Memory Issues and Constant New Arrays,2015-12-15,Pre-GenAI
Stack Overflow,3479,Memory issue in iPhone?,2009-05-15,Pre-GenAI
Stack Overflow,3480,C memory issues on file import,2021-10-08,Pre-GenAI
Stack Overflow,3481,Xamarin : Out of memory issue,2015-02-14,Pre-GenAI
Stack Overflow,3482,PHP fwrite() performance and memory issues,2019-04-30,Pre-GenAI
Stack Overflow,3483,SQLite + memory management issues,2010-10-20,Pre-GenAI
Stack Overflow,3484,Fody PropertyChanged Weaver Causes Memory Issues,2020-10-07,Pre-GenAI
Stack Overflow,3485,SpriteKit memory issues,2014-10-23,Pre-GenAI
Stack Overflow,3486,WinJS Low Memory issue with ZXing,2014-02-04,Pre-GenAI
Stack Overflow,3487,dispatch_async Memory Issues,2012-10-20,Pre-GenAI
Stack Overflow,3488,C++ code crashes instantly due to memory issues,2018-05-30,Pre-GenAI
Stack Overflow,3489,JSF memory issues,2021-11-13,Pre-GenAI
Stack Overflow,3491,and again about memory issues with SoundPool,2010-11-04,Pre-GenAI
Stack Overflow,3492,Apache Camel Aggregation - out of memory issue,2020-09-16,Pre-GenAI
Stack Overflow,3493,Memory Issues in C++,2013-09-05,Pre-GenAI
Stack Overflow,3494,memory issues for sparse one hot encoded features,2020-08-20,Pre-GenAI
Stack Overflow,3495,"How to find deadlock, timeout and memory issues using JMeter?",2021-06-18,Pre-GenAI
Stack Overflow,3496,huggingface longformer memory issues,2022-03-29,Pre-GenAI
Stack Overflow,3497,Javafx TextField memory issues,2018-02-24,Pre-GenAI
Stack Overflow,3498,UIBezierPath memory issues,2014-06-03,Pre-GenAI
Stack Overflow,3499,WPF WF4.5 Rehosted Designer Memory Issues,2016-08-24,Pre-GenAI
Stack Overflow,3500,What are the causes of different memory issues in spark?,2020-06-04,Pre-GenAI
Stack Overflow,3501,Pascal memory issues,2014-01-28,Pre-GenAI
Stack Overflow,3503,imageWithContentsOfFile memory issue,2015-05-14,Pre-GenAI
Stack Overflow,3505,Debugging memory issues ARM7,2017-08-18,Pre-GenAI
Stack Overflow,3506,Memory issue with mongo in node,2018-02-28,Pre-GenAI
Stack Overflow,3507,UIImageView - Memory Issue,2015-03-02,Pre-GenAI
Stack Overflow,3508,Memory issue while encrypting files,2018-02-17,Pre-GenAI
Stack Overflow,3509,Holding pixel data in NSMutableArray/NSArray; memory issues,2013-05-06,Pre-GenAI
Stack Overflow,3510,Play Framework becoming unresponsive? (Possibly memory issues),2013-03-04,Pre-GenAI
Stack Overflow,3511,Memory issues in R when running models in caret,2020-04-24,Pre-GenAI
Stack Overflow,3512,Memory issue with huge CSV Export in Rails,2012-06-27,Pre-GenAI
Stack Overflow,3513,how to solve heroku/grails memory issue?,2013-05-26,Pre-GenAI
Stack Overflow,3514,Calculating Perplexity and Memory Issues in Keras/Tensorflow,2018-12-30,Pre-GenAI
Stack Overflow,3516,XSSFWorkbook memory issue,2014-04-11,Pre-GenAI
Stack Overflow,3517,PDFKit memory issues ios12,2018-02-24,Pre-GenAI
Stack Overflow,3518,dompdf memory issues,2010-02-24,Pre-GenAI
Stack Overflow,3519,Gurobi out-of-memory issue,2018-11-29,Pre-GenAI
Stack Overflow,3520,Memory issues when parsing JSON data to JArray,2015-09-15,Pre-GenAI
Stack Overflow,3521,iOS10 memory issue,2016-10-09,Pre-GenAI
Stack Overflow,3522,Memory Issues Android App,2017-06-30,Pre-GenAI
Stack Overflow,3523,JDBC/Hibernate Fetch Size and memory issues,2011-12-18,Pre-GenAI
Stack Overflow,3524,Do classes which have a vector has a member have memory issues,2010-04-07,Pre-GenAI
Stack Overflow,3525,Memory issues calling setTimeout() to the function I am calling it from?,2017-10-27,Pre-GenAI
Stack Overflow,3526,Preventing Memory issues when handling large amounts of text,2009-09-15,Pre-GenAI
Stack Overflow,3527,Uploading video using AFNetworking causes memory issue,2016-10-17,Pre-GenAI
Stack Overflow,3528,C# System.Buffer.BlockCopy Memory Issue?,2012-01-03,Pre-GenAI
Stack Overflow,3529,How to reorganize iOS project to avoid memory issues,2013-04-28,Pre-GenAI
Stack Overflow,3530,HTML5 Canvas Resize - possible to control or predict memory issues?,2020-01-09,Pre-GenAI
Stack Overflow,3532,Memory issue on Android 4.0,2012-05-04,Pre-GenAI
Stack Overflow,3533,Memory issues when using pandas for a huge dataset,2020-10-22,Pre-GenAI
Stack Overflow,3534,Javascript canvas memory issue in Firefox,2014-07-27,Pre-GenAI
Stack Overflow,3535,Weird memory issue with ostringstream / ostream using valgrind,2018-03-22,Pre-GenAI
Stack Overflow,3536,C# console logging: will it have memory issues?,2012-07-09,Pre-GenAI
Stack Overflow,3537,jena model.read time and memory issue,2015-04-24,Pre-GenAI
Stack Overflow,3538,iOS 7 memory issues,2013-09-18,Pre-GenAI
Stack Overflow,3539,Linked List memory issue,2019-03-10,Pre-GenAI
Stack Overflow,3540,UIWebView memory issues,2010-12-13,Pre-GenAI
Stack Overflow,3541,My code keeps getting killed for memory issues,2015-06-30,Pre-GenAI
Stack Overflow,3542,Memory Issues with Gitlab 10 CE on Ubuntu 16.04,2018-06-08,Pre-GenAI
Stack Overflow,3543,Out of memory issue with JasperFillManager.fillReportToFile,2013-02-05,Pre-GenAI
Stack Overflow,3544,Volley Out Of Memory issue V1.1.0,2018-04-16,Pre-GenAI
Stack Overflow,3545,Memory issues in Cpp,2014-12-11,Pre-GenAI
Stack Overflow,3547,Memory Issues With ARC,2013-10-08,Pre-GenAI
Stack Overflow,3548,Memory Issues with View-Based NSTableView over Cell-Based,2019-06-29,Pre-GenAI
Stack Overflow,3549,Memory issue with AVAudioPlayer,2013-09-20,Pre-GenAI
Stack Overflow,3550,NSString memory issue while creating JSONString,2016-03-02,Pre-GenAI
Stack Overflow,3551,WP7 - Performance and Memory issue,2011-07-30,Pre-GenAI
Stack Overflow,3552,QNetworkAccessManager memory issues,2016-05-10,Pre-GenAI
Stack Overflow,3553,Could memory issues in Java cause a BufferedReader to return null prematurely?,2015-01-19,Pre-GenAI
Stack Overflow,3554,Android Fragment Memory issue,2015-09-05,Pre-GenAI
Stack Overflow,3555,ASP.NET MVC Memory Issue in Production,2015-09-16,Pre-GenAI
Stack Overflow,3556,Bitmap memory issues?,2014-06-12,Pre-GenAI
Stack Overflow,3557,wkhtmltopdf in heroku: memory issues,2015-07-31,Pre-GenAI
Stack Overflow,3558,Memory Issue in iPad Application,2012-03-30,Pre-GenAI
Stack Overflow,3559,Memory issues with libdispatch,2012-04-30,Pre-GenAI
Stack Overflow,3560,Flutter- Camera memory issue,2018-08-22,Pre-GenAI
Stack Overflow,3561,Memory issue in using UIImagePNGRepresentation,2012-01-30,Pre-GenAI
Stack Overflow,3562,R memory issue &quot; Cannot allocate memory&quot;,2016-01-09,Pre-GenAI
Stack Overflow,3563,Android Realm - RealmBaseAdapter memory issue,2015-06-09,Pre-GenAI
Stack Overflow,3565,Virtual memory issues with MonoTouch,2012-09-20,Pre-GenAI
Stack Overflow,3566,Out Of Memory issues with lot of org/glassfish/grizzly/memory/HeapMemoryManager$TrimmableHeapBuffer ,2014-08-13,Pre-GenAI
Stack Overflow,3567,Memory issues with QTextEdit,2011-11-18,Pre-GenAI
Stack Overflow,3568,Xamarin Webview memory issue?,2017-05-01,Pre-GenAI
Stack Overflow,3569,ARC + NSLocalizedString + NSMenuItem#title == Memory Issue,2012-12-22,Pre-GenAI
Stack Overflow,3570,"PDO, memory issues, entities and collections",2013-09-24,Pre-GenAI
Stack Overflow,3571,Memory issues migrating large CoreData datastores on iPhone,2011-02-02,Pre-GenAI
Stack Overflow,3572,Python memory issue,2018-07-11,Pre-GenAI
Stack Overflow,3573,Java Memory Issues while generating 3 different images in Jasper Report as Svg,2020-03-16,Pre-GenAI
Stack Overflow,3574,Sklearn K-Fold Cross Validation Memory Issues,2015-07-08,Pre-GenAI
Stack Overflow,3575,scipy.optimize.minimize(method=‘SLSQP’) memory issues when outside the bounds,2014-03-13,Pre-GenAI
Stack Overflow,3576,Symfony memory issues,2012-06-21,Pre-GenAI
Stack Overflow,3577,Java Animation memory issues,2016-01-12,Pre-GenAI
Stack Overflow,3578,How to resolve segmented code cache related memory issues in Java 9?,2017-09-29,Pre-GenAI
Stack Overflow,3580,Heroku memory issues using puma,2015-05-01,Pre-GenAI
Stack Overflow,3581,C++ - unordered_map memory issues with struct,2017-01-19,Pre-GenAI
Stack Overflow,3582,Generating video thumbnails of all videos from gallery gives memory issues,2016-02-22,Pre-GenAI
Stack Overflow,3583,Flash Memory Issue in Arduino Yun,2017-03-22,Pre-GenAI
Stack Overflow,3584,Upgrade to PHP7.2 causes memory issues,2018-12-02,Pre-GenAI
Stack Overflow,3585,SDL Textures and CPU\Memory issues,2014-01-25,Pre-GenAI
Stack Overflow,3586,How to fix memory issues given by Instrument tools in Swift?,2019-07-29,Pre-GenAI
Stack Overflow,3587,Memory issue with Variables,2013-04-17,Pre-GenAI
Stack Overflow,3588,How do you attach a new pull request to an existing issue on github?,2010-12-25,Pre-GenAI
Stack Overflow,3589,Memory issues in C code or Arduino limitations?,2014-12-14,Pre-GenAI
Stack Overflow,3590,Memory issues with CGlayer,2014-03-19,Pre-GenAI
Stack Overflow,3591,Memory issue while using PdfReader,2015-09-29,Pre-GenAI
Stack Overflow,3592,Torch running out of memory issues,2022-10-05,Pre-GenAI
Stack Overflow,3593,Memory Issues When Cloning Sections of an UIImage iOS,2013-07-11,Pre-GenAI
Stack Overflow,3594,C# - CPU and memory issues when using smaller timer interval,2015-11-06,Pre-GenAI
Stack Overflow,3595,Avoiding Memory Issues For GroupBy on Large Pandas DataFrame,2018-04-26,Pre-GenAI
Stack Overflow,3596,Is it possible that the comments from a NodeJS script create memory issues?,2015-01-12,Pre-GenAI
Stack Overflow,3597,Memory Issue while reading video frames iPhone,2012-03-27,Pre-GenAI
Stack Overflow,3598,HTML5 FileReader API Memory Issues,2015-03-27,Pre-GenAI
Stack Overflow,3599,Memory Issues on iphone,2011-02-22,Pre-GenAI
Stack Overflow,3600,Memory Issue in SSIS Package for CDC,2013-12-26,Pre-GenAI
Stack Overflow,3602,Common Lisp Memory Issues,2017-01-12,Pre-GenAI
Stack Overflow,3603,ColdFusion: CFEXECUTE/FFMPEG Memory Issue?,2010-07-27,Pre-GenAI
Stack Overflow,3604,Memory issue in Windows Phone Page Transition,2011-12-21,Pre-GenAI
Stack Overflow,3605,Picasso Android memory issues,2016-11-08,Pre-GenAI
Stack Overflow,3606,Heavy load on thread causing memory issues,2015-07-28,Pre-GenAI
Stack Overflow,3607,JBoss giving memory issues,2018-10-19,Pre-GenAI
Stack Overflow,3608,Swift 3 - UIImageWriteToSavedPhotosAlbum memory issue,2017-07-24,Pre-GenAI
Stack Overflow,3609,Regex on large text data (memory issues),2017-03-29,Pre-GenAI
Stack Overflow,3610,How to properly debug Electron memory issues?,2021-11-03,Pre-GenAI
Stack Overflow,3611,Excel virtual memory issues,2012-02-08,Pre-GenAI
Stack Overflow,3612,Memory issues on certain devices,2016-12-05,Pre-GenAI
Stack Overflow,3613,Django initial_data.json memory issues,2010-09-11,Pre-GenAI
Stack Overflow,3614,Objective C basic memory issue,2012-12-11,Pre-GenAI
Stack Overflow,3615,iOS image [Kingfisher || AlamofireImage] &quot;Terminated due to memory issue&quot;,2018-08-12,Pre-GenAI
Stack Overflow,3616,App terminated due to memory issue,2017-01-20,Pre-GenAI
Stack Overflow,3617,Google Firestore - Memory issue with .whereField(),2019-04-18,Pre-GenAI
Stack Overflow,3618,Scala: Memory issues,2015-08-03,Pre-GenAI
Stack Overflow,3619,How to solve memory issues while multiprocessing using Pool.map()?,2018-03-22,Pre-GenAI
Stack Overflow,3620,Can single page application javascript not unloading lead to memory issues,2016-06-20,Pre-GenAI
Stack Overflow,3623,memory issue in NSConnection sendSynchronousRequest,2015-03-27,Pre-GenAI
Stack Overflow,3624,XslCompiledTransform.Transform 64 bit Memory issues,2011-06-17,Pre-GenAI
Stack Overflow,3625,WPF TabControl Memory Issues,2010-08-20,Pre-GenAI
Stack Overflow,3626,Memory issues with cartopy.vector_transform.vector_scalar_to_grid,2014-07-18,Pre-GenAI
Stack Overflow,3627,MvxImageView DefaultImagePath Memory Issue,2015-10-15,Pre-GenAI
Stack Overflow,3628,Silverlight file upload memory issue,2010-01-21,Pre-GenAI
Stack Overflow,3629,Ruby Oj parser memory issues,2013-03-15,Pre-GenAI
Stack Overflow,3631,"delete [] char *, memory issues",2009-09-11,Pre-GenAI
Stack Overflow,3632,Memory-Leaks / Memory handling Issues in Solr,2012-12-18,Pre-GenAI
Stack Overflow,3633,FLVPlayback component memory issues,2008-08-22,Pre-GenAI
Stack Overflow,3635,Replace Memory Issue VB.net,2014-10-27,Pre-GenAI
Stack Overflow,3636,Tensorflow map_fn Out of Memory Issues,2019-07-25,Pre-GenAI
Stack Overflow,3637,Hazelcast Out of memory issue,2015-02-20,Pre-GenAI
Stack Overflow,3638,XlsxReaderWriter Terminated due to memory issue,2018-06-15,Pre-GenAI
Stack Overflow,3639,Large excel(poi) report- HEAP memory issue,2022-03-01,Pre-GenAI
Stack Overflow,3640,Memory issues with winforms ImageList,2010-10-12,Pre-GenAI
Stack Overflow,3641,Memory issue when using CGImage.ScreenImage in a loop using Mono Touch,2012-05-30,Pre-GenAI
Stack Overflow,3642,Memory Issue Preventing Input into Struct?,2018-03-06,Pre-GenAI
Stack Overflow,3643,VB.Net Memory Issue,2012-11-22,Pre-GenAI
Stack Overflow,3644,Swift/iOS: generified UIScrollView subclass causes memory issues,2015-03-04,Pre-GenAI
Stack Overflow,3645,Memory Issue in WP8 emulator?,2012-11-30,Pre-GenAI
Stack Overflow,3646,Minidom on Python: memory issue,2014-10-08,Pre-GenAI
Stack Overflow,3647,GCD &amp; c++ memory issues,2016-07-24,Pre-GenAI
Stack Overflow,3648,Delphi 7 memory issue,2013-06-01,Pre-GenAI
Stack Overflow,3649,Memory issues - Living vs. overall -&gt; app is killed,2012-09-01,Pre-GenAI
Stack Overflow,3650,Drawrect causing memory issues,2010-10-18,Pre-GenAI
Stack Overflow,3651,Memory issue while replacing text Swift,2017-10-01,Pre-GenAI
Stack Overflow,3652,WMI/ASP Memory Issues,2013-09-09,Pre-GenAI
Stack Overflow,3653,Green Plum Out of memory issue is coming,2020-02-13,Pre-GenAI
Stack Overflow,3654,Solving Memory Issues: What is a FiberNode in Chrome Dev Tools?,2020-09-10,Pre-GenAI
Stack Overflow,3655,Memory issues on RDS PostgreSQL instance / Rails 4,2016-05-08,Pre-GenAI
Stack Overflow,3656,Mapbox Adding Layer - Memory issue,2019-08-02,Pre-GenAI
Stack Overflow,3657,Spark Installation Memory issues,2014-11-26,Pre-GenAI
Stack Overflow,3658,PHP7 under OS X Server creates Cache/Memory issues,2017-01-30,Pre-GenAI
Stack Overflow,3659,Using dateFromString api of date formatter in a for loop giving huge memory issues,2015-03-10,Pre-GenAI
Stack Overflow,3660,NSMutableURLRequest and memory issue,2011-10-17,Pre-GenAI
Stack Overflow,3661,Memory issues with CreateProcess,2018-01-23,Pre-GenAI
Stack Overflow,3662,Memory issues with cocoa touch,2010-08-05,Pre-GenAI
Stack Overflow,3663,How to import a large .csv file into sqlite - memory issues with sqlite Manager,2013-05-31,Pre-GenAI
Stack Overflow,3664,Memory issues with new version of Mongodb,2016-08-14,Pre-GenAI
Stack Overflow,3665,Memory Issues: simulated memory warning/didReceiveMemoryWarning,2010-08-17,Pre-GenAI
Stack Overflow,3666,MySql FetchMany Memory Issues,2015-02-20,Pre-GenAI
Stack Overflow,3667,Laravel Memory Issue?,2016-12-20,Pre-GenAI
Stack Overflow,3668,jQuery animation memory issues,2012-06-07,Pre-GenAI
Stack Overflow,3669,Memory issue or something else?,2011-08-01,Pre-GenAI
Stack Overflow,3670,How to fix out of memory issue in tomcat8,2016-08-08,Pre-GenAI
Stack Overflow,3671,Pymongo Cursor Memory Issue,2021-06-28,Pre-GenAI
Stack Overflow,3672,Memory Issues In Grid Search cv for Image Classification Problem,2021-02-24,Pre-GenAI
Stack Overflow,3673,"iOS, Core Data: Memory Issues",2014-03-28,Pre-GenAI
Stack Overflow,3674,AlamoFire image memory issue,2016-04-04,Pre-GenAI
Stack Overflow,3675,I&#39;m having memory issues reading and closing multiple JPG images,2015-02-23,Pre-GenAI
Stack Overflow,3676,st_intersection and st_intersects are having memory issues,2021-07-28,Pre-GenAI
Stack Overflow,3677,SQL Server Express 2008 R2 Memory Issues,2011-10-24,Pre-GenAI
Stack Overflow,3678,Numpy array memory issue,2010-02-27,Pre-GenAI
Stack Overflow,3679,Sharepoint custom webpart memory issue,2016-05-11,Pre-GenAI
Stack Overflow,3680,fixing Memory Issue in Swift,2019-08-08,Pre-GenAI
Stack Overflow,3681,freeing memory issue,2010-09-28,Pre-GenAI
Stack Overflow,3682,PFImageView causing memory issues (iOS SDK 8.2 + Parse),2015-03-19,Pre-GenAI
Stack Overflow,3683,Hibernate: memory issues? disadvantages?,2011-06-08,Pre-GenAI
Stack Overflow,3684,C# Picturebox stretch memory issues,2017-10-20,Pre-GenAI
Stack Overflow,3685,&#39;Terminated due to memory issue&#39; when using AVPlayerLooper,2019-01-23,Pre-GenAI
Stack Overflow,3686,Memory Issue with ARC,2012-09-03,Pre-GenAI
Stack Overflow,3687,app closes due to memory issue,2017-07-22,Pre-GenAI
Stack Overflow,3688,NSXMLParser and memory management issues,2010-07-29,Pre-GenAI
Stack Overflow,3689,Does Ruby 2.3.1 fix the memory issues that 2.2 exhibited on Heroku Rails apps?,2016-06-13,Pre-GenAI
Stack Overflow,3690,Memory issue while loading data,2020-03-02,Pre-GenAI
Stack Overflow,3691,Memory Issues in R CRAN Package,2020-10-10,Pre-GenAI
Stack Overflow,3692,Memory issues when running Keras inside Docker on a Mac,2016-11-26,Pre-GenAI
Stack Overflow,3693,2D Object Array Memory Issues C++,2014-04-17,Pre-GenAI
Stack Overflow,3694,Memory Issues with SKSprite Scenes,2016-01-06,Pre-GenAI
Stack Overflow,3695,Memory issue while Animating many images,2015-05-13,Pre-GenAI
Stack Overflow,3696,JAVA POI out of memory issue,2015-03-10,Pre-GenAI
Stack Overflow,3697,"Deinit never gets called, Memory issue",2017-02-18,Pre-GenAI
Stack Overflow,3698,multiprocessing and memory issues,2012-07-07,Pre-GenAI
Stack Overflow,3699,InnoDB cluster memory issue with LOAD DATA,2021-04-22,Pre-GenAI
Stack Overflow,3700,How to resolve out of memory issue,2012-02-10,Pre-GenAI
Stack Overflow,3701,Bitmap Out Of Memory Issues,2012-10-17,Pre-GenAI
Stack Overflow,3702,Custom UITableViewCell abandoned memory issue on Select,2015-02-17,Pre-GenAI
Stack Overflow,3703,AVAssetReaderOutput memory issue,2016-01-17,Pre-GenAI
Stack Overflow,3704,Cordova/PhoneGapp App Memory Issues,2014-07-23,Pre-GenAI
Stack Overflow,3705,Memory issue on android,2012-05-31,Pre-GenAI
Stack Overflow,3706,Referencing same hdfs table in my 50 union all statements in impala which is resulting in memory iss,2019-09-21,Pre-GenAI
Stack Overflow,3707,Memory Issues with PHP (5),2010-07-28,Pre-GenAI
Stack Overflow,3708,Sqlite in iOS memory issues,2011-10-14,Pre-GenAI
Stack Overflow,3709,Memory issue downloding a large file,2012-02-24,Pre-GenAI
Stack Overflow,3710,Ubuntu memory issues with rstudio,2019-08-08,Pre-GenAI
Stack Overflow,3711,express file upload memory issue,2013-07-07,Pre-GenAI
Stack Overflow,3713,Selenium RemoteWebDriver memory issues,2012-10-16,Pre-GenAI
Stack Overflow,3714,Binding.scala - SBT Out Of Memory issues,2020-08-16,Pre-GenAI
Stack Overflow,3715,Java Memory issue : Java.lang.ref.finalizer object,2021-10-04,Pre-GenAI
Stack Overflow,3716,C++: How to overcome memory issues using large int/double?,2020-08-31,Pre-GenAI
Stack Overflow,3718,PostgreSQL function and memory issues,2013-12-18,Pre-GenAI
Stack Overflow,3719,Weird memory issue on Samsung Galaxy Note,2011-11-22,Pre-GenAI
Stack Overflow,3720,What&#39;s the best practice to keep all the constants in Flutter?,2019-01-07,Pre-GenAI
Stack Overflow,3721,Javascript Array Iterations - Memory Issues,2013-01-28,Pre-GenAI
Stack Overflow,3722,Lumia Imaging SDK v3 memory issues,2016-01-06,Pre-GenAI
Stack Overflow,3723,Scope &amp; memory issues in Scala,2011-11-25,Pre-GenAI
Stack Overflow,3724,VBA - Out of Memory Issues,2021-02-16,Pre-GenAI
Stack Overflow,3725,GC and memory limit issues with R,2010-07-26,Pre-GenAI
Stack Overflow,3726,Memory issues when using G1GC,2021-11-02,Pre-GenAI
Stack Overflow,3727,Talend- Memory issues. Working with big files,2018-01-24,Pre-GenAI
Stack Overflow,3728,WPF GridView Telerik - Application memory issue,2013-12-12,Pre-GenAI
Stack Overflow,3729,"cdef an array in cython that changes size in a loop, are there memory issues?",2017-07-26,Pre-GenAI
Stack Overflow,3730,"Qt, paint image, will this cause memory issue?",2016-03-28,Pre-GenAI
Stack Overflow,3731,Memory issues with InputStream in Java,2011-01-28,Pre-GenAI
Stack Overflow,3732,Arrays vs Lists for memory issues,2013-09-06,Pre-GenAI
Stack Overflow,3733,JSPDF Memory Issue,2022-02-01,Pre-GenAI
Stack Overflow,3734,Java 8 with Jetty on linux memory issue,2015-10-13,Pre-GenAI
Stack Overflow,3735,App crashes strangely regarding MKMapView memory issues,2017-10-22,Pre-GenAI
Stack Overflow,3736,How do I resolve memory issues inside a loop,2015-08-06,Pre-GenAI
Stack Overflow,3737,use a function on several columns of dataframes stored in a list (memory issues),2015-05-06,Pre-GenAI
Stack Overflow,3738,ListboxItems containing image - memory issues,2011-11-25,Pre-GenAI
Stack Overflow,3739,Memory issue with Swift and CGPath,2016-05-30,Pre-GenAI
Stack Overflow,3740,Pandas memory issues after fetching data from a SQL db,2019-08-25,Pre-GenAI
Stack Overflow,3741,Android Picasso - how do I know memory issue is fixed?,2019-05-13,Pre-GenAI
Stack Overflow,3742,LazyColumn with nested LazyRows - memory issue,2021-11-22,Pre-GenAI
Stack Overflow,3743,Objective-c instance variable memory issues with ARC on,2016-06-07,Pre-GenAI
Stack Overflow,3744,Memory issue with Android OpenCV application,2018-01-11,Pre-GenAI
Stack Overflow,3745,Ios popToRootViewControllerAnimated causing Memory Issues,2016-01-28,Pre-GenAI
Stack Overflow,3746,Memory Issue while following LM tutorial,2020-08-13,Pre-GenAI
Stack Overflow,3747,Image Preloading and Memory issue,2012-05-29,Pre-GenAI
Stack Overflow,3749,Frequent out of memory issues,2013-08-20,Pre-GenAI
Stack Overflow,3750,Dangling memory/ unallocated memory issue,2013-12-09,Pre-GenAI
Stack Overflow,3751,Memory Issue with GetThumbnailsAsync,2018-07-12,Pre-GenAI
Stack Overflow,3752,Out Of Memory issue in J2ME,2013-11-07,Pre-GenAI
Stack Overflow,3753,iOS possible memory issues with singletons in prefix header,2011-08-02,Pre-GenAI
Stack Overflow,3754,ValueAnimator memory issue,2015-09-18,Pre-GenAI
Stack Overflow,3755,NSPredicate Memory Issues,2009-11-06,Pre-GenAI
Stack Overflow,3756,Loading SpriteKit scene on background thread causes app to crash because of memory issues,2018-06-16,Pre-GenAI
Stack Overflow,3757,aws lambda: Error: Runtime exited with error: signal: killed,2019-11-26,Pre-GenAI
Stack Overflow,3758,Issues with the memory allocated,2018-12-28,Pre-GenAI
Stack Overflow,3759,"Memory issue with threads (tinythread, C++)",2018-01-03,Pre-GenAI
Stack Overflow,3760,Troubleshooting SQL Server Memory Issues,2010-07-29,Pre-GenAI
Stack Overflow,3761,Mobile Safari/WebKit memory issues,2016-02-05,Pre-GenAI
Stack Overflow,3762,Issues on Android memory management system,2020-07-09,Pre-GenAI
Stack Overflow,3763,Calling Measure() outside of MeasureOverride() - memory issues,2016-03-16,Pre-GenAI
Stack Overflow,3764,Memory issues in fragments showing images,2012-02-13,Pre-GenAI
Stack Overflow,3765,Memory issue while checking image size,2017-06-19,Pre-GenAI
Stack Overflow,3766,"GRAILS 2, memory issues",2012-07-12,Pre-GenAI
Stack Overflow,3767,Memory Issues Using xlslib,2015-04-04,Pre-GenAI
Stack Overflow,3768,Image animation - memory issues,2013-05-08,Pre-GenAI
Stack Overflow,3769,UIImageJPEGRepresentation memory issue,2017-03-22,Pre-GenAI
Stack Overflow,3770,Memory issue with UIGETDIR,2015-04-29,Pre-GenAI
Stack Overflow,3771,GPUImageFilter vs CIFilter (memory issue with GPUImage),2013-12-26,Pre-GenAI
Stack Overflow,3772,How can I resolve this doctrine memory issue,2014-03-12,Pre-GenAI
Stack Overflow,3773,Spark Graphframes large dataset and memory Issues,2019-08-20,Pre-GenAI
Stack Overflow,3774,ESP8266 NodeMCU - Meaning of E:M codes for memory issues,2018-08-25,Pre-GenAI
Stack Overflow,3776,Python memory issues with matplotlib.animation,2014-09-25,Pre-GenAI
Stack Overflow,3777,Postgres/JDBC/Logical replication - out of memory issues,2017-09-15,Pre-GenAI
Stack Overflow,3778,PHPExcel memory issue,2011-08-11,Pre-GenAI
Stack Overflow,3779,Symfony 1.3 with Propel 1.5: Memory issues,2011-05-25,Pre-GenAI
Stack Overflow,3780,Strange Java memory issue,2014-05-31,Pre-GenAI
Stack Overflow,3781,Appengine/ComputeEngine Memory Issue?,2015-12-04,Pre-GenAI
Stack Overflow,3782,Large numpy matrix memory issues,2018-06-22,Pre-GenAI
Stack Overflow,3783,How to fix memory issue with image processing?,2019-04-09,Pre-GenAI
Stack Overflow,3784,Memory issue with std::vector in c++,2018-09-17,Pre-GenAI
Stack Overflow,3785,How To Fix Memory Issue in GPUImage library in SWIFT,2020-07-16,Pre-GenAI
Stack Overflow,3786,memory issue of copying C++ vectors,2018-04-02,Pre-GenAI
Stack Overflow,3787,Difference between StringBuilder and StringBuffer,2008-12-10,Pre-GenAI
Stack Overflow,3788,Improve INSERT-per-second performance of SQLite,2009-11-10,Pre-GenAI
Stack Overflow,3789,Why doesn&#39;t RecyclerView have onItemClickListener()?,2014-07-22,Pre-GenAI
Stack Overflow,3790,Swift Beta performance: sorting arrays,2014-06-08,Pre-GenAI
Stack Overflow,3791,JavaScript for...in vs for,2008-10-28,Pre-GenAI
Stack Overflow,3792,T-SQL Cast versus Convert,2009-04-01,Pre-GenAI
Stack Overflow,3793,SNIReadSyncOverAsync Performance issue,2015-05-12,Pre-GenAI
Stack Overflow,3794,What is the LD_PRELOAD trick?,2009-01-08,Pre-GenAI
Stack Overflow,3795,Does pandas iterrows have performance issues?,2014-07-21,Pre-GenAI
Stack Overflow,3796,Curious about the HashTable performance issues,2010-06-17,Pre-GenAI
Stack Overflow,3797,Java2D Performance Issues,2008-10-13,Pre-GenAI
Stack Overflow,3798,Firestore slow performance issue on getting data,2017-10-12,Pre-GenAI
Stack Overflow,3799,SwiftyJSON Performance Issues,2015-03-25,Pre-GenAI
Stack Overflow,3800,sqoop export performance Issues,2016-11-07,Pre-GenAI
Stack Overflow,3801,AngularJS watcher performance issues,2016-08-30,Pre-GenAI
Stack Overflow,3802,Tools for finding solr performance issues,2011-01-03,Pre-GenAI
Stack Overflow,3803,Directory.GetFiles() performance issues,2015-05-12,Pre-GenAI
Stack Overflow,3804,SVG - Performance Issues on Tablet,2017-05-27,Pre-GenAI
Stack Overflow,3805,WPF FindAncestor performance issues,2016-01-20,Pre-GenAI
Stack Overflow,3806,ProGet performance issues,2014-04-07,Pre-GenAI
Stack Overflow,3807,Website Performance Issues?,2011-09-01,Pre-GenAI
Stack Overflow,3808,WebBrowser performance issues,2017-03-05,Pre-GenAI
Stack Overflow,3809,React Boilerplate Performance Issues,2017-05-04,Pre-GenAI
Stack Overflow,3810,JSTL tags performance issues,2011-06-03,Pre-GenAI
Stack Overflow,3811,Xamarin performance issues,2018-10-17,Pre-GenAI
Stack Overflow,3812,TransactionScope performance issues,2013-07-22,Pre-GenAI
Stack Overflow,3813,"What are the best practices for using a GUID as a primary key, specifically regarding performance?",2012-08-13,Pre-GenAI
Stack Overflow,3814,Performance issues in Regular Expression,2013-04-20,Pre-GenAI
Stack Overflow,3815,Java profiler to resolve performance issues,2014-01-21,Pre-GenAI
Stack Overflow,3816,ASP.NET 4 Routing and Performance Issues,2011-12-07,Pre-GenAI
Stack Overflow,3817,Resizing UIImage - Performance Issues,2014-09-13,Pre-GenAI
Stack Overflow,3818,T4MVC and performance issues,2021-05-14,Pre-GenAI
Stack Overflow,3819,Do Ruby on Rails sites have performance issues?,2010-08-18,Pre-GenAI
Stack Overflow,3820,mysql on xp performance issues,2010-04-07,Pre-GenAI
Stack Overflow,3821,Calendar Recurring/Repeating Events - Best Storage Method,2011-03-03,Pre-GenAI
Stack Overflow,3822,profiling and performance issues,2012-12-13,Pre-GenAI
Stack Overflow,3823,Performance issues with empty &quot;;&quot; statement in C#,2009-03-20,Pre-GenAI
Stack Overflow,3824,Performance issues when using C# attributes?,2017-06-22,Pre-GenAI
Stack Overflow,3825,Visual Studio 2013.2 Performance Issues,2014-06-14,Pre-GenAI
Stack Overflow,3826,SQL- performance issue,2021-02-19,Pre-GenAI
Stack Overflow,3827,setViewBox() performance issues on mobile devices,2011-12-05,Pre-GenAI
Stack Overflow,3828,background-size:cover performance issues,2013-10-21,Pre-GenAI
Stack Overflow,3829,SVG Filter performance issues,2014-10-20,Pre-GenAI
Stack Overflow,3830,Rich datatable performance issues,2014-04-04,Pre-GenAI
Stack Overflow,3831,Craft Calendars Performance Issues,2015-02-02,Pre-GenAI
Stack Overflow,3832,SQL NOT IN possibly performance issues,2011-07-21,Pre-GenAI
Stack Overflow,3833,NSUserDefaults causing performance issues,2015-03-17,Pre-GenAI
Stack Overflow,3834,jQuery.keypad Performance Issues,2010-04-22,Pre-GenAI
Stack Overflow,3835,CSS3 marquee effect performance issues,2015-03-28,Pre-GenAI
Stack Overflow,3836,"Redis Windows, Performance Issues",2014-08-19,Pre-GenAI
Stack Overflow,3837,TelemetryClient.Flush performance issues,2019-12-10,Pre-GenAI
Stack Overflow,3838,Elasticsearch indexing performance issues,2014-12-01,Pre-GenAI
Stack Overflow,3839,Performance issues with pandas iterrows,2018-02-24,Pre-GenAI
Stack Overflow,3841,Linux apache2 performance issues,2017-04-10,Pre-GenAI
Stack Overflow,3842,Git pre-receive hooks performance issues,2022-03-09,Pre-GenAI
Stack Overflow,3843,Incognito Lighthouse performance issues,2021-04-23,Pre-GenAI
Stack Overflow,3844,Rails 3.2.13: are performance issues now resolved?,2013-05-22,Pre-GenAI
Stack Overflow,3845,Does server-side javascript function have performance issues in mongoDB?,2013-07-09,Pre-GenAI
Stack Overflow,3846,Strange Performance issues with where() vs find(),2015-04-21,Pre-GenAI
Stack Overflow,3847,Performance issues running a database in a docker container,2016-08-26,Pre-GenAI
Stack Overflow,3848,Is there performance issues when using !important?,2020-06-21,Pre-GenAI
Stack Overflow,3849,npgsql Connection Idle Lifetime performance issues,2020-05-18,Pre-GenAI
Stack Overflow,3850,Performance Issues With System.ServiceModel.Activation.ServiceHttpHandlerFactory+ServiceHttpHandler,2014-09-21,Pre-GenAI
Stack Overflow,3851,AngularJS ui-select performance issues,2017-03-28,Pre-GenAI
Stack Overflow,3852,Performance issues with accelerometer,2012-07-25,Pre-GenAI
Stack Overflow,3853,CodeIgniter copying an instance - performance issues?,2010-04-20,Pre-GenAI
Stack Overflow,3854,Firebird .net performance issues with blobs,2017-10-11,Pre-GenAI
Stack Overflow,3856,Active Record Performance Issues,2016-09-07,Pre-GenAI
Stack Overflow,3857,fetch request performance issues,2010-12-21,Pre-GenAI
Stack Overflow,3858,Performance issues in game loop,2011-04-18,Pre-GenAI
Stack Overflow,3859,Jackson Vs. Gson,2010-03-04,Pre-GenAI
Stack Overflow,3860,ModalPopupExtender Performance Issues,2009-06-24,Pre-GenAI
Stack Overflow,3861,StreamBuilder with KeepAlive performance issues ? flutter,2022-02-19,Pre-GenAI
Stack Overflow,3862,Custom ETL Architecture Performance Issues,2017-01-31,Pre-GenAI
Stack Overflow,3863,Raster images performance issue,2016-11-29,Pre-GenAI
Stack Overflow,3864,Pandas to_datetime () function performance issues,2017-02-10,Pre-GenAI
Stack Overflow,3865,Performance issues with transitions,2016-11-14,Pre-GenAI
Stack Overflow,3866,Performance issues with kineticjs,2013-09-06,Pre-GenAI
Stack Overflow,3868,game Loop performance issue,2016-05-26,Pre-GenAI
Stack Overflow,3869,How to approach performance issues?,2010-05-24,Pre-GenAI
Stack Overflow,3871,java volatile performance issue,2011-11-03,Pre-GenAI
Stack Overflow,3872,Performance issues while parsing dates,2016-07-25,Pre-GenAI
Stack Overflow,3873,Fullscreen/scrolling background performance issues?,2011-10-06,Pre-GenAI
Stack Overflow,3874,PHP WideImage - performance issues,2012-06-06,Pre-GenAI
Stack Overflow,3875,Woocommerce Performance Issues,2021-10-06,Pre-GenAI
Stack Overflow,3876,Performance issues in connecting to AD using Global catalog,2012-04-13,Pre-GenAI
Stack Overflow,3877,React Performance Issues in Firefox?,2020-05-19,Pre-GenAI
Stack Overflow,3878,Performance issues with AFIncrementalStore,2013-08-13,Pre-GenAI
Stack Overflow,3879,Performance issues with MonoTouch?,2011-06-29,Pre-GenAI
Stack Overflow,3881,NSAttributedString on UITableViewCell causes performance issues,2015-03-25,Pre-GenAI
Stack Overflow,3882,Multieselect Combobox performance issues (ExtJS 7.3),2021-01-27,Pre-GenAI
Stack Overflow,3883,Does System.Activator.CreateInstance(T) have performance issues big enough to discourage us from usi,2011-05-20,Pre-GenAI
Stack Overflow,3884,Performance issues UIKit free hand drawing,2015-09-09,Pre-GenAI
Stack Overflow,3885,Performance issues using SSIS Unpivot component,2019-05-23,Pre-GenAI
Stack Overflow,3886,"performance issues using UNION , multiple columns",2017-07-06,Pre-GenAI
Stack Overflow,3887,Performance Issues dottracer,2013-11-26,Pre-GenAI
Stack Overflow,3888,Loop performance issues,2017-05-23,Pre-GenAI
Stack Overflow,3889,Does -XX:+HeapDumpOnOutOfMemoryError create any security or performance issues?,2014-09-26,Pre-GenAI
Stack Overflow,3890,Multi-threaded performance issues,2016-10-14,Pre-GenAI
Stack Overflow,3891,VS2010 + Resharper 5 performance issues,2010-05-13,Pre-GenAI
Stack Overflow,3892,SSMS Performance issues when connecting to Azure Database,2021-02-02,Pre-GenAI
Stack Overflow,3893,ROracle performance issues in Rstudio,2019-03-06,Pre-GenAI
Stack Overflow,3894,SQL Server view performance issue,2021-08-09,Pre-GenAI
Stack Overflow,3895,PowerShell Invoke-Command performance issue,2013-09-26,Pre-GenAI
Stack Overflow,3896,Esper Performance issues,2018-11-07,Pre-GenAI
Stack Overflow,3897,Performance issues with Django,2012-02-20,Pre-GenAI
Stack Overflow,3898,performance issue with canvas,2013-06-06,Pre-GenAI
Stack Overflow,3899,Does usage of Thread.Sleep(n) causes performance issues?,2014-01-23,Pre-GenAI
Stack Overflow,3900,Lack of ImageList in MenuStrip and performance issues,2010-05-23,Pre-GenAI
Stack Overflow,3901,Performance issues on Realm List,2018-11-28,Pre-GenAI
Stack Overflow,3902,Performance issue with upgrade of spring boot,2022-02-03,Pre-GenAI
Stack Overflow,3903,PROC DS2 performance issues,2017-11-28,Pre-GenAI
Stack Overflow,3904,Are there performance issues when using pragma pack(1)?,2011-10-17,Pre-GenAI
Stack Overflow,3905,"performance issues, delay while loading the forms",2011-12-15,Pre-GenAI
Stack Overflow,3906,Exceptions and performance issues java 8,2018-02-11,Pre-GenAI
Stack Overflow,3907,subviews and performance issues in iOS,2010-10-26,Pre-GenAI
Stack Overflow,3909,performance issues using PropertyUtilsBean.getProperty(),2013-09-30,Pre-GenAI
Stack Overflow,3910,Solr performance issues,2016-06-28,Pre-GenAI
Stack Overflow,3911,MVC OnResultExecuting performance issues,2012-01-24,Pre-GenAI
Stack Overflow,3912,Figuring out performance issues,2018-02-05,Pre-GenAI
Stack Overflow,3913,Performance Issues on a Swing GUI Game,2022-01-21,Pre-GenAI
Stack Overflow,3914,Custom SVG Map | Performance Issues,2017-04-21,Pre-GenAI
Stack Overflow,3915,Django + PostrgreSQL performance issues,2020-06-22,Pre-GenAI
Stack Overflow,3916,Performance issues with jspdf + html2canvas if there are many pages,2022-06-06,Pre-GenAI
Stack Overflow,3917,Performance Issues in R,2016-04-12,Pre-GenAI
Stack Overflow,3918,Performance issue with multiple DropDownLists,2013-05-25,Pre-GenAI
Stack Overflow,3919,Postgres performance issues,2012-08-13,Pre-GenAI
Stack Overflow,3920,Middleware - performance issues,2016-04-29,Pre-GenAI
Stack Overflow,3921,Performance issues with SOAP using Spyne,2014-04-29,Pre-GenAI
Stack Overflow,3922,How many concurrent setTimeouts before performance issues?,2016-07-09,Pre-GenAI
Stack Overflow,3923,Performance issues for spark on YARN,2015-02-05,Pre-GenAI
Stack Overflow,3924,Plotly vs Plotly Dash &amp; Performance Issues,2020-11-20,Pre-GenAI
Stack Overflow,3925,Does Java have support for multiline strings?,2009-05-18,Pre-GenAI
Stack Overflow,3926,Azure SQL / EF performance issues,2016-06-23,Pre-GenAI
Stack Overflow,3927,"What&#39;s the difference between istringstream, ostringstream and stringstream? / Why not use strin",2010-07-20,Pre-GenAI
Stack Overflow,3928,IIS Web App performance issues....MVC3,2012-08-06,Pre-GenAI
Stack Overflow,3929,Does calling functions in templates cause performance issues in Angular2+?,2019-04-11,Pre-GenAI
Stack Overflow,3931,Angular performance issues when cropping image,2020-06-15,Pre-GenAI
Stack Overflow,3932,Java Webapp Performance Issues,2012-01-19,Pre-GenAI
Stack Overflow,3933,Are there any performance issues in using composite-ids with Hibernate?,2011-10-29,Pre-GenAI
Stack Overflow,3934,Mapping array causing performance issues React,2022-11-08,Pre-GenAI
Stack Overflow,3935,Android google maps v2 performance issues,2015-05-06,Pre-GenAI
Stack Overflow,3936,Select2 v4.0.0 Performance Issue,2015-10-13,Pre-GenAI
Stack Overflow,3937,Qt QListWidget performance issues,2011-08-18,Pre-GenAI
Stack Overflow,3938,Running Redis with Docker (performance issue),2014-10-25,Pre-GenAI
Stack Overflow,3939,Opencart performance issue,2012-02-16,Pre-GenAI
Stack Overflow,3940,Performance issues on IE 11,2016-08-10,Pre-GenAI
Stack Overflow,3941,AOP Performance issue,2017-09-04,Pre-GenAI
Stack Overflow,3942,plotnine geom_density memory and performance issues,2021-04-22,Pre-GenAI
Stack Overflow,3943,Performance issue,2016-11-29,Pre-GenAI
Stack Overflow,3944,Performance issues on importing functions,2017-09-27,Pre-GenAI
Stack Overflow,3945,Performance issues after using UIImagePickerController,2020-10-25,Pre-GenAI
Stack Overflow,3946,CSS Text-shadow performance issues.,2011-07-30,Pre-GenAI
Stack Overflow,3948,Progress Database Performance issue?,2014-11-06,Pre-GenAI
Stack Overflow,3949,Performance Issues with MySQL Proxy,2013-02-11,Pre-GenAI
Stack Overflow,3950,Wildfly Performance issues,2016-01-09,Pre-GenAI
Stack Overflow,3951,Haskell Data.Memocombinators performance issues?,2015-05-19,Pre-GenAI
Stack Overflow,3952,Do try/catch blocks hurt performance when exceptions are not thrown?,2009-08-20,Pre-GenAI
Stack Overflow,3954,Vuetify performance issues,2019-05-17,Pre-GenAI
Stack Overflow,3955,C# UdpClient ReceiveAsync() performance issues,2020-11-15,Pre-GenAI
Stack Overflow,3956,Solr facet multivalued field performance issues,2012-11-09,Pre-GenAI
Stack Overflow,3957,Can Calling Simple Methods in Angular Component Templates Cause Performance Issues?,2019-10-15,Pre-GenAI
Stack Overflow,3958,Android List Adapter Holder performance issues,2015-10-20,Pre-GenAI
Stack Overflow,3959,Troubleshooting database performance issues,2011-04-07,Pre-GenAI
Stack Overflow,3960,.Net web app Performance issues,2012-08-27,Pre-GenAI
Stack Overflow,3961,performance issues with MYISAM,2013-11-28,Pre-GenAI
Stack Overflow,3962,SQL Delete * causing performance issues,2017-12-01,Pre-GenAI
Stack Overflow,3963,jqGrid within jquery draggable performance issues (IE),2015-03-19,Pre-GenAI
Stack Overflow,3964,Why is var.First() causing performance issues?,2011-10-18,Pre-GenAI
Stack Overflow,3965,AngularJS $scope.$watch performance issues,2018-10-29,Pre-GenAI
Stack Overflow,3966,Optimizing SKLabelNode to reduce performance issues,2016-12-07,Pre-GenAI
Stack Overflow,3967,ListView Resize Columns Performance Issues (Grouping),2013-04-26,Pre-GenAI
Stack Overflow,3968,Foreign Key Relationship possible performance issues,2014-04-08,Pre-GenAI
Stack Overflow,3969,Azure Cosmos db performance issues and how to improve,2019-09-19,Pre-GenAI
Stack Overflow,3970,UIView: Rounded Corners Without Performance Issues,2011-04-14,Pre-GenAI
Stack Overflow,3971,Spring Boot Version Upgrade Performance Issues,2020-03-11,Pre-GenAI
Stack Overflow,3973,Draggable JS Bootstrap modal - performance issues,2013-04-08,Pre-GenAI
Stack Overflow,3974,Performance Issue JOGL,2011-12-23,Pre-GenAI
Stack Overflow,3975,Solr Sort Performance issues,2011-10-11,Pre-GenAI
Stack Overflow,3976,Entity Framework 4.1 Performance issues,2011-10-24,Pre-GenAI
Stack Overflow,3977,Vue - Performance issues on table filters?,2021-04-16,Pre-GenAI
Stack Overflow,3978,Hibernate &amp; EHCache performance issue,2017-02-19,Pre-GenAI
Stack Overflow,3979,Performance issues in complex page,2015-03-11,Pre-GenAI
Stack Overflow,3980,Performance issues jsonb in Postgres,2015-12-15,Pre-GenAI
Stack Overflow,3981,Spring startup performance issues,2011-05-10,Pre-GenAI
Stack Overflow,3982,React-Native TSLint config usefull to fix performance issues,2018-11-28,Pre-GenAI
Stack Overflow,3983,Debugging compile time performance issues caused by GHC&#39;s constraint solver,2013-07-24,Pre-GenAI
Stack Overflow,3984,performance issues because too many instances,2021-02-17,Pre-GenAI
Stack Overflow,3985,array vs.list performance issue,2012-01-09,Pre-GenAI
Stack Overflow,3986,SVN Performance Issues with IPV6,2012-07-06,Pre-GenAI
Stack Overflow,3987,JavaFX and Swing performance issues,2015-08-07,Pre-GenAI
Stack Overflow,3988,Are there any performance issues if an sql query contains lot of joins?,2009-09-11,Pre-GenAI
Stack Overflow,3989,Swiper.js Forced Reflow performance issues when responsive,2020-03-12,Pre-GenAI
Stack Overflow,3990,Liferay performance issue,2014-11-26,Pre-GenAI
Stack Overflow,3991,SwiftUI - ObservableObject performance issues,2019-11-25,Pre-GenAI
Stack Overflow,3992,ExtJS 4.1.0 grid performance issue,2013-10-23,Pre-GenAI
Stack Overflow,3993,JS Performance issues in Safari,2013-10-28,Pre-GenAI
Stack Overflow,3994,Application Performance issues due to multiple JRE versions,2015-08-26,Pre-GenAI
Stack Overflow,3995,ASP.NET Performance Issue,2010-05-20,Pre-GenAI
Stack Overflow,3996,Will Oracle Trigger cause performance issues,2014-12-17,Pre-GenAI
Stack Overflow,3998,Xcode 10.2.1 Performance Issues,2019-05-24,Pre-GenAI
Stack Overflow,3999,Performance issue on 19c,2019-12-30,Pre-GenAI
Stack Overflow,4000,Does boxing cause performance issues? How can I prevent boxing?,2015-06-18,Pre-GenAI
Stack Overflow,4001,Angular: Running ngcc causing performance issues in VSCode,2021-02-19,Pre-GenAI
Stack Overflow,4002,cross-browser gradients: browser performance issues?,2013-03-18,Pre-GenAI
Stack Overflow,4003,Flex Mobile - TileLayout performance issues,2012-04-05,Pre-GenAI
Stack Overflow,4004,Android Performance issues with ViewHolder,2013-08-26,Pre-GenAI
Stack Overflow,4005,Performance issue with c# ToList(),2020-04-07,Pre-GenAI
Stack Overflow,4006,ASPX CMS - performance issues,2009-11-09,Pre-GenAI
Stack Overflow,4008,What is different styled(component) and styled(tagname) in performance issues of react?,2019-03-18,Pre-GenAI
Stack Overflow,4010,How can i check view performance issues after database migration?,2017-09-25,Pre-GenAI
Stack Overflow,4011,MYSQL View Query Performance Issue,2021-04-15,Pre-GenAI
Stack Overflow,4012,Linq to object Performance issue?,2013-02-04,Pre-GenAI
Stack Overflow,4013,Do Orphaned object in java lead to performance Issues,2015-10-29,Pre-GenAI
Stack Overflow,4014,There are performance issues combining VueJS and Django?,2019-06-03,Pre-GenAI
Stack Overflow,4015,Android: ListView in HorizontalScrollView performance issues,2011-10-07,Pre-GenAI
Stack Overflow,4016,SQL Server variable Table or index causing performance issues,2019-10-25,Pre-GenAI
Stack Overflow,4017,Performance issues in T-SQL function,2016-02-17,Pre-GenAI
Stack Overflow,4018,Performance issue with PrimeNG TurboTable,2018-01-19,Pre-GenAI
Stack Overflow,4019,Performance issue with tableView inside CollectionViewcell,2016-06-20,Pre-GenAI
Stack Overflow,4020,Performance Issues when Upgrading OpenJPA to Hibernate,2021-11-17,Pre-GenAI
Stack Overflow,4021,MongoDB with .NetCore2 performance issue,2018-04-12,Pre-GenAI
Stack Overflow,4022,Ionic 2 scroll performance issues,2016-12-21,Pre-GenAI
Stack Overflow,4023,performance issues when using mysql_query with mysql_fetch_row,2014-09-10,Pre-GenAI
Stack Overflow,4024,Suggestionbox performance issue,2010-08-25,Pre-GenAI
Stack Overflow,4025,performance issues in shell script,2016-12-20,Pre-GenAI
Stack Overflow,4026,ADO.NET OracleCommandBuilder performance issue,2009-04-29,Pre-GenAI
Stack Overflow,4027,Performance issues with JQGrid on INIT and on RELOAD,2014-09-02,Pre-GenAI
Stack Overflow,4028,Silverlight 4 nested ListBox controls performance issue,2011-02-08,Pre-GenAI
Stack Overflow,4029,DataGridView CellFormatting performance issue,2016-09-04,Pre-GenAI
Stack Overflow,4030,Node.js / Redis / Socket.IO performance issues,2014-05-30,Pre-GenAI
Stack Overflow,4031,Performance issue with timestamp in MySql,2016-02-11,Pre-GenAI
Stack Overflow,4032,Performance issues accessing SharedValue in react-native-reanimated 2.0,2021-09-15,Pre-GenAI
Stack Overflow,4033,Performance Issues with Include in Entity Framework,2015-06-02,Pre-GenAI
Stack Overflow,4034,ActiveRecord alternatives to limit due to performance issues,2020-01-04,Pre-GenAI
Stack Overflow,4035,Android performance issues with SDK 5.4.0 GA?,2016-08-20,Pre-GenAI
Stack Overflow,4036,Android - Are there serious performance issues with sending a localbroadcast every half second?,2016-04-05,Pre-GenAI
Stack Overflow,4037,Firestore - Do identical indexed field values could cause performance issues?,2020-05-21,Pre-GenAI
Stack Overflow,4038,Does installing more R packages lead to performance issues,2012-01-04,Pre-GenAI
Stack Overflow,4039,Isabelle: performance issues with version Isabelle2013-2,2014-01-12,Pre-GenAI
Stack Overflow,4041,Performance issue with zClip and multiple buttons,2013-08-13,Pre-GenAI
Stack Overflow,4042,Performance issues without using await for a async function,2021-04-07,Pre-GenAI
Stack Overflow,4043,Does import everything from Java enum package leads to performance issues?,2018-04-04,Pre-GenAI
Stack Overflow,4044,ASP.net profiling and performance issue,2015-02-03,Pre-GenAI
Stack Overflow,4045,SQL subquery and join performance issue,2012-11-09,Pre-GenAI
Stack Overflow,4046,Performance issues plotting multiple geoms on ggplot2,2013-06-17,Pre-GenAI
Stack Overflow,4047,Performance issues with Symfony2 and Azure Websites,2014-06-10,Pre-GenAI
Stack Overflow,4048,WPF Performance issue with ItemsControl,2013-07-30,Pre-GenAI
Stack Overflow,4049,Firebase admin sdk java performance issue,2020-06-24,Pre-GenAI
Stack Overflow,4050,Performance issues about Z3 for Java,2014-06-12,Pre-GenAI
Stack Overflow,4051,Are there performance issues storing files in PostgreSQL?,2012-03-07,Pre-GenAI
Stack Overflow,4052,doSNOW/foreach Performance Issues,2012-07-20,Pre-GenAI
Stack Overflow,4054,Performance issue in Websphere8.5,2017-12-05,Pre-GenAI
Stack Overflow,4055,WPF Active Directory Calls performance issues,2014-12-12,Pre-GenAI
Stack Overflow,4056,JdbcChannelMessageStore performance issue on PostgreSQL,2020-03-01,Pre-GenAI
Stack Overflow,4057,neo4j performance issues with many OR clauses,2020-11-06,Pre-GenAI
Stack Overflow,4059,Customer SQLServer installations - how to prevent performance issues,2017-11-30,Pre-GenAI
Stack Overflow,4060,Java2D and ThinClients - Performance issue,2012-04-26,Pre-GenAI
Stack Overflow,4061,Performance issues with Material-ui v5.0.6 and Meteor,2021-11-13,Pre-GenAI
Stack Overflow,4062,Performance issues when declaring variable,2014-05-05,Pre-GenAI
Stack Overflow,4063,Are there performance issues on sending different number types as parameter to a method?,2016-07-16,Pre-GenAI
Stack Overflow,4064,XSLT performance issue with large data,2015-02-19,Pre-GenAI
Stack Overflow,4065,AngularJS : Why ng-bind is better than {{}} in angular?,2013-04-20,Pre-GenAI
Stack Overflow,4066,Light 2D and Performance issues,2016-12-04,Pre-GenAI
Stack Overflow,4067,Performance issues with Core Graphics,2013-05-07,Pre-GenAI
Stack Overflow,4069,Query performance issue,2016-09-21,Pre-GenAI
Stack Overflow,4070,react-native-webview performance issues when rendering html string,2019-06-21,Pre-GenAI
Stack Overflow,4071,HighCharts performance issue and alternative,2012-09-09,Pre-GenAI
Stack Overflow,4072,Performance issues with using localStorage / sessionStorage?,2020-09-15,Pre-GenAI
Stack Overflow,4074,Jquery scroll event causing performance issues,2013-02-02,Pre-GenAI
Stack Overflow,4075,Avoid performance issues when adding onscroll manipulations,2019-09-02,Pre-GenAI
Stack Overflow,4076,SKLightNode performance issues,2014-08-15,Pre-GenAI
Stack Overflow,4077,Performance issues with Cassandra MaterializedViews,2016-12-08,Pre-GenAI
Stack Overflow,4078,NodeJS + Mongodb performance issues,2012-11-19,Pre-GenAI
Stack Overflow,4079,When should I really use noexcept?,2012-05-28,Pre-GenAI
Stack Overflow,4080,React Native componentDidMount lifecycle performance issue,2019-08-03,Pre-GenAI
Stack Overflow,4081,Performance issue with/without parameters,2012-09-17,Pre-GenAI
Stack Overflow,4082,Testing an Oracle database for common bugs/performance issues?,2010-01-27,Pre-GenAI
Stack Overflow,4083,R - performance issue writing XML,2013-06-10,Pre-GenAI
Stack Overflow,4084,Performance issue in using SELECT *?,2009-01-28,Pre-GenAI
Stack Overflow,4085,WIA performance issues,2011-03-20,Pre-GenAI
Stack Overflow,4086,Does using Custom Objects in Cloud Firestore cause performance issues?,2020-09-06,Pre-GenAI
Stack Overflow,4087,"Performance issues with EF, Linq, and Telerik",2013-10-11,Pre-GenAI
Stack Overflow,4088,Performance Issues with Boolean List of Data in Firebase,2016-08-04,Pre-GenAI
Stack Overflow,4089,CSS transition performance issues on mobile,2020-01-01,Pre-GenAI
Stack Overflow,4090,Oracle CTE performance issue,2014-03-19,Pre-GenAI
Stack Overflow,4091,Can a DBA find performance issues just from reading the TSQL code?,2010-10-05,Pre-GenAI
Stack Overflow,4092,MySQL performance issues using ORDER by,2012-05-28,Pre-GenAI
Stack Overflow,4093,Google Maps v3 performance issues,2016-03-17,Pre-GenAI
Stack Overflow,4094,IEnumerable to List performance issue,2014-03-09,Pre-GenAI
Stack Overflow,4095,angular.js performance issues,2013-01-23,Pre-GenAI
Stack Overflow,4096,Performance Issues with newFixedThreadPool vs newSingleThreadExecutor,2013-04-20,Pre-GenAI
Stack Overflow,4097,Android Debug Bridge(ADB) performance issues,2022-03-02,Pre-GenAI
Stack Overflow,4098,Prestashop Performance Issue,2014-02-21,Pre-GenAI
Stack Overflow,4099,MongoDB query performance issues lock data use function,2015-03-31,Pre-GenAI
Stack Overflow,4100,Gradle&#39;s Scala Zinc compiler performance issues,2016-09-07,Pre-GenAI
Stack Overflow,4101,Performance issue on Python,2015-10-06,Pre-GenAI
Stack Overflow,4102,Pagination in SQL - Performance issue,2013-10-01,Pre-GenAI
Stack Overflow,4103,WebSphere OpenJPA performance issue,2016-02-15,Pre-GenAI
Stack Overflow,4104,Trident 4 issues with jquery (performance),2011-06-22,Pre-GenAI
Stack Overflow,4105,Highstock performance issue,2013-03-01,Pre-GenAI
Stack Overflow,4106,Nest performance issue,2016-05-22,Pre-GenAI
Stack Overflow,4108,HorizontalListView performance issues : Calls inflates for every subview,2013-05-06,Pre-GenAI
Stack Overflow,4109,DocumentDB performance issues,2015-10-12,Pre-GenAI
Stack Overflow,4110,AVAssetImageGenerator performance issue,2015-04-28,Pre-GenAI
Stack Overflow,4111,Are there security/performance issues with backporting Java code from 1.8 to 1.5?,2015-04-24,Pre-GenAI
Stack Overflow,4112,Performance issues when using VueJS with HighCharts,2019-02-07,Pre-GenAI
Stack Overflow,4113,Canvas5 performance issues drawing multiple lines,2015-05-13,Pre-GenAI
Stack Overflow,4114,docker-compose tty performance issues,2021-04-16,Pre-GenAI
Stack Overflow,4115,Performance issues in AngularJS 1.0.7 and angular-translate,2018-05-09,Pre-GenAI
Stack Overflow,4116,performance issue in arraylist.add(objects),2014-03-08,Pre-GenAI
Stack Overflow,4117,Performance issues when updating UI without checking InvokeRequired first?,2009-03-12,Pre-GenAI
Stack Overflow,4118,Performance Issues KineticJS,2012-05-08,Pre-GenAI
Stack Overflow,4119,Performance Issue with QClipboard Class,2021-04-22,Pre-GenAI
Stack Overflow,4120,Akka Performance issue,2016-03-08,Pre-GenAI
Stack Overflow,4121,CSS Performance issues,2009-01-07,Pre-GenAI
Stack Overflow,4123,Google Maps API Requests Performance Issues,2012-07-17,Pre-GenAI
Stack Overflow,4124,Dealing with deque block size causing performance issues,2012-12-21,Pre-GenAI
Stack Overflow,4125,Decoupling Monolith Without Introducing Performance Issues,2020-02-11,Pre-GenAI
Stack Overflow,4126,Performance issues when using iterators?,2011-04-15,Pre-GenAI
Stack Overflow,4127,CSS animation performance issues using SVG drop-shadow filter,2013-10-24,Pre-GenAI
Stack Overflow,4128,How do I manage MongoDB connections in a Node.js web application?,2012-05-18,Pre-GenAI
Stack Overflow,4129,PHP deprecated functions will make performance issues?,2014-01-09,Pre-GenAI
Stack Overflow,4130,"how to load JS,CSS files dynamically to avoid performance issues",2011-02-02,Pre-GenAI
Stack Overflow,4131,Diffable datasource performance issues with &gt; 20K rows,2021-08-25,Pre-GenAI
Stack Overflow,4132,Performance Issue With UIKit Dynamics,2014-06-25,Pre-GenAI
Stack Overflow,4133,Polybase performance issues,2017-04-07,Pre-GenAI
Stack Overflow,4134,Entity Framework Performance Issue,2011-09-13,Pre-GenAI
Stack Overflow,4135,SQLite transactionscope performance issue,2013-05-10,Pre-GenAI
Stack Overflow,4136,Does node-webkit have performance issues with css filters?,2014-12-05,Pre-GenAI
Stack Overflow,4137,Ruby and Timeout.timeout performance issue,2012-01-08,Pre-GenAI
Stack Overflow,4138,Performance issues of second/third/etc factorial program,2020-06-27,Pre-GenAI
Stack Overflow,4139,linq-to-sql performance issues when binding to custom models,2011-12-09,Pre-GenAI
Stack Overflow,4140,Tab content with performance issue,2019-06-03,Pre-GenAI
Stack Overflow,4142,Flutter - SQflite : Performance issues while bulk insertion,2022-07-12,Pre-GenAI
Stack Overflow,4143,CGImageRef or CGImageMaskCreate performance issue,2013-03-05,Pre-GenAI
Stack Overflow,4144,Performance Issue with IN operator in SQL,2021-06-03,Pre-GenAI
Stack Overflow,4145,Unity Navmesh Performance Issue,2021-05-17,Pre-GenAI
Stack Overflow,4146,QML performance issue,2021-03-14,Pre-GenAI
Stack Overflow,4147,Java ssl performance issue in connection with downloads,2015-07-15,Pre-GenAI
Stack Overflow,4148,Setting prototype and performance issues,2017-10-27,Pre-GenAI
Stack Overflow,4149,ANTLR4 performance issue,2016-07-10,Pre-GenAI
Stack Overflow,4150,requestAnimationFrame() performance issue,2016-11-10,Pre-GenAI
Stack Overflow,4151,UIImageview performance issue,2012-01-11,Pre-GenAI
Stack Overflow,4152,Siddhi Send Performance Issues - Embedded,2017-05-17,Pre-GenAI
Stack Overflow,4153,"Get-ChildItem on Multiple Computers, Performance Issues",2021-12-27,Pre-GenAI
Stack Overflow,4154,ReactJS: Warning: setState(...): Cannot update during an existing state transition,2016-05-23,Pre-GenAI
Stack Overflow,4155,Unexpected performance issue,2018-04-13,Pre-GenAI
Stack Overflow,4156,Performance issue with ag-grid,2020-07-07,Pre-GenAI
Stack Overflow,4157,JSXGraph performance issue,2015-05-20,Pre-GenAI
Stack Overflow,4158,Stored procedure performance issue - live example,2016-10-27,Pre-GenAI
Stack Overflow,4159,"Declaring variables inside loops, good practice or bad practice?",2011-10-31,Pre-GenAI
Stack Overflow,4160,"Android: Read Image (Jpeg) and show on ImageView, Performance Issues",2016-09-21,Pre-GenAI
Stack Overflow,4161,Performance issue: Java vs C++,2014-07-23,Pre-GenAI
Stack Overflow,4162,Performance Issues When Using Many CALayer Masks,2013-06-11,Pre-GenAI
Stack Overflow,4163,Performance issues when upgrading from ruby 1.9.3 to 2.2.2,2016-06-01,Pre-GenAI
Stack Overflow,4164,Potentials performance issues with scala and elasticsearch,2014-03-31,Pre-GenAI
Stack Overflow,4165,Performance issues with ActiveMQ Artemis and Spring JmsTemplate,2020-12-08,Pre-GenAI
Stack Overflow,4166,C++ function performance issue,2018-03-29,Pre-GenAI
Stack Overflow,4167,Performance issue in Android MapView,2012-06-26,Pre-GenAI
Stack Overflow,4168,Performance issue on Service bus queue,2020-09-09,Pre-GenAI
Stack Overflow,4169,Performance issues if MapComponent state is updated,2021-03-02,Pre-GenAI
Stack Overflow,4171,Performance issue on custom font TextView,2013-03-11,Pre-GenAI
Stack Overflow,4172,Entity framework sp_executesql performance issue,2015-09-17,Pre-GenAI
Stack Overflow,4173,String class Performance Issue,2017-04-11,Pre-GenAI
Stack Overflow,4174,react.js indexDB large data store.put performance issues,2021-01-14,Pre-GenAI
Stack Overflow,4175,Microsoft Access and SQL Azure Performance Issue,2013-04-23,Pre-GenAI
Stack Overflow,4176,Comet performance issue,2012-04-22,Pre-GenAI
Stack Overflow,4177,Adding a where clause like &#39;%%&#39; cause any performance issues?,2016-12-30,Pre-GenAI
Stack Overflow,4178,Asp.net Mvc 2 DisplayFor Performance Issue?,2009-11-10,Pre-GenAI
Stack Overflow,4179,iOS11 Beta 8 | MapKit cluster performance issues 900+ Annotations,2017-08-28,Pre-GenAI
Stack Overflow,4180,Replication and Default Trace performance issues,2011-05-19,Pre-GenAI
Stack Overflow,4181,Grails connection-pooling performance issues,2014-11-17,Pre-GenAI
Stack Overflow,4182,Vertex Array Performance Issues,2012-06-17,Pre-GenAI
Stack Overflow,4183,Performance issues with IndexedDB storing 250kB/s streaming data,2015-06-06,Pre-GenAI
Stack Overflow,4184,Query Performance Issue in Linq,2022-09-27,Pre-GenAI
Stack Overflow,4185,Performance issues - Visible and RightToLeft in Winforms C#,2011-07-27,Pre-GenAI
Stack Overflow,4186,Performance issues with TeamCity after Ubuntu upgrade to 15.04,2015-10-16,Pre-GenAI
Stack Overflow,4187,Java Applet - Image Export Performance Issues,2009-02-19,Pre-GenAI
Stack Overflow,4188,Is using `@code_lowered` an effective way to troubleshoot performance issues in Julia?,2019-09-27,Pre-GenAI
Stack Overflow,4190,Performance issues with angular web application used on a touchscreen,2015-06-30,Pre-GenAI
Stack Overflow,4191,Sitecore 8.2 Performance issue / crash,2016-11-11,Pre-GenAI
Stack Overflow,4192,UIScrollView performance issues,2011-05-30,Pre-GenAI
Stack Overflow,4193,What are common sources of PhoneGap with jQuery Mobile performance issues?,2011-10-24,Pre-GenAI
Stack Overflow,4194,Performance issues with repeated calls to ConfigurationManager.AppSettings to get appsetting values?,2011-07-22,Pre-GenAI
Stack Overflow,4195,Performance issue in Xpath grammar file using antlr,2020-05-31,Pre-GenAI
Stack Overflow,4196,Running gather table statistics multiple times inside a package causes Performance Issues,2021-04-05,Pre-GenAI
Stack Overflow,4197,performance issues with passing in a method as a parameter?,2011-11-28,Pre-GenAI
Stack Overflow,4198,Oracle 12c performance issue,2017-11-12,Pre-GenAI
Stack Overflow,4199,IUpdateSearcher performance issues,2015-12-03,Pre-GenAI
Stack Overflow,4200,Influxdb performance issue,2017-12-31,Pre-GenAI
Stack Overflow,4201,Performance issues : Kafka + Storm + Trident + OpaqueTridentKafkaSpout,2014-07-01,Pre-GenAI
Stack Overflow,4202,SQL Server Latches and their indication of performance issues,2009-12-14,Pre-GenAI
Stack Overflow,4203,How to diagnose performance issues inside mongodb by using mongostats,2011-01-21,Pre-GenAI
Stack Overflow,4204,Performance Issue with Java Code,2017-06-13,Pre-GenAI
Stack Overflow,4205,SQL Sub-Query performance issue,2012-10-22,Pre-GenAI
Stack Overflow,4206,Database Performance issues with Sonata Admin entity listing,2017-08-31,Pre-GenAI
Stack Overflow,4207,Does different collation between the database and columns cause performance issues?,2018-02-26,Pre-GenAI
Stack Overflow,4208,Postgres on AWS performance issues on filter or aggregate,2013-12-20,Pre-GenAI
Stack Overflow,4209,Regarding performance issues for usage of memory stream in c#,2010-10-05,Pre-GenAI
Stack Overflow,4210,Performance issues with angular 4 and PrimeNG datagrid,2018-01-03,Pre-GenAI
Stack Overflow,4211,PHP performance issue,2014-12-27,Pre-GenAI
Stack Overflow,4212,Performance issue in CP-SAT,2019-09-17,Pre-GenAI
Stack Overflow,4213,"Parsing HTML on Android, major performance issues",2011-10-26,Pre-GenAI
Stack Overflow,4214,Sqlite3 performance issues with single row UPDATE,2017-08-16,Pre-GenAI
Stack Overflow,4215,Best practice for using assert?,2009-06-03,Pre-GenAI
Stack Overflow,4216,NSFetchedResultsController performance issues,2013-03-27,Pre-GenAI
Stack Overflow,4217,Use of CoreGraphics Loop Draw Creating Performance Issues,2013-03-19,Pre-GenAI
Stack Overflow,4218,Performance issues using DialContext in Go,2020-05-28,Pre-GenAI
Stack Overflow,4219,React native application starting performance issue,2018-09-25,Pre-GenAI
Stack Overflow,4220,Troubleshooting performance issues with capybara and poltergeist,2014-07-23,Pre-GenAI
Stack Overflow,4221,Optimization and performance issue,2019-02-06,Pre-GenAI
Stack Overflow,4223,Performance issues with aspNetCompatibilityEnabled WCF service called from jQuery,2012-08-14,Pre-GenAI
Stack Overflow,4224,Performance issues wordpress,2022-09-02,Pre-GenAI
Stack Overflow,4225,Performance issues with Sonata Admin entity listing,2014-04-16,Pre-GenAI
Stack Overflow,4226,What is dirty read? And How does it hinder the performance issues?,2014-05-29,Pre-GenAI
Stack Overflow,4227,Java Graphics drawline performance issues,2015-07-22,Pre-GenAI
Stack Overflow,4228,Performance issue with sqlite,2012-10-17,Pre-GenAI
Stack Overflow,4229,ASP Classic Performance Issue,2011-07-13,Pre-GenAI
Stack Overflow,4230,Does CakePHP 2.x fix performance issues with deep nested containable queries,2012-12-14,Pre-GenAI
Stack Overflow,4232,Performance issue due to include statement in Entity Framework,2017-10-06,Pre-GenAI
Stack Overflow,4233,Performance issue with PDFAnnotation IOS PDFKIT,2021-01-01,Pre-GenAI
Stack Overflow,4234,Major Performance Issues with yaml-cpp,2018-06-16,Pre-GenAI
Stack Overflow,4235,libipq performance issues,2013-02-05,Pre-GenAI
Stack Overflow,4236,Can growing/shrinking documents cause performance issues in WiredTiger,2016-08-25,Pre-GenAI
Stack Overflow,4237,Performance Issue in R,2016-05-22,Pre-GenAI
Stack Overflow,4238,PHP: Xdebug performance issue,2015-06-03,Pre-GenAI
Stack Overflow,4239,Silverlight 5: Terrible Performance Issues with DropShadowEffect,2012-02-09,Pre-GenAI
Stack Overflow,4240,Flutter App having performance issues after playstore push,2021-10-11,Pre-GenAI
Stack Overflow,4241,Are there performance issues of being a client of your own API?,2012-04-21,Pre-GenAI
Stack Overflow,4242,postgresql performance issues,2015-07-15,Pre-GenAI
Stack Overflow,4243,OnRender Performance issues,2010-09-17,Pre-GenAI
Stack Overflow,4244,Tkinter Performance Issues - Follow Up,2020-05-21,Pre-GenAI
Stack Overflow,4245,Symfony2 and Twig render performance issues,2012-03-25,Pre-GenAI
Stack Overflow,4246,Node.js &amp; MongoDB performance issues,2012-08-23,Pre-GenAI
Stack Overflow,4247,Performance Issue with collate SQL_Latin1_General_CP1_CI_AS,2021-06-10,Pre-GenAI
Stack Overflow,4248,Gridstack.js Drag&#39;n&#39;Drop performance issues,2019-06-18,Pre-GenAI
Stack Overflow,4249,Mono multiprocessing performance issue,2013-07-09,Pre-GenAI
Stack Overflow,4250,ELK for spring boot application using docker - performance issues,2016-06-29,Pre-GenAI
Stack Overflow,4251,Performance issues between Windows Mobile and Windows CE?,2011-02-24,Pre-GenAI
Stack Overflow,4252,Qt QDomElement performance issue,2012-07-21,Pre-GenAI
Stack Overflow,4254,Performance Issues in PostgreSQL,2019-05-15,Pre-GenAI
Stack Overflow,4255,What server performance issues do low-bandwidh clients cause?,2009-08-21,Pre-GenAI
Stack Overflow,4256,MySQL/Magento Performance issues on Amazon EC2,2012-05-23,Pre-GenAI
Stack Overflow,4257,&quot;Select case&quot; performance issue,2016-05-11,Pre-GenAI
Stack Overflow,4258,Performance issues when initializing each class member?,2018-02-19,Pre-GenAI
Stack Overflow,4259,Akka Remote Performance issue,2020-10-16,Pre-GenAI
Stack Overflow,4260,performance issues executing list of stored procedures,2015-06-22,Pre-GenAI
Stack Overflow,4261,iOS: Potential performance issue caused by Auto Layout,2016-07-16,Pre-GenAI
Stack Overflow,4262,threading.Lock() performance issues,2016-09-18,Pre-GenAI
Stack Overflow,4263,Memory management with ARC - performance issue,2011-11-06,Pre-GenAI
Stack Overflow,4264,Phabricator performance issues,2014-10-01,Pre-GenAI
Stack Overflow,4265,PHP MySQL - Update 6.5m rows performance issues,2017-09-06,Pre-GenAI
Stack Overflow,4266,JavaScript for loop performance issue,2020-10-23,Pre-GenAI
Stack Overflow,4267,Python multi-threading performance issue related to start(),2016-09-06,Pre-GenAI
Stack Overflow,4268,Big performance issues/crashing using backbone on mobile phones,2012-10-23,Pre-GenAI
Stack Overflow,4270,Performance issues in writing to large files?,2010-09-12,Pre-GenAI
Stack Overflow,4271,Performance Issues with Count(*) in SQL Server,2012-08-01,Pre-GenAI
Stack Overflow,4272,Performance issue in umbraco 4.7.1,2012-07-26,Pre-GenAI
Stack Overflow,4273,jQuery Performance Issue,2015-09-30,Pre-GenAI
Stack Overflow,4274,Jest performance issues,2019-10-02,Pre-GenAI
Stack Overflow,4275,Javascript performance issue with loop,2012-08-07,Pre-GenAI
Stack Overflow,4277,Android: inflate layout multiple times causes performance issues,2014-05-22,Pre-GenAI
Stack Overflow,4278,Angular2 ng-for performance issue,2016-08-31,Pre-GenAI
Stack Overflow,4279,JavaFX performance issues with ImagePattern on canvas,2021-03-27,Pre-GenAI
Stack Overflow,4280,Performance issue with &quot;Measure&quot;,2012-07-27,Pre-GenAI
Stack Overflow,4281,JGit Performance Issue,2014-03-05,Pre-GenAI
Stack Overflow,4282,MySql - is possible that performance issues are caused by dynamic SQL?,2013-11-06,Pre-GenAI
Stack Overflow,4283,Performance issues with java.util.Calendar,2017-04-21,Pre-GenAI
Stack Overflow,4284,Performance issues with Kendo Grid (HTML5),2015-10-26,Pre-GenAI
Stack Overflow,4285,JPA: Performance issues due to object relations,2013-05-29,Pre-GenAI
Stack Overflow,4286,WPF column resize performance issues,2009-05-06,Pre-GenAI
Stack Overflow,4287,Which JSON content type do I use?,2009-01-25,Pre-GenAI
Stack Overflow,4288,DeprecationWarning: Buffer() is deprecated due to security and usability issues when I move my scrip,2018-09-04,Pre-GenAI
Stack Overflow,4289,PreparedStatement IN clause alternatives?,2008-10-07,Pre-GenAI
Stack Overflow,4290,monotouch security issues,2013-04-09,Pre-GenAI
Stack Overflow,4291,JSON security issues?,2009-07-21,Pre-GenAI
Stack Overflow,4292,BDC Security Issues,2010-04-13,Pre-GenAI
Stack Overflow,4293,Socket.io Security Issues,2011-09-16,Pre-GenAI
Stack Overflow,4294,Socket communication Security issues,2009-09-30,Pre-GenAI
Stack Overflow,4295,Security Issues with HTTP_RAW_POST_DATA,2012-05-28,Pre-GenAI
Stack Overflow,4296,Git Security Issues,2014-01-10,Pre-GenAI
Stack Overflow,4297,PHPSESSID security issues?,2010-12-14,Pre-GenAI
Stack Overflow,4298,How should I ethically approach user password storage for later plaintext retrieval?,2010-02-17,Pre-GenAI
Stack Overflow,4299,PHP functions - Security issues?,2017-02-21,Pre-GenAI
Stack Overflow,4300,What are the security issues with diaspora?,2010-10-05,Pre-GenAI
Stack Overflow,4301,security issues with JSON.parse,2015-08-25,Pre-GenAI
Stack Overflow,4302,Rails I18n validation deprecation warning,2013-12-03,Pre-GenAI
Stack Overflow,4303,What are security issues in asp.net mvc?,2010-09-24,Pre-GenAI
Stack Overflow,4304,What security issues exist with this strncpy?,2012-06-01,Pre-GenAI
Stack Overflow,4305,Image Uploading - security issues,2010-04-07,Pre-GenAI
Stack Overflow,4306,the body of mail security issues,2011-08-28,Pre-GenAI
Stack Overflow,4307,Gson - security issue?,2016-10-10,Pre-GenAI
Stack Overflow,4308,Node.js Express Framework Security Issues,2013-01-30,Pre-GenAI
Stack Overflow,4309,security issues in ASP EnableEventValidation,2012-05-15,Pre-GenAI
Stack Overflow,4311,CVE Security Issues JBoss7,2017-01-12,Pre-GenAI
Stack Overflow,4312,Are there any security issues leaving the PDB debug files on the live servers?,2009-06-01,Pre-GenAI
Stack Overflow,4313,php/mysql app security issues?,2010-09-24,Pre-GenAI
Stack Overflow,4314,Security issues on viewstate,2013-06-04,Pre-GenAI
Stack Overflow,4315,React.js SPA security issues,2017-07-13,Pre-GenAI
Stack Overflow,4316,Does opencart&#39;s security issues affect Paypal&#39;s layer of security?,2011-10-17,Pre-GenAI
Stack Overflow,4317,Ajax Security Question: JQuery ajax() + PHP scandir() = Security Issue?,2009-06-26,Pre-GenAI
Stack Overflow,4318,Using extract() with flag EXTR_SKIP to prevent security issues,2016-03-24,Pre-GenAI
Stack Overflow,4319,Online c# interpreter security issues,2011-03-02,Pre-GenAI
Stack Overflow,4320,Security issues in ajax call,2012-01-30,Pre-GenAI
Stack Overflow,4321,how to resolve security issues in windows service?,2014-05-29,Pre-GenAI
Stack Overflow,4322,Security issues in java spring,2014-07-25,Pre-GenAI
Stack Overflow,4323,Security issues in accepting image uploads,2009-09-28,Pre-GenAI
Stack Overflow,4325,Java 7 security issues information,2012-11-08,Pre-GenAI
Stack Overflow,4326,Security issues. PHP window.location,2013-10-29,Pre-GenAI
Stack Overflow,4327,How can I view network requests (for debugging) in React Native?,2015-11-30,Pre-GenAI
Stack Overflow,4328,Url Rewriting and security issues,2013-12-03,Pre-GenAI
Stack Overflow,4329,Security issues with serving static files through Django?,2013-03-21,Pre-GenAI
Stack Overflow,4330,Are there any known HTA file Security Issues?,2008-11-10,Pre-GenAI
Stack Overflow,4331,is .net caching sensitive data will be dangerous in manner of security or have any security issues?,2012-08-12,Pre-GenAI
Stack Overflow,4332,Security issues with Itsdangerous for session management?,2011-11-07,Pre-GenAI
Stack Overflow,4333,PrestaShop Validator: SQL security issues,2016-12-01,Pre-GenAI
Stack Overflow,4334,Chrome.extension.getURL and AJAX security issues in Chrome extensions,2015-07-06,Pre-GenAI
Stack Overflow,4335,Security Issues with JSONP in jQuery,2011-06-11,Pre-GenAI
Stack Overflow,4336,Web App Security Issues - VB or C#?,2012-08-30,Pre-GenAI
Stack Overflow,4337,Why do browsers present selected files as coming from C:\fakepath\ instead of their true local path?,2011-01-31,Pre-GenAI
Stack Overflow,4338,"Sqlite and Firefox, any security issues?",2015-05-13,Pre-GenAI
Stack Overflow,4339,Nodejs Security Issues,2015-12-20,Pre-GenAI
Stack Overflow,4340,What security issues arise in the absence of a kernel stack?,2019-10-05,Pre-GenAI
Stack Overflow,4341,java security issue,2012-07-22,Pre-GenAI
Stack Overflow,4342,Administrative IT Scripts (security issues),2014-03-05,Pre-GenAI
Stack Overflow,4343,What are the security issues of using User.current_user,2010-10-10,Pre-GenAI
Stack Overflow,4344,security issues in cross domain ajax while using jsonp,2013-02-04,Pre-GenAI
Stack Overflow,4345,security issues in Login registration system using php javascript mysql,2009-12-15,Pre-GenAI
Stack Overflow,4346,Email - Field &quot;From&quot;: Possible security issues,2016-08-29,Pre-GenAI
Stack Overflow,4347,JWT (JSON Web Token) automatic prolongation of expiration,2014-11-04,Pre-GenAI
Stack Overflow,4348,Security issues with PHP&#39;s Readfile method,2011-01-25,Pre-GenAI
Stack Overflow,4349,Security Issues About URL Basic Authentication,2021-02-21,Pre-GenAI
Stack Overflow,4350,Does using `.env` in production have security issues?,2019-11-26,Pre-GenAI
Stack Overflow,4351,Security issues with S3 signed file link,2020-01-14,Pre-GenAI
Stack Overflow,4352,"Loose directory/file permissions: pitfalls, security issues?",2011-03-09,Pre-GenAI
Stack Overflow,4353,API Token Authentication - Security issue,2019-11-25,Pre-GenAI
Stack Overflow,4354,Are the same security issues present when using eval(raw_input()) instead of input()?,2014-09-01,Pre-GenAI
Stack Overflow,4355,is data- attributes posing any security issues?,2018-02-25,Pre-GenAI
Stack Overflow,4356,Security issues in web services implemented using Django?,2011-12-15,Pre-GenAI
Stack Overflow,4357,Does migrating to a newer framework version resolve security issues,2018-09-11,Pre-GenAI
Stack Overflow,4358,CakePHP Security Issue,2013-06-23,Pre-GenAI
Stack Overflow,4359,Security issues of compiling against older JDKs,2010-10-02,Pre-GenAI
Stack Overflow,4360,What is the best way to test a node.js web server for security issues?,2016-01-14,Pre-GenAI
Stack Overflow,4361,Windows Phone 7 Security Issues,2012-01-06,Pre-GenAI
Stack Overflow,4362,Security Issues with Anaconda?,2017-12-28,Pre-GenAI
Stack Overflow,4363,What are security issues in creating file,2013-02-25,Pre-GenAI
Stack Overflow,4364,Thread pool stack security issue,2010-03-19,Pre-GenAI
Stack Overflow,4365,Does port forwarding pose any security issues?,2020-07-06,Pre-GenAI
Stack Overflow,4366,/js/mage cannot be crawled by Google - Security issues?,2014-12-19,Pre-GenAI
Stack Overflow,4367,Security issues from uploading files to the system,2012-10-21,Pre-GenAI
Stack Overflow,4369,Simple explanation of security issues related to input() vs raw_input(),2015-07-02,Pre-GenAI
Stack Overflow,4370,Security Issues in Rails raised by Brakeman,2015-05-17,Pre-GenAI
Stack Overflow,4371,Security Issues with Docusign API,2015-05-11,Pre-GenAI
Stack Overflow,4372,Iframe – let the user pick the src - any security issues?,2010-09-26,Pre-GenAI
Stack Overflow,4373,What are the security issues with letting users upload videos and text documents?,2010-12-06,Pre-GenAI
Stack Overflow,4374,Is there a security issue parsing urls using php,2011-11-21,Pre-GenAI
Stack Overflow,4376,How to handle security issues with FluentPDO in PHP?,2016-01-09,Pre-GenAI
Stack Overflow,4377,Any security issues adding a strong name key to source control for an open source project?,2012-05-06,Pre-GenAI
Stack Overflow,4378,Elasticsearch enable security issues,2020-03-27,Pre-GenAI
Stack Overflow,4379,Security issues surrounding the runtime engine in jbpm 6.1?,2015-10-05,Pre-GenAI
Stack Overflow,4380,Is MD5 still good enough to uniquely identify files?,2010-10-27,Pre-GenAI
Stack Overflow,4381,Security issues I should be aware of with jupyter notebook?,2017-09-07,Pre-GenAI
Stack Overflow,4382,Are there any security issues with enabling CLR on SQL SERVER 2005?,2011-03-30,Pre-GenAI
Stack Overflow,4383,Are there any security issues setting `document.domain = document.domain;`?,2013-03-17,Pre-GenAI
Stack Overflow,4384,"Can&#39;t update alpha channel on Google Play Store for security issue, but no security issues are l",2019-05-20,Pre-GenAI
Stack Overflow,4385,What security issues next.js talks about for next/image?,2022-11-15,Pre-GenAI
Stack Overflow,4386,Security issues of not checking data type,2012-10-21,Pre-GenAI
Stack Overflow,4387,Multiple Domain Security Issues in ASP.NET 4,2011-05-16,Pre-GenAI
Stack Overflow,4388,The exact security issue behind new Buffer(),2020-02-27,Pre-GenAI
Stack Overflow,4389,Security issues in third party HTML content,2013-11-07,Pre-GenAI
Stack Overflow,4390,Security Issues:Maintaining HTTP session only in cookies,2012-04-30,Pre-GenAI
Stack Overflow,4391,Security issue?,2009-09-28,Pre-GenAI
Stack Overflow,4392,AllowOverride security issues,2013-10-30,Pre-GenAI
Stack Overflow,4393,findbugs and database password security issue,2010-06-28,Pre-GenAI
Stack Overflow,4394,How to fix security issue in python?,2017-08-28,Pre-GenAI
Stack Overflow,4395,Getting some Security issues with IIS,2013-11-12,Pre-GenAI
Stack Overflow,4397,"XML file save, potential security issues?",2012-08-06,Pre-GenAI
Stack Overflow,4398,Security issues by using public-read object for s3 images,2019-06-12,Pre-GenAI
Stack Overflow,4399,"Showing external content on site, without security issues",2018-12-12,Pre-GenAI
Stack Overflow,4400,payment gateway (eWay) page in iframe - any security issues?,2010-07-07,Pre-GenAI
Stack Overflow,4401,Webpack security issue - css-loader,2018-05-22,Pre-GenAI
Stack Overflow,4402,GitHub security issue in a repository,2021-08-11,Pre-GenAI
Stack Overflow,4403,codeigniter login system security issue,2015-07-12,Pre-GenAI
Stack Overflow,4404,How can protect PostgREST from sql injection and other security issues?,2016-07-30,Pre-GenAI
Stack Overflow,4405,What are possible security issues in Android,2010-12-12,Pre-GenAI
Stack Overflow,4406,Javascript Widget versues iFrame? Security issues?,2011-11-02,Pre-GenAI
Stack Overflow,4407,Security issues with Wordnik API AS3,2012-08-18,Pre-GenAI
Stack Overflow,4408,Spring Security Issues,2011-06-30,Pre-GenAI
Stack Overflow,4409,Drupal: does removing these lines from .htaccess cause security issues?,2010-05-17,Pre-GenAI
Stack Overflow,4410,Security Issues of App,2012-04-09,Pre-GenAI
Stack Overflow,4411,C++ mysterious code. any security issue?,2011-02-02,Pre-GenAI
Stack Overflow,4412,Android word dictionary security issue,2011-04-11,Pre-GenAI
Stack Overflow,4413,How to fix Java 11 docker image security issues,2022-11-09,Pre-GenAI
Stack Overflow,4414,XPCOM Security issues,2009-11-15,Pre-GenAI
Stack Overflow,4415,Security issues with reading a JS array?,2014-12-05,Pre-GenAI
Stack Overflow,4416,Securitydb.mdw security issues,2011-12-22,Pre-GenAI
Stack Overflow,4417,"CDI and EJB, security issues?",2012-10-22,Pre-GenAI
Stack Overflow,4419,Security issues with mobile app,2014-08-04,Pre-GenAI
Stack Overflow,4420,Are there any known security issues while reading files in Java?,2015-04-16,Pre-GenAI
Stack Overflow,4421,Security issues with CRAN packages,2012-01-14,Pre-GenAI
Stack Overflow,4422,FCKEDITOR security issue,2013-03-11,Pre-GenAI
Stack Overflow,4423,HTML sanitizer using regex &amp; security issues,2010-12-22,Pre-GenAI
Stack Overflow,4424,Deserialization of Untrusted Data in JMS Security Issue,2019-09-03,Pre-GenAI
Stack Overflow,4425,SQL Server : Is it necessary to disable SA user for security issues?,2019-07-18,Pre-GenAI
Stack Overflow,4426,How to deal with old web site with security issues?,2011-02-11,Pre-GenAI
Stack Overflow,4427,does disabling trust evaluation for localhost server add security issue,2018-06-26,Pre-GenAI
Stack Overflow,4428,socketio security issue and differences of socketio and long polling,2015-05-22,Pre-GenAI
Stack Overflow,4429,Firefox Websocket security issue,2012-08-01,Pre-GenAI
Stack Overflow,4430,Will Index Errors Cause Security Issues?,2014-09-16,Pre-GenAI
Stack Overflow,4431,What could be a security issue in this Perl?,2019-01-31,Pre-GenAI
Stack Overflow,4432,Java JDK minor updates regarding Security Issues,2016-05-17,Pre-GenAI
Stack Overflow,4433,Loadrunner and security issues,2013-04-20,Pre-GenAI
Stack Overflow,4434,HTML5 Canvas cross-domain security issue,2012-10-07,Pre-GenAI
Stack Overflow,4435,Security issues with applet,2010-09-13,Pre-GenAI
Stack Overflow,4436,What security issues need to be addressed when working with Google App Engine?,2010-10-06,Pre-GenAI
Stack Overflow,4437,What are the security issues around an open websocket connection?,2013-04-28,Pre-GenAI
Stack Overflow,4438,How to check apk files for common security issues before the deployment?,2017-01-16,Pre-GenAI
Stack Overflow,4439,Using user editable image URL in application. Security issues,2010-05-21,Pre-GenAI
Stack Overflow,4440,Bandit B404 security issue with subprocess import?,2021-10-26,Pre-GenAI
Stack Overflow,4441,Potential security issues with localhost index directory?,2017-08-08,Pre-GenAI
Stack Overflow,4442,Mongo query security issue?,2016-12-10,Pre-GenAI
Stack Overflow,4443,Laravel process component Security issue?,2018-06-19,Pre-GenAI
Stack Overflow,4444,Security issues storing config file in json/CPickle,2012-03-05,Pre-GenAI
Stack Overflow,4445,Symfony 1.4 installation and security issues,2011-10-06,Pre-GenAI
Stack Overflow,4446,Application security issues to consider,2010-05-12,Pre-GenAI
Stack Overflow,4447,ORMs name mapping security issue,2022-06-14,Pre-GenAI
Stack Overflow,4448,Website Security Issues,2011-07-20,Pre-GenAI
Stack Overflow,4449,What security issue is caused by changing the visibility of a fork on Github?,2022-03-12,Pre-GenAI
Stack Overflow,4450,Jenkins configuration and security issues,2016-01-28,Pre-GenAI
Stack Overflow,4451,Security issues with session PHP objects,2020-08-18,Pre-GenAI
Stack Overflow,4452,Is there a collection of old security issues with description and exercising code for the Java platf,2012-01-13,Pre-GenAI
Stack Overflow,4453,Any security issue with sending login data with jQuery?,2013-09-25,Pre-GenAI
Stack Overflow,4454,ParseUser setReadAccess security issue,2014-08-24,Pre-GenAI
Stack Overflow,4455,Security issue - Deserialization of Untrusted Data in JMS,2018-04-16,Pre-GenAI
Stack Overflow,4456,XSLT calls are broken due to security issues,2018-02-26,Pre-GenAI
Stack Overflow,4457,Security Issues: Injecting web3js into the window object of HTML,2022-03-31,Pre-GenAI
Stack Overflow,4458,Moving large swf to S3 causes security issues,2010-10-12,Pre-GenAI
Stack Overflow,4459,Ajax security issues and possible attacks,2011-05-20,Pre-GenAI
Stack Overflow,4460,Security Issues by calling require() with untrusted string (require.js),2015-02-17,Pre-GenAI
Stack Overflow,4462,Java Applet Security Issues,2015-04-01,Pre-GenAI
Stack Overflow,4463,Security Issue on Accessing Remote Image with dompdf,2014-04-27,Pre-GenAI
Stack Overflow,4464,OAuth authentication client side security issues,2015-01-12,Pre-GenAI
Stack Overflow,4465,Will Bouncy castle cause any security issue,2017-11-22,Pre-GenAI
Stack Overflow,4466,Security issues regarding ajax,2012-09-08,Pre-GenAI
Stack Overflow,4468,Logging statement security issue,2017-10-11,Pre-GenAI
Stack Overflow,4469,"Authentication with AngularJS, session management and security issues with REST Api WS",2014-01-01,Pre-GenAI
Stack Overflow,4470,What security issues appear when users can upload their own files?,2009-05-06,Pre-GenAI
Stack Overflow,4471,ASP.NET Bundling and Minification Security Issue,2021-08-12,Pre-GenAI
Stack Overflow,4472,Strange MySQL Popup &quot;Mysql Installer is running community mode&quot;,2014-10-29,Pre-GenAI
Stack Overflow,4473,Elastic Beanstalk CLI security token issues,2018-01-11,Pre-GenAI
Stack Overflow,4474,Resetting ASP.NET password - security issues?,2010-01-27,Pre-GenAI
Stack Overflow,4475,When is this Rack::Protection::FormToken a security issue?,2013-08-23,Pre-GenAI
Stack Overflow,4476,File Upload and Security issues,2012-08-27,Pre-GenAI
Stack Overflow,4477,Security issues with PHP with cPanel and shared hosting,2016-02-03,Pre-GenAI
Stack Overflow,4478,Wordpress Post and Security Issues,2016-03-30,Pre-GenAI
Stack Overflow,4479,"What are the best sources to find news about PHP, Zend Framework, JavaScript security issues",2011-05-18,Pre-GenAI
Stack Overflow,4480,Security Issues with Write Permissions on Web.config,2013-04-03,Pre-GenAI
Stack Overflow,4481,django smart-select security issue,2020-07-01,Pre-GenAI
Stack Overflow,4482,Creating a sandbox/appdomain in asp.net web app - security issues,2013-06-25,Pre-GenAI
Stack Overflow,4483,Where&#39;s the security issue in my file,2013-02-10,Pre-GenAI
Stack Overflow,4484,Security issues regarding links in PHPBB2,2012-04-13,Pre-GenAI
Stack Overflow,4485,android-security ... How do I fix this jquery security alert: &quot;Your app contains one or more li,2022-11-14,Pre-GenAI
Stack Overflow,4487,Security issues in PHP/Sql,2022-07-21,Pre-GenAI
Stack Overflow,4488,"Perl eval, awk system() getline. Both have security issues, Is one safer than another? why?",2014-07-04,Pre-GenAI
Stack Overflow,4490,How to use localStorage without any security issues?,2019-05-14,Pre-GenAI
Stack Overflow,4491,Are there security issues with using ajax to send user objects to server?,2021-08-15,Pre-GenAI
Stack Overflow,4492,Security issues with online-judge,2011-03-16,Pre-GenAI
Stack Overflow,4493,"in general, in javascript, isn&#39;t using innerHTML an [in]security issue?",2015-03-24,Pre-GenAI
Stack Overflow,4494,Will prefixing a namespace to Type.GetType() mitigate security issues?,2020-12-28,Pre-GenAI
Stack Overflow,4495,Jboss security issue CVE-2010-0738,2012-12-29,Pre-GenAI
Stack Overflow,4496,Security issues in Premium Theme,2017-08-25,Pre-GenAI
Stack Overflow,4497,C# - Validating xml file against local .xsd security issues,2018-07-16,Pre-GenAI
Stack Overflow,4498,How can I test SonarQube to see how well it actually works for catching security issues in a spring ,2019-10-08,Pre-GenAI
Stack Overflow,4499,"security issue, when an json element contains html?",2015-08-06,Pre-GenAI
Stack Overflow,4500,WebSphere Java Security Issue :,2016-01-13,Pre-GenAI
Stack Overflow,4501,Data inserted in Website - security issue,2011-01-27,Pre-GenAI
Stack Overflow,4502,Take a screenshot of a webpage with JavaScript?,2008-09-13,Pre-GenAI
Stack Overflow,4503,Security issues regarding a configuration xml file,2012-10-02,Pre-GenAI
Stack Overflow,4504,Security issues with rights to Network Service account,2010-06-01,Pre-GenAI
Stack Overflow,4505,PHP: Can using strlen/mb_strlen incorrectly ever result in security issues?,2014-03-25,Pre-GenAI
Stack Overflow,4506,What security issues may have when Silverlight App in full screen mode?,2011-06-29,Pre-GenAI
Stack Overflow,4507,"Canvas drawImage does not draw in Cordova, security issue?",2014-09-11,Pre-GenAI
Stack Overflow,4508,Iframe Security Issues,2009-07-22,Pre-GenAI
Stack Overflow,4509,mysqlclient-python &amp; security issues,2017-12-19,Pre-GenAI
Stack Overflow,4510,Android security issues,2013-11-01,Pre-GenAI
Stack Overflow,4511,Would a public upload folder be a security issue?,2015-04-04,Pre-GenAI
Stack Overflow,4512,Could not establish trust relationship for SSL/TLS secure channel -- SOAP,2009-03-31,Pre-GenAI
Stack Overflow,4513,Delphi Indy GMail security issues,2015-04-16,Pre-GenAI
Stack Overflow,4514,Are there any possible security issues if I let users upload their own html/css/js files?,2020-06-17,Pre-GenAI
Stack Overflow,4515,Any disadvantages or security issues for having website and databases on separate servers?,2015-12-17,Pre-GenAI
Stack Overflow,4516,What are the common security issues that has to be addressed for Android mobile client app of an web,2013-02-19,Pre-GenAI
Stack Overflow,4517,Security Issue if Javascript evaluated by Java on the Server,2011-05-18,Pre-GenAI
Stack Overflow,4518,Laravel token authentication security issue,2018-10-01,Pre-GenAI
Stack Overflow,4519,What security issues can I possibly run into by having 3rd party RSS feeds on a secure page,2011-04-17,Pre-GenAI
Stack Overflow,4520,Is defining a value in C a security issue?,2016-02-11,Pre-GenAI
Stack Overflow,4521,Security issue of changing type=&quot;password&quot; into type=&quot;text&quot;,2013-06-10,Pre-GenAI
Stack Overflow,4522,isschildwroteandexecuted marked as critical security issue,2022-11-07,Pre-GenAI
Stack Overflow,4523,What are the potential security issues in this implementation of SSO?,2010-02-05,Pre-GenAI
Stack Overflow,4524,Are there any security issues in using environment variables like this?,2012-04-10,Pre-GenAI
Stack Overflow,4525,CoreBluetooth IOS pairing security issues,2022-08-15,Pre-GenAI
Stack Overflow,4526,What is &#39;memory leak&#39; ? It is a performance issue or security issue?,2013-12-23,Pre-GenAI
Stack Overflow,4527,Beanstalkd / Pheanstalk security issue,2016-05-24,Pre-GenAI
Stack Overflow,4528,What security issues should I look out for in PHP,2009-07-22,Pre-GenAI
Stack Overflow,4529,"sendBeacon API not working temporarily due to security issue, any workaround?",2017-07-24,Pre-GenAI
Stack Overflow,4530,How to overcome this security issue,2011-06-09,Pre-GenAI
Stack Overflow,4531,"Security issues with three browsers (Chrome, Edge, Firefox) and websockets using autobahn",2017-11-15,Pre-GenAI
Stack Overflow,4532,Django i18n External Redirect security issue,2022-04-25,Pre-GenAI
Stack Overflow,4533,zf2 captcha validation security issue,2014-11-11,Pre-GenAI
Stack Overflow,4534,security issues using azure remoteapp,2015-12-16,Pre-GenAI
Stack Overflow,4535,Security issues with opening a Socket with a url and port of an external machine to play streaming a,2016-03-21,Pre-GenAI
Stack Overflow,4536,Is letting users access cookies through javascript a security issue,2016-04-08,Pre-GenAI
Stack Overflow,4537,Are server 500 errors a security issue?,2013-11-12,Pre-GenAI
Stack Overflow,4538,Java script in IFRAME security issues,2011-06-18,Pre-GenAI
Stack Overflow,4539,"HttpContext.Current.RewritePath(Request.ApplicationPath, false); asp.net MVC security issue",2011-02-03,Pre-GenAI
Stack Overflow,4540,Security issues with PHP Sandbox,2012-03-25,Pre-GenAI
Stack Overflow,4541,How to resolve Vulnerable Named Pipes security issues in attach surface analyzer report?,2019-06-18,Pre-GenAI
Stack Overflow,4542,HTML5 Canvas getImageData - Security Issue,2013-04-02,Pre-GenAI
Stack Overflow,4543,AJAX Security Issue,2013-05-03,Pre-GenAI
Stack Overflow,4544,SPA OpenID Connect Security Issues,2017-09-27,Pre-GenAI
Stack Overflow,4545,Spring security issue,2013-03-28,Pre-GenAI
Stack Overflow,4546,Potential security issue with md5 filename,2018-11-27,Pre-GenAI
Stack Overflow,4547,using Go linter with security issue,2020-09-06,Pre-GenAI
Stack Overflow,4548,S3 upload image file security issue,2014-07-05,Pre-GenAI
Stack Overflow,4549,Did Not Connect: Potential Security Issue laravel localhost on mac,2019-08-17,Pre-GenAI
Stack Overflow,4550,"asp.net security issue, customErrors",2010-09-21,Pre-GenAI
Stack Overflow,4551,Security Issue while using js amcharts with PHP,2017-11-09,Pre-GenAI
Stack Overflow,4552,Security issues in accepting passwords vs auto generating the password,2011-01-01,Pre-GenAI
Stack Overflow,4553,Security issue: Parsing HTML with XMLHttpRequest?,2018-06-08,Pre-GenAI
Stack Overflow,4554,Web Application Login Authentication and Security Issue,2014-09-12,Pre-GenAI
Stack Overflow,4555,Django template tags security issue,2016-02-02,Pre-GenAI
Stack Overflow,4556,CordovaWebViewImpl security issue,2015-06-12,Pre-GenAI
Stack Overflow,4557,SpringBoot @WebMvcTest security issue,2017-07-15,Pre-GenAI
Stack Overflow,4558,Security Issues ASP.NET integrated Authentication,2012-03-04,Pre-GenAI
Stack Overflow,4560,How to fix &quot;Trust boundary violation -Security Issue&quot; in Coverity (Security Tool similar t,2019-09-25,Pre-GenAI
Stack Overflow,4561,Potential Security Issues with PHP&#39;s ZipArchive,2011-07-12,Pre-GenAI
Stack Overflow,4562,Log4j2 security issue,2021-12-13,Pre-GenAI
Stack Overflow,4563,Codeigniter and jQuery application security issue or paranoia?,2013-08-23,Pre-GenAI
Stack Overflow,4564,Drupal Custom Templating Security Issues,2013-07-10,Pre-GenAI
Stack Overflow,4565,crossdomain.xml and security issues,2010-09-14,Pre-GenAI
Stack Overflow,4566,Security issues in pig,2012-09-27,Pre-GenAI
Stack Overflow,4567,Security Issues on iPhone,2010-12-09,Pre-GenAI
Stack Overflow,4568,How to fix sonar &quot;Make sure that hashing data is safe here&quot; security issue,2020-09-29,Pre-GenAI
Stack Overflow,4569,Security issues with jLinq,2010-01-29,Pre-GenAI
Stack Overflow,4570,Security issues for Enabling AllowElevatedTrustAppsInBrowser for elevated Silverlight application,2015-01-05,Pre-GenAI
Stack Overflow,4571,What is the security issue with my code?,2014-02-26,Pre-GenAI
Stack Overflow,4572,is there any security issue if I send a path in a QueryString?,2016-06-20,Pre-GenAI
Stack Overflow,4573,Security issue with port 80,2017-04-04,Pre-GenAI
Stack Overflow,4574,Origin &lt;origin&gt; is not allowed by Access-Control-Allow-Origin,2013-09-05,Pre-GenAI
Stack Overflow,4575,SQL and security issues,2014-07-02,Pre-GenAI
Stack Overflow,4576,Oauth2 Access Token Security Issue + angular 2,2017-04-03,Pre-GenAI
Stack Overflow,4577,Caching on shared server - security issue for local cache directory?,2011-03-13,Pre-GenAI
Stack Overflow,4578,Link manipulation (DOM-based) Security Issues - Angular 7 Application,2019-07-10,Pre-GenAI
Stack Overflow,4579,Change TYPE attribute via JS. Is it a security issue?,2012-02-23,Pre-GenAI
Stack Overflow,4580,.NET 4.0 XBAP security issues with GAC,2012-05-29,Pre-GenAI
Stack Overflow,4581,XMLHttpRequest getting Errors and Security Issues,2014-10-05,Pre-GenAI
Stack Overflow,4582,Security issues with using Yii Framework,2012-12-21,Pre-GenAI
Stack Overflow,4584,Security issues with generating passwords in Python?,2021-04-09,Pre-GenAI
Stack Overflow,4585,paypal rest api credentials possible security issue?,2013-11-06,Pre-GenAI
Stack Overflow,4586,Email macro security issue,2015-04-07,Pre-GenAI
Stack Overflow,4587,Spring Cloud Contracts and Spring Security issues,2018-08-14,Pre-GenAI
Stack Overflow,4589,Security issues when using Amazon S3 file hosting for Flex modules/swfs,2008-10-19,Pre-GenAI
Stack Overflow,4590,Security issue with Vaadin 8 and outdated HighCharts library,2021-08-04,Pre-GenAI
Stack Overflow,4591,Sencha Touch - Security issue with calling webservice,2012-05-11,Pre-GenAI
Stack Overflow,4592,How to fix SUPEE-9652 Resolve Zend Framework Security Issue,2017-04-21,Pre-GenAI
Stack Overflow,4593,REST API and Corda Security issues,2018-05-19,Pre-GenAI
Stack Overflow,4594,Stripe security issue,2015-03-28,Pre-GenAI
Stack Overflow,4595,Any coding security issues specific to C#?,2010-03-03,Pre-GenAI
Stack Overflow,4596,Is category method overriding a potential security issue?,2019-02-22,Pre-GenAI
Stack Overflow,4597,Spring Security : Issue with Authorities,2016-09-06,Pre-GenAI
Stack Overflow,4598,osCommerce Security Issue,2010-04-26,Pre-GenAI
Stack Overflow,4599,exposing jwt to client can cause security issue,2018-09-20,Pre-GenAI
Stack Overflow,4600,Shibboleth External Authentication Security issues,2017-08-24,Pre-GenAI
Stack Overflow,4601,How to fix &quot;Cookie set without httpOnly&quot; security Issue in GWT,2015-08-07,Pre-GenAI
Stack Overflow,4602,XSS security issue,2009-12-03,Pre-GenAI
Stack Overflow,4603,"Uploading &amp; extracting archive (zip, rar, targz, tarbz) automatically - security issue?",2009-12-14,Pre-GenAI
Stack Overflow,4604,Linked servers connection and security issues,2013-01-22,Pre-GenAI
Stack Overflow,4605,"Is the R package AWR.Athena, vulnerable to the security issue in log4j?",2022-01-10,Pre-GenAI
Stack Overflow,4606,Security issues in neb and underscore,2022-07-11,Pre-GenAI
Stack Overflow,4607,Is passing socket.id from server to client possible security issue?,2014-04-04,Pre-GenAI
Stack Overflow,4608,Using Google Sheets API with .NET 4.6 Security Issues,2016-01-20,Pre-GenAI
Stack Overflow,4609,Security Issue Related to OAuth Flow,2016-11-28,Pre-GenAI
Stack Overflow,4610,Service Control Security Issues in XPCOM,2009-09-09,Pre-GenAI
Stack Overflow,4611,Execute bash script from URL,2011-04-20,Pre-GenAI
Stack Overflow,4612,WCF security issue,2009-01-21,Pre-GenAI
Stack Overflow,4613,PHP Define security issues?,2011-02-11,Pre-GenAI
Stack Overflow,4614,Is showing TCM ID on th the public website a security issue?,2012-08-08,Pre-GenAI
Stack Overflow,4615,Potential security issues with variable variables,2015-03-19,Pre-GenAI
Stack Overflow,4616,Security issues with a middleware screener page,2011-06-20,Pre-GenAI
Stack Overflow,4617,Acegi Security Issue,2011-03-22,Pre-GenAI
Stack Overflow,4618,Security issue with hyperledger fabric&#39;s chain code (smart contract),2018-09-11,Pre-GenAI
Stack Overflow,4619,Security issues downloading application for MacOS - &quot;library load disallowed by system policy&q,2021-04-07,Pre-GenAI
Stack Overflow,4620,Rails `protect_from_forgery` commented out: security issue?,2018-06-20,Pre-GenAI
Stack Overflow,4621,Spring security issue with 404 error?,2010-11-11,Pre-GenAI
Stack Overflow,4622,PHP &amp; cron: security issues,2010-12-08,Pre-GenAI
Stack Overflow,4623,"PHP openssl_pkcs7_* needs files, security issue",2014-01-10,Pre-GenAI
Stack Overflow,4624,lwjgl java library is blocked being for security issues,2014-05-05,Pre-GenAI
Stack Overflow,4625,Handle iframe security issues (ex: &#39;X-Frame-Options&#39; to &#39;SAMEORIGIN&#39;),2013-05-06,Pre-GenAI
Stack Overflow,4627,ios9 app transport security issues different in simulator and device,2015-09-13,Pre-GenAI
Stack Overflow,4628,CVE-2011-4885 security issue and PHP 5.2,2012-02-06,Pre-GenAI
Stack Overflow,4629,Remote posting from one application to another application. Security issue?,2008-11-05,Pre-GenAI
Stack Overflow,4630,Security Issues regarding Mutexes,2015-09-11,Pre-GenAI
Stack Overflow,4631,Security issue in Visual Studio 2015 setup project,2015-09-18,Pre-GenAI
Stack Overflow,4633,Security issue with exposing TURN server credentials in WebRTC,2015-05-07,Pre-GenAI
Stack Overflow,4634,Xml security issues SAXParserFactory,2020-06-08,Pre-GenAI
Stack Overflow,4635,Url Rewriting - Does that cause a security issue?,2011-05-10,Pre-GenAI
Stack Overflow,4636,php uploading a file security issues?,2012-06-22,Pre-GenAI
Stack Overflow,4637,Is incorrect mix of protocol and port in Tomcat a security issue?,2014-01-28,Pre-GenAI
Stack Overflow,4638,web security issue?,2013-03-06,Pre-GenAI
Stack Overflow,4639,What if the public key is lost? Is that a security issue?,2012-03-25,Pre-GenAI
Stack Overflow,4640,REST API Security Issues,2016-03-14,Pre-GenAI
Stack Overflow,4641,Google Play Security Issues?,2019-11-26,Pre-GenAI
Stack Overflow,4642,Drupal 7 Security Issues,2012-08-24,Pre-GenAI
Stack Overflow,4643,load() function security issues,2011-01-27,Pre-GenAI
Stack Overflow,4644,Site Cookies - Are there any security issues?,2016-03-01,Pre-GenAI
Stack Overflow,4645,Pass django variable to javascript file without security issues,2017-11-03,Pre-GenAI
Stack Overflow,4646,Can RTTI cause security issues on certain platforms?,2018-08-28,Pre-GenAI
Stack Overflow,4647,NodeJS API - security issues,2012-07-12,Pre-GenAI
Stack Overflow,4648,Security issues installing nodejs,2022-05-31,Pre-GenAI
Stack Overflow,4649,security issues with user-supplied CSS?,2014-05-06,Pre-GenAI
Stack Overflow,4650,Are there any security issues if I open a port for public on my AWS EC2 for running slackbot,2021-06-09,Pre-GenAI
Stack Overflow,4651,Laravel 8 project deploy to shared hosting - security issues and public_html folder,2021-08-07,Pre-GenAI
Stack Overflow,4652,How to find any potential security issues in PHP and MySQL,2012-03-30,Pre-GenAI
Stack Overflow,4653,Update by key (integer) security issue,2014-03-27,Pre-GenAI
Stack Overflow,4654,How to pass security issues in Vista?,2009-01-08,Pre-GenAI
Stack Overflow,4655,What are the security issues to consider if shelling out from ASP.Net web app?,2010-02-22,Pre-GenAI
Stack Overflow,4656,"jquery, jsonp, error handling &amp; security issues",2010-07-06,Pre-GenAI
Stack Overflow,4657,Clarification on &quot;Cross Domain Ajax&quot; Security Issues,2014-02-16,Pre-GenAI
Stack Overflow,4658,Security issues after upgrading to Spring 3.2.8,2014-11-19,Pre-GenAI
Stack Overflow,4659,"Show HTML user input, security issue",2012-09-13,Pre-GenAI
Stack Overflow,4660,Directory traversal security issue,2011-06-01,Pre-GenAI
Stack Overflow,4661,"UltraVNC Single Click, unable to connect due to security issues",2015-07-15,Pre-GenAI
Stack Overflow,4662,Potential security issues of this user form,2015-08-20,Pre-GenAI
Stack Overflow,4663,c# online compiling and execution security issues,2011-06-10,Pre-GenAI
Stack Overflow,4664,Is passing array as GET parameter a security issue?,2016-12-20,Pre-GenAI
Stack Overflow,4665,Security Issues for allowing users to add own JavaScript to your site?,2014-01-19,Pre-GenAI
Stack Overflow,4666,Auth0 spring security issue,2016-09-23,Pre-GenAI
Stack Overflow,4667,MongoDB Security issue,2012-11-07,Pre-GenAI
Stack Overflow,4668,Clojure keyword example security issue,2017-01-18,Pre-GenAI
Stack Overflow,4669,Issues with my site&#39;s security built with codeigniter,2015-11-23,Pre-GenAI
Stack Overflow,4670,Security issue by adding user object as Spring SessionAttribute?,2022-02-04,Pre-GenAI
Stack Overflow,4671,node.js and server security issues,2012-05-01,Pre-GenAI
Stack Overflow,4672,Python SMTPLIB Gmail recipient security issues,2021-11-20,Pre-GenAI
Stack Overflow,4673,Grails warning about security issue when accessing domain object properties,2013-07-31,Pre-GenAI
Stack Overflow,4674,Vb.net Outlook Security Issue,2013-11-21,Pre-GenAI
Stack Overflow,4675,Spring Security 4 - issues with REST and security,2016-10-11,Pre-GenAI
Stack Overflow,4676,It&#39;s a security issue if I post the backend code of my open source project?,2020-04-07,Pre-GenAI
Stack Overflow,4677,Security issues in desktop app,2012-03-08,Pre-GenAI
Stack Overflow,4678,Is an expired X509 certificate on a website a security issue?,2020-10-01,Pre-GenAI
Stack Overflow,4679,How can I handle this security issue with form submiting?,2020-12-19,Pre-GenAI
Stack Overflow,4680,Will it be successfully published by google play console if having security issue?,2020-03-31,Pre-GenAI
Stack Overflow,4681,WCF security issue in Silverlight,2009-09-10,Pre-GenAI
Stack Overflow,4684,What security issues might SendBroadcast cause and what is a better approach?,2012-04-03,Pre-GenAI
Stack Overflow,4685,"Android, would it be a security issue if jks file for signing is made public?",2016-10-27,Pre-GenAI
Stack Overflow,4686,LocalBroadcastManager and possible security related issues,2016-09-12,Pre-GenAI
Stack Overflow,4687,Powershell Get-Acl for HKLM:\SECURITY Issues,2020-01-17,Pre-GenAI
Stack Overflow,4688,Amazon Redshift Security Group Issues,2013-10-30,Pre-GenAI
Stack Overflow,4689,Security issues with using HTTP_REFERRER,2013-11-14,Pre-GenAI
Stack Overflow,4690,Azure blob storage images cause security issues when sharing webpages in Facebook,2017-06-21,Pre-GenAI
Stack Overflow,4691,Canvas toDataURI() on chrome security issue,2013-09-03,Pre-GenAI
Stack Overflow,4692,Security issues with SQL Query,2020-02-11,Pre-GenAI
Stack Overflow,4693,external swf no longer loading in modern browsers - security issue?,2017-04-20,Pre-GenAI
Stack Overflow,4694,Windows ce Security Issue,2015-05-23,Pre-GenAI
Stack Overflow,4696,Will defining js variable as global cause any security issue?,2017-08-31,Pre-GenAI
Stack Overflow,4697,Possible security issues of setting Access-Control-Allow-Origin,2013-02-20,Pre-GenAI
Stack Overflow,4698,Spring Security issue - 404 error,2016-07-05,Pre-GenAI
Stack Overflow,4699,Unity3D to PHP Security Issues,2016-12-18,Pre-GenAI
Stack Overflow,4700,is Object.prototype.toString.call() a security issue?,2018-04-27,Pre-GenAI
Stack Overflow,4701,Security issues with oauth2-redirect and nip.io,2022-04-13,Pre-GenAI
Stack Overflow,4702,How do I fix this jquery security alert: &quot;Your app contains one or more libraries with known se,2019-10-15,Pre-GenAI
Stack Overflow,4703,security issues running a proxied app without ssl?,2021-06-28,Pre-GenAI
Stack Overflow,4704,Security issues in oracle ucm,2016-03-20,Pre-GenAI
Stack Overflow,4705,SOAP WCF security issue,2019-03-15,Pre-GenAI
Stack Overflow,4706,Openlayers IE security issue,2015-02-10,Pre-GenAI
Stack Overflow,4707,npmjs fs security issue,2022-06-08,Pre-GenAI
Stack Overflow,4708,Trello token security issue?,2012-11-01,Pre-GenAI
Stack Overflow,4709,capture user signature from client side - how to overcome security issues?,2020-04-16,Pre-GenAI
Stack Overflow,4710,Refused to load the script because it violates the following Content Security Policy directive,2015-07-03,Pre-GenAI
Stack Overflow,4712,React Native Security Issues in Android Signed apk. 2 Issues: 1) app creates temp file &amp; 2) TCP ,2018-12-04,Pre-GenAI
Stack Overflow,4713,High-security-issue-affecting-Mule-runtimes-of-all-supported-versions-March-19th-2020,2020-11-02,Pre-GenAI
Stack Overflow,4714,android -security issues and protecting data and url,2014-07-05,Pre-GenAI
Stack Overflow,4715,PHP - MySQL Security Issue?,2014-03-24,Pre-GenAI
Stack Overflow,4716,Coverity complains about uncaught exception(s). What security issue are linked to such?,2015-02-07,Pre-GenAI
Stack Overflow,4717,TYPO3: Suspicious values for &quot;type&quot; parameter. Security issue?,2018-09-28,Pre-GenAI
Stack Overflow,4718,Another Spring Security issue,2014-02-24,Pre-GenAI
Stack Overflow,4719,Embedding Cassandra - Security Manager issues,2017-06-26,Pre-GenAI
Stack Overflow,4720,Stand Alone ROR App Security Issues,2015-03-09,Pre-GenAI
Stack Overflow,4721,Security issues with phonegap remote server access,2012-05-25,Pre-GenAI
Stack Overflow,4722,Clickonce deployment security issue,2014-09-23,Pre-GenAI
Stack Overflow,4723,Spring Security Issue creating bean,2020-04-27,Pre-GenAI
Stack Overflow,4724,User login form for external website security issues,2014-03-04,Pre-GenAI
Stack Overflow,4725,What is the way to ignore/skip some issues from python bandit security issues report?,2018-10-01,Pre-GenAI
Stack Overflow,4726,Web service security issue,2012-09-24,Pre-GenAI
Stack Overflow,4727,Are NPAPI plugin security issues same as a downloadable app that connects to the internet,2012-08-22,Pre-GenAI
Stack Overflow,4728,security issues on displaying pdf documents by uiwebview,2013-08-16,Pre-GenAI
Stack Overflow,4729,Tornado security issue,2017-03-31,Pre-GenAI
Stack Overflow,4730,Is the PECL imagick extension also vulnerable to the new ImageMagick security issue?,2016-05-05,Pre-GenAI
Stack Overflow,4731,is there security issue if you use eval() with locals only?,2018-06-08,Pre-GenAI
Stack Overflow,4732,Are there any security issues or vulnerabilities by adding or using some open source visual studio e,2018-01-18,Pre-GenAI
Stack Overflow,4733,Security issue when sending auth credentials as GET parameters,2014-10-24,Pre-GenAI
Stack Overflow,4736,.NET Framework security issue,2009-12-15,Pre-GenAI
Stack Overflow,4737,Get hostname from request in Play Framework. Security issue?,2014-05-21,Pre-GenAI
Stack Overflow,4738,Camel REST path params in headers - a security issue?,2017-11-07,Pre-GenAI
Stack Overflow,4739,CRUD Delete salesforce security issue,2016-10-24,Pre-GenAI
Stack Overflow,4740,security issue in connecting to a database in using jdbc,2013-01-06,Pre-GenAI
Stack Overflow,4741,DNN 8.0.3.5 jQuery 1.9.1 Security Issue,2018-05-30,Pre-GenAI
Stack Overflow,4742,Android security vulnerability issues for PIE,2019-12-12,Pre-GenAI
Stack Overflow,4743,Delphi and Microsoft ATL security issue,2009-08-06,Pre-GenAI
Stack Overflow,4744,Can you find the web security issue here?,2008-10-17,Pre-GenAI
Stack Overflow,4745,Possible security issues in a trading app (Django),2012-01-14,Pre-GenAI
Stack Overflow,4746,Spring MVC application filtering HTML in URL - Is this a security issue?,2012-03-13,Pre-GenAI
Stack Overflow,4747,Kubernetes kubelet security issue,2018-07-05,Pre-GenAI
Stack Overflow,4748,Is running pure JavaScript queries within a Node.js program a security issue?,2016-07-29,Pre-GenAI
Stack Overflow,4749,Basic PHP Security Issue,2012-04-30,Pre-GenAI
Stack Overflow,4750,security issues with echoing a user entered text,2010-09-08,Pre-GenAI
Stack Overflow,4751,symfony2 - security issue with login check,2013-07-01,Pre-GenAI
Stack Overflow,4752,asp.net forms authentification security issues,2010-05-05,Pre-GenAI
Stack Overflow,4753,Spring Security Role Hierarchy issues,2012-12-13,Pre-GenAI
Stack Overflow,4754,ethereumjs - signature security issue,2018-04-04,Pre-GenAI
Stack Overflow,4755,php file extensions: security issue?,2011-05-27,Pre-GenAI
Stack Overflow,4756,Is JSONP safe to use?,2009-03-05,Pre-GenAI
Stack Overflow,4757,Sucuri 404javascript.js security issue or internal server error,2016-05-13,Pre-GenAI
Stack Overflow,4758,Security issue with phpmyadmin 4.7.4 bundled with XAMPP,2018-01-25,Pre-GenAI
Stack Overflow,4759,tableau server security issues in version 9,2016-10-18,Pre-GenAI
Stack Overflow,4760,App Engine session security issues,2012-12-03,Pre-GenAI
Stack Overflow,4761,Why is suhosin.executor.allow_symlink a security issue?,2012-07-19,Pre-GenAI
Stack Overflow,4762,User input that ONLY gets emailed (no db query) -- what are the security issues?,2013-09-18,Pre-GenAI
Stack Overflow,4763,Is there any security issue in using same name for textbox and table field?,2017-08-01,Pre-GenAI
Stack Overflow,4764,MVC4 security issue for a Telerik project template,2012-09-05,Pre-GenAI
Stack Overflow,4765,What Security Issues I should have in PHP Hosting,2010-05-16,Pre-GenAI
Stack Overflow,4766,Smart Cards basic security issues,2017-09-11,Pre-GenAI
Stack Overflow,4767,Avoiding Remember me security issues,2010-12-17,Pre-GenAI
Stack Overflow,4768,Uncertainty in Bayesian analysis application to security issues,2018-12-21,Pre-GenAI
Stack Overflow,4769,IBM Websphere security issue - Password reset,2021-02-08,Pre-GenAI
Stack Overflow,4770,Isn&#39;t CSRF a browser security issue?,2008-10-22,Pre-GenAI
Stack Overflow,4771,Database security issue in MSSQL vs. MYSQL,2011-04-30,Pre-GenAI
Stack Overflow,4772,Is there a security issue if I create folders inside a wordpress installation?,2010-11-22,Pre-GenAI
Stack Overflow,4773,Is a good practice has a parameter for not check security issues when I have my app in debug?,2021-08-12,Pre-GenAI
Stack Overflow,4774,Android Assets database security issues?,2012-10-22,Pre-GenAI
Stack Overflow,4775,HTML5 offline authentication security issues,2012-02-02,Pre-GenAI
Stack Overflow,4776,Security issues when sending POST request wih CakePHP,2013-08-23,Pre-GenAI
Stack Overflow,4777,Spring Security issue with securing URLs dynamically,2018-02-06,Pre-GenAI
Stack Overflow,4778,MDX CA 2100 Security Issue,2015-01-23,Pre-GenAI
Stack Overflow,4779,Is writing business logic on client side a security Issue,2017-11-14,Pre-GenAI
Stack Overflow,4780,Cannot run Create-React-App in chrome extension with manifest v3 due to security issues,2021-03-17,Pre-GenAI
Stack Overflow,4781,ASP.NET MVC Web API Authentication Token Security Issues,2016-02-11,Pre-GenAI
Stack Overflow,4782,Spring 4 MVC + security issue,2016-04-28,Pre-GenAI
Stack Overflow,4783,Fixing XSS security issue in php,2017-03-24,Pre-GenAI
Stack Overflow,4784,Java serialization security issues (fail customer&#39;s security standards ),2021-09-23,Pre-GenAI
Stack Overflow,4785,Asp.net mvc application deployment / security issues,2010-06-11,Pre-GenAI
Stack Overflow,4786,Security issue in microservices with Spring Boot,2017-10-06,Pre-GenAI
Stack Overflow,4787,Which JSON content type do I use?,2009-01-25,Pre-GenAI
Stack Overflow,4788,How do I get a YouTube video thumbnail from the YouTube API?,2010-01-15,Pre-GenAI
Stack Overflow,4789,Why does my JavaScript code receive a &quot;No &#39;Access-Control-Allow-Origin&#39; header is prese,2013-11-17,Pre-GenAI
Stack Overflow,4790,Proper use cases for Android UserManager.isUserAGoat()?,2012-11-14,Pre-GenAI
Stack Overflow,4791,Is there a way to run Python on Android?,2008-09-19,Pre-GenAI
Stack Overflow,4792,Detecting an &quot;invalid date&quot; Date instance in JavaScript,2009-08-30,Pre-GenAI
Stack Overflow,4793,How do I get ASP.NET Web API to return JSON instead of XML using Chrome?,2012-03-24,Pre-GenAI
Stack Overflow,4794,Is there any standard for JSON API response format?,2012-10-09,Pre-GenAI
Stack Overflow,4795,No &#39;Access-Control-Allow-Origin&#39; header is present on the requested resource—when trying to ,2017-05-09,Pre-GenAI
Stack Overflow,4796,Best practices for API versioning?,2008-12-23,Pre-GenAI
Stack Overflow,4797,Android getResources().getDrawable() deprecated API 22,2015-03-13,Pre-GenAI
Stack Overflow,4798,How do I convert an existing callback API to promises?,2014-03-19,Pre-GenAI
Stack Overflow,4799,"What&#39;s the difference between &quot;implementation&quot;, &quot;api&quot; and &quot;compile&quot",2017-06-12,Pre-GenAI
Stack Overflow,4800,How to measure time taken by a function to execute,2008-11-24,Pre-GenAI
Stack Overflow,4801,Best Practices for securing a REST API / web service,2008-08-11,Pre-GenAI
Stack Overflow,4802,Use of PUT vs PATCH methods in REST API real life scenarios,2015-02-11,Pre-GenAI
Stack Overflow,4803,Does IMDB provide an API?,2009-12-27,Pre-GenAI
Stack Overflow,4804,Retrieving Android API version programmatically,2010-08-06,Pre-GenAI
Stack Overflow,4805,Difference between FetchType LAZY and EAGER in Java Persistence API?,2010-06-07,Pre-GenAI
Stack Overflow,4806,application/x-www-form-urlencoded or multipart/form-data?,2010-10-24,Pre-GenAI
Stack Overflow,4807,Custom HTTP headers : naming conventions,2010-08-24,Pre-GenAI
Stack Overflow,4808,What are REST API error handling best practices?,2009-06-03,Pre-GenAI
Stack Overflow,4809,Improve INSERT-per-second performance of SQLite,2009-11-10,Pre-GenAI
Stack Overflow,4810,Why not inherit from List&lt;T&gt;?,2014-02-11,Pre-GenAI
Stack Overflow,4811,Changing API level Android Studio,2013-10-19,Pre-GenAI
Stack Overflow,4812,Pass an array of integers to ASP.NET Web API?,2012-04-02,Pre-GenAI
Stack Overflow,4813,WCF vs ASP.NET Web API,2012-02-19,Pre-GenAI
Stack Overflow,4814,"How can I get jQuery to perform a synchronous, rather than asynchronous, Ajax request?",2008-09-25,Pre-GenAI
Stack Overflow,4815,How to resolve java.lang.NoClassDefFoundError: javax/xml/bind/JAXBException,2017-04-23,Pre-GenAI
Stack Overflow,4816,What is Linux’s native GUI API?,2012-10-03,Pre-GenAI
Stack Overflow,4817,HTTP response code for POST when resource already exists,2010-09-29,Pre-GenAI
Stack Overflow,4818,This API project is not authorized to use this API. Please ensure that this API is activated in the ,2015-10-07,Pre-GenAI
Stack Overflow,4819,Where can I find documentation on formatting a date in JavaScript?,2009-06-29,Pre-GenAI
Stack Overflow,4820,How do I check if a file exists in Java?,2009-11-29,Pre-GenAI
Stack Overflow,4821,Call a REST API in PHP,2012-03-21,Pre-GenAI
Stack Overflow,4822,How to disable mouse scroll wheel scaling with Google Maps API,2010-02-24,Pre-GenAI
Stack Overflow,4823,HTTP headers in Websockets client API,2010-12-05,Pre-GenAI
Stack Overflow,4824,ASP.NET Core Web API exception handling,2016-07-28,Pre-GenAI
Stack Overflow,4825,getColor(int id) deprecated on Android 6.0 Marshmallow (API 23),2015-07-23,Pre-GenAI
Stack Overflow,4826,How to set the Content-Type header for an HttpClient request?,2012-05-21,Pre-GenAI
Stack Overflow,4827,Convert a PHP object to an associative array,2010-12-03,Pre-GenAI
Stack Overflow,4828,Google Maps API v3: How to remove all markers?,2009-10-09,Pre-GenAI
Stack Overflow,4829,Difference between SPI and API?,2010-06-02,Pre-GenAI
Stack Overflow,4830,Gradle Implementation vs API configuration,2017-06-07,Pre-GenAI
Stack Overflow,4831,API pagination best practices,2012-12-14,Pre-GenAI
Stack Overflow,4832,POSTing JsonObject With HttpClient From Web API,2011-05-24,Pre-GenAI
Stack Overflow,4833,Google Maps JS API v3 - Simple Multiple Marker Example,2010-06-17,Pre-GenAI
Stack Overflow,4834,REST API Best practice: How to accept list of parameter values as input,2010-04-08,Pre-GenAI
Stack Overflow,4835,When do I use path parameters vs. query parameters in a RESTful API?,2015-06-21,Pre-GenAI
Stack Overflow,4836,Using HTML5/Canvas/JavaScript to take in-browser screenshots,2011-02-06,Pre-GenAI
Stack Overflow,4837,What are the nuances of scope prototypal / prototypical inheritance in AngularJS?,2012-12-27,Pre-GenAI
Stack Overflow,4838,Best practice for storing and protecting private API keys in applications,2013-01-28,Pre-GenAI
Stack Overflow,4839,Fetch API with Cookie,2016-01-01,Pre-GenAI
Stack Overflow,4840,Separate REST JSON API server and client?,2012-06-08,Pre-GenAI
Stack Overflow,4841,Which status code should I use for failed validations or invalid duplicates?,2010-07-20,Pre-GenAI
Stack Overflow,4842,node.js remove file,2011-03-15,Pre-GenAI
Stack Overflow,4843,Fetch API vs XMLHttpRequest,2016-02-22,Pre-GenAI
Stack Overflow,4844,YouTube API to fetch all videos on a channel,2013-09-23,Pre-GenAI
Stack Overflow,4845,How do I post form data with fetch api?,2017-10-09,Pre-GenAI
Stack Overflow,4846,Why doesn&#39;t adding CORS headers to an OPTIONS route allow browsers to access my API?,2011-08-15,Pre-GenAI
Stack Overflow,4847,Difference between API and ABI,2010-09-24,Pre-GenAI
Stack Overflow,4848,How can I read all files in a folder from Java?,2009-12-04,Pre-GenAI
Stack Overflow,4849,How to pass a querystring or route parameter to AWS Lambda from Amazon API Gateway,2015-07-10,Pre-GenAI
Stack Overflow,4850,Simple HTTP server in Java using only Java SE API,2010-09-17,Pre-GenAI
Stack Overflow,4851,How to download excel (.xls) file from API in postman?,2016-08-16,Pre-GenAI
Stack Overflow,4852,How to get the image size (height &amp; width) using JavaScript,2009-03-08,Pre-GenAI
Stack Overflow,4853,How to secure an ASP.NET Web API,2012-08-02,Pre-GenAI
Stack Overflow,4854,Sending Email in Android using JavaMail API without using the default/built-in app,2010-01-07,Pre-GenAI
Stack Overflow,4855,REST API Best practices: Where to put parameters?,2010-10-26,Pre-GenAI
Stack Overflow,4856,JWT authentication for ASP.NET Web API,2016-10-27,Pre-GenAI
Stack Overflow,4857,Invoke-customs are only supported starting with android 0 --min-api 26,2018-04-18,Pre-GenAI
Stack Overflow,4858,Get the current first responder without using a private API,2009-12-01,Pre-GenAI
Stack Overflow,4859,ServiceStack vs ASP.Net Web API,2012-03-14,Pre-GenAI
Stack Overflow,4860,Making an API call in Python with an API that requires a bearer token,2015-04-29,Pre-GenAI
Stack Overflow,4861,Posting a File and Associated Data to a RESTful WebService preferably as JSON,2010-11-03,Pre-GenAI
Stack Overflow,4862,Is there a link to the &quot;latest&quot; jQuery library on Google APIs?,2009-01-14,Pre-GenAI
Stack Overflow,4863,Is there a Google Keep API?,2013-10-05,Pre-GenAI
Stack Overflow,4864,"Understanding REST: Verbs, error codes, and authentication",2010-01-04,Pre-GenAI
Stack Overflow,4865,When should I use pointers instead of references in API-design?,2011-08-14,Pre-GenAI
Stack Overflow,4866,"REST API 404: Bad URI, or Missing Resource?",2012-03-29,Pre-GenAI
Stack Overflow,4867,What are the alternatives now that the Google web search API has been deprecated?,2010-11-03,Pre-GenAI
Stack Overflow,4868,What&#39;s an appropriate HTTP status code to return by a REST API service for a validation failure?,2009-12-24,Pre-GenAI
Stack Overflow,4869,What is the difference between compileSdkVersion and targetSdkVersion?,2014-11-01,Pre-GenAI
Stack Overflow,4870,The useState set method is not reflecting a change immediately,2019-01-07,Pre-GenAI
Stack Overflow,4871,How to add Web API to an existing ASP.NET MVC 4 Web Application project?,2012-08-16,Pre-GenAI
Stack Overflow,4872,How can I handle many-to-many relationships in a RESTful API?,2011-06-12,Pre-GenAI
Stack Overflow,4873,Accessing Session Using ASP.NET Web API,2012-03-07,Pre-GenAI
Stack Overflow,4874,Setting Authorization Header of HttpClient,2013-01-31,Pre-GenAI
Stack Overflow,4875,How to pass json POST data to Web API method as an object?,2013-11-26,Pre-GenAI
Stack Overflow,4876,Making a request to a RESTful API using Python,2013-06-25,Pre-GenAI
Stack Overflow,4877,Setting query string using Fetch GET request,2016-01-27,Pre-GenAI
Stack Overflow,4878,REST API Best practices: args in query string vs in request body,2014-08-19,Pre-GenAI
Stack Overflow,4879,Converting between java.time.LocalDateTime and java.util.Date,2013-10-17,Pre-GenAI
Stack Overflow,4880,How to return HTTP 500 from ASP.NET Core RC2 Web Api?,2016-06-13,Pre-GenAI
Stack Overflow,4882,Using async/await for multiple tasks,2012-09-09,Pre-GenAI
Stack Overflow,4883,What browsers support HTML5 WebSocket API?,2009-08-10,Pre-GenAI
Stack Overflow,4884,Missing Authentication Token while accessing API Gateway?,2016-09-23,Pre-GenAI
Stack Overflow,4885,Fetch API request timeout?,2017-10-26,Pre-GenAI
Stack Overflow,4886,Google Map API v3 — set bounds and center,2009-10-12,Pre-GenAI
Stack Overflow,4887,REST API Login Pattern,2012-12-17,Pre-GenAI
Stack Overflow,4888,Why is an OPTIONS request sent and can I disable it?,2015-04-29,Pre-GenAI
Stack Overflow,4889,What is the canonical way to check for errors using the CUDA runtime API?,2012-12-26,Pre-GenAI
Stack Overflow,4890,Best practice to return errors in ASP.NET Web API,2012-05-24,Pre-GenAI
Stack Overflow,4891,How to call a REST web service API from JavaScript?,2016-05-02,Pre-GenAI
Stack Overflow,4892,REST API - file (ie images) processing - best practices,2015-10-22,Pre-GenAI
Stack Overflow,4893,Maven dependency for Servlet 3.0 API?,2009-12-30,Pre-GenAI
Stack Overflow,4894,API vs. Webservice,2009-04-30,Pre-GenAI
Stack Overflow,4895,What is the difference between &#39;it&#39; and &#39;test&#39; in Jest?,2017-08-20,Pre-GenAI
Stack Overflow,4896,How can you use optional parameters in C#?,2008-10-14,Pre-GenAI
Stack Overflow,4897,"Facebook Graph API v2.0+ - /me/friends returns empty, or only friends who also use my application",2014-05-01,Pre-GenAI
Stack Overflow,4898,Return file in ASP.Net Core Web API,2017-02-25,Pre-GenAI
Stack Overflow,4899,Error retrieving parent for item: No resource found that matches the given name after upgrading to A,2015-08-18,Pre-GenAI
Stack Overflow,4900,Simplest PHP example for retrieving user_timeline with Twitter API version 1.1,2012-10-16,Pre-GenAI
Stack Overflow,4901,JSONDecodeError: Expecting value: line 1 column 1 (char 0),2013-05-15,Pre-GenAI
Stack Overflow,4902,How can I detect when an @Input() value changes in Angular?,2016-07-25,Pre-GenAI
Stack Overflow,4903,Differences between Java 8 Date Time API (java.time) and Joda-Time,2014-07-08,Pre-GenAI
Stack Overflow,4904,A definitive guide to API-breaking changes in .NET,2009-09-21,Pre-GenAI
Stack Overflow,4905,Kubernetes API - Get Pods on Specific Nodes,2016-08-30,Pre-GenAI
Stack Overflow,4906,Microsoft Web API: How do you do a Server.MapPath?,2013-05-15,Pre-GenAI
Stack Overflow,4907,if else statement in AngularJS templates,2013-04-04,Pre-GenAI
Stack Overflow,4908,Is there a Google Voice API?,2009-11-03,Pre-GenAI
Stack Overflow,4909,Returning http status code from Web Api controller,2012-05-18,Pre-GenAI
Stack Overflow,4910,Simulate a specific CURL in PostMan,2015-01-15,Pre-GenAI
Stack Overflow,4911,REST API Authentication,2011-11-03,Pre-GenAI
Stack Overflow,4912,How do I make calls to a REST API using C#?,2012-03-08,Pre-GenAI
Stack Overflow,4913,Post an empty body to REST API via HttpClient,2011-10-26,Pre-GenAI
Stack Overflow,4914,How to get POSTed JSON in Flask?,2013-11-15,Pre-GenAI
Stack Overflow,4915,"Hyphen, underscore, or camelCase as word delimiter in URIs?",2012-04-24,Pre-GenAI
Stack Overflow,4916,Communication between multiple docker-compose projects,2016-06-29,Pre-GenAI
Stack Overflow,4917,Kafka: Consumer API vs Streams API,2017-05-17,Pre-GenAI
Stack Overflow,4918,Difference between an API and SDK,2009-05-07,Pre-GenAI
Stack Overflow,4919,Distinct by property,2014-05-16,Pre-GenAI
Stack Overflow,4920,Restful API service,2010-07-07,Pre-GenAI
Stack Overflow,4921,Dealing with &quot;Xerces hell&quot; in Java/Maven?,2012-07-26,Pre-GenAI
Stack Overflow,4922,Response to preflight request doesn&#39;t pass access control check - No &#39;Access-Control-Allow-O,2016-02-23,Pre-GenAI
Stack Overflow,4923,CSV API for Java,2008-09-19,Pre-GenAI
Stack Overflow,4924,REST API - DTOs or not?,2016-03-23,Pre-GenAI
Stack Overflow,4925,Facebook API - How do I get a Facebook user&#39;s profile image through the Facebook API (without re,2010-05-12,Pre-GenAI
Stack Overflow,4926,API &#39;variant.getExternalNativeBuildTasks()&#39; is obsolete and has been replaced with &#39;vari,2018-09-19,Pre-GenAI
Stack Overflow,4927,Is it safe to expose Firebase apiKey to the public?,2016-05-27,Pre-GenAI
Stack Overflow,4928,How to implement a secure REST API with node.js,2013-03-19,Pre-GenAI
Stack Overflow,4929,How to build and use Google TensorFlow C++ api,2015-11-10,Pre-GenAI
Stack Overflow,4930,API Versioning for Rails Routes,2012-03-09,Pre-GenAI
Stack Overflow,4931,React this.setState is not a function,2015-06-25,Pre-GenAI
Stack Overflow,4932,Using an API key in Amazon API Gateway,2016-08-21,Pre-GenAI
Stack Overflow,4933,Maximum length of HTTP GET request,2010-04-17,Pre-GenAI
Stack Overflow,4934,API gateway vs. reverse proxy,2016-03-02,Pre-GenAI
Stack Overflow,4935,How to print a query string with parameter values when using Hibernate,2009-11-10,Pre-GenAI
Stack Overflow,4936,Get Android API level of phone currently running my application,2010-10-22,Pre-GenAI
Stack Overflow,4937,Find an element in DOM based on an attribute value,2010-04-22,Pre-GenAI
Stack Overflow,4938,what is right way to do API call in react js?,2016-08-03,Pre-GenAI
Stack Overflow,4939,Environment.getExternalStorageDirectory() deprecated in API level 29 java,2019-07-19,Pre-GenAI
Stack Overflow,4940,Best C# API to create PDF,2010-05-30,Pre-GenAI
Stack Overflow,4941,You need to use a Theme.AppCompat theme (or descendant) with this activity,2014-02-16,Pre-GenAI
Stack Overflow,4942,Separation of business logic and data access in django,2012-09-25,Pre-GenAI
Stack Overflow,4943,What exactly is the meaning of an API?,2011-09-16,Pre-GenAI
Stack Overflow,4944,Retrieve data from a ReadableStream object?,2016-11-02,Pre-GenAI
Stack Overflow,4945,When I should use PATCH or PUT in my REST API request and Design?,2014-06-16,Pre-GenAI
Stack Overflow,4946,The AsyncTask API is deprecated in Android 11. What are the alternatives?,2019-11-08,Pre-GenAI
Stack Overflow,4947,Access restriction: The type &#39;Application&#39; is not API (restriction on required library rt.ja,2014-08-09,Pre-GenAI
Stack Overflow,4948,Doing HTTP requests FROM Laravel to an external API,2014-03-12,Pre-GenAI
Stack Overflow,4949,Setting unique Constraint with fluent API?,2014-02-05,Pre-GenAI
Stack Overflow,4950,How can I pad a String in Java?,2008-12-23,Pre-GenAI
Stack Overflow,4951,Why is my variable unaltered after I modify it inside of a function? - Asynchronous code reference,2014-05-15,Pre-GenAI
Stack Overflow,4952,HttpClient.GetAsync(...) never returns when using await/async,2012-04-27,Pre-GenAI
Stack Overflow,4953,Why do we need middleware for async flow in Redux?,2016-01-02,Pre-GenAI
Stack Overflow,4954,Java Stream API - Best way to transform a list: map or forEach?,2015-02-04,Pre-GenAI
Stack Overflow,4955,Googlemaps API Key for Localhost,2016-09-05,Pre-GenAI
Stack Overflow,4956,What&#39;s the difference between ConcurrentHashMap and Collections.synchronizedMap(Map)?,2009-02-04,Pre-GenAI
Stack Overflow,4957,The number of method references in a .dex file cannot exceed 64k API 17,2016-04-22,Pre-GenAI
Stack Overflow,4958,Why does AngularJS include an empty option in select?,2012-09-29,Pre-GenAI
Stack Overflow,4959,Convert Iterable to Stream using Java 8 JDK,2014-05-29,Pre-GenAI
Stack Overflow,4960,How do I pass variables and data from PHP to JavaScript?,2014-05-19,Pre-GenAI
Stack Overflow,4961,When to Redis? When to MongoDB?,2011-03-23,Pre-GenAI
Stack Overflow,4962,How to determine CPU and memory consumption from inside a process,2008-09-15,Pre-GenAI
Stack Overflow,4963,Google Maps JavaScript API RefererNotAllowedMapError,2016-02-09,Pre-GenAI
Stack Overflow,4964,"List vs tuple, when to use each?",2009-11-10,Pre-GenAI
Stack Overflow,4965,Best practice to call ConfigureAwait for all server-side code,2012-11-21,Pre-GenAI
Stack Overflow,4966,Single controller with multiple GET methods in ASP.NET Web API,2012-02-29,Pre-GenAI
Stack Overflow,4967,How to log all requests and responses with exceptions in single place?,2015-11-16,Pre-GenAI
Stack Overflow,4968,prevent property from being serialized in web API,2012-08-07,Pre-GenAI
Stack Overflow,4969,Why do I get an ApiNotActivatedMapError when using Google Places API?,2016-02-29,Pre-GenAI
Stack Overflow,4970,Android API 21 Toolbar Padding,2014-10-19,Pre-GenAI
Stack Overflow,4971,Reading response headers with Fetch API,2017-04-11,Pre-GenAI
Stack Overflow,4972,RESTful API methods; HEAD &amp; OPTIONS,2011-07-12,Pre-GenAI
Stack Overflow,4973,Returning binary file from controller in ASP.NET Web API,2012-03-02,Pre-GenAI
Stack Overflow,4974,Google MAP API Uncaught TypeError: Cannot read property &#39;offsetWidth&#39; of null,2012-07-31,Pre-GenAI
Stack Overflow,4975,How to get the SHA-1 fingerprint certificate in Android Studio for debug mode?,2014-12-22,Pre-GenAI
Stack Overflow,4976,API Gateway CORS: no &#39;Access-Control-Allow-Origin&#39; header,2016-02-04,Pre-GenAI
Stack Overflow,4977,Why is HttpClient BaseAddress not working?,2014-05-03,Pre-GenAI
Stack Overflow,4978,Combination of async function + await + setTimeout,2015-10-22,Pre-GenAI
Stack Overflow,4979,Is there a way to list all resources in AWS,2017-06-06,Pre-GenAI
Stack Overflow,4980,How can I detect if this dictionary key exists in C#?,2010-05-13,Pre-GenAI
Stack Overflow,4981,How do I address unchecked cast warnings?,2009-02-03,Pre-GenAI
Stack Overflow,4982,How do I upload a file with the JS fetch API?,2016-03-17,Pre-GenAI
Stack Overflow,4983,How to watch props change with Vue Composition API / Vue 3?,2019-12-01,Pre-GenAI
Stack Overflow,4984,Detect if device is iOS,2012-01-27,Pre-GenAI
Stack Overflow,4985,Return HTML from ASP.NET Web API,2014-11-08,Pre-GenAI
Stack Overflow,4986,What is the difference between iter and into_iter?,2016-01-12,Pre-GenAI
Stack Overflow,4987,How to restart a single container with docker-compose,2015-07-17,Pre-GenAI
Stack Overflow,4988,Where do I find the project ID for the GitLab API?,2016-09-18,Pre-GenAI
Stack Overflow,4989,Use Invoke-WebRequest with a username and password for basic authentication on the GitHub API,2015-01-14,Pre-GenAI
Stack Overflow,4990,HTTP POST with URL query parameters -- good idea or not?,2009-03-04,Pre-GenAI
Stack Overflow,4991,docker.errors.DockerException: Error while fetching server API version,2020-11-22,Pre-GenAI
Stack Overflow,4992,Error “Target class controller does not exist” when using Laravel 8,2020-09-09,Pre-GenAI
Stack Overflow,4993,pinterest API documentation,2012-03-30,Pre-GenAI
Stack Overflow,4994,Securing Spring Boot API with API key and secret,2018-01-25,Pre-GenAI
Stack Overflow,4995,Web API Routing - api/{controller}/{action}/{id} &quot;dysfunctions&quot; api/{controller}/{id},2012-11-28,Pre-GenAI
Stack Overflow,4996,"Difference between @Before, @BeforeClass, @BeforeEach and @BeforeAll",2013-11-30,Pre-GenAI
Stack Overflow,4997,Web API Authentication Basic vs Bearer,2015-12-01,Pre-GenAI
Stack Overflow,4998,ASP.NET Web API Authentication,2012-06-13,Pre-GenAI
Stack Overflow,4999,JSONP with ASP.NET Web API,2012-02-23,Pre-GenAI
Stack Overflow,5000,Dot character &#39;.&#39; in MVC Web API 2 for request such as api/people/STAFF.45287,2014-01-08,Pre-GenAI
Stack Overflow,5001,Is there an API to get bank transaction and bank balance?,2011-09-01,Pre-GenAI
Stack Overflow,5002,How to convert java.util.Date to java.sql.Date?,2009-02-09,Pre-GenAI
Stack Overflow,5003,Difference between MVC 5 Project and Web Api Project,2014-03-23,Pre-GenAI
Stack Overflow,5004,Google Maps API v3: Can I setZoom after fitBounds?,2010-03-13,Pre-GenAI
Stack Overflow,5005,What is an API key?,2009-09-21,Pre-GenAI
Stack Overflow,5006,Web API Put Request generates an Http 405 Method Not Allowed error,2013-10-03,Pre-GenAI
Stack Overflow,5007,Is there a Wikipedia API?,2009-03-09,Pre-GenAI
Stack Overflow,5008,How do I securely use Google API Keys,2016-09-21,Pre-GenAI
Stack Overflow,5009,Creating an API for mobile applications - Authentication and Authorization,2010-10-18,Pre-GenAI
Stack Overflow,5010,What&#39;s the best approach for generating a new API key?,2013-01-19,Pre-GenAI
Stack Overflow,5011,How can I verify a Google authentication API access token?,2008-12-11,Pre-GenAI
Stack Overflow,5012,"How do I get a list of tables, the schema, a dump, using the sqlite3 API?",2008-11-20,Pre-GenAI
Stack Overflow,5013,Websocket API to replace REST API?,2011-07-24,Pre-GenAI
Stack Overflow,5014,Optional query string parameters in ASP.NET Web API,2012-08-08,Pre-GenAI
Stack Overflow,5015,ERROR: Google Maps API error: MissingKeyMapError,2016-06-23,Pre-GenAI
Stack Overflow,5016,javax vs java package,2009-04-07,Pre-GenAI
Stack Overflow,5017,Returning data from Axios API,2018-02-26,Pre-GenAI
Stack Overflow,5018,How to return a file using Web API?,2012-06-20,Pre-GenAI
Stack Overflow,5019,How to get temporary folder for current user,2009-06-03,Pre-GenAI
Stack Overflow,5020,Format a date using the new date time API,2014-04-14,Pre-GenAI
Stack Overflow,5021,API key Browser API keys cannot have referer restrictions when used with this API,2017-02-10,Pre-GenAI
Stack Overflow,5022,How to define multiple CSS attributes in jQuery?,2009-01-15,Pre-GenAI
Stack Overflow,5023,How to extract request http headers from a request using NodeJS connect,2012-10-30,Pre-GenAI
Stack Overflow,5024,Why use an API key and secret?,2012-07-19,Pre-GenAI
Stack Overflow,5025,What is the simplest and most robust way to get the user&#39;s current location on Android?,2010-06-29,Pre-GenAI
Stack Overflow,5026,Slack API conversations.history returns error: not_in_channel,2020-02-13,Pre-GenAI
Stack Overflow,5027,How to use Android&#39;s camera or camera2 API to support old and new API versions without deprecati,2014-12-03,Pre-GenAI
Stack Overflow,5028,How do I import the javax.servlet / jakarta.servlet API in my Eclipse project?,2010-11-02,Pre-GenAI
Stack Overflow,5029,What is an application binary interface (ABI)?,2010-01-31,Pre-GenAI
Stack Overflow,5030,Wordpress REST API (wp-api) 404 Error: Cannot access the WordPress REST API,2016-01-08,Pre-GenAI
Stack Overflow,5031,Where can I find the API KEY for Firebase Cloud Messaging?,2016-05-20,Pre-GenAI
Stack Overflow,5032,Design RESTful query API with a long list of query parameters,2013-01-07,Pre-GenAI
Stack Overflow,5033,Good tutorial for using HTML5 History API (Pushstate?),2010-10-25,Pre-GenAI
Stack Overflow,5034,Google Sheets API returns &quot;The caller does not have permission&quot; when using server key,2016-08-15,Pre-GenAI
Stack Overflow,5035,FFmpeg C API documentation/tutorial,2010-04-14,Pre-GenAI
Stack Overflow,5036,How to run travis-ci locally,2014-01-10,Pre-GenAI
Stack Overflow,5037,400 vs 422 response to POST of data,2013-04-21,Pre-GenAI
Stack Overflow,5038,How can I parse/format dates with LocalDateTime? (Java 8),2014-03-17,Pre-GenAI
Stack Overflow,5039,WARNING: API &#39;variant.getJavaCompile()&#39; is obsolete and has been replaced with &#39;variant.,2018-09-23,Pre-GenAI
Stack Overflow,5040,API Keys vs HTTP Authentication vs OAuth in a RESTful API,2011-07-20,Pre-GenAI
Stack Overflow,5041,Why derive from ControllerBase vs Controller for ASP.NET Core Web API?,2019-03-19,Pre-GenAI
Stack Overflow,5042,User Authentication in ASP.NET Web API,2012-07-31,Pre-GenAI
Stack Overflow,5043,REST API - why use PUT DELETE POST GET?,2011-01-01,Pre-GenAI
Stack Overflow,5044,What are logits? What is the difference between softmax and softmax_cross_entropy_with_logits?,2015-12-12,Pre-GenAI
Stack Overflow,5045,"Elasticsearch error: cluster_block_exception [FORBIDDEN/12/index read-only / allow delete (api)], fl",2018-05-30,Pre-GenAI
Stack Overflow,5046,How to convert JSON data into a Python object?,2011-07-05,Pre-GenAI
Stack Overflow,5047,Define global constants,2016-01-25,Pre-GenAI
Stack Overflow,5048,Adding an .env file to a React project,2018-03-30,Pre-GenAI
Stack Overflow,5049,No &#39;Access-Control-Allow-Origin&#39; - Node / Apache Port Issue,2013-08-19,Pre-GenAI
Stack Overflow,5050,Basic authentication for REST API using spring restTemplate,2014-02-20,Pre-GenAI
Stack Overflow,5051,Effectively use async/await with ASP.NET Web API,2015-07-02,Pre-GenAI
Stack Overflow,5052,getting message: forbidden reply from AWS API gateway,2016-12-06,Pre-GenAI
Stack Overflow,5053,Is there already a Google+ API?,2011-06-29,Pre-GenAI
Stack Overflow,5055,Google Maps API warning: NoApiKeys,2016-03-09,Pre-GenAI
Stack Overflow,5056,How to specify the port an ASP.NET Core application is hosted on?,2016-05-21,Pre-GenAI
Stack Overflow,5057,How to construct a REST API that takes an array of id&#39;s for the resources,2010-12-27,Pre-GenAI
Stack Overflow,5058,AWS API Gateway: User anonymous is not authorized to execute API,2018-10-26,Pre-GenAI
Stack Overflow,5059,Are there any naming convention guidelines for REST APIs?,2009-04-22,Pre-GenAI
Stack Overflow,5060,"Windows 7, 64 bit, DLL problems",2013-06-10,Pre-GenAI
Stack Overflow,5061,urllib and &quot;SSL: CERTIFICATE_VERIFY_FAILED&quot; Error,2015-01-08,Pre-GenAI
Stack Overflow,5062,How to get the API token for Jenkins,2017-08-02,Pre-GenAI
Stack Overflow,5063,Pagination response payload from a RESTful API,2012-08-28,Pre-GenAI
Stack Overflow,5064,MVC web api: No &#39;Access-Control-Allow-Origin&#39; header is present on the requested resource,2014-12-16,Pre-GenAI
Stack Overflow,5065,How to add custom header to ASP.NET Core Web API response,2017-09-12,Pre-GenAI
Stack Overflow,5066,Python datetime to string without microsecond component,2011-11-03,Pre-GenAI
Stack Overflow,5067,What to use now Google News API is deprecated?,2011-10-18,Pre-GenAI
Stack Overflow,5068,Get user info via Google API,2011-08-20,Pre-GenAI
Stack Overflow,5069,What is the difference between a web API and a web service?,2013-10-12,Pre-GenAI
Stack Overflow,5070,How to get share counts using graph API,2011-04-18,Pre-GenAI
Stack Overflow,5071,Trying to use fetch and pass in mode: no-cors,2017-04-06,Pre-GenAI
Stack Overflow,5072,How do I hide an API key in Create React App?,2018-02-09,Pre-GenAI
Stack Overflow,5073,Place API key in Headers or URL,2011-04-01,Pre-GenAI
Stack Overflow,5074,How to get the insert ID in JDBC?,2009-12-16,Pre-GenAI
Stack Overflow,5075,Multiple HttpPost method in Web API controller,2012-07-10,Pre-GenAI
Stack Overflow,5076,How do I access the Kubernetes api from within a pod container?,2015-06-07,Pre-GenAI
Stack Overflow,5077,How to understand &quot;RESTful API is stateless&quot;?,2015-12-07,Pre-GenAI
Stack Overflow,5078,How do I truncate a .NET string?,2010-05-05,Pre-GenAI
Stack Overflow,5079,Real life trading API,2009-04-13,Pre-GenAI
Stack Overflow,5080,Best Tips for documenting code using doxygen?,2008-09-09,Pre-GenAI
Stack Overflow,5081,Dogfooding our own rate-limited API,2016-01-22,Pre-GenAI
Stack Overflow,5082,Is it possible to use the Java 8 Stream API on Android API &lt; 24?,2016-09-15,Pre-GenAI
Stack Overflow,5083,Do sessions really violate RESTfulness?,2011-05-20,Pre-GenAI
Stack Overflow,5084,"This IP, site or mobile application is not authorized to use this API key",2014-02-21,Pre-GenAI
Stack Overflow,5085,Recommended date format for REST GET API,2012-03-06,Pre-GenAI
Stack Overflow,5086,Is a HTTPS query string secure?,2008-11-27,Pre-GenAI
Stack Overflow,5087,Aren&#39;t promises just callbacks?,2014-03-20,Pre-GenAI
Stack Overflow,5088,Sending the bearer token with axios,2016-12-06,Pre-GenAI
Stack Overflow,5089,How to use API Routes in Laravel 5.3,2016-09-16,Pre-GenAI
Stack Overflow,5090,Redirect from asp.net web api post action,2012-07-04,Pre-GenAI
Stack Overflow,5091,"Why fragments, and when to use fragments instead of activities?",2012-05-07,Pre-GenAI
Stack Overflow,5092,Analytics Google API Error 403: &quot;User does not have any Google Analytics Account&quot;,2012-10-11,Pre-GenAI
Stack Overflow,5093,javax.xml.bind.JAXBException Implementation of JAXB-API has not been found on module path or classpa,2018-08-19,Pre-GenAI
Stack Overflow,5094,Allow Access-Control-Allow-Origin header using HTML5 fetch API,2016-04-27,Pre-GenAI
Stack Overflow,5095,intent.resolveActivity returns null in API 30,2020-06-23,Pre-GenAI
Stack Overflow,5096,How to extract custom header value in Web API message handler?,2013-02-19,Pre-GenAI
Stack Overflow,5097,Command to delete all pods in all kubernetes namespaces,2015-11-03,Pre-GenAI
Stack Overflow,5098,Can I escape HTML special chars in JavaScript?,2011-06-04,Pre-GenAI
Stack Overflow,5099,Web API creating API keys,2012-08-06,Pre-GenAI
Stack Overflow,5100,Swagger UI Web Api documentation Present enums as strings?,2016-04-06,Pre-GenAI
Stack Overflow,5101,How to pip install a package with min and max version range?,2012-01-09,Pre-GenAI
Stack Overflow,5102,"No Creators, like default construct, exist): cannot deserialize from Object value (no delegate- or p",2018-11-07,Pre-GenAI
Stack Overflow,5103,ReCaptcha API v2 Styling,2014-12-30,Pre-GenAI
Stack Overflow,5104,AWS Lambda API Gateway error: &quot;Malformed Lambda proxy response&quot;,2017-04-30,Pre-GenAI
Stack Overflow,5105,What exactly is the difference between Web API and REST API in MVC?,2015-02-24,Pre-GenAI
Stack Overflow,5106,SPA best practices for authentication and session management,2014-01-07,Pre-GenAI
Stack Overflow,5107,How to enable CORS in ASP.NET Core,2015-08-11,Pre-GenAI
Stack Overflow,5108,Getting json body in aws Lambda via API gateway,2017-01-14,Pre-GenAI
Stack Overflow,5109,How to add Web API to an existing ASP.NET MVC (5) Web Application project?,2014-09-26,Pre-GenAI
Stack Overflow,5110,How to create ASP.NET Web API Url?,2012-02-29,Pre-GenAI
Stack Overflow,5111,Axios: chaining multiple API requests,2017-05-25,Pre-GenAI
Stack Overflow,5112,POST Request with Fetch API?,2016-09-19,Pre-GenAI
Stack Overflow,5113,What is difference between REST and API?,2016-12-16,Pre-GenAI
Stack Overflow,5114,How to create a custom-shaped bitmap marker with Android map API v2,2013-02-11,Pre-GenAI
Stack Overflow,5115,How to write a Python module/package?,2013-04-01,Pre-GenAI
Stack Overflow,5116,Amazon API gateway timeout,2015-08-12,Pre-GenAI
Stack Overflow,5117,REST api: requesting multiple resources in a single get,2012-02-21,Pre-GenAI
Stack Overflow,5118,API Design: HTTP Basic Authentication vs API Token,2011-02-11,Pre-GenAI
Stack Overflow,5119,YouTube iframe API: how do I control an iframe player that&#39;s already in the HTML?,2011-09-16,Pre-GenAI
Stack Overflow,5120,Custom method names in ASP.NET Web API,2012-03-05,Pre-GenAI
Stack Overflow,5121,Auto-center map with multiple markers in Google Maps API v3,2013-03-30,Pre-GenAI
Stack Overflow,5122,Set GOOGLE_APPLICATION_CREDENTIALS in Python project to use Google API,2017-08-04,Pre-GenAI
Stack Overflow,5123,Handle ModelState Validation in ASP.NET Web API,2012-07-27,Pre-GenAI
Stack Overflow,5124,Mocha API Testing: getting &#39;TypeError: app.address is not a function&#39;,2015-11-29,Pre-GenAI
Stack Overflow,5125,React Native Android Fetch failing on connection to local API,2015-11-14,Pre-GenAI
Stack Overflow,5126,Python Requests - No connection adapters,2013-02-27,Pre-GenAI
Stack Overflow,5127,Couldn&#39;t locate lint-gradle-api-26.1.2.jar for Flutter project,2018-10-23,Pre-GenAI
Stack Overflow,5128,Merge lists with stream API,2014-04-16,Pre-GenAI
Stack Overflow,5129,Programmatically obtain the Android API level of a device?,2010-05-04,Pre-GenAI
Stack Overflow,5130,iTunes Connect API,2009-10-24,Pre-GenAI
Stack Overflow,5131,Failed to serialize the response in Web API with Json,2014-04-16,Pre-GenAI
Stack Overflow,5132,Multiple actions were found that match the request in Web Api,2013-01-26,Pre-GenAI
Stack Overflow,5133,Not receiving Google OAuth refresh token,2012-05-31,Pre-GenAI
Stack Overflow,5134,Windows API Code Pack: Where is it?,2014-06-06,Pre-GenAI
Stack Overflow,5135,"Missing SDK platform Android, API 18",2013-07-29,Pre-GenAI
Stack Overflow,5136,Google Maps API 3 - Custom marker color for default (dot) marker,2011-08-17,Pre-GenAI
Stack Overflow,5137,How to fetch XML with fetch api,2016-06-08,Pre-GenAI
Stack Overflow,5138,How to delete a node label by command and api?,2015-12-03,Pre-GenAI
Stack Overflow,5139,Why is my Button text forced to ALL CAPS on Lollipop?,2014-11-16,Pre-GenAI
Stack Overflow,5140,How to avoid &quot;too many parameters&quot; problem in API design?,2011-06-04,Pre-GenAI
Stack Overflow,5141,Google image search says api no longer available,2015-12-02,Pre-GenAI
Stack Overflow,5142,How to respond with an HTTP 400 error in a Spring MVC @ResponseBody method returning String,2013-04-26,Pre-GenAI
Stack Overflow,5143,Drawable tinting for api &lt;21,2015-03-19,Pre-GenAI
Stack Overflow,5144,How should I pass multiple parameters to an ASP.Net Web API GET?,2012-06-07,Pre-GenAI
Stack Overflow,5145,How to get MD5 sum of a string using python?,2011-03-14,Pre-GenAI
Stack Overflow,5146,How to get Kubernetes cluster name from K8s API,2016-07-07,Pre-GenAI
Stack Overflow,5147,What is the `sensor` parameter for in the Google Places API?,2011-12-23,Pre-GenAI
Stack Overflow,5148,What is the difference between an API App and a Web App?,2015-07-13,Pre-GenAI
Stack Overflow,5149,When to use record vs class vs struct,2020-11-13,Pre-GenAI
Stack Overflow,5150,The application may be doing too much work on its main thread,2013-02-04,Pre-GenAI
Stack Overflow,5151,Web API and ValidateAntiForgeryToken,2012-07-13,Pre-GenAI
Stack Overflow,5152,Alternatives to google maps api,2010-11-11,Pre-GenAI
Stack Overflow,5153,Proper way to set response status and JSON content in a REST API made with nodejs and express,2014-09-26,Pre-GenAI
Stack Overflow,5154,How to manage REST API versioning with spring?,2013-11-25,Pre-GenAI
Stack Overflow,5155,Is the Scala 2.8 collections library a case of &quot;the longest suicide note in history&quot;?,2009-11-12,Pre-GenAI
Stack Overflow,5156,How can I create a Java 8 LocalDate from a long Epoch time in Milliseconds?,2016-02-03,Pre-GenAI
Stack Overflow,5157,Proper use of the HsOpenSSL API to implement a TLS Server,2011-11-23,Pre-GenAI
Stack Overflow,5158,"I want to concat two strings for a TextView in android, Data Binding Api",2016-10-14,Pre-GenAI
Stack Overflow,5159,activeNetworkInfo.type is deprecated in API level 28,2018-11-29,Pre-GenAI
Stack Overflow,5160,GlobalConfiguration.Configure() not present after Web API 2 and .NET 4.5.1 migration,2013-11-26,Pre-GenAI
Stack Overflow,5161,How do API Keys and Secret Keys work? Would it be secure if I have to pass my API and secret keys to,2010-04-20,Pre-GenAI
Stack Overflow,5162,Net Core API: Purpose of ProducesResponseType,2019-08-27,Pre-GenAI
Stack Overflow,5163,Managing the lifetimes of garbage-collected objects,2015-05-20,Pre-GenAI
Stack Overflow,5164,JWT (JSON Web Token) automatic prolongation of expiration,2014-11-04,Pre-GenAI
Stack Overflow,5165,UnsupportedTemporalTypeException when formatting Instant to String,2014-08-10,Pre-GenAI
Stack Overflow,5166,Make REST API call in Swift,2014-06-20,Pre-GenAI
Stack Overflow,5167,Error: invalid_client no application name,2013-09-07,Pre-GenAI
Stack Overflow,5168,Difference between RxJava API and the Java 9 Flow API,2017-11-17,Pre-GenAI
Stack Overflow,5169,How do I detect dark mode using JavaScript?,2019-05-31,Pre-GenAI
Stack Overflow,5170,How can I see the entire HTTP request that&#39;s being sent by my Python application?,2012-05-14,Pre-GenAI
Stack Overflow,5171,Difference between DataSet API and DataFrame API,2016-05-18,Pre-GenAI
Stack Overflow,5172,Chrome Fullscreen API,2011-10-20,Pre-GenAI
Stack Overflow,5173,Call another rest api from my server in Spring-Boot,2017-02-21,Pre-GenAI
Stack Overflow,5174,How do I secure REST API calls?,2012-12-15,Pre-GenAI
Stack Overflow,5175,"Activity, AppCompatActivity, FragmentActivity, and ActionBarActivity: When to Use Which?",2015-07-08,Pre-GenAI
Stack Overflow,5176,Entity Framework Code First - Advantages and disadvantages of Fluent Api vs Data Annotations,2011-03-18,Pre-GenAI
Stack Overflow,5177,Which one is the best PDF-API for PHP?,2009-10-30,Pre-GenAI
Stack Overflow,5178,Python (and Python C API): __new__ versus __init__,2011-02-01,Pre-GenAI
Stack Overflow,5179,Google Search autocomplete API?,2011-06-21,Pre-GenAI
Stack Overflow,5180,Google goggles API,2010-01-17,Pre-GenAI
Stack Overflow,5181,Where can I find jenkins restful api reference?,2014-09-04,Pre-GenAI
Stack Overflow,5182,Build query string for System.Net.HttpClient get,2013-06-13,Pre-GenAI
Stack Overflow,5183,catch all unhandled exceptions in ASP.NET Web Api,2013-04-16,Pre-GenAI
Stack Overflow,5184,setImmediate vs. nextTick,2013-03-11,Pre-GenAI
Stack Overflow,5185,Android API Level vs Android Version,2011-12-25,Pre-GenAI
Stack Overflow,5186,How to use the C socket API in C++ on z/OS,2008-08-01,Pre-GenAI
Stack Overflow,5187,How to use the C socket API in C++ on z/OS,2008-08-01,Pre-GenAI
Stack Overflow,5188,Web API optional parameters,2016-07-07,Pre-GenAI
Stack Overflow,5189,Is there direct Google Meet API (instead of Google Calendar API)?,2020-04-14,Pre-GenAI
Stack Overflow,5190,ASP.NET Web API OperationCanceledException when browser cancels the request,2014-03-03,Pre-GenAI
Stack Overflow,5191,Best architectural approaches for building iOS networking applications (REST clients),2014-06-11,Pre-GenAI
Stack Overflow,5192,REST vs JSON-RPC?,2013-02-24,Pre-GenAI
Stack Overflow,5193,HttpClient not supporting PostAsJsonAsync method C#,2013-10-03,Pre-GenAI
Stack Overflow,5194,"Replies to a particular tweet, Twitter API",2010-04-22,Pre-GenAI
Stack Overflow,5195,Efficient way to remove ALL whitespace from String?,2011-06-02,Pre-GenAI
Stack Overflow,5196,Swashbuckle/Swagger + ASP.Net Core: &quot;Failed to load API definition&quot;,2018-05-07,Pre-GenAI
Stack Overflow,5197,Google Maps Android API v2 Authorization failure,2012-12-04,Pre-GenAI
Stack Overflow,5198,Mocking time in Java 8&#39;s java.time API,2014-06-30,Pre-GenAI
Stack Overflow,5199,"Do I need to hide API key when using google maps js API? If so, how?",2016-07-01,Pre-GenAI
Stack Overflow,5200,Facebook &#39;Friends.getAppUsers&#39; using Graph API,2010-05-07,Pre-GenAI
Stack Overflow,5201,Structuring online documentation for a REST API,2011-04-22,Pre-GenAI
Stack Overflow,5202,Scala framework for a Rest API Server?,2010-09-09,Pre-GenAI
Stack Overflow,5203,Enable CORS in Web API 2,2013-09-04,Pre-GenAI
Stack Overflow,5204,Get the IP address of the remote host in ASP.NET Web API,2012-03-05,Pre-GenAI
Stack Overflow,5205,Why does the Java API use int instead of short or byte?,2014-11-25,Pre-GenAI
Stack Overflow,5206,web-api POST body object always null,2014-03-30,Pre-GenAI
Stack Overflow,5207,All ASP.NET Web API controllers return 404,2013-03-21,Pre-GenAI
Stack Overflow,5208,Difference between framework vs Library vs IDE vs API vs SDK vs Toolkits?,2012-01-07,Pre-GenAI
Stack Overflow,5209,What&#39;s the API Key for in Google Maps API V3?,2010-05-04,Pre-GenAI
Stack Overflow,5210,UEFA/FIFA scores API,2012-11-14,Pre-GenAI
Stack Overflow,5211,Podcast search API,2010-07-08,Pre-GenAI
Stack Overflow,5212,Is it possible to send an array with the Postman Chrome extension?,2012-10-06,Pre-GenAI
Stack Overflow,5213,How to define UUID property in JSON Schema and Open API (OAS),2018-05-06,Pre-GenAI
Stack Overflow,5214,"Facebook Graph API, how to get users email?",2010-08-31,Pre-GenAI
Stack Overflow,5215,Simple post to Web Api,2013-09-30,Pre-GenAI
Stack Overflow,5216,What APIs are used to draw over other apps (like Facebook&#39;s Chat Heads)?,2013-04-12,Pre-GenAI
Stack Overflow,5217,Convention for HTTP response header to notify clients of deprecated API,2012-12-14,Pre-GenAI
Stack Overflow,5218,Asp Net Web API 2.1 get client IP address,2014-03-20,Pre-GenAI
Stack Overflow,5219,How do I cancel an HTTP fetch() request?,2015-06-25,Pre-GenAI
Stack Overflow,5220,Google Maps Api v3 - find nearest markers,2010-10-30,Pre-GenAI
Stack Overflow,5221,ReferenceError: fetch is not defined,2018-01-25,Pre-GenAI
Stack Overflow,5222,WCF vs ASP .Net Web API,2012-03-19,Pre-GenAI
Stack Overflow,5223,API to automatically upload apk to Google Play?,2013-02-02,Pre-GenAI
Stack Overflow,5224,Sinatra - API - Authentication,2010-08-13,Pre-GenAI
Stack Overflow,5225,Google maps API V3 - multiple markers on exact same spot,2010-08-23,Pre-GenAI
Stack Overflow,5226,TV guide listing API,2010-10-07,Pre-GenAI
Stack Overflow,5227,How do you manage the underlying codebase for a versioned API?,2015-04-26,Pre-GenAI
Stack Overflow,5228,Lightweight Java Object cache API,2008-10-23,Pre-GenAI
Stack Overflow,5229,Stock ticker symbol lookup API,2009-05-20,Pre-GenAI
Stack Overflow,5230,How to concatenate a string with the new 1.8 stream API,2016-06-23,Pre-GenAI
Stack Overflow,5231,How to add global ASP.Net Web Api Filters?,2012-03-01,Pre-GenAI
Stack Overflow,5232,How do you make a HTTP request with C++?,2009-06-18,Pre-GenAI
Stack Overflow,5233,How to post pictures to instagram using API,2013-09-17,Pre-GenAI
Stack Overflow,5234,Using secret api keys on travis-ci,2012-02-18,Pre-GenAI
Stack Overflow,5235,Android invalidateOptionsMenu() for API &lt; 11,2012-12-23,Pre-GenAI
Stack Overflow,5236,How do I prevent a Gateway Timeout with FastCGI on Nginx,2009-02-18,Pre-GenAI
Stack Overflow,5237,How do we determine whether we are using Web API 1 or Web API 2?,2014-05-06,Pre-GenAI
Stack Overflow,5238,How to force ASP.NET Web API to always return JSON?,2012-09-27,Pre-GenAI
Stack Overflow,5239,Document a GraphQL API,2016-09-15,Pre-GenAI
Stack Overflow,5240,Unable to verify leaf signature,2013-11-19,Pre-GenAI
Stack Overflow,5241,Upload files and JSON in ASP.NET Core Web API,2016-12-28,Pre-GenAI
Stack Overflow,5242,How to write a REST API?,2011-02-11,Pre-GenAI
Stack Overflow,5243,REST authentication and exposing the API key,2011-03-29,Pre-GenAI
Stack Overflow,5244,Find out what process registered a global hotkey? (Windows API),2009-05-06,Pre-GenAI
Stack Overflow,5245,How to verify JWT from AWS Cognito in the API backend?,2016-10-28,Pre-GenAI
Stack Overflow,5246,How to design RESTful search/filtering?,2011-02-16,Pre-GenAI
Stack Overflow,5247,Bloomberg Open API,2012-02-01,Pre-GenAI
Stack Overflow,5248,"React frontend and REST API, CSRF",2017-08-28,Pre-GenAI
Stack Overflow,5249,Calling a JSON API with Node.js,2012-08-06,Pre-GenAI
Stack Overflow,5250,FragmentStatePagerAdapter is deprecated from API 27,2018-07-02,Pre-GenAI
Stack Overflow,5251,Swagger not loading - Failed to load API definition: Fetch error undefined,2019-07-02,Pre-GenAI
Stack Overflow,5252,Google Maps Android API v2 - Interactive InfoWindow (like in original android google maps),2013-01-02,Pre-GenAI
Stack Overflow,5253,What does API level mean?,2012-01-29,Pre-GenAI
Stack Overflow,5254,How to implement REST token-based authentication with JAX-RS and Jersey,2014-11-06,Pre-GenAI
Stack Overflow,5255,Intellij - Unable to use newer Java 8 classes - Error : &quot;Usage of API documented as @since 1.6+,2016-06-13,Pre-GenAI
Stack Overflow,5256,Android - onAttach(Context) not called for API 23,2015-08-18,Pre-GenAI
Stack Overflow,5257,Maven parent pom vs modules pom,2010-01-02,Pre-GenAI
Stack Overflow,5258,Google Maps API v2: How to make markers clickable?,2013-01-09,Pre-GenAI
Stack Overflow,5259,A Java API to generate Java source files,2008-09-23,Pre-GenAI
Stack Overflow,5260,ASP.NET Web API - PUT &amp; DELETE Verbs Not Allowed - IIS 8,2012-06-06,Pre-GenAI
Stack Overflow,5261,Python &#39;Requests&#39; POST with param data,2013-04-09,Pre-GenAI
Stack Overflow,5262,Authentication with React Native and API backend,2016-04-29,Pre-GenAI
Stack Overflow,5263,Web API in MVC solution in separate project,2012-10-16,Pre-GenAI
Stack Overflow,5264,ASP.NET Web API session or something?,2012-07-13,Pre-GenAI
Stack Overflow,5265,Android design support library for API 28 (P) not working,2018-06-10,Pre-GenAI
Stack Overflow,5266,"Create code first, many to many, with additional fields in association table",2011-08-13,Pre-GenAI
Stack Overflow,5267,ASP.NET Core Web API Authentication,2016-08-16,Pre-GenAI
Stack Overflow,5268,Angular 4 HttpClient Query Parameters,2017-08-02,Pre-GenAI
Stack Overflow,5269,Token Expired - JSON REST API - Error Code,2012-01-13,Pre-GenAI
Stack Overflow,5270,Load balancer and API Gateway confusion,2020-04-12,Pre-GenAI
Stack Overflow,5271,Where can I make API call with hooks in react?,2018-11-09,Pre-GenAI
Stack Overflow,5272,Google Play Developer API - &quot;The current user has insufficient permissions to perform the reque,2017-04-21,Pre-GenAI
Stack Overflow,5273,REST API Token-based Authentication,2012-03-19,Pre-GenAI
Stack Overflow,5274,Parse an HTML string with JS,2012-05-14,Pre-GenAI
Stack Overflow,5275,Returning anonymous types with Web API,2012-04-12,Pre-GenAI
Stack Overflow,5276,Open API vs. REST API - difference,2018-01-06,Pre-GenAI
Stack Overflow,5277,Where is HttpContent.ReadAsAsync?,2012-05-01,Pre-GenAI
Stack Overflow,5278,Angular: Http vs fetch api,2018-12-06,Pre-GenAI
Stack Overflow,5279,How to get base URL in Web API controller?,2013-11-08,Pre-GenAI
Stack Overflow,5280,Token Authentication for RESTful API: should the token be periodically changed?,2013-01-28,Pre-GenAI
Stack Overflow,5281,Google Geocoding API - REQUEST_DENIED,2010-07-09,Pre-GenAI
Stack Overflow,5282,How do I get video durations with YouTube API version 3?,2013-03-24,Pre-GenAI
Stack Overflow,5283,Is there a way to discover all endpoints of a REST API?,2015-03-11,Pre-GenAI
Stack Overflow,5284,How to rename an AWS API Gateway API instance?,2015-12-17,Pre-GenAI
Stack Overflow,5285,How can you search Google Programmatically Java API,2010-09-16,Pre-GenAI
Stack Overflow,5286,How to enable CORS in ASP.net Core WebAPI,2017-06-06,Pre-GenAI
GitHub Issues,5294,Clean up JNI exceptions,2016-09-02,Pre-GenAI
GitHub Issues,5297,Add UTF encoding check to -Xcheck:jni,2020-05-05,Pre-GenAI
GitHub Issues,5298,Enable atomic free JNI for macOS builds,2019-07-29,Pre-GenAI
GitHub Issues,5300,cmdLineTester_jep178_staticLinking_0 failed ,2019-02-19,Pre-GenAI
GitHub Issues,5301,"JDK19 jni/nullCaller/NullCallerTest.java segfaults on plinux, mac",2022-06-20,Pre-GenAI
GitHub Issues,5302,JNI crash when logging out when running findAllAsync is running,2020-07-24,Pre-GenAI
GitHub Issues,5303,"Could not find 'librealm-jni.so'. Looked for: [x86], but only found: [].",2020-04-26,Pre-GenAI
GitHub Issues,5305,Supported encrypted Realms across multiple processes,2020-04-17,Pre-GenAI
GitHub Issues,5306,ClassLoader/nativeLibrary/NativeLibraryTest.java re-enabled failing: should fail to load the native ,2022-01-24,Pre-GenAI
GitHub Issues,5308,GWT build issue with Pixmap.createFromFrameBuffer,2022-06-18,Pre-GenAI
GitHub Issues,5309,"No JVMTI event JVMTI_EVENT_EXCEPTION_CATCH generated, if exception caught in native code",2019-05-16,Pre-GenAI
GitHub Issues,5310,OpenJDK java/lang/ClassLoader/nativeLibrary/NativeLibraryTest Expected count = 1 but got 2,2022-02-04,Pre-GenAI
GitHub Issues,5313,AArch64 macOS: flushProcessWriteBuffers() not working as expected,2022-04-07,Pre-GenAI
GitHub Issues,5315,Flaky test: errorHandler_useBackupSyncConfigurationForClientReset,2020-09-17,Pre-GenAI
GitHub Issues,5316,Calling RealmQuery.or() twice in a row causes a native crash,2018-09-18,Pre-GenAI
GitHub Issues,5317,Install Python 3 on all OpenJ9 build machines,2019-08-30,Pre-GenAI
GitHub Issues,5318,Add libcriu.so to the linux compile machines,2021-06-02,Pre-GenAI
GitHub Issues,5319,Reduce Criu docker image size,2022-08-19,Pre-GenAI
GitHub Issues,5320,jdk_foreign_0_FAILED - java/foreign/TestHandshake.java,2021-07-19,Pre-GenAI
GitHub Issues,5323,jdk18 sanity.openjdk java/foreign/TestFunctionDescriptor.java UnsatisfiedLinkError InternalDowncallH,2022-07-20,Pre-GenAI
GitHub Issues,5324,AIX jdk-15.0.1+9_openj9-0.24.0-m1 OOM failure running java/foreign/TestSegments.java,2020-12-09,Pre-GenAI
GitHub Issues,5325,Support RealmResults as fields (query views),2014-11-25,Pre-GenAI
GitHub Issues,5327,Allow updating of primary keys,2016-10-07,Pre-GenAI
GitHub Issues,5328,Internal JITServer test failures,2022-02-17,Pre-GenAI
GitHub Issues,5330,Mac crash on osx1011-x86-2 in array copy test,2020-06-03,Pre-GenAI
GitHub Issues,5333,Delete code surrounded by opt_panama and Panama flags,2020-11-24,Pre-GenAI
GitHub Issues,5334,Panama: name conflict with IBM jextract and OpenJDK jextract,2020-11-25,Pre-GenAI
GitHub Issues,5336,Orphaned child objects,2015-12-23,Pre-GenAI
GitHub Issues,5337,Sorting issues,2014-10-06,Pre-GenAI
GitHub Issues,5339,Cannot be @Required or @NotNull.,2017-09-18,Pre-GenAI
GitHub Issues,5341,Support for Null values,2014-10-15,Pre-GenAI
GitHub Issues,5344,Implement the functionalities of Foreign Linker API,2021-04-12,Pre-GenAI
GitHub Issues,5345,sanity.openjdk jdk_foreign_0 java/foreign/TestMismatch.java Agent communication error: java.io.EOFEx,2021-01-21,Pre-GenAI
GitHub Issues,5347,OpenJDK mac java/foreign/TestFunctionDescriptor NoSuchElementException: No value present,2022-02-10,Pre-GenAI
GitHub Issues,5348,OpenJDK jdk16 java/foreign/TestLibraryLookup.java expected [1] but found [0],2021-01-30,Pre-GenAI
GitHub Issues,5349,JDK19: Test failures related to OpenJDK Thread and Loom ,2022-05-31,Pre-GenAI
GitHub Issues,5351,OpenJDK compilation failed error: incompatible types: cannot infer type-variable(s),2022-03-04,Pre-GenAI
GitHub Issues,5352,Allow updating of primary keys,2016-10-07,Pre-GenAI
GitHub Issues,5356,Panama: name conflict with IBM jextract and OpenJDK jextract,2020-11-25,Pre-GenAI
GitHub Issues,5358,JEP 424: Foreign Function & Memory API (Preview),2022-05-10,Pre-GenAI
GitHub Issues,5359,JEP 393 : ScopedMemoryAccess.closeScope0 Implementation,2021-04-15,Pre-GenAI
GitHub Issues,5360,JEP 389: Foreign Linker API (Incubator),2020-11-16,Pre-GenAI
GitHub Issues,5361,JDK18 build breakage due to JDK-8275063: Implementation of Foreign Function & Memory API (Second inc,2021-11-25,Pre-GenAI
GitHub Issues,5362,jdk15 extended.functional cmdLineTester_modularityddrtests !dumpmodule --illegal-access=deny failure,2021-01-22,Pre-GenAI
GitHub Issues,5363,Incompatibility issue with Gradle configuration cache,2021-02-05,Pre-GenAI
GitHub Issues,5367,jdk11 error on AIX 7.2 when using FTPSCLient to transfer a file,2021-12-09,Pre-GenAI
GitHub Issues,5368,Date type compatibility from Cocoa to Java,2016-04-29,Pre-GenAI
GitHub Issues,5370,Grayscale png not properly loaded,2016-04-18,Pre-GenAI
GitHub Issues,5371,Crashes on some devices - arm64-v8a,2018-11-18,Pre-GenAI
GitHub Issues,5372,[FEATURE PROPOSAL W/ IMPLEMENTATION] Faster SpriteBatch: Texture Array with LRU replacement strategy,2020-02-06,Pre-GenAI
GitHub Issues,5376,Crash when set the module in the RealmConfiguration,2017-05-21,Pre-GenAI
GitHub Issues,5377,Realm database not empty after clear all data on app.,2017-02-28,Pre-GenAI
GitHub Issues,5378,Realm is not compatible with Galaxy one running Android 4.4.2,2016-06-26,Pre-GenAI
GitHub Issues,5379,Kotlin @Required annotation not being detected?,2015-10-23,Pre-GenAI
GitHub Issues,5381,Document GSON serializer,2015-05-15,Pre-GenAI
GitHub Issues,5382,App Bundle: MissingLibraryException,2018-05-28,Pre-GenAI
GitHub Issues,5384,Crash on startup,2020-07-09,Pre-GenAI
GitHub Issues,5387,"J9 's JDK8 reports NoSuchMethodError, but the JDK11 is normal.",2022-10-04,Pre-GenAI
GitHub Issues,5388,Add simple docker based AOT test,2022-08-17,Pre-GenAI
GitHub Issues,5390,AIX Semeru 11.0.16.1 - OpenJ9 0.33.0 JNI call failure,2022-09-15,Pre-GenAI
GitHub Issues,5391,jdk18 mauve incompatibility HttpURLConnection.requestPropertiesTest,2021-12-16,Pre-GenAI
GitHub Issues,5392,Memory management is not correct when using cgroup v2,2021-12-20,Pre-GenAI
GitHub Issues,5395,serviceability_jvmti_j9_0_FAILED Compilation failed,2022-09-27,Pre-GenAI
GitHub Issues,5397,[JDK16/Aarch64] Assertion failure occurs frequently in GC during compilation,2021-04-10,Pre-GenAI
GitHub Issues,5398,Intermittent OOM while running AcmeAir monolithic benchmark with containers,2019-07-28,Pre-GenAI
GitHub Issues,5399,JDK8_x86-64_mac_cm compilation failure: [openj9.ddr-jar] Error 2,2020-05-29,Pre-GenAI
GitHub Issues,5400,Find a way of dealing with errors from findSharedData() in the JIT,2021-03-22,Pre-GenAI
GitHub Issues,5401,Repeated compilationAotCacheFullReloFailure  with JITServer,2020-03-27,Pre-GenAI
GitHub Issues,5403,JDK19 Loom : jdk_lang_1_FAILED Compilation failed - ContinuationScope cannot be converted to Option,2022-06-01,Pre-GenAI
GitHub Issues,5404,Allow multiple RealmModules of the same name,2019-10-21,Pre-GenAI
GitHub Issues,5405,Determine the asserts that fire under PROD_WITH_ASSUMES,2022-06-21,Pre-GenAI
GitHub Issues,5406,Document error?,2021-02-02,Pre-GenAI
GitHub Issues,5407,testJITServer_0 testServerUnreachableForAWhile The process is still alive after waiting for 30000ms,2022-02-24,Pre-GenAI
GitHub Issues,5408,gcc10 warnings in the JIT,2022-04-05,Pre-GenAI
GitHub Issues,5409,Explore supporting OMR JitBuilder API from OpenJ9 JIT,2019-05-22,Pre-GenAI
GitHub Issues,5410,Possible to query embedded realm objects directly,2021-05-20,Pre-GenAI
GitHub Issues,5411,Incremental build is not working,2019-09-29,Pre-GenAI
GitHub Issues,5412,Investigate liberty daytrader7 steady-state throughput gap between java8 and java11 ,2020-04-06,Pre-GenAI
GitHub Issues,5413,Enable ILValidator in OpenJ9,2020-03-05,Pre-GenAI
GitHub Issues,5419,Porting OpenJ9 to RISC-V,2019-03-11,Pre-GenAI
GitHub Issues,5421,JTReg Test Fail: sun/nio/cs/FindDecoderBugs.java,2020-03-26,Pre-GenAI
GitHub Issues,5422,JEP 391 Investigate macOS AArch64 support,2020-11-12,Pre-GenAI
GitHub Issues,5426,Loom: Investigate solutions for <4gb memory limitations,2022-06-01,Pre-GenAI
GitHub Issues,5431,Improve JIT memory protection on AArch64 macOS,2022-03-04,Pre-GenAI
GitHub Issues,5432,Severe memory leak when setUseEngineSocketByDefault(true),2020-04-21,Pre-GenAI
GitHub Issues,5433,Severe memory leak on failed connection,2021-02-27,Pre-GenAI
GitHub Issues,5437,Memory Corruption shortly after starting jenkins app,2021-09-27,Pre-GenAI
GitHub Issues,5438,Out of memory: Be able to open large files.,2019-11-21,Pre-GenAI
GitHub Issues,5441,Remove old transactional memory support in JIT Power codegen,2021-08-13,Pre-GenAI
GitHub Issues,5443,JIT crashing in what looks like an OOM condition,2020-10-01,Pre-GenAI
GitHub Issues,5444,Kubernetes cadvisor reduces value proposition of OpenJ9's Shared Class Cache,2020-11-02,Pre-GenAI
GitHub Issues,5445,Use cgroup limits to adjust internal parameters,2017-09-26,Pre-GenAI
GitHub Issues,5447,Create an MBean to provide access to the last recorded thread/memory usage,2021-08-18,Pre-GenAI
GitHub Issues,5450,"win2012-x86-1 CreateProcess error=1455, The paging file is too small for this operation to complete",2022-01-24,Pre-GenAI
GitHub Issues,5451,Incorporating Restricted Transactional Memory (RTM) and Hardware Lock Elision (HLE) into J9 Locking ,2018-07-26,Pre-GenAI
GitHub Issues,5452,Container memory not detected properly when running in ECS Fargate Platform 1.4.0,2021-02-18,Pre-GenAI
GitHub Issues,5455,VarHandle Performance,2018-09-25,Pre-GenAI
GitHub Issues,5456,CMake Performance regressions,2019-12-30,Pre-GenAI
GitHub Issues,5459,jsr292 performance investigation ,2019-02-22,Pre-GenAI
GitHub Issues,5460,Performance gap between JDK 11 and 17,2022-06-13,Pre-GenAI
GitHub Issues,5462,Performance regression of StringBuilder.append on amd64,2019-07-11,Pre-GenAI
GitHub Issues,5463,Runtime compressed refs interpreter performance,2020-03-16,Pre-GenAI
GitHub Issues,5464,findAll() performance issue on RealmList queries with @Index'ed fields,2019-08-29,Pre-GenAI
GitHub Issues,5466,Slower performance than C2 on hot thread local access,2019-11-05,Pre-GenAI
GitHub Issues,5470,JDK12: OpenJ9 Peak State Performance half that of Hotspot,2019-04-11,Pre-GenAI
GitHub Issues,5471,Performance gap of 3-layer nested loops compared to Hotspot,2022-07-14,Pre-GenAI
GitHub Issues,5472,JITServer client crashes when trying to collect performance metrics,2020-06-04,Pre-GenAI
GitHub Issues,5473,OpenJ9 Perf Results with OJDK MHs enabled,2021-05-19,Pre-GenAI
GitHub Issues,5474,[Performance] Is OpenJ9 slower than Hotspot in this specific case?,2019-05-01,Pre-GenAI
GitHub Issues,5475,Test CRIU functionality on OCP,2021-04-20,Pre-GenAI
GitHub Issues,5476, Liberty Daytrader7 startup performance gap between java8 and java11,2020-10-27,Pre-GenAI
GitHub Issues,5477,MethodHandles: revisit storing LambdaForm classes in the SCC,2022-04-13,Pre-GenAI
GitHub Issues,5478,"Remove TR_ASSERT_FATAL, make TR_ASSERT fatal by default",2021-05-20,Pre-GenAI
GitHub Issues,5479,Smooth migration story:  mapping or supporting critical OpenJDK options ,2019-02-28,Pre-GenAI
GitHub Issues,5480,Could we provide an option to bypass the yieldCPU() call in spinOnFlatLock?,2020-06-16,Pre-GenAI
GitHub Issues,5481,Display CPU Governor information in javacore,2018-09-12,Pre-GenAI
GitHub Issues,5482,Slow application performance when -Xaggressive and/or -Xtune:virtualized JVM options are enabled,2022-01-26,Pre-GenAI
GitHub Issues,5485,Update openssl to the latest security update,2019-10-29,Pre-GenAI
GitHub Issues,5493,JDK17 Windows  jdk_security1_0_FAILED - java.security.ProviderException: java.security.KeyException:,2021-03-01,Pre-GenAI
GitHub Issues,5494,security/infra/java/security/cert/CertPathValidator/certification/AmazonCA.java TEST FAILED: unexpec,2022-04-07,Pre-GenAI
GitHub Issues,5496,Documentation for CRIU Project,2022-03-01,Pre-GenAI
GitHub Issues,5497,sanity.openk jdk_security1_0 java.security.KeyException: Access is denied ,2020-03-16,Pre-GenAI
GitHub Issues,5518,Vector API support,2019-12-11,Pre-GenAI
GitHub Issues,5521,Policy for deprecating options / APIs,2018-06-17,Pre-GenAI
GitHub Issues,5522,Unify Android & iOS Realm API,2017-01-06,Pre-GenAI
GitHub Issues,5523,Typed Query API feature parity,2020-05-07,Pre-GenAI
GitHub Issues,5524,Expose custom_user_data API,2021-08-17,Pre-GenAI
GitHub Issues,5528,Clean up API for TR_EscapeAnalysis,2019-06-05,Pre-GenAI
GitHub Issues,5529,genLoadAddressConstantInSnippet Z API for profiled addresses,2022-03-24,Pre-GenAI
GitHub Issues,5530,TODO for JSR 292 MethodHandleNatives APIs,2020-12-10,Pre-GenAI
GitHub Issues,5531,Support Java 8 time API's,2017-08-14,Pre-GenAI
GitHub Issues,5533,Add API for deleting synchronized Realms,2019-12-10,Pre-GenAI
GitHub Issues,5538,Test Attach API with security manager installed,2018-06-19,Pre-GenAI
GitHub Issues,5539,Merge Jsr292 and OpenJ9_Jsr_292_API,2017-11-16,Pre-GenAI
GitHub Issues,5540,Implement or refactor j9sock API for OSX,2019-01-29,Pre-GenAI
GitHub Issues,5541,Use socket API from portlib for JITaaS,2019-06-14,Pre-GenAI
GitHub Issues,5542,Tool support for catching breaking API changes,2017-05-02,Pre-GenAI
Bugzilla,5543,Bug 912323: js-ctypes-jni issues on latest Nightly as of 20130903,2013-09-04,Pre-GenAI
Bugzilla,5544,Bug 1780582: Work around android JNI generation issue in libwebrtc.,2022-07-21,Pre-GenAI
Bugzilla,5545,Bug 1459078: [wpt-sync] Sync PR 10833 - Handle some html/js polyglots in CORB confirmation sniffing.,2018-05-03,Pre-GenAI
Bugzilla,5546,Bug 1459733: [wpt-sync] Sync PR 10880 - Handle more html/js polyglots in CORB confirmation sniffing.,2018-05-07,Pre-GenAI
Bugzilla,5547,Bug 8957: Video card incompatibility problem?,1999-06-28,Pre-GenAI
Bugzilla,5548,Bug 13656: Upgrade Autoconf to 2.13 to fix GCC 2.95.1 incompatibility,1999-09-13,Pre-GenAI
Bugzilla,5549,Bug 19513: incompatibility with improved Mac OS file system,1999-11-22,Pre-GenAI
Bugzilla,5550,"Bug 21618: JS ""var"" incompatibility due to ECMA changes",1999-12-13,Pre-GenAI
Bugzilla,5551,Bug 39334: Kinsington Mouse driver incompatibility - scrolling,2000-05-15,Pre-GenAI
Bugzilla,5552,Bug 39335: Kensington Mouse driver incompatibility - scrolling,2000-05-15,Pre-GenAI
Bugzilla,5553,Bug 41864: ECMA function call incompatibility,2000-06-08,Pre-GenAI
Bugzilla,5554,Bug 49643: Third Party Incompatibility,2000-08-21,Pre-GenAI
Bugzilla,5555,Bug 49756: Mozilla not wrapping pages properly -- appears to be UBB code incompatibility,2000-08-22,Pre-GenAI
Bugzilla,5556,Bug 49876: Incompatibility between auto-complete and search from address bar,2000-08-22,Pre-GenAI
Bugzilla,5557,Bug 74324: Incompatibility issues with HTML tables created on NS4.7,2001-04-01,Pre-GenAI
Bugzilla,5558,Bug 76512: Need dialog for failed theme switch due to version incompatibility,2001-04-18,Pre-GenAI
Bugzilla,5559,Bug 83200: Incompatibility with libsafe  xpidl malfunction,2001-05-29,Pre-GenAI
Bugzilla,5560,Bug 89668: Release Notes (1.0 ~ 1.3a) need info on theme incompatibility problem,2001-07-06,Pre-GenAI
Bugzilla,5561,"Bug 100568: [fix] images in percentage-width table cell are not wrapping, causing gross incompatibil",2001-09-19,Pre-GenAI
Bugzilla,5562,Bug 130758: Incompatibility between tabbed browsing and mail,2002-03-14,Pre-GenAI
Bugzilla,5563,Bug 134662: MDN:Receipt incompatibility with IncrediMail e-mail program,2002-04-01,Pre-GenAI
Bugzilla,5564,Bug 148300: Okidate Laser Printer Incompatibility,2002-05-31,Pre-GenAI
Bugzilla,5565,Bug 150225: Carbon Java Plugin Incompatibility,2002-06-08,Pre-GenAI
Bugzilla,5566,Bug 150239: Adobe PDF Writer incompatibility,2002-06-08,Pre-GenAI
Bugzilla,5567,Bug 154013: Browser incompatibility?,2002-06-24,Pre-GenAI
Bugzilla,5568,Bug 164241: fileutils incompatibility,2002-08-23,Pre-GenAI
Bugzilla,5569,Bug 188455: Building with gcc 3.x should issue a configure warning about Java incompatibility,2003-01-10,Pre-GenAI
Bugzilla,5570,Bug 189342: Incompatibility with ESMTP servers (such as Postfix),2003-01-16,Pre-GenAI
Bugzilla,5571,Bug 191017: hnseu.com - erroneously reports Flash incompatibility,2003-01-28,Pre-GenAI
Bugzilla,5572,Bug 191811: Mozilla no longer works because of what appears to be a Theme incompatibility problem...,2003-02-03,Pre-GenAI
Bugzilla,5573,"Bug 214663: Thunderbird localization problems, package structure incompatibility with Mozilla and Fi",2003-07-31,Pre-GenAI
Bugzilla,5574,Bug 226082: Apparent incompatibility with Mac OS X Fast User Switching,2003-11-18,Pre-GenAI
Bugzilla,5575,Bug 238499: McAfee antivirus incompatibility: quarantines whole Junk folder from under TBird.,2004-03-24,Pre-GenAI
Bugzilla,5576,"Bug 242982: 100% cpu in any view, no events (workaround 1.7/1.8 getElementsByAttribute incompatibili",2004-05-07,Pre-GenAI
Bugzilla,5577,Bug 245324: Incompatible extension warning needs different text for app incompatibility than version,2004-06-02,Pre-GenAI
Bugzilla,5578,Bug 249251: Prevent theme/extension version incompatibility for subminor Firefox/Thunderbird release,2004-06-30,Pre-GenAI
Bugzilla,5579,Bug 254183: SSL / mod_gzip incompatibility,2004-08-03,Pre-GenAI
Bugzilla,5580,Bug 274565: incompatibility between firefox and thunderbird,2004-12-14,Pre-GenAI
Bugzilla,5581,Bug 278406: Incompatibility with iCal for recurrent events after DST change date,2005-01-14,Pre-GenAI
Bugzilla,5582,Bug 279390: Macromedia Fireworks incompatibility: 3 stage menu (up-over-down) displays incorrectly,2005-01-22,Pre-GenAI
Bugzilla,5583,Bug 283881: Incompatibility with Apple Mac iCal client [bad line ends in wrapped long descriptions],2005-02-27,Pre-GenAI
Bugzilla,5584,Bug 283967: css incompatibility,2005-02-27,Pre-GenAI
Bugzilla,5585,Bug 284474: Converting to UTF-8  a url with an unescaped  non-ASCII chars in the query part leads to,2005-03-02,Pre-GenAI
Bugzilla,5586,Bug 287191: IMAP server setting causes incompatibility,2005-03-22,Pre-GenAI
Bugzilla,5587,Bug 297665: Incompatibility check is not performed when downgrading from 1.0+ to 1.0,2005-06-14,Pre-GenAI
Bugzilla,5588,"Bug 298667: Incompatibility with Exchange when marking a mail as ""Sent"" or ""Forwarded""",2005-06-24,Pre-GenAI
Bugzilla,5589,Bug 299181: bad header showing in browser window -- http 1.1 incompatibility with cached requests,2005-06-29,Pre-GenAI
Bugzilla,5590,Bug 303015: Incompatibility with Roboform leads to subsequent crash,2005-08-01,Pre-GenAI
Bugzilla,5591,"Bug 306651: incompatibility of registry entries with java control panel, causes error if you select ",2005-09-01,Pre-GenAI
Bugzilla,5592,"Bug 316164: Some incompatibility with Shockwave Flash, Firefox crashes",2005-11-12,Pre-GenAI
Bugzilla,5593,Bug 324041: IE DHTML/JavaScript incompatibility,2006-01-19,Pre-GenAI
Bugzilla,5594,Bug 332462: Some incompatibility problem causing repeated crashes with eBay,2006-04-01,Pre-GenAI
Bugzilla,5595,Bug 334126: gettyimages.com - Access refused due to incompatibility,2006-04-15,Pre-GenAI
Bugzilla,5596,Bug 360059: FF2 & 1.5.0.7 Zone Alarm Incompatibility,2006-11-09,Pre-GenAI
Bugzilla,5597,Bug 6792: There are compilation ERRORS on Motif,1999-05-20,Pre-GenAI
Bugzilla,5598,Bug 10728: solaris compilation errors on widget/src/gtk/nsWindow.cpp,1999-07-29,Pre-GenAI
Bugzilla,5599,Bug 15747: Compilation errors with newer gcc compilers,1999-10-07,Pre-GenAI
Bugzilla,5600,Bug 15776: Compilation errors with some gcc versions,1999-10-07,Pre-GenAI
Bugzilla,5601,Bug 25631: Compilation errors with strict compiler,2000-01-29,Pre-GenAI
Bugzilla,5602,Bug 27121: Including plevent.h gives me compilation errors,2000-02-09,Pre-GenAI
Bugzilla,5603,Bug 135119: Networking-related compilation errors in ptio.c,2002-04-03,Pre-GenAI
Bugzilla,5604,Bug 222923: Compilation errors with two configure options (gmake exits),2003-10-20,Pre-GenAI
Bugzilla,5605,Bug 249478: SpiderMonkey 1.5rc6a compilation errors on Fedora Core2 AMD64,2004-07-01,Pre-GenAI
Bugzilla,5606,Bug 289844: 2 errors detected in the compilation of nsHttpAuthManager.cpp,2005-04-11,Pre-GenAI
Bugzilla,5607,Bug 400787: compilation errors while building with vs2005 using avmplus_8.sln files,2007-10-23,Pre-GenAI
Bugzilla,5608,Bug 454984: rhino crashes with org.mozilla.javascript.NodeTransformer.transformCompilationUnit_r(Nod,2008-09-12,Pre-GenAI
Bugzilla,5609,Bug 462144: [redux] Compilation and/or run-time errors for threaded code without peephole optimizati,2008-10-29,Pre-GenAI
Bugzilla,5610,Bug 502301: fix C++0x narrowing conversion inside {} compilation errors,2009-07-04,Pre-GenAI
Bugzilla,5611,Bug 504137: Building with AVMFEATURE_JIT=0 causes compilation errors,2009-07-14,Pre-GenAI
Bugzilla,5612,Bug 536151: libevent compilation errors,2009-12-21,Pre-GenAI
Bugzilla,5613,Bug 536821: IPv6 code compilation errors on AIX 4.3.3,2009-12-26,Pre-GenAI
Bugzilla,5614,Bug 550966: 'Deep recursion on subroutine' if there are compilation errors in the extension code.,2010-03-08,Pre-GenAI
Bugzilla,5615,Bug 560582: compilation errors with PR_STATIC_ASSERT when building mozilla-central with system NSPR,2010-04-20,Pre-GenAI
Bugzilla,5616,"Bug 571632: Compilation errors in ComplexTextInputPanel.h and nsChildView.mm (Mac OS X 10.6, 64 bit)",2010-06-12,Pre-GenAI
Bugzilla,5617,Bug 576883: AIX compilation errors in media/liboggplay and media/liboggz,2010-07-04,Pre-GenAI
Bugzilla,5618,Bug 587612: Errors in #if !ENABLE_YARR_JIT RegExp compilation path (testRegExpTest.js failed on SPAR,2010-08-16,Pre-GenAI
Bugzilla,5619,Bug 623504: AIX compilation errors in storage-backport,2011-01-06,Pre-GenAI
Bugzilla,5620,"Bug 706712: need a test to check lint in less files: syntax errors, compilation errors",2011-12-01,Pre-GenAI
Bugzilla,5621,Bug 742272: Fix DEBUG_CC compilation errors,2012-04-04,Pre-GenAI
Bugzilla,5622,"Bug 786330: Unable to resolve jetpack compilation errors after accidential upgrade to ""addon kit"" 1.",2012-08-28,Pre-GenAI
Bugzilla,5623,Bug 821318: fix compilation errors with WrapRunnable in PeerConnectionImpl.cpp,2012-12-13,Pre-GenAI
Bugzilla,5624,Bug 886128: Fix several clang compilation warnings and some errors in nonstandandard configurations,2013-06-23,Pre-GenAI
Bugzilla,5625,Bug 890491: Preprocessor errors in self-hosted code don't stop compilation,2013-07-05,Pre-GenAI
Bugzilla,5626,Bug 930928: Shader compilation errors should be displayed in the editor,2013-10-25,Pre-GenAI
Bugzilla,5627,Bug 957579: Highlight compilation errors,2014-01-08,Pre-GenAI
Bugzilla,5628,Bug 975508: Compilation errors break Eclipse build,2014-02-21,Pre-GenAI
Bugzilla,5629,Bug 1013065: Bug 65664's NSCAP_DONT_PROVIDE_NONCONST_OPEQ autoconf test fails to compile with -Werro,2014-05-20,Pre-GenAI
Bugzilla,5630,Bug 1024836: Fix compilation errors in RangeAnalysis.cpp with clang-cl,2014-06-13,Pre-GenAI
Bugzilla,5631,Bug 1060886: narrowing conversion inside {} compilation errors,2014-08-31,Pre-GenAI
Bugzilla,5632,Bug 1120239: Warnings-as-errors breaks compilation in MediaStreamSource.cpp,2015-01-11,Pre-GenAI
Bugzilla,5633,Bug 1151683: Compilation errors with MSVC++ 2008,2015-04-07,Pre-GenAI
Bugzilla,5634,Bug 1178514: --enable-clang-plugin + --enable-ipdl-tests = compilation errors,2015-06-29,Pre-GenAI
Bugzilla,5635,Bug 1187173: Warning C4623 on ExtendedValidation.cpp blocks compilation with warnings-as-errors enab,2015-07-24,Pre-GenAI
Bugzilla,5636,Bug 1228742: Intermittent mozpack.errors.ErrorMessage: Error: Error while running startup cache prec,2015-11-28,Pre-GenAI
Bugzilla,5637,Bug 1232218: Compilation errors with qt 5.5.1,2015-12-14,Pre-GenAI
Bugzilla,5638,Bug 1238424: Fix compilation errors on B2G when implementing a new interface for DOM,2016-01-11,Pre-GenAI
Bugzilla,5639,Bug 1317499: Provide a way to test expected compilation errors (e.g. for static_assert's),2016-11-14,Pre-GenAI
Bugzilla,5640,Bug 1431797: Sandbox MinGW Compilation errors: header capialization,2018-01-19,Pre-GenAI
Bugzilla,5641,Bug 1431801: Sandbox MinGW Compilation errors: Don't declare duplicate instantiations,2018-01-19,Pre-GenAI
Bugzilla,5642,Bug 1431803: Sandbox MinGW Compilation errors: __try / __except,2018-01-19,Pre-GenAI
Bugzilla,5643,Bug 1431807: Sandbox MinGW Compilation errors: #error if it doesn't like your MSVC version,2018-01-19,Pre-GenAI
Bugzilla,5644,Bug 1431809: Sandbox MinGW Compilation errors: Missing constants in MinGW,2018-01-19,Pre-GenAI
Bugzilla,5645,Bug 1431825: Sandbox MinGW Compilation errors: _Copy_s not defined,2018-01-19,Pre-GenAI
Bugzilla,5646,Bug 1432239: Sandbox MinGW Compilation errors: no matching function for call to operator new [],2018-01-22,Pre-GenAI
Bugzilla,5647,Bug 91387: memory leaks issues,2001-07-18,Pre-GenAI
Bugzilla,5648,Bug 124608: Imagelib memory usage issues,2002-02-09,Pre-GenAI
Bugzilla,5649,Bug 413557: Facebook Toolbar add-on causes CPU and memory usage issues.,2008-01-22,Pre-GenAI
Bugzilla,5650,Bug 452489: clean up nsMemoryImpl for OOM issues.,2008-08-27,Pre-GenAI
Bugzilla,5651,Bug 462559: Chrome memory leak issues on Firefox 3,2008-10-31,Pre-GenAI
Bugzilla,5652,Bug 470949: Memory management issues particularly when viewing flash videos.,2008-12-23,Pre-GenAI
Bugzilla,5653,Bug 592774: Re-enable Jetpack's memory debugging infrastructure when platform issues are resolved,2010-09-01,Pre-GenAI
Bugzilla,5654,Bug 670765: firefox 5.0.x to 7.0.x: memory management issues,2011-07-11,Pre-GenAI
Bugzilla,5655,Bug 752906: Fix GCLI memory cleanup issues found during Developer Toolbar memory work,2012-05-08,Pre-GenAI
Bugzilla,5656,"Bug 888559: since new firefox , memory issues its using 3 gigs of memory previous version did not do",2013-06-29,Pre-GenAI
Bugzilla,5657,Bug 891599: Provider: memory usage and issues,2013-07-09,Pre-GenAI
Bugzilla,5658,Bug 987982: Adding more locales to v1.4 builds on Buri device: possible memory issues?,2014-03-25,Pre-GenAI
Bugzilla,5659,Bug 990888: [MTBF][Memory Report] Meta Bug For MTBF related Memory Report issues,2014-04-02,Pre-GenAI
Bugzilla,5660,Bug 1020229: valgrind/memgrind uninitialized memory issues for C-C thunderbird,2014-06-04,Pre-GenAI
Bugzilla,5661,Bug 1038470: [Camera][meta] Camera memory-pressure issues,2014-07-15,Pre-GenAI
Bugzilla,5662,Bug 1045883: Potential memory/security issues with loading notification icons.,2014-07-29,Pre-GenAI
Bugzilla,5663,Bug 1063658: Work around memory-backed Blob lifetime issues when passed between processes by Web Act,2014-09-05,Pre-GenAI
Bugzilla,5664,Bug 1080122: Need activity tests for Email<->Gallery and SMS<->Gallery to ensure that memory-backed ,2014-10-08,Pre-GenAI
Bugzilla,5665,Bug 1099414: memory management issues in nICEr if e10s is used,2014-11-14,Pre-GenAI
Bugzilla,5666,Bug 1100605: Memory issues with latest firefox 33.1,2014-11-17,Pre-GenAI
Bugzilla,5667,Bug 1115595: [meta] SC7715 256MB memory optimization issues,2014-12-26,Pre-GenAI
Bugzilla,5668,Bug 1186232: Memory issues for pulse_actions,2015-07-21,Pre-GenAI
Bugzilla,5669,Bug 1307884: [Investigate] Avoid memory issues by clearing out old messages from store,2016-10-05,Pre-GenAI
Bugzilla,5670,Bug 1327017: Several redraw issues in memory tool after switching toolbox mode (nomal/WindowHost),2017-01-01,Pre-GenAI
Bugzilla,5671,Bug 1329219: [meta] Profiler memory usage issues,2017-01-06,Pre-GenAI
Bugzilla,5672,Bug 1330687: More memory corruption issues in nightly build from 01/10/17,2017-01-12,Pre-GenAI
Bugzilla,5673,Bug 1344286: Fix ESLint issues in devtools/client/memory/test/chrome/*.html,2017-03-03,Pre-GenAI
Bugzilla,5674,Bug 1346295: Kibana 4.1 stack runs into memory issues under small queries,2017-03-10,Pre-GenAI
Bugzilla,5675,Bug 1370998: [meta] Tracking bug for WebRender memory issues,2017-06-07,Pre-GenAI
Bugzilla,5676,"Bug 1378679: Low memory laptops, Linux, track element does not work and causes issues",2017-07-06,Pre-GenAI
Bugzilla,5677,Bug 1431901: Firefox Quantum 57: Memory issues,2018-01-20,Pre-GenAI
Bugzilla,5678,Bug 1459290: Issues with running out of Application Memory on latest nightly with WebRender enabled,2018-05-04,Pre-GenAI
Bugzilla,5679,Bug 1495741: Multiple fixes for issues related to memory usage + configuration options for managing ,2018-10-02,Pre-GenAI
Bugzilla,5680,"Bug 1507593: Intermittent Android ""No tests run or test summary not found"" with low memory issues",2018-11-15,Pre-GenAI
Bugzilla,5681,Bug 1556680: [Translate.Next] Potential issues with translation memory,2019-06-04,Pre-GenAI
Bugzilla,5682,Bug 1595895: Find a better solution for valgrind uninitialized memory issues (false-positives?) that,2019-11-12,Pre-GenAI
Bugzilla,5683,"Bug 1639152: Out of memory, Memory consumption issues when running Selenium",2020-05-19,Pre-GenAI
Bugzilla,5684,Bug 1640720: Memory issues on web dynos,2020-05-25,Pre-GenAI
Bugzilla,5685,Bug 1658477: Memory issues,2020-08-11,Pre-GenAI
Bugzilla,5686,"Bug 1676807: High CPU load and memory usage due to Infinite recursion in ""js::ObjectToSource"" and ""j",2020-11-12,Pre-GenAI
Bugzilla,5687,Bug 1714064: SPARC: memory allocation of 13908425006175232 bytes failed (passing argument from C++ t,2021-06-02,Pre-GenAI
Bugzilla,5688,Bug 1762469: Fix some locking issues in xpcom memory reporters,2022-03-31,Pre-GenAI
Bugzilla,5697,Bug 7825: Bugs Related to Ender Performance Issues,1999-06-09,Pre-GenAI
Bugzilla,5698,Bug 9161: messenger related performance tracking issues,1999-07-01,Pre-GenAI
Bugzilla,5699,Bug 9164: --UI Navigation and Infrastructure Performance Tracking Issues.,1999-07-02,Pre-GenAI
Bugzilla,5700,Bug 19004: Performance issues -- this page takes forever to load,1999-11-16,Pre-GenAI
Bugzilla,5701,Bug 34029: Help Performance Issues - seems slow since pages are so big,2000-03-31,Pre-GenAI
Bugzilla,5702,Bug 71668: page loading performance issues,2001-03-12,Pre-GenAI
Bugzilla,5703,"Bug 71861: nsIFile, nsFilespec performance related issues",2001-03-13,Pre-GenAI
Bugzilla,5704,Bug 74634: applications performance issues,2001-04-03,Pre-GenAI
Bugzilla,5705,Bug 78826: Performance issues executing JavaScript.,2001-05-04,Pre-GenAI
Bugzilla,5706,Bug 91369: performance issues: Dialogs/Menubar button press,2001-07-18,Pre-GenAI
Bugzilla,5707,Bug 95314: [meta] necko performance issues,2001-08-15,Pre-GenAI
Bugzilla,5708,Bug 99674: investigate performance issues with CheckAndPopulateRecipients(),2001-09-14,Pre-GenAI
Bugzilla,5709,Bug 117611: [META] JS Engine Performance Issues,2002-01-01,Pre-GenAI
Bugzilla,5710,Bug 118933: [meta] DOM Performance Issues,2002-01-09,Pre-GenAI
Bugzilla,5711,Bug 124325: Speed and performance issues,2002-02-08,Pre-GenAI
Bugzilla,5712,Bug 136075: Serious performance issues,2002-04-07,Pre-GenAI
Bugzilla,5713,Bug 144014: CompareTreePosition performance issues,2002-05-13,Pre-GenAI
Bugzilla,5714,Bug 147799: Serious performance issues loading certain websites,2002-05-29,Pre-GenAI
Bugzilla,5715,Bug 154816: DNS: performance issues,2002-06-28,Pre-GenAI
Bugzilla,5716,Bug 212223: Charset alias performance issues,2003-07-09,Pre-GenAI
Bugzilla,5717,Bug 242364: Serious performance issues painting a fixed-pos scaled image with opacity,2004-05-02,Pre-GenAI
Bugzilla,5718,Bug 273742: Thunderbird performance issues when fetching the headers for a very large IMAP mailbox,2004-12-08,Pre-GenAI
Bugzilla,5719,Bug 282600: Large gif as a background image on the body causes performance issues,2005-02-17,Pre-GenAI
Bugzilla,5720,Bug 300307: Continuation model has performance issues if we have a lot of continuations,2005-07-11,Pre-GenAI
Bugzilla,5721,Bug 334719: Cairo performance issues: Windows,2006-04-19,Pre-GenAI
Bugzilla,5722,Bug 334720: Cairo performance issues: Unix,2006-04-19,Pre-GenAI
Bugzilla,5723,Bug 334721: Cairo performance issues: Mac,2006-04-19,Pre-GenAI
Bugzilla,5724,Bug 394492: SessionStore API performance issues with large number of windows and tabs,2007-08-31,Pre-GenAI
Bugzilla,5725,Bug 414891: Addon installs performance issues,2008-01-30,Pre-GenAI
Bugzilla,5726,Bug 415059: performance issues when focused on keyword bookmark for rfc.net search field,2008-01-31,Pre-GenAI
Bugzilla,5727,Bug 456045: Pages with flash have performance issues.,2008-09-19,Pre-GenAI
Bugzilla,5728,Bug 465087: Stop allowing SVGs to (accidentally) create insanely large pattern surfaces that cause p,2008-11-15,Pre-GenAI
Bugzilla,5729,Bug 487375: Severe performance issues on USB stick while deleting or receiving mail,2009-04-08,Pre-GenAI
Bugzilla,5730,Bug 487832: [meta] Thunderbird startup performance issues,2009-04-10,Pre-GenAI
Bugzilla,5731,Bug 500535: severe performance issues with ff 3.5rc3,2009-06-25,Pre-GenAI
Bugzilla,5732,Bug 507712: LDAP searches from address book are poorly formed and cause performance issues,2009-07-31,Pre-GenAI
Bugzilla,5733,Bug 512970: Performance issues with the latest upgrade,2009-08-27,Pre-GenAI
Bugzilla,5734,Bug 518397: Bugzilla::Util::get_text implementation leads to performance issues on long bugs,2009-09-23,Pre-GenAI
Bugzilla,5735,Bug 533644: Performance Issues - when a new Firefox window is opened,2009-12-09,Pre-GenAI
Bugzilla,5736,Bug 536945: Implement wrapping of tab previews in JS to avoid performance issues with display:block,2009-12-28,Pre-GenAI
Bugzilla,5737,Bug 547538: Work around border rendering performance issues in order to make the location and search,2010-02-21,Pre-GenAI
Bugzilla,5738,Bug 561937: [meta] Tracking bug for layout architectural issues that cause performance problems,2010-04-27,Pre-GenAI
Bugzilla,5739,Bug 567472: content.css performance issues,2010-05-21,Pre-GenAI
Bugzilla,5740,Bug 582489: Much slower on particle demo due to canvas performance issues with fillRect,2010-07-28,Pre-GenAI
Bugzilla,5741,"Bug 593490: Performance issues, (geneal slowness, hiccups)",2010-09-03,Pre-GenAI
Bugzilla,5742,Bug 595671: Animated images (GIFs) cause severe performance issues,2010-09-12,Pre-GenAI
Bugzilla,5743,Bug 611596: OpenGL Hardware Acceleration major performance issues,2010-11-12,Pre-GenAI
Bugzilla,5744,Bug 612113: Performance issues with Flash at MSNBC's Countdown page,2010-11-14,Pre-GenAI
Bugzilla,5745,"Bug 616111: Macro-blocking, rendering and performance issues in windowed mode with Flash 10.2 beta",2010-12-02,Pre-GenAI
Bugzilla,5746,Bug 623923: Tracking bug for cairo tesselator performance issues,2011-01-07,Pre-GenAI
Bugzilla,5747,Bug 38828: Security issues with window.defaultStatus,2000-05-10,Pre-GenAI
Bugzilla,5748,Bug 87661: Security issues with AutoConfig feature/ Moving the creation of AutoConfig,2001-06-25,Pre-GenAI
Bugzilla,5749,Bug 183223: Address security issues for exposing JSObjects via IDispatch,2002-12-03,Pre-GenAI
Bugzilla,5750,Bug 191773: x-jsd: url security issues,2003-02-03,Pre-GenAI
Bugzilla,5751,Bug 213921: [FIX]Backwards assumptions in helper app service could be security issues,2003-07-25,Pre-GenAI
Bugzilla,5752,"Bug 242976: Script failure - no longer able to login, plus possible security issues with latest buil",2004-05-07,Pre-GenAI
Bugzilla,5753,Bug 262887: Secunia background tab security issues (SA12712 -  less critical) -,2004-10-04,Pre-GenAI
Bugzilla,5754,Bug 290517: Viewing the wireless security settings on a Belkin 802.11g wireless print server (Model ,2005-04-15,Pre-GenAI
Bugzilla,5755,Bug 347229: Accessibility issues on Options-Security dialog,2006-08-03,Pre-GenAI
Bugzilla,5756,Bug 381536: New suggestion for Security issues,2007-05-22,Pre-GenAI
Bugzilla,5757,Bug 443138: Security Zone Policy issues when downloading in FFV3 of file sizes greater than 6.4kbs,2008-07-02,Pre-GenAI
Bugzilla,5758,Bug 493663: Add tamarin-security group for processing Tamarin security issues,2009-05-19,Pre-GenAI
Bugzilla,5759,Bug 505216: Template issues with security blog comments,2009-07-20,Pre-GenAI
Bugzilla,5760,Bug 537761: Potential security issues involving redirects of XPI installs,2010-01-04,Pre-GenAI
Bugzilla,5761,"Bug 543087: All my add-ons show the following message: ""Requires additional items. Disabled for your",2010-01-29,Pre-GenAI
Bugzilla,5762,Bug 550166: BIDI issues in IRI display need reviewing for potential security problems,2010-03-04,Pre-GenAI
Bugzilla,5763,"Bug 571365: Upgrade MediaWiki to 1.15.4 to Address Security Issues (XSS, CSRF)",2010-06-10,Pre-GenAI
Bugzilla,5764,Bug 571378: Upgrade Drupal on spreadfirefox.com to Address Security Issues,2010-06-10,Pre-GenAI
Bugzilla,5765,Bug 594259: 2 issues after updating from 3.1.2 to 3.1.3 (security patch),2010-09-08,Pre-GenAI
Bugzilla,5766,Bug 650596: In the release notes can you link to a page which has all the bugs or security issues fi,2011-04-17,Pre-GenAI
Bugzilla,5767,Bug 663139: Paypal: Outdated Browser With Known Security Issues.,2011-06-09,Pre-GenAI
Bugzilla,5768,Bug 664696: GCLI commands should be reviewed for security issues,2011-06-16,Pre-GenAI
Bugzilla,5769,Bug 664959: On cookie security issues,2011-06-17,Pre-GenAI
Bugzilla,5770,Bug 762216: Crash Stats should not leak security issues,2012-06-06,Pre-GenAI
Bugzilla,5771,Bug 778945: upgrade django to fix security issues,2012-07-30,Pre-GenAI
Bugzilla,5772,"Bug 784118: XMLHttpRequest accepts ""data"" protocol - can lead to security issues for websites",2012-08-20,Pre-GenAI
Bugzilla,5773,Bug 787874: Warn or work around addon update check issues when security software messes with SSL cer,2012-09-03,Pre-GenAI
Bugzilla,5774,Bug 797070: A warning about stability and security issues should appear when downloading older versi,2012-10-02,Pre-GenAI
Bugzilla,5775,Bug 825220: Two or three-step confirmation for security related issues is extremly annoying,2012-12-28,Pre-GenAI
Bugzilla,5776,Bug 826995: Fix CSS columns-related security issues (or disable the feature),2013-01-05,Pre-GenAI
Bugzilla,5777,Bug 833478: Plugins that are click-to-play with no *known* security/stability issues should not be l,2013-01-22,Pre-GenAI
Bugzilla,5778,Bug 850556: [Gaia][Browser] Unable to access some Brazilian banking and government websites due to S,2013-03-13,Pre-GenAI
Bugzilla,5779,Bug 860934: Device Storage - Security issues with OOP on FirefoxOS,2013-04-11,Pre-GenAI
Bugzilla,5780,Bug 865345: [Security Review][Fuzzing][LangFuzz] IonMonkey Fuzzing on Aurora to find inlining issues,2013-04-24,Pre-GenAI
Bugzilla,5781,Bug 865435: [Security Review][Fuzzing][jsfunfuzz] IonMonkey Fuzzing on Aurora to find inlining issue,2013-04-24,Pre-GenAI
Bugzilla,5782,Bug 870368: Security issues after log out \ log in sessions,2013-05-09,Pre-GenAI
Bugzilla,5783,Bug 901904: Test failures in /testSecurity/ due to localization issues,2013-08-06,Pre-GenAI
Bugzilla,5784,"Bug 906441: plugins.click_to_play is ignored for flash, exposing security issues",2013-08-18,Pre-GenAI
Bugzilla,5785,Bug 907707: Security issues related to users making directories available to a page via <input type=,2013-08-21,Pre-GenAI
Bugzilla,5786,"Bug 983710: Add a ""Security issues"" category to the Developer HUD",2014-03-14,Pre-GenAI
Bugzilla,5787,Bug 994286: [Security Review][Fuzzing][jsfunfuzz] Lingering issues after bug 982974,2014-04-09,Pre-GenAI
Bugzilla,5788,Bug 999034: List of known possibly security sensitive issues,2014-04-21,Pre-GenAI
Bugzilla,5789,Bug 999735: [B2G][1.4][l10n][Settings] Russian: 'Security issues' string is truncated,2014-04-22,Pre-GenAI
Bugzilla,5790,"Bug 1000339: [B2G][1.4][l10n][Developer HUD]Macedonian: ""Log changes in ADB"" and ""Security issues"" a",2014-04-23,Pre-GenAI
Bugzilla,5791,"Bug 1000353: [B2G][1.4][l10n][Developer HUD]Serbian-Cyrillic: ""Security issues"" is truncated when vi",2014-04-23,Pre-GenAI
Bugzilla,5792,Bug 1045883: Potential memory/security issues with loading notification icons.,2014-07-29,Pre-GenAI
Bugzilla,5793,"Bug 1104005: Can't run ""./mach test browser/devtools/webconsole/test/browser_webconsole_block_mixedc",2014-11-24,Pre-GenAI
Bugzilla,5794,Bug 1128195: Content Security Policy issues misleading debug output in the console,2015-01-31,Pre-GenAI
Bugzilla,5795,"Bug 1195555: Potential security issues with ""Save Link As""",2015-08-17,Pre-GenAI
Bugzilla,5796,Bug 1220992: Multiple security issues with Window.open(),2015-11-03,Pre-GenAI
Bugzilla,5797,Bug 749: nuke GetFontCache API's,1998-09-09,Pre-GenAI
Bugzilla,5798,Bug 993: Unhandled exception in jsapi,1998-10-02,Pre-GenAI
Bugzilla,5799,Bug 1272: Update CAPI API's to CAPI 0.6.,1998-11-05,Pre-GenAI
Bugzilla,5800,Bug 1385: Bug in API.pm when updating multiple attributes,1998-11-16,Pre-GenAI
Bugzilla,5801,Bug 1386: Suggested two methods for API.pm,1998-11-16,Pre-GenAI
Bugzilla,5802,Bug 1387: Bug in API.xs handling zero-value attributes,1998-11-16,Pre-GenAI
Bugzilla,5803,Bug 1409: LDAP API does not return correct Password Policy controls,1998-11-18,Pre-GenAI
Bugzilla,5804,Bug 1989: text-transform:capitalize clashes with :first-letter,1998-12-19,Pre-GenAI
Bugzilla,5805,Bug 2368: [patch] C++ comments in modules/libpref/src/prefapi.c,1999-01-14,Pre-GenAI
Bugzilla,5806,Bug 3082: Switch to the new registry API nsIRegistry,1999-02-09,Pre-GenAI
Bugzilla,5807,Bug 3167: Better Embedding APIs definition to replace.,1999-02-17,Pre-GenAI
Bugzilla,5808,Bug 3434: Escaping in the prefs file,1999-03-05,Pre-GenAI
Bugzilla,5809,Bug 3489: text-transform -- inline element text shouldn't be capitalized,1999-03-07,Pre-GenAI
Bugzilla,5810,Bug 3982: apprunner crashes when attempt to browse JAVA 2 API docs...,1999-03-18,Pre-GenAI
Bugzilla,5811,"Bug 4031: Mail msg with www.women.com attachment uses up resources rapidly when loadidng, doesn't lo",1999-03-19,Pre-GenAI
Bugzilla,5812,Bug 4094: {first-letter}{css1} first-letter color interfers with text-transform: capitalize,1999-03-20,Pre-GenAI
Bugzilla,5813,"Bug 4579: ""&142;"" displays square instead of capital Z hacek",1999-04-06,Pre-GenAI
Bugzilla,5814,Bug 4598: Can't place '#' in general entity value without escaping,1999-04-06,Pre-GenAI
Bugzilla,5815,Bug 4826: [IME]Need Offset To Coordinate Mapping APIs,1999-04-09,Pre-GenAI
Bugzilla,5816,Bug 4827: Need API for determining the global coordinate position of the insertion point,1999-04-09,Pre-GenAI
Bugzilla,5817,Bug 4928: escaping causes blank lines,1999-04-10,Pre-GenAI
Bugzilla,5818,"Bug 4935: Plug-in streaming API does not handle ""File Not found"" error properly",1999-04-10,Pre-GenAI
Bugzilla,5819,Bug 5094: We need DOM reflection of Parser (paste) API...,1999-04-14,Pre-GenAI
Bugzilla,5820,Bug 5133: libpref API should use nsFileSpec,1999-04-15,Pre-GenAI
Bugzilla,5821,Bug 5588: Very slow in viewing JAVA 2 API docs...,1999-04-27,Pre-GenAI
Bugzilla,5822,Bug 7255: Review new DOM APIs,1999-05-27,Pre-GenAI
Bugzilla,5823,Bug 7399: Escaping illegal chars in URLs,1999-06-01,Pre-GenAI
Bugzilla,5824,Bug 7719: need new API in converter lib for 64K bit array,1999-06-07,Pre-GenAI
Bugzilla,5825,Bug 7798: spelling error in locale GetCatagory API,1999-06-08,Pre-GenAI
Bugzilla,5826,Bug 8023: [META][LAYER] site bugs caused by Nav5 non-support for document.layers API,1999-06-11,Pre-GenAI
Bugzilla,5827,Bug 8136: libjar standalone API needs #ifdef MAC entry point,1999-06-14,Pre-GenAI
Bugzilla,5828,Bug 8141: Capitalize xpidl component to XPIDL in Bugzilla.,1999-06-15,Pre-GenAI
Bugzilla,5829,Bug 8142: Capitalize xpidl component to XPIDL in Bugzilla.,1999-06-15,Pre-GenAI
Bugzilla,5830,Bug 8306: [PP] Need to enable Editor API Logging on the Mac,1999-06-16,Pre-GenAI
Bugzilla,5831,Bug 8309: Need to Flush() during Editor API Logging.,1999-06-16,Pre-GenAI
Bugzilla,5832,Bug 8375: Editor API Log fails to set paragraph style.,1999-06-17,Pre-GenAI
Bugzilla,5833,"Bug 8622: API: RegisterComponent should not have a ""replace"" parameter",1999-06-21,Pre-GenAI
Bugzilla,5834,Bug 8623: API: UnregisterComponent shouldn't return nsresult,1999-06-21,Pre-GenAI
Bugzilla,5835,Bug 8677: Editor API Logging busted,1999-06-22,Pre-GenAI
Bugzilla,5836,Bug 8865: need API to convert UCS-2 HTML into a target encoding,1999-06-25,Pre-GenAI
Bugzilla,5837,Bug 9107: Moving the scrollbar thumb rapidly causes error,1999-07-01,Pre-GenAI
Bugzilla,5838,Bug 9135: [API] Couldn't use getAccountKey function in nsIMsgAccountManager from Javascript.,1999-07-01,Pre-GenAI
Bugzilla,5839,Bug 9145: [API] Javascript returns null when accessing RootFolder,1999-07-01,Pre-GenAI
Bugzilla,5840,Bug 9166: Need API to determine Screen chrome,1999-07-02,Pre-GenAI
Bugzilla,5841,Bug 9173: [API] Crashes when displaying Account.identities for the third time.,1999-07-02,Pre-GenAI
Bugzilla,5842,Bug 9574: [FEATURE] Transliteration API,1999-07-10,Pre-GenAI
Bugzilla,5843,Bug 9624: sched: Embedding APIs,1999-07-12,Pre-GenAI
Bugzilla,5844,Bug 9665: [feature] Cursor support: define xp api,1999-07-12,Pre-GenAI
Bugzilla,5845,Bug 9682: sched: High-level API for downloadable chrome,1999-07-12,Pre-GenAI
Bugzilla,5846,Bug 10182: semi private apis in nsISoftwareUpdate,1999-07-20,Pre-GenAI
Stack Overflow,0,JNI DeleteLocalRef Clarification,2014-06-18,Pre-GenAI
Stack Overflow,1,(JNI) is object returned by java code need DeleteLocalRef?,2013-09-02,Pre-GenAI
Stack Overflow,2,Deleting local reference with error &#39;DeleteLocalRef on global reference&#39;,2015-11-02,Pre-GenAI
Stack Overflow,3,using DeleteLocalRef on references from jni&#39;s CallStaticObjectMethod,2014-05-29,Pre-GenAI
Stack Overflow,4,Using DeleteLocalRef after SetObjectArrayElement when building array in JNI,2010-12-06,Pre-GenAI
Stack Overflow,5,Must I DeleteLocalRef an object I have called NewGlobalRef on?,2015-06-09,Pre-GenAI
Stack Overflow,6,NewStringUTF()/DeleteLocalRef() produces JNI ERROR (app bug): accessed stale Local,2022-09-09,Pre-GenAI
Stack Overflow,7,Correct usage of DeleteLocalRef in JNI,2013-05-21,Pre-GenAI
Stack Overflow,8,"Why I used DeleteLocalRef(jclass), but still got memory leak in C++",2015-03-25,Pre-GenAI
Stack Overflow,9,Calling DeleteLocalRef in java native interface,2013-05-18,Pre-GenAI
Stack Overflow,10,jni table overflow even after deleteLocalRef,2012-08-23,Pre-GenAI
Stack Overflow,11,What is the difference between ReleaseFloatArrayElements and DeleteLocalRef,2013-05-03,Pre-GenAI
Stack Overflow,12,Local Reference table overflow but using DeleteLocalRef,2017-05-13,Pre-GenAI
Stack Overflow,13,Is a jbyteArray a jobject (i.e.: as a parameter to DeleteLocalRef)?,2012-12-11,Pre-GenAI
Stack Overflow,14,Can (jni call) `DeleteLocalRef` be used on native function arguments,2011-08-27,Pre-GenAI
Stack Overflow,15,Do I need to DeleteLocalRef a jstring object returned by JNI call?,2019-07-08,Pre-GenAI
Stack Overflow,16,Calling DeleteLocalRef() generates &quot;JNI ERROR (app bug): accessed stale Local 0x19&quot;,2022-02-01,Pre-GenAI
Stack Overflow,17,JNI ERROR (app bug): accessed stale local reference 0x2d when delete a local reference in native met,2017-08-04,Pre-GenAI
Stack Overflow,18,Calling DeleteObjectRef when GetObjectField returns jstring,2021-10-17,Pre-GenAI
Stack Overflow,19,Freeing Local References in android JNI,2012-05-29,Pre-GenAI
Stack Overflow,20,How do I release objects from a jobjectArray?,2013-03-01,Pre-GenAI
Stack Overflow,21,"JNI: Invoke JAVA method from C++, returned objects, References and GC",2015-05-03,Pre-GenAI
Stack Overflow,22,Release memory by using correct method in JNI to prevent memory leak,2013-06-10,Pre-GenAI
Stack Overflow,23,Is there a way to check if jobject is a local or global reference?,2013-09-15,Pre-GenAI
Stack Overflow,24,Application crashing on return statement from jni without error message,2014-01-27,Pre-GenAI
Stack Overflow,25,"Memory management in JNI call, getting Out Of Memory error",2021-02-28,Pre-GenAI
Stack Overflow,26,How to fill a C++ char[] with an JNI jobjectarray (Java String[])?,2016-07-19,Pre-GenAI
Stack Overflow,27,How to structure JNI call to avoid memory leak?,2014-06-10,Pre-GenAI
Stack Overflow,28,Can I delete jmethodID and jFieldID safely?,2018-08-09,Pre-GenAI
Stack Overflow,29,crash at jni GetStringUTFChars,2019-03-18,Pre-GenAI
Stack Overflow,30,Does GetObjectField() return a local reference?,2018-06-01,Pre-GenAI
Stack Overflow,31,jni deleteRef for jclass and jobject,2016-12-06,Pre-GenAI
Stack Overflow,32,JNI local references to classes,2018-03-08,Pre-GenAI
Stack Overflow,33,memory leak while calling java from c++ with jni,2018-04-10,Pre-GenAI
Stack Overflow,34,NDK load assets,2011-11-28,Pre-GenAI
Stack Overflow,35,Deleting jobject references in object assignment JNI invocation API,2018-11-06,Pre-GenAI
Stack Overflow,36,Safe to pass objects to C functions when working in JNI Invocation API?,2010-04-29,Pre-GenAI
Stack Overflow,37,Is there a way to efficiently copy wrapped JNI objects in C++?,2019-01-03,Pre-GenAI
Stack Overflow,38,JNI DETECTED ERROR IN APPLICATION: use of deleted local reference 0x1,2018-07-18,Pre-GenAI
Stack Overflow,39,env-&gt;FindClass function returns null,2012-12-20,Pre-GenAI
Stack Overflow,40,How do I load my own Java class in C on Android?,2011-07-27,Pre-GenAI
Stack Overflow,41,JNI: How to delete a local reference c++,2015-11-24,Pre-GenAI
Stack Overflow,43,When will local reference be cleared if not created inside native method?,2015-03-13,Pre-GenAI
Stack Overflow,45,JNI ReferenceTable overflow: how to release ObjectArray containing Strings,2012-01-04,Pre-GenAI
Stack Overflow,46,JNI methods with more than one argument?,2012-07-19,Pre-GenAI
Stack Overflow,47,How to pass C++ callback as a click handler of a Button in android?,2019-04-05,Pre-GenAI
Stack Overflow,48,Google Play Games C++ SDK,2014-05-07,Pre-GenAI
Stack Overflow,49,How to call Java function with int parameter from JNI,2014-02-12,Pre-GenAI
Stack Overflow,51,how to convert jobject to jstring,2012-12-26,Pre-GenAI
Stack Overflow,52,Using JNIEnv::FindClass: do I need to free the returned jclass reference?,2014-05-19,Pre-GenAI
Stack Overflow,53,Jni calling java function from c++,2015-03-18,Pre-GenAI
Stack Overflow,54,Android NDK: Java JVM openjdkjvmti::MethodUtil::GetMethodName Crash,2018-09-06,Pre-GenAI
Stack Overflow,55,JNI : Is it possible to avoid create a lot of Java object in JNI?,2017-06-19,Pre-GenAI
Stack Overflow,56,Java JNI Programming : Actual usage of the Global References,2015-08-25,Pre-GenAI
Stack Overflow,57,JNI: EnsureLocalCapacity ignored,2013-11-10,Pre-GenAI
Stack Overflow,58,how to correctly send a std::map&lt;&gt; from C++ to Java through JNI?,2018-07-21,Pre-GenAI
Stack Overflow,59,Not able to call ctor in JNI?,2012-07-06,Pre-GenAI
Stack Overflow,60,jstring base64 to string conversion,2017-08-30,Pre-GenAI
Stack Overflow,61,Phonegap - JNI ERROR (app bug): local reference table overflow (max=512),2013-03-19,Pre-GenAI
Stack Overflow,62,"JNI, I can not find the code place of memory leak",2018-09-27,Pre-GenAI
Stack Overflow,63,Sending parameters to java via c++,2013-12-13,Pre-GenAI
Stack Overflow,64,Implement JNI listener,2010-03-08,Pre-GenAI
Stack Overflow,65,How does an Android Qt 5.3 Application load custom Java classes?,2014-08-26,Pre-GenAI
Stack Overflow,66,JNI C++ call onCreate JAVA - Facebook,2013-12-05,Pre-GenAI
Stack Overflow,67,cocos2dx: Multithreading with pthread and JNI calls crashs with “native thread exited without detach,2014-07-17,Pre-GenAI
Stack Overflow,68,Where to free allocated memory by jni NewByteArray,2015-08-09,Pre-GenAI
Stack Overflow,69,Why am I getting a local reference table overflow?,2015-11-30,Pre-GenAI
Stack Overflow,70,Will function result passed as parameter be released in JNI?,2012-06-19,Pre-GenAI
Stack Overflow,71,OOM error in Android JNI,2014-04-20,Pre-GenAI
Stack Overflow,72,Java String Object creation : Execution time difference in both Java &amp; in JNI,2015-08-24,Pre-GenAI
Stack Overflow,73,Shall jarrayObject (array of strings) be deleted/released after usage in a JNI call ?,2015-05-15,Pre-GenAI
Stack Overflow,74,About the array which allocated in JNI,2012-11-02,Pre-GenAI
Stack Overflow,75,Memory leaks using JNI: are we releasing objects property?,2022-02-01,Pre-GenAI
Stack Overflow,76,equinox launcher jni,2013-03-23,Pre-GenAI
Stack Overflow,77,android jni crash in getObjectClass,2019-03-11,Pre-GenAI
Stack Overflow,78,Android NDK overflows dalvik JNI local reference table,2012-06-18,Pre-GenAI
Stack Overflow,79,Passing byte array from native code to the Java side,2012-03-01,Pre-GenAI
Stack Overflow,80,Is there a way to force Java VM to execute immediately an exception sent from JNI?,2019-11-01,Pre-GenAI
Stack Overflow,81,Passing String array from Java to C++,2014-01-11,Pre-GenAI
Stack Overflow,82,JNI: error Last 10 entries in JNI local reference table.,2014-03-17,Pre-GenAI
Stack Overflow,83,Android JNI and NewGlobalRef,2015-09-21,Pre-GenAI
Stack Overflow,84,JNI/Kotlin: Is it possible to pass delegate to JNI?,2018-11-28,Pre-GenAI
Stack Overflow,85,FATAL ERROR in native method: Bad global or local ref passed to JNI,2012-10-14,Pre-GenAI
Stack Overflow,86,Failed adding to JNI pinned array ref table (1024 entries),2012-10-02,Pre-GenAI
Stack Overflow,87,int returned from android jni is the wrong value,2014-08-03,Pre-GenAI
Stack Overflow,88,Exception while calling java method from cpp using JNI,2012-12-14,Pre-GenAI
Stack Overflow,89,Memory leak using JNI to retrieve String&#39;s value from Java code,2009-05-27,Pre-GenAI
Stack Overflow,90,Android JNI ReleaseByteArrayElements does not work,2015-10-08,Pre-GenAI
Stack Overflow,91,Android 11 SAF - native fdopendir + readdir dont show full files list,2021-09-06,Pre-GenAI
Stack Overflow,92,JIN c++ with springboot (Tomcat ENV-&gt;FindClass return null),2020-02-02,Pre-GenAI
Stack Overflow,93,Passing multiple arguments for callback function in java from native c code (JNI),2017-11-28,Pre-GenAI
Stack Overflow,94,Memory Leak in JNI layer for unsigned char array,2012-02-29,Pre-GenAI
Stack Overflow,95,No implementation found for native Ltest/webkit/JWebCoreJavaBridge;.nativeConstructor:()V,2013-10-25,Pre-GenAI
Stack Overflow,96,Return type of CallStaticBooleanMethodV does not match Java method signature - Calling Java method f,2015-03-10,Pre-GenAI
Stack Overflow,97,How to pass a 3D element into JNI?,2022-06-08,Pre-GenAI
Stack Overflow,98,JNI Pass a String from java to c++ and then pass c++ string to string Array,2018-02-14,Pre-GenAI
Stack Overflow,99,jni: java.lang.AbstractMethodError when using defineClass;,2016-10-31,Pre-GenAI
Stack Overflow,100,how to release char**,2019-04-01,Pre-GenAI
Stack Overflow,101,JNI Callback to JAVA from Native Library,2020-01-29,Pre-GenAI
Stack Overflow,102,converting unsigned char * to jbytearray,2012-11-05,Pre-GenAI
Stack Overflow,103,Sending a android.content.Context parameter to a function with JNI,2012-04-12,Pre-GenAI
Stack Overflow,104,call a static JNI method to return a String from C++,2013-12-20,Pre-GenAI
Stack Overflow,105,Qt- Pop up notification using JNI,2015-06-30,Pre-GenAI
Stack Overflow,106,How to read 2D array in jni,2016-07-08,Pre-GenAI
Stack Overflow,107,Java JNI leak in c++ process,2011-03-16,Pre-GenAI
Stack Overflow,108,Does JNI requires ordering of arguments based on argument types,2016-08-23,Pre-GenAI
Stack Overflow,110,jobject to jstring or char* conversion,2012-12-05,Pre-GenAI
Stack Overflow,111,java.lang.StackOverflowError at exit of JNI method,2018-02-14,Pre-GenAI
Stack Overflow,112,How to send several data in JNI between C and Java,2022-02-18,Pre-GenAI
Stack Overflow,113,JNI memory leak from byte array,2013-09-07,Pre-GenAI
Stack Overflow,114,Send String to android JAVA from openFrameworks side (ofApp.cpp)?,2019-08-22,Pre-GenAI
Stack Overflow,115,Kotlin - use Array&lt;Double&gt; or DoubleArray,2018-03-20,Pre-GenAI
Stack Overflow,116,Memory leak sending array from C++ to Java with JNI,2014-07-16,Pre-GenAI
Stack Overflow,117,JNI cached jclass global reference variables being garbage collected?,2010-04-07,Pre-GenAI
Stack Overflow,118,passing argument by using CallNonvirtualVoidMethod,2014-09-13,Pre-GenAI
Stack Overflow,119,ClassCastException on JNI function call: CallVoidMethod,2015-10-27,Pre-GenAI
Stack Overflow,120,Admob Interstitial on cocos2dx 2.2.3,2014-06-04,Pre-GenAI
Stack Overflow,121,Calling java function from c++ using jni: Failed to find static method id,2015-02-13,Pre-GenAI
Stack Overflow,122,How to release jstring in a loop correctly?,2013-07-08,Pre-GenAI
Stack Overflow,123,How to fix &quot;double free or corruption&quot; error?,2021-07-09,Pre-GenAI
Stack Overflow,124,Works up to Android KitKat. I have to run it on Lollipop and up,2016-06-28,Pre-GenAI
Stack Overflow,125,Error occured when sending message through Google Play Game Service with Cocos2d-x,2013-08-06,Pre-GenAI
Stack Overflow,126,NullPointerException when triggering Java method from C++ via JNI,2012-09-06,Pre-GenAI
Stack Overflow,127,Weird corruption of Boolean Array in Java,2012-11-29,Pre-GenAI
Stack Overflow,128,What is the lifetime of JNI localrefs for C++ calling Java?,2015-08-26,Pre-GenAI
Stack Overflow,129,How to know whether it is a memory leak or not when calling native code in Java?,2011-11-23,Pre-GenAI
Stack Overflow,130,How can I send cpp callback function pointer to java,2013-03-04,Pre-GenAI
Stack Overflow,131,JNI - Free ByteBuffer from C++,2013-02-07,Pre-GenAI
Stack Overflow,132,Returning array from JNI to Java causing slow leak,2019-10-09,Pre-GenAI
Stack Overflow,133,Frequent Android crashes while attempting to read /etc/hosts file?,2018-03-17,Pre-GenAI
Stack Overflow,134,Android NDK throwning signal SIGSEGV: invalid address after getting GoogleSignInClient in Activity v,2018-09-07,Pre-GenAI
Stack Overflow,135,JNI access object array from C error,2013-09-12,Pre-GenAI
Stack Overflow,136,calling Endpoints AsyncTask with JNI error,2014-04-16,Pre-GenAI
Stack Overflow,138,Fill ArrayList in JNI yields Segfault,2022-10-24,Pre-GenAI
Stack Overflow,139,Convert c++ object to jobject,2017-01-22,Pre-GenAI
Stack Overflow,140,Modifying underlying data structure of std::vector doesn&#39;t change its size,2015-10-23,Pre-GenAI
Stack Overflow,141,SIGSEGV error in native Android application,2014-10-03,Pre-GenAI
Stack Overflow,142,How can this function produce Java.Lang.NullPointerException?,2018-05-22,Pre-GenAI
Stack Overflow,143,DTrace missing Java frames with ustack(). Running on Joyent SmartOS infrastructure container,2016-07-16,Pre-GenAI
Stack Overflow,144,Android JNI Throwing Fault with no exceptions - Trying to call a callback,2014-10-21,Pre-GenAI
Stack Overflow,145,jni - Slow processing in native,2016-02-20,Pre-GenAI
Stack Overflow,146,ClassCastException: com.soomla.SoomlaApp cannot be cast to org.cocos2dx.cpp.AnalyticsApplication,2015-02-03,Pre-GenAI
Stack Overflow,148,app &quot;unfortunately stopped&quot; when touching interstitial ads,2015-02-05,Pre-GenAI
Stack Overflow,149,Creating Bitmap image from OpenGL ES Framebuffer through JNI on Android NDK,2013-09-29,Pre-GenAI
Stack Overflow,150,How to show Dialog from a static method,2012-11-14,Pre-GenAI
Stack Overflow,151,JNI: how are you meant to handle FindClass failures?,2018-03-08,Pre-GenAI
Stack Overflow,152,How to define a return type for a JNI method with a custom Object class?,2010-11-23,Pre-GenAI
Stack Overflow,153,MyObject cannot be stored in an array of type MyObject[],2019-01-29,Pre-GenAI
Stack Overflow,154,How to fix JNI crash on env-&gt;NewObject?,2013-11-10,Pre-GenAI
Stack Overflow,156,3D Array of floats in JNI C++,2014-07-03,Pre-GenAI
Stack Overflow,157,Code flow in Java using JNI,2012-12-12,Pre-GenAI
Stack Overflow,158,Use method &#39;NewGlobalRef&#39; to reference a global reference,2019-05-10,Pre-GenAI
Stack Overflow,159,JNI / Android NDK - Maintaining a global object reference,2012-09-09,Pre-GenAI
Stack Overflow,160,Need to return an array of struct in c from jni to java (as Object array),2013-02-12,Pre-GenAI
Stack Overflow,161,JNI &quot;NewObject&quot; will not return NULL when initialize it with NULL value?,2016-01-18,Pre-GenAI
Stack Overflow,162,NullPointerException trying to populate array from JNI,2016-04-15,Pre-GenAI
Stack Overflow,163,Android JNI exception handling,2015-11-18,Pre-GenAI
Stack Overflow,164,Why does one apk got different signatures in jni between emulator and real device?,2019-07-16,Pre-GenAI
Stack Overflow,165,C++ signal handler can&#39;t notify Java side,2018-08-14,Pre-GenAI
Stack Overflow,166,JNI passing instance variables to functions referenced from other translation units,2015-09-19,Pre-GenAI
Stack Overflow,167,JNI &quot;local reference table overflow&quot; when using NewGlobalRef,2017-10-30,Pre-GenAI
Stack Overflow,168,JNI: Using CallVoidMethod() with user defined class object,2014-02-24,Pre-GenAI
Stack Overflow,169,JNI Java From C Memory Leak,2011-08-08,Pre-GenAI
Stack Overflow,170,Why jni calls fail on modification of composable remembered values?,2021-10-03,Pre-GenAI
Stack Overflow,171,Failed to get the environment using GetEnv(),2013-02-25,Pre-GenAI
Stack Overflow,172,How to get device id with JNI in Android?,2013-09-24,Pre-GenAI
Stack Overflow,173,the var doesn&#39;t become global but remains local,2012-05-15,Pre-GenAI
Stack Overflow,174,JNI loses reference to native methods,2010-03-16,Pre-GenAI
Stack Overflow,175,JNI NewByteArray memory leak,2011-12-20,Pre-GenAI
Stack Overflow,177,&quot;null upcall object&quot; in SWIG-generated JNI,2022-09-27,Pre-GenAI
Stack Overflow,178,change char* encoding type by using jni,2015-02-07,Pre-GenAI
Stack Overflow,179,Strange Memory Behavoir in JNI,2010-11-21,Pre-GenAI
Stack Overflow,180,Passing std::byte* through JNI to java,2020-06-18,Pre-GenAI
Stack Overflow,181,Invalid indirect reference 0x416f68a0 in decodeIndirectRef,2016-04-25,Pre-GenAI
Stack Overflow,182,SaxonC EE 11.2&#39;s &quot;SaxonProcessor::newXslt30Processor()&quot; returns a Debug Assertion Fail,2022-03-07,Pre-GenAI
Stack Overflow,183,Need Explanation for OpenCV Android Behavior,2016-04-23,Pre-GenAI
Stack Overflow,184,SIGTRAP occurs when using Exception implemented in NDK,2017-12-11,Pre-GenAI
Stack Overflow,185,Unable to find custom java class from jar into a Android Native-Activity app,2022-05-10,Pre-GenAI
Stack Overflow,186,JNI - Instantiate Java ArrayList from C++ Vector,2015-12-24,Pre-GenAI
Stack Overflow,187,JNI / Android : call to non static method in Java from C++?,2013-08-20,Pre-GenAI
Stack Overflow,188,JNI Function Causing Android App to Crash,2013-10-16,Pre-GenAI
Stack Overflow,189,C++ JNI local reference table overflow,2015-02-07,Pre-GenAI
Stack Overflow,190,Why do I need to release global references created in JNI native functions?,2016-03-21,Pre-GenAI
Stack Overflow,191,Crash error: JNI ERROR: local reference table overflow (max=512),2020-01-10,Pre-GenAI
Stack Overflow,192,C: Converting a 2D double array to a java 2D double array,2014-01-11,Pre-GenAI
Stack Overflow,193,JNI can&#39;t release memory,2019-04-02,Pre-GenAI
Stack Overflow,194,How to return 2D long array with JNI,2013-08-02,Pre-GenAI
Stack Overflow,195,FireMonkey Android - handle callback message (JHandle) of JAR object,2018-01-27,Pre-GenAI
Stack Overflow,196,Android foreground service with Qt stops working when the main application has been closed,2020-09-19,Pre-GenAI
Stack Overflow,197,Returning a byte[] from JNI to Java,2011-05-16,Pre-GenAI
Stack Overflow,198,NoSuchMethodError when calling CallVoidMethod,2013-01-07,Pre-GenAI
Stack Overflow,199,Flurry Android events not logging through NDK but logging through java,2013-05-03,Pre-GenAI
Stack Overflow,200,"JNI: SIGSEGV when calling native function from Java, after native registration of same function on l",2021-09-01,Pre-GenAI
Stack Overflow,201,Unable to get JNIEnv* value in arbitrary context,2011-05-13,Pre-GenAI
Stack Overflow,202,Memory leak somewhere between Java and C,2020-11-09,Pre-GenAI
Stack Overflow,203,How to get enum value from java interface with JNI C++,2022-10-11,Pre-GenAI
Stack Overflow,204,Android jni NoSuchMethodError exception,2019-07-12,Pre-GenAI
Stack Overflow,205,Qt call c++ method from java Activity,2021-09-28,Pre-GenAI
Stack Overflow,206,How can I assign the NULL to a float/double variable?,2015-06-09,Pre-GenAI
Stack Overflow,207,Setting up JNI in Android Studio 3,2018-03-24,Pre-GenAI
Stack Overflow,209,Android : JNI ERROR (app bug): local reference table overflow (max=512),2012-06-19,Pre-GenAI
Stack Overflow,210,Memory leak in SWIG polymorphism across C++ and Java using directors,2011-12-22,Pre-GenAI
Stack Overflow,211,Native code exiting without error - probably memory,2012-11-15,Pre-GenAI
Stack Overflow,212,Issue calling back into Java from C++ called during a GLSurcfaceView callback,2012-11-30,Pre-GenAI
Stack Overflow,213,Invalid indirect reference on NewObject call,2012-06-15,Pre-GenAI
Stack Overflow,214,Memory leak with jobjectarray parameter,2018-09-07,Pre-GenAI
Stack Overflow,215,JNI : convert Primitive type to jobject Or SetObjectArrayElement of Object type after casting,2016-05-18,Pre-GenAI
Stack Overflow,216,JNI- unpinned primitve array error,2016-02-03,Pre-GenAI
Stack Overflow,217,JNI wrapper definition for a short array,2013-10-04,Pre-GenAI
Stack Overflow,218,Qt for Android JNI: java.lang.NoSuchMethodError,2018-05-04,Pre-GenAI
Stack Overflow,219,C code needs to call Java code buffer but no way to get its JNIEnv,2015-12-18,Pre-GenAI
Stack Overflow,220,JNI calling non static function segfaults,2015-09-19,Pre-GenAI
Stack Overflow,221,Jacobi-update: Crash when using Tango.getCameraIntrinsics,2015-03-23,Pre-GenAI
Stack Overflow,222,Android NDK JNI_OnLoad not getting called,2015-11-02,Pre-GenAI
Stack Overflow,223,"How to map Java ArrayList&lt;float[]&gt; to C++ Vector&lt;array&lt;float,size&gt;&gt; in JniWrapper?",2019-10-18,Pre-GenAI
Stack Overflow,224,Android ndk: c++ call java static method success but dose not work,2017-10-17,Pre-GenAI
Stack Overflow,225,Why does my call to an EGL function change when running it in Java code through JNI?,2014-07-18,Pre-GenAI
Stack Overflow,226,How to make a proper call from Android to a non-static function in Java? (Cocos2Dx in the mix),2012-03-05,Pre-GenAI
Stack Overflow,228,EXCEPTION_ACCESS_VIOLATION when using large array in C,2014-01-13,Pre-GenAI
Stack Overflow,229,JNI reporting Invalid indirect reference on GetByteArrayElements in Android,2014-01-17,Pre-GenAI
Stack Overflow,230,java callback from c++ with android and sdl,2014-12-11,Pre-GenAI
Stack Overflow,231,Retrieve Integer ArrayList passed as value in Hashmap through JNI,2021-08-11,Pre-GenAI
Stack Overflow,232,What are the rules for JNI local references returned to a program that embeds a Java VM?,2017-02-18,Pre-GenAI
Stack Overflow,233,Calling the Main in c by jni in android,2014-05-12,Pre-GenAI
Stack Overflow,236,Active Directory A device attached to the system is not functioning when creating ad user using jni,2022-09-18,Pre-GenAI
Stack Overflow,237,Can&#39;t find the root cause that app been kill by android,2015-06-02,Pre-GenAI
Stack Overflow,238,JNI for C using Swig &amp; trouble with function pointer callback,2015-08-25,Pre-GenAI
Stack Overflow,239,How to sendbroadcast in callback function,2019-01-10,Pre-GenAI
Stack Overflow,240,"In JNI, can you pass a C integer parameter to a Java primitive int?",2020-04-02,Pre-GenAI
Stack Overflow,241,How to return a 3D array from C to Java?,2016-02-19,Pre-GenAI
Stack Overflow,242,Android Expand JNI Local Reference Table,2013-06-10,Pre-GenAI
Stack Overflow,243,android apk JNI report can&#39;t find method,2013-09-17,Pre-GenAI
Stack Overflow,244,JNI byteArray passing help,2011-04-09,Pre-GenAI
Stack Overflow,245,Memory leak in C++ where Java is called via JNI,2017-09-27,Pre-GenAI
Stack Overflow,246,Android Nexus 10 blank png from JNI ByteArray,2015-10-20,Pre-GenAI
Stack Overflow,247,Create a JFrame using JNI,2021-05-21,Pre-GenAI
Stack Overflow,248,JNI Environment pointer in a static c++ object and calling a java function taking a string argument ,2016-03-10,Pre-GenAI
Stack Overflow,249,JNI ERROR (app bug): attempt to use stale Local 0x31 (should be 0x39),2018-11-23,Pre-GenAI
Stack Overflow,250,Android MessageDigest NoSuchAlgorithmException after calling JNI Function,2013-07-26,Pre-GenAI
Stack Overflow,251,Call Java function from native function based on cached jobject and methodID fail,2013-04-05,Pre-GenAI
Stack Overflow,252,ReferenceTable overflow (max=512) JNI,2012-02-21,Pre-GenAI
Stack Overflow,254,ReferenceTable overflow (max=1024),2013-05-03,Pre-GenAI
Stack Overflow,255,Android. Problems with AudioTrack class. Sound sometimes lost,2014-01-29,Pre-GenAI
Stack Overflow,256,I&#39;m trying to modify a byte array and send it from c++ to java via the JNI,2018-04-05,Pre-GenAI
Stack Overflow,257,JNI Callbacks failed to invoke,2013-09-19,Pre-GenAI
Stack Overflow,258,"Superpowered NDK Android: returning int succeeds in &quot;extern&quot; block, fails in called functi",2017-01-06,Pre-GenAI
Stack Overflow,259,Android-NDK - fread,2016-07-22,Pre-GenAI
Stack Overflow,260,JNI Bindings - Undefined symbol: gcj_personality_v0,2011-02-27,Pre-GenAI
Stack Overflow,261,Not able to attach through oracle forms GUI object using dll injection and JNI,2016-01-07,Pre-GenAI
Stack Overflow,262,Superpowered Android NDK: get positionPercent to update audio progress seekbar,2017-01-03,Pre-GenAI
Stack Overflow,263,JNI java.lang.NoSuchFieldError in Android Studio,2018-07-12,Pre-GenAI
Stack Overflow,264,Native method not found / runtime exception,2015-03-09,Pre-GenAI
Stack Overflow,265,Java method is not invoked when calling it from native pthread,2013-11-12,Pre-GenAI
Stack Overflow,266,Why does the same native thread appear to call methods from different Java threads?,2020-04-20,Pre-GenAI
Stack Overflow,267,Android an NDK method has a reentrancy issue,2018-04-30,Pre-GenAI
Stack Overflow,268,Spring Boot with embedded Tomcat fails when JVM executes from JNI in C++ application,2018-02-08,Pre-GenAI
Stack Overflow,269,C++ NDK library memory management for jobjectarray return method,2018-07-07,Pre-GenAI
Stack Overflow,270,Android - speed up file deletion using Storage Access Framework,2019-10-02,Pre-GenAI
Stack Overflow,271,Problems including header file from different directory [not a path issue],2011-12-30,Pre-GenAI
Stack Overflow,272,JNI: passing integer array from Java to C,2018-03-14,Pre-GenAI
Stack Overflow,273,Activity messed after playing YUV video use opengles on Android,2015-04-29,Pre-GenAI
Stack Overflow,275,Getting undefined cv::dnn::experimental_dnn error while implementing EAST text detection using c++,2019-02-28,Pre-GenAI
Stack Overflow,276,JNI create double List in c++,2019-07-25,Pre-GenAI
Stack Overflow,277,Unable to cache JAVA VM while calling Java from NativeC/C++,2014-12-22,Pre-GenAI
Stack Overflow,278,MuPDF - Make Similer fuction as given to make array of sentances from text ( C Language),2020-10-14,Pre-GenAI
Stack Overflow,279,OpenGL - Draw object with image texture from .obj/.mtl,2020-11-17,Pre-GenAI
Stack Overflow,281,JNI application throw NoSuchMethodError. Cannot find sun.misc.Unsafe.defineClass and prefetchRead,2022-11-09,Pre-GenAI
Stack Overflow,282,Global reference on NDK getting lost,2017-06-06,Pre-GenAI
Stack Overflow,284,Deadlock creating JFrame using JNI,2021-05-26,Pre-GenAI
Stack Overflow,285,Integrating jpct-ae to Qualcomm&#39;s Vuforia engine in android,2013-03-04,Pre-GenAI
Stack Overflow,286,How to get result in Java from native c++ Function defined with Qt(QJniEnvironment::RegisterNatives),2022-05-27,Pre-GenAI
Stack Overflow,287,Unconventional and dodgy Android crash in during JNI/OpenGL ES loading code,2011-08-04,Pre-GenAI
Stack Overflow,288,OpenGL texture ID generated more than once,2013-03-17,Pre-GenAI
Stack Overflow,289,JNI Throwing StackOverflowExcpetion when native libraries aren&#39;t loaded from java.exe directory,2021-02-17,Pre-GenAI
Stack Overflow,290,Android NDK: local reference table overflow,2013-03-08,Pre-GenAI
Stack Overflow,291,"Creating c++ instance in JNI Layer, passing it to Java class as a long object, but methods are retur",2020-05-29,Pre-GenAI
Stack Overflow,292,How to properly and simply use callbacks in JNI NDK Android,2020-09-29,Pre-GenAI
Stack Overflow,293,Audio playback using ffmpeg and audiotrack android,2014-12-15,Pre-GenAI
Stack Overflow,294,Invoking Java Jar code from JNI in C++,2013-05-25,Pre-GenAI
Stack Overflow,295,Integrating QtQuick and GL_TEXTURE_EXTERNAL_OES,2018-01-27,Pre-GenAI
Stack Overflow,296,ZXing integrated in Android App (incl. PhoneGap),2011-04-13,Pre-GenAI
Stack Overflow,298,JNI attached to program successfully but cant get fields?,2016-05-31,Pre-GenAI
Stack Overflow,299,signal 6 (SIGABRT),2019-01-11,Pre-GenAI
Stack Overflow,300,Tomcat crashes when calling JNI dll in windows 7,2013-07-07,Pre-GenAI
Stack Overflow,301,libhdfs JNI FindClass returns null with java.io.FileNotFoundException,2015-05-20,Pre-GenAI
Stack Overflow,302,Android Jni : crash in global and local ref variables,2014-09-21,Pre-GenAI
Stack Overflow,303,opencv 2.4.4 for android not works,2013-03-01,Pre-GenAI
Stack Overflow,304,App crashing while calling callback() to java. Getting runtime error due to detatchThread,2020-06-02,Pre-GenAI
Stack Overflow,305,Passing a string from C++ to Java using JNI crashing (Android),2013-12-16,Pre-GenAI
Stack Overflow,306,How to pass a Data from native c binary to android model using JNI?,2020-01-15,Pre-GenAI
Stack Overflow,308,JNI global reference leak and how to debug,2012-07-24,Pre-GenAI
Stack Overflow,309,How to identify the cause of a JNI global reference memory leak?,2011-06-21,Pre-GenAI
Stack Overflow,310,Google Maps leaking JNI global reference,2015-06-11,Pre-GenAI
Stack Overflow,311,What is &#39;JNI Global reference&#39;,2008-09-22,Pre-GenAI
Stack Overflow,312,"JNI Global reference to PacketWriter in smack library, how to identify the cause JNI Global referece",2012-12-04,Pre-GenAI
Stack Overflow,313,Why do I need to release global references created in JNI native functions?,2016-03-21,Pre-GenAI
Stack Overflow,314,"javascript memory leak when DOM element deleted, what kind of reference is affected only global var ",2022-08-07,Pre-GenAI
Stack Overflow,316,How to create more than 46K Global Reference?,2017-06-14,Pre-GenAI
Stack Overflow,317,"D3D leaks, but is it because I have references in global objects?",2015-07-08,Pre-GenAI
Stack Overflow,318,Do GlobalReferences in JNI prevent GC from cleaning up object?,2017-10-11,Pre-GenAI
Stack Overflow,319,leak while blessing an empty reference inside the XS code,2012-11-27,Pre-GenAI
Stack Overflow,320,JNI NewDoubleArray Memory Leak,2016-09-01,Pre-GenAI
Stack Overflow,321,How to output full global reference log for android app with XAMARIN,2017-06-10,Pre-GenAI
Stack Overflow,322,Fragment - Global view variable vs local and inner class listeners and memory leak,2016-03-02,Pre-GenAI
Stack Overflow,323,Possible memory leak using Handler?,2011-08-25,Pre-GenAI
Stack Overflow,324,Why does static inner class mitigate memory leak?,2018-03-07,Pre-GenAI
Stack Overflow,325,The proper way to create a global map to hold multiple C++ objects in JNI,2022-01-12,Pre-GenAI
Stack Overflow,327,Global Vue component in plugin causes memory leak?,2021-10-13,Pre-GenAI
Stack Overflow,328,would sharing a global resolved promise between many promise chains create a memory leak or have per,2016-11-18,Pre-GenAI
Stack Overflow,329,Using global pointers and custom destructor - How to avoid memory leak?,2015-03-11,Pre-GenAI
Stack Overflow,330,"when declare iterator on global variable, not execute in my method",2017-10-25,Pre-GenAI
Stack Overflow,331,Determining if a memory leak is occurring in Python,2014-11-12,Pre-GenAI
Stack Overflow,332,Does using global objects in closures cause memory leaks?,2013-01-20,Pre-GenAI
Stack Overflow,333,Precise explanation of JavaScript &lt;-&gt; DOM circular reference issue,2012-04-10,Pre-GenAI
Stack Overflow,334,Is this Ember Mixin going to Leak Memory like Sieve,2015-05-08,Pre-GenAI
Stack Overflow,335,Is there a better way to do a PopToRoot async without leaking GRefs?,2017-06-20,Pre-GenAI
Stack Overflow,336,Do not place Android context classes in static fields (static reference to a class which has field m,2021-08-03,Pre-GenAI
Stack Overflow,337,Qt C++: Global objects vs. reference chain,2010-06-30,Pre-GenAI
Stack Overflow,338,Why does one of these methods cause a leak and the other not,2011-06-06,Pre-GenAI
Stack Overflow,339,Avoiding global leaking when using JayData 1.3.4 local item store,2014-01-07,Pre-GenAI
Stack Overflow,340,Memory leak when displaying a modal view and dismissing it,2019-09-26,Pre-GenAI
Stack Overflow,341,What is LeakCanary complaining about in this leak trace?,2021-06-11,Pre-GenAI
Stack Overflow,342,VueJS Memory Leak when Switching Routes,2018-07-18,Pre-GenAI
Stack Overflow,343,FirebaseAuthFallbackService memory leak,2021-01-22,Pre-GenAI
Stack Overflow,345,CFRelease on CMSampleBufferRef - Why do I need to call this?,2013-08-27,Pre-GenAI
Stack Overflow,346,"Google DFP in SPA (Angular, Vue) - how to destroy ad and all it&#39;s references to avoid memory lea",2017-11-25,Pre-GenAI
Stack Overflow,347,Android memory leak between activities,2013-01-31,Pre-GenAI
Stack Overflow,348,Impersonation memory leak,2011-02-09,Pre-GenAI
Stack Overflow,350,Javascript: Variable leak in asynchronous promises,2022-01-29,Pre-GenAI
Stack Overflow,352,Does repeating variables cause a memory leak?,2011-08-22,Pre-GenAI
Stack Overflow,353,Angular - Memory leak: mainly in FireFox and IE,2016-06-17,Pre-GenAI
Stack Overflow,354,"How can I intentionally leak an object, so that it will never ever be garbage collected?",2020-06-15,Pre-GenAI
Stack Overflow,356,Will this javascript cause memory leak?,2011-10-02,Pre-GenAI
Stack Overflow,357,Is it completely impossible to reach into a JavaScript closure?,2016-11-28,Pre-GenAI
Stack Overflow,358,How to associate javascript objects with DOM nodes?,2010-12-17,Pre-GenAI
Stack Overflow,359,JavaScript Object allocation issue,2013-04-08,Pre-GenAI
Stack Overflow,360,Possible solution for avoiding memory leak from static context reference,2014-02-17,Pre-GenAI
Stack Overflow,362,"Loading a heap analyser with LD_PRELOAD, and global scope objects in C++",2012-08-03,Pre-GenAI
Stack Overflow,363,Is a Local Reference to the Global Scope Itself Fundamentally a Bad Idea?,2020-09-02,Pre-GenAI
Stack Overflow,364,How can I find the memory leak in my Javascript?,2010-10-08,Pre-GenAI
Stack Overflow,365,Reference type return function: how to return (optional) object,2019-01-17,Pre-GenAI
Stack Overflow,367,Need help for understanding pointer semantics,2011-12-22,Pre-GenAI
Stack Overflow,368,Does Dart/Flutter have the concept of weak references?,2018-04-14,Pre-GenAI
Stack Overflow,369,Android should I pass fragment as weak reference in async task?,2020-08-21,Pre-GenAI
Stack Overflow,370,JS: using &#39;var me = this&#39; to reference an object instead of using a global array,2010-03-14,Pre-GenAI
Stack Overflow,371,Java Memory Leak: WDialogPeer is the only strong reference - why wont it GC?,2012-07-27,Pre-GenAI
Stack Overflow,373,What keeps locally scoped objects alive when listeners are registered?,2011-07-05,Pre-GenAI
Stack Overflow,374,Best place to clean-up App global resources?,2012-08-25,Pre-GenAI
Stack Overflow,375,Admob Memory Leak - avoiding by using empty activity,2012-03-04,Pre-GenAI
Stack Overflow,376,Svg defs encapsulation,2018-01-27,Pre-GenAI
Stack Overflow,377,Running tests with mocha results in memory leak and large string structures,2020-09-28,Pre-GenAI
Stack Overflow,378,perl overload concatenation operator (&quot;.&quot;) problem,2019-01-22,Pre-GenAI
Stack Overflow,379,JavaScript memory management pitfalls?,2009-10-05,Pre-GenAI
Stack Overflow,380,Nodejs | Chrome Memory Debugging,2022-02-28,Pre-GenAI
Stack Overflow,381,How can I use an eventbus without creating a memory leak in Vaadin?,2015-09-15,Pre-GenAI
Stack Overflow,382,Every time I replace Fragment memory usage increases,2016-03-02,Pre-GenAI
Stack Overflow,383,Does the Python 3 interpreter leak memory when embedded?,2012-01-10,Pre-GenAI
Stack Overflow,384,Why to use Application subclass to hold global variables?,2014-09-02,Pre-GenAI
Stack Overflow,385,Perl program leaking memory when compiling regex,2017-04-08,Pre-GenAI
Stack Overflow,386,JS Garbage collection: Reference to object properties cause whole object to remain on Memory?,2017-12-12,Pre-GenAI
Stack Overflow,387,Understanding Mark and Sweep Algorithm in JavaScript,2020-02-22,Pre-GenAI
Stack Overflow,388,Memory leak risk in JavaScript closures,2012-06-25,Pre-GenAI
Stack Overflow,389,Python memory leak w complex workflow,2020-03-30,Pre-GenAI
Stack Overflow,390,Is this a php memory leak?,2013-10-31,Pre-GenAI
Stack Overflow,391,Global variables in JS harmful?,2013-10-11,Pre-GenAI
Stack Overflow,392,How to destroy a cytoscape.js instance,2014-08-29,Pre-GenAI
Stack Overflow,394,Destroy subscriptions to an observable in Knockout,2015-05-28,Pre-GenAI
Stack Overflow,395,Is the unload order of shared libraries well defined at program exit?,2019-10-30,Pre-GenAI
Stack Overflow,396,Keep reference on view/data model after View update,2019-10-04,Pre-GenAI
Stack Overflow,398,Memory leak when using Node.JS native modules,2019-10-04,Pre-GenAI
Stack Overflow,399,Management of Static Global Unmanaged Resources in Multithreaded App,2012-02-13,Pre-GenAI
Stack Overflow,400,Workaround for IE10 setInterval Memory Leak,2013-04-09,Pre-GenAI
Stack Overflow,401,Android Handler changing WeakReference,2013-08-14,Pre-GenAI
Stack Overflow,402,How can i tell if i&#39;m being called during DLL_PROCESS_DETACH after ExitProcess has been called?,2012-04-27,Pre-GenAI
Stack Overflow,403,Valgrind indicates memory leak with shared_ptr c++11,2018-03-25,Pre-GenAI
Stack Overflow,404,MDI WinForm application and duplicate child form memory leak,2009-07-14,Pre-GenAI
Stack Overflow,405,Trying to track down gref leak,2017-09-15,Pre-GenAI
Stack Overflow,406,When drawing an image: System.Runtime.InteropServices.ExternalException: A generic error occurred in,2009-11-20,Pre-GenAI
Stack Overflow,407,LambdaExpression referencing private field,2021-11-05,Pre-GenAI
Stack Overflow,409,Who closes an `InputStream` that is Returned from within a try with resources block?,2020-10-13,Pre-GenAI
Stack Overflow,410,Efficient server-side JavaScript memory management in an express/node.js API,2012-05-14,Pre-GenAI
Stack Overflow,411,Can object keys in javascript cause memory leaks?,2013-08-20,Pre-GenAI
Stack Overflow,412,Doctrine 2 bulk insert/update memory,2014-02-10,Pre-GenAI
Stack Overflow,413,How to prevent context related memory leaks in android,2017-09-25,Pre-GenAI
Stack Overflow,414,How to fix memory leak issue in FusedLocationApi Fragment?,2021-04-27,Pre-GenAI
Stack Overflow,415,Need help to understand memory leak in my Android app,2012-12-09,Pre-GenAI
Stack Overflow,416,Nested closures and captured variables,2015-03-15,Pre-GenAI
Stack Overflow,417,"C++11: std::unordered_map&lt;int, std::stack&lt;int&gt;&gt; getting values from map without copying ",2014-01-03,Pre-GenAI
Stack Overflow,418,jQuery: keeping references to jQuery object during application runtime,2011-10-12,Pre-GenAI
Stack Overflow,419,node.js global queue memory leak no matter what is tried,2021-06-15,Pre-GenAI
Stack Overflow,420,MakeScreenshot leaking?,2012-05-28,Pre-GenAI
Stack Overflow,421,Download Image From Image URL to image view,2013-03-22,Pre-GenAI
Stack Overflow,422,Flask App Memory Leak caused by each API call,2018-04-24,Pre-GenAI
Stack Overflow,423,Using node.js / express / yields / co / postgres do we connect to database on every client connectio,2014-12-25,Pre-GenAI
Stack Overflow,424,javascript - is that a memory leak?,2016-05-08,Pre-GenAI
Stack Overflow,426,Memory leak when using strings &lt; 128KB in Python?,2013-03-12,Pre-GenAI
Stack Overflow,427,Issue Activating Jenkins File Leak Detector PlugIn,2013-08-31,Pre-GenAI
Stack Overflow,428,Custom Storable hooks for dclone-ing a light-weight object referencing a heavy-weight object,2018-11-12,Pre-GenAI
Stack Overflow,429,Get count of reachable live objects,2014-11-12,Pre-GenAI
Stack Overflow,430,Major factors for memory leaks in Rails,2012-09-30,Pre-GenAI
Stack Overflow,431,does garbage collector closes the streamController when reference is lost?,2021-11-14,Pre-GenAI
Stack Overflow,432,What is/are GC root objects referencing Java outer and inner classes?,2020-05-12,Pre-GenAI
Stack Overflow,433,What is the best way to DEBUG memory leaks in a Flex program written in Actionscript and MXML?,2013-11-14,Pre-GenAI
Stack Overflow,435,"Types of memory leaks in a garbage-collected language running in virtual machines (ie, Dalvik)",2014-05-05,Pre-GenAI
Stack Overflow,436,Does wrapping a pointer in shared_ptr guarantee it will be deleted if I continue to use the raw poin,2021-04-30,Pre-GenAI
Stack Overflow,437,android - to set or not to set instance variables to null?,2015-02-10,Pre-GenAI
Stack Overflow,438,Parametrize filtering manager queryset in Django,2019-02-20,Pre-GenAI
Stack Overflow,439,How to avoid memory leaks in PHP 5.4?,2015-09-14,Pre-GenAI
Stack Overflow,440,Deleting jobject references in object assignment JNI invocation API,2018-11-06,Pre-GenAI
Stack Overflow,441,C++: Debugging memory leaks in reference counting system,2009-04-11,Pre-GenAI
Stack Overflow,442,WeakReference to Activity (Android),2010-09-10,Pre-GenAI
Stack Overflow,443,The right use of the Context,2014-06-21,Pre-GenAI
Stack Overflow,444,Alloy createController is not released from memory,2016-05-05,Pre-GenAI
Stack Overflow,445,Where to store dictionary data or function to be available in multiple Polymer elements?,2015-12-30,Pre-GenAI
Stack Overflow,446,How can I use a class instead of id for new YT.Player(),2015-07-31,Pre-GenAI
Stack Overflow,447,Apparent memory leak with numpy tolist() in long running process,2015-12-01,Pre-GenAI
Stack Overflow,448,"Static variables, pattern and Android performance",2015-10-28,Pre-GenAI
Stack Overflow,449,Memory leaks in Appcelerator Android HTTP?,2017-02-23,Pre-GenAI
Stack Overflow,450,Is it ever not safe to throw an exception in a constructor?,2009-07-29,Pre-GenAI
Stack Overflow,451,Objects being retained by unreachable path in Chromium,2013-11-10,Pre-GenAI
Stack Overflow,452,Programmatically accessing function scope using Chrome DevTools console,2014-09-04,Pre-GenAI
Stack Overflow,453,IIS6: 503 errors and CPU spikes,2008-10-02,Pre-GenAI
Stack Overflow,454,PhoneGap Memory Management,2013-09-20,Pre-GenAI
Stack Overflow,455,Ionic 3 ~ DOM Nodes Memory Leaks,2019-12-05,Pre-GenAI
Stack Overflow,456,Unload a module in Python,2010-06-23,Pre-GenAI
Stack Overflow,457,Will the garbage collector free this List when my method finishes running,2012-12-13,Pre-GenAI
Stack Overflow,458,How can I have an object of a derived class &quot;reference&quot; members of an instance of the base,2013-08-17,Pre-GenAI
Stack Overflow,459,How to Pass a Large Data Set to a Function Without an Argument in C,2020-04-08,Pre-GenAI
Stack Overflow,460,Remove an object from an array and then delete,2013-08-11,Pre-GenAI
Stack Overflow,461,What&#39;s a better way to deal with closures in WebAssembly with Rust instead of using forget and l,2020-01-21,Pre-GenAI
Stack Overflow,462,How to securely set up continuous delivery?,2019-04-18,Pre-GenAI
Stack Overflow,463,Function that creates pointers to classes,2019-11-13,Pre-GenAI
Stack Overflow,464,How to MPI_Gather a 2d array of structs with C++?,2016-12-13,Pre-GenAI
Stack Overflow,465,"If you&#39;re binding to an object with read-only properties, should you still implement INotifyProp",2018-08-10,Pre-GenAI
Stack Overflow,466,Swift SpriteKit ARC for dummies,2016-03-04,Pre-GenAI
Stack Overflow,467,Angular JS - Destroy issue clean scope in global way by $destroy,2015-12-29,Pre-GenAI
Stack Overflow,468,Garbage collections and DocumentFragment,2018-08-13,Pre-GenAI
Stack Overflow,470,What might be a strategy to detect a retain cycle in an object hierarchy programmatically?,2012-09-26,Pre-GenAI
Stack Overflow,471,Python memory issues - memory doesn&#39;t get released after finishing a method,2018-10-26,Pre-GenAI
Stack Overflow,472,Javascript: re-using variable for multiple new object(). Bad practice?,2014-04-02,Pre-GenAI
Stack Overflow,473,Android image caching - hard and soft HashMaps question,2011-08-16,Pre-GenAI
Stack Overflow,474,Why does disposing a CancellationTokenSource also release resources from a linked CTS which was crea,2022-11-11,Pre-GenAI
Stack Overflow,475,Circumvent the DOMNodeInsertedIntoDocument event,2011-06-20,Pre-GenAI
Stack Overflow,476,Using/storing derived member in derived class with base class that stores base member,2016-02-10,Pre-GenAI
Stack Overflow,477,Is this a good solution to cycling through images?,2011-05-12,Pre-GenAI
Stack Overflow,478,iOS MemoryWatch Class,2011-10-18,Pre-GenAI
Stack Overflow,479,Assigning to a variable in a parent context in Bash,2020-05-05,Pre-GenAI
Stack Overflow,480,"Is it possible to keep track of an object from its finalizer, to detect accidental resurrection of t",2019-03-26,Pre-GenAI
Stack Overflow,481,Java thread leaks when calling back from native thread via JNI,2013-12-02,Pre-GenAI
Stack Overflow,483,Question about Garbage collection C# .NET,2010-08-07,Pre-GenAI
Stack Overflow,484,Monitor Java object destruction,2012-04-18,Pre-GenAI
Stack Overflow,485,Does garbage collection happen when we initialize a char array with a string literal in c?,2014-06-03,Pre-GenAI
Stack Overflow,486,How to add a finalizer on a TVar,2011-03-27,Pre-GenAI
Stack Overflow,487,Platform-Specific Workarounds to C++ Static Destruction / Construction Order Problems,2012-02-03,Pre-GenAI
Stack Overflow,488,Doxygen filter script breaks auto-link generation,2019-08-22,Pre-GenAI
Stack Overflow,489,How do I detect memory access violation and/or memory race conditions?,2010-08-17,Pre-GenAI
Stack Overflow,491,How to use static variables efficiently?,2013-07-17,Pre-GenAI
Stack Overflow,492,Where are vars stored in Nodejs?,2013-03-08,Pre-GenAI
Stack Overflow,493,Firebase unexpected number of concurrent connections,2018-08-10,Pre-GenAI
Stack Overflow,494,Why is there no Android API for getting the current Activity?,2017-01-09,Pre-GenAI
Stack Overflow,495,Achieving C# &quot;readonly&quot; behavior in C++,2010-06-05,Pre-GenAI
Stack Overflow,496,Spring Boot 2 preventing Tomcat 9 from shutting down,2022-04-18,Pre-GenAI
Stack Overflow,498,CPP to Delphi Convertion,2021-03-17,Pre-GenAI
Stack Overflow,500,Two types of repositories and two possible layer location in a Domain Driven Design context?,2013-10-21,Pre-GenAI
Stack Overflow,501,Mysql memory usage growing until OOM and system kills / restarts,2019-11-08,Pre-GenAI
Stack Overflow,502,Per thread singleton pattern,2011-09-09,Pre-GenAI
Stack Overflow,503,"The correct way to declare, alloc, load, and dealloc an NSMutableArray",2010-02-22,Pre-GenAI
Stack Overflow,504,Where are IDBRequest objects held in memory?,2020-04-25,Pre-GenAI
Stack Overflow,505,What is the best way to manage multiple instances of the same dataset class across multiple instance,2021-01-15,Pre-GenAI
Stack Overflow,506,Will dynamic arrays in fields of Delphi objects be automatically deallocated/freed when the object i,2015-03-02,Pre-GenAI
Stack Overflow,507,Application deployed on tomcat unable to find jdbc,2017-09-01,Pre-GenAI
Stack Overflow,509,"how to code around storing data (objects, custom attributes) on DOM nodes",2012-03-16,Pre-GenAI
Stack Overflow,510,Can a C++ class instantiation change its size during runtime,2016-04-22,Pre-GenAI
Stack Overflow,511,Lifetime constraints to model scoped garbage collection,2018-03-08,Pre-GenAI
Stack Overflow,512,"Prime Factoring, no IO",2015-02-24,Pre-GenAI
Stack Overflow,513,Tomcat 6 web app won&#39;t start,2013-09-04,Pre-GenAI
Stack Overflow,514,Node.js &amp; MongoDB | Reducing calls to DB by storing local JSON file,2013-08-20,Pre-GenAI
Stack Overflow,515,Memory management issues between InnoSetup and Delphi DLL,2014-02-04,Pre-GenAI
Stack Overflow,516,Why is the observable sending old values,2019-09-26,Pre-GenAI
Stack Overflow,517,libgit2 how do i commit a file successfully?,2018-07-23,Pre-GenAI
Stack Overflow,518,"jquery html chrome developer tools timeline, jquery firing for every mousemove event?",2011-05-14,Pre-GenAI
Stack Overflow,519,How to make my spring-boot application with spring-boot-starter-actuator finish after context creati,2019-06-17,Pre-GenAI
Stack Overflow,520,Android Studio: Bluetooth Low Energy BLE Advertisements,2016-11-18,Pre-GenAI
Stack Overflow,521,Tomcat (TomEE)/7.0.62 (1.7.2) XML Configuration Files best practices,2015-06-20,Pre-GenAI
Stack Overflow,522,How to check a C/C++ project for consistent #define&#39;s usage?,2019-10-15,Pre-GenAI
Stack Overflow,523,How to avoid singletons when making an OOP state machine design?,2012-08-09,Pre-GenAI
Stack Overflow,524,Deathmatch: Self Executing Anonymous Function -vs- &quot;new function&quot;,2012-03-20,Pre-GenAI
Stack Overflow,525,JNI &quot;local reference table overflow&quot; when using NewGlobalRef,2017-10-30,Pre-GenAI
Stack Overflow,526,JNI error : Local reference table overflow 512 entries,2014-01-04,Pre-GenAI
Stack Overflow,528,JNI ERROR (app bug): local reference table overflow (max=512) even with out Native Code,2016-02-11,Pre-GenAI
Stack Overflow,529,Why am I getting a local reference table overflow?,2015-11-30,Pre-GenAI
Stack Overflow,530,"JNI local reference table overflow, view complete contents of reference table",2015-09-02,Pre-GenAI
Stack Overflow,531,"android - kotlin, custom view, binding, inflating - JNI ERROR (app bug): local reference table overf",2022-01-23,Pre-GenAI
Stack Overflow,532,C++ JNI local reference table overflow,2015-02-07,Pre-GenAI
Stack Overflow,533,Android NDK: local reference table overflow,2013-03-08,Pre-GenAI
Stack Overflow,534,Delete jni local reference table in android,2013-03-22,Pre-GenAI
Stack Overflow,535,Application closed - JNI Local Reference,2013-04-10,Pre-GenAI
Stack Overflow,536,Local Reference table overflow but using DeleteLocalRef,2017-05-13,Pre-GenAI
Stack Overflow,537,JNI: error Last 10 entries in JNI local reference table.,2014-03-17,Pre-GenAI
Stack Overflow,538,E/dalvikvm: JNI ERROR (app bug): local reference table overflow (max=512),2020-08-11,Pre-GenAI
Stack Overflow,539,JNI ERROR(app bug) : local reference table overflow,2015-02-12,Pre-GenAI
Stack Overflow,540,JNI ERROR (app bug): local reference table overflow (max=512),2014-11-01,Pre-GenAI
Stack Overflow,541,Android NDK overflows dalvik JNI local reference table,2012-06-18,Pre-GenAI
Stack Overflow,542,How to view JNI local reference table?,2012-10-18,Pre-GenAI
Stack Overflow,543,Appcelerator Android Ti.Contacts.getAllPeople() jni error local reference table overflow,2016-02-01,Pre-GenAI
Stack Overflow,544,Android : JNI ERROR (app bug): local reference table overflow (max=512),2012-06-19,Pre-GenAI
Stack Overflow,545,how can I read the content of the local reference table in JNI?,2014-08-01,Pre-GenAI
Stack Overflow,546,Phonegap - JNI ERROR (app bug): local reference table overflow (max=512),2013-03-19,Pre-GenAI
Stack Overflow,547,Crash error: JNI ERROR: local reference table overflow (max=512),2020-01-10,Pre-GenAI
Stack Overflow,548,JNI ERROR (app bug): local reference table overflow (max=512) Android,2016-07-27,Pre-GenAI
Stack Overflow,549,Android Webrtc JNI ERROR (app bug): local reference table overflow (max=512),2017-01-22,Pre-GenAI
Stack Overflow,550,JNI table overflow in android app,2017-03-23,Pre-GenAI
Stack Overflow,551,JNI ERROR (app bug): local reference table overflow but doesn&#39;t show where it originates,2018-02-22,Pre-GenAI
Stack Overflow,552,Android Expand JNI Local Reference Table,2013-06-10,Pre-GenAI
Stack Overflow,553,JNI: How to delete a local reference c++,2015-11-24,Pre-GenAI
Stack Overflow,554,Google ML Kit JNI ERROR (app bug): local reference table overflow (max=512) on rk3399 motherboard,2021-12-22,Pre-GenAI
Stack Overflow,555,"JNI code crashes with local reference table overflow error when compiled with GCC, works fine when c",2019-04-21,Pre-GenAI
Stack Overflow,556,Delete JNI local references in android app,2013-03-27,Pre-GenAI
Stack Overflow,557,VM aborting Fatal signal 11 (SIGSEGV) at 0xdeadd00d (code=1),2015-05-15,Pre-GenAI
Stack Overflow,558,NDK - Loop with JObjectArray,2015-02-18,Pre-GenAI
Stack Overflow,559,IndirectReferenceTable Android JNI crash,2018-04-08,Pre-GenAI
Stack Overflow,560,JNI local reference table summary (512 entries),2013-09-06,Pre-GenAI
Stack Overflow,561,What does &quot;stale global reference&quot; mean and how to store jobjects and pass them between th,2013-01-31,Pre-GenAI
Stack Overflow,562,ReferenceTable overflow (max=512) JNI,2012-02-21,Pre-GenAI
Stack Overflow,563,Point table to another table in Lua,2014-11-23,Pre-GenAI
Stack Overflow,564,Android WebView Asset Reference Memory Leak,2012-10-09,Pre-GenAI
Stack Overflow,565,Android Webview JNI ERROR with loadUrl,2013-08-22,Pre-GenAI
Stack Overflow,566,Tabulator 4.6: &quot;Load Table Data From Local File&quot; fails to post JSON file to Tabulator tabl,2020-06-20,Pre-GenAI
Stack Overflow,567,MediaCodec releaseOutputBuffer causes memeory leak,2016-05-01,Pre-GenAI
Stack Overflow,569,Andrjoid JNI simple for next return an error,2011-12-04,Pre-GenAI
Stack Overflow,570,"ReferenceTable overflow (jni android), array objects release",2013-12-25,Pre-GenAI
Stack Overflow,571,PHP json_encode is returning local language characters as html entities. Output needed in unicode,2016-10-18,Pre-GenAI
Stack Overflow,572,VBA: microsoft access database engine could not find the object (SQL query worksheet table),2017-11-30,Pre-GenAI
Stack Overflow,573,Android - ReferenceTable overflow (max=512) when loading big string array from resources,2012-05-05,Pre-GenAI
Stack Overflow,574,How to connect to the CosmosDB Emulator&#39;s table storage using python?,2019-04-09,Pre-GenAI
Stack Overflow,575,Can&#39;t find why Foreign key is incorrectly formed,2019-05-15,Pre-GenAI
Stack Overflow,576,ReferenceTable overflow though not using JNI,2013-10-14,Pre-GenAI
Stack Overflow,577,Updating an SQLite database using the Google Drive Android API,2017-01-02,Pre-GenAI
Stack Overflow,579,How can UISearchDisplayController autorelease cause crash in a different view controller?,2010-05-03,Pre-GenAI
Stack Overflow,580,How to fix org.hibernate.LazyInitializationException: failed to lazily initialize a collection of ro,2022-05-10,Pre-GenAI
Stack Overflow,581,How to tell which thread(s) are producing all the garbage?,2010-05-27,Pre-GenAI
Stack Overflow,582,How to call an a overridden super class method in Java through JNI?,2013-06-04,Pre-GenAI
Stack Overflow,583,How do you return a string (or any pass by reference type) from a function in C using LeetCode,2020-12-09,Pre-GenAI
Stack Overflow,584,Sending ID input from submit to controller action,2019-05-29,Pre-GenAI
Stack Overflow,585,How to calculate price change criteria over a rolling timeframe for market data stored in a PostgreS,2020-05-24,Pre-GenAI
Stack Overflow,586,Rails 4: Paperclip Error Post model missing required attr_accessor for &#39;image_file_name&#39;,2015-10-06,Pre-GenAI
Stack Overflow,587,More than 3 fingers on webview causes app crash?,2013-05-18,Pre-GenAI
Stack Overflow,588,Why is PhoneGap Android app crashing while inserting bunch of data into SQL?,2011-06-09,Pre-GenAI
Stack Overflow,589,timeout/memory leak with Phonegap/Cordova,2013-02-19,Pre-GenAI
Stack Overflow,591,How to get resource string array in android?,2013-10-18,Pre-GenAI
Stack Overflow,592,Freeing JNI Array,2012-12-03,Pre-GenAI
Stack Overflow,593,Linphone crash on network switch in android sometime,2016-12-02,Pre-GenAI
Stack Overflow,594,Calculating table row cells horizontaly. How?,2020-02-23,Pre-GenAI
Stack Overflow,595,Connect Android to wii remote with bluetooth,2011-03-14,Pre-GenAI
Stack Overflow,596,"2.2 emulator - app shuts down, unable to resolve virtual methods?",2012-06-13,Pre-GenAI
Stack Overflow,597,Android: Native process provoke ReferenceTable overflow after a while (android-ndk),2010-11-13,Pre-GenAI
Stack Overflow,598,Android Jni : crash in global and local ref variables,2014-09-21,Pre-GenAI
Stack Overflow,599,Can&#39;t get sql server compact 3.5 / 4 to work with ASP .NET MVC 2,2010-07-11,Pre-GenAI
Stack Overflow,600,Using Hibernate Criteria Builder to query across several joined entities,2020-10-27,Pre-GenAI
Stack Overflow,601,Xamarin Forms - Using SQLite and SQLite Extensions to implement foreign keys,2017-10-04,Pre-GenAI
Stack Overflow,602,Avoiding memory leak in JNI C to/from Java ,2011-07-06,Pre-GenAI
Stack Overflow,603,Digital persona SDK - native problems,2020-04-26,Pre-GenAI
Stack Overflow,604,How to redice the width of a jqGrid filter toolbar,2014-09-24,Pre-GenAI
Stack Overflow,605,How to create a listview from multiple arrays?,2013-10-30,Pre-GenAI
Stack Overflow,606,how to read utf-8 characters from SQlite database,2014-01-29,Pre-GenAI
Stack Overflow,607,Android admob doesn&#39;t work for version 2.3.3 video ads,2013-01-28,Pre-GenAI
Stack Overflow,608,BackupAgentHelper crashing with large numbers of files,2014-09-20,Pre-GenAI
Stack Overflow,609,findViewById returning null in extended LinearLayout,2015-09-19,Pre-GenAI
Stack Overflow,610,Translating Int32 into ushort and back again,2008-09-23,Pre-GenAI
Stack Overflow,611,Airflow Database setup,2020-02-05,Pre-GenAI
Stack Overflow,612,OnClickListener in LinearLayout not triggered,2019-10-16,Pre-GenAI
Stack Overflow,613,"&lt;CFData 0x100516c60 [0x7fff71adaea0]&gt;{length = 6, capacity = 6, bytes = 0x0022412b03ad}",2011-08-05,Pre-GenAI
Stack Overflow,615,OLE error C0000094,2012-03-20,Pre-GenAI
Stack Overflow,616,jni error passing large arrays from java to c,2016-02-20,Pre-GenAI
Stack Overflow,617,Hexo cannot display &quot;next&quot; theme,2020-08-14,Pre-GenAI
Stack Overflow,618,JNR UnsatisfiedLinkError,2017-04-01,Pre-GenAI
Stack Overflow,619,UnsatisfiedLinkError Android,2014-01-22,Pre-GenAI
Stack Overflow,620,OpenCV + Java = UnsatisfiedLinkError,2013-09-05,Pre-GenAI
Stack Overflow,621,RedLaser Sdk UnsatisfiedLinkError,2012-04-03,Pre-GenAI
Stack Overflow,622,UnExpectedException - UnsatisfiedLinkError,2013-01-06,Pre-GenAI
Stack Overflow,623,UnsatisfiedLinkerror,2012-06-28,Pre-GenAI
Stack Overflow,624,JNI UnsatisfiedLinkError - Android,2013-05-06,Pre-GenAI
Stack Overflow,625,UnsatisfiedLinkError in Android,2015-04-24,Pre-GenAI
Stack Overflow,626,JAVA Windows Registry vs UnsatisfiedLinkError,2016-09-12,Pre-GenAI
Stack Overflow,627,UnsatisfiedLinkError: no jcprov in java.library.path,2016-04-26,Pre-GenAI
Stack Overflow,628,UnsatisfiedLinkError with OpenCV and Android,2017-01-29,Pre-GenAI
Stack Overflow,629,Android OpenCV UnsatisfiedLinkError,2013-11-12,Pre-GenAI
Stack Overflow,630,UnsatisfiedLinkError (Native method not found),2014-02-19,Pre-GenAI
Stack Overflow,631,DL4J UnsatisfiedLinkError: no jniopenblas in java.library.path,2017-12-27,Pre-GenAI
Stack Overflow,632,OpenCV 2.4.1: UnsatisfiedLinkError,2012-06-05,Pre-GenAI
Stack Overflow,633,Google Or-Tools : UnsatisfiedLinkError,2020-05-17,Pre-GenAI
Stack Overflow,634,JNI invocation fails with UnsatisfiedLinkError,2010-12-06,Pre-GenAI
Stack Overflow,635,7Zip-JBinding UnsatisfiedLinkError,2012-05-10,Pre-GenAI
Stack Overflow,636,Java JNI UnsatisfiedLinkError,2015-10-04,Pre-GenAI
Stack Overflow,637,UnsatisfiedLinkError with OpenCV in Tomcat,2014-02-15,Pre-GenAI
Stack Overflow,638,Android - UnsatisfiedLinkError: setAndroidSdkVersion,2012-06-11,Pre-GenAI
Stack Overflow,639,Using jni in Android: UNsatisfiedLinkError,2012-07-24,Pre-GenAI
Stack Overflow,640,UnsatisfiedLinkError: org.opencv.highgui.Highgui.imread when process the image,2016-06-14,Pre-GenAI
Stack Overflow,641,Okay to catch UnsatisfiedLinkError to fall back to a different DLL on a call to System.LoadLibrary?,2012-02-02,Pre-GenAI
Stack Overflow,642,android floodfill opencv UnsatisfiedLinkError,2011-10-25,Pre-GenAI
Stack Overflow,643,Java JLibav/Bridj UnsatisfiedLinkError,2015-03-26,Pre-GenAI
Stack Overflow,644,Sporadically UnsatisfiedLinkError with Android NDK,2012-02-21,Pre-GenAI
Stack Overflow,645,Unsatisfiedlinkerror in android (eclipse),2011-06-14,Pre-GenAI
Stack Overflow,646,UnsatisfiedLinkError for tomcat7 windowsOS,2017-01-31,Pre-GenAI
Stack Overflow,647,Getting UnsatisfiedLinkError - please assist,2015-01-19,Pre-GenAI
Stack Overflow,648,UnsatisfiedLinkError swig_module_init,2014-04-15,Pre-GenAI
Stack Overflow,649,UnsatisfiedLinkError when unit testing WritableNativeMap,2016-02-08,Pre-GenAI
Stack Overflow,650,Android UnsatisfiedLinkError when calling SystemClock.uptimeMillis(),2012-02-06,Pre-GenAI
Stack Overflow,651,Swig C++ to Java UnsatisfiedLinkError,2014-11-04,Pre-GenAI
Stack Overflow,652,UnsatisfiedLinkError: libmodpdfium.so missing,2019-06-26,Pre-GenAI
Stack Overflow,653,Sinch on emulator throws unsatisfiedLinkError,2016-04-13,Pre-GenAI
Stack Overflow,654,UnsatisfiedLinkError loading OpenCV (Linux),2016-01-21,Pre-GenAI
Stack Overflow,655,JNI some methods throw UnsatisfiedLinkError,2013-04-10,Pre-GenAI
Stack Overflow,656,How to fix &quot;UnsatisfiedLinkError&quot;,2019-05-02,Pre-GenAI
Stack Overflow,657,UnsatisfiedLinkError: no sqljdbc_auth in java.library.path,2019-07-09,Pre-GenAI
Stack Overflow,658,Java CPLEX Concert UnsatisfiedLinkError,2020-07-08,Pre-GenAI
Stack Overflow,659,MonoDroid Java Bindings: UnsatisfiedLinkError,2013-03-26,Pre-GenAI
Stack Overflow,660,UnsatisfiedLinkError ClassName.methodName()V,2014-11-29,Pre-GenAI
Stack Overflow,661,UnsatisfiedLinkError when acccessing the google calender in GWT,2012-01-19,Pre-GenAI
Stack Overflow,662,JNI UnsatisfiedLinkError and types parsing,2012-05-08,Pre-GenAI
Stack Overflow,663,UnsatisfiedLinkError with sqlite4java Jar on Mac OS X NetBeans,2013-03-21,Pre-GenAI
Stack Overflow,664,UnsatisfiedLinkError at JNI invocation,2012-04-27,Pre-GenAI
Stack Overflow,665,UnsatisfiedLinkError: Native Library jniopencv_core.dll already loaded in another classloader,2013-09-16,Pre-GenAI
Stack Overflow,666,UnsatisfiedLInkError Linking to FFMPEG with NDK,2011-06-08,Pre-GenAI
Stack Overflow,667,"Tess4J on Ubuntu Linux, UnsatisfiedLinkError",2015-04-14,Pre-GenAI
Stack Overflow,668,Using JNI with kotlin gives UnsatisfiedLinkError,2022-09-01,Pre-GenAI
Stack Overflow,669,What does UnsatisfiedLinkError mean?,2015-03-07,Pre-GenAI
Stack Overflow,670,UnsatisfiedLinkError when trying to refactor packages,2015-01-27,Pre-GenAI
Stack Overflow,671,Eclipse oddity: UnsatisfiedLinkError in JNI code,2011-08-25,Pre-GenAI
Stack Overflow,672,AllJoyn Compilation leads to UnsatisfiedLinkError,2016-11-05,Pre-GenAI
Stack Overflow,673,Android Things bundle - UnsatisfiedLinkError,2017-09-11,Pre-GenAI
Stack Overflow,674,JNI UnsatisfiedLinkError - Native method not found,2014-02-14,Pre-GenAI
Stack Overflow,675,android NDK errors: UnsatisfiedLinkError: hello,2015-08-10,Pre-GenAI
Stack Overflow,676,UnsatisfiedLinkError when App is installed in /system/app folder,2016-08-24,Pre-GenAI
Stack Overflow,677,UnsatisfiedLinkError in Multiple Tomcat Instances,2016-07-05,Pre-GenAI
Stack Overflow,678,JNI -- UnsatisfiedLinkError on native method,2012-04-23,Pre-GenAI
Stack Overflow,679,Android NDK - problems with example (UnsatisfiedLinkError),2012-12-21,Pre-GenAI
Stack Overflow,680,"UnsatisfiedLinkError with sqlite4java, no sqlite4java-osx-amd64",2014-04-29,Pre-GenAI
Stack Overflow,681,UnsatisfiedLinkError: findLibrary returned null,2015-03-26,Pre-GenAI
Stack Overflow,682,UnsatisfiedLinkError when using gwt,2017-01-24,Pre-GenAI
Stack Overflow,683,UnsatisfiedLinkError (cannot find dependent libraries),2015-07-29,Pre-GenAI
Stack Overflow,684,UnsatisfiedLinkError when running jpenable in alpine / Jprofile 10,2018-05-21,Pre-GenAI
Stack Overflow,685,UnsatisfiedLinkError libcrypto.so.1.0.0,2019-05-08,Pre-GenAI
Stack Overflow,686,Native library in Tomcat UnsatisfiedLinkError + Windows + eclipse,2016-09-28,Pre-GenAI
Stack Overflow,687,UnsatisfiedLinkError when using native lib,2011-05-24,Pre-GenAI
Stack Overflow,688,UnsatisfiedLinkError when using a JNI native library from Grails application,2013-05-22,Pre-GenAI
Stack Overflow,689,UnsatisfiedLinkError in JD-Eclipse plugin using Eclipse Indigo,2012-11-13,Pre-GenAI
Stack Overflow,690,Shared JNI library (.so) in Tomcat - UnsatisfiedLinkError,2016-10-14,Pre-GenAI
Stack Overflow,691,Opencv Imgcodecs.imread UnsatisfiedLinkError with Play Framework,2017-03-15,Pre-GenAI
Stack Overflow,692,UnsatisfiedLinkError: gnu.io.RXTXPort.nativeSetLowLatency(),2013-08-15,Pre-GenAI
Stack Overflow,693,UnsatisfiedLinkError for M1 Macs while running Play server locally,2021-12-15,Pre-GenAI
Stack Overflow,694,UnsatisfiedLinkError in JNI,2012-11-08,Pre-GenAI
Stack Overflow,695,Android ndk: UnsatisfiedLinkError with ndk_r10 on x86,2014-08-01,Pre-GenAI
Stack Overflow,696,UnsatisfiedLinkError: no libhello in java.library.path,2019-01-09,Pre-GenAI
Stack Overflow,697,Android 5.0 only - UnsatisfiedLinkError,2015-02-16,Pre-GenAI
Stack Overflow,698,JNLP Applet UnsatisfiedLinkError,2014-01-21,Pre-GenAI
Stack Overflow,699,Calling set on VarHandle in java 14 causes UnsatisfiedLinkError,2020-09-23,Pre-GenAI
Stack Overflow,700,UnsatisfiedLinkError - Djava.library.path,2016-09-14,Pre-GenAI
Stack Overflow,701,KAFKA STREAM: UnsatisfiedLinkError on Lib Rocks DB,2018-04-23,Pre-GenAI
Stack Overflow,703,Android App crashs and show UnsatisfiedLinkError,2014-06-11,Pre-GenAI
Stack Overflow,704,Troubles when launching Hello World : unsatisfiedlinkerror with dalvik system?,2013-08-15,Pre-GenAI
Stack Overflow,705,&quot;UnsatisfiedLinkError&quot; appears when &quot;dynamic_cast&quot; is used in Android NDK,2012-03-26,Pre-GenAI
Stack Overflow,707,Android: UnsatisfiedLinkError due to folder structure in &quot;lib&quot;?,2014-11-11,Pre-GenAI
Stack Overflow,708,Android NDK UnsatisfiedLinkError Native method not found,2014-06-10,Pre-GenAI
Stack Overflow,709,Error connecting to oracle. Getting an UnsatisfiedLinkError for the method t2cGetCharSet,2008-10-06,Pre-GenAI
Stack Overflow,710,Android UnsatisfiedLinkError with libicudata after update ndk to r11,2016-04-19,Pre-GenAI
Stack Overflow,711,Catching a UnsatisfiedLinkError,2013-07-01,Pre-GenAI
Stack Overflow,712,processing.video: UnsatisfiedLinkError: Could not load library: gstreamer,2022-08-23,Pre-GenAI
Stack Overflow,713,UnsatisfiedLinkError Java with Rxtx library,2016-05-31,Pre-GenAI
Stack Overflow,714,I can&#39;t figure out why UnsatisfiedLinkError appears,2020-12-09,Pre-GenAI
Stack Overflow,715,Getting UnsatisfiedLinkError: no jnilept in java.library.path when I create TessBaseAPI,2016-09-11,Pre-GenAI
Stack Overflow,716,UnsatisfiedLinkError when invoking JProfiler,2015-05-28,Pre-GenAI
Stack Overflow,717,UnsatisfiedLinkError thrown while initializing class,2014-05-23,Pre-GenAI
Stack Overflow,718,libgdx SpriteBatch UnsatisfiedLinkError desktop,2019-01-29,Pre-GenAI
Stack Overflow,719,UnsatisfiedLinkError (com.esri.core.runtime.LicenseImpl.nativeIsClientIdValid),2015-02-23,Pre-GenAI
Stack Overflow,720,android NDK loading a library - UnsatisfiedLinkError,2012-01-16,Pre-GenAI
Stack Overflow,721,JNI: UnsatisfiedLinkError: Can&#39;t find dependent libraries,2012-08-26,Pre-GenAI
Stack Overflow,722,UnsatisfiedLinkError with JavaCV Android,2013-02-01,Pre-GenAI
Stack Overflow,723,UnsatisfiedLinkError in Samsung Spen SDK with proguard,2013-10-29,Pre-GenAI
Stack Overflow,724,UnsatisfiedLinkError in Processing,2013-07-22,Pre-GenAI
Stack Overflow,725,GWT Timer UnsatisfiedLinkError when testing with Jukito,2019-03-07,Pre-GenAI
Stack Overflow,726,install4j on Mac: &quot;Open PDF Viewer&quot; action causes UnsatisfiedLinkError,2016-10-25,Pre-GenAI
Stack Overflow,727,UnsatisfiedLinkError: no opencv_java245,2013-07-02,Pre-GenAI
Stack Overflow,728,UnsatisfiedLinkError: The specified procedure could not be found,2008-10-01,Pre-GenAI
Stack Overflow,729,OpenCV with Java - UnsatisfiedLinkError: org.opencv.imgcodecs.Imgcodecs.dicomJpgMatRead_0,2021-03-06,Pre-GenAI
Stack Overflow,730,Android - UnsatisfiedLinkError: unknown failure loading libQt5Core.so,2014-01-28,Pre-GenAI
Stack Overflow,731,UnsatisfiedLinkError when trying to load dll in my eclipse project,2018-09-19,Pre-GenAI
Stack Overflow,732,JUnit UnsatisfiedLinkError,2012-11-05,Pre-GenAI
Stack Overflow,733,Automating web application with Jacob api and selenium is produces UnsatisfiedLinkError,2017-10-09,Pre-GenAI
Stack Overflow,734,UnsatisfiedLinkError when trying to use FFmpeg with NDK,2014-04-05,Pre-GenAI
Stack Overflow,735,UnsatisfiedLinkError on a JavaFX native,2014-07-10,Pre-GenAI
Stack Overflow,736,Exception UnsatisfiedLinkError,2016-11-29,Pre-GenAI
Stack Overflow,737,UnsatisfiedLinkError nightmare,2013-06-19,Pre-GenAI
Stack Overflow,738,UnsatisfiedLinkError with JNI,2014-11-19,Pre-GenAI
Stack Overflow,739,Gurobi UnsatisfiedLinkError,2014-12-17,Pre-GenAI
Stack Overflow,740,Android UnsatisfiedLinkError,2018-02-11,Pre-GenAI
Stack Overflow,741,JNI unsatisfiedLinkError?,2012-10-02,Pre-GenAI
Stack Overflow,742,"Java application does not execute on other devices, UnsatisfiedLinkError",2014-09-03,Pre-GenAI
Stack Overflow,743,For second native function showing UnsatisfiedLinkError: No implementation found for .stringFromJNI2,2017-06-27,Pre-GenAI
Stack Overflow,744,"Another JNI, C++, DLL, UnsatisfiedLinkError &lt;Native Method&gt;",2011-12-07,Pre-GenAI
Stack Overflow,745,Kinect UnsatisfiedLinkError: SimpleOpenNI.SimpleOpenNIJNI.swig_module_init()V,2012-10-13,Pre-GenAI
Stack Overflow,746,ExceptionInInitializerError and UnsatisfiedLinkError,2014-05-19,Pre-GenAI
Stack Overflow,747,Android studio: UnsatisfiedLinkError: findLibrary returned null - loading native library,2015-01-26,Pre-GenAI
Stack Overflow,748,Win64 - JNI: UnsatisfiedLinkError: Can&#39;t find dependent libraries,2015-06-15,Pre-GenAI
Stack Overflow,749,UnsatisfiedLinkError with javafx,2013-05-14,Pre-GenAI
Stack Overflow,750,Eclipse JNI UnsatisfiedLinkError when compiling in terminal works,2014-02-05,Pre-GenAI
Stack Overflow,751,JVST UnsatisfiedLinkError,2014-02-06,Pre-GenAI
Stack Overflow,752,Network Security Services for Java (Mozilla JSS) for Mac UnsatisfiedLinkError,2012-08-08,Pre-GenAI
Stack Overflow,753,JNI UnsatisfiedLinkError,2011-11-17,Pre-GenAI
Stack Overflow,754,UnsatisfiedLinkError: dalvik.system.PathClassLoader,2016-06-17,Pre-GenAI
Stack Overflow,755,"how to resolve these error, UnsatisfiedLinkError: no j3dcore-ogl-chk and no j3dcore-d3d in java.libr",2015-01-08,Pre-GenAI
Stack Overflow,756,javaCV UnsatisfiedLinkError,2012-05-21,Pre-GenAI
Stack Overflow,757,UnsatisfiedLinkError exception while working with dll and java jni4net,2015-06-03,Pre-GenAI
Stack Overflow,758,UnsatisfiedLinkError Libgdx Desktop,2013-08-26,Pre-GenAI
Stack Overflow,759,UnsatisfiedLinkError: Couldn&#39;t load X from loader,2014-08-15,Pre-GenAI
Stack Overflow,760,UnsatisfiedLinkError using openjdk:17 inside Docker container,2022-08-01,Pre-GenAI
Stack Overflow,761,Mockito UnsatisfiedLinkError,2014-01-28,Pre-GenAI
Stack Overflow,762,UnsatisfiedLinkError about Static Member initialized in class in ndk r15,2017-11-16,Pre-GenAI
Stack Overflow,763,Native library in android project not found (UnsatisfiedLinkError),2016-04-01,Pre-GenAI
Stack Overflow,764,UnsatisfiedLinkError when trying to load library that is clearly there,2011-12-20,Pre-GenAI
Stack Overflow,765,UnsatisfiedLinkError in FlutterJNI.loadLibrary,2022-11-01,Pre-GenAI
Stack Overflow,766,GWTMockito UnsatisfiedLinkError,2014-10-10,Pre-GenAI
Stack Overflow,767,".so file not found (unsatisfiedlinkerror), but it exist",2022-11-15,Pre-GenAI
Stack Overflow,769,Intellij - UnsatisfiedLinkError: %1 .dll is no valid win32 application,2019-04-05,Pre-GenAI
Stack Overflow,770,Causes of a UnsatisfiedLinkError,2013-04-04,Pre-GenAI
Stack Overflow,771,UnsatisfiedLinkError with javaws,2012-08-31,Pre-GenAI
Stack Overflow,772,UnsatisfiedLinkError native method not found - Android-Telegram,2016-11-08,Pre-GenAI
Stack Overflow,773,Sigar UnsatisfiedLinkError,2012-07-23,Pre-GenAI
Stack Overflow,774,Application Error . UnsatisfiedLinkError,2013-08-16,Pre-GenAI
Stack Overflow,775,Java 64 bit Error &quot;UnsatisfiedLinkError: The specified procedure could not be found&quot;,2013-11-19,Pre-GenAI
Stack Overflow,776,Android UnsatisfiedLinkError with OpenCV 2.4.2,2012-07-23,Pre-GenAI
Stack Overflow,777,UnsatisfiedLinkError in native method,2014-02-04,Pre-GenAI
Stack Overflow,778,UnsatisfiedLinkError when using libstlport_shared.so in project with SQLCipher,2014-11-14,Pre-GenAI
Stack Overflow,779,Strange UnsatisfiedLinkError in Hadoop,2012-04-24,Pre-GenAI
Stack Overflow,780,JNI and C++ - UnsatisfiedLinkError,2014-01-15,Pre-GenAI
Stack Overflow,781,How to fix an UnsatisfiedLinkError (Can&#39;t find dependent libraries) in a JNI project,2011-05-23,Pre-GenAI
Stack Overflow,782,UnsatisfiedLinkError when init skmap on some devices,2015-09-21,Pre-GenAI
Stack Overflow,783,UnsatisfiedLinkError with native library under sbt,2013-10-17,Pre-GenAI
Stack Overflow,784,UnsatisfiedLinkError when running strazzere`s anti-emulator from git hub,2019-05-22,Pre-GenAI
Stack Overflow,785,UnsatisfiedLinkError: no opencv_java249 in java.library.path,2014-11-23,Pre-GenAI
Stack Overflow,786,UnsatisfiedLinkError when deploying an iOS libGDX game with RoboVM and IDEA,2015-04-09,Pre-GenAI
Stack Overflow,787,android ndk UnsatisfiedLinkError when using a prebuilt shared library,2011-03-14,Pre-GenAI
Stack Overflow,788,JNI unsatisfiedlinkerror after client installation,2017-06-14,Pre-GenAI
Stack Overflow,789,JNI call c++ dll occured &#39;UnsatisfiedLinkError: Invalid access to memory location&#39;,2012-12-12,Pre-GenAI
Stack Overflow,790,Unsatisfiedlinkerror OpenALPR test project for android,2015-04-08,Pre-GenAI
Stack Overflow,791,Openh264 throws UnsatisfiedLinkError,2016-02-03,Pre-GenAI
Stack Overflow,792,UnsatisfiedLinkError: Couldn&#39;t load ... from loader,2013-07-15,Pre-GenAI
Stack Overflow,793,UnsatisfiedLinkError using JNI,2018-04-06,Pre-GenAI
Stack Overflow,794,UnsatisfiedLinkError when calling native function,2012-12-13,Pre-GenAI
Stack Overflow,795,UnsatisfiedLinkError: Getting this error in Telegram project,2015-12-29,Pre-GenAI
Stack Overflow,796,JNI UnsatisfiedLinkError for Ubuntu;,2013-06-11,Pre-GenAI
Stack Overflow,797,UnsatisfiedLinkError -- Play! dependencies,2012-10-10,Pre-GenAI
Stack Overflow,798,UnsatisfiedLinkError in java,2010-12-06,Pre-GenAI
Stack Overflow,799,UnsatisfiedLinkError AudioRecordNew,2012-05-14,Pre-GenAI
Stack Overflow,800,"Xamarin Forms, UnsatisfiedLinkError can&#39;t find .so file",2020-11-12,Pre-GenAI
Stack Overflow,801,UnsatisfiedLinkError for com.aldebaran.qi,2020-07-01,Pre-GenAI
Stack Overflow,802,UnsatisfiedLinkError caused by org.gdal.ogr.ogrJNI.GetDriverCount(),2015-09-14,Pre-GenAI
Stack Overflow,803,java UnsatisfiedLinkError,2015-01-05,Pre-GenAI
Stack Overflow,804,UnsatisfiedLinkError JNI,2011-08-18,Pre-GenAI
Stack Overflow,805,Android NDK unsatisfiedlinkerror,2013-10-12,Pre-GenAI
Stack Overflow,806,JNI and UnsatisfiedLinkError,2011-09-22,Pre-GenAI
Stack Overflow,807,UnsatisfiedLinkError when calling native method packaged in jar file,2020-04-07,Pre-GenAI
Stack Overflow,808,Java.Lang. UnsatisfiedLinkError:,2021-08-06,Pre-GenAI
Stack Overflow,809,JNI: UnsatisfiedLinkError,2016-09-13,Pre-GenAI
Stack Overflow,810,UnsatisfiedLinkError When Loading a Library from Java in MATLAB,2009-11-20,Pre-GenAI
Stack Overflow,811,C++ JNI UnsatisfiedLinkError,2019-09-25,Pre-GenAI
Stack Overflow,812,Unsatisfiedlinkerror with Android 5.0.1 update,2015-02-04,Pre-GenAI
Stack Overflow,813,UnsatisfiedLinkError with JCEF,2019-07-08,Pre-GenAI
Stack Overflow,814,Code throws unsatisfiedLinkError,2014-06-15,Pre-GenAI
Stack Overflow,815,FileObserver UnsatisfiedLinkError,2012-05-30,Pre-GenAI
Stack Overflow,816,UnsatisfiedLinkError Exception,2013-09-18,Pre-GenAI
Stack Overflow,817,UnsatisfiedLinkError problem,2011-09-15,Pre-GenAI
Stack Overflow,818,UnsatisfiedLinkError using opencv for processing,2017-06-12,Pre-GenAI
Stack Overflow,819,UnsatisfiedLinkError at runtime,2016-11-11,Pre-GenAI
Stack Overflow,820,"Java OpenCV UnsatisfiedLinkError, Ubuntu",2015-03-30,Pre-GenAI
Stack Overflow,821,UnsatisfiedLinkError in pjsip library,2015-12-06,Pre-GenAI
Stack Overflow,822,Android and UnsatisfiedLinkError,2011-05-20,Pre-GenAI
Stack Overflow,823,UnsatisfiedLinkError using swig with Java,2015-10-16,Pre-GenAI
Stack Overflow,824,"Linux, JNA: UnsatisfiedLinkError on liblo second method call",2019-02-23,Pre-GenAI
Stack Overflow,825,"SDL2, JNI and UnsatisfiedLinkError",2015-01-25,Pre-GenAI
Stack Overflow,826,UnsatisfiedLinkError when run System.loadLibrary,2020-09-16,Pre-GenAI
Stack Overflow,827,UnsatisfiedLinkError for some users,2013-03-10,Pre-GenAI
Stack Overflow,828,UnsatisfiedLinkError with jNetPcap,2020-03-25,Pre-GenAI
Stack Overflow,829,UnsatisfiedLinkError : setMessageHandler(Native Method),2013-07-30,Pre-GenAI
Stack Overflow,830,UnsatisfiedLinkError - Tesseract for Android,2012-09-23,Pre-GenAI
Stack Overflow,831,UnsatisfiedLinkError with javacv and Swing,2017-12-09,Pre-GenAI
Stack Overflow,832,How to debug a Java UnsatisfiedLinkError?,2016-11-10,Pre-GenAI
Stack Overflow,833,&quot;UnsatisfiedLinkError: Native Library already loaded in another classloader&quot; in multimodul,2015-05-22,Pre-GenAI
Stack Overflow,834,UnsatisfiedLinkError exporting a dll for deployment,2014-04-24,Pre-GenAI
Stack Overflow,835,UnsatisfiedLinkError on Android 5.0 Lollipop,2015-03-11,Pre-GenAI
Stack Overflow,836,UnsatisfiedLinkError with SmartGWT library,2021-12-09,Pre-GenAI
Stack Overflow,837,Getting UnsatisfiedLinkError when using renderscriptSupportModeEnabled with System.loadLibrary,2015-04-11,Pre-GenAI
Stack Overflow,838,UnsatisfiedLinkError Android native library,2013-06-06,Pre-GenAI
Stack Overflow,840,Apache Arrow Plasma Client - Can&#39;t connect to memory store (UnsatisfiedLinkError),2018-11-09,Pre-GenAI
Stack Overflow,841,UnsatisfiedLinkError Can&#39;t Load Library,2014-03-06,Pre-GenAI
Stack Overflow,842,UnsatisfiedLinkError on Websphere Application Server 6.1 Data Source,2010-05-11,Pre-GenAI
Stack Overflow,843,Intermittent Android NDK UnsatisfiedLinkError,2012-05-18,Pre-GenAI
Stack Overflow,844,Phantom UnsatisfiedLinkError (openCV + JAVA) appears in console but not in IDE,2016-10-06,Pre-GenAI
Stack Overflow,845,Exception Ljava/lang/UnsatisfiedLinkError,2015-02-08,Pre-GenAI
Stack Overflow,846,Java UnsatisfiedLinkError Mac OSX,2012-11-09,Pre-GenAI
Stack Overflow,847,UnsatisfiedLinkError on Samsung S6,2015-06-22,Pre-GenAI
Stack Overflow,848,"jmockit, openJDK and UnsatisfiedLinkError",2012-03-05,Pre-GenAI
Stack Overflow,849,Jython UnsatisfiedLinkError on native method invocation in shared library,2011-10-19,Pre-GenAI
Stack Overflow,850,Why changing name of jar causes UnsatisfiedLinkError exception,2018-07-10,Pre-GenAI
Stack Overflow,851,Java: UnsatisfiedLinkError after compiling,2015-07-13,Pre-GenAI
Stack Overflow,852,Java JNA UnsatisfiedLinkError,2015-08-03,Pre-GenAI
Stack Overflow,853,JNI UnsatisfiedLinkError issue,2014-08-26,Pre-GenAI
Stack Overflow,854,UnsatisfiedLinkError using naoqi Java SDK on Windows 10,2020-08-19,Pre-GenAI
Stack Overflow,855,What is the cause of an UnsatisfiedLinkError?,2010-03-15,Pre-GenAI
Stack Overflow,856,How do i make my install4j installer replace i4jinst.dll to avoid UnsatisfiedLinkError,2020-07-23,Pre-GenAI
Stack Overflow,857,Android NDK UnsatisfiedLinkError - a surprising reason,2013-07-23,Pre-GenAI
Stack Overflow,858,UnsatisfiedLinkError: Unable to load library &#39;win64&#39;: Native library (win32-x86-64/win64.dll,2017-05-02,Pre-GenAI
Stack Overflow,859,JNA UnsatisfiedLinkError exception,2014-10-22,Pre-GenAI
Stack Overflow,860,NiFi snappy UnsatisfiedLinkError,2019-05-07,Pre-GenAI
Stack Overflow,861,UnsatisfiedLinkError: no j3dcore-ogl in java.library.path,2013-02-03,Pre-GenAI
Stack Overflow,862,Javacv UnsatisfiedLinkError in windows 7,2012-05-28,Pre-GenAI
Stack Overflow,863,How to fix UnsatisfiedLinkError?,2020-03-19,Pre-GenAI
Stack Overflow,864,Powermock imageio UnsatisfiedLinkError,2015-02-24,Pre-GenAI
Stack Overflow,865,java UnsatisfiedLinkError awt.image,2010-03-10,Pre-GenAI
Stack Overflow,866,tess4j jna UnsatisfiedLinkError,2017-04-25,Pre-GenAI
Stack Overflow,867,UnsatisfiedLinkError + JNLP + Applet + DLL,2013-01-15,Pre-GenAI
Stack Overflow,868,DL4J UnsatisfiedLinkError: libopenblas_nolapack.so.0: cannot open shared object file: No such file o,2020-01-10,Pre-GenAI
Stack Overflow,869,JNI UnsatisfiedLinkError: Method,2013-01-23,Pre-GenAI
Stack Overflow,870,gRPC + SSL = UnsatisfiedLinkError,2016-05-18,Pre-GenAI
Stack Overflow,871,Android UnsatisfiedLinkError when using native library,2012-10-29,Pre-GenAI
Stack Overflow,872,Skobbler maps UnsatisfiedLinkError,2016-10-10,Pre-GenAI
Stack Overflow,873,UnsatisfiedLinkError while testrun,2017-06-13,Pre-GenAI
Stack Overflow,874,UnsatisfiedLinkError: How to load native library of opencv when running play application?,2019-04-04,Pre-GenAI
Stack Overflow,875,UnsatisfiedLinkError: org.opencv.highgui.Highgui.imread_0 (OpenCV Java),2014-11-10,Pre-GenAI
Stack Overflow,876,UnsatisfiedLinkError using jcurses,2018-04-29,Pre-GenAI
Stack Overflow,877,Android L (5.0) does not search native libraries in “armeabi” or &quot;armeabi-v7a&quot; folder (Uns,2014-11-25,Pre-GenAI
Stack Overflow,878,LibGDX/Box2D UnsatisfiedLinkError,2013-08-28,Pre-GenAI
Stack Overflow,879,Maven - UnsatisfiedLinkError with java.library.path,2013-03-26,Pre-GenAI
Stack Overflow,880,UnsatisfiedLinkError when trying to run Real time Java code on Websphere Real Time JVM on Linux,2011-12-02,Pre-GenAI
Stack Overflow,881,UnsatisfiedLinkError while adding library,2017-12-27,Pre-GenAI
Stack Overflow,882,UnsatisfiedLinkError: Native method not found (NOT caused by the common cause for this error),2013-10-16,Pre-GenAI
Stack Overflow,883,UnsatisfiedLinkError for JNI on OSX with multiple C files,2013-08-02,Pre-GenAI
Stack Overflow,884,UnsatisfiedLinkError for JNI library,2015-08-21,Pre-GenAI
Stack Overflow,885,Java Problem &quot;UnsatisfiedLinkError&quot;,2009-11-07,Pre-GenAI
Stack Overflow,886,tess4j for linux UnsatisfiedLinkError,2015-02-17,Pre-GenAI
Stack Overflow,887,jar not launching - UnsatisfiedLinkError,2015-08-04,Pre-GenAI
Stack Overflow,888,UnsatisfiedLinkError when running Jetty9&#39;s setUID feature,2015-06-09,Pre-GenAI
Stack Overflow,889,.jar throwing UnsatisfiedLinkError only outside of IDE,2015-07-24,Pre-GenAI
Stack Overflow,890,Tess4j error : UnsatisfiedLinkError,2015-04-27,Pre-GenAI
Stack Overflow,891,JNI UnsatisfiedLinkError .jnilib not fond,2012-07-10,Pre-GenAI
Stack Overflow,892,"Java version 1.6 UnsatisfiedLinkError on load shared library, Java 1.4 works fine?",2012-02-21,Pre-GenAI
Stack Overflow,893,UnsatisfiedLinkError with pjSIP can&#39;t find org.pjsip.pjsua2.pjsua2JNI.swig_module_init(),2015-03-12,Pre-GenAI
Stack Overflow,894,Spark Tesseract UnsatisfiedLinkError,2019-08-28,Pre-GenAI
Stack Overflow,895,UnsatisfiedLinkError for sqlcipher with robolectric,2016-12-08,Pre-GenAI
Stack Overflow,896,"On UnsatisfiedLinkError, clarification needed",2013-05-31,Pre-GenAI
Stack Overflow,897,imgui-java + Java = UnsatisfiedLinkError(libglfw.so),2021-09-07,Pre-GenAI
Stack Overflow,898,UnsatisfiedLinkError: Unable to load library,2020-02-26,Pre-GenAI
Stack Overflow,899,What&#39;s the reason behind inconsistent &#39;UnsatisfiedLinkError&#39; while trying to load a .so ,2019-01-14,Pre-GenAI
Stack Overflow,900,Tomcat JRE UnsatisfiedLinkError,2015-05-05,Pre-GenAI
Stack Overflow,901,Apache pig UnsatisfiedLinkError,2015-07-22,Pre-GenAI
Stack Overflow,902,&quot;UnsatisfiedLinkError&quot; on Android JNI,2012-06-23,Pre-GenAI
Stack Overflow,903,UnsatisfiedLinkError using Box2d libgdx for android,2012-06-17,Pre-GenAI
Stack Overflow,904,UnsatisfiedLinkError in packaged .jar,2015-02-18,Pre-GenAI
Stack Overflow,905,JNI and Android... UnsatisfiedLinkError,2011-01-30,Pre-GenAI
Stack Overflow,906,How to solve UnsatisfiedLinkError?,2018-08-13,Pre-GenAI
Stack Overflow,907,"UnsatisfiedLinkError after install, cannot run PLAY",2013-08-12,Pre-GenAI
Stack Overflow,908,UnsatisfiedLinkError in JNI Code,2014-02-05,Pre-GenAI
Stack Overflow,909,UnsatisfiedLinkError: no nlsxbe in java.library.path,2015-08-27,Pre-GenAI
Stack Overflow,910,UnsatisfiedLinkError when using JNI?,2012-03-28,Pre-GenAI
Stack Overflow,911,UnsatisfiedLinkError with JACOB and jre 1.7,2013-04-11,Pre-GenAI
Stack Overflow,912,App installed from google play then new version reinstalled locally causes UnsatisfiedLinkError,2012-11-22,Pre-GenAI
Stack Overflow,913,Android UnsatisfiedLinkError With Tesseract and OpenCV,2015-10-09,Pre-GenAI
Stack Overflow,914,UnsatisfiedLinkError with JNI program,2015-07-29,Pre-GenAI
Stack Overflow,915,"UnsatisfiedLinkError, but library is in path",2014-02-28,Pre-GenAI
Stack Overflow,916,zeroMQ UnsatisfiedLinkError in java application,2014-04-09,Pre-GenAI
Stack Overflow,917,libpd on java UnsatisfiedLinkError,2016-02-04,Pre-GenAI
Stack Overflow,919,Using AET62 BSAPILoader.dll receiving UnsatisfiedLinkError,2014-07-31,Pre-GenAI
Stack Overflow,920,Can&#39;t understand this UnsatisfiedLinkError,2015-05-06,Pre-GenAI
Stack Overflow,921,how to fix unsatisfiedLinkError when generating dll for JNI in windows platform using g++,2014-02-10,Pre-GenAI
Stack Overflow,922,How to deal with UnsatisfiedLinkError?,2012-06-28,Pre-GenAI
Stack Overflow,923,"UnsatisfiedLinkError nativeLibraryDirectories=[/vendor/lib64, /system/lib64",2015-05-27,Pre-GenAI
Stack Overflow,925,UnsatisfiedLinkError in OpenCV example for Android,2017-06-06,Pre-GenAI
Stack Overflow,926,"UnsatisfiedLinkError, despite setting Djava.library.path variable",2014-05-05,Pre-GenAI
Stack Overflow,927,UnsatisfiedLinkError calling JNI generated by SWIG?,2011-07-07,Pre-GenAI
Stack Overflow,928,UnsatisfiedLinkError Arcgis 10.2.3 Android ArcGISRuntime.setClientId,2014-08-06,Pre-GenAI
Stack Overflow,929,Unsatisfiedlinkerror native method not found,2014-12-04,Pre-GenAI
Stack Overflow,930,Java Attach API: UnsatisfiedLinkError,2013-03-08,Pre-GenAI
Stack Overflow,931,Tegra Development Pack NDK UnsatisfiedLinkError,2013-08-15,Pre-GenAI
Stack Overflow,932,JNI without source code (UnsatisfiedLinkError),2014-11-11,Pre-GenAI
Stack Overflow,933,UnsatisfiedLinkError no jogl in java.library.path,2014-02-20,Pre-GenAI
Stack Overflow,934,UnsatisfiedLinkError: Native method not found - Android,2013-05-07,Pre-GenAI
Stack Overflow,935,"JNA UnsatisfiedLinkError, but jna.library.path is set",2011-07-26,Pre-GenAI
Stack Overflow,936,JProfiler UnsatisfiedLinkError when starting,2011-11-17,Pre-GenAI
Stack Overflow,937,LTE-CIVIL UnsatisfiedLinkError in Eclipse,2012-11-20,Pre-GenAI
Stack Overflow,938,Can&#39;t find dependent libraries - UnsatisfiedLinkError,2013-06-24,Pre-GenAI
Stack Overflow,939,How to fix unsatisfiedLinkError Couldn&#39;t find dso to load in WhatsApp Sticker App,2019-02-04,Pre-GenAI
Stack Overflow,940,Djinni - Android Crash - UnsatisfiedLinkError,2016-06-26,Pre-GenAI
Stack Overflow,941,Soloader getting UnsatisfiedLinkError in android 10,2022-09-05,Pre-GenAI
Stack Overflow,942,MiniDFSCluster UnsatisfiedLinkError org.apache.hadoop.io.nativeio.NativeIO$Windows.access0,2018-07-17,Pre-GenAI
Stack Overflow,943,UnsatisfiedLinkError: No implementation found for byte[] dji.midware.natives.SDKRelativeJNI.native_g,2019-02-07,Pre-GenAI
Stack Overflow,944,How do I resolve this UnsatisfiedLinkError?,2019-02-18,Pre-GenAI
Stack Overflow,945,UnsatisfiedLinkError implementing simple NDK setup,2012-10-20,Pre-GenAI
Stack Overflow,946,DDE server Error UnsatisfiedLinkError,2013-09-25,Pre-GenAI
Stack Overflow,947,JNI UnsatisfiedLinkError... signature discrepancy?,2013-05-17,Pre-GenAI
Stack Overflow,948,UnsatisfiedLinkError with Here Maps Android,2017-09-07,Pre-GenAI
Stack Overflow,950,UnsatisfiedLinkError: ... :findLibrary returned null,2014-03-01,Pre-GenAI
Stack Overflow,951,JNI UnsatisfiedLinkError undefined symbol,2015-06-14,Pre-GenAI
Stack Overflow,953,UnsatisfiedLinkError when adding another dependency,2018-04-25,Pre-GenAI
Stack Overflow,954,UnsatisfiedLinkError when starting tomcat,2017-08-28,Pre-GenAI
Stack Overflow,955,Realm 0.89 causes UnsatisfiedLinkError,2016-04-22,Pre-GenAI
Stack Overflow,956,JNI UnsatisfiedLinkError dependent libraries,2014-11-01,Pre-GenAI
Stack Overflow,958,UnsatisfiedLInkError Eclipse JNI (works from command line but not in Eclipse) package names,2012-02-01,Pre-GenAI
Stack Overflow,959,UnsatisfiedLinkError while using JNI,2014-02-05,Pre-GenAI
Stack Overflow,960,Xamarin UnsatisfiedLinkError arm64-v8a,2018-03-13,Pre-GenAI
Stack Overflow,961,UnsatisfiedLinkError when using GvrLayout,2016-12-25,Pre-GenAI
Stack Overflow,962,Java program Opencv unsatisfiedlinkerror,2016-01-16,Pre-GenAI
Stack Overflow,963,Identifying root cause of UnsatisfiedLinkError,2015-07-31,Pre-GenAI
Stack Overflow,964,UnsatisfiedLinkError libreactnativejni.so App Bundle,2019-09-04,Pre-GenAI
Stack Overflow,965,System.loadLibrary does not work. UnsatisfiedLinkError for the second lib in chain,2013-04-25,Pre-GenAI
Stack Overflow,966,Selenium 2.8 UnsatisfiedLinkError IEDriver,2011-10-11,Pre-GenAI
Stack Overflow,967,Spark is throwing UnsatisfiedLinkError error,2015-03-05,Pre-GenAI
Stack Overflow,968,UnsatisfiedLinkError: libcrypto.so.1.0.0 not found,2015-10-13,Pre-GenAI
Stack Overflow,969,"UnsatisfiedLinkError ,while using JEP",2021-06-18,Pre-GenAI
Stack Overflow,970,UnsatisfiedLinkError: Couldn&#39;t load jpgt from loader,2016-08-17,Pre-GenAI
Stack Overflow,971,How to solve unsatisfiedlinkerror in android with ndk,2015-06-17,Pre-GenAI
Stack Overflow,972,UnsatisfiedLinkError when starting GWT&#39;s hosted mode,2009-08-29,Pre-GenAI
Stack Overflow,973,Android : FFmpegFrameRecorder (JavaCV) UnsatisfiedLinkError,2015-10-07,Pre-GenAI
Stack Overflow,974,android jni c++ UnsatisfiedLinkError,2016-07-02,Pre-GenAI
Stack Overflow,976,Android - OpenSSL 1.1.1 UnsatisfiedLinkError,2019-07-17,Pre-GenAI
Stack Overflow,977,UnsatisfiedLinkError after changing Eclipse workspace,2013-05-11,Pre-GenAI
Stack Overflow,978,UnsatisfiedLinkError when compiling with API21,2015-04-08,Pre-GenAI
Stack Overflow,979,UnsatisfiedLinkError - Native Library - jnidispatch.dll,2015-10-16,Pre-GenAI
Stack Overflow,980,UnsatisfiedLinkError : Native library &#39;wcepeer&#39; not found (Mysaifu),2018-06-07,Pre-GenAI
Stack Overflow,981,UnsatisfiedLinkError when crawling in Nutch,2017-06-06,Pre-GenAI
Stack Overflow,983,Android NDK UnsatisfiedLinkError flutter,2019-06-19,Pre-GenAI
Stack Overflow,984,UnsatisfiedLinkError for DuckDb native code in Java,2021-06-09,Pre-GenAI
Stack Overflow,985,sigemptyset() NDK UnsatisfiedLinkError dlopen(),2014-09-22,Pre-GenAI
Stack Overflow,986,Consecutive `System.loadLibrary` returns `UnsatisfiedLinkError`,2019-09-04,Pre-GenAI
Stack Overflow,987,"Scala error : NoClassDefFoundError, UnsatisfiedLinkError",2017-12-19,Pre-GenAI
Stack Overflow,988,Delphi 10.4 FMX UnsatisfiedLinkError,2021-03-29,Pre-GenAI
Stack Overflow,989,"Vitamio: UnsatisfiedLinkError ,Native method not found",2015-05-28,Pre-GenAI
Stack Overflow,990,Java CDF file Parsing with UnsatisfiedLinkError,2013-04-10,Pre-GenAI
Stack Overflow,991,UnsatisfiedLinkError on dalvikvm from AudioTrack,2018-03-26,Pre-GenAI
Stack Overflow,992,UnsatisfiedLinkError - GSvideo library on Processing,2013-01-14,Pre-GenAI
Stack Overflow,993,SQLite and JDBC: returns UnsatisfiedLinkError,2014-11-26,Pre-GenAI
Stack Overflow,994,UnsatisfiedLinkError OkHttpClient API 19,2020-05-17,Pre-GenAI
Stack Overflow,995,Netbeans 7.1.2 JavaFX UnsatisfiedLinkError,2012-06-09,Pre-GenAI
Stack Overflow,996,JNI UnsatisfiedLinkError in c++ dll,2018-06-11,Pre-GenAI
Stack Overflow,997,UnsatisfiedLinkError: Native method not found,2014-01-31,Pre-GenAI
Stack Overflow,998,Google OR-Tools in Intellij: UnsatisfiedLinkError,2019-11-12,Pre-GenAI
Stack Overflow,999,How to fix UnsatisfiedLinkError: dalvik.system.PathClassLoader?,2019-08-22,Pre-GenAI
Stack Overflow,1000,JNI UnsatisfiedLinkError: (Class).(Method)()V,2015-11-23,Pre-GenAI
Stack Overflow,1001,"JNA - UnsatisfiedLinkError: The specified module could not be found. (on Cgwin, Win32)",2015-08-03,Pre-GenAI
Stack Overflow,1002,UnsatisfiedLinkError - Rotate camera image data in Android (for use in OpenCV not just display on sc,2015-03-20,Pre-GenAI
Stack Overflow,1003,UnsatisfiedLinkError with RXTX on Tomcat (used to work),2016-04-05,Pre-GenAI
Stack Overflow,1004,UnsatisfiedLinkError in Samsung 4.4.2 devices,2016-04-02,Pre-GenAI
Stack Overflow,1005,UnsatisfiedLinkError with maven-surefire-plugin,2015-12-01,Pre-GenAI
Stack Overflow,1006,android UnsatisfiedLinkError: Library not found,2011-08-27,Pre-GenAI
Stack Overflow,1007,UnsatisfiedLinkError while executing new Mat(),2015-06-05,Pre-GenAI
Stack Overflow,1008,UnsatisfiedLinkError in lotus-notes plugin,2009-05-27,Pre-GenAI
Stack Overflow,1009,UnsatisfiedLinkError for a basic native method,2018-11-08,Pre-GenAI
Stack Overflow,1010,OpenCV in GlassFish webservices UnsatisfiedLinkError,2017-09-06,Pre-GenAI
Stack Overflow,1011,UnsatisfiedLinkError with Oracle OTT utility,2015-07-07,Pre-GenAI
Stack Overflow,1012,UnsatisfiedLinkError using JSNI with vaadin,2016-07-21,Pre-GenAI
Stack Overflow,1013,UnsatisfiedLinkError: How to create an unsynchronized deflater?,2011-11-13,Pre-GenAI
Stack Overflow,1014,UnsatisfiedLinkError for ffmpegutils in Android project,2017-10-06,Pre-GenAI
Stack Overflow,1015,"UnsatisfiedLinkError &amp; no such method (jogl, gluegen, jogamp)",2014-07-14,Pre-GenAI
Stack Overflow,1016,Play Games - Quick game causes UnsatisfiedLinkError,2013-07-06,Pre-GenAI
Stack Overflow,1017,UnsatisfiedLinkError in linux working with eclipse,2015-12-23,Pre-GenAI
Stack Overflow,1018,JNI UnsatisfiedLinkError on a native method,2012-07-16,Pre-GenAI
Stack Overflow,1019,UnsatisfiedLinkError on WIndows 10 workstation,2017-03-30,Pre-GenAI
Stack Overflow,1020,UnsatisfiedLinkError with executing a JAR file,2012-12-01,Pre-GenAI
Stack Overflow,1021,UnsatisfiedLinkError: no avatar-js in java.library.path on mac,2019-07-11,Pre-GenAI
Stack Overflow,1022,c - Java: UnsatisfiedLinkError on natie method call,2013-11-19,Pre-GenAI
Stack Overflow,1023,Getting an UnsatisfiedLinkError (undefined symbol) in Java while loading JNI dependencies even after,2018-05-15,Pre-GenAI
Stack Overflow,1024,UnsatisfiedLinkError when running TypeDB on an M1 MacBook,2022-02-23,Pre-GenAI
Stack Overflow,1025,UnsatisfiedLinkError: className.methodName - JNI on WebLogic,2013-05-07,Pre-GenAI
Stack Overflow,1026,UnsatisfiedLinkError running voldemort with Maxine,2017-09-26,Pre-GenAI
Stack Overflow,1027,"Java LoadLibrary UnsatisfiedLinkError, though Java can see the file and runs on another computer",2009-08-30,Pre-GenAI
Stack Overflow,1028,UnsatisfiedLinkError: The library loads but I still get a link error,2013-04-04,Pre-GenAI
Stack Overflow,1029,UnsatisfiedLinkError: dlopen failed: cannot locate symbol &quot;strtof&quot; referenced by &quot;lib,2017-05-02,Pre-GenAI
Stack Overflow,1030,Adding an updated shared native library (.so file) to an Android Studio app leads to an UnsatisfiedL,2018-01-29,Pre-GenAI
Stack Overflow,1031,UnsatisfiedLinkError: No implementation found for int,2019-10-08,Pre-GenAI
Stack Overflow,1032,UnsatisfiedLinkError after moving the code into a package,2019-06-15,Pre-GenAI
Stack Overflow,1033,UnsatisfiedLinkError with Gurobi Optimizer in Java,2019-05-13,Pre-GenAI
Stack Overflow,1034,Persistent UnsatisfiedLinkError while running Java invoking native .so on Linux,2017-10-02,Pre-GenAI
Stack Overflow,1035,Tesseract: UnsatisfiedLinkError - undefined symbol: TessBaseAPICreate,2012-10-29,Pre-GenAI
Stack Overflow,1036,UnsatisfiedLinkError occurs on openjfx webkit（32bit）,2019-01-10,Pre-GenAI
Stack Overflow,1037,UnsatisfiedLinkError when calling new World(),2015-12-05,Pre-GenAI
Stack Overflow,1038,JNI UnsatisfiedLinkError while everything seems fine,2014-04-11,Pre-GenAI
Stack Overflow,1040,UnsatisfiedLinkError on 64-bit Android when loading 32-bit JNI library (on LG Flex2),2016-01-27,Pre-GenAI
Stack Overflow,1041,How can I fix Java Bindings: UnsatisfiedLinkError?,2017-01-03,Pre-GenAI
Stack Overflow,1042,Spring Boot 2.1.1: UnsatisfiedLinkError: org.apache.tomcat.jni.SSL.renegotiatePending,2018-12-03,Pre-GenAI
Stack Overflow,1043,UnsatisfiedLinkError while building Spinnaker components,2016-02-17,Pre-GenAI
Stack Overflow,1044,Getting UnsatisfiedLinkError: no rxtxSerial in java.library.path for Mac,2017-04-06,Pre-GenAI
Stack Overflow,1045,UnsatisfiedLinkError after implementing 6.0 Permisions,2016-10-17,Pre-GenAI
Stack Overflow,1046,UnsatisfiedLinkError Access is denied Java Windows 10,2016-07-31,Pre-GenAI
Stack Overflow,1047,No Idea to fix this Error:&quot;UnsatisfiedLinkError: ../j3dcore-ogl.dll: Can&#39;t load IA 32-bit .,2019-09-18,Pre-GenAI
Stack Overflow,1048,JavaPOS - Epson TM-T88IV - UnsatisfiedLinkError in Eclipse,2014-01-30,Pre-GenAI
Stack Overflow,1049,"java Opencv unsatisfiedLinkError, native Library is loaded",2016-03-30,Pre-GenAI
Stack Overflow,1050,Vlcj on Raspberry Pi get exception &quot;UnsatisfiedLinkError&quot;,2015-12-20,Pre-GenAI
Stack Overflow,1051,JNI - UnsatisfiedLinkError - loadLibrary always fails,2010-09-01,Pre-GenAI
Stack Overflow,1052,Applet. UnsatisfiedLinkError when loading native .dll,2012-11-21,Pre-GenAI
Stack Overflow,1053,UnsatisfiedLinkError with sqlite4java Jar on Mac OS X,2013-01-13,Pre-GenAI
Stack Overflow,1054,Android NDK UnsatisfiedLinkError when calling a native function that resides in an Android Library P,2011-12-15,Pre-GenAI
Stack Overflow,1055,UnsatisfiedLinkError: Can&#39;t find dependent libraries,2015-01-31,Pre-GenAI
Stack Overflow,1056,JFileChooser causes UnsatisfiedLinkError when showing dialog,2018-10-23,Pre-GenAI
Stack Overflow,1057,Another JNI UnsatisfiedLinkError DLL problem,2011-08-01,Pre-GenAI
Stack Overflow,1058,Native OpenCV Samples for Android throws UnsatisfiedLinkError,2011-10-04,Pre-GenAI
Stack Overflow,1059,OpenCV - Apache Storm occurrence of &#39;UnsatisfiedLinkError&#39;,2017-02-13,Pre-GenAI
Stack Overflow,1061,UnsatisfiedLinkError when using flink-s3-fs-hadoop,2018-09-11,Pre-GenAI
Stack Overflow,1062,Inexplicable UnsatisfiedLinkError on native library load,2014-02-23,Pre-GenAI
Stack Overflow,1063,32-bit DLL causing UnsatisfiedLinkError,2013-11-12,Pre-GenAI
Stack Overflow,1064,Unable to Connect TFS in solaris environment - UnsatisfiedLinkError,2019-05-30,Pre-GenAI
Stack Overflow,1065,Java UnsatisfiedLinkError while native library is found,2017-05-08,Pre-GenAI
Stack Overflow,1066,UnsatisfiedLinkError - com.datumdroid.android.ocr.simple couldn&#39;t find &quot;libjpgt.so&quot;,2016-11-17,Pre-GenAI
Stack Overflow,1067,Java libmodbus native library unsatisfiedLinkError,2013-04-12,Pre-GenAI
Stack Overflow,1068,UnsatisfiedLinkError with TessAPI1 while using tess4j,2016-03-01,Pre-GenAI
Stack Overflow,1069,UnsatisfiedLinkError in Android Studio using Gradle,2015-02-28,Pre-GenAI
Stack Overflow,1070,Android UnsatisfiedLinkError opening Media URI,2016-06-19,Pre-GenAI
Stack Overflow,1071,Processing: UnsatisfiedLinkError when running getPortIdentifiers();,2014-02-22,Pre-GenAI
Stack Overflow,1072,How to fix Java 15 JNI &quot;UnsatisfiedLinkError: A dynamic link library (DLL) initialization routi,2021-03-03,Pre-GenAI
Stack Overflow,1073,Android NDK unsatisfiedLinkError (only on android &lt;4.3),2017-01-12,Pre-GenAI
Stack Overflow,1074,UnsatisfiedLinkError: No implementation found for java.lang.Object[] com.secneo.sdk.Helper.makeInMem,2021-05-28,Pre-GenAI
Stack Overflow,1075,Why my method throws an `UnsatisfiedLinkError`?,2017-10-19,Pre-GenAI
Stack Overflow,1076,"JavaFx Application Thread Exception, UnsatisfiedLinkError",2015-04-23,Pre-GenAI
Stack Overflow,1077,Java JNI UnsatisfiedLinkError for static load,2015-10-31,Pre-GenAI
Stack Overflow,1078,How to fix JavaFX-Blur UnsatisfiedLinkError,2021-07-29,Pre-GenAI
Stack Overflow,1079,"Selenium + gradle + testng, UnsatisfiedLinkError on driver.quit()",2015-11-19,Pre-GenAI
Stack Overflow,1080,Using SWIG to wrap c++ to java UnsatisfiedLinkError: HeaderJNI.new_Test()J,2017-01-08,Pre-GenAI
Stack Overflow,1081,Android UnsatisfiedLinkError: Issue loading a shared library,2011-11-10,Pre-GenAI
Stack Overflow,1082,Why I am getting UnsatisfiedLinkError,2018-07-19,Pre-GenAI
Stack Overflow,1083,Android UnsatisfiedLinkError native method not found,2014-01-21,Pre-GenAI
Stack Overflow,1084,OpenCV 3.1.0 in JAVA on Mac - UnsatisfiedLinkError,2016-02-22,Pre-GenAI
Stack Overflow,1085,Unsatisfiedlinkerror when application started from cron,2016-10-13,Pre-GenAI
Stack Overflow,1086,Extremely Simplified Test Case for UnsatisfiedLinkError on java.lang.Package.getDeclaredAnnotations,2011-12-23,Pre-GenAI
Stack Overflow,1087,UnsatisfiedLinkError: Could not load SWT library,2016-05-04,Pre-GenAI
Stack Overflow,1088,Android NDK sample crashes: UnsatisfiedLinkError,2014-02-17,Pre-GenAI
Stack Overflow,1089,UnsatisfiedLinkError while loading native library,2013-02-16,Pre-GenAI
Stack Overflow,1090,UnsatisfiedLinkError: dlopen failed: library not found,2016-01-20,Pre-GenAI
Stack Overflow,1091,Android UnsatisfiedLinkError: parseFile using APV,2012-09-10,Pre-GenAI
Stack Overflow,1092,JNI UnsatisfiedLinkError- how do I load libraries correctly?,2012-08-12,Pre-GenAI
Stack Overflow,1093,gwt-test-utils UnsatisfiedLinkError on FormPanelImpl.submit(),2013-01-31,Pre-GenAI
Stack Overflow,1094,UnsatisfiedLinkError using jblas in Android for Matrix exponential,2018-11-19,Pre-GenAI
Stack Overflow,1095,UnsatisfiedLinkError with gwt-test-utils in DOMImplStandard,2014-06-30,Pre-GenAI
Stack Overflow,1096,JNI call to dll method does not work - UnsatisfiedLinkError,2016-08-01,Pre-GenAI
Stack Overflow,1097,UnsatisfiedLinkError Starting JVM Via Eclipse,2016-05-17,Pre-GenAI
Stack Overflow,1098,Android Studio : I encounter UnsatisfiedLinkError,2016-06-30,Pre-GenAI
Stack Overflow,1099,UnsatisfiedLinkError while accessing a Native method,2011-10-18,Pre-GenAI
Stack Overflow,1100,UnsatisfiedLinkError in companion object Kotlin JNI,2018-06-21,Pre-GenAI
Stack Overflow,1101,HBaseTestingUtility failing on Windows 10 with UnsatisfiedLinkError,2018-03-08,Pre-GenAI
Stack Overflow,1102,JNI UnsatisfiedLinkError even after everything compiles good,2014-12-30,Pre-GenAI
Stack Overflow,1103,UnsatisfiedLinkError for JNI function from Xtext project,2021-10-13,Pre-GenAI
Stack Overflow,1104,Eclipse gives UnsatisfiedLinkError in my basic JNI project,2013-10-08,Pre-GenAI
Stack Overflow,1105,Applying SSL in Tomcat UnsatisfiedLinkError Issue,2022-08-18,Pre-GenAI
Stack Overflow,1106,UnsatisfiedLinkError when opening app in the emulator,2015-05-06,Pre-GenAI
Stack Overflow,1107,Sigar UnsatisfiedLinkError on Apache Storm topology,2019-03-13,Pre-GenAI
Stack Overflow,1108,Java UnsatisfiedLinkError: Unable to open file,2022-05-19,Pre-GenAI
Stack Overflow,1109,UnsatisfiedLinkError Using JavaCV in Eclipse on Mac,2012-02-12,Pre-GenAI
Stack Overflow,1110,UnsatisfiedLinkError: No implementation found for void com.mopo.audiofingerprinter.tageditor.ACRClou,2017-09-18,Pre-GenAI
Stack Overflow,1111,"UnsatisfiedLinkError in Java, coming from JNI",2015-12-04,Pre-GenAI
Stack Overflow,1112,UnsatisfiedLinkError Building Maven Project in Hudson,2011-09-16,Pre-GenAI
Stack Overflow,1113,why Android App is crashing with UnsatisfiedLinkError?,2019-06-30,Pre-GenAI
Stack Overflow,1114,Why am I getting UnsatisfiedLinkError in below program?,2013-02-22,Pre-GenAI
Stack Overflow,1115,UnsatisfiedLinkError: No implementation found for void mono.android.text.TextWatcherImplementor,2019-07-26,Pre-GenAI
Stack Overflow,1116,Shared native library in Tomcat UnsatisfiedLinkError,2013-06-16,Pre-GenAI
Stack Overflow,1117,UnsatisfiedLinkError when enabling JProfiler on armhf,2019-05-25,Pre-GenAI
Stack Overflow,1118,What are &quot;Events&quot; in hs_err_pid.log?,2018-04-08,Pre-GenAI
Stack Overflow,1119,What are hs_err_pid.log files generated when Tomcat crashes?,2011-11-05,Pre-GenAI
Stack Overflow,1120,Unable to locate JVM fatal error log file (hs_err_pid.log) after Dataproc Spark Job crash,2019-06-04,Pre-GenAI
Stack Overflow,1121,Debugging hs_err_pid.log files,2012-03-13,Pre-GenAI
Stack Overflow,1122,No hs_err_pid.log file created and core dumped from jvm on Solaris,2011-09-26,Pre-GenAI
Stack Overflow,1123,Unloading dll rxtx before exit to avoid jvm crashes or hide hs_err_pid.log files,2012-10-02,Pre-GenAI
Stack Overflow,1124,How do I capture hs_err_pid.log in container environments,2022-04-20,Pre-GenAI
Stack Overflow,1125,Fatal Error JRE Android Studio,2017-03-16,Pre-GenAI
Stack Overflow,1126,java spring boot application break down unexcept,2019-08-14,Pre-GenAI
Stack Overflow,1127,How to understand Java Hotspot Errors,2009-05-12,Pre-GenAI
Stack Overflow,1128,Crash JRE libc.so.6 with HTTPS,2017-06-23,Pre-GenAI
Stack Overflow,1129,Cassandra 3.2 crashing at cassandra.db.marshal.TimestampType.compareCustom(Ljava/nio/ByteBuffer;Ljav,2018-09-10,Pre-GenAI
Stack Overflow,1130,SIGSEGV on JNIEnv-&gt;CallStaticObjectMethod,2019-08-23,Pre-GenAI
Stack Overflow,1131,xuggler InputOutputStreamHandler SIGSEGV,2013-06-03,Pre-GenAI
Stack Overflow,1132,core was generated by springloaded.jar,2016-01-28,Pre-GenAI
Stack Overflow,1133,how to set location of jvm crash log files,2011-11-04,Pre-GenAI
Stack Overflow,1134,"Java replay log, diagnosing out of memory error",2015-11-17,Pre-GenAI
Stack Overflow,1135,JProfiler&gt; ERROR unknown frame type in StackMapTable Exception and core dumped,2013-08-22,Pre-GenAI
Stack Overflow,1136,JVM insufficient memory crash,2018-03-16,Pre-GenAI
Stack Overflow,1137,trying to understand the tomcat hs_err_pid log,2014-11-24,Pre-GenAI
Stack Overflow,1139,Problematic frame: # C [zip.dll+0xa714] (JVM crash because EXCEPTION_ACCESS_VIOLATION),2020-06-04,Pre-GenAI
Stack Overflow,1140,Orientdb crash logs fill up entire drive,2017-04-15,Pre-GenAI
Stack Overflow,1141,Mule http connector active threads keep remained in thread pool,2016-10-05,Pre-GenAI
Stack Overflow,1142,Java: How to specify JVM argument -XX:ErrorFile and preserve automatic PID in filename,2014-03-24,Pre-GenAI
Stack Overflow,1143,No hs_err_pid fiile are created on Windows 7 for installed Application,2012-02-07,Pre-GenAI
Stack Overflow,1144,JVM Crash:org.apache.http.impl.cookie.BestMatchSpec.formatCookies(Ljava/util/List;)Ljava/util/List;,2016-07-20,Pre-GenAI
Stack Overflow,1145,Infinite 100% CPU usage at java.io.FileInputStream.readBytes(Native Method),2012-04-16,Pre-GenAI
Stack Overflow,1146,VisualVM fatal error detected by Java Runtime Environment - question about log file and error,2011-01-11,Pre-GenAI
Stack Overflow,1147,Java through JNI C code call Cobol program on HP Tandem,2016-05-04,Pre-GenAI
Stack Overflow,1148,JNI DLL crashes JVM (32-bit only),2014-06-30,Pre-GenAI
Stack Overflow,1149,JCEF with JavaFX fatal error,2016-11-07,Pre-GenAI
Stack Overflow,1150,Spark: There is insufficient memory for the Java Runtime Environment to continue,2018-03-12,Pre-GenAI
Stack Overflow,1151,What is the Java&#39;s internal represention for String? Modified UTF-8? UTF-16?,2012-03-14,Pre-GenAI
Stack Overflow,1152,Why does Java use modified UTF-8 instead of UTF-8?,2013-03-15,Pre-GenAI
Stack Overflow,1153,Java modified UTF-8 strings in Python,2009-09-08,Pre-GenAI
Stack Overflow,1154,How to convert the &quot;Java modified UTF-8&quot; to the regular UTF-8 and back?,2019-08-08,Pre-GenAI
Stack Overflow,1155,What does it mean to say &quot;Java Modified UTF-8 Encoding&quot;?,2011-10-27,Pre-GenAI
Stack Overflow,1156,Encoding String to &quot;modified UTF-8&quot; for the DataInput,2013-09-12,Pre-GenAI
Stack Overflow,1157,Format of v in the JVM modified UTF-8,2017-01-10,Pre-GenAI
Stack Overflow,1160,Best XML parser for Java,2008-12-17,Pre-GenAI
Stack Overflow,1161,Getting true UTF-8 characters in Java JNI,2015-08-25,Pre-GenAI
Stack Overflow,1162,UTF-8 encoding for .sql files created or modified in SSMS,2019-06-07,Pre-GenAI
Stack Overflow,1163,"CSipSimple throwing exception JNI DETECTED ERROR IN APPLICATION,input is not valid Modified UTF-8: i",2015-12-03,Pre-GenAI
Stack Overflow,1164,Which encoding does Java uses UTF-8 or UTF-16?,2016-10-10,Pre-GenAI
Stack Overflow,1165,Using true UTF-8 in binary streams in java,2013-07-02,Pre-GenAI
Stack Overflow,1166,How can I change a file&#39;s encoding with vim?,2009-04-22,Pre-GenAI
Stack Overflow,1167,Mystery UTF-8-like encoding,2016-12-22,Pre-GenAI
Stack Overflow,1168,How can I get the list of UTF-8 files in a UTF-8 directory using C or C++?,2017-03-02,Pre-GenAI
Stack Overflow,1169,Call to C++ JNI NewStringUTF crashes android app when using many different kinds of emoji and langua,2015-12-16,Pre-GenAI
Stack Overflow,1170,RegEx: \w - &quot;_&quot; + &quot;-&quot; in UTF-8,2010-01-14,Pre-GenAI
Stack Overflow,1171,NewString() &amp; NewStringUTF() showing error not valid Modified UTF-8:,2013-02-19,Pre-GenAI
Stack Overflow,1172,GIT pre-commit hook which searches non-UTF-8 encodings among modified/added files (and rejects commi,2019-04-12,Pre-GenAI
Stack Overflow,1173,How to use Groovy JsonOutput.toJson with data encoded with UTF-8?,2016-07-25,Pre-GenAI
Stack Overflow,1174,MSXML removes the encoding=&quot;UTF-8&quot; attribute,2014-12-24,Pre-GenAI
Stack Overflow,1175,Am I correctly supporting UTF-8 in my PHP apps?,2009-08-22,Pre-GenAI
Stack Overflow,1176,insert variable to mysql database as utf-8,2014-03-06,Pre-GenAI
Stack Overflow,1177,JNI DETECTED ERROR IN APPLICATION: input is not valid Modified UTF-8: illegal start byte 0xf0,2020-03-17,Pre-GenAI
Stack Overflow,1178,XmlWorker ParseToElementList UTF-8 special character missing,2017-03-15,Pre-GenAI
Stack Overflow,1179,"gcc, UTF-8 and limits.h",2010-04-18,Pre-GenAI
Stack Overflow,1180,Hibernate Spring encode charater set wrong [UTF-8],2016-05-18,Pre-GenAI
Stack Overflow,1181,JNI DETECTED ERROR IN APPLICATION: input is not valid Modified UTF-8,2016-07-19,Pre-GenAI
Stack Overflow,1182,How to read file in UTF-8 mode,2016-09-20,Pre-GenAI
Stack Overflow,1183,Read UTF-8 files correctly with PowerShell,2014-04-01,Pre-GenAI
Stack Overflow,1184,Saving utf-8 encoded text with numpy.savetxt,2015-02-25,Pre-GenAI
Stack Overflow,1185,utf-8 convertion doesn&#39;t work always,2012-09-11,Pre-GenAI
Stack Overflow,1186,C++ : Converting UTF-8 Text to UTF-8 or UTF-16,2018-06-13,Pre-GenAI
Stack Overflow,1187,Meaning of getBytes() in java with strings,2015-09-08,Pre-GenAI
Stack Overflow,1188,PHP5.3 preg_match with Umlaute UTF-8-modifier,2012-01-18,Pre-GenAI
Stack Overflow,1189,base64 and UTF-8 encoding issue,2009-02-22,Pre-GenAI
Stack Overflow,1190,What kind of utf8 encoding is being used in members of String class in Java?,2010-08-23,Pre-GenAI
Stack Overflow,1191,How to get &#39;original&#39; bytes of a Java String when read from DataOutputStream.writeUTF()?,2011-12-27,Pre-GenAI
Stack Overflow,1192,How to return xml as UTF-8 instead of UTF-16,2014-09-08,Pre-GenAI
Stack Overflow,1193,JNI strings and C strings,2013-08-19,Pre-GenAI
Stack Overflow,1194,C++ character encoding UTF-8,2013-09-03,Pre-GenAI
Stack Overflow,1195,how to import .sql file UTF-8 in mysql databse with php,2016-06-10,Pre-GenAI
Stack Overflow,1196,Soap Envelope Header in Delphi 7 not including utf-8 encoding. How can I modify it?,2010-10-10,Pre-GenAI
Stack Overflow,1197,Header says UTF-8 but accents not showing up properly - why? (php),2011-03-29,Pre-GenAI
Stack Overflow,1198,Write UTF-8 strings to file with pprint,2014-12-25,Pre-GenAI
Stack Overflow,1199,jQuery JSON not showing german umlauts (utf-8 format),2013-11-26,Pre-GenAI
Stack Overflow,1200,Processing UTF-8 characters in text file in java,2016-12-14,Pre-GenAI
Stack Overflow,1202,How to force RestTemplate to send multipart/form-data with UTF-8 encoding,2016-09-22,Pre-GenAI
Stack Overflow,1203,PHP source code in UTF-8 files; how to interpret properly?,2013-07-26,Pre-GenAI
Stack Overflow,1205,Converting UTF-8 to windows-1255 encoding in VB.NET,2013-04-28,Pre-GenAI
Stack Overflow,1206,Error when trying to delete a folder. Input is not valid Modified UTF-8,2016-02-25,Pre-GenAI
Stack Overflow,1207,"This is my current way of writing to a file. However, I can&#39;t do UTF-8?",2010-05-26,Pre-GenAI
Stack Overflow,1208,Serialize a DOM document in UTF-8,2012-07-02,Pre-GenAI
Stack Overflow,1209,Parse UTF-8-BOM xml files using XmlService Google App script,2020-07-15,Pre-GenAI
Stack Overflow,1210,App crashes irregularly and throws JNI error: input is not valid Modified UTF-8,2021-12-20,Pre-GenAI
Stack Overflow,1211,UTF-8 Character set CentOS PHP,2012-10-27,Pre-GenAI
Stack Overflow,1212,How to setup vim properly for editing in utf-8,2011-03-29,Pre-GenAI
Stack Overflow,1213,JAR file with non UTF-8 charset,2015-06-09,Pre-GenAI
Stack Overflow,1214,Why this Spring MVC controller returns corrupted UTF-8 String?,2014-10-06,Pre-GenAI
Stack Overflow,1215,preg_replace with :alnum: and UTF-8,2013-05-31,Pre-GenAI
Stack Overflow,1216,T4 vs UTF-8 vs VS2010,2011-01-05,Pre-GenAI
Stack Overflow,1217,utf-8 and skipinitialspace within a line,2020-01-18,Pre-GenAI
Stack Overflow,1218,"Java―read, process and write UTF-8 file",2013-09-24,Pre-GenAI
Stack Overflow,1219,XMLHttpRequest alters text in UTF-8,2013-07-01,Pre-GenAI
Stack Overflow,1220,File.listFiles() crashes for invalid UTF-8 characters,2017-10-29,Pre-GenAI
Stack Overflow,1221,How to change a texted pdf to utf-8 encoding?,2022-05-03,Pre-GenAI
Stack Overflow,1222,PHP function unserialize stop working after charset change (from latin1 to UTF-8),2015-04-01,Pre-GenAI
Stack Overflow,1223,Restsharp request with UTF-8 encoding,2019-05-07,Pre-GenAI
Stack Overflow,1224,What to use (instead of C-x C-f) to open a UTF-8-encoded file?,2012-12-29,Pre-GenAI
Stack Overflow,1225,Non-ASCII characters in UTF-8 mode regular expression,2016-06-06,Pre-GenAI
Stack Overflow,1226,UTF-8 issue with PHP&#39;s json_decode,2014-03-19,Pre-GenAI
Stack Overflow,1228,Constructing and sending binary data over network,2011-03-14,Pre-GenAI
Stack Overflow,1229,Can SqlServer 2019 store UTF-8 in VARCHAR datatype?,2020-03-23,Pre-GenAI
Stack Overflow,1230,"ajax + utf-8: can&#39;t modify cyrillic string at all (using substr etc), strange behavior",2011-08-10,Pre-GenAI
Stack Overflow,1231,Scala - Handling UTF-8 BOM in String loaded from file,2018-08-20,Pre-GenAI
Stack Overflow,1232,Why is my defaultencoding ‘utf-8’ with python 2.7.2?,2012-10-18,Pre-GenAI
Stack Overflow,1233,Strings display problems after converting java source files to utf-8 and setting eclipse to utf-8,2020-08-20,Pre-GenAI
Stack Overflow,1234,Client / Server / DB. Should i care about other charsets than utf-8?,2015-11-07,Pre-GenAI
Stack Overflow,1235,Problems displaying utf-8 characters,2015-01-22,Pre-GenAI
Stack Overflow,1236,"Ajax, Request Header UTF-8 to ISO Charset",2015-08-27,Pre-GenAI
Stack Overflow,1237,Function to go back 1 UTF-8 character?,2011-02-11,Pre-GenAI
Stack Overflow,1239,How to apply utf-8 to RDS,2016-06-19,Pre-GenAI
Stack Overflow,1240,JNI DETECTED ERROR IN APPLICATION: input is not valid Modified UTF-8: illegal start byte 0xfc.,2016-02-20,Pre-GenAI
Stack Overflow,1241,Correct latin-1 encoded UTF-8 in Django-ORM,2012-12-17,Pre-GenAI
Stack Overflow,1242,Spring data JPA + Mysql doesn&#39;t support UTF-8,2018-12-16,Pre-GenAI
Stack Overflow,1243,Problems reading/writing UTF-8 data in MySQL from Java using JDBC connector 5.1,2009-04-08,Pre-GenAI
Stack Overflow,1244,How do I display UTF-8 characters sent through a websocket?,2014-01-27,Pre-GenAI
Stack Overflow,1245,Unable to convert special characters in UTF-8 file into ANSI,2020-04-13,Pre-GenAI
Stack Overflow,1246,Cannot encode to UTF-8 in JNI,2016-06-25,Pre-GenAI
Stack Overflow,1247,How to pass UTF-8 string from Delphi to a DLL C extern function?,2016-05-04,Pre-GenAI
Stack Overflow,1248,UTF-8 display issue with htmlwidget:datatable [package DT],2015-08-17,Pre-GenAI
Stack Overflow,1249,Using php preg_replace to remove some punctuations from utf-8 encoded string,2016-12-25,Pre-GenAI
Stack Overflow,1250,How can I determine if a file contains UTF-8 like characters,2019-09-12,Pre-GenAI
Stack Overflow,1251,how to remove non utf 8 code and save as a csv file python,2015-09-23,Pre-GenAI
Stack Overflow,1252,How can I convert messages in an mbox file to UTF-8?,2008-12-16,Pre-GenAI
Stack Overflow,1253,"openERP 7 need to export data in UTF-8 CSV , but how?",2014-03-28,Pre-GenAI
Stack Overflow,1254,"Invalid byte 2 of 4-byte UTF-8 sequence, but only when executing JAR?",2011-11-10,Pre-GenAI
Stack Overflow,1256,Encoding difference UTF-8 Android 4.2.2 &lt;=&gt; Windows 7,2013-04-26,Pre-GenAI
Stack Overflow,1257,Leading &quot;?&quot; symbol in UTF-8,2012-02-14,Pre-GenAI
Stack Overflow,1258,Convert byte[] to ISO-8859-15 or utf-8,2021-08-05,Pre-GenAI
Stack Overflow,1259,"Bootstrapped UTF-8 site displays well in Chrome &amp; FF, but Turkish characters become weird in onl",2014-06-16,Pre-GenAI
Stack Overflow,1260,Does NewStringUTF copy the const char * passed in,2019-05-21,Pre-GenAI
Stack Overflow,1261,How to sed replace UTF-8 characters with HTML entities in another file?,2019-03-08,Pre-GenAI
Stack Overflow,1262,How to set default-encoding in undertow subsystem as utf-8 with a CLI script?,2016-11-08,Pre-GenAI
Stack Overflow,1263,Perl LWP::UserAgent mishandling UTF-8 response,2010-12-31,Pre-GenAI
Stack Overflow,1264,File use UTF-8 encoding by could not read in ios,2011-12-19,Pre-GenAI
Stack Overflow,1265,Get the content length from first two bytes of modified Java UTF (created using java writeUTF() meth,2017-09-27,Pre-GenAI
Stack Overflow,1266,Write a file with encoding UTF-8 in php,2011-07-08,Pre-GenAI
Stack Overflow,1267,Convert UTF-8 bytes to some other encoding in Python,2010-03-24,Pre-GenAI
Stack Overflow,1270,perl: Uncaught exception: malformed UTF-8 character in JSON string,2011-08-01,Pre-GenAI
Stack Overflow,1271,string issue of utf-8 encoding with PHP and MySQL?,2009-09-03,Pre-GenAI
Stack Overflow,1273,java utf-8 to decimal,2013-04-15,Pre-GenAI
Stack Overflow,1274,Protocol Buffer nanopb Serializing string and decoding error utf-8 character,2019-10-23,Pre-GenAI
Stack Overflow,1275,JNI DETECTED ERROR IN APPLICATION: input is not valid Modified UTF-8: illegal start byte 0x9c Native,2017-09-23,Pre-GenAI
Stack Overflow,1277,UTF-8 charset issue with loadHTMLFile,2016-02-14,Pre-GenAI
Stack Overflow,1278,How to use Perl pack to convert UTF-16 surrogate pairs to UTF-8?,2022-06-09,Pre-GenAI
Stack Overflow,1279,Understanding encoding in character streams,2019-08-10,Pre-GenAI
Stack Overflow,1280,How to solve this UTF-8 encoding C problem?,2020-07-23,Pre-GenAI
Stack Overflow,1281,Changing MySQL DB encoding from Latin1_swedish to UTF-8,2015-02-03,Pre-GenAI
Stack Overflow,1282,Use python -m json.tool to output Chinese UTF-8,2019-01-29,Pre-GenAI
Stack Overflow,1283,Configuring the .NET WCF UTF-8 deserializer to modify/discard non-shortest form chars instead of thr,2010-11-24,Pre-GenAI
Stack Overflow,1284,Problems for reading UTF-8 requests on Tomcat,2014-05-26,Pre-GenAI
Stack Overflow,1285,[zbar]How to decode qr code which contains Chinese (utf-8) by ZBar?,2021-12-29,Pre-GenAI
Stack Overflow,1286,VB.NET Save XMLdocument as UTF-8 with BOM,2020-08-21,Pre-GenAI
Stack Overflow,1287,Reading unicode lines from files conversion UTF-8,2015-10-26,Pre-GenAI
Stack Overflow,1288,Unsupported Content-Type: text/html; charset=UTF-8 Supported ones are: [text/xml],2012-08-29,Pre-GenAI
Stack Overflow,1289,Php application encoding problems from ISO-8859-1 to UTF-8,2012-12-23,Pre-GenAI
Stack Overflow,1290,Trying to add UTF-8 compatibility to existing config files,2012-05-09,Pre-GenAI
Stack Overflow,1291,Spring UTF-8 message resource from external jar issue,2014-07-25,Pre-GenAI
Stack Overflow,1292,PHP char encoding to UTF-8 from various sources,2011-03-05,Pre-GenAI
Stack Overflow,1293,"UTF-8 encoding issue in php, special characters",2017-08-29,Pre-GenAI
Stack Overflow,1294,Which double quote characters are automatically replaced when converting from UTF-8 to ISO-8859-15?,2015-12-02,Pre-GenAI
Stack Overflow,1295,JSP/GlassFish: how to setup UTF-8 encoding correctly,2014-11-06,Pre-GenAI
Stack Overflow,1296,Spring JPA doesn&#39;t work with my encoding(UTF-8) only when I use update data,2021-03-15,Pre-GenAI
Stack Overflow,1297,Spring Boot integration test - TestRestTemplate how to set response Content-Type to UTF-8,2017-03-23,Pre-GenAI
Stack Overflow,1298,Android java utf-8 encoded strings,2012-12-29,Pre-GenAI
Stack Overflow,1299,How to store UTF-8 bytes from a C# String in a SQL Server 2000 TEXT column,2013-04-13,Pre-GenAI
Stack Overflow,1300,String#encode not fixing &quot;invalid byte sequence in UTF-8&quot; error,2012-07-07,Pre-GenAI
Stack Overflow,1301,Unable to login with Chinese username spring Mvc,2015-01-30,Pre-GenAI
Stack Overflow,1302,What is the reason for this bizarre issue parsing a UTF-8 command line argument on Windows?,2020-09-13,Pre-GenAI
Stack Overflow,1303,exporting text file with utf-8 encoding in ms access,2014-04-03,Pre-GenAI
Stack Overflow,1304,SSIS C# Script Task utf-16 to utf-8,2015-10-26,Pre-GenAI
Stack Overflow,1305,PHP for Python Programmers: UTF-8 Issues,2012-06-03,Pre-GenAI
Stack Overflow,1306,Is there any diffrence between edit an utf-8 ini file with notepad or VS2010?,2012-11-30,Pre-GenAI
Stack Overflow,1307,Convert xml document to string with encoding as utf-8,2014-05-06,Pre-GenAI
Stack Overflow,1308,"Transform project from windows-1256 to utf-8 charset, what&#39;s the right steps?",2010-08-07,Pre-GenAI
Stack Overflow,1309,ANSI vs SHIFT JIS vs UTF-8 in c#,2012-04-18,Pre-GenAI
Stack Overflow,1310,XMLHttpRequest. Send data NOT in UTF-8. Is mission imposible?,2011-10-14,Pre-GenAI
Stack Overflow,1311,Ruby: UTF-8 incorrect input,2012-04-20,Pre-GenAI
Stack Overflow,1312,iOS - PHP Match UTF-8 encoding,2013-02-09,Pre-GenAI
Stack Overflow,1313,How should one reasonably handle combining characters in UTF-8,2019-05-21,Pre-GenAI
Stack Overflow,1314,Sending special characters (&#235; &#228; &#239;) in POST body with DataOutputStream in Android,2012-11-30,Pre-GenAI
Stack Overflow,1315,Spring batch file reading: JBOSS EAP 6.2 File encoding from UTF-8 to ISO-8859-1,2020-08-03,Pre-GenAI
Stack Overflow,1316,How to use non utf-8 input in mod_python python version 2,2014-12-12,Pre-GenAI
Stack Overflow,1317,PHP malformed utf-8 when decoding json string posted using javascript,2014-06-25,Pre-GenAI
Stack Overflow,1319,How to make sure that php files are actually saved with utf-8 encoding?,2016-09-26,Pre-GenAI
Stack Overflow,1320,Setting emoji in string api 22,2017-06-12,Pre-GenAI
Stack Overflow,1321,How to return rsa encrypted string using openssl in jni,2015-03-20,Pre-GenAI
Stack Overflow,1322,&quot;Incorrect string value: &#39;\\xD8\\xB9\\xD8\\xB1\\xD8\\xA8...&#39; for column &#39;soup&#39; ,2020-03-07,Pre-GenAI
Stack Overflow,1323,Does APNS understand UTF-8 encoded payload,2017-08-05,Pre-GenAI
Stack Overflow,1324,Access VBA exporting CSV file as UTF-8,2016-03-21,Pre-GenAI
Stack Overflow,1325,Java application reads UTF-8 encoded text files but after ant build the characters are not as expect,2012-01-02,Pre-GenAI
Stack Overflow,1326,PowerShell - Batch change files encoding To UTF-8,2013-09-08,Pre-GenAI
Stack Overflow,1327,How can I get an output in UTF-8 encoded unicode from Scrapy?,2016-09-19,Pre-GenAI
Stack Overflow,1328,How does [] make a difference in Java regex?,2015-11-17,Pre-GenAI
Stack Overflow,1329,UTF8 data in JSON can&#39;t save as NSString properly,2012-03-09,Pre-GenAI
Stack Overflow,1330,Handling UTF-8 encoding,2008-11-06,Pre-GenAI
Stack Overflow,1331,Pretty print and write XML with UTF-8 encoding in Java 8,2015-03-11,Pre-GenAI
Stack Overflow,1332,NGINX UTF-8 encoding,2014-07-31,Pre-GenAI
Stack Overflow,1333,Convert file to UTF-8 and preserve modification timestamp,2018-10-15,Pre-GenAI
Stack Overflow,1334,MarkLogic. Loading document with accented characters in an attribute generates an Invalid UTF-8 esca,2018-03-09,Pre-GenAI
Stack Overflow,1336,Header redirecting function error for online if encoding utf-8,2016-01-15,Pre-GenAI
Stack Overflow,1337,strangely added character to my strings when using .encode(&quot;utf-8&quot;),2017-01-28,Pre-GenAI
Stack Overflow,1338,UTF-8 decoding help needed,2019-02-03,Pre-GenAI
Stack Overflow,1339,&quot;illegal character: \65279&quot; during Maven compile despite being set to UTF-8,2013-07-09,Pre-GenAI
Stack Overflow,1340,Highlight words with non alphanumeric characters,2013-02-28,Pre-GenAI
Stack Overflow,1341,Decode UTF-8 encoded Cyrillic with Delphi 2007,2013-01-01,Pre-GenAI
Stack Overflow,1342,How to convert the encoding of a file to ISO-8859-1 in Notepad++?,2016-05-19,Pre-GenAI
Stack Overflow,1345,Arabic text (UTF-8) output issue fetching from Oracle Database,2021-12-14,Pre-GenAI
Stack Overflow,1346,Parsing XML to JSON UTF-8,2018-06-07,Pre-GenAI
Stack Overflow,1347,How to change default character encoding configuration in Jetty app server from UTF-8 to ISO-8859-1,2019-10-11,Pre-GenAI
Stack Overflow,1348,Sendgrid will only send utf-8 attachments,2013-07-17,Pre-GenAI
Stack Overflow,1350,UTF GET parameter codification problem in JSP (JBoss 2.0.1),2010-04-26,Pre-GenAI
Stack Overflow,1351,How should I use g++&#39;s -finput-charset compiler option correctly in order to compile a non-UTF-8,2012-04-27,Pre-GenAI
Stack Overflow,1352,&quot;Invalid byte 1 of 1-byte UTF-8 sequence&quot; occurs when posting xml in .jar but not in eclpi,2014-08-11,Pre-GenAI
Stack Overflow,1353,What does &quot;bits 6-0&quot; or &quot;bits 10-6 &quot; mean in the javadoc of DataInput?,2021-03-05,Pre-GenAI
Stack Overflow,1354,Unicode: Automatically detect high characters and convert them to surrogate pairs,2014-07-31,Pre-GenAI
Stack Overflow,1355,PHP regex - add UTF-* characters,2012-07-26,Pre-GenAI
Stack Overflow,1356,C++11 std::cout &lt;&lt; &quot;string literal in UTF-8&quot; to Windows cmd console? (Visual Studio ,2015-09-01,Pre-GenAI
Stack Overflow,1358,Convert every dictionary value to utf-8 (dictionary comprehension?),2015-11-13,Pre-GenAI
Stack Overflow,1359,How do you read UTF-8 characters from an infinite byte stream - C#,2012-07-26,Pre-GenAI
Stack Overflow,1360,Encoding problem with file generated by Java program for a VB application,2019-05-23,Pre-GenAI
Stack Overflow,1361,Remove all non utf-8 characters from file with no output in terminal,2015-05-18,Pre-GenAI
Stack Overflow,1362,mb_stripos returns incorrect value,2012-09-06,Pre-GenAI
Stack Overflow,1363,SQL Server Bulk Import With Format File of UTF-8 Data,2012-02-24,Pre-GenAI
Stack Overflow,1364,data UTF-8 to insert on latin1_swedish_ci table MYSQl,2017-07-19,Pre-GenAI
Stack Overflow,1365,"If Windows code page is UTF-8, try to start a Java program with special characters in classpath, res",2022-06-21,Pre-GenAI
Stack Overflow,1366,JSP: can&#39;t figure out how to set UTF-8 for GlassFish 3.1.2 response,2014-11-07,Pre-GenAI
Stack Overflow,1367,How can I Force or Specify Encoding type using Xml.Save?,2015-05-15,Pre-GenAI
Stack Overflow,1368,XmlHttpRequest getAllResponseHeaders() not returning all the headers,2012-01-20,Pre-GenAI
Stack Overflow,1369,"Private key decrypting symmetric key, but giving different results when the symmetric key is network",2011-12-27,Pre-GenAI
Stack Overflow,1370,Changing all non-utf8 characters into utf-8 in mysql (encoding problems),2014-10-14,Pre-GenAI
Stack Overflow,1371,Arduino to serial +python to firebase UTF-8 decode error,2015-06-02,Pre-GenAI
Stack Overflow,1373,Is there any way I can ease Excel&#39;s UTF-8 handling using PHP?,2016-04-12,Pre-GenAI
Stack Overflow,1374,preg_match does not find a UTF-8 character at the beginning of a binary string which contain non-UTF,2019-11-05,Pre-GenAI
Stack Overflow,1375,in VC++ Cfile write with UTF8 encoding,2014-01-22,Pre-GenAI
Stack Overflow,1376,Using ByteStream for reading UTF-8 characters,2017-09-20,Pre-GenAI
Stack Overflow,1377,Cannot display characters&quot;Œ œ Š š Ÿ † ‡ • … ‰ € ™&quot; using &quot;UTF-8&quot; and &quot;ISO-8,2019-08-08,Pre-GenAI
Stack Overflow,1378,Clarification about GetFieldID,2016-10-03,Pre-GenAI
Stack Overflow,1379,Set Charset to UTF-8 on html pages for Middleman blog site,2014-01-05,Pre-GenAI
Stack Overflow,1380,PHP PREG Regex: What does &quot;\W&quot; mean when using the UTF-8 modifier?,2010-01-07,Pre-GenAI
Stack Overflow,1381,HTTP error 304 (Not Modified) exception not returned by python urllib2.request.add_header,2015-08-14,Pre-GenAI
Stack Overflow,1382,How to fix the invisible space problem in PHP?,2009-12-18,Pre-GenAI
Stack Overflow,1383,"Inserting text from external TXT file between slides, UTF-8, macro modification",2020-05-27,Pre-GenAI
Stack Overflow,1384,Springboot Hosting GraphQL Server Won&#39;t Accept Queries With Content Type &quot;application/json;,2019-09-10,Pre-GenAI
Stack Overflow,1385,How to read unicode characters from data source,2020-10-05,Pre-GenAI
Stack Overflow,1386,"CorruptedFrame exception , websockets in Netty",2015-09-25,Pre-GenAI
Stack Overflow,1387,My troubles creating MatLab table encoded in UTF-8,2015-05-13,Pre-GenAI
Stack Overflow,1388,Checking MySQL character set,2011-07-25,Pre-GenAI
Stack Overflow,1389,Why does pasting a line break the code if writing out the same line by hand works fine?,2013-03-22,Pre-GenAI
Stack Overflow,1390,PHP problem character set,2010-10-04,Pre-GenAI
Stack Overflow,1391,Changing FileStream Write encoding type,2014-04-19,Pre-GenAI
Stack Overflow,1393,Japanese characters in java webapp and oracle,2009-08-21,Pre-GenAI
Stack Overflow,1394,XML Writer - Unable to override UTF16 to UTF8,2019-03-13,Pre-GenAI
Stack Overflow,1395,Non-English characters are all broken in JSP file,2017-12-15,Pre-GenAI
Stack Overflow,1397,preg_split vs mb_split,2016-03-20,Pre-GenAI
Stack Overflow,1398,upload .jpg image attachment in mail using AWS SES from node.js,2017-03-14,Pre-GenAI
Stack Overflow,1399,Can&#39;t run any Android Project from clean Ubuntu 14.04 Installation,2014-04-21,Pre-GenAI
Stack Overflow,1400,Is the u8 string literal necessary in C++11,2012-11-18,Pre-GenAI
Stack Overflow,1401,Wrong encoding even when specifying encoding to pandas,2019-11-19,Pre-GenAI
Stack Overflow,1402,WCF service using basicHttpBinding is still sending content type &quot;text/xml&quot;,2011-11-10,Pre-GenAI
Stack Overflow,1403,PHP regex case-insensitive on cyrillic charset,2014-05-20,Pre-GenAI
Stack Overflow,1404,VB6: write a flat file with UTF8 strings,2014-06-04,Pre-GenAI
Stack Overflow,1405,AJAX Headers (Firefox vs Chrome),2015-12-17,Pre-GenAI
Stack Overflow,1406,embedded linux can&#39;t display more than utf-8 characters,2017-05-11,Pre-GenAI
Stack Overflow,1407,Charset value bypassed on page refresh,2012-07-29,Pre-GenAI
Stack Overflow,1408,Android app requests WCF service (SerializationException - utf-8 related),2013-10-08,Pre-GenAI
Stack Overflow,1409,Can I make python read my file as UTF-16 LE BOM while using regex?,2021-09-24,Pre-GenAI
Stack Overflow,1410,hadoop configuration xml encode,2014-10-19,Pre-GenAI
Stack Overflow,1411,Tokenize sentence in word in UTF-8 with special characters,2017-02-27,Pre-GenAI
Stack Overflow,1412,send simple e-mail encoded in iso-8859-1 to iphone with php,2017-01-25,Pre-GenAI
Stack Overflow,1413,What is the SHA-1 of 255?,2011-11-11,Pre-GenAI
Stack Overflow,1414,Perl Client to Java Server,2010-01-12,Pre-GenAI
Stack Overflow,1416,Send video from kik bot,2021-03-22,Pre-GenAI
Stack Overflow,1417,Python sqlalchemy encode/decode binary key in MSSQL,2020-08-21,Pre-GenAI
Stack Overflow,1418,VS Code debugger: failure to find module (utf-8 characters),2020-08-12,Pre-GenAI
Stack Overflow,1419,Unable to process strings in files with different encoding [Not accepting answers],2022-01-23,Pre-GenAI
Stack Overflow,1420,PHP PCRE pattern,2011-06-04,Pre-GenAI
Stack Overflow,1421,VTD-XML : XMLModifier.output() throws an IndexOutOfBoundsException,2016-03-22,Pre-GenAI
Stack Overflow,1422,"lua, truncate string containing utf-8 encoded chars",2019-09-09,Pre-GenAI
Stack Overflow,1423,UTF-8 names with boost::filestream under MinGW,2017-09-25,Pre-GenAI
Stack Overflow,1424,Unity C# System.Xml.Linq - XDocument changes the encoding in a XML declaration,2019-10-17,Pre-GenAI
Stack Overflow,1425,Non destructive force_encoding?,2013-06-10,Pre-GenAI
Stack Overflow,1426,Reading UTF Strings larger than UnsignedShort.MAX_VALUE in DataInputStream,2014-10-27,Pre-GenAI
Stack Overflow,1427,JS Problem with encoding decoding UTF?,2011-01-31,Pre-GenAI
Stack Overflow,1428,"OpenCart installation, cannot log into Dashboard",2017-10-18,Pre-GenAI
Stack Overflow,1429,How can I make PowerShell handle [ or ] in file name well?,2019-09-02,Pre-GenAI
Stack Overflow,1431,Convert String into the format that readUTF() expects,2020-02-09,Pre-GenAI
Stack Overflow,1432,Write ElementTree directly to zip with utf-8 encoding,2020-03-19,Pre-GenAI
Stack Overflow,1433,How to send Unicode JSON over HTTP?,2016-01-15,Pre-GenAI
Stack Overflow,1434,Displaying Chinese Characters in Apache/Tomcat server,2014-10-15,Pre-GenAI
Stack Overflow,1435,UnicodeEncodeError: &#39;utf-8&#39; codec can&#39;t encode character &#39;\udcd8&#39; in position 11,2021-12-11,Pre-GenAI
Stack Overflow,1436,cgi python3 problems with encoding,2014-04-30,Pre-GenAI
Stack Overflow,1438,"HTML5 File api, reading in an xml/text file and displaying it on the page?",2011-04-21,Pre-GenAI
Stack Overflow,1439,Replace &quot;abc123def&quot; with &quot;abc 123 def&quot; in multibyte string,2009-10-09,Pre-GenAI
Stack Overflow,1440,PHP HTTP 1.1 can not perform partial PUT requests,2013-08-13,Pre-GenAI
Stack Overflow,1441,How can I specify UTF-8 cell values and filenames to Excel using R and COM (RDCOMClient)?,2020-05-10,Pre-GenAI
Stack Overflow,1442,Converting from Windows MBCS to UTF-8,2017-07-24,Pre-GenAI
Stack Overflow,1443,Java Selenium - CSV UTF-8 format file creation is not working for Salesforce,2020-07-30,Pre-GenAI
Stack Overflow,1444,JSF 2.2 - fileupload does not work with Ajax. Form appears to have incorrect enctype (only via AJAX),2013-05-02,Pre-GenAI
Stack Overflow,1445,TwinML Java Say: Cyrillic letters are not read,2019-01-20,Pre-GenAI
Stack Overflow,1446,Compressing UTF-8(or other 8-bit encoding) to 7 or fewer bits,2009-12-03,Pre-GenAI
Stack Overflow,1447,Unit testing for unicode support,2012-09-24,Pre-GenAI
Stack Overflow,1448,How to make Mason2 UTF-8 clean?,2011-05-02,Pre-GenAI
Stack Overflow,1449,How can I package django with web-socket server using PyInstaller?,2020-06-24,Pre-GenAI
Stack Overflow,1450,Is there something magical about this? The file always turns to ANSI,2010-01-01,Pre-GenAI
Stack Overflow,1451,File.listFiles crashes for invalid UTF-8 characters,2014-11-19,Pre-GenAI
Stack Overflow,1452,Yii CDbCriteria - OR and foreach(),2012-06-02,Pre-GenAI
Stack Overflow,1453,How can character encoding be made correctly in both php and mysql database,2012-10-23,Pre-GenAI
Stack Overflow,1454,Unzipping of downloaded .gz file fails due to UnicodeDecodeError,2019-08-23,Pre-GenAI
Stack Overflow,1455,Emoji symbol &#128077; in string.xml crashes app,2016-03-04,Pre-GenAI
Stack Overflow,1456,Drools specified encoding not taking effect,2018-12-03,Pre-GenAI
Stack Overflow,1457,Equivalent pattern to &quot;[\0-\x7F\xC2-\xF4][\x80-\xBF]*&quot; in Lua 5.1,2014-04-09,Pre-GenAI
Stack Overflow,1458,How to use preg_replace to translate Japanese to English from a remote website,2016-02-14,Pre-GenAI
Stack Overflow,1459,How can I see the options passed to tomcat8 while starting?,2019-04-03,Pre-GenAI
Stack Overflow,1460,Saving file into another file using VBScript after modification,2019-07-08,Pre-GenAI
Stack Overflow,1461,Castle WcfFacility Publishing MEX Endpoints,2013-11-25,Pre-GenAI
Stack Overflow,1462,Problem with words written with other characters,2020-06-19,Pre-GenAI
Stack Overflow,1463,How can I make Russian letters visible in a IUP dialog loaded from a LED file?,2017-04-17,Pre-GenAI
Stack Overflow,1464,Need to do dump &amp; convert between Latin1 and UTF-8 in MySQL if existing data is all ASCII?,2012-01-25,Pre-GenAI
Stack Overflow,1465,tensorflow.GraphDef was modified concurrently during serialization,2019-03-28,Pre-GenAI
Stack Overflow,1466,Storing a Large Signed UTF-8 String in SQL CE 4.0 Database,2014-03-14,Pre-GenAI
Stack Overflow,1467,MySQL Incorrect string value error,2016-02-22,Pre-GenAI
Stack Overflow,1468,Real length of a Thai UTF-8 encoded string in Delphi,2017-10-05,Pre-GenAI
Stack Overflow,1469,� appears using character_limiter() with strip_tags() and utf-8 charset,2011-10-11,Pre-GenAI
Stack Overflow,1470,php preg_replace: unicode modifier for ascii strings,2012-04-02,Pre-GenAI
Stack Overflow,1471,Extracting from array using PHP,2014-08-30,Pre-GenAI
Stack Overflow,1472,Offer javascript string as ISO-8859 encoded downloadable blob,2012-10-05,Pre-GenAI
Stack Overflow,1473,Setting Charset on Nginx PHP virtual host not working,2019-07-31,Pre-GenAI
Stack Overflow,1474,Submitting a form with CJK into MySQL using JDBC Driver,2016-07-04,Pre-GenAI
Stack Overflow,1475,PHP/MySQL Encoding,2015-06-17,Pre-GenAI
Stack Overflow,1476,Encoding of Text Files in VB 6.0,2013-04-04,Pre-GenAI
Stack Overflow,1477,mail() works while mb_send_mail() does not in multi-byte environment,2012-10-18,Pre-GenAI
Stack Overflow,1478,How to calculate Content-length properly in tclhttpd?,2019-11-06,Pre-GenAI
Stack Overflow,1479,Having issue while reading &#39;≤&#39; and &#39;≥&#39; signs from file,2020-12-18,Pre-GenAI
Stack Overflow,1480,How to use SOAP 1.2 with a different Content-Type in Spring Boot,2019-08-02,Pre-GenAI
Stack Overflow,1481,Inputstreamreader and data encoding,2016-09-25,Pre-GenAI
Stack Overflow,1483,Unirest post with GZIPOutputStream not working with python Flask api,2020-06-01,Pre-GenAI
Stack Overflow,1484,CKEditor charset,2011-07-11,Pre-GenAI
Stack Overflow,1486,Api gateway 304 responses with Last-Modified header,2016-07-19,Pre-GenAI
Stack Overflow,1487,git not changing crlf to lf when changing encoding of a file,2017-11-03,Pre-GenAI
Stack Overflow,1488,Web API - Return JSON object along with the HTTP Status,2016-02-10,Pre-GenAI
Stack Overflow,1489,wchar_t* with UTF8 chars in MSVC,2017-08-02,Pre-GenAI
Stack Overflow,1490,Can&#39;t understand the difference between two preg_match patterns,2012-01-25,Pre-GenAI
Stack Overflow,1491,Can&#39;t encode CSV file in UTF8 with PHP,2017-01-18,Pre-GenAI
Stack Overflow,1492,Converting byte array to string and back again in C#,2009-09-14,Pre-GenAI
Stack Overflow,1493,Write Non Latin Characters in CSV using Java,2018-08-21,Pre-GenAI
Stack Overflow,1494,RSA in javascript no longer supports ASCII/byte arrays,2016-05-12,Pre-GenAI
Stack Overflow,1495,&lt;META http-equiv=&quot;Content-Type&quot; content=&quot;text/html; charset=UTF-8&quot;&gt; is ins,2013-09-04,Pre-GenAI
Stack Overflow,1496,How to move rows of excel file to line 1 and convert to csv with UTF-8 encoding using openpyxl in py,2022-06-04,Pre-GenAI
Stack Overflow,1497,XPath is different when read from csv file,2021-05-25,Pre-GenAI
Stack Overflow,1498,Passing Strings with Emojis to FREFunction in Java,2015-02-03,Pre-GenAI
Stack Overflow,1499,Convince Firefox to send an If-Modified-Since header over HTTPS,2008-08-19,Pre-GenAI
Stack Overflow,1500,inserting unicode characters into mysql database shows ??????? in field,2010-07-14,Pre-GenAI
Stack Overflow,1501,Why is ASIDownloadCache cached data always be used?,2011-11-05,Pre-GenAI
Stack Overflow,1502,modifying stopwords in R&#39;s TM package,2014-06-02,Pre-GenAI
Stack Overflow,1503,Keep file encoding in eclipse for each file (different encodings for different files),2014-06-27,Pre-GenAI
Stack Overflow,1504,Can&#39;t make Eclipse (Luna) PyDev console use UTF-8,2014-08-17,Pre-GenAI
Stack Overflow,1505,errors while trying to remove non-UTF characters returned from a DLL,2013-01-25,Pre-GenAI
Stack Overflow,1506,Modify or hook into Jupyter&#39;s tab completion,2018-05-13,Pre-GenAI
Stack Overflow,1507,How to read/store unicode with STL strings and streams,2008-12-24,Pre-GenAI
Stack Overflow,1508,"PHP script escapes special characters after switching servers, how to fix it?",2015-04-23,Pre-GenAI
Stack Overflow,1509,how to display text encoded in ISO-8859 on android device,2016-09-16,Pre-GenAI
Stack Overflow,1511,CSV from UTF8 to ISO-8859-1,2017-09-08,Pre-GenAI
Stack Overflow,1512,PHP: Serialized array is saved in (by humans) unreadable UTF-16LE encoded .txt file -- bug or intend,2020-05-18,Pre-GenAI
Stack Overflow,1513,Error handling for encoding problems in File.listFiles() in android,2013-06-17,Pre-GenAI
Stack Overflow,1514,Serve JSON &quot;as is&quot; from Spring controller using content negotiation,2010-10-22,Pre-GenAI
Stack Overflow,1515,jboss jbpm task comment does not accept Chinese,2017-11-17,Pre-GenAI
Stack Overflow,1516,Issue in saving Special charcters in Oracle Database in BLOB datatype,2016-11-01,Pre-GenAI
Stack Overflow,1517,Jetty HttpServletResponse can&#39;t be modified,2012-04-03,Pre-GenAI
Stack Overflow,1518,fast string modification in python,2009-10-02,Pre-GenAI
Stack Overflow,1519,How can I force Jekyll to always use a UTF-8 encoding?,2020-05-11,Pre-GenAI
Stack Overflow,1520,Fix for Unicode Transformation Issue/Vulnerability in ColdFusion,2013-06-17,Pre-GenAI
Stack Overflow,1521,Oracle OCI changeing invalid UTF8 characters to U+FFFD,2013-10-30,Pre-GenAI
Stack Overflow,1522,Updating a Salesforce record from Google Apps script,2014-03-21,Pre-GenAI
Stack Overflow,1523,How to set a (UTF8) modifier for RegEx of a RegEx Route in Zend Framework 2?,2013-03-27,Pre-GenAI
Stack Overflow,1524,File Encoding Conversion from ANSI to CP852/IBM852,2014-11-12,Pre-GenAI
Stack Overflow,1525,Is it necessary to avoid memory leak when returning pointer by using shared_ptr?,2022-08-15,Pre-GenAI
Stack Overflow,1526,Scandinavian characters get messed up when saved from DataGrid,2013-01-11,Pre-GenAI
Stack Overflow,1528,Unable to add a Service Reference to a WCF service that is hosted locally,2012-01-09,Pre-GenAI
Stack Overflow,1529,How to convert Python List of Variable-Type to a Bytes Like Object?,2020-05-29,Pre-GenAI
Stack Overflow,1530,setCharacterEncoding method not encoding properly with iso-8859-15 for special characters,2017-04-27,Pre-GenAI
Stack Overflow,1531,"Expected String instance, bytes found",2022-08-05,Pre-GenAI
Stack Overflow,1532,Powershell Out-File changing characters it shouldn&#39;t,2017-02-10,Pre-GenAI
Stack Overflow,1533,How to remove BOM in Intellij Idea,2011-10-24,Pre-GenAI
Stack Overflow,1534,Character encoding with .csv and excel,2013-02-19,Pre-GenAI
Stack Overflow,1535,git reset --hard does not revert changes,2021-03-23,Pre-GenAI
Stack Overflow,1537,jdom 2.0.5 XML-Parsing error: not well formed,2014-11-05,Pre-GenAI
Stack Overflow,1538,error redirect to react after local auth with passport using node js express,2020-05-27,Pre-GenAI
Stack Overflow,1539,nodejs firebird connection encoding,2017-07-27,Pre-GenAI
Stack Overflow,1540,"API Gateway rejecting requests having spanish characters (&#225; , &#237;)",2018-10-15,Pre-GenAI
Stack Overflow,1541,"utf-8 character set, 7bit encoding, PHP adding strange characters",2013-02-25,Pre-GenAI
Stack Overflow,1542,How can I identify different encodings without the use of a BOM?,2009-08-28,Pre-GenAI
Stack Overflow,1543,Python 3 not aware of Windows filename encodings?,2015-05-25,Pre-GenAI
Stack Overflow,1544,Svn hook encoding problem,2010-02-06,Pre-GenAI
Stack Overflow,1545,Reading a gz file and keeping track of position in file,2011-03-06,Pre-GenAI
Stack Overflow,1546,Should I care about multi-byte character strings when using preg_match in PHP,2011-08-22,Pre-GenAI
Stack Overflow,1547,Python - which encoding should be applied to a string to be passed to hashlib.sha256()?,2020-07-01,Pre-GenAI
Stack Overflow,1548,Perform a global/iterative search in mb_ereg_match,2011-08-09,Pre-GenAI
Stack Overflow,1549,Having encoding problems in Aptana Studio,2010-03-27,Pre-GenAI
Stack Overflow,1550,curl api is replacing + with spaces,2017-04-21,Pre-GenAI
Stack Overflow,1551,Java - Read page source from url returns unknown characters,2019-02-04,Pre-GenAI
Stack Overflow,1552,Perl-generated UTF8 strings in JSON corrupted on client side,2019-02-15,Pre-GenAI
Stack Overflow,1553,How can using gettext help me here?,2010-12-09,Pre-GenAI
Stack Overflow,1554,JPA EntityManager and character encoding,2014-12-24,Pre-GenAI
Stack Overflow,1555,Unicode Playlists for Sonos from Python,2019-02-27,Pre-GenAI
Stack Overflow,1556,DataOutputStream: purpose of the &quot;encoded string too long&quot; restriction,2014-03-30,Pre-GenAI
Stack Overflow,1557,How to load Windows-1215 encoded website in android webview after editing,2016-10-27,Pre-GenAI
Stack Overflow,1558,Python: octal escape character \033 from a dictionary value translates in a print statement to a UTF,2013-07-21,Pre-GenAI
Stack Overflow,1559,"Powershell: stdout and stderr to separate files, without new lines",2021-06-16,Pre-GenAI
Stack Overflow,1560,(Only C) conversion special characters from string char to hexadecimal,2019-11-24,Pre-GenAI
Stack Overflow,1561,How to eliminate certain annoying message during framework source code debugging,2010-07-28,Pre-GenAI
Stack Overflow,1562,What is the encoding of this byte literal?,2021-06-03,Pre-GenAI
Stack Overflow,1563,HTTPS POST in shift-jis encoding,2020-12-02,Pre-GenAI
Stack Overflow,1564,PHP preg_split by new line with \R,2017-06-28,Pre-GenAI
Stack Overflow,1565,WCF Json result deserialization error with newtonsoft json,2015-06-16,Pre-GenAI
Stack Overflow,1566,How to pass a string having latin 1 supplements characters from c layer to java,2015-02-10,Pre-GenAI
Stack Overflow,1567,Python read non-ascii text file,2016-08-02,Pre-GenAI
Stack Overflow,1568,Why does an error appear when connecting to the server?,2022-10-26,Pre-GenAI
Stack Overflow,1569,Remove byte order mark from objects in a list,2015-06-03,Pre-GenAI
Stack Overflow,1570,Java SOAP Message Content Type,2017-06-06,Pre-GenAI
Stack Overflow,1571,ASP.Net MVC Api won&#39;t accept an int parameter,2014-04-17,Pre-GenAI
Stack Overflow,1572,(Only C) conversion special characters from string char to Hex. Unicode,2019-11-24,Pre-GenAI
Stack Overflow,1573,Six red dots over my logging PHP app JSON response generates SyntaxError JSON.parse: unexpected char,2018-01-30,Pre-GenAI
Stack Overflow,1574,Different regex output on 2 PHP systems?,2014-04-23,Pre-GenAI
Stack Overflow,1575,When do I need u-modifier in PHP regex?,2019-09-26,Pre-GenAI
Stack Overflow,1576,How to Deserialize String to Java Object,2018-05-22,Pre-GenAI
Stack Overflow,1577,Set character set on Amazon RDS (Postgresql),2015-11-05,Pre-GenAI
Stack Overflow,1578,Protobuf : pass protobuf message from Javascript to C++ WebAssembly module,2022-02-17,Pre-GenAI
Stack Overflow,1579,Tomcat encoding issue again,2015-01-20,Pre-GenAI
Stack Overflow,1580,&quot;UnicodeDecodeError: &#39;utf-8&#39; codec can&#39;t decode byte 0x80&quot; while loading pickl,2018-03-07,Pre-GenAI
Stack Overflow,1581,java encode String to UTF,2016-04-27,Pre-GenAI
Stack Overflow,1582,Creating animated gifs from PNG images and correct headers,2014-10-04,Pre-GenAI
Stack Overflow,1583,Certain unicode characters being returned as their HTML code after parsing,2019-02-12,Pre-GenAI
Stack Overflow,1584,Rails&#39; stale? method for sitemap always returns HTTP 200,2009-04-13,Pre-GenAI
Stack Overflow,1585,Could not create XMLStreamReader in xtest (HIEOS),2013-09-16,Pre-GenAI
Stack Overflow,1586,Is there a DCOM-exposed object that permits streaming a write-locked UTF8 file?,2009-04-28,Pre-GenAI
Stack Overflow,1587,Python SUDS unicode decode error returned from Webservice,2012-07-05,Pre-GenAI
Stack Overflow,1588,Unicode characters stuffing regex quantifiers in perl 5,2020-09-25,Pre-GenAI
Stack Overflow,1589,Sublime Text: How to automatically open with specific encoding for some file extensions?,2016-03-11,Pre-GenAI
Stack Overflow,1590,Problem with libxml character enconding on win32,2009-08-13,Pre-GenAI
Stack Overflow,1591,Adding at the end of single line by matching using shell scripts,2014-04-14,Pre-GenAI
Stack Overflow,1592,iconv illegal input sequence at pos... Postgres DUMP,2015-11-02,Pre-GenAI
Stack Overflow,1593,Export XML file same structure it was imported,2017-01-26,Pre-GenAI
Stack Overflow,1594,Reading a CSV file into Pandas Dataframe with invalid characters (accents),2015-06-19,Pre-GenAI
Stack Overflow,1595,Which charsets do HTTP requests and response headers have?,2014-12-21,Pre-GenAI
Stack Overflow,1596,MySQL Character Encodings,2012-04-19,Pre-GenAI
Stack Overflow,1597,What&#39;s the best way to set charset used by jetty and jersey?,2016-06-24,Pre-GenAI
Stack Overflow,1598,Using .replace() method on a string read from HTML file containing Unicode,2016-09-29,Pre-GenAI
Stack Overflow,1599,enabling rails page caching causes http header charset to disappears,2011-06-12,Pre-GenAI
Stack Overflow,1600,Why does the byte literal symbol keep appearing?,2019-08-06,Pre-GenAI
Stack Overflow,1601,What going on? GIT see changes without changes,2019-10-12,Pre-GenAI
Stack Overflow,1602,How to import to json an API url in Python,2019-08-19,Pre-GenAI
Stack Overflow,1603,Conversion between NVARCHAR to VARCHAR,2013-02-01,Pre-GenAI
Stack Overflow,1604,Wildcard for file encoding in org.eclipse.core.resources.prefs?,2011-08-15,Pre-GenAI
Stack Overflow,1605,"Apache 2.4, PHP 5.6.17 Debian 8.3, How to remove encoding in default PHP header?",2016-04-04,Pre-GenAI
Stack Overflow,1606,Python 2.7 Korean characters all get turned into ?s,2018-04-07,Pre-GenAI
Stack Overflow,1607,Magento -&gt; Modify Order Confirmation Charset,2012-07-03,Pre-GenAI
Stack Overflow,1609,netbeans utf8 encoding mess - tool to search for source files according to its encoding and to fix t,2009-12-18,Pre-GenAI
Stack Overflow,1610,How locale codeset impact the C++ program,2022-02-13,Pre-GenAI
Stack Overflow,1611,"last-modified http header field points to future on some servers, why?",2011-11-08,Pre-GenAI
Stack Overflow,1612,How to set encoding on OS X to reflect default GAE encoding?,2013-01-29,Pre-GenAI
Stack Overflow,1613,ASP.NET Core 2.0 - Http Response Caching Middleware - Nothing cached,2017-09-29,Pre-GenAI
Stack Overflow,1614,Invalid argument for Chef Directory Resource? Any Ideas why,2021-01-13,Pre-GenAI
Stack Overflow,1615,NSData gives NULL,2012-12-31,Pre-GenAI
Stack Overflow,1616,cyrillic search,2009-01-21,Pre-GenAI
Stack Overflow,1617,How to prevent excel from changing csv file encoding after save?,2015-12-14,Pre-GenAI
Stack Overflow,1618,Why encoding is different to system defaults in Maven and how to change this setting?,2020-05-27,Pre-GenAI
Stack Overflow,1619,Unable to connect to SSL enabled Elastic Search from Google Dataflow,2022-04-03,Pre-GenAI
Stack Overflow,1620,DataInputStream UTFDataFormatException: malformed input around byte 88 root cause,2017-02-23,Pre-GenAI
Stack Overflow,1621,How to modify the contents (string) of an object within an array of objects using Array.each?,2012-02-29,Pre-GenAI
Stack Overflow,1622,Capture entire content of EditText into a picture,2014-04-22,Pre-GenAI
Stack Overflow,1623,Tomcat (Development) fails to start after adding UTF8 support in application and setting needed JVM ,2013-01-07,Pre-GenAI
Stack Overflow,1624,ASP.net AppendHeader not working in ASP MVC,2010-06-14,Pre-GenAI
Stack Overflow,1625,Disable Twilio webhook response content type errors,2022-09-26,Pre-GenAI
Stack Overflow,1626,How to set up default encoding in Visual Studio 2010,2010-12-17,Pre-GenAI
Stack Overflow,1627,PyInstaller codecs issues,2017-11-06,Pre-GenAI
Stack Overflow,1628,save image in mssql database as varbinary(max) without conversion,2018-09-04,Pre-GenAI
Stack Overflow,1629,Set encoding for a nodeJS Transform stream in a safe manner,2016-04-02,Pre-GenAI
Stack Overflow,1630,How to inspect which js is consuming/decrypting websocket messages?,2022-08-19,Pre-GenAI
Stack Overflow,1631,preg_match_all matches English words perfectly but no luck with Hebrew words,2012-03-05,Pre-GenAI
Stack Overflow,1632,Exporting html table data as CSV displays the data in multiple rows but the row text is in same colu,2014-08-19,Pre-GenAI
Stack Overflow,1633,How to upgrade from R16B to 17? list_to_binary breaks if there are Chinese characters inside,2015-05-14,Pre-GenAI
Stack Overflow,1635,Change Page Charset with Javascript,2016-02-22,Pre-GenAI
Stack Overflow,1636,Failed to serialize the response body for content type,2012-12-27,Pre-GenAI
Stack Overflow,1637,Apache camel file parsing issue with splitting and unicode character,2016-04-14,Pre-GenAI
Stack Overflow,1638,Bad Encoding or Strange Characters in Jmeter HTTP Request POST Option,2022-02-19,Pre-GenAI
Stack Overflow,1639,How does file encoding affect C++11 string literals?,2011-07-22,Pre-GenAI
Stack Overflow,1640,Set file as non-binary in git,2013-11-01,Pre-GenAI
Stack Overflow,1641,What is the correct procedure to store a utf-16 encoded rss stream into sqlite3 using python,2009-01-19,Pre-GenAI
Stack Overflow,1642,Extending a class that doesn&#39;t seemed to be designed for it,2015-05-20,Pre-GenAI
Stack Overflow,1643,Make IE cache the resources but always revalidate,2011-02-16,Pre-GenAI
Stack Overflow,1644,error in R.java file,2014-05-28,Pre-GenAI
Stack Overflow,1645,Handling non ASCII characters with principals in CQ5 REST interface,2013-10-02,Pre-GenAI
Stack Overflow,1646,SimplePie Not Parsing RSS Feed,2017-02-13,Pre-GenAI
Stack Overflow,1647,Equivalent of Java&#39;s getBytes in JavaScript for different encodings,2017-07-07,Pre-GenAI
Stack Overflow,1648,Compare iterated character from std::string with unicode C++,2017-11-17,Pre-GenAI
Stack Overflow,1649,Django DatetimeField change on update with incorrect value,2014-12-01,Pre-GenAI
Stack Overflow,1650,Spring 4.1.0 @PropertySource doesn&#39;t work,2015-09-09,Pre-GenAI
Stack Overflow,1651,jni converting jstring to char,2016-01-13,Pre-GenAI
Stack Overflow,1652,JNI call convert jstring to char*,2013-12-12,Pre-GenAI
Stack Overflow,1653,Unicode const char* to JString using JNI and C++,2015-03-11,Pre-GenAI
Stack Overflow,1654,Writing jstring to logcat in JNI function,2015-01-21,Pre-GenAI
Stack Overflow,1655,jstring base64 to string conversion,2017-08-30,Pre-GenAI
Stack Overflow,1656,Passing string from Java into JNI,2010-11-22,Pre-GenAI
Stack Overflow,1657,Parameter passing in native a method,2012-10-20,Pre-GenAI
Stack Overflow,1658,Converting from const char * to LPTSTR without USES_CONVERSTION,2013-02-04,Pre-GenAI
Stack Overflow,1659,JNI: converting jstrings longer than 87 characters returns random characters,2015-07-03,Pre-GenAI
Stack Overflow,1660,jobject to jstring or char* conversion,2012-12-05,Pre-GenAI
Stack Overflow,1661,Avoiding memory leaks in jni code,2015-05-14,Pre-GenAI
Stack Overflow,1662,convert to jstring from std::wstring,2018-01-17,Pre-GenAI
Stack Overflow,1663,error: array type &#39;va_list&#39; (aka &#39;__builtin_va_list&#39;) is not assignable,2019-01-30,Pre-GenAI
Stack Overflow,1664,Java JNI GetStringUTFChars,2015-08-07,Pre-GenAI
Stack Overflow,1665,How to fill a C++ char[] with an JNI jobjectarray (Java String[])?,2016-07-19,Pre-GenAI
Stack Overflow,1666,FMOD how to load mp3 file with using mp3 file name as parameter in android,2012-08-19,Pre-GenAI
Stack Overflow,1667,Java: load a library that depends on other libs,2011-04-29,Pre-GenAI
Stack Overflow,1668,Qt does not compile callStaticObjectMethod(),2015-02-24,Pre-GenAI
Stack Overflow,1669,Proper JNI conversion getting array items from jobjectarray to seperate const char,2016-11-24,Pre-GenAI
Stack Overflow,1670,Unique_ptr c++ usage,2017-12-27,Pre-GenAI
Stack Overflow,1671,Receiving GetStringUTFChars with JNI,2013-10-17,Pre-GenAI
Stack Overflow,1672,const variables may not be used in a constant expression?,2014-11-12,Pre-GenAI
Stack Overflow,1673,Java Native Interface GetStringUTFChars Fatal Error,2014-01-01,Pre-GenAI
Stack Overflow,1674,Passing double-byte (WCHAR) strings from C++ to Java via JNI,2009-05-15,Pre-GenAI
Stack Overflow,1675,How call a method without any parameter?,2015-05-28,Pre-GenAI
Stack Overflow,1676,jstring return in JNI program,2012-12-10,Pre-GenAI
Stack Overflow,1677,conversion from ‘std::wstring {aka std::basic_string&lt;wchar_t&gt;}’ to non-scalar type ‘UString {a,2016-04-05,Pre-GenAI
Stack Overflow,1679,"JRE terminated when setting a string property (SWIG, Java)",2017-02-02,Pre-GenAI
Stack Overflow,1680,The android ndk string splicing calls the malloc function. When I return the result to the JAVA laye,2020-10-25,Pre-GenAI
Stack Overflow,1681,Returning Const char* from EDK method using JNI,2013-09-30,Pre-GenAI
Stack Overflow,1682,Showing undefined reference to a defined object,2011-05-12,Pre-GenAI
Stack Overflow,1683,Char* Corrupted Across JNI Calls,2015-05-11,Pre-GenAI
Stack Overflow,1684,Calling a java method from c++ in Android,2011-03-04,Pre-GenAI
Stack Overflow,1685,Return Arabic from JNI call,2011-03-16,Pre-GenAI
Stack Overflow,1686,Type &#39;std::string&#39; could not be resolved.,2013-09-17,Pre-GenAI
Stack Overflow,1687,Android - getByName() does not resolve hostname / How to resolve hostnames to IPs in Android Network,2017-08-28,Pre-GenAI
Stack Overflow,1688,How to pass from kotlin array of data class to an array of C struct with JNI?,2022-03-18,Pre-GenAI
Stack Overflow,1689,JNI jstring from class variable?,2015-07-14,Pre-GenAI
Stack Overflow,1690,jni String to *char and java.lang.UnsatisfiedLinkError:,2013-11-13,Pre-GenAI
Stack Overflow,1691,jni undefined symbol error,2013-10-15,Pre-GenAI
Stack Overflow,1692,Error creating args array of jvalues for NewObjectA() function - JNI Invocation API,2018-10-17,Pre-GenAI
Stack Overflow,1693,How can get raw file from jni native c++,2016-08-17,Pre-GenAI
Stack Overflow,1694,using jint and jstring in android studio JNI function,2018-01-08,Pre-GenAI
Stack Overflow,1695,NDK: keeping variables passed from java layer alive in c++ layer by copy by value,2014-04-01,Pre-GenAI
Stack Overflow,1696,Android passing file path to OpenCV imread method,2013-09-24,Pre-GenAI
Stack Overflow,1697,How to find 2 dimensional array size in JNI,2015-04-03,Pre-GenAI
Stack Overflow,1698,How to trigger function from main thread when the app is on resume state using cocos2dx,2014-03-25,Pre-GenAI
Stack Overflow,1699,How to call C# function from java,2015-11-18,Pre-GenAI
Stack Overflow,1700,Calling unmanaged C++ via Java,2013-02-05,Pre-GenAI
Stack Overflow,1701,How to export a single midi channel to wav with fluidsynth?,2020-10-23,Pre-GenAI
Stack Overflow,1702,Compiling a large C++ library into Android NDK using JNI - Makefile Questions,2010-09-20,Pre-GenAI
Stack Overflow,1703,&quot;Heap corruption detected&quot; when I splice together strings in JNI,2020-03-30,Pre-GenAI
Stack Overflow,1704,&#39;NULL&#39; undeclared (first use in this function) using android ndk,2015-05-11,Pre-GenAI
Stack Overflow,1705,Does JNI requires ordering of arguments based on argument types,2016-08-23,Pre-GenAI
Stack Overflow,1706,"android ndk, how to read image file to bitmap jobject?",2013-12-03,Pre-GenAI
Stack Overflow,1707,Android - NDK - C++ - cannot initialize a variable of type &#39;int *&#39; with an rvalue of type &#,2015-07-09,Pre-GenAI
Stack Overflow,1708,Android C++ NDK,2010-10-25,Pre-GenAI
Stack Overflow,1709,cannot initialize a variable of type &#39;jstring&#39; (aka &#39;_jstring *&#39;) with an rvalue of ,2017-08-05,Pre-GenAI
Stack Overflow,1710,calculate runtime offset from runtime address minus readelf function address?,2022-08-04,Pre-GenAI
Stack Overflow,1711,ReleaseStringUTFChars with non-original jstring argument?,2021-12-20,Pre-GenAI
Stack Overflow,1712,Failed to get the environment using GetEnv(),2013-02-25,Pre-GenAI
Stack Overflow,1713,Java and JNI global variables,2017-07-19,Pre-GenAI
Stack Overflow,1714,Adding Unique Elements to a Json Object using C,2015-08-30,Pre-GenAI
Stack Overflow,1715,Java .NET interop,2011-06-16,Pre-GenAI
Stack Overflow,1716,How to call ndk function on MainActivity,2017-08-11,Pre-GenAI
Stack Overflow,1717,"C, or C++ code for using LAME API to convert an M4A (MPEG-4 audio) to MP3",2012-02-04,Pre-GenAI
Stack Overflow,1718,Android NDK applicaiton throws an error - Unsatisfied Link Error,2014-08-19,Pre-GenAI
Stack Overflow,1719,Call C# method from Java using JNI,2018-05-15,Pre-GenAI
Stack Overflow,1720,JNI crash outside JVM - EXCEPTION_ACCESS_VIOLATION,2012-03-29,Pre-GenAI
Stack Overflow,1721,Memory leak using JNI to retrieve String&#39;s value from Java code,2009-05-27,Pre-GenAI
Stack Overflow,1722,Android JNI - Load dlib shape predictor file,2018-10-02,Pre-GenAI
Stack Overflow,1723,NDK call function from native code,2012-07-25,Pre-GenAI
Stack Overflow,1724,How to pass a file path from .java class file to native jni file,2015-04-07,Pre-GenAI
Stack Overflow,1726,Configure ffmpeg to use concat,2016-01-22,Pre-GenAI
Stack Overflow,1727,Returning jbyteArray from native c in Android,2012-04-30,Pre-GenAI
Stack Overflow,1728,Insane CPU usage in QT 5.0,2013-07-03,Pre-GenAI
Stack Overflow,1729,using CURL with Table Fusion from NDK App,2012-03-05,Pre-GenAI
Stack Overflow,1730,env-&gt;FindClass function returns null,2012-12-20,Pre-GenAI
Stack Overflow,1731,pass string from java to c++ and using popen with NDK cased errors?,2013-03-02,Pre-GenAI
Stack Overflow,1732,How to use Android NDK SQLite3 extension json1,2018-12-04,Pre-GenAI
Stack Overflow,1734,Cannot install MySQL UDF,2014-03-12,Pre-GenAI
Stack Overflow,1735,Invoking Java Jar code from JNI in C++,2013-05-25,Pre-GenAI
Stack Overflow,1736,Calling the Main in c by jni in android,2014-05-12,Pre-GenAI
Stack Overflow,1737,memory leak while calling java from c++ with jni,2018-04-10,Pre-GenAI
Stack Overflow,1738,Android using JNI without static variables,2013-02-19,Pre-GenAI
Stack Overflow,1739,Why jni calls fail on modification of composable remembered values?,2021-10-03,Pre-GenAI
Stack Overflow,1740,Java JNI &quot;symbol lookup error&quot; with c++ library,2013-09-30,Pre-GenAI
Stack Overflow,1741,Using FFMpeg under Android,2014-06-12,Pre-GenAI
Stack Overflow,1742,How can I request permission to serial port android using C,2016-03-04,Pre-GenAI
Stack Overflow,1743,Create iOS static library from robovm project (BAD_ACCESS in JNI),2014-07-29,Pre-GenAI
Stack Overflow,1744,Java JNIEnv Segmentation Fault,2011-07-27,Pre-GenAI
Stack Overflow,1745,Qt - JNI crash on Android 5,2015-12-08,Pre-GenAI
Stack Overflow,1746,JNI : java - C // Using Global variables,2015-08-03,Pre-GenAI
Stack Overflow,1747,How to use windows.h setClipboardContent method in a JNI call?,2011-10-22,Pre-GenAI
Stack Overflow,1748,FATAL ERROR in native method: Bad global or local ref passed to JNI,2012-10-14,Pre-GenAI
Stack Overflow,1749,Invalid indirect reference on NewObject call,2012-06-15,Pre-GenAI
Stack Overflow,1750,"JNI convert a String to char *, returned by an instance method",2016-05-27,Pre-GenAI
Stack Overflow,1751,Need to pass a function as a parameter from Android to JNI interface,2017-06-06,Pre-GenAI
Stack Overflow,1752,"NDK passing byte array to java, getting [B@... instead of contents",2014-08-02,Pre-GenAI
Stack Overflow,1753,how to load a static library(libtest.a) in MainActivity.java in android studio,2015-06-26,Pre-GenAI
Stack Overflow,1754,App crashes when calling native function encrypt hundred of times,2014-02-06,Pre-GenAI
Stack Overflow,1755,Send string from C to Java using JNI,2017-05-15,Pre-GenAI
Stack Overflow,1756,Using JNI to pass a C pointer to a double array to Java,2013-11-18,Pre-GenAI
Stack Overflow,1757,Android NDK - fill Java&#39;s byte array from C code,2020-12-21,Pre-GenAI
Stack Overflow,1758,JNA and JNI - Attempt to reference unallocated memory,2017-06-19,Pre-GenAI
Stack Overflow,1759,Reuse SuperpoweredDecoder for loading audio files,2017-02-08,Pre-GenAI
Stack Overflow,1760,A dynamic link library (DLL) initialization routine failed (Windows 10 / Toast Notifications),2018-07-02,Pre-GenAI
Stack Overflow,1761,use ffmpeg api to convert audio files. crash on avcodec_encode_audio2,2013-08-24,Pre-GenAI
Stack Overflow,1762,Help regarding Android NDK,2011-03-11,Pre-GenAI
Stack Overflow,1763,CallObjectMethod does not return a string,2015-05-29,Pre-GenAI
Stack Overflow,1765,Cmake: How to include a .h file in android studio and call methods of header file from android code,2017-01-13,Pre-GenAI
Stack Overflow,1767,Android 10: Android Q: NDK: opendir to /dev fails with errno 13: permission denied,2020-06-19,Pre-GenAI
Stack Overflow,1768,crash at jni GetStringUTFChars,2019-03-18,Pre-GenAI
Stack Overflow,1769,"C++/JNI - Stored Object (jobject) Changes Unexpectedly in Vectors and Arrays, C++ or JNI Issue?",2014-09-10,Pre-GenAI
Stack Overflow,1770,Android : NDK : Superpowered Open failed: ENOENT (No such file or directory) Error,2020-12-15,Pre-GenAI
Stack Overflow,1771,Cannot release Mat object in Java,2014-03-21,Pre-GenAI
Stack Overflow,1772,"xcode ios project , how to import cpp code files from other directory?",2021-07-18,Pre-GenAI
Stack Overflow,1773,How to return rsa encrypted string using openssl in jni,2015-03-20,Pre-GenAI
Stack Overflow,1774,error while loading shared libraries: jvm.dll,2019-06-01,Pre-GenAI
Stack Overflow,1775,Java: Invoking native method giving &quot;Exception in thread &quot;main&quot; java.lang.Unsatisfied,2012-08-21,Pre-GenAI
Stack Overflow,1776,Reproducing and resolving Android java.lang.unsatisfiedLinkError locally,2019-05-21,Pre-GenAI
Stack Overflow,1778,Passing a string from C++ to Java using JNI crashing (Android),2013-12-16,Pre-GenAI
Stack Overflow,1779,Hooking JNI function from env-&gt;functions not working on an emulator,2020-01-09,Pre-GenAI
Stack Overflow,1780,Using JNI with kotlin gives UnsatisfiedLinkError,2022-09-01,Pre-GenAI
Stack Overflow,1781,Trying to add second C++ file. Android JNI: UnsatisfiedLinkError - Can&#39;t find native method,2013-11-01,Pre-GenAI
Stack Overflow,1782,android art runtime check_jni.cc error on package name,2014-11-23,Pre-GenAI
Stack Overflow,1783,Android AES in C,2011-10-29,Pre-GenAI
Stack Overflow,1784,Netbeans C++ compile error: undefined reference to &lt;function name&gt;,2011-02-15,Pre-GenAI
Stack Overflow,1785,"Superpowered: can&#39;t get TimeStretching to work correctly, the output sound is distorted",2018-10-19,Pre-GenAI
Stack Overflow,1786,Java and C: How can I compile this C source file into a DLL for use with Java?,2013-01-08,Pre-GenAI
Stack Overflow,1787,Interpretation of app c++ crash information?,2021-07-17,Pre-GenAI
Stack Overflow,1788,swig 2 marshaling to a std::vector&lt;boost::filesystem::path&gt; &amp; from java to c++,2019-03-01,Pre-GenAI
Stack Overflow,1789,How to call from jni java library with 2 string parameters?,2017-01-26,Pre-GenAI
Stack Overflow,1790,sqlite3 c library over jni crashes after 1003 queries,2011-02-03,Pre-GenAI
Stack Overflow,1791,Loading dynamic libraries using JNI and C++ with linux,2013-02-25,Pre-GenAI
Stack Overflow,1792,Convert jbyte* to array&lt;Byte&gt;^,2015-04-01,Pre-GenAI
Stack Overflow,1794,Android JNI with dlopen() instead of system.loadlib,2015-09-25,Pre-GenAI
Stack Overflow,1795,Why does this JNI call segfault on Windows only?,2015-09-05,Pre-GenAI
Stack Overflow,1796,Sending java string as c/c++ bytes,2014-01-14,Pre-GenAI
Stack Overflow,1797,JNI: Segfaults when calling Java callbacks from C,2015-01-02,Pre-GenAI
Stack Overflow,1798,"ndk-build errors, string format, clang no such file or directory",2019-02-10,Pre-GenAI
Stack Overflow,1799,Java calls C ++ methods with JNI,2017-03-12,Pre-GenAI
Stack Overflow,1800,Weird Android Kotlin JNI peculiarity can somebody explain,2020-04-29,Pre-GenAI
Stack Overflow,1801,How to use jni to wrap a C DLL?,2016-06-27,Pre-GenAI
Stack Overflow,1802,G++ create a share library which depends on GDAL,2022-09-09,Pre-GenAI
Stack Overflow,1803,Error when verifying a clear signed SMIME message,2014-06-02,Pre-GenAI
Stack Overflow,1804,JNI allocation corrupt heap,2017-03-14,Pre-GenAI
Stack Overflow,1805,"start Intent, onActivityResult, AsyncTask doesn&#39;t work after Java call from JNI",2018-03-07,Pre-GenAI
Stack Overflow,1806,java.lang.UnsatisfiedLinkError even though libraries and classes have method,2019-06-08,Pre-GenAI
Stack Overflow,1807,NDK: Pass text field value to c++ string,2017-04-09,Pre-GenAI
Stack Overflow,1808,How to call a method of a subclass / child class of an Java Object passed to JNI `jobject`,2018-06-25,Pre-GenAI
Stack Overflow,1809,Android NDK Networking problems: TCP Connection fails,2011-02-07,Pre-GenAI
Stack Overflow,1810,When invoking JavaVM from C++ (using Cygwin) how can I load a JAR?,2017-05-25,Pre-GenAI
Stack Overflow,1812,Linking errors in OpenSSL library,2018-01-29,Pre-GenAI
Stack Overflow,1813,Why doesn&#39;t the JVM crash when entering infinite recursion?,2019-01-31,Pre-GenAI
Stack Overflow,1814,Native JNI File Can&#39;t Find Path to Java File in Android Studio,2019-05-28,Pre-GenAI
Stack Overflow,1815,JNI ERROR (app bug): attempt to use stale Local 0x31 (should be 0x39),2018-11-23,Pre-GenAI
Stack Overflow,1816,JIN c++ with springboot (Tomcat ENV-&gt;FindClass return null),2020-02-02,Pre-GenAI
Stack Overflow,1817,Passing string varaible to native method,2020-08-04,Pre-GenAI
Stack Overflow,1818,Reading bin file and send content to jni,2016-10-04,Pre-GenAI
Stack Overflow,1819,Android NDK JNI Rot13 algorithm not working; same algorithm with gcc works great - ideas?,2012-07-19,Pre-GenAI
Stack Overflow,1820,android jni crash in getObjectClass,2019-03-11,Pre-GenAI
Stack Overflow,1821,EXCEPTION_ACCESS_VIOLATION when assigning string,2018-03-03,Pre-GenAI
Stack Overflow,1822,android apk JNI report can&#39;t find method,2013-09-17,Pre-GenAI
Stack Overflow,1823,Is it possible to get class object of an app from injected DEX by using Java Reflection?,2020-05-12,Pre-GenAI
Stack Overflow,1824,No JNI_OnLoad and no return value from native function?,2013-03-03,Pre-GenAI
Stack Overflow,1825,Android JNI string encryption/decryption,2012-11-12,Pre-GenAI
Stack Overflow,1826,Strange results while compressing batch of pictures with libjpegturbo,2013-08-22,Pre-GenAI
Stack Overflow,1827,Access violation exception,2012-01-05,Pre-GenAI
Stack Overflow,1828,App crashing upon calling server function,2021-08-12,Pre-GenAI
Stack Overflow,1829,curl with table fusion,2012-03-29,Pre-GenAI
Stack Overflow,1830,Communication between java VMs via native JVMTI agent,2018-05-11,Pre-GenAI
Stack Overflow,1831,JNI error in function jni_createJavaJVM,2013-09-25,Pre-GenAI
Stack Overflow,1832,multiple instances of a JNI wrapper,2016-07-28,Pre-GenAI
Stack Overflow,1833,Error occurred during initialization of VM Unable to load native library: Can&#39;t find dependent l,2015-07-17,Pre-GenAI
Stack Overflow,1834,Android MessageDigest NoSuchAlgorithmException after calling JNI Function,2013-07-26,Pre-GenAI
Stack Overflow,1835,convert .mp3 from wav using Lame library in android,2013-12-13,Pre-GenAI
Stack Overflow,1836,HP-UX: libstd_v2 in stack trace of JNI code compiled with g++,2010-03-25,Pre-GenAI
Stack Overflow,1837,java io append to file implementation,2017-09-04,Pre-GenAI
Stack Overflow,1838,"Android JNI, call getMethodID crashes app",2022-04-10,Pre-GenAI
Stack Overflow,1839,Cannot play a video from internal storage with the native codec given by Google using adb,2019-01-22,Pre-GenAI
Stack Overflow,1840,Java Native Interface and Windows Form,2013-11-12,Pre-GenAI
Stack Overflow,1841,Android cannot find ndk method impementation,2014-04-07,Pre-GenAI
Stack Overflow,1842,Keeping a native object in memory between calls from Java using JNI,2015-10-21,Pre-GenAI
Stack Overflow,1843,OpenCV Undefined reference,2014-11-17,Pre-GenAI
Stack Overflow,1844,C++ JNI local reference table overflow,2015-02-07,Pre-GenAI
Stack Overflow,1845,encode bitmap to webp with libwebp on Android pre api 14 device,2016-01-06,Pre-GenAI
Stack Overflow,1846,JNI CallStaticObjectMethod return NULL in c++,2014-05-20,Pre-GenAI
Stack Overflow,1847,JNI error in CallObjectMethod/CallObjectMethodV: Ineligible receiver,2015-03-27,Pre-GenAI
Stack Overflow,1848,Reading frames from video file using openCV and Native code C++,2013-11-07,Pre-GenAI
Stack Overflow,1849,Why symbols are unavailable in later dlopened .so file?,2022-08-16,Pre-GenAI
Stack Overflow,1850,Android with OpenCL video processing,2014-05-16,Pre-GenAI
Stack Overflow,1851,Error while generating .dll files in Visual Studio 2022. Login authentication using ADSI Api in C++,2022-08-01,Pre-GenAI
Stack Overflow,1852,imread returns empty matrix while ifstream can open and read the same file,2014-05-08,Pre-GenAI
Stack Overflow,1853,Getting EXCEPTION_ACCESS_VIOLATION from JVM when trying to access a DLL function,2019-03-24,Pre-GenAI
Stack Overflow,1855,Android how to use libjpeg-turbo library through JNi example,2013-01-14,Pre-GenAI
Stack Overflow,1856,libcurl CURLE_SSL_CACERT_BADFILE error on android,2015-09-18,Pre-GenAI
Stack Overflow,1858,Android NDK JNI build error: undefined reference to &#39;function_name&#39;,2020-07-18,Pre-GenAI
Stack Overflow,1859,Using Facemark opencv contrib in android native C++,2018-10-18,Pre-GenAI
Stack Overflow,1861,Why am I still getting undefined reference errors linking a static library with CMake in Android NDK,2018-10-03,Pre-GenAI
Stack Overflow,1862,JNI error Exception in thread &quot;main&quot; java.lang.UnsatisfiedLinkError: (Ljava/lang/String;)L,2020-08-03,Pre-GenAI
Stack Overflow,1863,What is causing a crash in my c++ JNI?,2012-12-06,Pre-GenAI
Stack Overflow,1864,"JNI on Android: Callback from native with Integer parameter works, with String or Void it doesn&#39;",2020-05-10,Pre-GenAI
Stack Overflow,1865,JNI Error : java.lang.NoSuchMethodError: no static method,2019-06-11,Pre-GenAI
Stack Overflow,1866,Java printing thread gets stuck : WHY?,2020-07-20,Pre-GenAI
Stack Overflow,1867,Java writing byte array over JNI using O_direct,2015-09-16,Pre-GenAI
Stack Overflow,1868,Boost Log V2 Library Android Linking,2014-02-11,Pre-GenAI
Stack Overflow,1869,How can I send a int as a parameter with getApplicationJniMethodId?,2017-01-26,Pre-GenAI
Stack Overflow,1870,UknownFunction when calling NewObject on JNI.H,2020-02-01,Pre-GenAI
Stack Overflow,1871,Copying data from OpenCV Mat to Surface via NDK produces small error.,2018-03-08,Pre-GenAI
Stack Overflow,1872,NDK can&#39;t load library,2014-04-07,Pre-GenAI
Stack Overflow,1873,"jni compile with cl compiler has syntax error, but not relevant",2013-09-06,Pre-GenAI
Stack Overflow,1874,Android jni not use singleton mode,2020-06-18,Pre-GenAI
Stack Overflow,1875,How to add openCV files in &quot;include&quot; folder in JNI using Eclipse,2015-10-21,Pre-GenAI
Stack Overflow,1876,Unexpected crash using jni in monodroid project,2013-04-12,Pre-GenAI
Stack Overflow,1877,Fail to find class after creating a JVM from C++ application via JNI,2014-02-20,Pre-GenAI
Stack Overflow,1878,send and receive JSON over sockets in server and client application in C,2015-09-19,Pre-GenAI
Stack Overflow,1879,Streaming client over TCP and RTSP through Wi-Fi or LAN in Android,2015-01-06,Pre-GenAI
Stack Overflow,1880,Access the page of a .pdf I load (using pdfbox) (and i&#39;m using RPG),2013-05-08,Pre-GenAI
Stack Overflow,1881,A call to PInvoke function &#39;Test!DllCall::initDll&#39; has unbalanced the stack,2011-09-27,Pre-GenAI
Stack Overflow,1882,Getting segmentation fault SIGSEGV in memcpy after mmap,2012-11-07,Pre-GenAI
Stack Overflow,1883,Android JNI get Two Fields from Java class,2012-04-26,Pre-GenAI
Stack Overflow,1884,"undefined reference to &#39;cv::CascadeClassifier::detectMultiScale&#39;, but other lib linked prope",2016-05-22,Pre-GenAI
Stack Overflow,1885,Windows JNI Loading and executing c++ code in dll error java.lang.UnsatisfiedLinkError:,2021-05-24,Pre-GenAI
Stack Overflow,1886,How to link .so library on Android,2014-06-09,Pre-GenAI
Stack Overflow,1887,Native Crash SIGSEGV in Android JNI,2017-01-11,Pre-GenAI
Stack Overflow,1888,app crashed at avformat_find_stream_info,2013-04-05,Pre-GenAI
Stack Overflow,1889,Getting undefined cv::dnn::experimental_dnn error while implementing EAST text detection using c++,2019-02-28,Pre-GenAI
Stack Overflow,1891,How to read all the text in edittext using cpp?,2022-04-07,Pre-GenAI
Stack Overflow,1892,OpenSL ES change audio source without recreating audio player,2016-06-29,Pre-GenAI
Stack Overflow,1893,javah/JNI : cannot access library,2014-07-04,Pre-GenAI
Stack Overflow,1894,Superpowered SDK trying to record and play it at the same time,2017-07-01,Pre-GenAI
Stack Overflow,1895,Unable to create Spotify session on android,2012-10-30,Pre-GenAI
Stack Overflow,1897,JNI segmentation fault bug,2009-09-22,Pre-GenAI
Stack Overflow,1898,Flurry Android events not logging through NDK but logging through java,2013-05-03,Pre-GenAI
Stack Overflow,1899,Unable to use jstring as an argument inside native code,2017-05-08,Pre-GenAI
Stack Overflow,1900,Fatal signal 11 (SIGSEGV) at 0x00000034 (code=1) in Android (Live555),2015-01-06,Pre-GenAI
Stack Overflow,1901,I got following error while exec shell in android jni,2012-07-18,Pre-GenAI
Stack Overflow,1902,C: Converting a 2D double array to a java 2D double array,2014-01-11,Pre-GenAI
Stack Overflow,1903,callback from pthread through JNI failing,2013-11-08,Pre-GenAI
Stack Overflow,1904,How to register callback function on Android NDK using OpenSL ES,2018-10-01,Pre-GenAI
Stack Overflow,1905,JNI class not found,2017-06-30,Pre-GenAI
Stack Overflow,1906,OpenCV android VideoWriter issue,2013-01-08,Pre-GenAI
Stack Overflow,1908,Android UDP client not able to receive data on non-rooted phone,2013-03-22,Pre-GenAI
Stack Overflow,1909,Error for cv::FileStorage in JNI,2015-06-18,Pre-GenAI
Stack Overflow,1910,C shared global variables reset in JNI,2016-10-25,Pre-GenAI
Stack Overflow,1911,"JNI,Caused by: java.lang.UnsatisfiedLinkError: com.tencent.wxapp.core.jni.JNI.call(Ljava/util/List;)",2020-08-04,Pre-GenAI
Stack Overflow,1912,JNI java.lang.UnsatisfiedLinkError: ****.***()Z,2014-03-29,Pre-GenAI
Stack Overflow,1914,"Using native lib (C only, no C++), and No Implementation Found",2015-03-24,Pre-GenAI
Stack Overflow,1915,A fatal error has been detected by the Java Runtime Environment:Failed to write core dump. Core dump,2016-07-01,Pre-GenAI
Stack Overflow,1916,getting &#39;UnsatisfiedLinkError&#39; using JNI to pass string from C++ to java w/OpenCV,2018-11-18,Pre-GenAI
Stack Overflow,1917,Undefined reference to &#39;DTLS_client_method&#39;,2013-08-24,Pre-GenAI
Stack Overflow,1918,CloseHandle((Handle) port) is not returning,2019-08-09,Pre-GenAI
Stack Overflow,1919,C/C++ does not see Java method in JNI via Android NDK,2022-10-05,Pre-GenAI
Stack Overflow,1920,JNI: call to a function where memset happens causes jvm-fetch to crash in the second call,2015-12-29,Pre-GenAI
Stack Overflow,1921,IPC for Java programs using Windows&#39; Named Pipes using JNI,2016-06-20,Pre-GenAI
Stack Overflow,1922,JNI Environment pointer in a static c++ object and calling a java function taking a string argument ,2016-03-10,Pre-GenAI
Stack Overflow,1923,Linker Error In C: undefined Reference to &quot;method&quot; c,2013-02-12,Pre-GenAI
Stack Overflow,1925,Passing Mat object from android java to native cpp part,2015-02-27,Pre-GenAI
Stack Overflow,1926,JNIEnv::NewObject() throwing java.lang.InstantiantionException,2022-01-19,Pre-GenAI
Stack Overflow,1927,How to solve &quot;Didn&#39;t find class &quot;...&quot; on path: DexPathList in my native callback ,2020-04-12,Pre-GenAI
Stack Overflow,1928,Java Native Interface - C++ is not waiting for java function completion,2019-06-24,Pre-GenAI
Stack Overflow,1929,libhdfs JNI FindClass returns null with java.io.FileNotFoundException,2015-05-20,Pre-GenAI
Stack Overflow,1930,Android + OpenCL with Eclipse,2015-08-04,Pre-GenAI
Stack Overflow,1932,How to return a newly created java class object in native to java android?,2011-12-30,Pre-GenAI
Stack Overflow,1933,Android NDK - Gradle Build Error,2017-09-05,Pre-GenAI
Stack Overflow,1934,Not able to attach through oracle forms GUI object using dll injection and JNI,2016-01-07,Pre-GenAI
Stack Overflow,1935,Java.lang.UnsatisfiedLinkError: No implementation found for int,2017-03-27,Pre-GenAI
Stack Overflow,1936,C++ Callback to Java -&gt; Why can&#39;t I retrieve JNIEnv in callback class when coming from a diff,2020-04-19,Pre-GenAI
Stack Overflow,1937,Calling a java method from c++ in Android Class ID &amp; Method ID,2016-08-15,Pre-GenAI
Stack Overflow,1939,JNI attached to program successfully but cant get fields?,2016-05-31,Pre-GenAI
Stack Overflow,1940,Eclipse + JNI: Can find library but not method,2014-07-25,Pre-GenAI
Stack Overflow,1941,Creating JVM using JNI in C++ does not return,2012-07-09,Pre-GenAI
Stack Overflow,1942,How to run a Tensorflow-Lite inference in (Android Studio) NDK (C / C++ API)?,2020-04-30,Pre-GenAI
Stack Overflow,1943,Error reading images using imread OpenCV,2016-11-07,Pre-GenAI
Stack Overflow,1944,How to properly and simply use callbacks in JNI NDK Android,2020-09-29,Pre-GenAI
Stack Overflow,1945,"How to use .so file generated from one Android application, and use it in another app?",2020-01-03,Pre-GenAI
Stack Overflow,1946,C++ to JNI SIGSEGV crash,2021-10-15,Pre-GenAI
Stack Overflow,1947,Calling Apache-Tika from C++,2013-10-21,Pre-GenAI
Stack Overflow,1948,how to play mp3 using ffmpeg,2013-10-31,Pre-GenAI
Stack Overflow,1949,Why is passing java long as pointer to struct in c++ library crashing app?,2020-05-05,Pre-GenAI
Stack Overflow,1950,occurred starting process &#39;command &#39;C:\*********\Sdk\ndk-bundle\ndk-build.cmd&#39;&#39; in a,2016-11-03,Pre-GenAI
Stack Overflow,1951,Linking of dll file in JNI,2017-08-27,Pre-GenAI
Stack Overflow,1952,How to load deep learning model in jni,2021-09-13,Pre-GenAI
Stack Overflow,1953,Android NDK UnsatisfiedLinkError Native method not found,2014-06-10,Pre-GenAI
Stack Overflow,1954,Android JNI OutOfMemoryError,2016-11-03,Pre-GenAI
Stack Overflow,1955,Ffmpeg in Android Studio,2016-12-07,Pre-GenAI
Stack Overflow,1956,No Display Android OpenGL ES ndk,2012-01-21,Pre-GenAI
Stack Overflow,1958,Android OpenCV VideoCapture::retrieve(&amp;mat) causes fatal signal 11,2014-07-22,Pre-GenAI
Stack Overflow,1959,"Error setting extractor data source, err -10002 when using AMediaExtractor with audio file located i",2019-11-20,Pre-GenAI
Stack Overflow,1960,JNI callback invocation when running multithreaded,2018-01-26,Pre-GenAI
Stack Overflow,1961,Invalid Slot Error When trying to access value of Exception and Thread Objects Using jvmti,2017-02-22,Pre-GenAI
Stack Overflow,1962,"Using CvSVM (openCV) in Android Native, &quot;Fatal signal 11&quot;",2013-12-13,Pre-GenAI
Stack Overflow,1963,Java JNI NullPointerException after calling method from C with valid pointers,2016-03-20,Pre-GenAI
Stack Overflow,1964,av_read_frame function in ffmpeg in android always returning packet.stream_index as 0,2013-03-31,Pre-GenAI
Stack Overflow,1965,Change platform in OpenCL sample,2015-02-18,Pre-GenAI
Stack Overflow,1966,Android ndk giving errors while compiling in eclipse,2015-10-21,Pre-GenAI
Stack Overflow,1967,Superpowered SDK: Implementing SuperpoweredRecorder.h and setting up recording paths,2015-03-11,Pre-GenAI
Stack Overflow,1968,OpenSL ES on android Playback rate,2014-04-04,Pre-GenAI
Stack Overflow,1969,Build FFmpeg for All Android architecture correctly,2017-10-22,Pre-GenAI
Stack Overflow,1970,A fatal error has been detected by the Java Runtime Environment: JNI (Internal Error),2014-06-16,Pre-GenAI
Stack Overflow,1971,Getting jibberish while using ffmpeg in android,2013-02-27,Pre-GenAI
Stack Overflow,1972,android ffmpeg bad video output,2014-07-10,Pre-GenAI
Stack Overflow,1973,Android localSocket connection refused~,2017-04-16,Pre-GenAI
Stack Overflow,1974,How to encode using the FFMpeg in Android (using H263),2011-11-30,Pre-GenAI
Stack Overflow,1975,Lame encoded mp3 audio slowed down - Android,2013-04-18,Pre-GenAI
Stack Overflow,1976,JNI FindClass method crashes with Fatal Signal 11 error,2018-03-20,Pre-GenAI
Stack Overflow,1977,C + JNI Fails to execute a very simple program,2017-07-08,Pre-GenAI
Stack Overflow,1978,Playing Mp3 file using FFmpeg on Android,2017-04-02,Pre-GenAI
Stack Overflow,1979,How to get a fast file Hashing algorithm for large files on a mobile device,2012-02-14,Pre-GenAI
Stack Overflow,1980,how to read the contents of a log file that is retrieved using WQL using c++,2018-01-31,Pre-GenAI
Stack Overflow,1982,Error &#39;IL_LIB_JPEG_ERROR 1506&#39; using DevIL,2013-08-04,Pre-GenAI
Stack Overflow,1983,OpenCV java.lang.UnsatisfiedLinkError,2015-01-29,Pre-GenAI
Stack Overflow,1984,Android : JNI Java From C Memory Leak,2012-02-14,Pre-GenAI
Stack Overflow,1986,getting SIGSEGV in std::_List_const_iterator&lt;Exiv2::Exifdatum&gt;::operator++ whilst using jni,2011-01-02,Pre-GenAI
Stack Overflow,1987,CrystaX with clang++ and libc++ link error with boost and icu,2015-06-16,Pre-GenAI
Stack Overflow,1988,Android ndk: not a valid ELF executable,2013-12-05,Pre-GenAI
Stack Overflow,1989,MuPDF - Make Similer fuction as given to make array of sentances from text ( C Language),2020-10-14,Pre-GenAI
Stack Overflow,1990,JNI Method not working in getting package name from a class,2018-12-27,Pre-GenAI
Stack Overflow,1991,My application fails and I cannot figure out why,2012-07-30,Pre-GenAI
Stack Overflow,1992,How to play multiple players simultaneously with Superpowered,2019-07-06,Pre-GenAI
Stack Overflow,1993,How Hadoop run OpenGL program with JNI,2015-05-26,Pre-GenAI
Stack Overflow,1994,Android (ART) crash with error JNI DETECTED ERROR IN APPLICATION: jstring is an invalid local refere,2017-08-14,Pre-GenAI
Stack Overflow,1995,C++ JNI crashes/hangs when doing any IO/Streams,2016-09-26,Pre-GenAI
Stack Overflow,1996,Java through JNI C code call Cobol program on HP Tandem,2016-05-04,Pre-GenAI
Stack Overflow,1997,Failure on warpPerspective,2016-11-10,Pre-GenAI
Stack Overflow,1999,Java method is not invoked when calling it from native pthread,2013-11-12,Pre-GenAI
Stack Overflow,2000,How do I diagnose my JNI memory corruption issue?,2013-10-24,Pre-GenAI
Stack Overflow,2001,KeyNotFoundException when execute proxygen in jni4net,2017-03-09,Pre-GenAI
Stack Overflow,2002,Passing a ByteBuffer from Java to C++ through JNI,2020-03-21,Pre-GenAI
Stack Overflow,2004,How do I use native C libraries in Android Studio,2015-02-27,Pre-GenAI
Stack Overflow,2005,Program is losing an increment and two ``printf``s,2017-11-14,Pre-GenAI
Stack Overflow,2006,JNI &#39;problematic frame&#39; causes JVM to crash,2011-01-01,Pre-GenAI
Stack Overflow,2007,Decoding Video using FFMpeg for android,2012-07-04,Pre-GenAI
Stack Overflow,2008,How to create a makefile for JNI configuration in Linux and eclipse,2014-05-12,Pre-GenAI
Stack Overflow,2009,Feeding MediaCodec with byte data from AVPacket: problems with output buffers,2016-01-25,Pre-GenAI
Stack Overflow,2010,Why is my native JNI code running sequential instead of concurrent?,2021-11-30,Pre-GenAI
Stack Overflow,2011,JNI call to OpenSSL causes SIGSEGV,2014-09-18,Pre-GenAI
Stack Overflow,2012,how to cast jbyteArray to a structure?,2011-04-22,Pre-GenAI
Stack Overflow,2013,How to convert jbyteArray to native char* in jni?,2011-12-09,Pre-GenAI
Stack Overflow,2014,How to convert the contents of a Java byte array to C string in JNI?,2016-08-04,Pre-GenAI
Stack Overflow,2015,Comparing a jbytearray with a string in JNI,2015-03-19,Pre-GenAI
Stack Overflow,2016,Facing error in converting byte array to vector of float in JNI,2020-03-15,Pre-GenAI
Stack Overflow,2018,Copying a byte buffer with JNI,2010-02-10,Pre-GenAI
Stack Overflow,2019,How to copy data from char buffer into jbyteArray and return it from C to java in java native interf,2016-11-30,Pre-GenAI
Stack Overflow,2020,Where to free allocated memory by jni NewByteArray,2015-08-09,Pre-GenAI
Stack Overflow,2021,How to encrypt java Strings in C considering their size difference?,2022-02-13,Pre-GenAI
Stack Overflow,2022,Sending and recieving data structs from Arduino to Android (and vice versa) using Amarino,2013-11-05,Pre-GenAI
Stack Overflow,2023,ASCII to HEX convertion in jni getting wrong values,2016-04-14,Pre-GenAI
Stack Overflow,2024,Bluetooth transfer from PC to Android through RFCOMM,2010-10-25,Pre-GenAI
Stack Overflow,2025,Android (ART) crash with error JNI DETECTED ERROR IN APPLICATION: jarray is an invalid stack indirec,2015-04-26,Pre-GenAI
Stack Overflow,2026,Getting jibberish while using ffmpeg in android,2013-02-27,Pre-GenAI
Stack Overflow,2027,"opencv,jni CV_8UC1 type is incompatible with mixChannels()",2012-07-31,Pre-GenAI
Stack Overflow,2029,how to play mp3 using ffmpeg,2013-10-31,Pre-GenAI
Stack Overflow,2030,JNI segmentation fault bug,2009-09-22,Pre-GenAI
Stack Overflow,2031,How do I convert ADPCM to PCM using FFmpeg?,2013-01-24,Pre-GenAI
Stack Overflow,2032,Jni Reference Table overflow,2011-02-10,Pre-GenAI
Stack Overflow,2033,How to do good real-time data streaming using Java Android SDK,2014-07-24,Pre-GenAI
Stack Overflow,2034,Where does Delphi/Android search for a native language library?,2014-01-07,Pre-GenAI
Stack Overflow,2035,Playing Mp3 file using FFmpeg on Android,2017-04-02,Pre-GenAI
Stack Overflow,2036,mupdf render jpeg2000 lose color?,2014-09-29,Pre-GenAI
Stack Overflow,2037,(Android OpenCV) Pass JNI value (float) to android activity,2016-01-17,Pre-GenAI
Stack Overflow,2038,How to add openCV files in &quot;include&quot; folder in JNI using Eclipse,2015-10-21,Pre-GenAI
Stack Overflow,2039,Probability of hardware related disk or memory corruption?,2008-10-05,Pre-GenAI
Stack Overflow,2040,Is there a reason for the inconsistent datatype overflow handling of SQL Server,2011-08-11,Pre-GenAI
Stack Overflow,2041,When is it safe to use the PHP strtolower() function?,2013-11-20,Pre-GenAI
Stack Overflow,2042,Save file using JavaScript,2019-07-19,Pre-GenAI
Stack Overflow,2043,Exploring json null and &quot;&quot; and hibernate null and &quot;&quot; and MySql/Postgres null and,2020-07-15,Pre-GenAI
Stack Overflow,2044,How to create and save pairwise hamming distances of image perceptual hashes for imput to clustering,2016-04-09,Pre-GenAI
Stack Overflow,2046,Nullability in Spark sql schemas is advisory by default. What is best way to strictly enforce it?,2019-05-14,Pre-GenAI
Stack Overflow,2047,Creating XLL Excel add-in for Windows 7/64 bit (cross-compiling on Windows XP/32),2013-04-27,Pre-GenAI
Stack Overflow,2048,Is direct buffer required for JNI / external library calls?,2016-05-09,Pre-GenAI
Stack Overflow,2049,"Does Bouncy Castle protect secrets from &quot;leaking&quot; in memory/pagefile, and other avenues of",2014-12-05,Pre-GenAI
Stack Overflow,2050,F# interface with Tcl/Tk results in memory corruption,2017-05-08,Pre-GenAI
Stack Overflow,2051,golang memory explosion: newdefer,2013-09-24,Pre-GenAI
Stack Overflow,2052,inner working of &#39;fixed&#39;: working on memory location or object?,2013-02-06,Pre-GenAI
Stack Overflow,2053,Direct data copy between devices,2014-03-25,Pre-GenAI
Stack Overflow,2055,Memory fragmentation?,2013-08-13,Pre-GenAI
Stack Overflow,2056,unable to open /dev/mem on raspberry pi 4b,2021-09-01,Pre-GenAI
Stack Overflow,2057,CUDA pinned memory and coalescing,2013-09-30,Pre-GenAI
Stack Overflow,2058,How to STR a value larger than #0x00FF into memory,2020-03-19,Pre-GenAI
Stack Overflow,2059,Memory Trace with Memory Contents,2015-11-01,Pre-GenAI
Stack Overflow,2060,"Is there a way to pin arrays in Numba, for fast data transfer to/from device?",2019-09-03,Pre-GenAI
Stack Overflow,2062,How to transpose a PyArrow.Table object in Python using PyArrow structures only (preferably maintain,2021-06-22,Pre-GenAI
Stack Overflow,2063,Attachment of a dynamic matplotlib graph directly to html in flask,2020-07-04,Pre-GenAI
Stack Overflow,2064,Advice on MKAnnotation and NSString memory leak issues,2012-06-29,Pre-GenAI
Stack Overflow,2065,When should I prefer write-combined CUDA-allocated mapped host memory?,2016-03-14,Pre-GenAI
Stack Overflow,2068,Tiny Code for dumping Flash Memory,2014-06-10,Pre-GenAI
Stack Overflow,2069,Dump Flash Memory through a single GPIO pin,2014-06-01,Pre-GenAI
Stack Overflow,2070,Can I use a java policy file to safely run an un-trusted app with sudo,2016-02-15,Pre-GenAI
Stack Overflow,2072,Is there a way to find what memory addresses were accessed by a Java program and in what order?,2012-07-23,Pre-GenAI
Stack Overflow,2073,JCuda Pinned Memory Example,2013-03-27,Pre-GenAI
Stack Overflow,2074,read/write SLE4442 memory card with WinSCard API in c#,2010-07-14,Pre-GenAI
Stack Overflow,2075,How to get MSP430 Code to work without using libraries?,2020-04-16,Pre-GenAI
Stack Overflow,2076,How do most embedded C compilers define symbols for memory mapped I/O?,2014-12-16,Pre-GenAI
Stack Overflow,2077,How to enable LightningProviders for GPIO?,2019-09-18,Pre-GenAI
Stack Overflow,2078,How does Realm try to allocate more than the device capacity?,2018-02-13,Pre-GenAI
Stack Overflow,2079,Increasing GPIO switching speed,2021-12-10,Pre-GenAI
Stack Overflow,2080,How to get 63bits out of 64,2020-03-04,Pre-GenAI
Stack Overflow,2081,Interrupt performance on linux kernel with RT patches - should be better?,2013-06-21,Pre-GenAI
Stack Overflow,2082,UWP: Cannot load PWM Controllers using Lightning on Raspberry Pi 2?,2017-07-09,Pre-GenAI
Stack Overflow,2083,"Properly disposing of, and removing references to UserControls, to avoid memory leak",2012-09-26,Pre-GenAI
Stack Overflow,2084,STM32F4 ADC with DMA 7 Channel regular group isn&#39;t working,2020-05-25,Pre-GenAI
Stack Overflow,2085,"Java, a method to pin and align an array",2015-09-24,Pre-GenAI
Stack Overflow,2086,Why such slow performance when parsing data after it is read in using Windows ReadFile?,2013-08-05,Pre-GenAI
Stack Overflow,2087,Understanding safe access of JNI arguments,2016-09-08,Pre-GenAI
Stack Overflow,2088,libvirt: use of hugepages on NUMA system,2020-12-24,Pre-GenAI
Stack Overflow,2089,Bi-directional communication using Asynchronous FIFO?,2017-07-25,Pre-GenAI
Stack Overflow,2090,PXA270 GPIO (eSOM270/SPARK dev kit) - Windows CE 6.0 R2,2011-01-15,Pre-GenAI
Stack Overflow,2091,"STM32 ADC with DMA, DMA not writing data to memory location",2022-02-04,Pre-GenAI
Stack Overflow,2093,How to access to shared register from linux kernel module?,2017-04-28,Pre-GenAI
Stack Overflow,2094,SP605 Spartan 6 DDR3 addressing,2016-01-06,Pre-GenAI
Stack Overflow,2096,Peripheral registers in Qt Creator during debugging,2016-08-05,Pre-GenAI
Stack Overflow,2097,Python &quot;in memory DB style&quot; data types,2013-06-20,Pre-GenAI
Stack Overflow,2098,Choppy animation in iOS,2016-03-25,Pre-GenAI
Stack Overflow,2099,C code memory alignment issue on embedded system?,2020-04-03,Pre-GenAI
Stack Overflow,2100,Get object properties from mapView.SelectedAnnotations,2011-01-25,Pre-GenAI
Stack Overflow,2101,rds mysql performance slow under connections,2018-09-27,Pre-GenAI
Stack Overflow,2102,"clEnqueueMap takes long time, almost equal to clEnqueuwritebuffer",2014-07-06,Pre-GenAI
Stack Overflow,2103,Why does GetDeliveryBuffer blocked with an INTERLEAVE_CAPTURE mode AVI Mux?,2013-12-09,Pre-GenAI
Stack Overflow,2104,"DPDK bad throughput, is the configurations&#39; fault? How to improve?",2021-05-23,Pre-GenAI
Stack Overflow,2105,Can&#39;t figure out why I am getting bad out put from my reverse function,2014-04-22,Pre-GenAI
Stack Overflow,2106,GCHandle: when to use GCHandleType.Normal explicitly?,2014-08-12,Pre-GenAI
Stack Overflow,2107,Arduino - How to write Macro that define used pins by name and number and throw compiler error if pi,2014-01-29,Pre-GenAI
Stack Overflow,2108,Techniques to Reduce CPU to GPU Data Transfer Latency,2011-06-28,Pre-GenAI
Stack Overflow,2109,Mapkit with annotations and IBAction to Load New View on Pin,2011-02-27,Pre-GenAI
Stack Overflow,2110,How to capture audio and Video using DirectShow NET?,2011-10-30,Pre-GenAI
Stack Overflow,2111,How to share virtual GPIO data between guest and host system in qemu 7.1.0,2022-10-31,Pre-GenAI
Stack Overflow,2112,Pre-warm disk cache,2018-05-16,Pre-GenAI
Stack Overflow,2113,PHP factor 30 performance difference from Linux to Windows,2014-04-03,Pre-GenAI
Stack Overflow,2114,WeakReferences are not freed in embedded OS,2012-04-16,Pre-GenAI
Stack Overflow,2115,executing SPI command in function in under 1ms - 8051,2018-04-09,Pre-GenAI
Stack Overflow,2116,Why does avr-gcc tell me about missing argument while expanding my [fancy] macro?,2016-08-08,Pre-GenAI
Stack Overflow,2117,How is iBooks rendering the index view so quickly when viewing a PDF? Or: how do draw UIImages on UI,2011-12-16,Pre-GenAI
Stack Overflow,2118,Beaglebone Black: Interaction between Device Tree and Kernel Module,2016-03-16,Pre-GenAI
Stack Overflow,2119,Parsing NMEA sentences from serial,2016-10-23,Pre-GenAI
Stack Overflow,2120,Abstracting Pins and Ports - Using Pointers,2016-02-13,Pre-GenAI
Stack Overflow,2121,Track Data Input Through Application Code and System Libraries,2017-03-15,Pre-GenAI
Stack Overflow,2122,"STM32H7 LAN8742 LwIP only works fine after power-up, not after reset",2019-03-20,Pre-GenAI
Stack Overflow,2123,Overlapping communication and computation taking 2.1 times as much time,2022-08-12,Pre-GenAI
Stack Overflow,2124,C# DllImport trouble,2010-12-13,Pre-GenAI
Stack Overflow,2125,MobileFirst 7.1.0.00.20170505-1403 - Intermittent connectivity issue to MobileFirst server from Andr,2018-01-19,Pre-GenAI
Stack Overflow,2126,"Attempting to write Raspberry Pi 3/4 OS, Stuck on testing serial connections to hardware",2019-11-14,Pre-GenAI
Stack Overflow,2127,Hyper V Windows 8.1 Pro won&#39;t work. Virtualisation is enabled in BIOS,2014-09-19,Pre-GenAI
Stack Overflow,2129,How to query data with calculated fields and map to a ViewModel with a nested ViewModel Collection?,2018-02-08,Pre-GenAI
Stack Overflow,2130,Weird UC3 Reset behavior after user page NVRAM usage,2020-05-26,Pre-GenAI
Stack Overflow,2131,SpringBoot: System.loadLibrary run twice,2017-07-03,Pre-GenAI
Stack Overflow,2132,Alternate for System.loadlibrary() on vista,2012-04-13,Pre-GenAI
Stack Overflow,2133,System.loadLibrary(...) couldn&#39;t find native library in my case,2014-12-11,Pre-GenAI
Stack Overflow,2134,System.loadLibrary in Android Studio,2015-01-27,Pre-GenAI
Stack Overflow,2135,JNA or System.loadLibrary?,2014-08-15,Pre-GenAI
Stack Overflow,2136,Difference between System.load() and System.loadLibrary in Java,2011-08-10,Pre-GenAI
Stack Overflow,2137,Java System.loadLibrary dependencies,2010-12-13,Pre-GenAI
Stack Overflow,2138,What is the difference of where System.LoadLibrary is placed?,2015-09-14,Pre-GenAI
Stack Overflow,2139,Corresponding &#39;C&#39; call for System.loadlibrary,2014-03-24,Pre-GenAI
Stack Overflow,2140,How to load native lib in android with static{System.loadLibrary()},2013-05-02,Pre-GenAI
Stack Overflow,2141,Android - Calling System.loadLibrary() causes process to die,2011-09-15,Pre-GenAI
Stack Overflow,2142,Android OpenCV FaceDetection - System.loadLibrary(Core.NATIVE_LIBRARY_NAME),2015-12-09,Pre-GenAI
Stack Overflow,2143,Android System.loadLibrary stalls while loading native library,2011-12-19,Pre-GenAI
Stack Overflow,2144,System.LoadLibrary during runtime or controlled by user,2020-07-18,Pre-GenAI
Stack Overflow,2145,system.loadlibrary with libname as parameter,2014-09-04,Pre-GenAI
Stack Overflow,2146,System.loadLibrary does not work. UnsatisfiedLinkError for the second lib in chain,2013-04-25,Pre-GenAI
Stack Overflow,2147,System.loadLibrary() gives java.lang.UnsatisfiedLinkerError: Can&#39;t load library,2012-05-22,Pre-GenAI
Stack Overflow,2148,System.loadLibrary stuck while reading .so file,2014-06-24,Pre-GenAI
Stack Overflow,2149,System.loadLibrary() does not work but System.load() does,2021-03-20,Pre-GenAI
Stack Overflow,2150,Android JNI System.loadLibrary not needed?,2010-08-02,Pre-GenAI
Stack Overflow,2151,System.loadLibrary get stuck and never returns,2016-05-05,Pre-GenAI
Stack Overflow,2152,Java System.loadLibrary(&quot;m&quot;) fails on AIX 6.1,2012-01-22,Pre-GenAI
Stack Overflow,2153,Load Python C Extension DLL using System.loadLibrary,2013-04-29,Pre-GenAI
Stack Overflow,2154,How can you find where System.loadLibrary() is finding a library?,2011-01-07,Pre-GenAI
Stack Overflow,2155,System.loadLibrary crashes,2014-01-08,Pre-GenAI
Stack Overflow,2156,onJNILoad not being called when calling System.loadLibrary,2013-12-13,Pre-GenAI
Stack Overflow,2157,"java, System.loadlibrary(&quot;someDLLFile&quot;) gets unstatisfied link error",2009-06-22,Pre-GenAI
Stack Overflow,2158,Okay to catch UnsatisfiedLinkError to fall back to a different DLL on a call to System.LoadLibrary?,2012-02-02,Pre-GenAI
Stack Overflow,2159,Is it necessary to call system.loadLibrary explicitly for accessing the native methods in a NativeAc,2015-04-05,Pre-GenAI
Stack Overflow,2160,Android JNI: Calling System.loadLibrary() causes SEGV,2012-04-17,Pre-GenAI
Stack Overflow,2161,JNI - System.LoadLibrary() finds wrong dependent dll,2010-08-11,Pre-GenAI
Stack Overflow,2162,How to influence search path of System.loadLibrary() through Java code?,2011-02-16,Pre-GenAI
Stack Overflow,2163,NoClassDefFound error because of System.loadLibrary(Core.NATIVE_LIBRARY_NAME),2015-01-21,Pre-GenAI
Stack Overflow,2164,System.loadLibrary() error,2013-03-04,Pre-GenAI
Stack Overflow,2165,System.loadLibrary works on OpenJDK but not on Oracle,2015-11-13,Pre-GenAI
Stack Overflow,2166,OpenCV on rpi - segmentation fault in System.loadLibrary,2019-05-21,Pre-GenAI
Stack Overflow,2167,Android System.loadLibrary crashing,2016-02-15,Pre-GenAI
Stack Overflow,2168,System.loadLibrary in android,2015-01-11,Pre-GenAI
Stack Overflow,2169,Depth limit on System.loadLibrary?,2014-09-01,Pre-GenAI
Stack Overflow,2170,Android System.loadLibrary crash in libhoudini (ARM translator on x86),2015-05-21,Pre-GenAI
Stack Overflow,2171,java ee System.loadLibrary,2015-03-31,Pre-GenAI
Stack Overflow,2172,System.loadLibrary() from byte array,2017-02-28,Pre-GenAI
Stack Overflow,2173,Android java.lang.exceptionininitializererror System.loadLibrary,2013-07-12,Pre-GenAI
Stack Overflow,2174,UnsatisfiedLinkError when calling method from native library although System.loadLibrary seems ok,2015-07-22,Pre-GenAI
Stack Overflow,2175,What becomes the search path of a .dll loaded with System.loadLibrary() in java?,2015-09-09,Pre-GenAI
Stack Overflow,2176,Consecutive `System.loadLibrary` returns `UnsatisfiedLinkError`,2019-09-04,Pre-GenAI
Stack Overflow,2177,JNI - Can I use RegisterNatives without calling System.loadLibrary for native plugins?,2013-11-23,Pre-GenAI
Stack Overflow,2178,UnsatisfiedLinkError when run System.loadLibrary,2020-09-16,Pre-GenAI
Stack Overflow,2179,Calling System.loadLibrary twice for the same shared library,2014-02-19,Pre-GenAI
Stack Overflow,2180,System.loadLibrary loads something else,2020-03-29,Pre-GenAI
Stack Overflow,2181,"Android 6.0 Preview 3 device (with target sdk 23) , System.loadLibrary is fail",2015-10-01,Pre-GenAI
Stack Overflow,2182,JNI system.loadlibrary problem - native C++ dll using C library,2011-04-12,Pre-GenAI
Stack Overflow,2183,Xamarin iOS equivalent to System.loadLibrary,2018-08-18,Pre-GenAI
Stack Overflow,2184,Call to System.loadLibrary() for FileOutputStream methods,2020-05-05,Pre-GenAI
Stack Overflow,2185,System.loadLibrary with custom library suffix,2012-08-15,Pre-GenAI
Stack Overflow,2186,Can Delphi XE5 compile a .so library that can be loaded in Java with &#39;System.loadLibrary?,2013-09-24,Pre-GenAI
Stack Overflow,2187,Difference between dlopen and System.loadLibrary(),2012-07-24,Pre-GenAI
Stack Overflow,2188,Android/Swift JNI UnsatisfiedLinkError System.loadLibrary looking in the wrong path,2015-12-22,Pre-GenAI
Stack Overflow,2189,Android NDK - &quot;Library not found&quot; calling System.loadLibrary,2011-09-13,Pre-GenAI
Stack Overflow,2190,android where System.loadLibrary loads files,2012-03-25,Pre-GenAI
Stack Overflow,2191,System.LoadLibrary() doesn&#39;t find Library,2016-07-01,Pre-GenAI
Stack Overflow,2192,System.loadLibrary() not working in some instances,2019-05-01,Pre-GenAI
Stack Overflow,2193,Android NDK: Call to System.loadLibrary Results in SIGSEGV Code=1,2013-07-26,Pre-GenAI
Stack Overflow,2194,Unsatisfied Link Error when using System.loadLibrary()?,2010-06-18,Pre-GenAI
Stack Overflow,2195,OpenCV is crashes with SIGSEGV on System.loadLibrary();,2019-06-12,Pre-GenAI
Stack Overflow,2196,System.loadLibrary UnsatisfiedLinkError ELF file data encoding not little-endian,2011-11-16,Pre-GenAI
Stack Overflow,2197,Provide DLL path to System.loadLibrary on export,2011-09-29,Pre-GenAI
Stack Overflow,2198,&quot;no libName in java.library.path&quot; on System.loadLibrary(&quot;libName&quot;),2019-04-03,Pre-GenAI
Stack Overflow,2199,What types of libraries are used in System.loadLibrary(),2018-03-21,Pre-GenAI
Stack Overflow,2200,android studio - System.loadLibrary(...) returns error,2018-01-25,Pre-GenAI
Stack Overflow,2201,"java System.loadLibrary() load failed in mac, but System.load() works fine",2017-03-23,Pre-GenAI
Stack Overflow,2202,How to reverse System.loadLibrary in Java,2009-09-16,Pre-GenAI
Stack Overflow,2203,JNI System.LoadLibrary failed on Cocoa dylib,2011-06-06,Pre-GenAI
Stack Overflow,2204,Java native library System.loadLibrary fails with UnsatisfiedLinkError,2011-03-22,Pre-GenAI
Stack Overflow,2205,install4j support for code signing MacOS console launchers that load dyld libraries via System.loadL,2021-04-10,Pre-GenAI
Stack Overflow,2206,load dll error while using System.loadLibrary(),2012-03-07,Pre-GenAI
Stack Overflow,2207,Java application crashes when calling System.loadLibrary,2016-09-11,Pre-GenAI
Stack Overflow,2208,Getting UnsatisfiedLinkError when using renderscriptSupportModeEnabled with System.loadLibrary,2015-04-11,Pre-GenAI
Stack Overflow,2209,java.lang.NoClassDefFoundError at System.loadLibrary in Android NDK,2012-07-16,Pre-GenAI
Stack Overflow,2210,Java System.loadLibrary call on Linux freezes,2011-05-26,Pre-GenAI
Stack Overflow,2211,See result of System.loadLibrary/ the defined methods and classes?,2022-11-08,Pre-GenAI
Stack Overflow,2212,System.loadLibrary() returns exception from static block,2013-05-24,Pre-GenAI
Stack Overflow,2213,"Packing DLLs in Java, difference between &quot;System.load&quot; and &quot;System.loadLibrary&quot;",2020-09-03,Pre-GenAI
Stack Overflow,2214,Play Framework - System.loadLibrary() only once per thread,2013-11-06,Pre-GenAI
Stack Overflow,2215,Android runtime exception on note5: libgles_MALI not found system.loadlibrary,2016-02-25,Pre-GenAI
Stack Overflow,2216,"Android, for JNI should System.loadLibrary be called in an InputMethodService?",2019-05-28,Pre-GenAI
Stack Overflow,2217,System.loadLibrary failing on java 1.6 but working on java 1.5,2011-07-14,Pre-GenAI
Stack Overflow,2218,cocos2dx Android Studio crash in System.loadLibrary(libName),2016-06-30,Pre-GenAI
Stack Overflow,2219,Android : Overcome System.loadlibrary(); issue about  java.lang.UnsatisfiedLinkerror,2012-09-26,Pre-GenAI
Stack Overflow,2220,System.loadLibrary() can&#39;t find a shared library on linux,2022-11-28,Pre-GenAI
Stack Overflow,2221,UnsatisfiedLinkError on System.loadLibrary() after adding the directory to java.library.path,2020-07-14,Pre-GenAI
Stack Overflow,2222,System.loadLibrary() error -- unable to specify a relative or absolute path,2017-09-26,Pre-GenAI
Stack Overflow,2223,System.loadLibrary() gives error on loading on a suse machine,2014-09-17,Pre-GenAI
Stack Overflow,2224,Using System.loadLibrary on jar library using windows,2017-07-02,Pre-GenAI
Stack Overflow,2225,error &quot;cannot locate symbol&quot; when using System.loadLibrary,2019-07-05,Pre-GenAI
Stack Overflow,2226,Prevent Java from loading library more than once,2009-07-15,Pre-GenAI
Stack Overflow,2227,Loading a shared library with the System.loadLibrary call never returns,2014-02-20,Pre-GenAI
Stack Overflow,2228,System.loadLibrary not working anymore as part of package in Java,2018-01-16,Pre-GenAI
Stack Overflow,2230,Where to perform library initialization for System.loadLibrary?,2014-09-18,Pre-GenAI
Stack Overflow,2232,System.loadLibrary() failed after adding apk into AOSP,2017-12-22,Pre-GenAI
Stack Overflow,2233,How to use java native method System.loadLibrary() in xamarin android?,2022-04-12,Pre-GenAI
Stack Overflow,2234,What causes System.loadLibrary() to fail on linux (RPi)?,2016-04-07,Pre-GenAI
Stack Overflow,2235,Should System.loadLibrary( name ) find a library already loaded dynamically?,2017-06-08,Pre-GenAI
Stack Overflow,2236,System.loadLibrary in react-native android project causes SIGSEGV segfault,2016-12-27,Pre-GenAI
Stack Overflow,2237,How to debug a java system.loadlibrary error in linux?,2009-06-18,Pre-GenAI
Stack Overflow,2239,library is not accessible for the namespace &quot;classloader-namespace&quot;,2020-01-06,Pre-GenAI
Stack Overflow,2240,Android Studio: porting old example fails at System.loadLibrary(&quot;muse_android&quot;);,2020-07-18,Pre-GenAI
Stack Overflow,2241,Would it be wrong to call System.LoadLibrary() from onCreate method of a fragment?,2015-01-12,Pre-GenAI
Stack Overflow,2242,Android &amp; Cocos2d-x: Exceptions on System.loadLibrary(libName); &amp; onLoadNativeLibraries();,2014-07-22,Pre-GenAI
Stack Overflow,2243,Why using System.loadLibrary() doesn&#39;t seem to work on jshell command prompt?,2020-12-18,Pre-GenAI
Stack Overflow,2244,application crash when try to load System.loadLibrary(&quot;loader-jni&quot;),2019-01-15,Pre-GenAI
Stack Overflow,2245,System.loadLibrary fails with Error: java.lang.UnsatisfiedLinkError: dlopen failed: cannot locate sy,2016-09-06,Pre-GenAI
Stack Overflow,2246,Not able to load library from Distributed Cache Hadoop,2012-04-20,Pre-GenAI
Stack Overflow,2247,Android&#39;s GNU STL shared library can&#39;t be found with System.loadLibrary,2012-01-03,Pre-GenAI
Stack Overflow,2248,How does Android find out native implementations without calling System.loadLibrary?,2013-03-18,Pre-GenAI
Stack Overflow,2249,Calling System.loadLibrary() via JNI does not load native methods,2015-02-24,Pre-GenAI
Stack Overflow,2250,Java: load shared libraries with dependencies,2011-03-24,Pre-GenAI
Stack Overflow,2251,how to confirm my dll has been loaded successfully in Java,2018-09-20,Pre-GenAI
Stack Overflow,2252,Genymotion emulator error trying to load javacv / opencv libs with static initialization,2016-02-21,Pre-GenAI
Stack Overflow,2253,Preventing Duplicate System.loadLibrary calls when dynamically loading/reloading a Java class,2019-01-11,Pre-GenAI
Stack Overflow,2254,How to load native library securely in Android?,2013-11-20,Pre-GenAI
Stack Overflow,2255,unLoading shared library loaded via JNI in Java,2017-10-30,Pre-GenAI
Stack Overflow,2256,Java System.loadLibrary does not lookup in /usr/lib/x86_64-linux-gnu/ folder for library,2017-07-26,Pre-GenAI
Stack Overflow,2257,SharedLib dependency @ Mixed mode APK,2012-04-20,Pre-GenAI
Stack Overflow,2258,How to add user to morpho device,2018-07-22,Pre-GenAI
Stack Overflow,2259,how jni system.loadlibrary interact with the global variab in C file,2013-04-11,Pre-GenAI
Stack Overflow,2260,"Java : System.load and System.loadlibrary throws Unsatisfied link error in Windows XP, but not in Wi",2011-04-28,Pre-GenAI
Stack Overflow,2261,"Android JNI, how to load library with soname libxx.so.1.2.3",2012-07-09,Pre-GenAI
Stack Overflow,2262,how android api call the native system library?,2012-07-14,Pre-GenAI
Stack Overflow,2263,Linux Java: load .so dynamically without dlopen,2015-12-09,Pre-GenAI
Stack Overflow,2264,how to load libandroid_runtime,2012-02-10,Pre-GenAI
Stack Overflow,2265,Java JNI: How to load library multiple times?,2013-03-09,Pre-GenAI
Stack Overflow,2266,Android NDK Unsatisfied link error of .so file of another AAR project,2016-11-11,Pre-GenAI
Stack Overflow,2267,couldn&#39;t find &quot;libmynative.so&quot; even though its copied to libs folder(Android NDK),2016-02-19,Pre-GenAI
Stack Overflow,2268,Failed to load .so in android studio,2018-08-25,Pre-GenAI
Stack Overflow,2269,dlopen fails on android with NDK 10d,2015-03-13,Pre-GenAI
Stack Overflow,2270,Application crashes in loading C++ jni library dynamically linked with openss-1.0.1h,2014-06-26,Pre-GenAI
Stack Overflow,2271,"Android 11 - System.loadLibrary for native C++ library takes 60+ seconds, works perfectly fast on An",2020-10-28,Pre-GenAI
Stack Overflow,2272,Java JNI call to load library,2011-12-08,Pre-GenAI
Stack Overflow,2273,Java native function called without loading library,2019-08-15,Pre-GenAI
Stack Overflow,2274,System.LoadLibrary(libname) crashing on Nvidia Tegra 2 chipset (Android Samsung Tab) in Javacv code,2013-07-08,Pre-GenAI
Stack Overflow,2275,"libharu compiled Android so, but can&#39;t load library",2012-02-08,Pre-GenAI
Stack Overflow,2276,OpenCV 2.4.13.4 dll link error,2017-11-10,Pre-GenAI
Stack Overflow,2277,Xuggler on Android,2013-01-18,Pre-GenAI
Stack Overflow,2278,What happens when jni library is loaded again?,2014-02-04,Pre-GenAI
Stack Overflow,2279,How to set system environment variable from Mapper Hadoop?,2012-04-20,Pre-GenAI
Stack Overflow,2280,Error while running cocoa2dx project,2016-09-16,Pre-GenAI
Stack Overflow,2281,Android NDK linking,2012-05-15,Pre-GenAI
Stack Overflow,2282,Use shared library(.so) in spring web application deployed on glassfish web server,2016-09-01,Pre-GenAI
Stack Overflow,2283,UnsatisfiedLinkError when trying to use FFmpeg with NDK,2014-04-05,Pre-GenAI
Stack Overflow,2284,How to load and use native library in scala repl?,2019-05-13,Pre-GenAI
Stack Overflow,2285,How to include opencv native library while exporting to jar,2017-08-20,Pre-GenAI
Stack Overflow,2286,portable statement to load JNI library from a different directory using relative pathname?,2012-05-21,Pre-GenAI
Stack Overflow,2287,Loading 2 .so native libs in linux from Java via JNI,2011-12-21,Pre-GenAI
Stack Overflow,2288,Unable to run Java JNI code eclipse,2012-03-24,Pre-GenAI
Stack Overflow,2289,Java rxtxSerial.dll loading from jar file folder,2013-05-26,Pre-GenAI
Stack Overflow,2290,Android NDK: jnix jar not loading,2013-03-07,Pre-GenAI
Stack Overflow,2291,Loading DLL file in java,2015-07-21,Pre-GenAI
Stack Overflow,2292,Bazel: prevent android_binary from creating new jni layer,2017-11-12,Pre-GenAI
Stack Overflow,2293,Is it possible to load different versions of the same DLL in Java?,2010-09-09,Pre-GenAI
Stack Overflow,2294,JNI system loadlibrary,2021-03-09,Pre-GenAI
Stack Overflow,2295,Android Link Error,2010-11-30,Pre-GenAI
Stack Overflow,2296,Unable to find base address or exported function of dynamically loaded library,2020-09-21,Pre-GenAI
Stack Overflow,2297,Java alternatives to loadLibrary or load Java,2014-03-13,Pre-GenAI
Stack Overflow,2298,Which method eventually calls JNI_OnLoad,2012-11-22,Pre-GenAI
Stack Overflow,2299,Append byte arrays in JNI,2017-07-17,Pre-GenAI
Stack Overflow,2300,Please help to download &quot;libsqliteX.so&quot; file,2015-12-04,Pre-GenAI
Stack Overflow,2301,Could not load native library jni_latinime.so Android,2017-01-20,Pre-GenAI
Stack Overflow,2302,Can&#39;t find JNI_OnLoad_libname in example program,2016-01-13,Pre-GenAI
Stack Overflow,2303,Exception in thread &quot;main&quot; java.lang.UnsatisfiedLinkError while accessing dll method in Ja,2016-09-08,Pre-GenAI
Stack Overflow,2304,"Referencing a library project, ndk",2014-01-08,Pre-GenAI
Stack Overflow,2305,failed: dlopen failed: cannot locate symbol &quot;signal&quot; referenced by &quot;libSDL2.so&quot;,2014-09-03,Pre-GenAI
Stack Overflow,2306,build libcurl without soname,2014-02-26,Pre-GenAI
Stack Overflow,2307,Disabling version suffix/extension in autoconf or makefile,2014-06-24,Pre-GenAI
Stack Overflow,2308,Loading native library in Quarkus application,2020-09-23,Pre-GenAI
Stack Overflow,2309,Android and UnsatisfiedLinkError,2011-05-20,Pre-GenAI
Stack Overflow,2310,how do i override the static code block dynamically in a java class file,2011-11-04,Pre-GenAI
Stack Overflow,2311,Java Native Interface,2014-09-07,Pre-GenAI
Stack Overflow,2312,UnsatisfiedLinkError: How to load native library of opencv when running play application?,2019-04-04,Pre-GenAI
Stack Overflow,2313,create android java file from native code,2015-03-08,Pre-GenAI
Stack Overflow,2314,How do I use ffmpeg4android in an ADT project?,2013-01-14,Pre-GenAI
Stack Overflow,2315,unable to load dll library with &quot;run jetty run&quot;,2012-11-16,Pre-GenAI
Stack Overflow,2316,java.lang.UnsatisfiedLinkError: dlopen failed,2022-02-08,Pre-GenAI
Stack Overflow,2317,Renaming dependent library in Android NDK causes UnsatisfiedLinkError,2012-01-16,Pre-GenAI
Stack Overflow,2318,UnsatisfiedLinkError JNI,2011-08-18,Pre-GenAI
Stack Overflow,2320,Android loading 32 and 64 bit .so files,2016-06-06,Pre-GenAI
Stack Overflow,2321,how to call methods from a c# dll in java?,2011-11-23,Pre-GenAI
Stack Overflow,2322,How to extract the ndk abi filter library code in android?,2021-04-15,Pre-GenAI
Stack Overflow,2323,Unable to load .so in JNI project,2012-07-07,Pre-GenAI
Stack Overflow,2324,How to load native library to android library project,2012-12-27,Pre-GenAI
Stack Overflow,2325,Dynamically loading C++ library in Android,2013-09-04,Pre-GenAI
Stack Overflow,2326,Windows 10 load dll the non admin way,2017-07-21,Pre-GenAI
Stack Overflow,2327,No implementation found for native,2015-12-27,Pre-GenAI
Stack Overflow,2328,Call C++ functions from Java with VM created by C++,2015-02-13,Pre-GenAI
Stack Overflow,2329,android static library usage,2014-05-22,Pre-GenAI
Stack Overflow,2330,Can we run opencv java on android?,2015-07-13,Pre-GenAI
Stack Overflow,2331,java.lang.UnsatisfiedLinkError: no so in java.library.path,2013-09-26,Pre-GenAI
Stack Overflow,2332,UnsatisfiedLinkError exporting a dll for deployment,2014-04-24,Pre-GenAI
Stack Overflow,2333,stlport_shared.so not getting pushed onto the device,2011-06-07,Pre-GenAI
Stack Overflow,2334,Exception in thread &quot;AWT-EventQueue-0&quot; java.lang.UnsatisfiedLinkError:NBioBSPJNI.dll: Can&,2013-09-16,Pre-GenAI
Stack Overflow,2335,Android JNI UnsatisfiedLink Exception,2012-04-22,Pre-GenAI
Stack Overflow,2336,Can&#39;t load native library(OpenCV) in java,2014-05-13,Pre-GenAI
Stack Overflow,2337,Google Or-Tools : UnsatisfiedLinkError,2020-05-17,Pre-GenAI
Stack Overflow,2338,android extend class with native methods,2013-04-17,Pre-GenAI
Stack Overflow,2339,UnsatisfiedLink error : opencv_java2411.dll already loaded in another classloader in glass fish,2015-12-31,Pre-GenAI
Stack Overflow,2340,Loading native C library from Objective-C in Flutter plugin,2019-09-18,Pre-GenAI
Stack Overflow,2341,How to run arm lib in the Android-x86 5.0,2015-07-07,Pre-GenAI
Stack Overflow,2342,Cannot load minizip code into Android JNI. failed to link libminizip.so,2012-02-28,Pre-GenAI
Stack Overflow,2343,Android NDK built library crahes on devices but runs fine in emulator,2020-04-26,Pre-GenAI
Stack Overflow,2344,system loadLibrary hangs when used in multiple threads,2014-08-27,Pre-GenAI
Stack Overflow,2345,ImageMagick for android...Program Crashing,2012-07-20,Pre-GenAI
Stack Overflow,2346,JNI ERROR Didn&#39;t find class DexPathList while trying to create module for POS,2020-02-02,Pre-GenAI
Stack Overflow,2347,Loading DLL in Java - Eclipse - JNI,2010-03-29,Pre-GenAI
Stack Overflow,2348,loading native libraries in hadoop reducer?,2012-10-18,Pre-GenAI
Stack Overflow,2349,How to loadLibrary from another package signed by the same developer in Android?,2013-08-14,Pre-GenAI
Stack Overflow,2350,UnsatisfiedLinkError when trying to load library that is clearly there,2011-12-20,Pre-GenAI
Stack Overflow,2351,android load native library in another package,2015-03-06,Pre-GenAI
Stack Overflow,2352,no libopencv_core.so in java.library.path hadoop,2017-06-07,Pre-GenAI
Stack Overflow,2353,JNI with android?,2011-05-18,Pre-GenAI
Stack Overflow,2354,Loading Native Library from java.library.path specifically,2016-01-19,Pre-GenAI
Stack Overflow,2355,How to link static library created using ndk-build in android,2011-06-07,Pre-GenAI
Stack Overflow,2356,JNI UnsatisfiedLink Error,2015-02-15,Pre-GenAI
Stack Overflow,2357,How to manually built ndk-build (shared library) in existing android studio project,2017-05-20,Pre-GenAI
Stack Overflow,2358,UnsatisfiedLinkError while trying to load opencv library,2017-03-15,Pre-GenAI
Stack Overflow,2359,use 3rd library with android pure ndk,2013-09-20,Pre-GenAI
Stack Overflow,2360,Calling c program from different Android project,2017-09-15,Pre-GenAI
Stack Overflow,2361,"Oculus Rift, simple example in java failing",2014-02-13,Pre-GenAI
Stack Overflow,2362,"java.lang.UnsatisfiedLinkError: No implementation found (NDK, Kotlin) - Fixed",2018-12-26,Pre-GenAI
Stack Overflow,2363,UnsatisfiedLinkError in exported (Eclipse) executable jar file,2016-04-21,Pre-GenAI
Stack Overflow,2364,Android : link prebuilt shared library (.so) within jar file in NDK,2013-01-14,Pre-GenAI
Stack Overflow,2365,Problems in loading a native library In Java,2015-07-06,Pre-GenAI
Stack Overflow,2366,How to load Native dependencies automatically in Maven?,2012-01-31,Pre-GenAI
Stack Overflow,2367,Getting java.lang.UnsatisfiedLinkError at runtime,2016-06-21,Pre-GenAI
Stack Overflow,2368,Load statically compiled library in Java,2016-10-04,Pre-GenAI
Stack Overflow,2369,UnsatisfiedLinkError in companion object Kotlin JNI,2018-06-21,Pre-GenAI
Stack Overflow,2370,UnsatisfiedLinkError: Operation not permitted Issue in Marshmallow,2016-06-30,Pre-GenAI
Stack Overflow,2371,Library file not loading in 2.3 but loading in 4.0,2012-06-12,Pre-GenAI
Stack Overflow,2372,Is it possible to load an external shared object file from the Download directory in Android?,2022-01-07,Pre-GenAI
Stack Overflow,2373,Opencv and AWS Lambda,2016-07-27,Pre-GenAI
Stack Overflow,2374,Find out if a dll is 32 or 64 bit from Java,2012-11-21,Pre-GenAI
Stack Overflow,2375,Why do I get: Exception in thread &quot;main&quot; java.lang.UnsatisfiedLinkError: Unable to load li,2021-11-11,Pre-GenAI
Stack Overflow,2376,What is the best place to put downloaded native library in Android?,2013-11-09,Pre-GenAI
Stack Overflow,2378,Android jni JNI_OnLoad error,2015-04-26,Pre-GenAI
Stack Overflow,2379,import .so into android studio error,2015-11-09,Pre-GenAI
Stack Overflow,2380,Java LoadLibrary Issues on Linux,2011-07-11,Pre-GenAI
Stack Overflow,2381,Android system loadlibary error for cross compiled libxml,2013-04-10,Pre-GenAI
Stack Overflow,2382,How do you add an existing .so library to an Android Studio project?,2015-12-30,Pre-GenAI
Stack Overflow,2383,how to use a SWIG generated C++ class in a java program,2011-01-10,Pre-GenAI
Stack Overflow,2384,JNI : java.lang.UnsatisfiedLinkError error,2012-02-15,Pre-GenAI
Stack Overflow,2385,NDK App Crashing After Uploading on Play Store,2013-04-30,Pre-GenAI
Stack Overflow,2386,Unresolved symbol &quot;pthread_condattr_setclock&quot; in android other than 5.0,2015-05-27,Pre-GenAI
Stack Overflow,2387,Trying to fork jackpal&#39;s Terminal Emulator,2017-07-01,Pre-GenAI
Stack Overflow,2388,OSGI JNA native library pcap not found,2018-02-05,Pre-GenAI
Stack Overflow,2389,NDK UnsatisfiedLinkError when lowering project api level 21 to 19,2016-01-29,Pre-GenAI
Stack Overflow,2390,Call a function written in JNI from java without loading a DLL,2015-04-20,Pre-GenAI
Stack Overflow,2391,[Linux]Load .so file for JNI results in: java.lang.UnsatisfiedLinkError: no libdebug in java.library,2011-04-20,Pre-GenAI
Stack Overflow,2392,How to Call dll shared library in spring mvc without JNI,2016-02-04,Pre-GenAI
Stack Overflow,2393,Using functions from an archive file without use of .cpp,2016-10-11,Pre-GenAI
Stack Overflow,2394,LoadLibrary() fails when added aar library to system service?,2021-12-22,Pre-GenAI
Stack Overflow,2395,How to use a library project with both c and java apis on Android,2012-03-01,Pre-GenAI
Stack Overflow,2396,How to package opencv +java in a jar,2013-08-16,Pre-GenAI
Stack Overflow,2397,Android - native global object destructor never called,2016-05-11,Pre-GenAI
Stack Overflow,2398,Java Native Interface - Using a third party dll file in java,2012-01-31,Pre-GenAI
Stack Overflow,2399,loading library (.so file) in android,2012-02-09,Pre-GenAI
Stack Overflow,2400,Importing Static library in to Android Project,2014-09-16,Pre-GenAI
Stack Overflow,2402,In Android Native app failed to create a client socket. Error code:14 Unable to create socket: Permi,2014-12-31,Pre-GenAI
Stack Overflow,2403,android applicatin can&#39;t find jni library when installed as system application,2012-02-23,Pre-GenAI
Stack Overflow,2404,java.lang.UnsatisfiedLinkError when installing as system app,2022-06-08,Pre-GenAI
Stack Overflow,2405,Android native library isn&#39;t installed,2013-05-03,Pre-GenAI
Stack Overflow,2406,Gstreamer Ndk-build Error,2015-12-12,Pre-GenAI
Stack Overflow,2407,System.Load fails other than Java\Bin,2016-08-11,Pre-GenAI
Stack Overflow,2408,java.lang.UnsatisfiedLinkError when loading topaz dll in OSGI environement,2014-04-14,Pre-GenAI
Stack Overflow,2409,"What is “JNI ERROR (app bug): attempt to use stale local reference 0x1”? How to debug, without JNI l",2016-03-25,Pre-GenAI
Stack Overflow,2410,java.lang.UnsatisfiedLinkError no *****.dll in java.library.path,2009-09-10,Pre-GenAI
Stack Overflow,2411,UnsatisfiedLInkError Linking to FFMPEG with NDK,2011-06-08,Pre-GenAI
Stack Overflow,2412,how to use 3rd party library on android?,2014-02-05,Pre-GenAI
Stack Overflow,2413,UnsatisfiedLinkError : Native library &#39;wcepeer&#39; not found (Mysaifu),2018-06-07,Pre-GenAI
Stack Overflow,2414,Java OSX MessageDigest.getInstance(&quot;MD5&quot;) hangs,2014-04-21,Pre-GenAI
Stack Overflow,2415,java.lang.UnsatisfiedLinkError under tomcat,2010-07-01,Pre-GenAI
Stack Overflow,2416,Trouble running a very simple Hello World JNI test,2011-04-08,Pre-GenAI
Stack Overflow,2417,Opportunity to using native methods systemwide. How to call method or how it should be named?,2013-07-11,Pre-GenAI
Stack Overflow,2418,"Java version 1.6 UnsatisfiedLinkError on load shared library, Java 1.4 works fine?",2012-02-21,Pre-GenAI
Stack Overflow,2419,Why won&#39;t my native library load in my Android App?,2015-08-04,Pre-GenAI
Stack Overflow,2420,Android NDK-build: Couldn&#39;t load pre-built shared library as other module&#39;s dependency,2019-04-18,Pre-GenAI
Stack Overflow,2421,JniExport fails with declaration of string,2019-09-26,Pre-GenAI
Stack Overflow,2422,How to import a class from default package,2010-02-03,Pre-GenAI
Stack Overflow,2423,Does Android apk size affect app performance?,2012-06-25,Pre-GenAI
Stack Overflow,2424,How to call methods on .so library in Android studio,2016-01-09,Pre-GenAI
Stack Overflow,2425,C# calling Java code loading unmanaged dll,2014-06-26,Pre-GenAI
Stack Overflow,2426,How to redirect the load of .so lib in Android using Xposed?,2019-08-24,Pre-GenAI
Stack Overflow,2427,Android: display popup without a context,2013-03-12,Pre-GenAI
Stack Overflow,2428,Unable to load DLL on Heroku (Java),2015-04-19,Pre-GenAI
Stack Overflow,2429,Jinput library not found in java.library.path,2011-04-06,Pre-GenAI
Stack Overflow,2430,Invoking native methods from JAVA when creating the JVM from C++?,2021-05-10,Pre-GenAI
Stack Overflow,2431,Best approach to load multiple native libraries in Android App,2012-11-26,Pre-GenAI
Stack Overflow,2432,OpenCV Android Studio,2016-05-10,Pre-GenAI
Stack Overflow,2433,Android NDK build: cannot locate symbol&quot; _ZNSsD1Ev&quot;,2013-08-13,Pre-GenAI
Stack Overflow,2434,syste.loadlibrary()/system.load() fails to load a library (.so) file,2014-11-18,Pre-GenAI
Stack Overflow,2435,How to check whether .dll is loading again?,2009-07-02,Pre-GenAI
Stack Overflow,2436,how to load a static library(libtest.a) in MainActivity.java in android studio,2015-06-26,Pre-GenAI
Stack Overflow,2437,Why &quot;x86&quot; library is installed on a &quot;armeabi-v7a&quot; emulator instead of &quot;arme,2016-07-20,Pre-GenAI
Stack Overflow,2438,Invoke JNI_OnLoad from Delphi,2018-02-07,Pre-GenAI
Stack Overflow,2439,Can i load a dynamic library using JNI in a android native activity？,2022-09-19,Pre-GenAI
Stack Overflow,2440,java.lang.UnsatisfiedLinkError: dlopen failed: cannot locate symbol &quot;__aeabi_memcpy8&quot; refe,2016-10-11,Pre-GenAI
Stack Overflow,2441,Segmentation fault occurs with GetStringUTFChars JNI method in Android environment,2022-08-23,Pre-GenAI
Stack Overflow,2442,"Java - I&#39;ve got a library(.a/.so) and header(.h), how to use Java call their functions?",2014-09-25,Pre-GenAI
Stack Overflow,2443,JNI integration into AOSP build,2014-04-25,Pre-GenAI
Stack Overflow,2444,Merging/Bundling DLL/LIBs (C++/Java),2011-07-29,Pre-GenAI
Stack Overflow,2445,libxml2 linking issues,2011-07-06,Pre-GenAI
Stack Overflow,2446,Check Java JVM Memory Limit on Windows XP,2012-01-06,Pre-GenAI
Stack Overflow,2448,J++ to Java: how to migrate from RNI to JNI?,2009-09-14,Pre-GenAI
Stack Overflow,2449,Using ndk project/library with drivers,2014-10-27,Pre-GenAI
Stack Overflow,2450,React native and Android 7 support with NDK restrictions,2016-08-09,Pre-GenAI
Stack Overflow,2451,libnonfree.so file automatically getting deleted when I run the app on android studio,2016-05-27,Pre-GenAI
Stack Overflow,2452,Loading native libraries in java,2014-05-17,Pre-GenAI
Stack Overflow,2453,UnsatisfiedLinkError in Android Studio using Gradle,2015-02-28,Pre-GenAI
Stack Overflow,2455,Struggling to make JNI call c++ dll,2016-03-24,Pre-GenAI
Stack Overflow,2456,Java JNIEnv Segmentation Fault,2011-07-27,Pre-GenAI
Stack Overflow,2457,springboot throws java.lang.UnsatisfiedLinkError but standalone java applicaton works fine,2018-10-05,Pre-GenAI
Stack Overflow,2459,Issue with the NDK,2011-04-27,Pre-GenAI
Stack Overflow,2460,Detect available OpenGL ES versions,2010-08-30,Pre-GenAI
Stack Overflow,2461,"Error ExceptionInInitializerError when creating instances of opencv classes - Mat, RectVector and Ca",2019-09-14,Pre-GenAI
Stack Overflow,2462,Jar Dependencies in Visual C++ Development in Visual Studio 2015,2016-04-16,Pre-GenAI
Stack Overflow,2463,Java / C - Compile the native language code into a shared library DLL,2019-02-18,Pre-GenAI
Stack Overflow,2464,How to fix EXCEPTION_ACCESS_VIOLATION when loading c++ dll file?,2019-05-09,Pre-GenAI
Stack Overflow,2465,Linking to prebuilt libraries with NDK using gradle,2014-06-04,Pre-GenAI
Stack Overflow,2466,How to fix java.lang.UnsatisfiedLinkError-Problem with 64-bit / 32-bit Systems?,2019-02-04,Pre-GenAI
Stack Overflow,2467,Android Emulator can not load native library,2013-06-23,Pre-GenAI
Stack Overflow,2468,Calling native method twice of third party library in an Activity causes the Android application to ,2012-05-18,Pre-GenAI
Stack Overflow,2469,Try to set SDL with OpenGL context on Android. Get error message &quot;Failed loading eglChooseConfi,2015-06-15,Pre-GenAI
Stack Overflow,2471,JNI - UnsatisfiedLinkError - loadLibrary always fails,2010-09-01,Pre-GenAI
Stack Overflow,2472,UnsatisfiedLinkError: org.opencv.highgui.Highgui.imread when process the image,2016-06-14,Pre-GenAI
Stack Overflow,2473,*.so library from included *.jar involves UnsatisfiedLinkError,2012-12-07,Pre-GenAI
Stack Overflow,2474,Android Studio: generating .so files using experimental plugin,2016-01-19,Pre-GenAI
Stack Overflow,2475,Android NDK OpenCV - No implementation found for native,2015-04-30,Pre-GenAI
Stack Overflow,2476,How do i get my java program to import the javacv libraries properly in linux (EDIT - now getting un,2015-04-28,Pre-GenAI
Stack Overflow,2477,Unable to dlopen(libsomething.so) Cannot load library: link_image[1995]: failed to link libsomething,2011-01-18,Pre-GenAI
Stack Overflow,2478,No implementation found for native Ltest/webkit/JWebCoreJavaBridge;.nativeConstructor:()V,2013-10-25,Pre-GenAI
Stack Overflow,2479,Android app hangs when manually signing,2012-06-17,Pre-GenAI
Stack Overflow,2481,UnsatisfiedLinkError:Native Library jdk1.8.0_121\jre\bin\glass.dll already loaded in another classlo,2018-01-16,Pre-GenAI
Stack Overflow,2482,Apache spark using native dependencies - driver/executor code flow in standalone mode,2016-05-02,Pre-GenAI
Stack Overflow,2483,Can&#39;t load IA 32-bit .dll on a AMD 64-bit platform,2011-11-13,Pre-GenAI
Stack Overflow,2484,using of delphi dll in java spring project,2012-07-09,Pre-GenAI
Stack Overflow,2485,Java Web Application - LoadLibrary at Application Startup,2011-10-06,Pre-GenAI
Stack Overflow,2486,"Java, Load native library inside classpath",2018-09-19,Pre-GenAI
Stack Overflow,2487,"Android, Share library dependency",2012-02-02,Pre-GenAI
Stack Overflow,2488,How to import the DeepBeliefSDK in Android studio?,2016-08-20,Pre-GenAI
Stack Overflow,2489,EXCEPTION_ACCESS_VIOLATION when accessing LeapMotion API within OSGi,2013-07-25,Pre-GenAI
Stack Overflow,2490,Android Kotlin with Native NDK C Code into WebAssembly with Kotlin Multiplatform,2022-01-03,Pre-GenAI
Stack Overflow,2491,How to add an external library (OpenCV .jar file) to the Java build path from the command line (Unix,2015-02-25,Pre-GenAI
Stack Overflow,2492,Load dependent .so from other shared library via JNI,2019-01-25,Pre-GenAI
Stack Overflow,2493,Android NDK JNI_OnLoad not getting called,2015-11-02,Pre-GenAI
Stack Overflow,2494,"After upgrading to Android Studio 3.5, native library doesn&#39;t get packaged into APK anymore",2019-09-05,Pre-GenAI
Stack Overflow,2496,"Native library, required by Java OpenAL",2015-11-13,Pre-GenAI
Stack Overflow,2497,java.lang.UnsatisfiedLinkError: dalvik.system.PathClassLoader,2014-11-28,Pre-GenAI
Stack Overflow,2498,App installed from google play then new version reinstalled locally causes UnsatisfiedLinkError,2012-11-22,Pre-GenAI
Stack Overflow,2499,Can&#39;t use intel mkl in JNI shared library,2019-06-12,Pre-GenAI
Stack Overflow,2500,Unable to Call Native SWIG Method using DLL on Windows XP,2012-01-04,Pre-GenAI
Stack Overflow,2501,"In Tomcat 8, is there a way to load DLLs so they are available when reloading a WebApp?",2018-07-24,Pre-GenAI
Stack Overflow,2502,How to get a reference to the JVM from a native android executable?,2016-06-20,Pre-GenAI
Stack Overflow,2503,Import JAR that uses .so files into a new android project,2013-01-07,Pre-GenAI
Stack Overflow,2504,java.lang.UnsatisfiedLinkError: dlopen failed: cannot locate symbol “__aeabi_memmove4”,2017-01-08,Pre-GenAI
Stack Overflow,2505,Native application with java class. Can&#39;t call native code from java,2015-01-29,Pre-GenAI
Stack Overflow,2506,Using dependent shared libraries in eclipse plugin without requiring the LD_LIBRARY_PATH to be set w,2015-06-27,Pre-GenAI
Stack Overflow,2507,Android ndk runtime - cannot locate symbol OPENSSL_init_ssl,2022-04-06,Pre-GenAI
Stack Overflow,2508,&quot;Fatal Error&quot; when loading a dll?,2015-01-29,Pre-GenAI
Stack Overflow,2509,Why does ARCore raise fatal error with ARM Graphics Analyser integration?,2019-09-23,Pre-GenAI
Stack Overflow,2510,Unable to set shared library path in eclipse,2013-07-02,Pre-GenAI
Stack Overflow,2511,Build native library and JAR at the same time,2013-10-11,Pre-GenAI
Stack Overflow,2512,Trouble deploying web application with native library,2014-05-08,Pre-GenAI
Stack Overflow,2513,How do I create a cmakelist file which builds libraries that are automatically placed in jniLibs fol,2022-02-17,Pre-GenAI
Stack Overflow,2514,Loading multiple Shared Libraries at run time does not work in Android,2017-10-12,Pre-GenAI
Stack Overflow,2515,How to loop my webcam stream on java OpenCV,2018-05-09,Pre-GenAI
Stack Overflow,2516,Cannot find boost shared library files in Android application,2022-08-18,Pre-GenAI
Stack Overflow,2517,Android ffmpeg binary and other .so files execution error,2020-07-30,Pre-GenAI
Stack Overflow,2518,AndEngine doesn&#39;t work on Motorola Defy,2012-06-02,Pre-GenAI
Stack Overflow,2519,Why do some Android phones cause our app to throw an java.lang.UnsatisfiedLinkError?,2013-08-07,Pre-GenAI
Stack Overflow,2520,calling a C function in customized sort class of hadoop 2.7.4 giving java.lang.UnsatisfiedLinkError,2017-09-01,Pre-GenAI
Stack Overflow,2521,Not able to load dll from jar in java,2012-10-31,Pre-GenAI
Stack Overflow,2523,JVM crashes when loading a native library,2016-08-11,Pre-GenAI
Stack Overflow,2524,How to unload library (DLL) from the JVM,2009-01-17,Pre-GenAI
Stack Overflow,2525,JNI DETECTED ERROR IN APPLICATION: JNI NewGlobalRef called with pending exception java.lang.NoSuchFi,2017-05-15,Pre-GenAI
Stack Overflow,2526,"easiest way to debug crash in native library, linked by Android app?",2011-07-28,Pre-GenAI
Stack Overflow,2528,Where to place a shared library .so for JNI native calls when deploying on Glassfish Java EE applica,2012-01-20,Pre-GenAI
Stack Overflow,2529,Java JNI GDAL native library error with ClassLoader when redeploying as web application,2017-08-02,Pre-GenAI
Stack Overflow,2530,OpenCV library in Tomcat(8.5.32) Server unable to execute,2021-01-07,Pre-GenAI
Stack Overflow,2531,JNI &quot;The specified procedure could not be found&quot; when dependent library is linked,2015-11-11,Pre-GenAI
Stack Overflow,2532,How to call Z3_get_version() from Microsoft.Z3.dll from Java,2011-11-01,Pre-GenAI
Stack Overflow,2534,How to add multi shared libraries in android ndk?,2011-08-29,Pre-GenAI
Stack Overflow,2535,How to load different jni libs according to CPU abilities in android?,2013-03-26,Pre-GenAI
Stack Overflow,2536,Using JNI to load another JNI library?,2011-08-07,Pre-GenAI
Stack Overflow,2537,Can&#39;t get OpenCV to work with Java+Maven+IntelliJ,2014-05-08,Pre-GenAI
Stack Overflow,2538,Including *.so files with gradle and Android Studio 1.2.2,2015-07-21,Pre-GenAI
Stack Overflow,2539,Android Studio OpenCV Library not working,2016-04-03,Pre-GenAI
Stack Overflow,2540,The java system library do not load opencv library,2015-07-17,Pre-GenAI
Stack Overflow,2541,Why does OpenCV throw an UnsatisfiedLinkError when using Mat?,2017-02-12,Pre-GenAI
Stack Overflow,2542,How to load android system native library,2018-09-17,Pre-GenAI
Stack Overflow,2543,Want to implement nanomsg in android using its java binding jnanomsg getting java.lang.ExceptionInIn,2016-03-26,Pre-GenAI
Stack Overflow,2544,Android UnsatisfiedLinkError: Issue loading a shared library,2011-11-10,Pre-GenAI
Stack Overflow,2545,Multicore Java Program with Native Code,2012-08-20,Pre-GenAI
Stack Overflow,2547,Bluetooth server application using java WTK 2.5.2 crashes on launch,2011-03-02,Pre-GenAI
Stack Overflow,2548,Android native linker wants file named libjpeg.so.62 specifically,2014-08-20,Pre-GenAI
Stack Overflow,2549,How to specify path from where library loader can look for those libraries?,2015-11-20,Pre-GenAI
Stack Overflow,2550,Calling Go Function from java using JNI: Library Not loaded,2020-04-11,Pre-GenAI
Stack Overflow,2551,How to package prebuilt shared library inside an APK,2012-01-12,Pre-GenAI
Stack Overflow,2553,Shared JNI library (.so) in Tomcat - UnsatisfiedLinkError,2016-10-14,Pre-GenAI
Stack Overflow,2554,Bash script to create symbolic links to shared libraries,2009-01-20,Pre-GenAI
Stack Overflow,2555,How can I load a java api of a C++ library in tomcat 7 (linux)?,2013-11-12,Pre-GenAI
Stack Overflow,2556,Why the manually added .so file in libs is automatically deleted by running the Android project?,2014-02-22,Pre-GenAI
Stack Overflow,2557,UnsatisfiedLinkError (Can&#39;t find dependent libraries) in a Java due to recursive dependency,2013-07-03,Pre-GenAI
Stack Overflow,2558,Android app linking with updated aosp libraries,2015-01-11,Pre-GenAI
Stack Overflow,2559,Current AndroidStudio sample fails on phone due to runtime native library link error. Why?,2017-01-28,Pre-GenAI
Stack Overflow,2560,NDK compiling multiple libraries,2013-01-25,Pre-GenAI
Stack Overflow,2561,"Android NDK: Two prebuilt shared libraries, but one of them depends on the other",2015-11-25,Pre-GenAI
Stack Overflow,2562,Can&#39;t run android app with library project and JNI together,2015-09-22,Pre-GenAI
Stack Overflow,2563,Java LoadLibrary unresolved dependency but dependent dll is in same directory,2017-10-31,Pre-GenAI
Stack Overflow,2564,Exception Ljava/lang/UnsatisfiedLinkError,2015-02-08,Pre-GenAI
Stack Overflow,2565,gstreamer-java + gstreamer_ndk_bundle + JNA on Android device unable to play sound file?,2012-06-29,Pre-GenAI
Stack Overflow,2567,importing custom SO file to AOSP,2013-06-27,Pre-GenAI
Stack Overflow,2568,Discovering path of running Jar in SuSE Enterprise Server 10,2012-06-07,Pre-GenAI
Stack Overflow,2569,Loading Flutter SO files Dynamically Crashes,2022-01-10,Pre-GenAI
Stack Overflow,2570,FFMPEG in Android NDK - could not load library &quot;libavfilter.so&quot;,2015-01-16,Pre-GenAI
Stack Overflow,2571,static library load of OpenCV causing app crash,2018-10-04,Pre-GenAI
Stack Overflow,2572,"Android NDK, could not find dependent library",2013-10-07,Pre-GenAI
Stack Overflow,2574,Android jni and opencv runtime couldn&#39;t load libs,2014-02-22,Pre-GenAI
Stack Overflow,2575,"How to load different native libraries(dll, so) based on the system the application is running",2014-06-11,Pre-GenAI
Stack Overflow,2576,Android. Writing libraries to lib folder at runtime,2012-09-10,Pre-GenAI
Stack Overflow,2577,Android - UnsatisfiedLinkError: unknown failure loading libQt5Core.so,2014-01-28,Pre-GenAI
Stack Overflow,2578,how to find the native c++ function who called a java method in a android app and in which library?,2020-12-30,Pre-GenAI
Stack Overflow,2579,Native libraries .so.XY failing to link at runtime,2013-01-25,Pre-GenAI
Stack Overflow,2580,Eclipse Java OpenCV unsatisfiedLinkError in Test src folder only,2016-02-29,Pre-GenAI
Stack Overflow,2581,Compile OpenBR to ArmV7 - Android toolchain issue,2014-11-26,Pre-GenAI
Stack Overflow,2582,how to use a .so and .jar in a java android projet?,2012-02-17,Pre-GenAI
Stack Overflow,2583,Android: UnsatisfiedLinkError due to folder structure in &quot;lib&quot;?,2014-11-11,Pre-GenAI
Stack Overflow,2584,Android native runtime fails to load symbols even though they are actually found in the loaded .so f,2017-10-24,Pre-GenAI
Stack Overflow,2585,How do I import shared object libraries at runtime in Android?,2012-04-25,Pre-GenAI
Stack Overflow,2586,JNI_OnLoad returned bad version (-1),2014-08-12,Pre-GenAI
Stack Overflow,2587,Eclipse RCP: Check for Native Library,2013-02-14,Pre-GenAI
Stack Overflow,2588,How shared library dependencies are resolved?,2013-10-12,Pre-GenAI
Stack Overflow,2589,Loading 3rd party shared libraries from an Android native activity,2012-01-12,Pre-GenAI
Stack Overflow,2590,java.lang.UnsatisfiedLinkError-No implementation found for native method,2019-01-04,Pre-GenAI
Stack Overflow,2591,Java Spring boot application with OpenCv : UnsatisfiedLinkError under Eclipse if use spring-boot-dev,2017-04-18,Pre-GenAI
Stack Overflow,2592,"Cocos2dx (version : cocos2d-2.1rc0-x-2.1.2) No libcocos2d.so, libbox2d.so, libcocosdenshion made",2013-04-04,Pre-GenAI
Stack Overflow,2593,FFmpeg linker error: Error due to text relocations in libavcodec shared object,2014-12-03,Pre-GenAI
Stack Overflow,2594,Changing OpenSSL library in Android app for HttpClient,2015-02-05,Pre-GenAI
Stack Overflow,2595,Java Not Loading .dll File From Classpath,2015-01-27,Pre-GenAI
Stack Overflow,2596,convert .mp3 from wav using Lame library in android,2013-12-13,Pre-GenAI
Stack Overflow,2597,"Loading JNI .DLL, GCC compiled works, G++ compiled fails",2013-12-10,Pre-GenAI
Stack Overflow,2598,Jni and shared libraries,2016-11-09,Pre-GenAI
Stack Overflow,2599,How can I bundle a .so file in a jar?,2016-06-16,Pre-GenAI
Stack Overflow,2600,Correct path of jar to load applet with native methods from dll,2013-01-18,Pre-GenAI
Stack Overflow,2601,The specified procedure could not be found: for jcuda 9.2,2018-08-09,Pre-GenAI
Stack Overflow,2602,Compile OpenSSL to different name due to Android Zygote,2016-10-03,Pre-GenAI
Stack Overflow,2603,Checking a loadable JNI Library,2011-02-17,Pre-GenAI
Stack Overflow,2604,Load Teamspeak dynamic linked library with JNI in Java,2015-08-18,Pre-GenAI
Stack Overflow,2605,"Java LoadLibrary UnsatisfiedLinkError, though Java can see the file and runs on another computer",2009-08-30,Pre-GenAI
Stack Overflow,2606,JNI - Package both 64-bit and 32-bit DLLs for Windows,2013-12-10,Pre-GenAI
Stack Overflow,2607,libgdx liquidfun integration runtime error,2015-10-09,Pre-GenAI
Stack Overflow,2608,Java trying to load native libraries more than once on linux,2016-04-27,Pre-GenAI
Stack Overflow,2609,"Window bat script start java program loading dll failed, but successfully started using IntelliJ ide",2019-11-13,Pre-GenAI
Stack Overflow,2610,Android 6 Marshmallow crash while calling native library,2015-11-11,Pre-GenAI
Stack Overflow,2611,Adding new paths for native libraries at runtime in Java,2013-03-14,Pre-GenAI
Stack Overflow,2613,Android Recompile Media library using NDK,2013-11-29,Pre-GenAI
Stack Overflow,2614,How to add an .so file to an Android Studio 1.5 project?,2016-02-01,Pre-GenAI
Stack Overflow,2615,Loading a JNI library in scala,2018-07-20,Pre-GenAI
Stack Overflow,2616,Android M API 23 error to load lib .so files,2016-04-15,Pre-GenAI
Stack Overflow,2617,Facebook Conceal .so files not uploading in Android Project,2014-04-21,Pre-GenAI
Stack Overflow,2618,Android JNI exception handling,2015-11-18,Pre-GenAI
Stack Overflow,2619,How Android webview uses webkit?,2012-09-21,Pre-GenAI
Stack Overflow,2620,opencv_ffmpeg2413_64.dll Linux build for OpenCV,2017-04-19,Pre-GenAI
Stack Overflow,2621,Setting up NDK Development in Android Studio 1.5,2015-11-27,Pre-GenAI
Stack Overflow,2622,Running webapps in separate processes,2011-06-13,Pre-GenAI
Stack Overflow,2623,How do I solve a java.lang.UnsatisfiedLinkError:no opencv_java455 in java.library.path: error?,2022-02-16,Pre-GenAI
Stack Overflow,2624,java security error when loading dll from a Javascript call but not when directly called from applet,2011-10-11,Pre-GenAI
Stack Overflow,2625,cannot access memory at address 0X1 after setting up gdb and eclipse to debug shared library from An,2013-01-19,Pre-GenAI
Stack Overflow,2626,Catching Java errors,2012-06-13,Pre-GenAI
Stack Overflow,2627,how to load .so file that are not in System/lib folder in android?,2011-02-09,Pre-GenAI
Stack Overflow,2628,Couldn&#39;t find &quot;liballjoyn_java.so&quot;,2016-04-17,Pre-GenAI
Stack Overflow,2629,How to use grep in an if statement?,2016-01-21,Pre-GenAI
Stack Overflow,2630,Using Android APK Expansion Downloader with NativeActivity,2013-10-11,Pre-GenAI
Stack Overflow,2631,Android JNI - Call AttachCurrentThread without DetachCurrentThread,2014-10-23,Pre-GenAI
Stack Overflow,2632,SIGSEGV on AttachCurrentThread in new thread,2013-12-23,Pre-GenAI
Stack Overflow,2633,JNI: AttachCurrentThread returns -1,2016-04-07,Pre-GenAI
Stack Overflow,2634,JVM crashing on attachCurrentThread JNI callback invocation,2014-10-31,Pre-GenAI
Stack Overflow,2636,JNI AttachCurrentThread NULLs the jenv,2010-04-16,Pre-GenAI
Stack Overflow,2637,AttachCurrentThread crashing,2014-02-06,Pre-GenAI
Stack Overflow,2638,Is calling AttachCurrentThread on JNI costly?,2019-11-12,Pre-GenAI
Stack Overflow,2640,Segmentation Fault in JNI AttachCurrentThread,2015-05-09,Pre-GenAI
Stack Overflow,2641,Android JNI AttachCurrentThread leaks JAVA thread,2014-03-11,Pre-GenAI
Stack Overflow,2642,native crash under ART when calling attachCurrentThread,2014-11-21,Pre-GenAI
Stack Overflow,2644,How to avoid attachCurrentThread exception when using pylucene in flask?,2017-05-17,Pre-GenAI
Stack Overflow,2645,Android NativeActivity: AttachCurrentThread JNIInvokeInterface is not a structure or union,2017-09-05,Pre-GenAI
Stack Overflow,2646,"In JNI, is there a cleanup function for the JNIEnv pointer returned from AttachCurrentThread()?",2012-04-28,Pre-GenAI
Stack Overflow,2647,&quot;JNI ERROR (app bug): weak global reference table overflow&quot; why?,2016-10-13,Pre-GenAI
Stack Overflow,2648,Can I use std::unique_lock to AttachCurrentThread and DetachCurrentThread from JNI?,2020-09-22,Pre-GenAI
Stack Overflow,2649,Android NDK thread aborts program,2011-04-23,Pre-GenAI
Stack Overflow,2650,AttachCurrentThread crash in multi threads JNI after moving to Android L release,2015-02-20,Pre-GenAI
Stack Overflow,2651,Where is the best place to do initVM and attachCurrentThread when using pylucene in Django,2011-06-30,Pre-GenAI
Stack Overflow,2652,How to call Java API from NDK C++ thread?,2011-12-16,Pre-GenAI
Stack Overflow,2653,JNI: Calling GetStaticMethodID blows up,2013-01-25,Pre-GenAI
Stack Overflow,2654,Trouble calling on a Java method from a native thread using JNI (C++),2011-09-12,Pre-GenAI
Stack Overflow,2655,JNI Unable to call CallVoidMethod,2020-08-28,Pre-GenAI
Stack Overflow,2656,Execution of static methods from native c code,2015-04-14,Pre-GenAI
Stack Overflow,2657,Getting ART error while attaching native thread to VM,2016-01-13,Pre-GenAI
Stack Overflow,2658,pplx task from native call in JNI,2017-01-20,Pre-GenAI
Stack Overflow,2659,Change Variable Value in JVM with GDB,2016-08-13,Pre-GenAI
Stack Overflow,2660,C++ Multithread Java JNI method Call,2017-04-28,Pre-GenAI
Stack Overflow,2661,Get native JavaVM and JNIEnv handles in Xamarin c# project,2017-08-20,Pre-GenAI
Stack Overflow,2662,Why does boost::thread_specific_ptr freezes android ndk after a few seconds,2013-07-30,Pre-GenAI
Stack Overflow,2663,JNI parameters are local or global references,2012-04-23,Pre-GenAI
Stack Overflow,2664,What are the consequences if we try to attach a Native Thread permanently to the DVM (JVM)?,2011-12-20,Pre-GenAI
Stack Overflow,2665,JNI Callback to Java on non UI thread,2012-12-13,Pre-GenAI
Stack Overflow,2666,How do I handle calls to AudioTrack from jni without crashing?,2010-04-01,Pre-GenAI
Stack Overflow,2667,Can&#39;t execute JavaVM-&gt;DetachCurrentThread(): &quot;attempting to detach while still running c,2015-01-13,Pre-GenAI
Stack Overflow,2668,NDK crash at android 5.x+ by callstaticMethod,2015-12-25,Pre-GenAI
Stack Overflow,2669,Do I Have to JNI Detach an Attached Thread?,2009-12-22,Pre-GenAI
Stack Overflow,2670,JNI cleanup and daemon threads in Android NDK,2012-03-10,Pre-GenAI
Stack Overflow,2671,Multithreaded JNI-Calls,2014-10-21,Pre-GenAI
Stack Overflow,2672,calling java method from c++ using JNI,2012-03-12,Pre-GenAI
Stack Overflow,2673,Can&#39;t call any JNI functionality from android_main in NDK project,2018-07-12,Pre-GenAI
Stack Overflow,2674,best strategy for attaching arbitrary threads to Android JVM,2012-01-25,Pre-GenAI
Stack Overflow,2675,Cannot renew jobject in JNI,2012-08-28,Pre-GenAI
Stack Overflow,2676,Crash after call DetachCurrentThread,2013-07-15,Pre-GenAI
Stack Overflow,2677,Android JNI: GetObjectClass crashes with SIGSEGV (not a valid JNI reference),2011-10-23,Pre-GenAI
Stack Overflow,2678,Cannot find constructor in java class via jni,2013-01-02,Pre-GenAI
Stack Overflow,2679,C code needs to call Java code buffer but no way to get its JNIEnv,2015-12-18,Pre-GenAI
Stack Overflow,2680,Invalid reference during callback,2010-07-29,Pre-GenAI
Stack Overflow,2681,Context switched native thread can&#39;t attach to JVM,2013-09-30,Pre-GenAI
Stack Overflow,2682,Attach native application via JNI to already running JVM on Linux,2016-07-26,Pre-GenAI
Stack Overflow,2683,"Building PHP Extension using JVM, need implementation ideas",2011-03-14,Pre-GenAI
Stack Overflow,2684,StackOverflowError: stack size 16KB,2016-07-27,Pre-GenAI
Stack Overflow,2685,JNI_CreateJavaVM() fails every other time I run my application (exactly),2012-05-04,Pre-GenAI
Stack Overflow,2686,Are local references cleared by `DetachCurrentThread`?,2017-12-15,Pre-GenAI
Stack Overflow,2687,How to set classpath of a running JVM in C++(JNI)?,2017-07-21,Pre-GenAI
Stack Overflow,2688,jni: calling a java method in its appartment thread,2015-08-29,Pre-GenAI
Stack Overflow,2689,JNI : Unable to find java class from native method in a callback,2013-07-06,Pre-GenAI
Stack Overflow,2690,JNI Env in different threads and exceptions,2013-10-02,Pre-GenAI
Stack Overflow,2691,Null Pointer Exception in alert Dialog Builder call from JNI,2016-08-16,Pre-GenAI
Stack Overflow,2692,application C++/Java dependency,2014-10-14,Pre-GenAI
Stack Overflow,2693,How to check for memory leaks in JNI,2012-02-01,Pre-GenAI
Stack Overflow,2694,Crash with malloc and free in android native code,2011-11-28,Pre-GenAI
Stack Overflow,2695,call java functions in pthread with NDK,2012-10-09,Pre-GenAI
Stack Overflow,2696,Calling a Kotlin function asynchronously from C++ with JNI,2021-06-01,Pre-GenAI
Stack Overflow,2697,JNI Attach/Detach thread memory management,2012-03-10,Pre-GenAI
Stack Overflow,2699,JNI AttachThead/DetachThread performance?,2013-12-08,Pre-GenAI
Stack Overflow,2700,JNI: native method that spawns threads that need to interact with Java,2018-11-13,Pre-GenAI
Stack Overflow,2701,Can&#39;t make call from C++ To Java using JNI,2012-10-01,Pre-GenAI
Stack Overflow,2702,JNI: Calling a java method from C periodically is not working,2016-12-10,Pre-GenAI
Stack Overflow,2703,Implement JNI listener,2010-03-08,Pre-GenAI
Stack Overflow,2704,PHP script execution and multithreaded environment (PHP5 Extension),2011-03-26,Pre-GenAI
Stack Overflow,2705,Android JNI: &quot;Attempt to use stale local reference&quot; error when trying to call a java metho,2014-09-09,Pre-GenAI
Stack Overflow,2706,JNI - multi threads,2012-04-25,Pre-GenAI
Stack Overflow,2707,"android ndk call java method have sigsegv error, Invalid argment size 4096",2018-04-24,Pre-GenAI
Stack Overflow,2708,Getting error &quot;attempting to detach while still running code&quot; when calling JavaVm-&gt;Deta,2017-04-06,Pre-GenAI
Stack Overflow,2709,Leaks in JVM from Valgrind,2012-06-20,Pre-GenAI
Stack Overflow,2710,Sharing a JavaVM* across threads in Android NDK,2012-04-20,Pre-GenAI
Stack Overflow,2711,Android NDK Callbacks to Java Activity,2014-06-18,Pre-GenAI
Stack Overflow,2712,Is there a way to force Java VM to execute immediately an exception sent from JNI?,2019-11-01,Pre-GenAI
Stack Overflow,2713,Fatal signal 11 (SIGSEGV),2013-01-10,Pre-GenAI
Stack Overflow,2715,How do I prevent a ClassNotFoundException when calling Java interop from Clojure in a JNI-created th,2021-09-22,Pre-GenAI
Stack Overflow,2716,JVM Total Memory Usually 64 MB But Sometimes Only 2 MB,2019-11-29,Pre-GenAI
Stack Overflow,2717,c++ Schwarz counter with thread_local,2017-11-09,Pre-GenAI
Stack Overflow,2718,Why does my Android app crash when my threads exit?,2016-02-25,Pre-GenAI
Stack Overflow,2719,Android JNI ReleaseByteArrayElements does not work,2015-10-08,Pre-GenAI
Stack Overflow,2720,Java thread leaks when calling back from native thread via JNI,2013-12-02,Pre-GenAI
Stack Overflow,2721,Why calling DetachCurrentThread() causes excessive garbage collection?,2013-03-28,Pre-GenAI
Stack Overflow,2722,Android NDK problem pthread_mutex_unlock issue,2011-09-21,Pre-GenAI
Stack Overflow,2723,JNI and pthread,2012-04-24,Pre-GenAI
Stack Overflow,2724,Undefined reference to AAssetManager_fromJava,2012-09-23,Pre-GenAI
Stack Overflow,2725,Program crashes when I call CallVoidMethodA,2015-04-29,Pre-GenAI
Stack Overflow,2726,What&#39;s the possible reason why NPE is throwed when call CallVoidMethod with JNI in my situation,2015-12-15,Pre-GenAI
Stack Overflow,2727,NDK app onDestroy cleanup - how to DetachCurrentThread,2012-10-22,Pre-GenAI
Stack Overflow,2728,How to Release jstring that is sent from Native Code back to Java?,2011-01-09,Pre-GenAI
Stack Overflow,2729,Are Android&#39;s class loaders different from Oracle&#39;s?,2019-02-19,Pre-GenAI
Stack Overflow,2730,C++ calling Java object method: Access Violation,2011-03-14,Pre-GenAI
Stack Overflow,2731,Calling getUnicodeChar method from C++ in Android,2013-07-29,Pre-GenAI
Stack Overflow,2732,FindClass and GetMethodID failes on android jni,2011-12-05,Pre-GenAI
Stack Overflow,2733,errors when trying to initialize vm_args,2012-06-06,Pre-GenAI
Stack Overflow,2734,Problem in calling class from tomcat in JNI,2010-11-25,Pre-GenAI
Stack Overflow,2735,app_glue android NDK : GetMethodID Fails with TextView.setText call,2013-03-27,Pre-GenAI
Stack Overflow,2736,JNI - crash on NewObjectArray,2018-03-23,Pre-GenAI
Stack Overflow,2737,Xamarin Android app is crashing when installed from the store,2015-05-19,Pre-GenAI
Stack Overflow,2738,KitKat ART-build warning,2014-01-13,Pre-GenAI
Stack Overflow,2739,JNI - Calling Java Method from C++,2013-02-12,Pre-GenAI
Stack Overflow,2740,SIGSEGV using ARCore with native android application,2018-01-09,Pre-GenAI
Stack Overflow,2741,Accessed stale local reference passing short[] from JNI to Java,2015-04-30,Pre-GenAI
Stack Overflow,2742,Android JNI GetMethodID fails to find a method in release build,2021-07-16,Pre-GenAI
Stack Overflow,2743,Access jar file in pure Android Native project,2014-09-12,Pre-GenAI
Stack Overflow,2744,Call Java method from JNI,2014-02-20,Pre-GenAI
Stack Overflow,2745,Multithreaded JNI causing segfaults under load,2012-05-01,Pre-GenAI
Stack Overflow,2746,JNI - correctly attach/detach threads,2018-03-04,Pre-GenAI
Stack Overflow,2747,Call from Java to c++ and then from the same c++ method make a call to java method,2012-10-12,Pre-GenAI
Stack Overflow,2748,How to make a proper call from Android to a non-static function in Java? (Cocos2Dx in the mix),2012-03-05,Pre-GenAI
Stack Overflow,2749,Show Toast in Android by sending string from c++ JNI in qt,2014-03-07,Pre-GenAI
Stack Overflow,2750,Android - JNI crash in call to CallVoidMethodV,2021-06-15,Pre-GenAI
Stack Overflow,2751,Unable to get a jstring from R.string.* via JNI in a native C application,2022-06-01,Pre-GenAI
Stack Overflow,2752,JNI getmethodID returns NULL only in ICS but not in Gingerbread,2012-03-21,Pre-GenAI
Stack Overflow,2753,how to get jobject in invokeshutdown method,2012-07-08,Pre-GenAI
Stack Overflow,2754,Where is my JNIEnv pointer going?,2015-06-04,Pre-GenAI
Stack Overflow,2756,How to call non-static java method from c++?,2014-07-18,Pre-GenAI
Stack Overflow,2757,How I can access the elements returned for by KeyCharacterMap.getEvents function from Delphi?,2016-06-19,Pre-GenAI
Stack Overflow,2758,Android: CallStaticVoidMethod gets called only once,2013-12-13,Pre-GenAI
Stack Overflow,2759,JNI: Invoking CallVoidMethod from thread crashes,2013-09-19,Pre-GenAI
Stack Overflow,2760,NoSuchMethodError on android View method in JNI GetMethodID,2020-07-24,Pre-GenAI
Stack Overflow,2761,Android Native Activity - Call Java method,2018-05-28,Pre-GenAI
Stack Overflow,2762,Not able to attach through oracle forms GUI object using dll injection and JNI,2016-01-07,Pre-GenAI
Stack Overflow,2763,How do I load my own Java class in C on Android?,2011-07-27,Pre-GenAI
Stack Overflow,2764,NullPointerException when Calling getFilesDir() in a JNI Call,2014-07-07,Pre-GenAI
Stack Overflow,2765,Right way to work with JNI in multithreading application,2012-06-12,Pre-GenAI
Stack Overflow,2766,Calling into a saved java object via JNI from a different thread,2012-12-20,Pre-GenAI
Stack Overflow,2767,JNI 8 C++ : Thread attach and detach And async callback,2020-08-21,Pre-GenAI
Stack Overflow,2768,SIGSEGV when calling Java method from native pthread,2015-06-20,Pre-GenAI
Stack Overflow,2769,JNI FindClass not finding class?,2017-08-07,Pre-GenAI
Stack Overflow,2770,How To Call JAVA Methods from inside of a Thread in JNI,2019-11-15,Pre-GenAI
Stack Overflow,2771,Android JNI call Java method from native thread,2017-02-24,Pre-GenAI
Stack Overflow,2773,"jni callback works for java types, but not c types",2011-06-20,Pre-GenAI
Stack Overflow,2774,Calling JAVA class member from Native C/C++ code,2011-09-01,Pre-GenAI
Stack Overflow,2775,"Injecting JNI Dll into running JVM, why is the program crashing?",2017-08-06,Pre-GenAI
Stack Overflow,2776,How to keep calling java instance jobject for new threads created by C++ in JNI,2015-06-30,Pre-GenAI
Stack Overflow,2777,Fast way to pass data from C to Java via JNI,2015-09-03,Pre-GenAI
Stack Overflow,2778,Using NDK from C++ updating Android UI,2014-01-09,Pre-GenAI
Stack Overflow,2779,How to trigger function from main thread when the app is on resume state using cocos2dx,2014-03-25,Pre-GenAI
Stack Overflow,2781,How to call a Java function on an object from C++ from a separate thread,2021-08-27,Pre-GenAI
Stack Overflow,2782,jni crash dvmAttachCurrentThread strlen,2017-03-16,Pre-GenAI
Stack Overflow,2783,Properly using JNI DetachCurrentThread in performance paths,2017-04-07,Pre-GenAI
Stack Overflow,2784,OpenGL ES application and running native Java code,2018-11-18,Pre-GenAI
Stack Overflow,2785,Pass an object (DisplayMetrics) from C to Java through JNI (Android NDK),2013-01-19,Pre-GenAI
Stack Overflow,2786,JVMTI Invoke toString(); on an Java object from C++ code,2022-05-31,Pre-GenAI
Stack Overflow,2788,Trying to inject a dll into an already running JVM?,2014-04-13,Pre-GenAI
Stack Overflow,2789,PJSIP Android Build NDK,2015-08-18,Pre-GenAI
Stack Overflow,2790,Clearing all loaded classes from the JVM,2015-02-23,Pre-GenAI
Stack Overflow,2791,Calling static Java method from Android native c++ code,2017-06-30,Pre-GenAI
Stack Overflow,2792,Crashes in art::JNI::NewStringUTF(),2019-07-23,Pre-GenAI
Stack Overflow,2793,.. CLOSED .. JNI error &#39;java_class == null&#39; Android Studio,2018-11-10,Pre-GenAI
Stack Overflow,2794,Set/Get Java List&lt;&gt; from C code,2011-11-17,Pre-GenAI
Stack Overflow,2795,(*vm)-&gt;GetEnv segfaults only on HTC devices,2011-11-10,Pre-GenAI
Stack Overflow,2796,Qt for Android - undefined reference to ANativeWindow_fromSurface,2017-04-26,Pre-GenAI
Stack Overflow,2797,Runtime error on JNI callback,2013-09-05,Pre-GenAI
Stack Overflow,2798,JNI NewByteArray memory leak,2011-12-20,Pre-GenAI
Stack Overflow,2799,Android - JNI NewObject() does not save values when passing it to Java,2011-10-12,Pre-GenAI
Stack Overflow,2800,Unable to find custom java class from jar into a Android Native-Activity app,2022-05-10,Pre-GenAI
Stack Overflow,2801,JNI Callback to Java using Interface,2017-03-27,Pre-GenAI
Stack Overflow,2802,SIGSEGV errors using shared objects between c++ and Java,2013-03-15,Pre-GenAI
Stack Overflow,2803,jvm crashes as soon as I press escape,2012-06-06,Pre-GenAI
Stack Overflow,2804,Invalid JNI reference (calling Java method from c++),2013-01-02,Pre-GenAI
Stack Overflow,2806,calling java method based on jobject fails (invalid reference?),2013-05-25,Pre-GenAI
Stack Overflow,2807,Android NativeActivity and ARCore C lib: function &quot;ArSession_create()&quot; fails when called i,2018-04-13,Pre-GenAI
Stack Overflow,2808,How to create a CBTHook in jni and then call a java function in the callback function?,2013-02-22,Pre-GenAI
Stack Overflow,2809,callback from pthread through JNI failing,2013-11-08,Pre-GenAI
Stack Overflow,2810,JNI FindClass returns NULL - very strange,2015-11-11,Pre-GenAI
Stack Overflow,2811,Updates from C thread leads to Choreographer skipping frames,2013-06-10,Pre-GenAI
Stack Overflow,2812,Crash error: JNI ERROR: local reference table overflow (max=512),2020-01-10,Pre-GenAI
Stack Overflow,2813,JNI GetMethodId return null,2012-11-19,Pre-GenAI
Stack Overflow,2814,Injecting DLL with JNI crashing existing JVM,2020-04-09,Pre-GenAI
Stack Overflow,2815,jni getMethodID returns Null when used to get ID of constructor,2014-10-30,Pre-GenAI
Stack Overflow,2816,Android NDK: Java JVM openjdkjvmti::MethodUtil::GetMethodName Crash,2018-09-06,Pre-GenAI
Stack Overflow,2817,Android: calling Java class from C++ Native Activity,2012-04-17,Pre-GenAI
Stack Overflow,2818,"JNI, Mulithreading and calling methods",2012-02-03,Pre-GenAI
Stack Overflow,2819,Getting a valid JNI environment pointer,2013-05-30,Pre-GenAI
Stack Overflow,2820,JNI - problem with threads and jobject,2011-03-28,Pre-GenAI
Stack Overflow,2821,Unable to make JNI call from c++ to java in android lollipop using jni,2014-12-01,Pre-GenAI
Stack Overflow,2822,Returning a byte[] from JNI to Java,2011-05-16,Pre-GenAI
Stack Overflow,2823,JNI - Async task crashing,2015-02-24,Pre-GenAI
Stack Overflow,2824,JNI crashing after repeatedly calling a method,2011-11-22,Pre-GenAI
Stack Overflow,2825,Error while calling non static java method from c++,2015-04-08,Pre-GenAI
Stack Overflow,2826,Android/ART: What is native thread without managed peer exception?,2018-07-18,Pre-GenAI
Stack Overflow,2827,crash jvm when call native code with jni?,2018-08-29,Pre-GenAI
Stack Overflow,2828,Sending an Intent from C++ via JNI,2014-08-06,Pre-GenAI
Stack Overflow,2829,Call static Java method from separate thread using JNI,2017-09-20,Pre-GenAI
Stack Overflow,2830,Calling Java From C,2011-06-20,Pre-GenAI
Stack Overflow,2831,Exception Signal 11 using JNI CallBooleanMethod,2013-03-26,Pre-GenAI
Stack Overflow,2832,C++ - Injecting code into running process (using DLL),2017-04-22,Pre-GenAI
Stack Overflow,2833,Memory leak somewhere between Java and C,2020-11-09,Pre-GenAI
Stack Overflow,2834,Android jni NoSuchMethodError exception,2019-07-12,Pre-GenAI
Stack Overflow,2836,Calling java code from C++: exception java.lang.NoSuchMethodError,2015-03-10,Pre-GenAI
Stack Overflow,2837,Native code exiting without error - probably memory,2012-11-15,Pre-GenAI
Stack Overflow,2838,JNI memory management,2012-06-11,Pre-GenAI
Stack Overflow,2839,jni-wrapper crashes JVM on Windows,2017-08-31,Pre-GenAI
Stack Overflow,2840,Issue calling back into Java from C++ called during a GLSurcfaceView callback,2012-11-30,Pre-GenAI
Stack Overflow,2841,JNI callback to Java from c++ class crashing,2017-10-08,Pre-GenAI
Stack Overflow,2842,How to call non-static Java methods from C++ code (android)?,2014-07-21,Pre-GenAI
Stack Overflow,2843,java.lang UNsatisfiedLinkError thrown when calling BluetoothAdapter.getDefaultAdapter() in JNI,2015-07-08,Pre-GenAI
Stack Overflow,2844,Running c++ application using JNI functions in debug build causes segmentation fault,2015-04-28,Pre-GenAI
Stack Overflow,2845,Android jni : cpp jni can&#39;t find inner class of a java class. Want to return a java class to cal,2015-12-01,Pre-GenAI
Stack Overflow,2846,Failed to get the environment using GetEnv(),2013-02-25,Pre-GenAI
Stack Overflow,2847,JNI Linux segmentation fault,2019-04-19,Pre-GenAI
Stack Overflow,2848,env-&gt;FindClass does not work in another thread,2021-07-10,Pre-GenAI
Stack Overflow,2849,"java.lang.ClassNotFoundException: on path: DexPathList[[directory &quot;.&quot;],nativeLibraryDirect",2021-07-26,Pre-GenAI
Stack Overflow,2850,Activity messed after playing YUV video use opengles on Android,2015-04-29,Pre-GenAI
Stack Overflow,2851,JIN c++ with springboot (Tomcat ENV-&gt;FindClass return null),2020-02-02,Pre-GenAI
Stack Overflow,2853,Android NativeActivity OpenGL-ES native app: How to get a less than full screen surface,2011-11-04,Pre-GenAI
Stack Overflow,2854,How to detach a thread(in a pool) in JNI on termination,2018-01-28,Pre-GenAI
Stack Overflow,2855,Why does my call to an EGL function change when running it in Java code through JNI?,2014-07-18,Pre-GenAI
Stack Overflow,2856,JNI return Signal 7 function trying to call to Java from C++,2013-03-25,Pre-GenAI
Stack Overflow,2858,Calling java method from different thread in ndk,2017-06-14,Pre-GenAI
Stack Overflow,2859,Unable to cache JAVA VM while calling Java from NativeC/C++,2014-12-22,Pre-GenAI
Stack Overflow,2860,How to call JNI Function from a method in C library,2016-05-06,Pre-GenAI
Stack Overflow,2861,Android Can&#39;t call Java method from native code JNI,2019-09-03,Pre-GenAI
Stack Overflow,2862,Getting crash in JNI callback from C to Java,2015-09-22,Pre-GenAI
Stack Overflow,2863,JVMTI agent crashes,2011-09-14,Pre-GenAI
Stack Overflow,2864,JNI GetMethodID error and crash in specify project,2017-12-06,Pre-GenAI
Stack Overflow,2865,Best approach to call Java function from JNI,2020-11-07,Pre-GenAI
Stack Overflow,2866,JNI: Segfaults when calling Java callbacks from C,2015-01-02,Pre-GenAI
Stack Overflow,2867,Is needed to release jboolean using JNI?,2013-04-14,Pre-GenAI
Stack Overflow,2868,env-&gt;FindClass function returns null,2012-12-20,Pre-GenAI
Stack Overflow,2869,Android (ndk) multicast lock is acquired but can&#39;t receive UDP broadcast packets,2020-01-24,Pre-GenAI
Stack Overflow,2870,JNI - is there a way to get JNI_OnUnload to be called by the JVM?,2018-11-29,Pre-GenAI
Stack Overflow,2871,Crashes in GetArrayLength jni,2018-06-27,Pre-GenAI
Stack Overflow,2872,returning a string from a c dll to c#,2014-05-13,Pre-GenAI
Stack Overflow,2873,"Create bitmap on Java and send it to C++ using JNI and render it by OpenGL, black",2019-09-16,Pre-GenAI
Stack Overflow,2874,"start Intent, onActivityResult, AsyncTask doesn&#39;t work after Java call from JNI",2018-03-07,Pre-GenAI
Stack Overflow,2875,How to sendbroadcast in callback function,2019-01-10,Pre-GenAI
Stack Overflow,2876,How to structure JNI call to avoid memory leak?,2014-06-10,Pre-GenAI
Stack Overflow,2877,Jni java launcher work in c but not in c++,2013-09-09,Pre-GenAI
Stack Overflow,2878,Toast not displaying when C function is called,2016-06-17,Pre-GenAI
Stack Overflow,2879,OPENSSL Rand DRBG Andorid crashed when is used many times: A/libc: Fatal signal 7 (SIGBUS),2022-02-23,Pre-GenAI
Stack Overflow,2880,JNI GetMethodID cause error in native thread,2014-09-11,Pre-GenAI
Stack Overflow,2881,Android (NDK) openSoftInput in landscape mode,2016-06-28,Pre-GenAI
Stack Overflow,2882,Creating JVM using JNI in C++ does not return,2012-07-09,Pre-GenAI
Stack Overflow,2883,Call Java function from native function based on cached jobject and methodID fail,2013-04-05,Pre-GenAI
Stack Overflow,2884,VM aborting while creating two threads in android application,2011-11-28,Pre-GenAI
Stack Overflow,2885,FindClass returns null,2017-03-09,Pre-GenAI
Stack Overflow,2886,Android - callback from native code Attach/Detach overflow,2016-02-04,Pre-GenAI
Stack Overflow,2887,&quot;CallObjectMethod&quot; in JNI-Callback returns NULL,2021-05-20,Pre-GenAI
Stack Overflow,2888,JVM crashes when calling JNI function during gc,2017-05-19,Pre-GenAI
Stack Overflow,2889,android JNI report can&#39;t find method,2016-10-09,Pre-GenAI
Stack Overflow,2890,Android: Using JNI from NativeActivity,2012-11-06,Pre-GenAI
Stack Overflow,2891,Failed To Get Class Reference from Native code invoking Java Code,2014-06-30,Pre-GenAI
Stack Overflow,2892,How to properly and simply use callbacks in JNI NDK Android,2020-09-29,Pre-GenAI
Stack Overflow,2893,Creating vector managed JNI threads [C++],2017-05-30,Pre-GenAI
Stack Overflow,2894,Android 4.1 virtual keyboard freeze,2013-01-30,Pre-GenAI
Stack Overflow,2895,How to clear static vars in an application that is tested with JUnit/Robotium tests?,2013-03-07,Pre-GenAI
Stack Overflow,2896,Unable to set Java int array field from JNI,2019-08-01,Pre-GenAI
Stack Overflow,2897,Test run failed: Instrumentation run failed due to &#39;Process crashed.&#39; when testing multiple ,2012-03-27,Pre-GenAI
Stack Overflow,2898,&quot;No implementation found for&quot; using NativeActivity,2015-10-01,Pre-GenAI
Stack Overflow,2899,Lots of unresolve error in native cpp,2014-02-25,Pre-GenAI
Stack Overflow,2900,Callback into Java Android Application Code from JNI after Catching Signal (SIGSEGV) in Native Code,2019-01-15,Pre-GenAI
Stack Overflow,2901,Can NDK handle signals?,2021-02-08,Pre-GenAI
Stack Overflow,2902,Android JNI native C++ code GetPrimitiveArrayCritical() problem,2011-09-19,Pre-GenAI
Stack Overflow,2903,Java green threads using UNIX ucontext library via JNI. Is it possible?,2012-07-30,Pre-GenAI
Stack Overflow,2904,Spring Boot with embedded Tomcat fails when JVM executes from JNI in C++ application,2018-02-08,Pre-GenAI
Stack Overflow,2905,Java and C: How can I compile this C source file into a DLL for use with Java?,2013-01-08,Pre-GenAI
Stack Overflow,2906,MediaCodec weak global reference table overflow,2016-03-01,Pre-GenAI
Stack Overflow,2907,Ignored call to Java method from C++,2021-03-26,Pre-GenAI
Stack Overflow,2908,How to solve &quot;Didn&#39;t find class &quot;...&quot; on path: DexPathList in my native callback ,2020-04-12,Pre-GenAI
Stack Overflow,2909,How do I add a Android Fragment to my FragmentActivity?,2012-11-02,Pre-GenAI
Stack Overflow,2910,JNI Poll problem,2011-09-20,Pre-GenAI
Stack Overflow,2911,Building pjSip 2.5 - unable to undefined reference to &#39;pj_jni_jvm&#39;,2016-05-30,Pre-GenAI
Stack Overflow,2912,libhdfs JNI FindClass returns null with java.io.FileNotFoundException,2015-05-20,Pre-GenAI
Stack Overflow,2914,"What is libJvm.so, and when is it built?",2018-02-01,Pre-GenAI
Stack Overflow,2915,OpenGL texture ID generated more than once,2013-03-17,Pre-GenAI
Stack Overflow,2916,Create a JFrame using JNI,2021-05-21,Pre-GenAI
Stack Overflow,2917,Migrating Eclipse android project with NDK and Gstreamer usage to Android Studio,2016-04-15,Pre-GenAI
Stack Overflow,2918,java.lang.StackOverflowError at exit of JNI method,2018-02-14,Pre-GenAI
Stack Overflow,2919,Audio playback using ffmpeg and audiotrack android,2014-12-15,Pre-GenAI
Stack Overflow,2920,"Android JNI, call getMethodID crashes app",2022-04-10,Pre-GenAI
Stack Overflow,2922,Android PreferenceManager NullPointException,2012-06-10,Pre-GenAI
Stack Overflow,2923,Android web services xml parsing,2013-03-14,Pre-GenAI
Stack Overflow,2924,Why does the same native thread appear to call methods from different Java threads?,2020-04-20,Pre-GenAI
Stack Overflow,2926,"Could not find *apk, first run but works on the second run",2011-12-09,Pre-GenAI
Stack Overflow,2927,Sharedpreferences data not saving when passing an intent string... activity crashing,2011-11-08,Pre-GenAI
Stack Overflow,2928,mysql database connection using soap webservices in android,2012-06-07,Pre-GenAI
Stack Overflow,2929,JNI attached to program successfully but cant get fields?,2016-05-31,Pre-GenAI
Stack Overflow,2930,"JNI: Sink Object not Firing, Releases freezing",2011-11-08,Pre-GenAI
Stack Overflow,2931,c++ compilation error with netbean and cygwin?,2018-08-08,Pre-GenAI
Stack Overflow,2932,Error while Calling Web Services,2013-04-26,Pre-GenAI
Stack Overflow,2933,Android SDK Nullpointer exception,2011-07-25,Pre-GenAI
Stack Overflow,2934,Camera Application by Callling another class,2013-08-31,Pre-GenAI
Stack Overflow,2935,Getting crash on android,2014-02-19,Pre-GenAI
Stack Overflow,2936,Issues with ActionBarSherlock - Install fails on Android 2.3.7,2013-02-03,Pre-GenAI
Stack Overflow,2937,android spotify ERROR detaching thread with interp frames (count=28),2012-10-23,Pre-GenAI
Stack Overflow,2938,How do I diagnose my JNI memory corruption issue?,2013-10-24,Pre-GenAI
Stack Overflow,2939,Calling a java method from c++ in Android Class ID &amp; Method ID,2016-08-15,Pre-GenAI
Stack Overflow,2940,jni - app crashing,2012-04-27,Pre-GenAI
Stack Overflow,2941,Loading images into Listview using Lazyloading Getting Error,2013-10-15,Pre-GenAI
Stack Overflow,2942,Issue in filling table contents dynamically in Android,2013-01-17,Pre-GenAI
Stack Overflow,2943,Case and switch method to stop and start Android media player,2013-03-11,Pre-GenAI
Stack Overflow,2944,Java method is not invoked when calling it from native pthread,2013-11-12,Pre-GenAI
Stack Overflow,2945,Deadlock creating JFrame using JNI,2021-05-26,Pre-GenAI
Stack Overflow,2946,Change Attached Source,2013-04-12,Pre-GenAI
Stack Overflow,2947,fragment viewpager shows nothing,2013-12-04,Pre-GenAI
Stack Overflow,2949,ListView not getting displayed?,2012-05-07,Pre-GenAI
Stack Overflow,2950,Activity does not work on clicking,2014-12-03,Pre-GenAI
Stack Overflow,2951,Why am I getting WIN DEATH: Window{45087aa8 com.gigabites.fortune/com.gigabites.fortune.BuildActivit,2012-01-11,Pre-GenAI
Stack Overflow,2952,Change Background on a specific row based on a condition in Custom Adapter,2012-06-11,Pre-GenAI
Stack Overflow,2953,App crashing while calling callback() to java. Getting runtime error due to detatchThread,2020-06-02,Pre-GenAI
GitHub Issues,2955,Severe memory leak when setUseEngineSocketByDefault(true),2020-04-21,Pre-GenAI
GitHub Issues,2956,Severe memory leak on failed connection,2021-02-27,Pre-GenAI
GitHub Issues,2958,Support Projections (incl. View Models and AutoValue),2017-10-15,Pre-GenAI
GitHub Issues,2959,FileHandleResolver cannot get the corresponding png file of a `BitmapFont` file if it use an absolut,2018-03-07,Pre-GenAI
GitHub Issues,2960,Reduce HCR impact on the effectiveness of escape analysis,2021-07-14,Pre-GenAI
GitHub Issues,2963,RealmError,2017-11-08,Pre-GenAI
GitHub Issues,2964,Native abort in nativeGetSchemaVersion,2019-07-17,Pre-GenAI
GitHub Issues,2965,"ThrowingException 4, std::bad_alloc",2017-01-22,Pre-GenAI
GitHub Issues,2966,Memory and file exceeds size issue,2017-06-19,Pre-GenAI
GitHub Issues,2967,Data Base crashe.,2015-06-26,Pre-GenAI
GitHub Issues,2968,OutOfMemoryError: std::bad_alloc in io_realm_internal_TableQuery.cpp line 1285,2016-11-21,Pre-GenAI
GitHub Issues,2969,Invalid argument `EINVAL` when opening Realm on Xiaomi Mi5's external storage,2017-02-12,Pre-GenAI
GitHub Issues,2970, Out of memory in io_realm_internal_SharedGroup.cpp,2015-01-26,Pre-GenAI
GitHub Issues,2971,"The JVM process enters a dead state, the heap memory is exhausted, no report OOM Error, why?",2021-11-25,Pre-GenAI
GitHub Issues,2972,Bug in  com.android.org.conscrypt.NativeCrypto.EVP_PKEY_free,2022-06-14,Pre-GenAI
GitHub Issues,2973,Loom: JVMTI support,2022-06-01,Pre-GenAI
GitHub Issues,2974,Memory Leak when using IBM J11.0.14 Liberty L22.0.0.3 CICS 6.1 zOS 2.5,2022-05-06,Pre-GenAI
GitHub Issues,2975,CRIU Support: Add restore environment variables,2021-09-21,Pre-GenAI
GitHub Issues,2976,JVM crash when combining JNI/Native,2020-07-09,Pre-GenAI
GitHub Issues,2977,Native memory leak introduced between version 1.0.1 and 1.1.0 and remains in the latest release.,2019-08-27,Pre-GenAI
GitHub Issues,2978,Release 2.3.0 missing in Maven Central,2019-10-30,Pre-GenAI
GitHub Issues,2979,Performance problem of modded Minecraft,2020-01-21,Pre-GenAI
GitHub Issues,2980,OpenJ9 super-slow with libasan (address santizer) versus HotSpot,2019-06-21,Pre-GenAI
GitHub Issues,2981,Finish LWJGL 3 backend and request for testing,2015-12-28,Pre-GenAI
GitHub Issues,2982,JNI Crash,2014-07-14,Pre-GenAI
GitHub Issues,2984,Check if local/global references are properly released in JNI,2016-06-16,Pre-GenAI
GitHub Issues,2985,j9jni_deleteLocalRef assumes we have VM access but we may not have it if the compilation crashes,2021-01-25,Pre-GenAI
GitHub Issues,2986,Improve jitdump functionality,2020-04-03,Pre-GenAI
GitHub Issues,2987,Deleted Weak Global References are not validated by Xcheck:jni,2020-08-27,Pre-GenAI
GitHub Issues,2988,Severe memory leak when setUseEngineSocketByDefault(true),2020-04-21,Pre-GenAI
GitHub Issues,2990,Feature request: add unique object ID to -Xtrace constructor output and make available in DTFJ,2021-04-23,Pre-GenAI
GitHub Issues,2991,LambdaLoadTest hang,2020-09-17,Pre-GenAI
GitHub Issues,2992,JTReg Test Failure: java/lang/ClassLoader/forNameLeak/ClassForNameLeak.java,2019-09-18,Pre-GenAI
GitHub Issues,2993,DTFJ: Finalized objects incorrectly tagged with HEAP_ROOT_FINALIZABLE_OBJ,2019-09-16,Pre-GenAI
GitHub Issues,2994,Too many open files in io_realm_internal_SharedGroup.cpp,2016-08-23,Pre-GenAI
GitHub Issues,2995,Realm Migration -Painful tasks upon non-uniform upgrade,2018-03-16,Pre-GenAI
GitHub Issues,2996,java.lang.IllegalStateException: Cannot use ImplicitTransaction after it or its parent has been clos,2015-01-08,Pre-GenAI
GitHub Issues,2997,Memory and file exceeds size issue,2017-06-19,Pre-GenAI
GitHub Issues,2998,Large transaction on background thread,2016-01-06,Pre-GenAI
GitHub Issues,2999,"The JVM process enters a dead state, the heap memory is exhausted, no report OOM Error, why?",2021-11-25,Pre-GenAI
GitHub Issues,3000,Loom: JVMTI support,2022-06-01,Pre-GenAI
GitHub Issues,3001,Memory Leak when using IBM J11.0.14 Liberty L22.0.0.3 CICS 6.1 zOS 2.5,2022-05-06,Pre-GenAI
GitHub Issues,3002,testRASAPI_0 failing on AIX,2021-12-21,Pre-GenAI
GitHub Issues,3003,Performance problem of modded Minecraft,2020-01-21,Pre-GenAI
GitHub Issues,3004,Potential footprint issue with the stackmap frames during runtime verification,2018-01-26,Pre-GenAI
GitHub Issues,3005,"Dacapo sub-benchmark ""eclipse"" crashes when run with large load",2019-10-14,Pre-GenAI
GitHub Issues,3007,Porting OpenJ9 to RISC-V,2019-03-11,Pre-GenAI
GitHub Issues,3008,local reference table overflow when  using realm,2017-05-17,Pre-GenAI
GitHub Issues,3009,[Sync] JNI ERROR reference table overflow ,2018-04-07,Pre-GenAI
GitHub Issues,3010,"App crashes with ""JNI ERROR (app bug): local reference table overflow (max=512)""",2020-11-23,Pre-GenAI
GitHub Issues,3011,"App crashes with ""JNI ERROR (app bug): local reference table overflow (max=512)""",2021-01-07,Pre-GenAI
GitHub Issues,3017,Fatal Exception: java.lang.UnsatisfiedLinkError - through out all Android version,2020-07-07,Pre-GenAI
GitHub Issues,3019,jdk18 sanity.openjdk java/foreign/TestFunctionDescriptor.java UnsatisfiedLinkError InternalDowncallH,2022-07-20,Pre-GenAI
GitHub Issues,3020,Add support to osx-aarch_64,2021-08-30,Pre-GenAI
GitHub Issues,3021,JDK16 java/foreign/TestNative.java - UnsatisfiedLinkError: jdk/internal/foreign/abi/ProgrammableInvo,2021-01-25,Pre-GenAI
GitHub Issues,3022,Build instructions for aarch64,2020-06-27,Pre-GenAI
GitHub Issues,3023,jvm_compiler_0 test got 329 failures with openj9,2020-10-26,Pre-GenAI
GitHub Issues,3024,Sort out the extension for AIX on JDK15 in `System.mapLibraryName(userLibName)`,2020-06-03,Pre-GenAI
GitHub Issues,3025,No way to load manually compiled natives for pre-compiled jars.,2022-09-08,Pre-GenAI
GitHub Issues,3026,JTReg Test Failure: java/util/Arrays/TimSortStackSize2.java,2019-09-16,Pre-GenAI
GitHub Issues,3028,Run tests on Android,2017-07-06,Pre-GenAI
GitHub Issues,3029,Crashes not loading libgdx.so on certain devices,2019-12-17,Pre-GenAI
GitHub Issues,3030,Libgdx fails to load natives on Windows if username contains non-ascii characters,2019-01-20,Pre-GenAI
GitHub Issues,3032,Provide linux aarch64 support,2022-02-21,Pre-GenAI
GitHub Issues,3033,Native library suffix impact on the library loading in AIX,2020-05-11,Pre-GenAI
GitHub Issues,3035,Box2D not working on 1.10.1-SNAPSHOT with Linux,2022-01-27,Pre-GenAI
GitHub Issues,3036,JDK19 langtools_custom_0_FAILED Exception while calling user-specified class: requires.VMProps,2022-06-08,Pre-GenAI
GitHub Issues,3037,java/nio/channels/FileChannel/Transfer2GPlus.java - RuntimeException: Transfer too small,2022-02-13,Pre-GenAI
GitHub Issues,3039,"Could not find 'librealm-jni.so'. Looked for: [x86], but only found: [].",2020-04-26,Pre-GenAI
GitHub Issues,3041,OpenJ9 JVM crash when loading native library in Linux,2021-08-03,Pre-GenAI
GitHub Issues,3049,Bullet btBroadphasePair.getAlgorithm() causing JVM to crash,2018-02-11,Pre-GenAI
GitHub Issues,3050,Jprofiling calls on x86-32 are using the wrong linkage,2019-09-09,Pre-GenAI
GitHub Issues,3052,Segmentation fault with TR_StressTrampolines enabled,2020-11-27,Pre-GenAI
GitHub Issues,3054,Calling RealmQuery.or() twice in a row causes a native crash,2018-09-18,Pre-GenAI
GitHub Issues,3056,Experiment disabling method inlining in Core to have a useful native crashes,2021-02-25,Pre-GenAI
GitHub Issues,3057,Avoid segmentation faults when running with Huge Pages in containers,2021-06-28,Pre-GenAI
GitHub Issues,3058,JDK17 DaaLoadTest_daa1_special_5m_8_FAILED : Segmentation error vmState=0x000501ff - Method_being_co,2021-08-30,Pre-GenAI
GitHub Issues,3059,RealmList size() crashes occurring for many users since version 10.9.0,2022-01-04,Pre-GenAI
GitHub Issues,3061,SEGV using new jcmd dump options,2020-10-07,Pre-GenAI
GitHub Issues,3062,Porting OpenJ9 to RISC-V,2019-03-11,Pre-GenAI
GitHub Issues,3065,Flaky test: typedSetter_wrongUnderlyingTypeThrows(io.realm.DynamicRealmObjectTests),2021-06-11,Pre-GenAI
GitHub Issues,3072,SIGSEGV(SEGV_MAPERR) SIGSEGV(SEGV_ACCERR),2017-01-09,Pre-GenAI
GitHub Issues,3077,JVM crash - Buffer overflow,2020-12-22,Pre-GenAI
GitHub Issues,3078,Arrays.copyOfRange method crashes the JVM,2019-08-06,Pre-GenAI
GitHub Issues,3080,JVM crash when using ASGCT (async-profiler),2022-08-30,Pre-GenAI
GitHub Issues,3081,Bullet btBroadphasePair.getAlgorithm() causing JVM to crash,2018-02-11,Pre-GenAI
GitHub Issues,3087,MethodType mismatch of VarHandleGuards linker methods causes JVM crash,2021-01-06,Pre-GenAI
GitHub Issues,3088,OpenJ9 JVM crash when loading native library in Linux,2021-08-03,Pre-GenAI
GitHub Issues,3089,Segmentation Error or GPF - JVM crash - JNA User32GetMessage API,2021-01-12,Pre-GenAI
GitHub Issues,3097,Crash plinux building tests vmState=0x00000000,2021-11-11,Pre-GenAI
GitHub Issues,3102,VM crash when jvmtiGetMethodName is called from VMDeath callback,2022-09-02,Pre-GenAI
GitHub Issues,3103,Fix crash in compiled method while building DDR,2021-11-10,Pre-GenAI
GitHub Issues,3104,Promotion job failed but the failure report not posted to Slack,2019-07-24,Pre-GenAI
GitHub Issues,3105,ARM build?,2017-09-18,Pre-GenAI
GitHub Issues,3106,Internal JITServer test failures,2022-02-17,Pre-GenAI
GitHub Issues,3107,Unspecified exception. Bad UTF-8 encoding,2014-11-24,Pre-GenAI
GitHub Issues,3108,Failure when converting to UTF-8 (WITH SAMPLE REPO),2020-09-03,Pre-GenAI
GitHub Issues,3109,Realm Migration for Column type long not working,2015-11-20,Pre-GenAI
GitHub Issues,3110,Received an error in Jni: Failure when converting long string to UTF-16,2016-03-11,Pre-GenAI
GitHub Issues,3111,Document GSON serializer,2015-05-15,Pre-GenAI
GitHub Issues,3112,Help: I Want to change the encryptionKey without lossing any data.. the below code gives me IllegalS,2015-10-01,Pre-GenAI
GitHub Issues,3113,Exception doesn't give meaningful message,2015-05-15,Pre-GenAI
GitHub Issues,3115,RealmError: Unrecoverable error. Failure when converting short string to UTF-16,2016-03-17,Pre-GenAI
GitHub Issues,3116,"Native crash ""Failure when converting short string to UTF-16 error_code = 1"" ",2015-09-01,Pre-GenAI
GitHub Issues,3117,Sort() signal 11 on version 73,2014-11-04,Pre-GenAI
GitHub Issues,3119,Getting a weird behavior when saving a string,2015-01-08,Pre-GenAI
GitHub Issues,3120,jextract libraries with newer releases,2021-06-22,Pre-GenAI
GitHub Issues,3121,jdk19 Compiling method: java/lang/Thread.genThreadName() crash vmstate 0005FFFF,2022-09-09,Pre-GenAI
GitHub Issues,3122,OpenJDK test mismatch with USE_TESTENV_PROPERTIES enabled,2022-01-19,Pre-GenAI
GitHub Issues,3123,MauveMultiThreadLoadTest_special_16 String.ConsCharset got 65503 but expected 223,2020-11-16,Pre-GenAI
GitHub Issues,3124,jdk8 s390xLinux extended.openjdk: No such algorithm: AES/ECb/NoPadding or jdk.nativeCryptoTrace Prop,2021-01-11,Pre-GenAI
GitHub Issues,3125,worker-2 Cannot allocate memory,2019-10-16,Pre-GenAI
GitHub Issues,3126,Segmentation error on openj9-0.14.0 / JRE 1.8.0_212-b03 (x32) / Windows 7 - openssl MessageDigest,2019-04-25,Pre-GenAI
GitHub Issues,3127,JVM_EnqueueOperation() stubbed,2018-10-25,Pre-GenAI
GitHub Issues,3128,OpenJ9 Java 11 on Windows 10 won't start crashes with segmentation error,2018-11-20,Pre-GenAI
GitHub Issues,3129,"Core dump results when trying to run ""hello, world"" program in NetBeans 9",2018-08-16,Pre-GenAI
GitHub Issues,3130,GWT: utf-8 characters at the end of the buffer can be corrupted by BufferedReader,2015-08-13,Pre-GenAI
GitHub Issues,3131,There's no secure way to get gdx-setup.jar except building from source,2016-10-31,Pre-GenAI
GitHub Issues,3134," Add check for null as primary key to avoid: ""JNI DETECTED ERROR IN APPLICATION: GetStringChars rece",2015-02-27,Pre-GenAI
GitHub Issues,3135,realm3.3.1 SIGBUS(BUS_ADRERR),2017-07-11,Pre-GenAI
GitHub Issues,3136,"App crashes with ""JNI ERROR (app bug): local reference table overflow (max=512)""",2020-11-23,Pre-GenAI
GitHub Issues,3137,Native Realm Crashes on 4.2.0,2018-05-16,Pre-GenAI
GitHub Issues,3138,ArrayIndexOutOfBoundsException when insertOrUpdate,2017-05-06,Pre-GenAI
GitHub Issues,3139,Fatal signal 11 (SIGSEGV) from Java_io_realm_internal_UncheckedRow_nativeGetString,2018-09-05,Pre-GenAI
GitHub Issues,3140,OpenJDK mac java/foreign/TestFunctionDescriptor NoSuchElementException: No value present,2022-02-10,Pre-GenAI
GitHub Issues,3141,jdk15 build crash in JVM_DefineModule,2020-04-20,Pre-GenAI
GitHub Issues,3142,Calling hashClassTableAtString first to avoid verifying duplicate class names by verifyQualifiedName,2020-07-08,Pre-GenAI
GitHub Issues,3143,JVMTI event JVMTI_EVENT_EXCEPTION generated multiple times for the same exception,2019-05-16,Pre-GenAI
GitHub Issues,3144,JVM_EnqueueOperation() stubbed,2018-10-25,Pre-GenAI
GitHub Issues,3145,Image files are not displayed properly on SwingSet2 demo program,2019-01-08,Pre-GenAI
GitHub Issues,3146,Fatal signal 11 (SIGSEGV) from Java_io_realm_internal_UncheckedRow_nativeGetString,2018-09-05,Pre-GenAI
GitHub Issues,3147,Loom: JVMTI support,2022-06-01,Pre-GenAI
GitHub Issues,3148,AIX OOMs in extended.system SharedClasses MultiThread testing,2020-03-12,Pre-GenAI
GitHub Issues,3149,Internal JITServer test failures,2022-02-17,Pre-GenAI
GitHub Issues,3152,HCRLateAttachWorkload_previewEnabled_1_FAILED - Segmentation error vmState=0x0002000f,2021-09-13,Pre-GenAI
GitHub Issues,3153,Realm 7.0.8 native crash - EncryptedFileMapping::get_local_index_of_address,2020-10-05,Pre-GenAI
GitHub Issues,3155,"Synced Realm crashes with ""Fatal signal 11 (SIGSEGV), code 1, fault addr 0xe0"" during the first laun",2020-06-26,Pre-GenAI
GitHub Issues,3156,Loom: DDR support,2022-06-01,Pre-GenAI
GitHub Issues,3158,Design and Implementation of Foreign Linker API: Upcall,2022-05-16,Pre-GenAI
GitHub Issues,3159,Can not load Minecraft snapshot,2020-08-09,Pre-GenAI
GitHub Issues,3161,Avoid flooding temp dir with DLLs on Windows,2020-12-01,Pre-GenAI
GitHub Issues,3162,Add support to osx-aarch_64,2021-08-30,Pre-GenAI
GitHub Issues,3163,Build instructions for aarch64,2020-06-27,Pre-GenAI
GitHub Issues,3165,Run tests on Android,2017-07-06,Pre-GenAI
GitHub Issues,3166,Remove usage of default directory for mixed refs builds,2021-01-25,Pre-GenAI
GitHub Issues,3168,Provide linux aarch64 support,2022-02-21,Pre-GenAI
GitHub Issues,3169,Not all properties returned by J9JavaVMHelper.getSystemProperties(J9JavaVMPointer),2020-10-02,Pre-GenAI
GitHub Issues,3170,libpathTestRtf and libpathTestRtfChild hang on OSX [JDK8/JDK11],2018-11-21,Pre-GenAI
GitHub Issues,3172,Native library suffix impact on the library loading in AIX,2020-05-11,Pre-GenAI
GitHub Issues,3173,Add support for Robolectric,2015-02-24,Pre-GenAI
GitHub Issues,3175,OpenJ9 JVM crash when loading native library in Linux,2021-08-03,Pre-GenAI
GitHub Issues,3176,AWTError: Can't connect to X11 window server using 'unix:0',2022-04-20,Pre-GenAI
GitHub Issues,3177,Android unit tests with Conscrypt,2019-03-27,Pre-GenAI
GitHub Issues,3178,Internal JITServer test failures,2022-02-17,Pre-GenAI
GitHub Issues,3179,Conscrypt giving error on Linux environment,2020-05-19,Pre-GenAI
GitHub Issues,3180,Couldn't load the Realm JNI library 'realm_jni32.dll or realm_jni64.dll'. Please include the directo,2016-09-09,Pre-GenAI
GitHub Issues,3181,revisit disabled tests,2020-10-16,Pre-GenAI
GitHub Issues,3183,ISSUE - Unit test Problem (librealm-jni.so),2016-11-16,Pre-GenAI
GitHub Issues,3185,Test code/infrastruture should use DYLD_LIBRARY_PATH on OSX JDK11,2018-11-15,Pre-GenAI
GitHub Issues,3187,"Facing error on m1 machines, no conscrypt_openjdk_jni-osx-aarch_64 in java.library.path",2022-08-06,Pre-GenAI
GitHub Issues,3188,OpenJDK mac java/foreign/TestFunctionDescriptor NoSuchElementException: No value present,2022-02-10,Pre-GenAI
GitHub Issues,3189,jdk19 OpenJDK  java/lang/Thread/jni/AttachCurrentThread/AttachTest.java crash walkStackFrames,2022-11-09,Pre-GenAI
GitHub Issues,3191,SIGFPE not consumed by the JVM when trap is enabled,2018-09-17,Pre-GenAI
GitHub Issues,3192,Test SCC range checks,2021-03-05,Pre-GenAI
GitHub Issues,3194,Sort out the extension for AIX on JDK15 in `System.mapLibraryName(userLibName)`,2020-06-03,Pre-GenAI
GitHub Issues,3195,OpenJ9 JVM crash when loading native library in Linux,2021-08-03,Pre-GenAI
GitHub Issues,3196,Native library suffix impact on the library loading in AIX,2020-05-11,Pre-GenAI
GitHub Issues,3197,mauve system tests hanging on osx,2019-09-11,Pre-GenAI
GitHub Issues,3199,Porting OpenJ9 to RISC-V,2019-03-11,Pre-GenAI
GitHub Issues,3203,Conscrypt giving error on Linux environment,2020-05-19,Pre-GenAI
GitHub Issues,3205,Conflict to JNI directory,2016-09-28,Pre-GenAI
GitHub Issues,3206,Native method not found: io.realm.internal.NativeObjectReference.nativeCleanUp,2017-05-31,Pre-GenAI
GitHub Issues,3207,java.lang.UnsatisfiedLinkError: Native method not found: io.realm.internal.UncheckedRow.nativeSetLin,2017-08-29,Pre-GenAI
GitHub Issues,3208,App Bundle: MissingLibraryException,2018-05-28,Pre-GenAI
GitHub Issues,3209,OpenSSL testing to confirm OpenSSL natives are being loaded,2018-12-18,Pre-GenAI
GitHub Issues,3211,Panama MemoryAccessAPI: Add jit intrinsic support for vectorizedMismatch,2022-06-02,Pre-GenAI
GitHub Issues,3212,AIX cannot load libfontmanager.so,2022-09-30,Pre-GenAI
GitHub Issues,3213,Non-compliance with JDK specification in implementing System.loadLibrary,2022-04-07,Pre-GenAI
GitHub Issues,3214,jdk19 OpenJDK  java/lang/Thread/jni/AttachCurrentThread/AttachTest.java crash walkStackFrames,2022-11-09,Pre-GenAI
GitHub Issues,3215,OpenJDK mac java/foreign/TestFunctionDescriptor NoSuchElementException: No value present,2022-02-10,Pre-GenAI
GitHub Issues,3216,Update signature of JVM_LoadLibrary() for jdk18+,2021-11-01,Pre-GenAI
GitHub Issues,3217,JEP 389: Foreign Linker API (Incubator),2020-11-16,Pre-GenAI
GitHub Issues,3218,different error message (IBM and OpenJ9) when loading library j9unresolved with flag -XX:-LazySymbol,2020-10-15,Pre-GenAI
GitHub Issues,3219,jdk15 build failure: ASSERTION FAILED ** at classsupport.c:1136,2020-11-18,Pre-GenAI
GitHub Issues,3221,gcc10 warnings in the JIT,2022-04-05,Pre-GenAI
GitHub Issues,3222,Mac crash on osx1011-x86-2 in array copy test,2020-06-03,Pre-GenAI
GitHub Issues,3223,Building OpenJ9 for e500v2 core equipped SoC,2018-08-12,Pre-GenAI
GitHub Issues,3226,Conflict to JNI directory,2016-09-28,Pre-GenAI
GitHub Issues,3227,com.getkeepsafe.relinker.MissingLibraryException: lib/armeabi-v7a/librealm-jni.so,2016-09-22,Pre-GenAI
GitHub Issues,3228,UnsatisfiedLinkError: com.badlogic.gdx.physics.box2d.World.newWorld(FFZ)J,2013-09-14,Pre-GenAI
GitHub Issues,3229,CRIU: Blocking identity operations in single thread mode,2022-02-23,Pre-GenAI
GitHub Issues,3236,jdk19 OpenJDK  java/lang/Thread/jni/AttachCurrentThread/AttachTest.java crash walkStackFrames,2022-11-09,Pre-GenAI
GitHub Issues,3237,jdk19 openjdk java/lang/Thread/jni/AttachCurrentThread/AttachTest.java#id1 UnsatisfiedLinkError: jdk,2022-06-30,Pre-GenAI
GitHub Issues,3239,JTReg VM Failure: java/nio/charset/coders/BashStreams.java,2020-02-25,Pre-GenAI
Bugzilla,3240,Bug 285065: Firefox preferences window leaks global object due to radio.xml cycle,2005-03-07,Pre-GenAI
Bugzilla,3241,Bug 346381: Global reference to DOM node near event handler makes Firefox leak DOMWindows and docume,2006-07-29,Pre-GenAI
Bugzilla,3242,Bug 422269: Compile-time let block captures runtime references (was: Download Manager leaks nsGlobal,2008-03-11,Pre-GenAI
Bugzilla,3243,"Bug 429085: Leak nsGlobalWindow with <xul:preferences>, cloneNode",2008-04-15,Pre-GenAI
Bugzilla,3244,Bug 1335460: ReleaseRunnable::MaybeReleaseOnMainThread leaks nsIGlobalObject references if run on th,2017-01-31,Pre-GenAI
Bugzilla,3245,Bug 10506: JSObject.getWindow(this) UnsatisfiedLinkError in initClass,1999-07-26,Pre-GenAI
Bugzilla,3246,Bug 99375: UnsatisfiedLinkError gives misleading description,2001-09-12,Pre-GenAI
Bugzilla,3247,Bug 161266: java.lang.UnsatisfiedLinkError: getBrowserType in External Authering Interface (EAI),2002-08-06,Pre-GenAI
Bugzilla,3248,"Bug 259525: Firefox crashes after about:plugins and ""java.lang.UnsatisfiedLinkError: getProxyConfigU",2004-09-15,Pre-GenAI
Bugzilla,3249,Bug 268570: java.lang.UnsatisfiedLinkError: getProxyConfigURL,2004-11-09,Pre-GenAI
Bugzilla,3250,Bug 483827: JavaXPCOM UnsatisfiedLinkError XULRunner 1.9,2009-03-17,Pre-GenAI
Bugzilla,3251,Bug 663454: [Java] UnsatisfiedLinkError in Runtime.loadLibrary(),2011-06-10,Pre-GenAI
Bugzilla,3252,Bug 666123: [Java] UnsatisfiedLinkError in Runtime.availableProcessors(),2011-06-22,Pre-GenAI
Bugzilla,3253,Bug 670651: [Java] UnsatisfiedLinkError in GeckoAppShell.callObserver(),2011-07-11,Pre-GenAI
Bugzilla,3254,Bug 706946: FATAL EXCEPTION: main @ java.lang.UnsatisfiedLinkError: nativeIsOpenGLEnabled,2011-12-01,Pre-GenAI
Bugzilla,3255,Bug 736568: java.lang.UnsatisfiedLinkError: nativeIsOpenGLEnabled at com.adobe.flashplayer.FlashPain,2012-03-16,Pre-GenAI
Bugzilla,3256,Bug 749727: java.lang.UnsatisfiedLinkError: openDatabase when installing Aurora for the first time,2012-04-27,Pre-GenAI
Bugzilla,3257,Bug 762909: java.lang.UnsatisfiedLinkError: nativeOrientationChanged at com.adobe.flashplayer.FlashP,2012-06-08,Pre-GenAI
Bugzilla,3258,Bug 786618: UnsatisfiedLinkError on PKCS11.C_GetOperationState while working with latest jre 1.7 upd,2012-08-29,Pre-GenAI
Bugzilla,3259,Bug 792428: [ARMv6] Unable to start Fennec - java.lang.UnsatisfiedLinkError: Couldn't load mozglue: ,2012-09-19,Pre-GenAI
Bugzilla,3260,Bug 814462: java.lang.UnsatisfiedLinkError: Cannot load library: alloc_mem_region[870]: OOPS: <n> ca,2012-11-22,Pre-GenAI
Bugzilla,3261,Bug 939376: Startup crash: java.lang.UnsatisfiedLinkError: Couldn't load mozglue from loader dalvik.,2013-11-16,Pre-GenAI
Bugzilla,3262,Bug 956670: java.lang.UnsatisfiedLinkError (couldn't load mozglue) - Aurora crashes on start-up on t,2014-01-06,Pre-GenAI
Bugzilla,3263,"Bug 966154: (HTC One 4.4, CodefireX) - java.lang.UnsatisfiedLinkError: dlopen failed: cannot locate ",2014-01-31,Pre-GenAI
Bugzilla,3264,Bug 985826: java.lang.UnsatisfiedLinkError: Couldn't load mozglue from loader dalvik.system.PathClas,2014-03-20,Pre-GenAI
Bugzilla,3265,Bug 989787: Firefox for Android version: 28.0.1 crashes at startup android version: 4.0.3 (java.lang,2014-03-30,Pre-GenAI
Bugzilla,3266,Bug 990130: Investigate UnsatisfiedLinkError caused on trying to load native libraries on some Andro,2014-03-31,Pre-GenAI
Bugzilla,3267,Bug 1001194: crash in java.lang.UnsatisfiedLinkError: Native method not found: org.mozilla.gecko.uti,2014-04-24,Pre-GenAI
Bugzilla,3268,Bug 1030899: [Android L Preview] - Crash on startup - java.lang.UnsatisfiedLinkError: dlopen failed:,2014-06-26,Pre-GenAI
Bugzilla,3269,Bug 1067374: crash in java.lang.UnsatisfiedLinkError: Native method not found: org.mozilla.gecko.Gec,2014-09-15,Pre-GenAI
Bugzilla,3270,Bug 1073540: crash in java.lang.UnsatisfiedLinkError: Native method not found: org.mozilla.gecko.uti,2014-09-26,Pre-GenAI
Bugzilla,3271,Bug 1091598: crash in java.lang.UnsatisfiedLinkError: Native method not found: org.mozilla.gecko.moz,2014-10-30,Pre-GenAI
Bugzilla,3272,Bug 1166309: java.lang.UnsatisfiedLinkError: nativeAllocateDirectBuffer when using standalone GeckoV,2015-05-19,Pre-GenAI
Bugzilla,3273,Bug 1174725: crash in java.lang.UnsatisfiedLinkError: putenv at org.mozilla.gecko.mozglue.GeckoLoade,2015-06-15,Pre-GenAI
Bugzilla,3274,Bug 1180712: crash in java.lang.UnsatisfiedLinkError: Couldn''t load mozglue: findLibrary returned n,2015-07-06,Pre-GenAI
Bugzilla,3275,Bug 1182461: crash in java.lang.UnsatisfiedLinkError: invalidateAndScheduleComposite at org.mozilla.,2015-07-10,Pre-GenAI
Bugzilla,3276,Bug 1196299: crash in java.lang.UnsatisfiedLinkError: at java.lang.Runtime.loadLibrary(Runtime.java),2015-08-19,Pre-GenAI
Bugzilla,3277,Bug 1235341: crash in java.lang.UnsatisfiedLinkError: at org.mozilla.gecko.gfx.GLController.syncInva,2015-12-28,Pre-GenAI
Bugzilla,3278,Bug 1268125: crash in java.lang.UnsatisfiedLinkError: Native method not found: org.mozilla.gecko.Pre,2016-04-27,Pre-GenAI
Bugzilla,3279,Bug 1349581: Crash in java.lang.UnsatisfiedLinkError: at org.webrtc.voiceengine.WebRtcAudioRecord.na,2017-03-22,Pre-GenAI
Bugzilla,3280,"Bug 1366339: Crash in java.lang.UnsatisfiedLinkError: dlopen failed: library ""/data/data/org.mozilla",2017-05-19,Pre-GenAI
Bugzilla,3281,Bug 1370915: Crash in java.lang.UnsatisfiedLinkError: at java.lang.Runtime.loadLibrary(Runtime.java),2017-06-07,Pre-GenAI
Bugzilla,3282,Bug 1425553: Crash in java.lang.UnsatisfiedLinkError: at org.mozilla.gecko.GeckoEditableChild.onKeyE,2017-12-15,Pre-GenAI
Bugzilla,3283,Bug 1426990: Intermittent autophone-s1s2geckoview | java.lang.UnsatisfiedLinkError: No implementatio,2017-12-24,Pre-GenAI
Bugzilla,3284,Bug 1432862: Crash in java.lang.UnsatisfiedLinkError: at org.mozilla.gecko.PresentationMediaPlayerMa,2018-01-24,Pre-GenAI
Bugzilla,3285,Bug 1455744: Crash in java.lang.UnsatisfiedLinkError: Native method not found: android.media.AudioSy,2018-04-20,Pre-GenAI
Bugzilla,3286,Bug 1471692: java.lang.UnsatisfiedLinkError: at org.mozilla.gecko.GeckoEditableChild.onKeyEvent(Nati,2018-06-27,Pre-GenAI
Bugzilla,3287,"Bug 1493607: Crash in java.lang.UnsatisfiedLinkError: dlopen failed: library ""/data/data/org.mozilla",2018-09-24,Pre-GenAI
Bugzilla,3288,Bug 1513242: Crash in java.lang.UnsatisfiedLinkError: at org.mozilla.gecko.GeckoSystemStateListener.,2018-12-11,Pre-GenAI
Bugzilla,3289,Bug 1607809: java.lang.UnsatisfiedLinkError: Error looking up function 'glean_is_first_run',2020-01-08,Pre-GenAI
Bugzilla,3290,Bug 1619778: UnsatisfiedLinkError: No implementation found for org.mozilla.geckoview.Base64Utils.enc,2020-03-03,Pre-GenAI
Bugzilla,3291,Bug 1791842: Android crash in [@ java.lang.UnsatisfiedLinkError: at com.sun.jna.Native.loadNativeDis,2022-09-21,Pre-GenAI
Bugzilla,3292,Bug 1792799: Crash in [@ java.lang.UnsatisfiedLinkError: at com.sun.jna.NativeLibrary.loadLibrary],2022-09-29,Pre-GenAI
Bugzilla,3295,Bug 458244: FF 3.0.3 sigsegv in js_GetGCThingTraceKind during Javascript GC (incl stack with dbgsyms,2008-10-02,Pre-GenAI
Bugzilla,3296,Bug 716232: SIGSEGV (segmentation violation) crash in Javascript at ChatZilla startup,2012-01-07,Pre-GenAI
Bugzilla,3297,"Bug 869967: SIGSEGV, maybe involves Javascript",2013-05-08,Pre-GenAI
Bugzilla,3298,"Bug 41779: When Navigation/loadURL(urlString) is invoked with urlString==null, then JVM crashes",2000-06-07,Pre-GenAI
Bugzilla,3299,"Bug 41780: When CurrentPage/findInPage(stringToFind, forward, matchCase) is invoked with stringToFin",2000-06-07,Pre-GenAI
Bugzilla,3300,"Bug 44774: When CurrentPage/selectAll() is invoked and no URL is loaded, then JVM crashes",2000-07-07,Pre-GenAI
Bugzilla,3301,"Bug 44775: When copyCurrentSelectionToSystemClipboard() method is invoked and no URL is loaded, then",2000-07-07,Pre-GenAI
Bugzilla,3302,Bug 56560: browser crashes when loading jvm,2000-10-13,Pre-GenAI
Bugzilla,3303,Bug 90571: LiveConnect bugs - Trunk M1RC3 crash  [@ JVM.DLL | jvm.dll - nsHTMLExternalObjSH::PostCre,2001-07-12,Pre-GenAI
Bugzilla,3304,Bug 108601: N621 M098 crash [@ JVM.DLL | jvm.dll - nsHTMLExternalObjSH::PostCreate],2001-11-06,Pre-GenAI
Bugzilla,3305,Bug 112434: JVM plugin crashes Mozilla when loading java applet.,2001-11-28,Pre-GenAI
Bugzilla,3306,Bug 118343: repeatable crash in jvm.dll using (... rv:0.9.4) Gecko/20020102,2002-01-05,Pre-GenAI
Bugzilla,3307,Bug 154699: Mozilla crashes when launching Java applets in Jaguar [@ JVM_RegisterSignal],2002-06-27,Pre-GenAI
Bugzilla,3308,Bug 159610: Java crash [@JVM_GetSystemPackage] on applet creation if the application pathname contai,2002-07-26,Pre-GenAI
Bugzilla,3309,Bug 159736: Multiple crashes  with jvm  trace enabled. [@ 0x00000017][@  enter_js_from_java_impl],2002-07-27,Pre-GenAI
Bugzilla,3310,"Bug 160995: Page fails to load, browser crashes [@JVM_NewInstance]",2002-08-04,Pre-GenAI
Bugzilla,3311,Bug 171847: Crashed starting JVM?,2002-10-01,Pre-GenAI
Bugzilla,3312,Bug 183974: mozilla crashes after trying to leave/unload the applet on this page [@ JVM_NewInstance ,2002-12-06,Pre-GenAI
Bugzilla,3313,Bug 204254: Trunk crash [@ jvm.dll - nsHTMLExternalObjSH::PostCreate] [@ enter_js_from_java_impl],2003-05-02,Pre-GenAI
Bugzilla,3314,Bug 205521: JVM crash some time after abort first applet [@ typeinfo name for std::bad_exception],2003-05-13,Pre-GenAI
Bugzilla,3315,Bug 206738: crash in JVM.DLL,2003-05-22,Pre-GenAI
Bugzilla,3316,Bug 213842: Crash when leaving page with applet [@ jvm.dll ],2003-07-25,Pre-GenAI
Bugzilla,3317,Bug 215865: crash when i visit sites that seem to need the JVM,2003-08-11,Pre-GenAI
Bugzilla,3318,Bug 216549: JVM  Crash?,2003-08-18,Pre-GenAI
Bugzilla,3319,Bug 223600: crash (internal error with JVM manager) opening messages with certain viewable attachmen,2003-10-24,Pre-GenAI
Bugzilla,3320,Bug 224566: JVM crashes after a while when server accepting SSL connections,2003-11-03,Pre-GenAI
Bugzilla,3321,Bug 227570: Fatal crash when launching nightly build:  JavaVM FATAL: Failed to load the jvm library.,2003-12-05,Pre-GenAI
Bugzilla,3322,Bug 228498: Crash with Sun JVM 1.4.2_03,2003-12-14,Pre-GenAI
Bugzilla,3323,Bug 249687: Scroll wheel crashes Application with Applet [@ jvm.dll - ProxyJNIEnv::GetStaticField ],2004-07-03,Pre-GenAI
Bugzilla,3324,Bug 254579: FF10 M17x crashes if Java window closed [@ jvm.dll - nsHTMLAppletElementSH::GetPluginJSO,2004-08-06,Pre-GenAI
Bugzilla,3325,Bug 259473: tb try to open jvm and crash when I enigmail (0.86.0) decrypt large message,2004-09-15,Pre-GenAI
Bugzilla,3326,"Bug 259597: Crash if JVM plugin used and accessed file has a ""."" in its name.",2004-09-15,Pre-GenAI
Bugzilla,3327,Bug 266375: Crash on restart of Firefox 1.0 RC1 after updating from Firefox 0.10.1 - FF10RC1 [@ msvc,2004-10-28,Pre-GenAI
Bugzilla,3328,Bug 266524: FF10RC1 crash running update [@ msvcrt.dll | jpins7.dll - nsJVMManager::StartupJVM],2004-10-28,Pre-GenAI
Bugzilla,3329,Bug 285881: [@ jvm.dll] crash after submitting chat request when new window opens containing java ap,2005-03-12,Pre-GenAI
Bugzilla,3330,Bug 320980: JSS crashes JVM on heavy socket load,2005-12-20,Pre-GenAI
Bugzilla,3331,Bug 330005: Crash on log in with JVM at cyberbanking site,2006-03-10,Pre-GenAI
Bugzilla,3332,Bug 340491: JavaXPCOM JVM Crash evaluating XPath expression,2006-06-06,Pre-GenAI
Bugzilla,3333,Bug 344663: Firefox freezes and eventually crashes with java applet and jre 1.3.1_01 [@ jvm.dll + 0x,2006-07-14,Pre-GenAI
Bugzilla,3334,Bug 348020: JVM crashes on Mozilla.termEmbedding() invocation,2006-08-09,Pre-GenAI
Bugzilla,3335,Bug 358885: jvm crashes,2006-10-31,Pre-GenAI
Bugzilla,3336,Bug 366617: Crash when running JavaXPCOM in IBM JVM,2007-01-10,Pre-GenAI
Bugzilla,3337,Bug 408273: JVM Causes Crash When Visiting Website,2007-12-13,Pre-GenAI
Bugzilla,3338,"Bug 425055: If I register a custom nsIDNSService implementation via nsIComponentRegistrar, then jvm ",2008-03-25,Pre-GenAI
Bugzilla,3339,Bug 439817: Firefox crashes while playing games with java (pogo.com) [@ jvm.dll@0xd176a],2008-06-18,Pre-GenAI
Bugzilla,3340,Bug 444162: Long Google URL crashes FF3 [@ JVM_StartupJVM],2008-07-08,Pre-GenAI
Bugzilla,3341,Bug 445534: The JVM crashed when trying to use https resource that uses not valid SSL certificate,2008-07-16,Pre-GenAI
Bugzilla,3342,Bug 466236: JVM Crashes while calling wrapXPCOMObject,2008-11-21,Pre-GenAI
Bugzilla,3343,Bug 507125: Crash When open pages with plugin Oracle JInitiator [@ jvm.dll@0xbc228],2009-07-29,Pre-GenAI
Bugzilla,3344,Bug 508255: Crash When open pages with plugin Oracle JInitiator [@ jvm.dll@0xbc228],2009-08-04,Pre-GenAI
Bugzilla,3345,Bug 525731: SWT and xulrunner cause jvm crash.,2009-11-01,Pre-GenAI
Bugzilla,3346,Bug 526916: Crash in [@JVM_InitializeSocketLibrary ] loading any Java applet,2009-11-06,Pre-GenAI
Bugzilla,3347,Bug 532981: [10.6] Crash [@ JVM_Lseek  ] triggered by bad interaction between JEP and Silverlight --,2009-12-04,Pre-GenAI
Bugzilla,3348,"Bug 654939: Firefox 4 bad initialize on Mac OSX 10.6.7 This cause wrong java.library.path, user.dir ",2011-05-05,Pre-GenAI
Bugzilla,3349,Bug 88176: there is no DetachCurrentThread  for AttachCurrentThread calls,2001-06-28,Pre-GenAI
Bugzilla,3350,Bug 98685: The first param of AttachCurrentThread needs to be void.,2001-09-07,Pre-GenAI
Bugzilla,3351,Bug 107309: JSJ_AttachCurrentThreadToJava doesn't return JNIEnv in all cases,2001-10-29,Pre-GenAI
LLVM Discourse,4013,nan,2019-03-18,Pre-GenAI
LLVM Discourse,4014,nan,2013-12-11,Pre-GenAI
LLVM Discourse,4015,nan,2013-12-10,Pre-GenAI
LLVM Discourse,4016,nan,2022-04-02,Pre-GenAI
LLVM Discourse,4017,nan,2021-04-14,Pre-GenAI
LLVM Discourse,4018,nan,2008-05-27,Pre-GenAI
LLVM Discourse,4019,nan,2008-05-12,Pre-GenAI
LLVM Discourse,4020,nan,2004-11-11,Pre-GenAI
LLVM Discourse,4021,nan,2022-10-19,Pre-GenAI
LLVM Discourse,4022,nan,2013-08-12,Pre-GenAI
LLVM Discourse,4023,nan,2018-04-11,Pre-GenAI
LLVM Discourse,4024,nan,2016-12-19,Pre-GenAI
LLVM Discourse,4025,nan,2020-10-27,Pre-GenAI
LLVM Discourse,4026,nan,2015-11-22,Pre-GenAI
LLVM Discourse,4027,nan,2015-11-22,Pre-GenAI
LLVM Discourse,4028,nan,2006-03-02,Pre-GenAI
