post_id,title,keyword_used,all_tags,has_target_tag,matched_tags,num_matched_tags
0,Python-C api concurrency issue,Python/C issue,None,False,None,0
1,Python C-Api Threading issues,Python/C issue,None,False,None,0
2,Issue with porting Python C library to &quot;pure&quot; C,Python/C issue,None,False,None,0
3,Issue when using the shared object created with Python C Extension,Python/C issue,None,False,None,0
4,Python C bindings Py_InitModule issue,Python/C issue,None,False,None,0
5,"In Python, how does one catch warnings as if they were exceptions?",Python/C issue,None,False,None,0
6,How to use if/else in single line (python -c)?,Python/C issue,None,False,None,0
7,BYTE to python C-Type structure Conversion Issue,Python/C issue,None,False,None,0
8,DLL calling Python C/API has dependency issues,Python/C issue,None,False,None,0
9,Pass Python list of ints to C function using Python C API,Python/C issue,None,False,None,0
10,Numpy Python/C API - PyArray_SimpleNewFromData hangs,Python/C issue,None,False,None,0
11,python to C performance issue,Python/C issue,None,False,None,0
12,Issue with sending XDR serialized data fron C to Python,Python/C issue,None,False,None,0
13,gitlab-ci.yml python -c &#39;multiple line cmd&#39; failed,Python/C issue,None,False,None,0
14,Python C package source code header files are missing,Python/C issue,None,False,None,0
15,Python executing expect command unmatching quotes issue: python -c &#39;os.system(&quot;expect -c ..,Python/C issue,None,False,None,0
16,Issue with Linking Python C Extension to Another Library,Python/C issue,None,False,None,0
17,Python3 reload project that use python c-api,Python/C issue,None,False,None,0
18,Python C Extension issue: &quot;TypeError: function takes exactly 0 arguments (1 given)&quot;,Python/C issue,None,False,None,0
19,Issue when binding C functions Python,Python/C issue,None,False,None,0
20,Load Python C Extension DLL using System.loadLibrary,Python/C issue,None,False,None,0
21,"How to solve Python-C-API error &quot;This is an issue with the package mentioned above, not pip.&qu",Python/C issue,None,False,None,0
22,Python C Extension + crashing after calling the python file multiple times.,Python/C issue,None,False,None,0
23,What does &#39;PYVERNODOTS&#39; in Python C-extension modules mean?,Python/C issue,None,False,None,0
24,Compile and execute AST using pybind11 or Python C API,Python/C issue,None,False,None,0
25,Python C API ImportError &quot;most likely due to a circular import&quot;,Python/C issue,None,False,None,0
26,call python script function from other directory,Python/C issue,None,False,None,0
27,Python C extension decorator,Python/C issue,None,False,None,0
28,Issue with converting C pointers to numpy arrays in Python,Python/C issue,None,False,None,0
29,Python C API and data persistent in memory?,Python/C issue,None,False,None,0
30,Call to GetModuleHandle on kernel32 using Python C-types,Python/C issue,None,False,None,0
31,"Socket Send from Client C, Server Python Issue",Python/C issue,None,False,None,0
32,break/interrupt a time.sleep() in python,Python/C issue,None,False,None,0
33,Issue when compile python in c file,Python/C issue,None,False,None,0
34,Issue Running Python Application with Bazel - ImportError with NumPy C-Extensions,Python/C issue,None,False,None,0
35,Issue with SWIG for creating Python bindings for C library,Python/C issue,None,False,None,0
36,How would you properly use the Python/C API in a C shared library?,Python/C issue,None,False,None,0
37,Multifile C Python Extension Organization Issue,Python/C issue,None,False,None,0
38,Python C extension: Segfault when checking if Python callback is valid,Python/C issue,None,False,None,0
39,issue with returning Struct from C to Python using ctypes,Python/C issue,None,False,None,0
40,Issue returning values from C function called from Python,Python/C issue,None,False,None,0
41,How to change a strings encoding as utf 8 in C,Python/C issue,None,False,None,0
42,graphviz issue when spawning Python script from C,Python/C issue,None,False,None,0
43,Python C Extension: Linker says &#39;multiple definition of symbol&#39;,Python/C issue,None,False,None,0
44,Python/C API: Statically-Linked Extensions?,Python/C issue,None,False,None,0
45,Testing C++ Math functions with Python&#39;s C Extension - Precision issues,Python/C issue,None,False,None,0
46,Unable to install pyodbc on Linux,Python/C issue,None,False,None,0
47,Const correctness of Python&#39;s C API,Python/C issue,None,False,None,0
48,Python C API: WindowsError after creating some number of PyObjects,Python/C issue,None,False,None,0
49,"Call C++ code from Python, which in turn calls Python again (i.e. Python-&gt;C++-&gt;Python), is thi",Python/C issue,None,False,None,0
50,ImportError with Numpy using Python/C 3.12 API subinterpreters,Python/C issue,None,False,None,0
51,Issue with AES encrypt/decrypt - Objective-C -&gt; Python (Tornado),Python/C issue,None,False,None,0
52,Get full path to shared object with python c api,Python/C issue,None,False,None,0
53,Pip install and python headers,Python/C issue,None,False,None,0
54,Python C Extension,Python/C issue,None,False,None,0
55,Issues compiling C code for a Python module,Python/C issue,None,False,None,0
56,Issues while compiling and executing C file which has Python embedded in C,Python/C issue,None,False,None,0
57,Issue with passing string from Python to C shared lib using ctypes,Python/C issue,None,False,None,0
58,Restarting the Python interpreter using Python C API,Python/C issue,None,False,None,0
59,The last element in Python list is corrupted using Python C API,Python/C issue,None,False,None,0
60,ModuleNotFoundError: No module named &#39;gensim.corpora&#39;; &#39;gensim&#39; is not a package,Python/C issue,None,False,None,0
61,Python C binding - get array from python to C++,Python/C issue,None,False,None,0
62,Python interpreter invocation with &quot;-c&quot; and indentation issues,Python/C issue,None,False,None,0
63,python path/ Pip install,Python/C issue,None,False,None,0
64,How to avoid gcc warning in Python C extension when using Py_BEGIN_ALLOW_THREADS,Python/C issue,None,False,None,0
65,Struct variables overlap (Python C API),Python/C issue,None,False,None,0
66,Python C interface PyArg_ParseTuple failing,Python/C issue,None,False,None,0
67,Python/C API project - compile to exe,Python/C issue,None,False,None,0
68,UnicodeDecodeError: &#39;utf-8&#39; codec can&#39;t decode byte 0xfe in position 6208: invalid start,Python/C issue,None,False,None,0
69,Importing the numpy c-extensions failed,Python/C issue,None,False,None,0
70,UNIX Socket Programming: Issues Getting a C Client to Connect to a Python Server,Python/C issue,None,False,None,0
71,Pandas: read_csv() with engine=C issue (bug or feature?),Python/C issue,None,False,None,0
72,Issue with passing array to subprocess module while calling c program from python,Python/C issue,None,False,None,0
73,Python C-extenstions cannot be loaded,Python/C issue,None,False,None,0
74,Python multiprocessing shared memory issues with C objects involved,Python/C issue,None,False,None,0
75,Serial protocol issues porting code from C to Python,Python/C issue,None,False,None,0
76,Activate Python 2.7,Python/C issue,None,False,None,0
77,ECDSA Signing and Verifying issue between python ECDSA and C micro-ecc library,Python/C issue,None,False,None,0
78,wrap a c library in cython which includes a python internal c symbol,Python/C issue,None,False,None,0
79,Ctrl-C crashes Python after importing scipy.stats,Python/C issue,None,False,None,0
80,Getting fatal error when Python C API is called from Go,Python/C issue,None,False,None,0
81,Python C Extension Nested Dictionary Segmentation Fault,Python/C issue,None,False,None,0
82,why does python import causes an error with PyImport_ImportModule but not with python interpreter,Python/C issue,None,False,None,0
83,"Can&#39;t install any Python modules, possible C compiler issue",Python/C issue,None,False,None,0
84,Check whether the interpreter is embedded,Python/C issue,None,False,None,0
85,How can I build my C extensions with MinGW-w64 in Python?,Python/C issue,None,False,None,0
86,Do Python and Haskell have the float uncertanity issue of C/C++?,Python/C issue,None,False,None,0
87,"Python/C Raw Socket Operations using Django, Mod_WSGI, Apache",Python/C issue,None,False,None,0
88,Python.h on windows with MinGW,Python/C issue,None,False,None,0
89,python segmentation fault when closing / quitting,Python/C issue,None,False,None,0
90,How to pass a C struct to Python to get data?,Python/C issue,None,False,None,0
91,How to pass a string pointer-to-pointer from C to Python?,Python/C issue,None,False,None,0
92,Debugging Python C extensions in Mavericks,Python/C issue,None,False,None,0
93,Issue Importing ConfigParser Read File,Python/C issue,None,False,None,0
94,python 3 C-API extension ImportError,Python/C issue,None,False,None,0
95,Define Python class from C,Python/C issue,None,False,None,0
96,REDHAWK Python component calls legacy C-code,Python/C issue,None,False,None,0
97,How to distribute C++ application which calls Python?,Python/C issue,None,False,None,0
98,Python C API: Subclassing (builtin) types with Py_LIMITED_API,Python/C issue,None,False,None,0
99,Python C Extension: Fatal Python error: PyThreadState_Get: no current thread,Python/C issue,None,False,None,0
100,Creating Python C module from Fortran sources on Ubuntu 10.04 LTS,Python/C issue,None,False,None,0
101,Why does my Python Extension type have two ref counts rather than one?,Python/C issue,None,False,None,0
102,How to convert PyObjects to C data types?,Python/C issue,None,False,None,0
103,Python Pathing Issue,Python/C issue,None,False,None,0
104,Python3: c-type segfault from multithreaded C shared library,Python/C issue,None,False,None,0
105,Call Python function from C/C++,Python/C issue,None,False,None,0
106,Python extension in c,Python/C issue,None,False,None,0
107,Cannot run &#39;python -c &quot;..&quot; &#39; command from Java Process builder and Linux,Python/C issue,None,False,None,0
108,Checking if PyObject is nullptr,Python/C issue,None,False,None,0
109,Emacs Execution of Python script with C-c C-c goes Unrecognized,Python/C issue,None,False,None,0
110,Python and OpenMP C Extensions,Python/C issue,None,False,None,0
111,Python calling C DLL function output issues and restype,Python/C issue,None,False,None,0
112,Python C-API: Populate a Py_buffer from a C function,Python/C issue,None,False,None,0
113,How can I debug a (possible) Stack Overflow Error in C python extention?,Python/C issue,None,False,None,0
114,IPython behaves differently than CPython when interacting with c extension,Python/C issue,None,False,None,0
115,Core dumped while passing double array from C to python using c extension module for python,Python/C issue,None,False,None,0
116,What happened to Py_FlushLine in Python 3.3?,Python/C issue,None,False,None,0
117,Convert data values from Python to C,Python/C issue,None,False,None,0
118,How can I debug (potentially C-library related) memory issues using 64-bit Python on Windows?,Python/C issue,None,False,None,0
119,Serial Port Communication Issue in C Code on Linux,Python/C issue,None,False,None,0
120,Privileges/owner issue when writing in C:\ProgramData\,Python/C issue,None,False,None,0
121,"Issue system call from Python, get filename for output",Python/C issue,None,False,None,0
122,Anaconda in C Drive issue,Python/C issue,None,False,None,0
123,Segfault on PyDict_New() and python &gt;= 3.10,Python/C issue,None,False,None,0
124,Issues installing a python wrapper for a C program on Linux Subsystem for Windows,Python/C issue,None,False,None,0
125,Python extension written in Go ignores Ctrl+C,Python/C issue,None,False,None,0
126,Writing into a TCP socket from C to Python,Python/C issue,None,False,None,0
127,Python C wrapper for reading variable argument lengths,Python/C issue,None,False,None,0
128,How can I call a method from the C API where the number of arguments is known only at runtime?,Python/C issue,None,False,None,0
129,MariaDB Connector/Python installation issue on Ubuntu 20.04 (,Python/C issue,None,False,None,0
130,Using a python module&#39;s C API in my own C module,Python/C issue,None,False,None,0
131,How do you compile a C library with multiple dependencies into a Python package? Cmake?,Python/C issue,None,False,None,0
132,issue Letter Grades on python,Python/C issue,None,False,None,0
133,Have C library call python function with ctypes,Python/C issue,None,False,None,0
134,Python C API call to error() binds to libc implementation instead of a local one,Python/C issue,None,False,None,0
135,Python Linter installation issue with VScode,Python/C issue,None,False,None,0
136,SQlite Timestamp difference in Python and C,Python/C issue,None,False,None,0
137,Challenge of Translating Python Code to C: Implementing Luhn Algorithm for Checksum Calculation,Python/C issue,None,False,None,0
138,What is the most efficient option to implement a C based library into my python code?,Python/C issue,None,False,None,0
139,How to achieve polymorphism in Python C API?,Python/C issue,None,False,None,0
140,Python AF_UNIX client C server,Python/C issue,None,False,None,0
141,Python Installer: &quot;Error writing to file C:\Python27\pythonw.exe&quot;,Python/C issue,None,False,None,0
142,Debugger for Python C extension using Jupyter notebooks,Python/C issue,None,False,None,0
143,Python script avoid quitting when Ctrl-C is pressed,Python/C issue,None,False,None,0
144,Accessing void pointer values after passing from python cffi to C,Python/C issue,None,False,None,0
145,How to manage an object from a class defined in python using the C-Python API,Python/C issue,None,False,None,0
146,Windows 8 : `node-gyp rebuild` Exit status 1 installing contextify as dependency of zombie,Python/C issue,None,False,None,0
147,PKCS#7 Padding Issue with AES Encryption in C,Python/C issue,None,False,None,0
148,Convert a C style long to a Python style integer,Python/C issue,None,False,None,0
149,Python to C to Python call flow causing Segmentation fault,Python/C issue,None,False,None,0
150,VSCode Intellisense with Python C extension module (petsc4py),Python/C issue,None,False,None,0
151,"Transfer C-API partial(print, flush=True) function to imported modules when issuing PyRun_File",Python/C issue,None,False,None,0
152,"Python, stdout , C and SWIG",Python/C issue,None,False,None,0
153,Cross-compiled shared library won&#39;t link to libstdc++.so,Python/C issue,None,False,None,0
154,debugging c library called from python on windows,Python/C issue,None,False,None,0
155,Calling Python functions from inline C with scipy.weave,Python/C issue,None,False,None,0
156,How to run a C program with python Popen?,Python/C issue,None,False,None,0
157,Interprocess communication between c code and python,Python/C issue,None,False,None,0
158,Difference in Precision Between Python Function and C Function,Python/C issue,None,False,None,0
159,selenium python issue - invalid element state,Python/C issue,None,False,None,0
160,Shared Memory between C and Python on Raspberry Pi,Python/C issue,None,False,None,0
161,Python scripts hang on exception until ctrl-c,Python/C issue,None,False,None,0
162,Access Azure EventHub with WebSocket and proxy,Python/C issue,None,False,None,0
163,Function call overhead in C DLL for Python,Python/C issue,None,False,None,0
164,Deploying Django to AWS EB,Python/C issue,None,False,None,0
165,Segfault when running thread in C program after converting from Python,Python/C issue,None,False,None,0
166,Debugging *** glibc detected *** python: realloc(): invalid next size without Valgrind,Python/C issue,None,False,None,0
167,Python catching a wrapped C function error,Python/C issue,None,False,None,0
168,Issue using pip - ModuleNotFoundError: No module named &#39;html.parser&#39;,Python/C issue,None,False,None,0
169,doubles in embedded python,Python/C issue,None,False,None,0
170,Python C extension with openmp for OS X,Python/C issue,None,False,None,0
171,How to test my C program with Python (PyTest) in Travis?,Python/C issue,None,False,None,0
172,Issue consecutive commands in python?,Python/C issue,None,False,None,0
173,"Installing jsdom on nodejs, node-gyp ERROR: spawn ENOENT",Python/C issue,None,False,None,0
174,facing issue while setting up angular project in local from gitlab(not able to install npm locally),Python/C issue,None,False,None,0
175,How to build C extensions via poetry?,Python/C issue,None,False,None,0
176,Porting Quartz 2d python demo to pure Core Graphics C,Python/C issue,None,False,None,0
177,How to create architecture specific environments in tox,Python/C issue,None,False,None,0
178,PyCUDA Complex Matrix Multiplication - C code vs Python code,Python/C issue,None,False,None,0
179,"Python passing void pointer as parameter to C function (SWIG, Numpy)",Python/C issue,None,False,None,0
180,C / Python WinPCap Translation,Python/C issue,None,False,None,0
181,Could not find a version that satisfies the requirement tensorflow==1.0.0,Python/C issue,None,False,None,0
182,Using a structure defined in C header as a Python data type,Python/C issue,None,False,None,0
183,How to fix usage: setup.py [global_opts] cmd1 [cmd1_opts] issue?,Python/C issue,None,False,None,0
184,Compiling C code generated at runtime within Python,Python/C issue,None,False,None,0
185,Windows 10 unable detect the Python Environment Variable,Python/C issue,None,False,None,0
186,Prevent exit(1) from exiting Python when executing C-function from Python,Python/C issue,None,False,None,0
187,Communication between Python&lt;-&gt;Cython&lt;-&gt;C in multithreaded environment,Python/C issue,None,False,None,0
188,How to solve the segmentation fault issue when I use Python ctypes to call rs232.c?,Python/C issue,None,False,None,0
189,Debug in vim using pyclewn,Python/C issue,None,False,None,0
190,C and Python integration: name of callback function,Python/C issue,None,False,None,0
191,Communicating continuously between python script and C app,Python/C issue,None,False,None,0
192,Package C source files along with a Python package,Python/C issue,None,False,None,0
193,What is causing connection error 111 refused to connect,Python/C issue,None,False,None,0
194,import numpy - ImportError: DLL load failed while importing mtrand,Python/C issue,None,False,None,0
195,When I try to write to a file using python script in a batch file and then run it. It doesn&#39;t wr,Python/C issue,None,False,None,0
196,how to pass float* array to C method from python script whose memory allocation takes place in C lay,Python/C issue,None,False,None,0
197,Facing an issue with executing python package,Python/C issue,None,False,None,0
198,Intercommunication between Python MPI master and C MPI worker?,Python/C issue,None,False,None,0
199,Self-referencing class: concrete python class from C interface,Python/C issue,None,False,None,0
200,"Python wont run inside CMD, PS, or VS Code",Python/C issue,None,False,None,0
201,Why doesn&#39;t this Python keyboard interrupt work? (in PyCharm),Python/C issue,None,False,None,0
202,Python Wrapper to a C Callback,Python/C issue,None,False,None,0
203,Accessing C struct array to Python with SWIG,Python/C issue,None,False,None,0
204,How can you have Python packages in a C module?,Python/C issue,None,False,None,0
205,How can I convert Python number to 1 byte C type?,Python/C issue,None,False,None,0
206,Issues launching Python Interactive in VS Code,Python/C issue,None,False,None,0
207,Permission issue while downloading files from website using Python 2.7,Python/C issue,None,False,None,0
208,Python exit asyncio/websockets process with Ctrl-C,Python/C issue,None,False,None,0
209,use django: from &quot;python manage.py shell&quot; to python script,Python/C issue,None,False,None,0
210,Python vs C: different outputs,Python/C issue,None,False,None,0
211,Ctypes: passing string as argument from Python to C,Python/C issue,None,False,None,0
212,Embedding Python in C/C++,Python/C issue,None,False,None,0
213,Python C extension packaging DLL along with pyd,Python/C issue,None,False,None,0
214,Building c-extended Python package on Windows,Python/C issue,None,False,None,0
215,Cant install any modules with npm. Error:spawn C:\Users\.......Microsoft VS Code ENOENT,Python/C issue,None,False,None,0
216,How can I handle tp_print in C code with Python 3.8 on Mac?,Python/C issue,None,False,None,0
217,Running a file with arguments from python embedded within c,Python/C issue,None,False,None,0
218,C_Python not releasing buffer memory,Python/C issue,None,False,None,0
219,Python 3.6.3 installation issue on oracle linux,Python/C issue,None,False,None,0
220,elif statement in python invalid syntax,Python/C issue,None,False,None,0
221,C Method returning string to Python via ctypes,Python/C issue,None,False,None,0
222,Debugging a c-extension in python,Python/C issue,None,False,None,0
223,initialize c_char_p to pass to C function,Python/C issue,None,False,None,0
224,"Rookie Python-questions, array indexing issue",Python/C issue,None,False,None,0
225,Embedding Python in C: Error in linking - undefined reference to PyString_AsString,Python/C issue,None,False,None,0
226,equivalent of bitfield for C structure in python,Python/C issue,None,False,None,0
227,Python: unsigned 32 bit bitwise arithmetic,Python/C issue,None,False,None,0
228,very high level embedded Python in C / C++ application is not using Python from activated venv envir,Python/C issue,None,False,None,0
229,Why is splitting a string slower in C++ than Python?,Python/C issue,None,False,None,0
230,Module NOT found issue seen only when run Python code in Terraform,Python/C issue,None,False,None,0
231,Read access violation when calling size_t *size as *z,Python/C issue,None,False,None,0
232,How to bundle Python C extension libraries in an iOS app for App Store submission?,Python/C issue,None,False,None,0
233,Calling C function from Python (No Return Value),Python/C issue,None,False,None,0
234,OpenMP threaded C program stalls when calling python script (using matplotlib) in parallel region,Python/C issue,None,False,None,0
235,How to send data to Python script from C#,Python/C issue,None,False,None,0
236,Build python-mysqlclient against mariadb-connector-c,Python/C issue,None,False,None,0
237,How to send data from python to C using sockets (unix),Python/C issue,None,False,None,0
238,Py_Initialize crash on windows OS,Python/C issue,None,False,None,0
239,Robotframework Run issue with RIDE,Python/C issue,None,False,None,0
240,How to run chromedriver using Selenium (Windows 10)?,Python/C issue,None,False,None,0
241,Python-workfront not able to retrieve values from search,Python/C issue,None,False,None,0
242,Best method to call a C function from python code,Python/C issue,None,False,None,0
243,"I can use a python code to control LED connected to Raspberry, but using C it doesn&#39;t work",Python/C issue,None,False,None,0
244,"VScode,The Python path in your debug configuration is invalid",Python/C issue,None,False,None,0
245,`Ctrl + C` not working in input() in python when a shared-library is loaded which uses a signal hand,Python/C issue,None,False,None,0
246,segfault trying to print object in IPython but not in Python,Python/C issue,None,False,None,0
247,Pure Python XSLT library,Python/C issue,None,False,None,0
248,How is it that json serialization is so much faster than yaml serialization in Python?,Python/C issue,None,False,None,0
249,Django &amp; MongoDB has issue with default ID autoField on django models,Python/C issue,None,False,None,0
250,IPC Communication : Recieving a C application posted structure in python using POSIX IPC,Python/C issue,None,False,None,0
251,Jira create issue returns 405 python,Python/C issue,None,False,None,0
252,Extending Python with C on Windows - ImportError: DLL load failed: %1 is not a valid Win32 applicati,Python/C issue,None,False,None,0
253,"Python perform byte-wise operations on short, not int",Python/C issue,None,False,None,0
254,Issue with replacement of similar sub strings in Python,Python/C issue,None,False,None,0
255,Cython: Calling Python code from C program,Python/C issue,None,False,None,0
256,How to g_spawn (GLib) a Python script from a C program,Python/C issue,None,False,None,0
257,Python 3.7 Issue with append function,Python/C issue,None,False,None,0
258,R//C circuit in time domain in Python,Python/C issue,None,False,None,0
259,Python os.system() call runs in incorrect directory,Python/C issue,None,False,None,0
260,python 2.7 windows silent installer (.msi) - command-line option to set the path?,Python/C issue,None,False,None,0
261,Error importing &#39;pandas&#39; in python 2.7.12,Python/C issue,None,False,None,0
262,Having trouble in importing sikuli modules in python . I am using RIDE to run python script,Python/C issue,None,False,None,0
263,Debug python coredump with python callstack,Python/C issue,None,False,None,0
264,Python simple tutorial variable not defined issue,Python/C issue,None,False,None,0
265,Import error in Python for libcurl library,Python/C issue,None,False,None,0
266,Creating a python callback for a C function from a DLL with a char buffer.,Python/C issue,None,False,None,0
267,Python list memory reallocation issue,Python/C issue,None,False,None,0
268,No Module Named elasticsearch - Python 3.7.9- WIndows 10,Python/C issue,None,False,None,0
269,Python Syntax Error on Data Cast in R Script Issue,Python/C issue,None,False,None,0
270,How to treat output arguments like char** array in python?,Python/C issue,None,False,None,0
271,Python double pointer,Python/C issue,None,False,None,0
272,How to use PyArg_ParseTuple to get an unconverted PyObject,Python/C issue,None,False,None,0
273,Tensorflow_datasets import issue &quot;Python int too large to convert to C long&quot;,Python/C issue,None,False,None,0
274,Nuitka - convert Python to C: Cannot locate suitable C Compiler,Python/C issue,None,False,None,0
275,C regex performance,Python/C issue,None,False,None,0
276,&quot;The system cannot find the path specified…..\AppData\Local\Programs\Python\Python313\python.ex,Python/C issue,None,False,None,0
277,Problem installing MariaDB Python bindings on Raspberry Pi OS--how to get the latest Connector/C?,Python/C issue,None,False,None,0
278,How to run a python UI test script on a remote windows machine from an ubuntu22.04 manager vm using ,Python/C issue,None,False,None,0
279,"Returning array in C, Sudoku Solver",Python/C issue,None,False,None,0
280,How do I debug in visual studio code a python program that calls c functions in a shared library fro,Python/C issue,None,False,None,0
281,Using c-python APIs to run Python code in CPP code in some thread,Python/C issue,None,False,None,0
282,Wrapping/Casting C struct in Cython to Python class,Python/C issue,None,False,None,0
283,No stdout/stdin when calling python script from powershell,Python/C issue,None,False,None,0
284,&#39;python&#39; is not recognized as an internal or external command python setup.py build_ext --in,Python/C issue,None,False,None,0
285,After giving content root path to python from spark im getting this error,Python/C issue,None,False,None,0
286,Python: Heaptypes with metaclasses,Python/C issue,None,False,None,0
287,PyArg_ParseTuple causes segfault when passing pointer instead of address,Python/C issue,None,False,None,0
288,"After Python to C conversion via Cython, getting undefined symbol _Py_CheckRecursionLimit",Python/C issue,None,False,None,0
289,Using a c library from python (undefined reference),Python/C issue,None,False,None,0
290,Python Struggling to create an C extension wrapping a 3rd party dll,Python/C issue,None,False,None,0
291,Folder as python String wit \_,Python/C issue,None,False,None,0
292,Programatically get Python cflags and libs for compiling C extension,Python/C issue,None,False,None,0
293,Running a C callback function inside an Objective-C completion block,Python/C issue,None,False,None,0
294,Multiple versions of Python 2.7 on Windows 10,Python/C issue,None,False,None,0
295,cython tutorial &#39;using c libraries&#39; is confusing,Python/C issue,None,False,None,0
296,Running ioctl in Python returns ENOTTY - inappropriate ioctl for device,Python/C issue,None,False,None,0
297,Python interpreter yielding control back to C caller on asynchronous operation,Python/C issue,None,False,None,0
298,Issue with existing system Python and installing Anaconda for a new Python - new to programming,Python/C issue,None,False,None,0
299,Python Ctypes memory allocation for c function,Python/C issue,None,False,None,0
300,How does ctypes pass arrays from Python to C?,Python/C issue,None,False,None,0
301,Issue in Compling C++ method in Eclipse and calling C++ method from python,Python/C issue,None,False,None,0
302,Calling a shared library function from Python hangs (possible thread / interrupt issue),Python/C issue,None,False,None,0
303,Collapse python comment in vs code,Python/C issue,None,False,None,0
304,Import to my python code a c library i made using swig,Python/C issue,None,False,None,0
305,Get copy of some protected files system windows with Python?,Python/C issue,None,False,None,0
306,How to prevent subprocesses from receiving CTRL+C / Control+C / SIGINT,Python/C issue,None,False,None,0
307,PIP and path issue on Windows 10,Python/C issue,None,False,None,0
308,Python bug: null byte in input prompt,Python/C issue,None,False,None,0
309,Issue with ‘reticulate’ Not Recognizing ‘numpy’ Installation in R,Python/C issue,None,False,None,0
310,Getting Python to read a FIFO Named Pipe - works in C but not in Python,Python/C issue,None,False,None,0
311,Getting AppTrace for Google App Engine working with Python 2.7 on OSX 10.8.2,Python/C issue,None,False,None,0
312,Obtaining output of a C program in python,Python/C issue,None,False,None,0
313,Is nvcc necessary for pytorch to use GPU,Python/C issue,None,False,None,0
314,NPM Can&#39;t Find Python Correctly - Error &quot;python is not a valid npm option&quot;,Python/C issue,None,False,None,0
315,Strings operation issue while switching from python 2.x to python 3,Python/C issue,None,False,None,0
316,KIVY (Python) thread fails to download a file by calling an Objective C method in iOS,Python/C issue,None,False,None,0
317,How to free memory allocated by external C libraries interfacing with Cython module where the memory,Python/C issue,None,False,None,0
318,How to know what library could not be found when Python fails to import a C module?,Python/C issue,None,False,None,0
319,Accessing C array in golang,Python/C issue,None,False,None,0
320,C module import in Python (Using Cython),Python/C issue,None,False,None,0
321,C extensions - how to redirect printf to a python logger?,Python/C issue,None,False,None,0
322,How can I debug a python application,Python/C issue,None,False,None,0
323,Finding the simplest way to wrap a double-&gt;double C function to Python,Python/C issue,None,False,None,0
324,Installing pure C library for Python Package,Python/C issue,None,False,None,0
325,Strange behavior when running multiple parallel Python processes calling C DLL,Python/C issue,None,False,None,0
326,Error in running Python script that import Numpy in C program,Python/C issue,None,False,None,0
327,Call c function from python wouldn&#39;t work,Python/C issue,None,False,None,0
328,"python-send-buffer (Emacs 24, Windows7)",Python/C issue,None,False,None,0
329,Measuring coverage of C library called in python process,Python/C issue,None,False,None,0
330,OpenCv with Python 3.8,Python/C issue,None,False,None,0
331,Python Super Resolution Keras issue,Python/C issue,None,False,None,0
332,Loading Python Module in C++ from relative path,Python/C issue,None,False,None,0
333,How can I prevent a specific shared library from loading?,Python/C issue,None,False,None,0
334,vscode &quot;no refactorings available&quot; for python,Python/C issue,None,False,None,0
335,"Python 3 installation, additional to existing Python 2 on Windows: Fatal Python error: Py_Initialize",Python/C issue,None,False,None,0
336,Can i create my Django project in C drive?,Python/C issue,None,False,None,0
337,Ctypes: Error in Returning struct pointer and accessing its elements,Python/C issue,None,False,None,0
338,buffer allocation through callback (python ctypes),Python/C issue,None,False,None,0
339,Python 3.63 Windows 10 compile C code,Python/C issue,None,False,None,0
340,Nokia 5110 LCD initialization issue,Python/C issue,None,False,None,0
341,32 bit long vs 64 bit long,Python/C issue,None,False,None,0
342,Python Ctypes struct with bitfields has a different memory layout than the struct in C,Python/C issue,None,False,None,0
343,Correct way to handle Ctrl-C in Python on Linux,Python/C issue,None,False,None,0
344,Facing issue while importing MDTabs in KIvyMD[Python],Python/C issue,None,False,None,0
345,Pip not recognized as internal or external command (even after adding PATH variables),Python/C issue,None,False,None,0
346,Python for loop issues,Python/C issue,None,False,None,0
347,"Anaconda, Jupyter Notebook and MissingIDFieldWarning",Python/C issue,None,False,None,0
348,Running Python in CMD not working,Python/C issue,None,False,None,0
349,Issues running python using Intergrated Terminal in Visual Studio,Python/C issue,None,False,None,0
350,python_x64 + C library compiled with mingw_x64 on Windows7 Py_InitModule4,Python/C issue,None,False,None,0
351,python having issue to load dll,Python/C issue,None,False,None,0
352,"ImportError: sys.meta_path is None, Python is likely shutting down",Python/C issue,None,False,None,0
353,Python 3.8 DLL Issue - ImportError: DLL load failed while importing _libprojectApiPy38_64: The speci,Python/C issue,None,False,None,0
354,Pyserial issue: Not able to load,Python/C issue,None,False,None,0
355,writing string as element attribute of xml file using embedded python in C,Python/C issue,None,False,None,0
356,Replace an existing function pointer in a shared library with a python callback without a helper C f,Python/C issue,None,False,None,0
357,Equivalent of subprocess.call() in C,Python/C issue,None,False,None,0
358,OSError: exception: access violation reading 0x0000000000000000. Using .dll in python but I get an e,Python/C issue,None,False,None,0
359,Flask Python - basic program does not work,Python/C issue,None,False,None,0
360,Detect SIGUSR1 in C code and print Hello World,Python/C issue,None,False,None,0
361,"Call Python from R, to use Arcmap requires Python 26",Python/C issue,None,False,None,0
362,Node.js issue :: Angular is not defined :: cannot fined bower packages :: nodegyp vs Python,Python/C issue,None,False,None,0
363,Django first migration issue,Python/C issue,None,False,None,0
364,Ctypes Issue - Impossible to work with 64-bits DLL versus 32-bits DLL - OSError: exception: access v,Python/C issue,None,False,None,0
365,Can&#39;t run .py in a different python version,Python/C issue,None,False,None,0
366,Module installed according to pip freeze but unable to import in virtual environment,Python/C issue,None,False,None,0
367,Uninstalling some python packages deletes c:\Pythonxy link,Python/C issue,None,False,None,0
368,Python program is not executing from php,Python/C issue,None,False,None,0
369,py4j.protocol.Py4JError: org.apache.spark.api.python.PythonUtils.getEncryptionEnabled does not exist,Python/C issue,None,False,None,0
370,Python OpenSSL : Importerror : cannot import name integer_types,Python/C issue,None,False,None,0
371,"backtracking Suduko solving, working in C, error in Python",Python/C issue,None,False,None,0
372,Conway&#39;s Game of Life problem from python to C,Python/C issue,None,False,None,0
373,Proper way to call a different method from the same C-extension module?,Python/C issue,None,False,None,0
374,C basic increasing/decreasing issue in for loop,Python/C issue,None,False,None,0
375,Unable to import python module (.py file) from a C-Based Dynamic Link Library (DLL) called by JNI,Python/C issue,jni,True,jni,1
376,Docker with Python3 and C extension using popen() causes segmentation fault,Python/C issue,None,False,None,0
377,Python slow read performance issue,Python/C issue,None,False,None,0
378,Issue in Python - AcloudguruDL,Python/C issue,None,False,None,0
379,PySide Installation error with Command &quot;python setup.py egg_info&quot; failed with error code 1,Python/C issue,None,False,None,0
380,&quot;C:\torch\lib\fbgemm.dll&quot; or one of its dependencies,Python/C issue,None,False,None,0
381,Python ctype help: working with C unsigned char pointers,Python/C issue,None,False,None,0
382,Visual-Studio-Python-: Debugger speedups using cython not found,Python/C issue,None,False,None,0
383,Using pip with venv,Python/C issue,None,False,None,0
384,Running gcov on shared library from python script,Python/C issue,None,False,None,0
385,Disappearing pip as part of Python 3.8 installation,Python/C issue,None,False,None,0
386,Python function evaluation issue,Python/C issue,None,False,None,0
387,How to Import .py file with third-party package(like numpy) from C?,Python/C issue,None,False,None,0
388,Error when importing python igraph in OSX 10.10.5 by anaconda (libxml2.2.dylib),Python/C issue,None,False,None,0
389,issue in installing dbus-python package on rocky linux 8.5 with python3.7.11,Python/C issue,None,False,None,0
390,Segmentation faults and memory leaks while calling GMP C functions from Python,Python/C issue,None,False,None,0
391,"pip is configured with locations that require TLS/SSL, however the ssl module in Python is not avail",Python/C issue,None,False,None,0
392,Can&#39;t pass arguments to Python function while embedding Python in C++,Python/C issue,None,False,None,0
393,Python: TypeError while using os.environ.get,Python/C issue,None,False,None,0
394,Python Importing cx_Oracle ImportError: DLL load failed. It could not be found,Python/C issue,None,False,None,0
395,Running python code through Cython with command line arguments,Python/C issue,None,False,None,0
396,ModuleNotFound exception with zipapp and compiled C code,Python/C issue,None,False,None,0
397,"What technologies are good for sending encapsulated data, and later converting it, between Python an",Python/C issue,None,False,None,0
398,Custom C module includes,Python/C issue,None,False,None,0
399,"Python for Maya - Invalid arguments for flag &#39;c&#39;. Expected string or function, got NoneType",Python/C issue,None,False,None,0
400,Python sendall() vs C write(),Python/C issue,None,False,None,0
401,Unhashable type in python,Python/C issue,None,False,None,0
402,Is it safe to implement delegation in python using inheritance like in swift or objective-c?,Python/C issue,None,False,None,0
403,Access OpenSSL FIPS APIs from python ctypes not working,Python/C issue,None,False,None,0
404,Successive Over-relaxation Method and Python int too large to convert to C long,Python/C issue,None,False,None,0
405,Can&#39;t embed a Python script that imports tensorflow in a C program that is linked against libten,Python/C issue,None,False,None,0
406,Adding Python 2.7 &amp; 3.x Interpreters to PyCharm,Python/C issue,None,False,None,0
407,Error importing c module compiled with Cython into python module on Mac,Python/C issue,None,False,None,0
408,Issues with Python ctypes &#39;_as_parameter_&#39; and &#39;from_param&#39; on OS X,Python/C issue,None,False,None,0
409,Python: Issue with character encoding,Python/C issue,None,False,None,0
410,RSA encoding in PyCrypto vs C -- RSA_PKCS1_PADDING,Python/C issue,None,False,None,0
411,C Python Module -- ImportError: Symbol not found: _Py_InitModule4_64,Python/C issue,None,False,None,0
412,Fitting 3D ellipsoid to a set of 3D data points,Python/C issue,None,False,None,0
413,c# and python no longer able to find files,Python/C issue,None,False,None,0
414,issues with cx_freeze and python 3.2.2?,Python/C issue,None,False,None,0
415,How to install python-levenshtein on Windows?,Python/C issue,None,False,None,0
416,URL Safe Base64 in Objective-C,Python/C issue,None,False,None,0
417,Python UDF with multiple arguments,Python/C issue,None,False,None,0
418,Error &quot;name &#39;clip&#39; is not defined&quot; when using CLIP with FastSam,Python/C issue,None,False,None,0
419,how to read from microphone in python,Python/C issue,None,False,None,0
420,Why I cannot using TensorArray.gather() in @tf.function?,Python/C issue,None,False,None,0
421,Enumerator as ctypes argument in Python,Python/C issue,None,False,None,0
422,Parameter Type Error in C based Python Package,Python/C issue,None,False,None,0
423,python version 3.11.3 installation,Python/C issue,None,False,None,0
424,why powershell terminal in vscode show path,Python/C issue,None,False,None,0
425,How to make Python object behave like a numpy array?,Python/C issue,None,False,None,0
426,"Access Denied when I tried setting my own VENV in python, what do I do?",Python/C issue,None,False,None,0
427,Python Selenium Right Click,Python/C issue,None,False,None,0
428,Storing unsafe C derivative of temporary Python reference,Python/C issue,None,False,None,0
429,Cannot see terminal input after quitting python interpreter,Python/C issue,None,False,None,0
430,Error while using python file generated from SWIG (generated from C++),Python/C issue,None,False,None,0
431,Unpack C struct with Python transferred via I2C,Python/C issue,None,False,None,0
432,How to wrap a C inner loop in Cython,Python/C issue,None,False,None,0
433,"Autocomplete-Python not working, ATOM, Error from jed, grammer 3.9.txt not found",Python/C issue,None,False,None,0
434,Error when converting C code to Web Assembly,Python/C issue,None,False,None,0
435,Error while installing snowflake-connector-python,Python/C issue,None,False,None,0
436,Multiple calls to import a python module from C results in a s SEGFAULT,Python/C issue,None,False,None,0
437,Memory Leaks in Python with C API,Python/C issue,None,False,None,0
438,Using a struct as a function argument with the python ctypes module,Python/C issue,None,False,None,0
439,ImportError with python-pptx,Python/C issue,None,False,None,0
440,Passing parameters to dll using ctype.,Python/C issue,None,False,None,0
441,Reverting Anaconda compiler back to GCC 7.3.0,Python/C issue,None,False,None,0
442,Error when converting LaTeX-generated PDF to PNG using ImageMagick&#39;s convert command in Python,Python/C issue,None,False,None,0
443,Error in running function from dll python(ctypes),Python/C issue,None,False,None,0
444,Python - Pyinstaller: Invalid Syntax Error,Python/C issue,None,False,None,0
445,Python multithreading call to C not getting around global interpreter lock (GIL),Python/C issue,None,False,None,0
446,Pip &quot;install&quot; Installs in Jython instead of python,Python/C issue,None,False,None,0
447,1st Python file creation in Notepad on Windows getting error,Python/C issue,None,False,None,0
448,Python os.path.exists issue with variables,Python/C issue,None,False,None,0
449,Is there a way to enable the inconsistent whitespace check (-t) in Python by default,Python/C issue,None,False,None,0
450,Can I relink enthought python to new version of openssl on Mac OS X?,Python/C issue,None,False,None,0
451,How to move files from C Drive to a Network Drive in Python?,Python/C issue,None,False,None,0
452,python-shell not working in emacs,Python/C issue,None,False,None,0
453,Executing command line program (Abaqus-python script) from python script,Python/C issue,None,False,None,0
454,"Issues installing pyzmail or imapclient on python 3.5, pip throws a value and syntax error",Python/C issue,None,False,None,0
455,can&#39;t pip install mysql-python,Python/C issue,None,False,None,0
456,How to include file path which is a Python string in Outlook email body?,Python/C issue,None,False,None,0
457,Python path and virtualenv problems on windows,Python/C issue,None,False,None,0
458,Segmentation Fault - declare and init array in C,Python/C issue,None,False,None,0
459,Python 3.10 silent install for all users is NOT shown in Add remove program for all users,Python/C issue,None,False,None,0
460,Making sure a Python script with subprocesses dies on SIGINT,Python/C issue,None,False,None,0
461,Convert a python file into an executable with cx_Freeze then get error AttributeError: &#39;list&#39,Python/C issue,None,False,None,0
462,Geany-Python path execution failure,Python/C issue,None,False,None,0
463,Issue with executing a python script,Python/C issue,None,False,None,0
464,Python 2/3 difference in ctypes.cast while trying to copy an array created in C into numpy,Python/C issue,None,False,None,0
465,How to fix &quot;Error: spawn c:\Python\27\python.exe ENOENT&quot;,Python/C issue,None,False,None,0
466,Adding Big Ints from Array in C Results in No Output,Python/C issue,None,False,None,0
467,Python Hivex Issue - Device or resource is busy,Python/C issue,None,False,None,0
468,How to call 2 linked shared library in python,Python/C issue,None,False,None,0
469,Issue while runing a python script which has dependency of other files from a terminal?,Python/C issue,None,False,None,0
470,exiting a running command in python,Python/C issue,None,False,None,0
471,embedding python into c++ library,Python/C issue,None,False,None,0
472,"Replace line in C file, python",Python/C issue,None,False,None,0
473,Python Script does not take sys.argv in Windows,Python/C issue,None,False,None,0
474,Python string index and character comparing,Python/C issue,None,False,None,0
475,Running Custom C over ssh with paramiko,Python/C issue,None,False,None,0
476,Similar cython issue installing python packages on centos6.6,Python/C issue,None,False,None,0
477,Unable to npm install secp256k1,Python/C issue,None,False,None,0
478,zip unpacking with lampda in spark python 3.5,Python/C issue,None,False,None,0
479,Encrypt data using Objective-C and Decrypt in Python,Python/C issue,None,False,None,0
480,Sending JPEG NSData over TCP to Python server,Python/C issue,None,False,None,0
481,pip command is not working after upgrade from 19.2.3 to 20.0,Python/C issue,None,False,None,0
482,How do I properly deal with Message Boundary Issue in Python TCP Socket Client/Server?,Python/C issue,None,False,None,0
483,Python 3.x ctype c_wchar_p and c_char_p return status different from ctypes doc,Python/C issue,None,False,None,0
484,Installing Django when Python is already installed through Anaconda?,Python/C issue,None,False,None,0
485,Unable to create v. environment for Python 2.17. Runtime error: failed to query python.exe,Python/C issue,None,False,None,0
486,creating a dependency tree of C functions in Python,Python/C issue,None,False,None,0
487,Cannot upload a file using autoit in selenium python IE 11,Python/C issue,None,False,None,0
488,How to implement pointer of typedef&#39;d variable into SWIG? argument 2 of type &#39;BYTE const *&#,Python/C issue,None,False,None,0
489,raw_input() and sys.stdin misbehaves on CTRL-C,Python/C issue,None,False,None,0
490,Why doesn&#39;t python use its own argparse library for its associated --hhelp?,Python/C issue,None,False,None,0
491,Include python extension module written in C - Error importing MAXREPEAT,Python/C issue,None,False,None,0
492,SIGSEGV in C extension for Python,Python/C issue,None,False,None,0
493,C++ with Python embedding: crash if Python not installed,Python/C issue,None,False,None,0
494,Undefined symbol with Python extention using OpenCV C API,Python/C issue,None,False,None,0
495,Python-magic installation error - ImportError: failed to find libmagic,Python/C issue,None,False,None,0
496,Cython: Passing pointer created by Python wrapper class to C function,Python/C issue,None,False,None,0
497,Why does this code get interpreted by python 2 instead of python 3?,Python/C issue,None,False,None,0
498,Running a python program from a terminal issue,Python/C issue,None,False,None,0
499,Python 2.7.9 PyBrain issue with SciPy,Python/C issue,None,False,None,0
500,foreign libraries in a shared library,foreign library,None,False,None,0
501,Acces foreign library from cabal2nix in andother derivation,foreign library,None,False,None,0
502,Why load-foreign-library does not work in ECL?,foreign library,None,False,None,0
503,how to use foreign key in Room persistence library,foreign library,None,False,None,0
504,Cabal can&#39;t find foreign library when building on NixOS,foreign library,None,False,None,0
505,How to get the absolute paths of foreign libraries from cffi:list-foreign-libraries?,foreign library,None,False,None,0
506,C++ project structure with foreign libraries,foreign library,None,False,None,0
507,Creating a Foreign Library in Haskell,foreign library,None,False,None,0
508,Guile foreign-library-function fails,foreign library,None,False,None,0
509,Finding foreign library with cabal using nix-shell,foreign library,None,False,None,0
510,Haskell how to resolve cabal error: Missing dependencies on foreign libraries?,foreign library,None,False,None,0
511,foreign library can&#39;t be loaded,foreign library,None,False,None,0
512,cryptopp foreign library dependency,foreign library,None,False,None,0
513,How can I make sure ASDF loads a dynamic foreign library every time my system is loaded?,foreign library,None,False,None,0
514,Cabal can&#39;t find foreign libraries,foreign library,None,False,None,0
515,How do I force a CFFI-defined foreign library to use a specific version of a shared library?,foreign library,None,False,None,0
516,Linking against GHC-WASM foreign library?,foreign library,None,False,None,0
517,foreign non-C library,foreign library,None,False,None,0
518,python ctypes foreign library initialization and uninitialization,foreign library,None,False,None,0
519,using a foreign library in sbcl - uffi or cffi?,foreign library,None,False,None,0
520,Encryption of foreign characters with javascript library does not work,foreign library,None,False,None,0
521,Adding a directory globally to cffi:*foreign-library-directories*,foreign library,None,False,None,0
522,Installing GLUT fails due to missing foreign library - ghc7.8,foreign library,None,False,None,0
523,Visual Studio Code autocompletion doesn&#39;t seem to work for JavaScript on foreign libraries e.g. ,foreign library,None,False,None,0
524,Library database design foreign key,foreign library,None,False,None,0
525,How can I load a foreign library using Guile Scheme?,foreign library,None,False,None,0
526,.NET Core in Linux and DLLImport from foreign library,foreign library,None,False,None,0
527,Android Room Persistence Library: Upsert,foreign library,None,False,None,0
528,How can I dynamically load a foreign library?,foreign library,None,False,None,0
529,Django foreign key issue with django-import-export library (IntegrityError at /import/ FOREIGN KEY c,foreign library,None,False,None,0
530,Including foreign shared library when running a binary with qemu,foreign library,None,False,None,0
531,PyInstaller can&#39;t run a program with a foreign library,foreign library,None,False,None,0
532,How to use &quot;foreign&quot; JavaScript dependencies in Clojurescript?,foreign library,None,False,None,0
533,ORM library for automatically mapping foreign keys in Python or Ruby,foreign library,None,False,None,0
534,CFFI Not Loading Dependent Libraries?,foreign library,None,False,None,0
535,How to make a music library using phpMyAdmin and Foreign Keys?,foreign library,None,False,None,0
536,Using PyRserve to call library(foreign) in Python,foreign library,None,False,None,0
537,"issue with accessing c++ library using fastcall. (javascript, nodejs, foreign function interface)",foreign library,None,False,None,0
538,"(`library`.`book_loans`, CONSTRAINT `book_loans_ibfk_3` FOREIGN KEY (`isbn`) REFERENCES `book` (`isb",foreign library,None,False,None,0
539,Insert entity into DB with manually created foreign key in Persistent library (Haskell),foreign library,None,False,None,0
540,"How to solve &quot;unexpected keyword argument&quot; with python-attrs construct, so that mypy is ha",foreign library,None,False,None,0
541,Link a foreign C library with Haskell,foreign library,None,False,None,0
542,Cabal missing dependencies on foreign libraries when install glib under Windows,foreign library,None,False,None,0
543,How do I make the fixtures library ignore foreign keys in SQLalchemy,foreign library,None,False,None,0
544,Cabal: missing dependency on foreign C library,foreign library,None,False,None,0
545,a binary read error occurred when using read.dta13 on a .dta file,foreign library,None,False,None,0
546,How to interface between a foreign language and a C++ library which returns shared pointers,foreign library,None,False,None,0
547,"In terms of Security, should I add foreign key to AspNetUser, and use in class Library",foreign library,None,False,None,0
548,&quot;unexpected end of file&quot; when call a foreign Library via a socket connection in Python,foreign library,None,False,None,0
549,GHC can&#39;t find foreign library (libjack.lib) that works with mingw gcc (but not mingw-w64),foreign library,None,False,None,0
550,"On OS X, with SLIME, inferior lisp stopped when loading foreign libraries",foreign library,None,False,None,0
551,Two Foreign Keys on one column,foreign library,None,False,None,0
552,Destructor called form inappropriate library,foreign library,None,False,None,0
553,Uploading a CSV file with foreign key into Django,foreign library,None,False,None,0
554,SFTP::Foreign (Perl Library) login issue using RAS key,foreign library,None,False,None,0
555,"Porting JNA code to Foreign Function &amp; Memory API (FFM), fails for String[] returned from C libr",foreign library,jna,True,jna,1
556,Error importing SPSS data into R,foreign library,None,False,None,0
557,convert list to dot-separated string,foreign library,None,False,None,0
558,Returning a string from a C library to OCaml using CTypes and Foreign,foreign library,None,False,None,0
559,Typescript declaration for exported class instance,foreign library,None,False,None,0
560,Sqlite Foreign Keys,foreign library,None,False,None,0
561,Should Foreign Keys have corresponding getters and setters in Room Persistence Library?,foreign library,None,False,None,0
562,How to define foreign key in GORM library model referencing to another table id?,foreign library,None,False,None,0
563,can&#39;t find sqlite3 and libsqlite3 on windows,foreign library,None,False,None,0
564,How to install lisp sdl in windows 10(Unable to load foreign library (LIBSDL2). Error opening shared,foreign library,None,False,None,0
565,chez scheme - load-shared-object based on platform,foreign library,None,False,None,0
566,TCLK error when I run &#39;validate&#39; from the rms package,foreign library,None,False,None,0
567,Passing a string to a C library from OCaml using Ctypes and Foreign,foreign library,None,False,None,0
568,Autoconf: linker error linking against custom library,foreign library,None,False,None,0
569,SWI-Prolog: how to load rdf triples using semweb/rdf_db library?,foreign library,None,False,None,0
570,How to merge multpile c files into a shared library for foreign function interface,foreign library,None,False,None,0
571,Extending or Overriding a foreign BaseClass to add functionality that is then also present in foreig,foreign library,None,False,None,0
572,Django foreign key vs complex query,foreign library,None,False,None,0
573,null value in foreign key,foreign library,None,False,None,0
574,Foreign keys in FMDatabaseQueue,foreign library,None,False,None,0
575,Django import-export foreign key,foreign library,None,False,None,0
576,Opening many large SAS files in R,foreign library,None,False,None,0
577,Code First nullable Foreign Key not recognized,foreign library,None,False,None,0
578,Python patch item assignment,foreign library,None,False,None,0
579,I want to use codeigniter foreign character library in my custom PHP project how i can use it?,foreign library,None,False,None,0
580,libGDX project can&#39;t load library liblwjgl.dylib,foreign library,None,False,None,0
581,Does EFCore.BulkExtensions disable foreign key checks when SetOutputIdentity = false?,foreign library,None,False,None,0
582,Android Room compile-time warning about column in foreign key not part of an index. What does it mea,foreign library,None,False,None,0
583,Can anyone help me write a R data frame as a SAS data set?,foreign library,None,False,None,0
584,&quot;Unable to load any of the alternatives&quot; when using Quicklisp to install CL+SSL even after,foreign library,None,False,None,0
585,How to display data in recyclerview depending on foreign key using Room library,foreign library,None,False,None,0
586,sqlite-net and Foreign keys,foreign library,None,False,None,0
587,Best Subset regression on test sample (after k-fold),foreign library,None,False,None,0
588,cabal install wx Missing C library,foreign library,None,False,None,0
589,Can&#39;t we use foreign libraries while doing questions on codechef and other famous coding website,foreign library,None,False,None,0
590,How to know that the library is compiled with no particular entries defined?,foreign library,None,False,None,0
591,What is the correct way to obtain a String from a Foreign Function that returns a char pointer,foreign library,None,False,None,0
592,Set VHDL foreign attribute based on generic,foreign library,None,False,None,0
593,How to create a foreign key in swift sqlite3?,foreign library,None,False,None,0
594,Adding the same foreign key to 96 columns of a table,foreign library,None,False,None,0
595,How to create a table with a two or more foreign keys using Android Room?,foreign library,None,False,None,0
596,Modify Foreign Key Relationships in TSQL,foreign library,None,False,None,0
597,Rails plugin to find missing foreign keys,foreign library,None,False,None,0
598,Can gorm.DB automatically resolve foreign keys?,foreign library,None,False,None,0
599,Foreign Key Error - ERROR 1005 (HY000) ... Can&#39;t create table ... `stored_on` (errno: 150),foreign library,None,False,None,0
600,Compiled program cannot find a library,foreign library,None,False,None,0
601,Win32 MessageBox with SBCL foreign interface,foreign library,None,False,None,0
602,foreign key in testing django with factory boy doesn&#39;t work,foreign library,None,False,None,0
603,Foreign key for different entities,foreign library,None,False,None,0
604,Is there a way of speeding up the .fit() method in the python&#39;s library SDV?,foreign library,None,False,None,0
605,Sql queries using foreign key relationship,foreign library,None,False,None,0
606,Python Dir(**smtn**) in C#,foreign library,None,False,None,0
607,"Rust and loader paths (@rpath, @loader_path) on OS X",foreign library,None,False,None,0
608,Acceptable foreign key use,foreign library,None,False,None,0
609,PHP: how do I convert foreign characters from simple_html_dom to UTF8?,foreign library,None,False,None,0
610,Create foreign key from auth_group_permissions table in django,foreign library,None,False,None,0
611,SqlAlchemy update table through foreign key,foreign library,None,False,None,0
612,list exported functions from dll with ctypes,foreign library,None,False,None,0
613,MySQL Insert Statement foreign key auto add pk,foreign library,None,False,None,0
614,C++ construct a series of interdependant classes with no default constructor?,foreign library,None,False,None,0
615,Django import-export library ForeignKey error (IntegrityError: FOREIGN KEY constraint failed in djan,foreign library,None,False,None,0
616,Want to create Neo4j Nodes relationships using APOC and foreign key constraint auto,foreign library,None,False,None,0
617,Can&#39;t get C2HS with &quot;foreign&quot; Pointers to work,foreign library,None,False,None,0
618,SequelizeJS migration: Adding multiple foreign keys to the same model?,foreign library,None,False,None,0
619,"Linq to SQL, insert row with foreign keys",foreign library,None,False,None,0
620,foreign key prevents deletion of data in mysql,foreign library,None,False,None,0
621,how to let matplotlib show foreign language without font_manager,foreign library,None,False,None,0
622,Knowing specifically which FOREIGN KEY constraint failed in SQLite,foreign library,None,False,None,0
623,Haskell: Missing C library on Arch Linux works on Ubuntu,foreign library,None,False,None,0
624,Debug object names from GHC,foreign library,None,False,None,0
625,sqlite select query with foreign key for another table,foreign library,None,False,None,0
626,handle snippet code wrtten in C for large numbers,foreign library,None,False,None,0
627,"Is the The Python Library Reference, Release 3.6.5, paragraph 16.16 ctypes — A foreign function libr",foreign library,None,False,None,0
628,EntityFramework.Extended Audit - foreign key property IsRelationship always false,foreign library,None,False,None,0
629,Hibernate join without foreign key and map only a table,foreign library,None,False,None,0
630,Common Lisp: standalone executable and shared C library,foreign library,None,False,None,0
631,Django insert model foreign key,foreign library,None,False,None,0
632,recommended naming convention for cffi/foreign types,foreign library,None,False,None,0
633,"Ecto - Foreign key constraint on table A for table B or C, but not both B &amp; C",foreign library,None,False,None,0
634,Importing an exported Mac-generated R dataset into SAS on Windows XP?,foreign library,None,False,None,0
635,Sync Framework 2.1 Foreign key constraints,foreign library,None,False,None,0
636,Cannot add a Primary Key to AS400 table because of foreign key that doesn&#39;t exist,foreign library,None,False,None,0
637,Best way to package a Python library that includes a C shared library?,foreign library,None,False,None,0
638,Control foreign objects created by other canvas libraries,foreign library,None,False,None,0
639,Libraries &quot;rt&quot; and &quot;dl&quot; in Cygwin,foreign library,None,False,None,0
640,Room Persistence Library transactions,foreign library,None,False,None,0
641,Laravel hasMany and belongsTo parameters,foreign library,None,False,None,0
642,get primary key to put as foreign key in other table,foreign library,None,False,None,0
643,Django foreign key constraint with Model that lives in different database,foreign library,None,False,None,0
644,Foreign Key dependency on another Foreign Key as it&#39;s parent key,foreign library,None,False,None,0
645,How to use IResultSetMapper in Enterprise Library?,foreign library,None,False,None,0
646,Entity Framework 6 could not create a foreign key,foreign library,None,False,None,0
647,"Error in Installing linear algebra library (lla) for Common Lisp (CLISP) - Emacs SLIME, Quicklisp",foreign library,None,False,None,0
648,Is there a way to get data from tables which contain same foreign key?,foreign library,None,False,None,0
649,Map include path to different directory,foreign library,None,False,None,0
650,R export to SAS using foreign: why do boolean fields cause &quot;Invalid data for ...&quot; error?,foreign library,None,False,None,0
651,"Stacktrace of self created Minidump-File can&#39;t be used correctly, when the Exception occurred in",foreign library,None,False,None,0
652,Join on file_fdw foreign table and postgres_fdw foreign table,foreign library,None,False,None,0
653,How to fix &quot;java.sql.SQLException: Cannot add foreign key constraint.&quot; when creating table,foreign library,None,False,None,0
654,How do i write a comparable cffi:translate-into foreign defmethod for this cffi:translate-from-forei,foreign library,None,False,None,0
655,Create a model with a foreign key to a table not created by SQLAlchemy,foreign library,None,False,None,0
656,Haskell FFI for pdflib,foreign library,None,False,None,0
657,"Adding 3 foreign key in mysql, reported &#39;missing closing parentasis&#39;",foreign library,None,False,None,0
658,Java graphic 2D library to draw ER diagrams?,foreign library,None,False,None,0
659,IntegrityError at /likes/9/ FOREIGN KEY constraint failed,foreign library,None,False,None,0
660,Java visitor pattern instead of instanceof switch,foreign library,None,False,None,0
661,"Insert item into list, sort it and retrieve index of item after insert",foreign library,None,False,None,0
662,Python modulenotfound error - Is there a &quot;pip&quot; alternative way to install python modules,foreign library,None,False,None,0
663,Using foreign key as RowGuidCol,foreign library,None,False,None,0
664,How to enforce foreign keys using Xerial SQLite JDBC?,foreign library,None,False,None,0
665,Get column from another entity using foreign keys in Room,foreign library,None,False,None,0
666,Why is there a foreign key mismatch error in this code?,foreign library,None,False,None,0
667,Ramda clone and constructors,foreign library,None,False,None,0
668,Input method library in Javascript,foreign library,None,False,None,0
669,can I make a shared library available to my cabal application without installing it,foreign library,None,False,None,0
670,Foreign default vs. local default,foreign library,None,False,None,0
671,C++ 11 thread_local and &quot;foreign&quot; threads,foreign library,None,False,None,0
672,How to check which features a particular build of SQLite supports?,foreign library,None,False,None,0
673,Is it possible to wrap a GNU Scientific Library function in emacs-lisp?,foreign library,None,False,None,0
674,Displaying foreign model fields in django admin as editable,foreign library,None,False,None,0
675,Django migration doesn&#39;t contain composite foreign key relationship and composite primarykey wit,foreign library,None,False,None,0
676,"With TypeORM, `SQLITE_CONSTRAINT: FOREIGN KEY constraint failed` when adding a column to an entity",foreign library,None,False,None,0
677,Use multiple foreign keys,foreign library,None,False,None,0
678,Postgresql foreign data wrapper raises error when retrieving any foreign table data from SQL Server,foreign library,None,False,None,0
679,Understand foreign function interface (FFI) and language binding,foreign library,None,False,None,0
680,Does an ASP.NET SQL Library Exist for Managing Tables?,foreign library,None,False,None,0
681,Using webpack compiled library as external in CLJS,foreign library,None,False,None,0
682,Create a new model row with fields that are foreign keys,foreign library,None,False,None,0
683,gorm.io/gorm library can not work with graphQL,foreign library,None,False,None,0
684,ORMLite - Foreign Object,foreign library,None,False,None,0
685,How to list library dependencies of a non-native binary?,foreign library,None,False,None,0
686,How to implement JOIN in Sequelize,foreign library,None,False,None,0
687,Cabal install needs C library: Windows,foreign library,None,False,None,0
688,Getting foreign key member &quot;null&quot; in ActiveAndroid,foreign library,None,False,None,0
689,Installation of missing C libraries when installing HDBC-Sqlite3,foreign library,None,False,None,0
690,Django import-export new values in foriegn key model,foreign library,None,False,None,0
691,Django 2.0: sqlite IntegrityError: FOREIGN KEY constraint failed,foreign library,None,False,None,0
692,Unable to Import statements while adding external library manually in Android,foreign library,None,False,None,0
693,R - read.dta() not recognizing missing values,foreign library,None,False,None,0
694,"foreign key constraint is incorrectly formed, but both foreign and reference key column are identica",foreign library,None,False,None,0
695,FtpWebRequest and foreign characters/utf-8 characters,foreign library,None,False,None,0
696,Disabling or Deferring Foreign Key Enforcement with GRDB for Database Migration,foreign library,None,False,None,0
697,adding a foreign key into databases,foreign library,None,False,None,0
698,Django: How to get a Object over a Object related with Foreign Keys,foreign library,None,False,None,0
699,PHP: ORM framework or library that I can use with my database table structure,foreign library,None,False,None,0
700,PHP: ORM framework or library that I can use with my database table structure,foreign library,None,False,None,0
701,How do I create a table with foreign keys?,foreign library,None,False,None,0
702,Map a navigation property to a instance var as Foreign key,foreign library,None,False,None,0
703,what are the frameworks / wrapper libraries written in clojurescript,foreign library,None,False,None,0
704,Fable implement foreign interface compile errors,foreign library,None,False,None,0
705,What&#39;s the proper way to manage allocated memory in the foreign language?,foreign library,None,False,None,0
706,"After modifying models with Flask-Permissions UserMixin, models can&#39;t find foreign key relations",foreign library,None,False,None,0
707,Best free library in .NET to handle data in SQL Server?,foreign library,None,False,None,0
708,Issue locating files due to foreign characters,foreign library,None,False,None,0
709,Should I index a foreign key that is going to be updated often,foreign library,None,False,None,0
710,Inserting elements with foreign keys to Database by bulk insert with SqlBulkTools,foreign library,None,False,None,0
711,"Creating shared library in C, problems with sqlite3",foreign library,None,False,None,0
712,Does hibernate dialect affect how foreign key names are created?,foreign library,None,False,None,0
713,OpenJDK 17 - JEP 412: Foreign Function &amp; Memory API (Incubator),foreign library,None,False,None,0
714,Is there a suitable python library for doing stream processing with Kafka topics?,foreign library,None,False,None,0
715,"EF code first foreign key ignored, getting &quot;Invalid column name&quot;",foreign library,None,False,None,0
716,How can I include/require foreign JavaScript libraries in WordPress?,foreign library,None,False,None,0
717,Foreign Key Access,foreign library,None,False,None,0
718,Differences in library building with using Cabal and GHC,foreign library,None,False,None,0
719,Android room persistent library - how to insert class that has a List object field,foreign library,None,False,None,0
720,Why doesn&#39;t SMO scripter generate foreign key headers?,foreign library,None,False,None,0
721,"create table with foreign key column, AutoNumber primary key column, and default values for dates",foreign library,None,False,None,0
722,Using foreign key constraints in Clojure with clojure.java.jdbc,foreign library,None,False,None,0
723,SQLAlchemy - Merge/extend existing metadata?,foreign library,None,False,None,0
724,Just in time compiled Foreign function Interface: what is it that gets &quot;runtime&quot; compiled,foreign library,None,False,None,0
725,"Django : FOREIGN KEY constraint failed on delete, but I don&#39;t have any Foreign Key on my model",foreign library,None,False,None,0
726,SQLiteConstraintException: How to map &quot;no relationship&quot; with a FOREIGN KEY in Room,foreign library,None,False,None,0
727,How do I wrap a Matlab library without polluting my path variable?,foreign library,None,False,None,0
728,Django query reverse relationship without foreign key,foreign library,None,False,None,0
729,Set ICollection&lt;int&gt; property as Foreign Keys to ICollection&lt;User&gt; in EntityTypeConfigur,foreign library,None,False,None,0
730,Displaying the foreign key children and descendants relationship for all tables,foreign library,None,False,None,0
731,Can&#39;t convert dataframe to Stata using foreign or haven,foreign library,None,False,None,0
732,Haskell foreign import stdcall on DLL function,foreign library,None,False,None,0
733,"Foreign key being set as &#39;null&#39; sometimes in One to Many Relationship, not always",foreign library,None,False,None,0
734,How are foreign keys and Guids dealt with in LINQ to Entities?,foreign library,None,False,None,0
735,Java Library in an Android library referenced by an Android Project throws NoClassDefFound,foreign library,None,False,None,0
736,How should library crates be designed around Rust&#39;s Orphan Rule?,foreign library,None,False,None,0
737,SQLite: A library supporting it implements it?,foreign library,None,False,None,0
738,Using Identity DbContext and DbContext in a class library in ASP.NET Core,foreign library,None,False,None,0
739,NAs in foreign function call trying to open a netcdf file in R,foreign library,None,False,None,0
740,Library versioning on Mach-O platforms,foreign library,None,False,None,0
741,Two programs links to dynamic linked library,foreign library,None,False,None,0
742,Java library to partially export a database while respecting referential integrity constraints,foreign library,None,False,None,0
743,"compiling package, including jars via command line",foreign library,None,False,None,0
744,How can I assign a variant of POINTER(c_char) type to a string?,foreign library,None,False,None,0
745,"JDK-18 foreign functions: How to work with multiple functions that have the same name, but come from",foreign library,None,False,None,0
746,How to to make properties visible when the Foreign Key comes up as ICollection&lt;T&gt; type in Enti,foreign library,None,False,None,0
747,Dynamic FFI in Go,foreign library,None,False,None,0
748,How to include external javascript libraries in clojurescript,foreign library,None,False,None,0
749,How to use ctypes&#39; errcheck?,foreign library,None,False,None,0
750,Converting Stata file version 69,foreign library,None,False,None,0
751,MYSQL Cant not create table errno: 150 Foreign key constraint is incorrectly formed,foreign library,None,False,None,0
752,Haskell cabal: Missing C library,foreign library,None,False,None,0
753,CREATE VIEW equivalent in new Room persistence library,foreign library,None,False,None,0
754,Is there a way to enforce foreign-key constraints with Firestore?,foreign library,None,False,None,0
755,I can&#39;t seem to get foreign keys to work in SQLite.swift,foreign library,None,False,None,0
756,Rails association that specifies foreign key and where options,foreign library,None,False,None,0
757,C# &amp; Win32 notify when separate window is closing / closed,foreign library,None,False,None,0
758,What&#39;s the reason why I&#39;m having &quot;foreign key mismatch&quot; error on Room?,foreign library,None,False,None,0
759,Querying in One to many mappings in hibernate,foreign library,None,False,None,0
760,Debian gcc undesirable behaviour,foreign library,None,False,None,0
761,How update relation fiels in DjangoRestFramework,foreign library,None,False,None,0
762,Exception propagation analysis in C++,foreign library,None,False,None,0
763,correct usage of the FOREIGN KEY function,foreign library,None,False,None,0
764,Adding foreign keys exceptions caught when loading imdb data to mysql using imdbpy,foreign library,None,False,None,0
765,Foreign Syntax - Need Help Understanding,foreign library,None,False,None,0
766,Doctrine2 and MySQL Partitioning,foreign library,None,False,None,0
767,Issues calling on a Stata file and library,foreign library,None,False,None,0
768,"Are the new fields on Processes and Tasks in Viewflow 1.6.0 for library users, or for internal use o",foreign library,None,False,None,0
769,C# code to inject 64bit dll to process,foreign library,None,False,None,0
770,TypeORM One-To-One relation foreign key not working with TypeGraphQL,foreign library,None,False,None,0
771,&quot;* Missing C library: GL&quot; when installing gloss (specifically the OpenGLRaw dependency) on,foreign library,None,False,None,0
772,SQLAlchemy does not create Foreign keys on MySQL [Debian Linux],foreign library,None,False,None,0
773,Nested Query on Entity Framework MVC3,foreign library,None,False,None,0
774,Checking for NaNs in asm.js code,foreign library,None,False,None,0
775,Possible memory leak in the shared library of sqlite3,foreign library,None,False,None,0
776,Foreign Key and Index creation in referential order using JDBC,foreign library,None,False,None,0
777,How display a image in react.js from a foreign key in node.js,foreign library,None,False,None,0
778,Foreign Keys become untrusted after EF inserts/updates,foreign library,None,False,None,0
779,How to use DEFCFUN with a pointer to a foreign C function?,foreign library,None,False,None,0
780,"Is my foreign key set up incorrectly, or is the problem in the SQL?",foreign library,None,False,None,0
781,Problems referencing primary key with foreign key,foreign library,None,False,None,0
782,Getting a &quot;NA/NaN/Inf in foreign function call&quot; error when attempting to implement KNN usi,foreign library,None,False,None,0
783,JavaScript Typeahead Autocomplete match accents and tildes Issue,foreign library,None,False,None,0
784,HasConversion() and foreign key relationship with EF Core,foreign library,None,False,None,0
785,foreign source code pre-processing with Clojure,foreign library,None,False,None,0
786,Merge MyDbContext with IdentityDbContext,foreign library,None,False,None,0
787,cabal: ghc build with -dynamic and shared library,foreign library,None,False,None,0
788,Not able to run DBF file in Rstudio,foreign library,None,False,None,0
789,R: Equivalent of &quot;stringsAsFactors&quot; argument in read.dbf,foreign library,None,False,None,0
790,can&#39;t delete data from table using inner join,foreign library,None,False,None,0
791,Quicklisp Cannot Install LIBSSL for Hunchentoot,foreign library,None,False,None,0
792,Strange problem with Android app and library,foreign library,None,False,None,0
793,what is the problem with my tables in mysql?,foreign library,None,False,None,0
794,Correct way of installing postgresql extension with custom library,foreign library,None,False,None,0
795,IOS/Xcode: &#39;XCTest/XCTest.h&#39; file not found Error when loading older library,foreign library,None,False,None,0
796,maximum packet size for ENet c++ library,foreign library,None,False,None,0
797,What are these C directives doing and why was this library built this way?,foreign library,None,False,None,0
798,How can this scenario cause an UpdateException in EntityFramework while calling SaveChanges?,foreign library,None,False,None,0
799,Delete relationship between entities in Entity Framework Core,foreign library,None,False,None,0
800,Calling Haskell functions from Python,foreign library,None,False,None,0
801,&quot;no such symbol C_contour&quot; error when loading package &quot;foreign&quot; in R,foreign library,None,False,None,0
802,Android ORM allowing directly insert one to many relation?,foreign library,None,False,None,0
803,Error while importing minitab file into R,foreign library,None,False,None,0
804,How to extract column (variable) attributes/labels from R to csv or excel,foreign library,None,False,None,0
805,How does Haskell &quot;stack&quot; interact with &quot;msys2&quot; on Windows?,foreign library,None,False,None,0
806,Django - AppRegistryNotReady(&quot;Models aren&#39;t loaded yet.&quot;) using cities_light library,foreign library,None,False,None,0
807,How to create an index on foreign keys with kotlin exposed on a PostgreSQL database,foreign library,None,False,None,0
808,problem using Haskell Stack on cygwin - missing library pcre,foreign library,None,False,None,0
809,Flask SQLAlchemy could not find table with which to generate Foreign Key even though table exists,foreign library,None,False,None,0
810,XSL-FO Transformation error for instream-foreign-object,foreign library,None,False,None,0
811,How do I use Haskell&#39;s FFI on structs?,foreign library,None,False,None,0
812,Filter foreign stopwords in text file,foreign library,None,False,None,0
813,How R extracts function definitions in a dynamic library,foreign library,None,False,None,0
814,Embeddable Common Lisp (ECL): load shared library with extension functions,foreign library,None,False,None,0
815,How to build header only C++ library within Bazel workspace?,foreign library,None,False,None,0
816,Beginner | How can i use .jar and .so files from a library for an Android project (maybe NDK)?,foreign library,None,False,None,0
817,Integrating existing widget into React/Redux based Web app,foreign library,None,False,None,0
818,how does one get csharp-sqlite to throw exceptions for duplicates or foreign key constraint violatio,foreign library,None,False,None,0
819,Dependently typed language best suited to &quot;real world&quot; programming?,foreign library,None,False,None,0
820,Mysql deduce foreign key relationship for random queries,foreign library,None,False,None,0
821,Haskell executable linking with static library written in C++ got `undefined reference`,foreign library,None,False,None,0
822,Using 32-bit shared libraries on 64-bit system,foreign library,None,False,None,0
823,Foreign Key Mismatch Error with django csv import-export,foreign library,None,False,None,0
824,Is it possible define one-to-many relation in Sql Server and just define and use one side of this re,foreign library,None,False,None,0
825,GORM golang on delete SET NULL,foreign library,None,False,None,0
826,About loading dynamic library in container,foreign library,None,False,None,0
827,Dynamic Linq Library can&#39;t handling one on many relationship in select clause,foreign library,None,False,None,0
828,Lispworks 7.0 load zeromq fail in Windows 10,foreign library,None,False,None,0
829,cabal install pcap windows 64bit,foreign library,None,False,None,0
830,CodeIgniter: insert_batch from Custom Library - Fails with no Return or Error - How to Debug?,foreign library,None,False,None,0
831,How to prevent entity framework 5 from setting foreign key property to null when deleting the refere,foreign library,None,False,None,0
832,"In EF4.1+, do you have to expose a foreign key property on a dependent entity to enforce an identify",foreign library,None,False,None,0
833,Swift with FMDB DELETE ignoring foreign key constraints. XCode 12.5,foreign library,None,False,None,0
834,"Linking  c++ dll with Haskell-Platform on Windows,  outputs &#39;undefined reference&#39;",foreign library,None,False,None,0
835,SQLite FOREIGN KEY REFERENCE is causing syntax error,foreign library,None,False,None,0
836,Postgres Foreign-key constraints in non public schema,foreign library,None,False,None,0
837,Issues using curlpp after OSX homebrew install,foreign library,None,False,None,0
838,Using shared C++ library in Idris,foreign library,None,False,None,0
839,Unable to Install glpk-hs,foreign library,None,False,None,0
840,One-to-Zero-or-One relationship where the FK is part of a compoun PK on dependent tables,foreign library,None,False,None,0
841,installation of esquisse package in R,foreign library,None,False,None,0
842,"Django, how to remove the blank choice from the choicefield in modelform?",foreign library,None,False,None,0
843,Some Strange compiler warns in Flex library project,foreign library,None,False,None,0
844,DoctrineORM : Error while inserting data into a table which has foreign key attribute,foreign library,None,False,None,0
845,Violating foreign key constraint with deferred constraint,foreign library,None,False,None,0
846,CLSQL on CentOS installation,foreign library,None,False,None,0
847,"Serialize Strings, ints and floats to character arrays for networking WITHOUT LIBRARIES",foreign library,None,False,None,0
848,Django save multiple foreign keys to database with multiple upload,foreign library,None,False,None,0
849,Basic Join Tables and Foreign Keys,foreign library,None,False,None,0
850,django admin error on updation of data,foreign library,None,False,None,0
851,SqlBulkCopy giving FOREIGN KEY constraint error,foreign library,None,False,None,0
852,Getting error &quot;In function ‘igraph_write_graph_graphml’:&quot; while installing igraph package ,foreign library,None,False,None,0
853,How to access R data.frame column descriptions after read.spss,foreign library,None,False,None,0
854,Convert sql to json without tuple Php/Laravel,foreign library,None,False,None,0
855,SQL to find the period of time when an event occured the most,foreign library,None,False,None,0
856,How do I download and set up the standard library for Agda in Ubuntu?,foreign library,None,False,None,0
857,Weird ERROR 1452 (23000): Cannot add or update a child row: a foreign key constraint fails,foreign library,None,False,None,0
858,Function defines unnamed parameters but caller still passes values,foreign library,None,False,None,0
859,How to test foreign call in the ghci with a c object file,foreign library,None,False,None,0
860,"How to use AC_CONFIG_SUBDIR to package C and Fortran libraries together, where C depends on Fortran ",foreign library,None,False,None,0
861,How to fix error 1064 while trying to add foreign key,foreign library,None,False,None,0
862,Django query for getting common Libraries between book list,foreign library,None,False,None,0
863,How to get the number of observations per table for a library without using sashelp.vtable,foreign library,None,False,None,0
864,Using a c .a file installed by os in a cabal package?,foreign library,None,False,None,0
865,Convert SQL table to Document Store JSON,foreign library,None,False,None,0
866,Database error 1452,foreign library,None,False,None,0
867,"foreign-key on a table not in the database, with ORM",foreign library,None,False,None,0
868,typeorm leftJoinAndSelect fail with camel case foreign key generated,foreign library,None,False,None,0
869,How to select first row record of a specified query in laravel,foreign library,None,False,None,0
870,Can you load shared objects (libraries) and call their functions (FFI) from ABAP?,foreign library,None,False,None,0
871,d2: importing function from external library under different name it was originally exported,foreign library,None,False,None,0
872,Nested structs and unions with Common Lisp CFFI,foreign library,None,False,None,0
873,Generate list of tables which reference a foreign key,foreign library,None,False,None,0
874,Java foreign function interface (FFI) interop with C++?,foreign library,None,False,None,0
875,Need a sensible version-control scheme for shared library code,foreign library,None,False,None,0
876,Symfony4 + Doctrine + League OAuth2 Server,foreign library,None,False,None,0
877,Should I care about a one-definition-rule violation in a Rust executable reported by ASAN?,foreign library,None,False,None,0
878,How to translate an &quot;at least one&quot; constraint (in an ER) to SQL?,foreign library,None,False,None,0
879,EF Core One-to-One relationship with Shadow properties as a Keys using Fluent API,foreign library,None,False,None,0
880,How can I add a foreign key with hibernate from a table not mapped by hibernate?,foreign library,None,False,None,0
881,Is the VHDL package &#39;IEEE.std_logic_arith&#39; shipped with ghdl?,foreign library,None,False,None,0
882,How can I add an item to a child entity with foreign key reference to the parent entity in Android R,foreign library,None,False,None,0
883,&quot;Invalid Index n for this SqlParameterCollection with Count=n&quot; OR &quot;foreign key cannot,foreign library,None,False,None,0
884,Painfully slow MySql query when joining two tables on primary/foreign keys,foreign library,None,False,None,0
885,write_dta not working in R,foreign library,None,False,None,0
886,Cent OS update to postgresql13-contrib-13.9 causes error postgres_fdw.so undefined symbol: get_rel_a,foreign library,None,False,None,0
887,How to diagnose duplicated levels in an R import,foreign library,None,False,None,0
888,How do I put 20MB of XML data into an SQL database?,foreign library,None,False,None,0
889,BulkInsert with child entity use of efcore.bulkextensions,foreign library,None,False,None,0
890,Read Stata 13 file in R,foreign library,None,False,None,0
891,c++ How to find the time in foreign country taking into account daylight saving?,foreign library,None,False,None,0
892,"what is the &quot;related_name&quot; attribute used with a ForeignKeyField Object in peewee, python&",foreign library,None,False,None,0
893,"Providing Java library, but hiding some classes",foreign library,None,False,None,0
894,Reading .DBF files with deleted records in R,foreign library,None,False,None,0
895,Efficient logical shift for bit arrays?,foreign library,None,False,None,0
896,LinqDatasource Where Clause on Field belong to a Linked Table via Foreign Key,foreign library,None,False,None,0
897,Java VarHandle to a C string with java.lang.foreign API,foreign library,None,False,None,0
898,mysql triggers - limiting the amount of values stored in a column,foreign library,None,False,None,0
899,MySQL - How should i index this table?,foreign library,None,False,None,0
900,cmm call format for foreign primop (integer-gmp example),foreign library,None,False,None,0
901,LLVM automatic C++ linking,foreign library,None,False,None,0
902,What is the specific algorithm Postgres uses to truncate identifiers for foreign keys?,foreign library,None,False,None,0
903,Foreign key constraint with some column values residing in other tables,foreign library,None,False,None,0
904,Delete data that contains foreign key,foreign library,None,False,None,0
905,How do I create an ActiveRecord relationship to an ActiveResource object?,foreign library,None,False,None,0
906,EF Code First Foreign Key&#39;s,foreign library,None,False,None,0
907,Why data is not inserted into the table(this table contains Foreign Key) from these PDO statements?,foreign library,None,False,None,0
908,Error when importing Minitab (.MTP) into R,foreign library,None,False,None,0
909,How to count and display factors on the x/y scale?,foreign library,None,False,None,0
910,How to call native c function with windows HANDLE in common lisp / cffi,foreign library,None,False,None,0
911,Expression Blend crashes when accessing Asset library,foreign library,None,False,None,0
912,Confusion with Foreign key and manyToManyField in Django,foreign library,None,False,None,0
913,Using Room&#39;s @Relation with ORDER BY,foreign library,None,False,None,0
914,Is there a difference between Collection and Library in SQL?,foreign library,None,False,None,0
915,CMake &amp; C++ - What is the best approach to share library between several git submodules,foreign library,None,False,None,0
916,Haskell cabal install wx: missing C library wx_gtk2u_webview-3.0,foreign library,None,False,None,0
917,Why does ctypes also load standard C library functions and how could I prevent that?,foreign library,None,False,None,0
918,Delete query deletes entries from two tables with expo-sqlite,foreign library,None,False,None,0
919,Register multiple FFI callbacks with different function signatures,foreign library,None,False,None,0
920,cabal FFI dependency,foreign library,None,False,None,0
921,What is the order of ResultSet returned by PreparedStatement.getGeneratedKeys() when batching,foreign library,None,False,None,0
922,Set Cpp class members as columns in sqlite DB,foreign library,None,False,None,0
923,Read SPSS file into R,foreign library,None,False,None,0
924,Django model with foreign key throws error on save,foreign library,None,False,None,0
925,how to do ajax request in clojurescript with reagent?,foreign library,None,False,None,0
926,Entity Framework Core assign foreign key constraint in OnModelCreating?,foreign library,None,False,None,0
927,Ambiguous foreign key in self-referencing table [SQLAlchemy/Alembic],foreign library,None,False,None,0
928,How can I use BLAS functionality with Python&#39;s Theano library?,foreign library,None,False,None,0
929,How do I set a custom reference column name in EF6 code-first?,foreign library,None,False,None,0
930,python: lenient version of iterator.groupby that skips the records on exception,foreign library,None,False,None,0
931,Loading a library via CFFI under swank/slime,foreign library,None,False,None,0
932,Can I move all packages out of C:\Program Files\R\R-3.3.0\library\ into a user directory?,foreign library,None,False,None,0
933,Best way to update certain columns of table in SQL Server based on Pandas DataFrame?,foreign library,None,False,None,0
934,How can I get the process id when local_address and port_number is given in c#?,foreign library,None,False,None,0
935,library design of PETSc FFI in Haskell,foreign library,None,False,None,0
936,How to insert a &quot;one to one&quot; room database,foreign library,None,False,None,0
937,Haskell GHC build error: Loading archives not supported,foreign library,None,False,None,0
938,How to read in special characters to Python,foreign library,None,False,None,0
939,Loading external Native Libraries to the JVM at Runtime in Java 21,foreign library,None,False,None,0
940,A good collaborative filtering/matching/recommendation library for Python/Django?,foreign library,None,False,None,0
941,JPA / Hibernate - Composite primary key with foreign key,foreign library,None,False,None,0
942,"LINQ Lambda, need to query to a very confuse database, how should I do it?",foreign library,None,False,None,0
943,How can we add multiple foreign keys from one model to another on ASP.NET Core &amp; EF Core &amp; C,foreign library,None,False,None,0
944,More Details for MySQL&#39;s errorno:150,foreign library,None,False,None,0
945,Are there any drawbacks when rendering a React component inside an svg foreignObject?,foreign library,None,False,None,0
946,Entity Framework 6 Getter Only Property Influencing Entity Relationships,foreign library,None,False,None,0
947,Simple Referenced-by Relation in Nodejs Bookshelf,foreign library,None,False,None,0
948,Finding Foreign Keys From Unknown Database SQL and Java,foreign library,None,False,None,0
949,&quot;Error in fitter...&quot; While trying to use lrm function from rms library,foreign library,None,False,None,0
950,Writing a parser from scratch in Haskell,foreign library,None,False,None,0
951,Error when merging two XML documents using XPath &amp; DOMDocument ,foreign library,None,False,None,0
952,How do I use a C++ static library in Obj-C?,foreign library,None,False,None,0
953,SQLite foreign key constraint failed using EF Core to add to child collection,foreign library,None,False,None,0
954,Rails join table in Trestle/Admin,foreign library,None,False,None,0
955,sending a post request from android,foreign library,None,False,None,0
956,Exported file from R using `haven` cannot be opened by SAS,foreign library,None,False,None,0
957,Using CMake from Bazel rules_foreign_cc is unable to download external packages,foreign library,None,False,None,0
958,EF Code First Migration + Multiple DbContext + Foreign Key,foreign library,None,False,None,0
959,NodeJS Express encodes the URL - how to decode,foreign library,None,False,None,0
960,how to build third party custom keyboard with cordova/phonegap,foreign library,None,False,None,0
961,Why does ngDirective `template` allow for correct `clientHeight` but `templateUrl` gives 0,foreign library,None,False,None,0
962,R: NA/NaN/Inf in foreign function call (arg 1),foreign library,None,False,None,0
963,SQL SELECT multiple INNER JOINs,foreign library,None,False,None,0
964,Can Entity Framework 6 map foreign keys from a delimited string column?,foreign library,None,False,None,0
965,"Django auth.User in Admininterface: coercing to Unicode: need string or buffer, User found",foreign library,None,False,None,0
966,How to deal with invalid characters in a WS output when using CXF?,foreign library,None,False,None,0
967,xerces-c library function returns NULL when daemon ran via inetd,foreign library,None,False,None,0
968,SQLXML Bulkload - how to pass a FK value to a relation - composite key,foreign library,None,False,None,0
969,"In Django, how to make a join query with matching conditions in addition to the foreign key?",foreign library,None,False,None,0
970,Using external packages Java,foreign library,None,False,None,0
971,Unexpected behavior when using @JoinColumn for ONE-TO-MANY association [SpringBoot],foreign library,None,False,None,0
972,common-lisp cffi evaluation order when used with progn,foreign library,None,False,None,0
973,Accessibility: recommended alt-text convention for SVG and MathML?,foreign library,None,False,None,0
974,10.4.24-MariaDB - Foreign key constraint is incorrectly formed,foreign library,None,False,None,0
975,Django: prepopulate formset,foreign library,None,False,None,0
976,Propel ORM : Versionable + Concrete Inheritance behaviors issue,foreign library,None,False,None,0
977,How do i import SFML in CLion into C/C++ on Linux?,foreign library,None,False,None,0
978,Marshaling C# struct into native C library,foreign library,None,False,None,0
979,python encoding result from API request,foreign library,None,False,None,0
980,How to run vegan::varpart without having this &quot;NA/NaN/Inf in foreign function call (arg 1)&quot,foreign library,None,False,None,0
981,Gradle - inherit repositories from a module,foreign library,None,False,None,0
982,Efficient JSON-toJSON transformations with spray-json,foreign library,None,False,None,0
983,Haskell FFI: Missing (or bad) C library,foreign library,None,False,None,0
984,rpy2 automatic NumPy conversion NA/NaN/Inf in foreign function call,foreign library,None,False,None,0
985,SQLiteDatabase delete involving sub query,foreign library,None,False,None,0
986,django.core.exceptions.ImproperlyConfigured: Could not find the GDAL library (when I try to run &quo,foreign library,None,False,None,0
987,ruby in-memory object database with unlimited instances,foreign library,None,False,None,0
988,sequelize join up the tables,foreign library,None,False,None,0
989,"Need to merge one Postgres relational database into another; same exact schema, foreign keys are iss",foreign library,None,False,None,0
990,How to read impure text in Python?,foreign library,None,False,None,0
991,hierarchical modeling data warehouse - snowflake or star?,foreign library,None,False,None,0
992,Cabal install (Cabal cabal-install) fails due to missing zlib library,foreign library,None,False,None,0
993,Android room relations,foreign library,None,False,None,0
994,link table for multiple-to-multiple relationship,foreign library,None,False,None,0
995,Haskell cabal install: missing C library iw,foreign library,None,False,None,0
996,Can I install arm64 libraries on x86_64 with homebrew?,foreign library,None,False,None,0
997,How to install &quot;cryptopp&quot; on Ubuntu 13.10 for Haskell?,foreign library,None,False,None,0
998,Looping over all model indexes and their children causes stack overflow error,foreign library,None,False,None,0
999,Should I download all the models/classifiers manually for Stanford NLP &quot;hello world&quot;?,foreign library,None,False,None,0
1000,How do I call C from Go using the &quot;foreign function interface&quot;,foreign function interface,None,False,None,0
1001,Understand foreign function interface (FFI) and language binding,foreign function interface,None,False,None,0
1002,Running Apache Thrift in a single process / as a foreign function interface,foreign function interface,None,False,None,0
1003,Guides for implementing a foreign function interface,foreign function interface,None,False,None,0
1004,"issue with accessing c++ library using fastcall. (javascript, nodejs, foreign function interface)",foreign function interface,None,False,None,0
1005,Java foreign function interface (FFI) interop with C++?,foreign function interface,None,False,None,0
1006,Just in time compiled Foreign function Interface: what is it that gets &quot;runtime&quot; compiled,foreign function interface,None,False,None,0
1007,Dart/Flutter ffi (Foreign Function Interface) native callbacks eg: sqlite3_exec,foreign function interface,None,False,None,0
1008,GWT returns null in foreign function interface,foreign function interface,None,False,None,0
1009,Haskell Foreign Function Interface with GHCI in Windows,foreign function interface,None,False,None,0
1010,Which compilers support the Haskell FFI,foreign function interface,None,False,None,0
1011,How is Foreign Function Interface (FFI) used with Stack?,foreign function interface,None,False,None,0
1012,Haskell Foreign function interface binding to libsodium - bad signature,foreign function interface,None,False,None,0
1013,How do you get the SBCL foreign function interface example from the SBCL User Manual to work?,foreign function interface,None,False,None,0
1014,Calling mysql_real_escape_string using the PLT-Scheme Foreign Function Interface,foreign function interface,None,False,None,0
1015,Calling Haskell functions from Python,foreign function interface,None,False,None,0
1016,What does &#39;#type&#39; mean in Haskell Foreign Function Interface?,foreign function interface,None,False,None,0
1017,FindWindowA function does not yield the expected output in dart foreign function interface,foreign function interface,None,False,None,0
1018,Haskell FFI Support for Functions With Variadic Arguments,foreign function interface,None,False,None,0
1019,Foreign function calls to a different package NOTE,foreign function interface,None,False,None,0
1020,Purescript FFI type definitions for constructor functions,foreign function interface,None,False,None,0
1021,Generate binary interface specification from C declaration,foreign function interface,None,False,None,0
1022,haskell FFI - using dll on non-windows os?,foreign function interface,None,False,None,0
1023,Is there a way to interface with Python&#39;s SpaCy using Haskell?,foreign function interface,None,False,None,0
1024,interfacing Rust with Berkeley DB,foreign function interface,None,False,None,0
1025,Dart/Flutter FFI(Foreign Function Interface): calling a native function with output parameter using ,foreign function interface,None,False,None,0
1026,How do you call a void C function in Haskell,foreign function interface,None,False,None,0
1027,How to merge multpile c files into a shared library for foreign function interface,foreign function interface,None,False,None,0
1028,C++ code and objects from C?,foreign function interface,None,False,None,0
1029,How to execute a shell command in Opa?,foreign function interface,None,False,None,0
1030,Dependently typed language best suited to &quot;real world&quot; programming?,foreign function interface,None,False,None,0
1031,What are the steps necessary to pass R objects to a Rust program?,foreign function interface,None,False,None,0
1032,What is the reason for requiring &amp;mut foo instead of &amp;foo when foo has been declared mutable,foreign function interface,None,False,None,0
1033,Project Panama: can&#39;t find function,foreign function interface,None,False,None,0
1034,Can you load shared objects (libraries) and call their functions (FFI) from ABAP?,foreign function interface,None,False,None,0
1035,Wrappers for C API in programming languages,foreign function interface,None,False,None,0
1036,Dynamic Symbol Retrieval Error: Win32 error 127 - even when importing self process,foreign function interface,None,False,None,0
1037,Which popular libraries for a standalone JavaScript interpreter (jslibs)?,foreign function interface,None,False,None,0
1038,Java VarHandle to a C string with java.lang.foreign API,foreign function interface,None,False,None,0
1039,redirecting stdout to text or textfield in dart code,foreign function interface,None,False,None,0
1040,What is the syntax for the Squeak FFI in the new Squeak (5.0),foreign function interface,None,False,None,0
1041,Missing symbold &quot;_main&quot; when compiling with swipl-ld on OSX Lion,foreign function interface,None,False,None,0
1042,"Creating shared library in C, problems with sqlite3",foreign function interface,None,False,None,0
1043,How do I use Haskell&#39;s FFI on structs?,foreign function interface,None,False,None,0
1044,Debian gcc undesirable behaviour,foreign function interface,None,False,None,0
1045,How to use NumPy array with ctypes?,foreign function interface,None,False,None,0
1046,rpy2 automatic NumPy conversion NA/NaN/Inf in foreign function call,foreign function interface,None,False,None,0
1047,Win32 MessageBox with SBCL foreign interface,foreign function interface,None,False,None,0
1048,Set VHDL foreign attribute based on generic,foreign function interface,None,False,None,0
1049,How can I load Windows DLL files with Ruby fiddle?,foreign function interface,None,False,None,0
1050,how to change &lt;h1&gt; tags with ghcjs-dom,foreign function interface,None,False,None,0
1051,How do I use SBCL sb-alien to create a Gtk4 window open it and have a simple callback that works?,foreign function interface,None,False,None,0
1052,How to specify &quot;double *&quot; type in libffi?,foreign function interface,None,False,None,0
1053,Two programs links to dynamic linked library,foreign function interface,None,False,None,0
1054,How can I use dart ffi properly in a pub package?,foreign function interface,None,False,None,0
1055,SetWindowsHookEx Get Window Messages from Java FFI gives Access Denied,foreign function interface,None,False,None,0
1056,LLVM automatic C++ linking,foreign function interface,None,False,None,0
1057,How turn a PureScript ADT into JS String &#39;enum&#39; for FFI,foreign function interface,None,False,None,0
1058,Is it possible to use the Idris FFI as an Effect?,foreign function interface,None,False,None,0
1059,Does rust 0.10 have a rl package?,foreign function interface,None,False,None,0
1060,How can I allocate and re-use a C struct from Haskell?,foreign function interface,None,False,None,0
1061,Calling Haskell from C with Cabal,foreign function interface,None,False,None,0
1062,Call a C function that accepts a const pointer to struct from Nim,foreign function interface,None,False,None,0
1063,What does cpython do to help detect object cycles(reference counting)?,foreign function interface,None,False,None,0
1064,List of values (of any types) as a template argument,foreign function interface,None,False,None,0
1065,Haskell FFI includes: is there a difference between including &lt;xx.hs&gt; and &quot;xx.hs&quot;?,foreign function interface,None,False,None,0
1066,GHC not linking dependencies,foreign function interface,None,False,None,0
1067,How to create a JWT using ES256 in GAE,foreign function interface,None,False,None,0
1068,MinGW on windows gcc compiler to create 64 Bit DLL for a nodejs (ffi-napi),foreign function interface,None,False,None,0
1069,How can I invoke a go binary from Varnish,foreign function interface,None,False,None,0
1070,Alternative to returning template class in extern &quot;C&quot; with MSVC,foreign function interface,None,False,None,0
1071,Segmentation fault with Haskell Z3 api,foreign function interface,None,False,None,0
1072,How R extracts function definitions in a dynamic library,foreign function interface,None,False,None,0
1073,Locally change the log level for the zookeeper C client,foreign function interface,None,False,None,0
1074,How to Call a Go Program from Common Lisp,foreign function interface,None,False,None,0
1075,Best methods for providing multi-language access to an application platform,foreign function interface,None,False,None,0
1076,examples of shared libraries not in c/c++?,foreign function interface,None,False,None,0
1077,Calling C++ libraries (especially template based like CGAL) from Haskell,foreign function interface,None,False,None,0
1078,Overriding Conda Package Installation with Pip,foreign function interface,None,False,None,0
1079,Haskell HDBC-ODBC Memory Leak?,foreign function interface,None,False,None,0
1080,How to access semaphore count in Clozure CL?,foreign function interface,None,False,None,0
1081,Apple Event object property hasAlarms returning incorrect boolean value,foreign function interface,None,False,None,0
1082,"Loading DLL results in error 193, even though it can load in both ctypes and JNA",foreign function interface,jna,True,jna,1
1083,Is it possible to write into a Rust data pointer handed over from an external function call while ac,foreign function interface,None,False,None,0
1084,How do I force a CFFI-defined foreign library to use a specific version of a shared library?,foreign function interface,None,False,None,0
1085,How do inputs to UBL::SmoteClassif() influence vectors lengths passed to Fortran?,foreign function interface,None,False,None,0
1086,How do I parse a Float from a String in Lean?,foreign function interface,None,False,None,0
1087,How to use FEIG device for NFC scanning in flutter project? error LNK2019: unresolved external symbo,foreign function interface,None,False,None,0
1088,Why does casting from a reference to a c_void pointer require a double cast?,foreign function interface,None,False,None,0
1089,Compiling Tail-Call Optimization In Mutual Recursion Across C and Haskell,foreign function interface,None,False,None,0
1090,Haskell executable linking with static library written in C++ got `undefined reference`,foreign function interface,None,False,None,0
1091,How to represent ObjC enum AVAudioSessionPortOverride which has declaration of int and string using ,foreign function interface,None,False,None,0
1092,Java 10 Panama Project - port JNI solutions to Panama,foreign function interface,jni,True,jni,1
1093,Marshaling C# struct into native C library,foreign function interface,None,False,None,0
1094,Pass a null pointer to C from R using .C,foreign function interface,None,False,None,0
1095,Using stdout/stderr/stdin streams behind haskell&#39;s FFI,foreign function interface,None,False,None,0
1096,"OpenCV (4.5.2., C++) Apply matrix (4*4) to image and write to file results in white file (or strange",foreign function interface,None,False,None,0
1097,Testing FFI Code (with &quot;foreign import&quot;s) with GHCi,foreign function interface,None,False,None,0
1098,Can&#39;t get C2HS with &quot;foreign&quot; Pointers to work,foreign function interface,None,False,None,0
1099,(PureScript) How can I run a DOM event listener callback within a monadic context other than Eff?,foreign function interface,None,False,None,0
1100,Trouble with calling C++ functions from C code,foreign function interface,None,False,None,0
1101,Haskell FFI - mallocForeignPtr usage,foreign function interface,None,False,None,0
1102,"RInside, Ruby ffi, and missing symbols",foreign function interface,None,False,None,0
1103,Best way to package a Python library that includes a C shared library?,foreign function interface,None,False,None,0
1104,What can be a cause of &quot;GLib-GObject-CRITICAL&quot; when call pango_cairo_font_map_get_default(,foreign function interface,None,False,None,0
1105,Flutter: convert bitmap (e.g. screenshot) from clipboard to base64 string,foreign function interface,None,False,None,0
1106,Search field on generic foreign key field,foreign function interface,None,False,None,0
1107,Can&#39;t see a file I wrote on SD card using native code c++ (dart:ffi) flutter,foreign function interface,None,False,None,0
1108,Setting the JSONP callback function in AngularJS,foreign function interface,None,False,None,0
1109,How to add pydantic serialization/deserialization support for a foreign (third-party) class?,foreign function interface,None,False,None,0
1110,Accessing WinRT .NET Framework types and methods from embedded Lua?,foreign function interface,None,False,None,0
1111,NLFFI: DynLinkage.open_lib raises DynLinkError,foreign function interface,None,False,None,0
1112,Hibernate isn&#39;t inserting foreign key ManyToOne entitiy,foreign function interface,None,False,None,0
1113,One to Many Relationship not working! Entity doesn&#39;t save the foreign key. Spring Boot,foreign function interface,None,False,None,0
1114,Django Admin: Custom Inline Model FormSet (with non foreign-key relationship),foreign function interface,None,False,None,0
1115,d2: importing function from external library under different name it was originally exported,foreign function interface,None,False,None,0
1116,C/C++ Dynamic loading of functions with unknown prototype,foreign function interface,None,False,None,0
1117,IOS dylib entry points,foreign function interface,None,False,None,0
1118,Low level pointers in haskell,foreign function interface,None,False,None,0
1119,Accessing interface/object(s) from a module loaded in a different process,foreign function interface,None,False,None,0
1120,OSX stat() and libffi,foreign function interface,None,False,None,0
1121,Detect if a file descriptor with O_NONBLOCK is still valid in a FFI scenario,foreign function interface,None,False,None,0
1122,Interfacing with the Windows API via Clozure CL,foreign function interface,None,False,None,0
1123,How to create a computed function in vue.js which consumes a global list and the current item of a f,foreign function interface,None,False,None,0
1124,How do I refer to a foreign key variable in JPQL using the @Query annotation in Spring Boot?,foreign function interface,None,False,None,0
1125,flask-admin: How to display meaningful foreign key info in edit and create forms?,foreign function interface,None,False,None,0
1126,Linking Haskell to a wrapped C++ library,foreign function interface,None,False,None,0
1127,replace c++ with go + swig,foreign function interface,None,False,None,0
1128,PETSc C macro within struct,foreign function interface,None,False,None,0
1129,django admin foreign key default value inline,foreign function interface,None,False,None,0
1130,"GUI in Java, Backend in SML?",foreign function interface,None,False,None,0
1131,How to register a windows file extension via the sdk on window 10.x,foreign function interface,None,False,None,0
1132,Function to determine if two tables are related,foreign function interface,None,False,None,0
1133,Symfony4 + Doctrine + League OAuth2 Server,foreign function interface,None,False,None,0
1134,django admin inline with abstract class and m2m field,foreign function interface,None,False,None,0
1135,Django admin with CMS functionality,foreign function interface,None,False,None,0
1136,library design of PETSc FFI in Haskell,foreign function interface,None,False,None,0
1137,What is the preferred method for sharing compiled C code in an R package and running it from another,foreign function interface,None,False,None,0
1138,Eloquent InnoDB cannot add foreign key (error 1215),foreign function interface,None,False,None,0
1139,Magento: Custom Module: How to Manage with Multiple tables,foreign function interface,None,False,None,0
1140,Thread message loop for a thread with a hidden window?,foreign function interface,None,False,None,0
1141,Can you run rust code from a c library being called from rust?,foreign function interface,None,False,None,0
1142,How to implement actions in ST-monad with my own underlying representation (similarly to STRef or ST,foreign function interface,None,False,None,0
1143,Can Libffi be built for Cortex-M3?,foreign function interface,None,False,None,0
1144,Unexpected behavior of c_void pointer in Rust FFI to C,foreign function interface,None,False,None,0
1145,Are there other HOL programming languages besides Caledon that are based on haskell?,foreign function interface,None,False,None,0
1146,Why socket does not set to non blocking mode?,foreign function interface,None,False,None,0
1147,Is it possible to use type in a function called from parent function in Typescript?,foreign function interface,None,False,None,0
1148,Some questions around Corda function feature,foreign function interface,None,False,None,0
1149,"How can I implement a global, implicit filter in Django admin?",foreign function interface,None,False,None,0
1150,Need to add primary and foreign keys to a column postgresql 9.3.2 using phpPgAdmin,foreign function interface,None,False,None,0
1151,Luci (OpenWRT) - A Simple Client Mode Setup,foreign function interface,None,False,None,0
1152,"In C, given a variable list of arguments, how to build a function call using them?",foreign function interface,None,False,None,0
1153,Best way to open a PTY with PHP,foreign function interface,None,False,None,0
1154,FFI: how to pass pointers in C to C functions?,foreign function interface,None,False,None,0
1155,node/pg/PSQL: Create Tables using Promises,foreign function interface,None,False,None,0
1156,"Scandinavian characters &#230;, &#248;, &#229; escaped incorrectly",foreign function interface,None,False,None,0
1157,Pinned reference to FFI object consumed by calling methods that receive it,foreign function interface,None,False,None,0
1158,"How to manage taskbar from JavaFX, via native code in Linux",foreign function interface,None,False,None,0
1159,Segmentation fault in C/GMP: calculate factors with Pollard Rho,foreign function interface,None,False,None,0
1160,How can I create a generic Join() in C# LINQ,foreign function interface,None,False,None,0
1161,"How to create an interface to record an attendance using PHP, MYSQL and other language?",foreign function interface,None,False,None,0
1162,MySQL index usage on join,foreign function interface,None,False,None,0
1163,Catch model objects unchanged in admin interface,foreign function interface,None,False,None,0
1164,Trouble Interfacing Errors Between C and Lua: Seeking Solutions,foreign function interface,None,False,None,0
1165,Dynamically generate javascript in php or do ajax for multilanguage interface?,foreign function interface,None,False,None,0
1166,"Should a foreign key violation be a client error, and if so, how should it be handled?",foreign function interface,None,False,None,0
1167,Laravel: Formatting data from pivot table in template,foreign function interface,None,False,None,0
1168,Where To Intercept Item Locking/Editing In Sitecore,foreign function interface,None,False,None,0
1169,How to get n:m tables?,foreign function interface,None,False,None,0
1170,Java OOP association SQL equivalent,foreign function interface,None,False,None,0
1171,How do I translate a complex MySQL query that involves MySQL variables into a PDO query?,foreign function interface,None,False,None,0
1172,What are the limits of using sockets for Inter-Process Communication?,foreign function interface,None,False,None,0
1173,Python BadYieldError when yielding Future,foreign function interface,None,False,None,0
1174,Combining Tables from different data sources in Tabular Model,foreign function interface,None,False,None,0
1175,FFI Haskell Callback with State,foreign function interface,None,False,None,0
1176,Performant 2D SDL or OpenGL graphics in R for fast display of raster image using rdyncall package an,foreign function interface,None,False,None,0
1177,how to update my tables inside the database using the GUI,foreign function interface,None,False,None,0
1178,Reactive streaming approach of file upload in Spring (Boot),foreign function interface,None,False,None,0
1179,Django Ajax Submission with validation and multiple forms handling,foreign function interface,None,False,None,0
1180,Yii PHP import CSV fails special characters,foreign function interface,None,False,None,0
1181,How do I get Chrome Dev Tools to allow me to edit minified JavaScript in production?,foreign function interface,None,False,None,0
1182,invalid literal for int() with base 10: &#39;choosen_room_1_id&#39;,foreign function interface,None,False,None,0
1183,Remove the duplication of code which is exactly the same for two discrete types in F#,foreign function interface,None,False,None,0
1184,How do I switch between multiple locales with GNU gettext()? setlocale() is failing to achieve this,foreign function interface,None,False,None,0
1185,Identifying and connecting ID&#39;s between tables,foreign function interface,None,False,None,0
1186,Entity constructor gives &quot;incompatible types&quot; error,foreign function interface,None,False,None,0
1187,How to fill a select with the values ​of a foreign table in Angular using + Laravel,foreign function interface,None,False,None,0
1188,Is Eta interoprable with Java and/or Kotlin yet?,foreign function interface,None,False,None,0
1189,Generic Mergesort in C#,foreign function interface,None,False,None,0
1190,Cabal install current package into its own .cabal-sandbox/*-packages.conf.d,foreign function interface,None,False,None,0
1191,Error in CRUD Functions for child tables - Referential integrity constraint violation:,foreign function interface,None,False,None,0
1192,RTK Query convert cache objects to renderable form from outside of component,foreign function interface,None,False,None,0
1193,What web framework provides automatic database scaffolding based on table relations and foreign keys,foreign function interface,None,False,None,0
1194,How do I use the React-Relay @appendNode directive with Hasura&#39;s generated functions/schema?,foreign function interface,None,False,None,0
1195,SQL: How to make sure any primary key in any table &quot;belongs to&quot; a known Account ID (also P,foreign function interface,None,False,None,0
1196,Django: allow user to add fields to model,foreign function interface,None,False,None,0
1197,"D3js Force Layout, dynamic links",foreign function interface,None,False,None,0
1198,SQLite pre-update hook re-entrant,foreign function interface,None,False,None,0
1199,Django: Using signals with inline models,foreign function interface,None,False,None,0
1200,Find foreign key references in EF Core,foreign function interface,None,False,None,0
1201,How can I access to the monitor image data?,foreign function interface,None,False,None,0
1202,Entity Framework select single value from row,foreign function interface,None,False,None,0
1203,"Website conversion help - UTF-8, Covering all the bases... functions, metas, and sql utf-8",foreign function interface,None,False,None,0
1204,google apps script html select options loaded from spreadsheet data,foreign function interface,None,False,None,0
1205,Delete Entities in EventListener,foreign function interface,None,False,None,0
1206,Selenium / Django gives Foreign Key error,foreign function interface,None,False,None,0
1207,Entity Framework testing with IRepository - problem with lazy loading,foreign function interface,None,False,None,0
1208,What is the approach to integrate identity functionality into a .net api?,foreign function interface,None,False,None,0
1209,Repository Pattern: Dealing with Identical Repositories,foreign function interface,None,False,None,0
1210,Django Add list generated from the text of one field to many to many field,foreign function interface,None,False,None,0
1211,"How to save a related, inline django model when parent is saved in the admin?",foreign function interface,None,False,None,0
1212,Best approach for designing F# libraries for use from both F# and C#,foreign function interface,None,False,None,0
1213,Django Admin: Intersection (Natural Inner Join) between Two Models,foreign function interface,None,False,None,0
1214,Can I temporarily suspend auto-generated ID in ORMLite?,foreign function interface,None,False,None,0
1215,Where/how is Django ManyToManyField represented in the database?,foreign function interface,None,False,None,0
1216,Read a (bad?) id field in hibernate/ nhibernate,foreign function interface,None,False,None,0
1217,Problem using Lazy&lt;T&gt; from within a generic abstract class,foreign function interface,None,False,None,0
1218,What is the best practise for handling complex objects as class members?,foreign function interface,None,False,None,0
1219,Can i have generic member variables in c++?,foreign function interface,None,False,None,0
1220,RPC from C++ code to Common Lisp code,foreign function interface,None,False,None,0
1221,What is a good platform for building a game framework targeting both web and native languages?,foreign function interface,None,False,None,0
1222,Are there VB.NET UI Templates for Managing a DataSet?,foreign function interface,None,False,None,0
1223,Which programming language for multilingual Bible app?,foreign function interface,None,False,None,0
1224,Interfacing Haskell and C++,foreign function interface,None,False,None,0
1225,I have to write a function using javascript regex to get a specific output strings from variable,foreign function interface,None,False,None,0
1226,R CMD Check warning: checking S3 generic/method consistency,foreign function interface,None,False,None,0
1227,Is it possible to customise the look of grappelli?,foreign function interface,None,False,None,0
1228,Haskell OpenCL package on Win64 2014.2.0.0 Crashes,foreign function interface,None,False,None,0
1229,Loopback 4 and constraints in MySQL relations,foreign function interface,None,False,None,0
1230,Extend/Modify NHibernate classes at runtime,foreign function interface,None,False,None,0
1231,Access other model from django admin,foreign function interface,None,False,None,0
1232,Designing an SQL Database where multiple tables use the same model,foreign function interface,None,False,None,0
1233,How can I simulate a Python shell most effectively and securely?,foreign function interface,None,False,None,0
1234,Backbone-relational.js + Backbone.View(s),foreign function interface,None,False,None,0
1235,Strange issue with Assembly.Load*,foreign function interface,None,False,None,0
1236,Inverse :belongs_to for successful :has_many yields nil,foreign function interface,None,False,None,0
1237,"Which Hierarchical model should I use? Adjacency, Nested, or Enumerated?",foreign function interface,None,False,None,0
1238,What do you feel is over-generalization?,foreign function interface,None,False,None,0
1239,Mixing inline assembly with C code - how to protect registers and minimize memory access,foreign function interface,None,False,None,0
1240,Returning EDM object without references,foreign function interface,None,False,None,0
1241,COM functions spawn threads that do not disappear,foreign function interface,None,False,None,0
1242,Error version of cffi python package mismatch,foreign function interface,None,False,None,0
1243,MySQL: how to determine which rows in tables A and B are referenced by rows in table C in linear tim,foreign function interface,None,False,None,0
1244,_ctypes not install when trying to import pandas,foreign function interface,None,False,None,0
1245,JQGrid with Bootstrap Multiselect and Custom Save,foreign function interface,None,False,None,0
1246,Nhibernate Domain Ojbect/View Model Mapping (One-to-Many),foreign function interface,None,False,None,0
1247,What&#39;s the best way to store the days of the week an event takes place on in a relational databa,foreign function interface,None,False,None,0
1248,Submitting a post that belongs to current user - how to define the relation on client-side in Vue?,foreign function interface,None,False,None,0
1249,Re-assigning IDs in a non-IDENTITY type field in SQL Server database,foreign function interface,None,False,None,0
1250,"New Entry of Data overwrites all past entries in column , how do i correct this?",foreign function interface,None,False,None,0
1251,Hibernate insert not working (Request processing failed),foreign function interface,None,False,None,0
1252,SQLSTATE[42S22]: Column not found: 1054 Unknown column - Laravel,foreign function interface,None,False,None,0
1253,How to deploy MirageOS example to AWS,foreign function interface,None,False,None,0
1254,How to use the new types of strings in Delphi Xe2?,foreign function interface,None,False,None,0
1255,"Secure, light-weight, easy to use authentication system for asp.net",foreign function interface,None,False,None,0
1256,Insert script returning success but nothing inserted to database,foreign function interface,None,False,None,0
1257,Laravel ErrorException Undefined offset: 0,foreign function interface,None,False,None,0
1258,DB app design. enable easy expansion,foreign function interface,None,False,None,0
1259,How do you write a working .d.ts file for a &quot;complex&quot; vanilla javascript library containin,foreign function interface,None,False,None,0
1260,Python subprocess &amp; Poetry cutted/shortened stdout,foreign function interface,None,False,None,0
1261,type conversion - type coercion only in loop?,foreign function interface,None,False,None,0
1262,Error when using django-admin-multiupload and django-imagekit together,foreign function interface,None,False,None,0
1263,Identity 2.0 String or Int primary key?,foreign function interface,None,False,None,0
1264,Android: ListView in Fragment and Cursor Loader not receiving data?,foreign function interface,None,False,None,0
1265,"Having difficulty passing $_GET[&#39;id&#39;] value to javascript function, then &lt;a href=&quot;&q",foreign function interface,None,False,None,0
1266,Error in NamedStoredProcedureQuery in Spring JPA - &quot;Found named stored procedure parameter asso,foreign function interface,None,False,None,0
1267,Problems trying to insert data with JPA,foreign function interface,None,False,None,0
1268,Migrations and two applications sharing parts of database on different machines,foreign function interface,None,False,None,0
1269,Allowing selective entity saves in a paging WPF MVVM application using LINQ to SQL,foreign function interface,None,False,None,0
1270,Multiprocessing and Socket: &quot;OSError: [Errno 98] Address already in use&quot;,foreign function interface,None,False,None,0
1271,What is the native equivalent of PrincipalContext.ValidateCredentials?,foreign function interface,None,False,None,0
1272,Why does bitbake recipe for python-cffi fail on do_fetch,foreign function interface,None,False,None,0
1273,R Packages Fail to Compile with gcc,foreign function interface,None,False,None,0
1274,JDBC not working properly within Java program,foreign function interface,None,False,None,0
1275,Can not install Paramiko in Cent OS,foreign function interface,None,False,None,0
1276,Preview a camera in DirectShow and capture a still image - in VB.net,foreign function interface,None,False,None,0
1277,Creating dependent dropdown menues for plots,foreign function interface,None,False,None,0
1278,Populate one dropdown list based on the selection of other dropdown list using Spring Boot,foreign function interface,None,False,None,0
1279,certbort commands return ModuleNotFoundError: No module named &#39;_cffi_backend&#39;,foreign function interface,None,False,None,0
1280,ERROR 1007 (HY000) at line 1: Can&#39;t create database &#39;mgsv&#39;; database exists,foreign function interface,None,False,None,0
1281,Unable to compile lxml using pip and NetBSD,foreign function interface,None,False,None,0
1282,org.springframework.beans.factory.parsing.BeanDefinitionParsingException Error,foreign function interface,None,False,None,0
1283,Why is urllib3/idna complaining about a wildcard in an X509 cert? How do I fix it?,foreign function interface,None,False,None,0
1284,Java dependency failure for .deb file on openjdk docker base,foreign function interface,None,False,None,0
1285,php:5-apache container does not load any pages,foreign function interface,None,False,None,0
1286,MySQL connection refused from Node on first run only (docker-compose),foreign function interface,None,False,None,0
1287,Can IntelliJ IDEA encapsulate all of the functionality of WebStorm and PHPStorm through plugins?,polyglot,None,False,None,0
1288,Polyglot Installation,polyglot,None,False,None,0
1289,What happened to Maven Polyglot?,polyglot,None,False,None,0
1290,Polyglot Language Switcher asp.net,polyglot,None,False,None,0
1291,No module named &#39;polyglot.text&#39;; &#39;polyglot&#39; is not a package,polyglot,None,False,None,0
1292,Polyglot persistence example,polyglot,None,False,None,0
1293,Polyglot-Markup validator,polyglot,None,False,None,0
1294,how to install polyglot on windows,polyglot,None,False,None,0
1295,Documentation for Tesla polyglot?,polyglot,None,False,None,0
1296,Polyglot ImportError: cannot import name &#39;Locale&#39; from &#39;icu&#39;,polyglot,None,False,None,0
1297,Polyglot ubuntu not able to download language files,polyglot,None,False,None,0
1298,Polyglot persistence in Android,polyglot,None,False,None,0
1299,unable to install polyglot on windows,polyglot,None,False,None,0
1300,VSCode PolyGlot configuration of dotnet,polyglot,None,False,None,0
1301,What is a polyglot document?,polyglot,None,False,None,0
1302,Cannot run a simple polyglot script,polyglot,None,False,None,0
1303,How to install Polyglot on Windows?,polyglot,None,False,None,0
1304,Polyglot Processor with Local Dataflow Server,polyglot,None,False,None,0
1305,installing polyglot in windows,polyglot,None,False,None,0
1306,Polyglot for C and PHP,polyglot,None,False,None,0
1307,DeepSpeech-Polyglot: Signals.SIGSEGV: 11,polyglot,None,False,None,0
1308,What is the opposite of polyglot programming?,polyglot,None,False,None,0
1309,Brackets Colors Typescript vim-polyglot,polyglot,None,False,None,0
1310,Polyglot frontend in microservices,polyglot,None,False,None,0
1311,use polyglot package for Named Entity Recognition in hebrew,polyglot,None,False,None,0
1312,Unicode decode error when installing polyglot,polyglot,None,False,None,0
1313,Python polyglot max language code length,polyglot,None,False,None,0
1314,Can&#39;t install python Polyglot package on Windows,polyglot,None,False,None,0
1315,Polyglot and Client Side Load Balancing,polyglot,None,False,None,0
1316,Existence of universal C++/Python Polyglot,polyglot,None,False,None,0
1317,Import error with nlp polyglot package in python,polyglot,None,False,None,0
1318,Problems when installing python Polyglot package on virtual environment,polyglot,None,False,None,0
1319,How can one create a polyglot PDF?,polyglot,None,False,None,0
1320,IndexError: list index out of range in while using polyglot,polyglot,None,False,None,0
1321,F# Debugger in VS Code Polyglot (Interactive) Notbook,polyglot,None,False,None,0
1322,How can I install polyglot in Python anaconda?,polyglot,None,False,None,0
1323,Implementing Authorization in Polyglot Architecture,polyglot,None,False,None,0
1324,polyglot - TypeError: &#39;function&#39; object is not subscriptable,polyglot,None,False,None,0
1325,error installing polyglot package in stack heroku-18 and python3.6.12 runtime,polyglot,None,False,None,0
1326,Using XML snippets in Maven Polyglot,polyglot,None,False,None,0
1327,Rails 3.0.3 and Polyglot Gem problem,polyglot,None,False,None,0
1328,Should I write Polyglot HTML5 documents?,polyglot,None,False,None,0
1329,Do programs written in a strict superset of a language count as a polyglot?,polyglot,None,False,None,0
1330,Share SQL result to Python with Polyglot Notebook extension in VScode,polyglot,None,False,None,0
1331,Why doesn&#39;t work Polyglot that I installed with git or the wheel files?,polyglot,None,False,None,0
1332,UTF-16 Code Units In Python Polyglot,polyglot,None,False,None,0
1333,Polyglot Dependencies Causes Trouble During Multi Stage Containerization (Python) - Docker,polyglot,None,False,None,0
1334,Tool (filter) to convert HTML5 into Polyglot Markup?,polyglot,None,False,None,0
1335,Why do you or do you not implement using polyglot solutions?,polyglot,None,False,None,0
1336,How to use a manually installed .NET SDK in Polyglot Notebook,polyglot,None,False,None,0
1337,GraalVM Polyglot: pass arguments from Java to LLVM (C++),polyglot,None,False,None,0
1338,HTML Polyglot Markup served as text/html+xml,polyglot,None,False,None,0
1339,W3C no longer maintains polyglot markup?,polyglot,None,False,None,0
1340,Display Mermaid diagram from C# variable in Polyglot notebook,polyglot,None,False,None,0
1341,How to apply Polyglot Detector function to dataframe,polyglot,None,False,None,0
1342,"Polyglot for Python installed on Windows, but won&#39;t run simple test",polyglot,None,False,None,0
1343,Getting error on installing polyglot for python 3.5?,polyglot,None,False,None,0
1344,recommendation for neo4j in polyglot environments,polyglot,None,False,None,0
1345,Is there a way in Polyglot to permanently &quot;fix&quot; the language code of an Hebrew text from &,polyglot,None,False,None,0
1346,Polyglot persistence for startup app,polyglot,None,False,None,0
1347,"In Polyglot notebook, treat code output as markdown?",polyglot,None,False,None,0
1348,Vim polyglot syntax highlighting not overriding default,polyglot,None,False,None,0
1349,How to get directory of the dib file in a Polyglot notebook?,polyglot,None,False,None,0
1350,Polyglot Notebooks - reverse RETURN versus SHIFT-RETURN behavior?,polyglot,None,False,None,0
1351,How can I run this Polyglot token/tag extractor in PyCharm?,polyglot,None,False,None,0
1352,Polyglot seems not working when using translate function,polyglot,None,False,None,0
1353,Azure Translation endpoint example code FAILS in VS Code Polyglot Notebook,polyglot,None,False,None,0
1354,Polyglot Language Selector 2 - using the id&#39;s,polyglot,None,False,None,0
1355,How to use LINQ in a .dib Polyglot notebook?,polyglot,None,False,None,0
1356,GraalVM/Polyglot: how to get SourceLocation programmatically,polyglot,None,False,None,0
1357,how to override downloader directory with local directory in polyglot in python,polyglot,None,False,None,0
1358,How to format code in Visual Studio Code Polyglot Notebook?,polyglot,None,False,None,0
1359,Reading data using Anahkiasen/Polyglot returns error trying to get property of non-object,polyglot,None,False,None,0
1360,GraalVM polyglot native image with Python,polyglot,None,False,None,0
1361,Configuring Maven source directories for a polyglot project,polyglot,None,False,None,0
1362,How to correctly execute requests to the server in Polyglot Notebook js cells?,polyglot,None,False,None,0
1363,I have a problem when I was installing polyglot using windows,polyglot,None,False,None,0
1364,Minimum Graal Polyglot example will not run,polyglot,None,False,None,0
1365,Trying to set up Polyglot notebook to work with Python and R,polyglot,None,False,None,0
1366,Passing classes and methods as Value with GraalVM Polyglot,polyglot,None,False,None,0
1367,Vert.x. How to create a real polyglot JVM application?,polyglot,None,False,None,0
1368,Graal VM components required for a Node calling Java polyglot application,polyglot,None,False,None,0
1369,Polyglot Language Picker 2 - changing the default language after selection,polyglot,None,False,None,0
1370,Operator overloading using Graalvm Polyglot with Scala and Python,polyglot,None,False,None,0
1371,Are HTML5 custom elements compatible with an XML (polyglot) serialization?,polyglot,None,False,None,0
1372,Can the Maven Versions Plugin work with the Polyglot plugin?,polyglot,None,False,None,0
1373,When Installing polyglot with pip exception: Command &quot;python setup.py egg_info&quot; failed wit,polyglot,None,False,None,0
1374,Import or Symbol not Found Error with polyglot when PyICU and icu4c installed correctly,polyglot,None,False,None,0
1375,Acceptance of HTML5 Polyglot served as application/xhtml+xml,polyglot,None,False,None,0
1376,How to use nodejs &#39;fs&#39; or &#39;http&#39; modules inside GraalVM polyglot applications,polyglot,None,False,None,0
1377,"SQL Server, Cosmos / document DB, Identity membership and polyglot persistence",polyglot,None,False,None,0
1378,Polyglot error: input contains invalid UTF-8 around byte 333789 (of 361147),polyglot,None,False,None,0
1379,Difficulties installing jekyll-polyglot: &quot;Could not find gem &#39;helper x86_64-darwin-19&#39;&,polyglot,None,False,None,0
1380,How to add packages to Graalvm python polyglot?,polyglot,None,False,None,0
1381,Error installing polyglot in python 3.5.2,polyglot,None,False,None,0
1382,Exception: &quot;Invalid action number found in internal parse table.&quot; Polyglot Exception,polyglot,None,False,None,0
1383,x86-32 / x86-64 polyglot machine-code fragment that detects 64bit mode at run-time?,polyglot,None,False,None,0
1384,Should I check in folder &quot;node_modules&quot; to Git when creating a Node.js app on Heroku?,polyglot,None,False,None,0
1385,Sharing partitioning logic across polyglot producers with Kafka,polyglot,None,False,None,0
1386,"Polyglot, XHTML5, dl,dt,dd how to make a space between entries?",polyglot,None,False,None,0
1387,Do C# code generators work in polyglot notebooks?,polyglot,None,False,None,0
1388,Polyglot does not detect multiple languages,polyglot,None,False,None,0
1389,GraalVM - Using Polyglot Value without a context,polyglot,None,False,None,0
1390,Usage of Bazel to build polyglot projects,polyglot,None,False,None,0
1391,Quarkus build native with graalvm polyglot embed script language runtime error,polyglot,None,False,None,0
1392,Real Meaning of Polyglot Store?,polyglot,None,False,None,0
1393,VS Code failing to create or load polyglot notebooks following .NET SDK reinstall,polyglot,None,False,None,0
1394,Using polyglot to query GRPC service and pass timestamp as one of the request parameters,polyglot,None,False,None,0
1395,Error when using the command &quot;from polyglot.detect import Detector&quot;,polyglot,None,False,None,0
1396,Does GraalVM use same thread and heap space when calling polyglot functions?,polyglot,None,False,None,0
1397,How to use Polyglot.js in my Webpack Project?,polyglot,None,False,None,0
1398,Cannot access internal (polyglot) libraries from Graal native-image binary,polyglot,None,False,None,0
1399,jquery polyglot language switcher js,polyglot,None,False,None,0
1400,Using polyglot notebooks in Visual Studio Code how can you autoimport missing namespaces for .NET C#,polyglot,None,False,None,0
1401,GraalVm Polyglot application - is it possible to evaluate kotlin script from java at runtime?,polyglot,None,False,None,0
1402,Unable to install polyglot on macOS High Sierra 10.13.6,polyglot,None,False,None,0
1403,Polyglot persistence database handling,polyglot,None,False,None,0
1404,"lightweight, polyglot alternative to JMX?",polyglot,None,False,None,0
1405,couldn&#39;t use scala classes in java coding in scala-java polyglot gradle project using kotlin dsl,polyglot,None,False,None,0
1406,How to instal polyglot on mac?,polyglot,None,False,None,0
1407,CQRS with cockroachdb in polyglot setup,polyglot,None,False,None,0
1408,Strange redirect in Batch/Powershell polyglot,polyglot,None,False,None,0
1409,Python execution via the Polyglot API always needs full System IO access,polyglot,None,False,None,0
1410,GraalVM polyglot not able to find installed language,polyglot,None,False,None,0
1411,How do I allow for copying data to clipboard from .NET Interactive (Polyglot) Notebooks?,polyglot,None,False,None,0
1412,How to install polyglot on Raspberry Pi? - problems with compatibility,polyglot,None,False,None,0
1413,&quot;python setup.py egg_info&quot; failed with error code 1. How to fix this,polyglot,None,False,None,0
1414,&#39;createPolyglotMiddleware&#39; is not defined,polyglot,None,False,None,0
1415,UnicodeDecodeError error when loading word2vec,polyglot,None,False,None,0
1416,Karate - Polyglot Exception using js callSingle(),polyglot,None,False,None,0
1417,How to solve ImportError: cannot import name &#39;ProcessPoolExecutor&#39;,polyglot,None,False,None,0
1418,Polyglot Programming: Is building applications with multiple languages a good practice?,polyglot,None,False,None,0
1419,GraalVM - No language and polyglot implementation was found on the classpath,polyglot,None,False,None,0
1420,Design a PolyGlot database on Google Cloud Platform,polyglot,None,False,None,0
1421,What combination do you use for your polyglot solution?,polyglot,None,False,None,0
1422,How do I add GraalVM Polyglot code (Java running Javascript) support in an OSGi (Karaf) Module,polyglot,None,False,None,0
1423,Handling complex read models in distributed architecture driven by Domain Driven Design and Polyglot,polyglot,None,False,None,0
1424,Using Extension methods in RoslynPad or Polyglot notebooks,polyglot,None,False,None,0
1425,GraalVM Polyglot can&#39;t load Java class,polyglot,None,False,None,0
1426,In what areas might the use of F# be more appropriate than C#?,polyglot,None,False,None,0
1427,Integration tests of a polyglot stack (Java/MongoDB/RabbitMQ...),polyglot,None,False,None,0
1428,"How to achieve Polyglot with Prisma, MySQL, neo4j and redis?",polyglot,None,False,None,0
1429,Why polyglot does not return the un-transliterated text back?,polyglot,None,False,None,0
1430,Polyglot &gt;&gt; error: input contains invalid UTF-8 around byte 35 (of 62),polyglot,None,False,None,0
1431,Python Polyglot: How to prevent hyphens separating words which belong together,polyglot,None,False,None,0
1432,"GraalVM: Polyglot applications: Java classes in C++ IDE (including documentation, debug support etc.",polyglot,None,False,None,0
1433,How and Which tool should use to make API-Gateway for polyglot Microservice Platform?,polyglot,None,False,None,0
1434,How to get the index within raw text of an entity found by Polyglot python library?,polyglot,None,False,None,0
1435,How to construct connect mssql command with variable in Polyglot Notebook,polyglot,None,False,None,0
1436,How to setup Docker for a polyglot microservice-based application?,polyglot,None,False,None,0
1437,What is the best Python library to get morphemes (including the stem) from a word?,polyglot,None,False,None,0
1438,Access Java object from JavaScript in GraalVM Polyglot context,polyglot,None,False,None,0
1439,Graalvm Polyglot Thread issue in Java Spring boot application,polyglot,None,False,None,0
1440,How discovery service works in polyglot micro services architecture?,polyglot,None,False,None,0
1441,Polyglot persistece with a graph database for relationships is a good ideia?,polyglot,None,False,None,0
1442,Do you have to use DockerHub with Spring Cloud Data Flow to use Python,polyglot,None,False,None,0
1443,How to find same entities in numpy array?,polyglot,None,False,None,0
1444,Segmentation fault with Python with install of PyICU,polyglot,None,False,None,0
1445,Install NPM into home directory with distribution nodejs package (Ubuntu),polyglot,None,False,None,0
1446,"Can a Maven solution have polyglot projects? (Java, Python, Scala)",polyglot,None,False,None,0
1447,node.js define own modules with pretty name,polyglot,None,False,None,0
1448,I&#39;m only seeing keys instead of translations in iOS app,polyglot,None,False,None,0
1449,How to write python polyglot unittest for method using type function?,polyglot,None,False,None,0
1450,Writing tests for Polyglot Springboot with both JPATest and MongoDB Test,polyglot,None,False,None,0
1451,How do I expose a library to the global window in Vitest?,polyglot,None,False,None,0
1452,Error received when trying to install library &#39;pycld2&#39; on Windows 10,polyglot,None,False,None,0
1453,com.oracle.truffle.polyglot.PolyglotImpl (in unnamed module) cannot access class org.graalvm.polyglo,polyglot,None,False,None,0
1454,Import third party js files to angular typescript project,polyglot,None,False,None,0
1455,Use environment variable inside importmap - single-spa,polyglot,None,False,None,0
1456,Invalid inputs causes authentication bypass in polyglot JSON messaging system?,polyglot,None,False,None,0
1457,IllegalStateException: No language and polyglot implementation was found on the classpath. Make sure,polyglot,None,False,None,0
1458,Cannot start up rails server or rails console,polyglot,None,False,None,0
1459,org.graalvm.polyglot.PolyglotException when &#39;(&#39; &#39;)&#39; used in regex in karate.match(),polyglot,None,False,None,0
1460,Scala and Clojure both in one project,polyglot,None,False,None,0
1461,"can&#39;t run cucumber scenarios due to test-unit version issue on Rails 2.3.5, Ruby 1.9.1",polyglot,None,False,None,0
1462,Python as &quot;host&quot; language in graalvm,polyglot,None,False,None,0
1463,GraalVM - can you jar multiple languages together?,polyglot,None,False,None,0
1464,Anaconda cannot install PyICU,polyglot,None,False,None,0
1465,GraalVM polyglot context and Jakarta CDI context: how access beans from scripts?,polyglot,None,False,None,0
1466,Tomcat vs Vert.x,polyglot,None,False,None,0
1467,How to read geojson file using react?,polyglot,None,False,None,0
1468,Remove @Spell from a syntax cluster,polyglot,None,False,None,0
1469,AWS lambda: No language and polyglot implementation was found on the classpath. Make sure a language,polyglot,None,False,None,0
1470,exception str() failed - py3,polyglot,None,False,None,0
1471,Rails BDD with Cucumber: no such file to load -- cucumber-rails,polyglot,None,False,None,0
1472,Having trouble getting cucumber 6.3 to run on rails 2.3.4,polyglot,None,False,None,0
1473,pyicu on mac : ./common.h:38:13: error: unknown type name &#39;decltype&#39;,polyglot,None,False,None,0
1474,Headless Browser and scraping - solutions,polyglot,None,False,None,0
1475,How to add MS EDGE in Eclipse from MarketPlace or is there any source to import,polyglot,None,False,None,0
1476,Can anyone give a brief overview of how to proceed with Named Entity Recognition in Tamil Language?,polyglot,None,False,None,0
1477,GraalVM JS embedding with Uber Jar from Gradle,polyglot,None,False,None,0
1478,CSS drop down menu doesn&#39;t work properly in Google Chrome (the submenus disappear on hover),polyglot,None,False,None,0
1479,What is the best tool for creating a Java extension?,polyglot,None,False,None,0
1480,Pyscript using classes in the Python source code,polyglot,None,False,None,0
1481,TypeError: cannot use a string pattern on a bytes-like object - Py3,polyglot,None,False,None,0
1482,How do I configure vim to set softtabs conditionally?,polyglot,None,False,None,0
1483,GCC error installing pyICU on centos,polyglot,None,False,None,0
1484,jQuery call function when language in selectbox is changed,polyglot,None,False,None,0
1485,Continuous Integration for stack with Visual C++ and C#,polyglot,None,False,None,0
1486,Does anyone know how to get SonarQube to analyze CoffeeScript?,polyglot,None,False,None,0
1487,How do I source a zsh script from a bash script?,polyglot,None,False,None,0
1488,unable to run Morphological Analysis,polyglot,None,False,None,0
1489,Use a language dropdown selector to use a GET function to change language,polyglot,None,False,None,0
1490,GraalVM - Performance Issue A lot of time for invoke js method,polyglot,None,False,None,0
1491,Extending (monkey patching) Java classes in Truffle Ruby,polyglot,None,False,None,0
1492,Using multiple Tech apps in CF,polyglot,None,False,None,0
1493,"Polyglott notebooks: Metadata file &#39;nuget:Microsoft.DotNet.Interactive.Kql,*-*&#39; could not be",polyglot,None,False,None,0
1494,Graal SDK works when the application runs but fails in unit test,polyglot,None,False,None,0
1495,Distributing ruby gems in a C/C++ GNU autotools project,polyglot,None,False,None,0
1496,Error installing Spree_Shared gem:,polyglot,None,False,None,0
1497,bundling install with gem,polyglot,None,False,None,0
1498,Transliterate sentence written in 2 different scripts to a single script,polyglot,None,False,None,0
1499,How can I make an inline plot in Jupyter from F# interactive?,polyglot,None,False,None,0
1500,How would I convert this c# code to vb.net?,polyglot,None,False,None,0
1501,Prawn-gmagick conflit with RMagick,polyglot,None,False,None,0
1502,"Nim: On mac, cannot open standard import",polyglot,None,False,None,0
1503,Canvas-LMS - LoadError: cannot load such file -- parallel,polyglot,None,False,None,0
1504,couldn&#39;t extend scala class from java class which has abstract function which takes inner class ,polyglot,None,False,None,0
1505,Can&#39;t start unicorn in production - can&#39;t convert Pathname into String (TypeError),polyglot,None,False,None,0
1506,Why doesn’t putchar require a header?,polyglot,None,False,None,0
1507,Warning inside a preprocessor &quot;#if 0&quot; section,polyglot,None,False,None,0
1508,AvailableOpenshift current (3.11) open source APM solutions,polyglot,None,False,None,0
1509,What are the best algorithms to determine the language of text and to correct typos in python?,polyglot,None,False,None,0
1510,How to Combine 2 Backend (PHP Laravel and Spring),polyglot,None,False,None,0
1511,Multi thread access exception - Karate 1.3.1,polyglot,None,False,None,0
1512,How to make my Java classes visible for Python imports,polyglot,None,False,None,0
1513,OpenJDK 64-Bit Server VM warning: forcing TieredStopAtLevel to full optimization because JVMCI is en,polyglot,None,False,None,0
1514,Can I deploy multiple frameworks for an application on heroku?,polyglot,None,False,None,0
1515,Migration from Maven 2/3 to Gradle,polyglot,None,False,None,0
1516,Using multiple programming languages: what is the point?,polyglot,None,False,None,0
1517,Scalatra set port on http server,polyglot,None,False,None,0
1518,InvalidRequestException(why:line 1:184 mismatched character &#39;)&#39; expecting &#39;-&#39;),polyglot,None,False,None,0
1519,Graal.js importing module causes org.graalvm.polyglot.PolyglotException: SyntaxError: Expected an op,polyglot,None,False,None,0
1520,Anchor tag within div and ul won&#39;t work,polyglot,None,False,None,0
1521,Spring cloud Data Flow Task sample python task not working,polyglot,None,False,None,0
1522,Send data from Java to C++ Graalvm,polyglot,None,False,None,0
1523,Position for arrow up and arrow down originally in single gif inside a Sprite image,polyglot,None,False,None,0
1524,How to return all number of sentences instead of one?,polyglot,None,False,None,0
1525,NeoVim Plugin not getting installed. (Using vim-plug),polyglot,None,False,None,0
1526,How to find and match each elements of a list on each sentences?,polyglot,None,False,None,0
1527,What is the Rails equivalent to PHP&#39;s echo(&quot;ok&quot;)?,polyglot,None,False,None,0
1528,Is it possible to share an object from a Python application to a Java application in a GraalVM insta,polyglot,None,False,None,0
1529,Powershell: Read a section of a file into a variable,polyglot,None,False,None,0
1530,How to find which languages are being used in a given project running on GraalVM?,polyglot,None,False,None,0
1531,Why is Rubygems not able to install Rails?,polyglot,None,False,None,0
1532,"Graal.js returns SafeInteger, causes !(result instanceof TruffleObject) assertion to fail in TestNG ",polyglot,None,False,None,0
1533,Using RequireJS with Graal,polyglot,None,False,None,0
1534,Are there a set of &quot;universal&quot; error/exception codes?,polyglot,None,False,None,0
1535,Best frameworks or methods to write compilers targetting JVM?,polyglot,None,False,None,0
1536,How to match Named Entities based on each sentence not through a file,polyglot,None,False,None,0
1537,Converting unicode list to a readable format,polyglot,None,False,None,0
1538,Cannot compile Spring Boot to native image with Python language support,polyglot,None,False,None,0
1539,Spring Cloud Contract - Node.js as producer,polyglot,None,False,None,0
1540,"Error : format&#39;%s&#39; expects argument of type &#39;char *&#39;, but argument 2 has type &#39;i",polyglot,None,False,None,0
1541,GraalJS: how to get rid of these warnings?,polyglot,None,False,None,0
1542,no suitable method found for configured finagle in Java code,polyglot,None,False,None,0
1543,Set navigation bar title using string variable,polyglot,None,False,None,0
1544,Shall I store small data set in Redshift or not?,polyglot,None,False,None,0
1545,Is Neo4j Doc Manager still functional?,polyglot,None,False,None,0
1546,Hot Reloading on GraalVM,polyglot,None,False,None,0
1547,"Is it possible to avoid serialization when using the Vert.x eventbus &#39;locally&#39; (java, single",polyglot,None,False,None,0
1548,How to configure js node stack size when using Graal?,polyglot,None,False,None,0
1549,Karate - Setting global User-Agent header in karate-config.js,polyglot,None,False,None,0
1550,Factorial Algorithms in different languages,polyglot,None,False,None,0
1551,Scala 2.12 interop with java 1.8 doesn&#39;t compile for twitter finagle code,polyglot,None,False,None,0
1552,rails win7 aptana debug server fail to start,polyglot,None,False,None,0
1553,Multi-lingual projects in Visual Studio,polyglot,None,False,None,0
1554,is Netifi client library available for languages other than java,polyglot,None,False,None,0
1555,OneToMany relationship not working,polyglot,None,False,None,0
1556,"Sharing files between microservices built in Node, React and Python in a monorepo",polyglot,None,False,None,0
1557,Duplicate Jenkins groovy yaml reading &amp; writing on my workstation,polyglot,None,False,None,0
1558,org.springframework.security.oauth2.provider.token.store.MongoDBTokenStore,polyglot,None,False,None,0
1559,"How to take consistent backups when using multiple data stores? (Neo4j, Postgresql)",polyglot,None,False,None,0
1560,nashorn CompiledScript graalvm equivalent,polyglot,None,False,None,0
1561,Is there scala compiler option that makes ` Option[T](t).map(x =&gt; null)` return None instead of S,polyglot,None,False,None,0
1562,java mixed with clojure in maven and eclipse,polyglot,None,False,None,0
1563,Howto detect that maven plugin is executed inside maven project?,polyglot,None,False,None,0
1564,Keeping data models in sync (MySQL and Neo4j),polyglot,None,False,None,0
1565,"In vim, how does one apply autocommands for a filetype to a region of a file?",polyglot,None,False,None,0
1566,"Can I run a micro cloudfoundry instance as a production server? Or, chef/puppet?",polyglot,None,False,None,0
1567,Loading json into Neo4j Using &quot;apoc.load.json&quot; : Incomplete data retrieval,polyglot,None,False,None,0
1568,Naming: BEGIN ~ END vs LIVE ~ EVIL block structured languages,polyglot,None,False,None,0
1569,"After Rebooting RHEL Server, chef-server can&#39;t start",polyglot,None,False,None,0
1570,Design MongoDB document to get desired Neo4j graph,polyglot,None,False,None,0
1571,Configuring Google App Engine Python runtime on IntelliJ,polyglot,None,False,None,0
1572,Confused between gRPC and Rabbitmq for nodejs and python AI microservices,polyglot,None,False,None,0
1573,How can I use custom java type in Graal.js,polyglot,None,False,None,0
1574,Simple front end application on EKS via AppMesh,polyglot,None,False,None,0
1575,What is a good Sidekiq-like job system for node.js?,polyglot,None,False,None,0
1576,Maven 3&#39;s support for Groovy poms,polyglot,None,False,None,0
1577,"Why are Python, Ruby, and Node.js so much slower than Bash, AWK, Perl?",polyglot,None,False,None,0
1578,What is the difference between Vert.x and Netty?,polyglot,None,False,None,0
1579,JSON ad-hoc vs NoSQ document database for a embedded desktop software in Java,polyglot,None,False,None,0
1580,How to install gems manually in heroku?,polyglot,None,False,None,0
1581,Adding a AWS Lambda between API Gateway and Spring boot,polyglot,None,False,None,0
1582,Jupyter as Zeppelin replacement: multi-lingual Spark,polyglot,None,False,None,0
1583,AWS CDK Python Custom Construct Example,polyglot,None,False,None,0
1584,Powershell access works but AzureCliCredential fails with &quot;Principal X is not authorized&quot;,polyglot,None,False,None,0
1585,I18n strategies for Go with App Engine,polyglot,None,False,None,0
1586,Best approach to multilingual react webapp,polyglot,None,False,None,0
1587,Vim got unexpectedly slow,polyglot,None,False,None,0
1588,Why does a class definition in one cell not recognize another class&#39;s fields made in another cel,polyglot,None,False,None,0
1589,How to generate crate before Cargo build?,polyglot,None,False,None,0
1590,Backbone Global Variable,polyglot,None,False,None,0
1591,uninitialized constant DataShift::SpreeHelper::SpreeBaseLoader (NameError),polyglot,None,False,None,0
1592,PHP and shell_exec,polyglot,None,False,None,0
1593,how to make rails 3.0 default on mac?,polyglot,None,False,None,0
1594,Karate - java 11 - Issues,polyglot,None,False,None,0
1595,How to provide module definition when @types/x does not exist,polyglot,None,False,None,0
1596,GraalVM build failure with &quot;Blocklisted methods are reachable for runtime compilation&quot;,polyglot,None,False,None,0
1597,How to validate angular HTML templates,polyglot,None,False,None,0
1598,IRB showing &quot;LoadError: cannot load such file -- nokogiri&quot; error when trying to require &q,polyglot,None,False,None,0
1599,i had issue with installing &quot;icu&quot; in python 3.5 windows 10,polyglot,None,False,None,0
1600,Angular mat autocomplete does not working in FormArray?,polyglot,None,False,None,0
1601,Website with full-page sections in Drupal?,polyglot,None,False,None,0
1602,PolyglotException: TypeError: instantiate on {Class} failed due to: Message not supported,polyglot,None,False,None,0
1603,Why org.graalvm.polyglot used instead of javax.script package on GraalVM Community Edition?,polyglot,None,False,None,0
1604,Ruby on Rails: LoadError: No such file to load -- truncate_html.rb when trying to Migrate,polyglot,None,False,None,0
1605,Why is my Node.js service stopping unexpectedly under GraalVM?,polyglot,None,False,None,0
1606,How to iterate over a List of Maps and extract a piece of data from each map,polyglot,None,False,None,0
1607,F# Event driven MVVM using WPF,polyglot,None,False,None,0
1608,"Suggestion for Ancestry type Database: MongoDB, Redis, etc.?",polyglot,None,False,None,0
1609,"Error: failed post-processing: 820:39: missing &#39;,&#39; in argument list",polyglot,None,False,None,0
1610,Apply a git patch to a series of renamed files,polyglot,None,False,None,0
1611,Is it possible to run a Python program within a Java &quot;GraalVM&quot; program?,polyglot,None,False,None,0
1612,How to use jextract to work with MacOS Framework header files?,polyglot,None,False,None,0
1613,Robustly identify which shell is running,polyglot,None,False,None,0
1614,How can I run multiple apps which that accept requests in Heroku?,polyglot,None,False,None,0
1615,How to install Polynote on Windows?,polyglot,None,False,None,0
1616,Type Error running feature in Rail&#39;s Cucumber,polyglot,None,False,None,0
1617,Docker tar not found on nvm install node step,polyglot,None,False,None,0
1618,Error on starting application Bundler::GemNotFound,polyglot,None,False,None,0
1619,Understanding React-Admin translation,polyglot,None,False,None,0
1620,"Gradle, IntelliJ and ScalaTest plugin: suddenly broken",polyglot,None,False,None,0
1621,Injected members from the host language to arrive to guest language as guest language types,polyglot,None,False,None,0
1622,Python 2 and Python 3 dual development,polyglot,None,False,None,0
1623,What is ?. in Angular / Type Script,polyglot,None,False,None,0
1624,Install mysql2 gem on Snow Leopard for Rails 3 with rvm,polyglot,None,False,None,0
1625,NullReferenceException in Custom tag helper in MVc core 2,polyglot,None,False,None,0
1626,Browsing files from a larger project while working on a specific repository,polyglot,None,False,None,0
1627,Hide/close drop down automatically when other drop down is active/open,polyglot,None,False,None,0
1628,ColdFusion/RabbitMQ Fails on factory.newConnection(),polyglot,None,False,None,0
1629,Laravel package unit testing failing for helper function in config file (call to undefined method ba,polyglot,None,False,None,0
1630,how can I ignore certain directories when initializing sorbet?,polyglot,None,False,None,0
1631,How to avoid deadlock in printing alphanumeric numbers concurrently,polyglot,None,False,None,0
1632,Error when I make a connection through sequel - mysql2 on AmazonWs,polyglot,None,False,None,0
1633,Python Remove Spanish Words,polyglot,None,False,None,0
1634,Can SQL and Neo4j be used together in an Identity Microservice part of a .NET application,polyglot,None,False,None,0
1635,A few basic questions about getting started with Titan and Tinkerpop,polyglot,None,False,None,0
1636,How do I save a Beaker notebook as straight python/r/...?,polyglot,None,False,None,0
1637,Vim Vundle PluginInstall fails because of &quot;command not found&quot;,polyglot,None,False,None,0
1638,getting error messsage when starting rails console:,polyglot,None,False,None,0
1639,How to run docker command in Python SDK,polyglot,None,False,None,0
1640,How to change the per-language configuration of setting &quot;editor.insertSpaces&quot; to &quot;aut,polyglot,None,False,None,0
1641,Calling method leading to loss of array data (arguments passed),polyglot,None,False,None,0
1642,GraalVM - embedding python multi-file project in java,polyglot,None,False,None,0
1643,Can JVM bytecode running on the GraalVM be instrumented by a custom `TruffleInstrument`?,polyglot,None,False,None,0
1644,"Error starting server with rails server, sqllite error",polyglot,None,False,None,0
1645,Spring Cloud Configuration Server Through Sidecar,polyglot,None,False,None,0
1646,on windows Mysql native extension prob in ruby on rails gem time,polyglot,None,False,None,0
1647,Can I use Cucumber to test an application that uses more than one language?,polyglot,None,False,None,0
1648,Overriding openshift maven script (jenkins gear),polyglot,None,False,None,0
1649,Ruby gem error: no such file to load -- bundler,polyglot,None,False,None,0
1650,How to combine strings and handles in liquid,polyglot,None,False,None,0
1651,How to handle transaction in event driven architecture?,polyglot,None,False,None,0
1652,Testing Twig and HTML in a continuous integration environment,polyglot,None,False,None,0
1653,Is using TransactionScope in Entity Framework queries a good idea?,polyglot,None,False,None,0
1654,Not in GraalVM JS runtime?,polyglot,None,False,None,0
1655,Node.js socket.send( ) functions failing to complete before exit,polyglot,None,False,None,0
1656,What&#39;s the most complex/powerful code you can write that&#39;s valid in a maximum number of lang,polyglot,None,False,None,0
1657,avro AVSC (json) file array or schema re-use,polyglot,None,False,None,0
1658,Running websocket server with stomp,polyglot,None,False,None,0
1659,Spring Cloud Data Flow topics creation for Kafka,polyglot,None,False,None,0
1660,PATH variable not updating when sourcing .bashrc inside vim,polyglot,None,False,None,0
1661,Getting this error:Use RbConfig instead of obsolete and deprecated Config on running &quot;rake db:m,polyglot,None,False,None,0
1662,"In Grunt, no targets found",polyglot,None,False,None,0
1663,Redmine plugins are not shows,polyglot,None,False,None,0
1664,"Rails spree commerce,spree install error",polyglot,None,False,None,0
1665,Combining SQL and NOSQL databases using Hibernate ORM and OGM,polyglot,None,False,None,0
1666,What happens if you use the 32-bit int 0x80 Linux ABI in 64-bit code?,polyglot,None,False,None,0
1667,Factory_girl and Factory_girl_rails conflict error,polyglot,None,False,None,0
1668,What languages are used in Stack Overflow&#39;s 404 polygot?,polyglot,None,False,None,0
1669,Setting up Clojure code in Eclipse for both REPL and application deployment,polyglot,None,False,None,0
1670,"Rails3, cucumber problem",polyglot,None,False,None,0
1671,How to deal with completely dynamic JSON responses,polyglot,None,False,None,0
1672,Organizing the source code base when mixing two or more languages (like Java and C++),polyglot,None,False,None,0
1673,"Simplest treetop grammar is returning a parse error, just learning",polyglot,None,False,None,0
1674,LoadError: cannot load such file -- spree/core/preference_rescue,polyglot,None,False,None,0
1675,Gems for rake DB,polyglot,None,False,None,0
1676,Local rails instance errors on turbolinks call,polyglot,None,False,None,0
1677,"Why can I combine `Plug` and `set` in vimrc, but cannot `nnoremap`?",polyglot,None,False,None,0
1678,Spring Contracts generated from Spring RestDocs: ignoring headers,polyglot,None,False,None,0
1679,Python PHP SOA design,polyglot,None,False,None,0
1680,Rails 3.1.0.rc4: 304 Not Modified. Is there any known working configuration?,polyglot,None,False,None,0
1681,Prevent R script from finishing when scheduling fixed delay executor,polyglot,None,False,None,0
1682,cuke4nuke install issues,polyglot,None,False,None,0
1683,"Rails app works locally, crashes on Heroku",polyglot,None,False,None,0
1684,RubyMine JRuby-1.7.0 Breakpoint from Unit Test or Script,polyglot,None,False,None,0
1685,How do you manually mock one of your own files in Jest?,polyglot,None,False,None,0
1686,Libv8 error when deploying a rails app to a Ubuntu 10.04 VPS,polyglot,None,False,None,0
1687,How can I resolve these errors when I open a file with vim?,polyglot,None,False,None,0
1688,"Export GitHub Repository Files to a Usable JAR executable file, issues",polyglot,None,False,None,0
1689,`require&#39;: libruby.so.1.8: cannot open shared object file: No such file or directory - /app/path,polyglot,None,False,None,0
1690,Low latency web server/load balancer for the non-Twitters of the world,polyglot,None,False,None,0
1691,Product Catalog - Document Store or Column Family Store,polyglot,None,False,None,0
1692,How to get Graal SDK packages to work without Maven?,polyglot,None,False,None,0
1693,Tokenizing mutliple language text in python,polyglot,None,False,None,0
1694,Vim - Inserting Newlines in Python is Extremely Slow,polyglot,None,False,None,0
1695,options_for_select default selection breaks under passenger,polyglot,None,False,None,0
1696,&quot;Rake/rdoc task is obsolete&quot; message ... and none of the fixes online here are working,polyglot,None,False,None,0
1697,Unable to run rails s on osx,polyglot,None,False,None,0
1698,Requirejs r.js optimization,polyglot,None,False,None,0
1699,Replace nashorn with graalVM,polyglot,None,False,None,0
1700,How do I use GraalVM SDK libraries with a java application?,polyglot,None,False,None,0
1701,rake db:migrate giving error for mysql2,polyglot,None,False,None,0
1702,Should Gemfile.lock be committed to source control on Windows?,polyglot,None,False,None,0
1703,Ruby json gem not showing after install,polyglot,None,False,None,0
1704,Can Perl and Batch run in the same batch file?,polyglot,None,False,None,0
1705,bundle install not installing all dependencies,polyglot,None,False,None,0
1706,Running &quot;bundle install&quot; fails and asks me to run &quot;bundle install&quot;,polyglot,None,False,None,0
1707,GraalVM + Nashorn Cannot extend classes,polyglot,None,False,None,0
1708,Ruby on Rails - New to Ruby help with rake db:migrate,polyglot,None,False,None,0
1709,Facing problem with running configuring environment for cucumber / rspec on ubuntu,polyglot,None,False,None,0
1710,Why do I get uninitialized constant Spree::Admin::CheckoutsController (NameError) for my decorator?,polyglot,None,False,None,0
1711,WebfactoryPolyglotBundle use causes error &quot;No mapping found for field &#39;id&#39; on class &#3,polyglot,None,False,None,0
1712,Version management of gems while working with ruby on rails,polyglot,None,False,None,0
1713,First RoR installation. Two &quot;lib&quot; files are not found. Is it normal?,polyglot,None,False,None,0
1714,JSF RichFaces locale dropdown list with flag icons,polyglot,None,False,None,0
1715,What is wrong with this python code (list operation)?,polyglot,None,False,None,0
1716,How exactly do I install restful authentication plugin in rails 3?,polyglot,None,False,None,0
1717,"New Rails app tries to use jruby on &quot;bundle install&quot; when I expect it to use regular ruby,",polyglot,None,False,None,0
1718,Is there a Neo4j Graph Storage documentation?,polyglot,None,False,None,0
1719,renv + venv + jupyterlab + IRkernel: will it blend?,polyglot,None,False,None,0
1720,Why are there missing file names and lines in Ruby 2.1&#39;s ObjectSpace.dump_all heap output?,polyglot,None,False,None,0
1721,Jest and Enzyme with React: Mock method with Translate,polyglot,None,False,None,0
1722,Initialization of static fields in C# generic types,polyglot,None,False,None,0
1723,Where does Elixir/erlang fit into the microservices approach?,polyglot,None,False,None,0
1724,rspec w/IronRuby missing be_* methods,polyglot,None,False,None,0
1725,How to implement role-based Authorization for Python REST API?,polyglot,None,False,None,0
1726,no such file to load -- bundler/setup with redmine 2.2.2 and ubuntu 10.04,polyglot,None,False,None,0
1727,Running a Javascript-based CSS reducing utility from GraalVM Java/Spring,polyglot,None,False,None,0
1728,Heroku is trying to install sqlite3 gem even it not being in the Gemfile,polyglot,None,False,None,0
1729,Golang Mongodb insertOne returns empty ID ObjectID(&quot;000000000000000000000000&quot;),polyglot,None,False,None,0
1730,Gradle idea plugin excluded transitive dependency from other sub-project not excluded,polyglot,None,False,None,0
1731,How to prevent rails from caching Model.all query,polyglot,None,False,None,0
1732,Language picker drop down list as html helper or partial + implementation,polyglot,None,False,None,0
1733,Current idiom for removing &#39;surrogateescape&#39; characters fron a decoded string,polyglot,None,False,None,0
1734,How does one get the paths to affected projects in an NX monorepo?,polyglot,None,False,None,0
1735,Cucumber can&#39;t find installed gems,polyglot,None,False,None,0
1736,Cannot load such file -- google-search,polyglot,None,False,None,0
1737,Spree_fancy sass source maps issue rails,polyglot,None,False,None,0
1738,What do Azure Cloud Service Endpoints actually configure?,polyglot,None,False,None,0
1739,Not able to call Java class via Karate.&quot;org.graalvm.polyglot.PolyglotExcepti1on: TypeError: Acc,polyglot,None,False,None,0
1740,"Is this format: &quot;U+043E;U+006F,U+004D&quot; some sort of encoding standard and does java offer ",polyglot,None,False,None,0
1741,Rails can not find rake gem?,polyglot,None,False,None,0
1742,create native-image and Truffle in graalvm,polyglot,None,False,None,0
1743,How do I integrate my Java program into a project written in C#?,polyglot,None,False,None,0
1744,sass @import issue,polyglot,None,False,None,0
1745,How can I fix Error loading RubyGems plugin?,polyglot,None,False,None,0
1746,rake db:create error with mysql2 gem (Couldn&#39;t create database for {&quot;adapter&quot;=&gt;&quo,polyglot,None,False,None,0
1747,NeoVim Error492 &quot;Not a Plugin Command: PlugInstall&quot;,polyglot,None,False,None,0
1748,Is it possible to embed a Ruby code into batch-file?,polyglot,None,False,None,0
1749,What could cause requests sent from C# to trigger a firewall 403 response from Azure Application Gat,polyglot,None,False,None,0
1750,could not find ZenTest-4.11.0 in any any of the source,polyglot,None,False,None,0
1751,Formtastic Gem issues with Rails 4 upgrade,polyglot,None,False,None,0
1752,uninitialized constant ActiveRecord::Railtie::ActiveRecord,polyglot,None,False,None,0
1753,Set a defined stdout output area for Windows batch output?,polyglot,None,False,None,0
1754,RVM install system wide Git dependency,polyglot,None,False,None,0
1755,Consuming resources from a React Admin app in another React Admin app,polyglot,None,False,None,0
1756,GraalVM: How do I import libraries from different languages in a single project? I am using IntelliJ,polyglot,None,False,None,0
1757,Gradle and IntelliJ with mixed Java/Scala project and SDK 1.6,polyglot,None,False,None,0
1758,Win32: How to check if a HKL refers to a specific family of IMEs,polyglot,None,False,None,0
1759,Rails 3 on windows - server is frozen (does not respond) on Ruby 1.8.7,polyglot,None,False,None,0
1760,Proper return type for Redux action,polyglot,None,False,None,0
1761,Importing a local python file in an embedded graalpython script fails,polyglot,None,False,None,0
1762,Treetop basic parsing and regular expression usage,polyglot,None,False,None,0
1763,Why does bundler keep installing gems I already have?,polyglot,None,False,None,0
1764,What is the exhaustive list of guidelines/practices/rules to fully conform with functional paradigm?,polyglot,None,False,None,0
1765,How to retrieve MYSQL * native connection from _mysql and/or MySQLdb connection?,polyglot,None,False,None,0
1766,Trying to Setup an ROR environment with Rails 4.0.0 but Webrick Webserver will not run uaing Rails s,polyglot,None,False,None,0
1767,RSpec Gem does not seem to install dependencies,polyglot,None,False,None,0
1768,Task Queues with Coldfusion,polyglot,None,False,None,0
1769,Cannot install spree gem - ERROR: invalid gem: package is corrupt,polyglot,None,False,None,0
1770,How to make `learnr` tutorials appear in a certain order?,polyglot,None,False,None,0
1771,HelloWorld application using GraalVM not working in Eclipse,polyglot,None,False,None,0
1772,What&#39;s wrong with my Treetop grammar?,polyglot,None,False,None,0
1773,Rails: Can&#39;t run DB Rake on OS X 10.6 because gem SQL lite cannot be found,polyglot,None,False,None,0
1774,undefined method table_alias,polyglot,None,False,None,0
1775,Could not find generator spree_simple_sales:install,polyglot,None,False,None,0
1776,set up ruby on rails and mongodb on ubuntu 11.04,polyglot,None,False,None,0
1777,Errno::ENOENT after problemless start,polyglot,None,False,None,0
1778,rspec triggers &quot;DEPRECATION WARNING: The InstanceMethods module inside ActiveSupport::Concern w,polyglot,None,False,None,0
1779,why &quot;gem list&quot; display two version numbers?,polyglot,None,False,None,0
1780,Change rails version used by rvm,polyglot,None,False,None,0
1781,Rails 3 not loading HAML handler,polyglot,None,False,None,0
1782,Unable to start any debugging session in Aptana 3,polyglot,None,False,None,0
1783,How is the distinction made which variables are passed by reference?,polyglot,None,False,None,0
1784,&#39;Could not find pg-0.12.2 in any of the sources&#39; when running rspec,polyglot,None,False,None,0
1785,microservice messaging db-assigned identifiers,polyglot,None,False,None,0
1786,vim - How to Split single line Array literal into multiple lines?,polyglot,None,False,None,0
1787,"Hyphen, underscore, or camelCase as word delimiter in URIs?",programming languages issues,None,False,None,0
1788,Cultural issues in programming languages,programming languages issues,None,False,None,0
1789,How often is the performance of a programming language a significant issue?,programming languages issues,None,False,None,0
1790,What programming languages support running in a limited manner for security and what proven issues c,programming languages issues,None,False,None,0
1791,Does it make sense to call continuation-passing style the rescue for functional programming language,programming languages issues,None,False,None,0
1792,Why are Rust executables so huge?,programming languages issues,None,False,None,0
1793,Issue regarding Hmac SHA256 in different programming languages,programming languages issues,None,False,None,0
1794,Issues with functions in Octave programming language,programming languages issues,None,False,None,0
1795,How/why do functional languages (specifically Erlang) scale well?,programming languages issues,None,False,None,0
1796,Issue with help utility in Factor programming language,programming languages issues,None,False,None,0
1797,How do programming languages handle huge number arithmetic,programming languages issues,None,False,None,0
1798,Swift Beta performance: sorting arrays,programming languages issues,None,False,None,0
1799,Why no programming in English? What is the difference between natural languages and programming lang,programming languages issues,None,False,None,0
1800,Syntax highlighting on GitHub&#39;s Wiki: Specifying the programming language,programming languages issues,None,False,None,0
1801,Limitations (drawbacks) of java programming language?,programming languages issues,None,False,None,0
1802,"are big programming languages implemented using tools like antlr ,javacc etc",programming languages issues,None,False,None,0
1803,Debugging AST and Parser Issues in My Custom Programming Language,programming languages issues,None,False,None,0
1804,Are there statically-typed programming-languages with inheritance where method parameters are contra,programming languages issues,None,False,None,0
1805,Why do most programming languages only have binary equality comparison operators?,programming languages issues,None,False,None,0
1806,Understanding the parameter passing issue in programming languages,programming languages issues,None,False,None,0
1807,How do programming languages maintain backwards-compatibility AND fix design mistakes?,programming languages issues,None,False,None,0
1808,Any reference resource for programming language UI experience?,programming languages issues,None,False,None,0
1809,Is there anything preventing interoperability between modern languages and COBOL?,programming languages issues,None,False,None,0
1810,Github programming language tag,programming languages issues,None,False,None,0
1811,Issue with C programming language FOR loop,programming languages issues,None,False,None,0
1812,Which programming languages have arbitrary precision floating-point literals?,programming languages issues,None,False,None,0
1813,Are Databases and Functional Programming at odds?,programming languages issues,None,False,None,0
1814,Literate programming in multiple languages,programming languages issues,None,False,None,0
1815,"Issue with &quot;grading&quot; exercice from C programming language textbook, Joy of C",programming languages issues,None,False,None,0
1816,Programming Language Choices for High Integrity Systems,programming languages issues,None,False,None,0
1817,"What are some of the common performance issues, irrespective of programming language?",programming languages issues,None,False,None,0
1818,Secure programming in dynamic languages,programming languages issues,None,False,None,0
1819,Is premature optimization in SQL as &quot;evil&quot; as it is in procedural programming languages?,programming languages issues,None,False,None,0
1820,Can we have one single app with two different projects in two different programming languages?,programming languages issues,None,False,None,0
1821,Suggestions to learn any programming language after Matlab,programming languages issues,None,False,None,0
1822,web programming language benchmarks?,programming languages issues,None,False,None,0
1823,The Commutative Property in C and other Programming Languages,programming languages issues,None,False,None,0
1824,The Swift Programming Language - Generics - issue with Where clauses,programming languages issues,None,False,None,0
1825,Can I Place a Program Written in the Java Programming Language on the Internet in a Way that Others ,programming languages issues,None,False,None,0
1826,Do numerical programming languages distinguish between a &quot;largest finite number&quot; and &quot,programming languages issues,None,False,None,0
1827,In what languages references are non-nullable by default?,programming languages issues,None,False,None,0
1828,Pass by reference (aliasing issue),programming languages issues,None,False,None,0
1829,"Multi-Core and Concurrency - Languages, Libraries and Development Techniques",programming languages issues,None,False,None,0
1830,Disadvantages of First-class functions,programming languages issues,None,False,None,0
1831,How would I go about Implementing A Simple Stack-Based Programming Language,programming languages issues,None,False,None,0
1832,Word boundery in PHP,programming languages issues,None,False,None,0
1833,Functional programming - is immutability expensive?,programming languages issues,None,False,None,0
1834,Embedded SQL directly vs calling as an API,programming languages issues,None,False,None,0
1835,Search for a word in a DataFrame column and ignore regex and substring,programming languages issues,None,False,None,0
1836,Issue with Vector Mimicking Stack Behavior in R Programming Language,programming languages issues,None,False,None,0
1837,"Why are the C# and ECMAScript ISO standards freely available, but not C/C++?",programming languages issues,None,False,None,0
1838,Select the top 2 applicants based on cognitive score by programming language,programming languages issues,None,False,None,0
1839,Using D Programming Language for .NET-Projects,programming languages issues,None,False,None,0
1840,state of web development using functional programming language,programming languages issues,None,False,None,0
1841,python implemented in assembly,programming languages issues,None,False,None,0
1842,Problems compiling the Shakespeare Programming Language? spl2c,programming languages issues,None,False,None,0
1843,"How to build/compile C++, Java and Python projects?",programming languages issues,None,False,None,0
1844,Why aren&#39;t programs written in Assembly more often?,programming languages issues,None,False,None,0
1845,Do functional languages cope well with complexity?,programming languages issues,None,False,None,0
1846,"Loss of precision on decimal, possible formatting issue? C programming language",programming languages issues,None,False,None,0
1847,How to select the programming language?,programming languages issues,None,False,None,0
1848,Structure null character(\0) issue with strings in C programming Language,programming languages issues,None,False,None,0
1849,How to implement mutual calling between different programming language by shared library?,programming languages issues,None,False,None,0
1850,Reinitialising an array after creation,programming languages issues,None,False,None,0
1851,"A couple of questions about programming in Xcode 4.2, Bugs or just bad programming?",programming languages issues,None,False,None,0
1852,How to write and compile a mixed programming language (C and FORTRAN) in Eclipse,programming languages issues,None,False,None,0
1853,Which languages have &quot;documented undefined behavior&quot;?,programming languages issues,None,False,None,0
1854,ModuleNotFoundError: No module named &#39;librosa&#39; with python programming language,programming languages issues,None,False,None,0
1855,How to determine the programming language,programming languages issues,None,False,None,0
1856,Pseudo Code to Java translation error,programming languages issues,None,False,None,0
1857,(strongly vs weakly) typed AND (statically vs dynamically) typed languages and Moore&#39;s law,programming languages issues,None,False,None,0
1858,Terms to distinguish Java programming language monitor and wait/notify monitors,programming languages issues,None,False,None,0
1859,"Have J style adverbs, forks etc been emulated via libraries in mainstream functional languages?",programming languages issues,None,False,None,0
1860,linking issue with assembly language program,programming languages issues,None,False,None,0
1861,All Goroutines Are Asleep (The Go Programming Language),programming languages issues,None,False,None,0
1862,How can I use the same regular expression in different programming languages?,programming languages issues,None,False,None,0
1863,My programming language&#39;s parser wont check anything after the first block or first statement an,programming languages issues,None,False,None,0
1864,for what purpose we use time module in scraping with BeautifulSoup libraries python,programming languages issues,None,False,None,0
1865,How to tangle many files from neorg with correct syntax highlighting and without concurrency issues?,programming languages issues,None,False,None,0
1866,count digits white space and others in C,programming languages issues,None,False,None,0
1867,Are there any official naming conventions for R?,programming languages issues,None,False,None,0
1868,Sr Programming Language Install On Ubuntu 14.04 Compiler Errors,programming languages issues,None,False,None,0
1869,String.Replace only replaces first occurrence of matched string. How to replace *all* occurrences?,programming languages issues,None,False,None,0
1870,How does Access/VBA handle division by null?,programming languages issues,None,False,None,0
1871,Is sharing the same database between two programming languages possible?,programming languages issues,None,False,None,0
1872,Conversion script,programming languages issues,None,False,None,0
1873,What languages allow cross-platform native executables to be created?,programming languages issues,None,False,None,0
1874,Storing data in memcache to be accessed by different languages,programming languages issues,None,False,None,0
1875,What about non calculus programming?,programming languages issues,None,False,None,0
1876,Which programming language to scrape data from web and do api calls at the same time?,programming languages issues,None,False,None,0
1877,Is Python&#39;s flexibility in the types of list elements a consequence of dynamic typing?,programming languages issues,None,False,None,0
1878,What features are important in a programming language for young beginners?,programming languages issues,None,False,None,0
1879,Object-oriented programming in a purely functional programming context?,programming languages issues,None,False,None,0
1880,Putting an int in an int pointer gives runtime error in C .,programming languages issues,None,False,None,0
1881,"Java Generics and C++ templates, which to be preferred if generated code size matters?",programming languages issues,None,False,None,0
1882,What is the best way to manage models when interoperating Rust with other languages?,programming languages issues,None,False,None,0
1883,2 approaches in exception handling,programming languages issues,None,False,None,0
1884,Making a private function public in C++,programming languages issues,None,False,None,0
1885,Low level programming C/C++,programming languages issues,None,False,None,0
1886,How does full-text search snowball algorithm interpret words of an unspecified language,programming languages issues,None,False,None,0
1887,How does one do an else statement in Coq&#39;s functional programming language?,programming languages issues,None,False,None,0
1888,What&#39;s the benefit of the trailing apostrophe in character literals,programming languages issues,None,False,None,0
1889,rand function issues in C,programming languages issues,None,False,None,0
1890,Is WS-Security truly interoperable across platforms?,programming languages issues,None,False,None,0
1891,Can a programming language be part of a platform? (C# and Java related),programming languages issues,None,False,None,0
1892,Providing a type system for the parser/lexer specification?,programming languages issues,None,False,None,0
1893,Are surrogate pairs the only way to represent code points larger than 2 bytes in UTF-16?,programming languages issues,None,False,None,0
1894,Pros and cons of using recursive JavaScript functions for synchronization,programming languages issues,None,False,None,0
1895,Where to store proto files which are shared among projects?,programming languages issues,None,False,None,0
1896,Algorithm to extract combinations of array,programming languages issues,None,False,None,0
1897,Ruby&#39;s File.open and the need for f.close,programming languages issues,None,False,None,0
1898,GitHub wikis and Markdown,programming languages issues,None,False,None,0
1899,How does ironpython speed compare to other .net languages?,programming languages issues,None,False,None,0
1900,proper licensing for a website built using twitter bootstrap,programming languages issues,None,False,None,0
1901,Java SE memory management vs Scala memory management,programming languages issues,None,False,None,0
1902,Does the portability feature of Java is proved in exception handling?,programming languages issues,None,False,None,0
1903,JavaScript as a first programming language?,programming languages issues,None,False,None,0
1904,General SVM implementation,programming languages issues,None,False,None,0
1905,"If all strings either need a length or null terminator, how do high level languages just construct a",programming languages issues,None,False,None,0
1906,What is this error ? It&#39;s an digital assistant,programming languages issues,None,False,None,0
1907,When its enough for a programming language that you need to switch to another?,programming languages issues,None,False,None,0
1908,Why functional languages are amenable to parallelization?,programming languages issues,None,False,None,0
1909,Modified Colemak for Programming,programming languages issues,None,False,None,0
1910,"How to get opposite user&#39;s &#39;typing...&#39; information in 1-to-1 chat using PHP, jQuery/Ajax",programming languages issues,None,False,None,0
1911,Non-English domain naming issues in programming,programming languages issues,None,False,None,0
1912,Converting base 20 to int,programming languages issues,None,False,None,0
1913,Rotate 2d Array elements counter clockwise k times | C language,programming languages issues,None,False,None,0
1914,Java Applet Closes IE for Users not Admins - where is JAVAPOLICY.EXE file?,programming languages issues,None,False,None,0
1915,Connecting C socket client to a C# socket server,programming languages issues,None,False,None,0
1916,Multiple client-server socket programming,programming languages issues,None,False,None,0
1917,Why/when to use floats instead of BigDecimal,programming languages issues,None,False,None,0
1918,What are inconveniences of using UTF-8 instead of wchar_t with non-Western languages?,programming languages issues,None,False,None,0
1919,Strings.Join() behaviour on Okta expression language,programming languages issues,None,False,None,0
1920,CODESYS safety programming: SIL2 package and PLCopen specification,programming languages issues,None,False,None,0
1921,Which Languages Does UTF-8 Not Support?,programming languages issues,None,False,None,0
1922,Good dynamic programming language for .net recommendation,programming languages issues,None,False,None,0
1923,Write a function in c that includes the following sequence of statements [Wont Compile],programming languages issues,None,False,None,0
1924,16-digit number manipulation on a 32-bit programming language,programming languages issues,None,False,None,0
1925,Why didn&#39;t they design array index to start from 1?,programming languages issues,None,False,None,0
1926,How to use the actor model in a Java EE servlet environment?,programming languages issues,None,False,None,0
1927,Java - Why does 0 % 3 return 0?,programming languages issues,None,False,None,0
1928,Very basic example code of &quot;The C Programming Language&quot; doesn&#39;t work like expected?,programming languages issues,None,False,None,0
1929,how can I create a printable invoice with non-English characters by using any programming language?,programming languages issues,None,False,None,0
1930,What is Dynamic Code Evaluation as mentioned by John Resig,programming languages issues,None,False,None,0
1931,3rd-party tool for analysis converts its report to the Generic Issues format in sonarcloud,programming languages issues,None,False,None,0
1932,Erlang concurrency and core management,programming languages issues,None,False,None,0
1933,WebStorm autocomplete for npm modues,programming languages issues,None,False,None,0
1934,Find all hardcoded strings in React/Node project,programming languages issues,None,False,None,0
1935,Connecting UNIX through VB and return the results for the commands fired in a variable,programming languages issues,None,False,None,0
1936,Programming language and O/S for a kiosk based system,programming languages issues,None,False,None,0
1937,Are functional languages inherently more parallelizable than their OO or imperative cousins?,programming languages issues,None,False,None,0
1938,How to improve multilingual speech recognition for programming terms?,programming languages issues,None,False,None,0
1939,scala parameter partial application,programming languages issues,None,False,None,0
1940,String To Lower/Upper in C++,programming languages issues,None,False,None,0
1941,redefinition of function &#39;main&#39; gtk program,programming languages issues,None,False,None,0
1942,Assembling complex multidimensional dictionaries dynamically for JSON in Swift,programming languages issues,None,False,None,0
1943,Error in untar( ) while using R,programming languages issues,None,False,None,0
1944,hangman program (C language) array issue,programming languages issues,None,False,None,0
1945,Fetch json field value from curl response in github action,programming languages issues,None,False,None,0
1946,Is there a way to read and write a mysqldatabase with ajax?,programming languages issues,None,False,None,0
1947,Compiling and executing the Shakespeare Programming Language translator spl2c on Mac OS X 10.6 resul,programming languages issues,None,False,None,0
1948,Parse text file and create an excel report,programming languages issues,None,False,None,0
1949,what type of printer to print QR code and how to print qr code with php?,programming languages issues,None,False,None,0
1950,Turing complete and parallel programming (true concurrency),programming languages issues,None,False,None,0
1951,How to accurately round half up with tensorflow,programming languages issues,None,False,None,0
1952,Uninstalling Lua,programming languages issues,None,False,None,0
1953,Getting Embedded with D (the programming language),programming languages issues,None,False,None,0
1954,MariaDB C++/Connector: Try to build the project but instead it does not detect my mariadbcpp library,programming languages issues,None,False,None,0
1955,What&#39;s the programming language of this code snippet?,programming languages issues,None,False,None,0
1956,Client/Server communication in C programming,programming languages issues,None,False,None,0
1957,What are these last lines of code doing in Exercise 1-13 of K &amp; R&#39;s The C Programming Langua,programming languages issues,None,False,None,0
1958,Missing operand error in Ada,programming languages issues,None,False,None,0
1959,Easiest Way To Get Started In Dot Net,programming languages issues,None,False,None,0
1960,CJK full-width characters as Python names: how does Python deal with it and is it common in other pr,programming languages issues,None,False,None,0
1961,What are best practices for update dependencies in Python with Poetry?,programming languages issues,None,False,None,0
1962,Issues with variable scope I am sure,programming languages issues,None,False,None,0
1963,Mixing traits at runtime dynamically,programming languages issues,None,False,None,0
1964,Why are constructors in class-structured languages generally regarded as threadsafe?,programming languages issues,None,False,None,0
1965,Is literate programming in Haskell really &quot;literate programming&quot;?,programming languages issues,None,False,None,0
1966,How to have a string in valid json that contains a URL?,programming languages issues,None,False,None,0
1967,Designing iterators for a new programming language,programming languages issues,None,False,None,0
1968,Why memset performance is different for stack and heap memory?,programming languages issues,None,False,None,0
1969,Replacing a C character with C++,programming languages issues,None,False,None,0
1970,How do I have a trait as a owned field of a struct?,programming languages issues,None,False,None,0
1971,dll files created in Visual C++ be used in C#?,programming languages issues,None,False,None,0
1972,symbol &#39;T&#39; is not resolved on the line after the template keyword,programming languages issues,None,False,None,0
1973,Getting started with C using K&amp;R C Programming Language Book,programming languages issues,None,False,None,0
1974,memory allocation/deallocation for embedded devices,programming languages issues,None,False,None,0
1975,Resources about Asynchronous Programming Design Patterns,programming languages issues,None,False,None,0
1976,Apparent issues with DataFrame string values,programming languages issues,None,False,None,0
1977,James Gosling&#39;s explanation of why Java&#39;s byte is signed,programming languages issues,None,False,None,0
1978,Scala actors: receive vs react,programming languages issues,None,False,None,0
1979,Style for physics units in variable names?,programming languages issues,None,False,None,0
1980,A quest for programmers editor under Linux,programming languages issues,None,False,None,0
1981,Python design mistakes,programming languages issues,None,False,None,0
1982,In what languages or environments will a program NOT be in a well-defined (or stable) state after an,programming languages issues,None,False,None,0
1983,scipy.optimize.minimize convergence issues,programming languages issues,None,False,None,0
1984,"jQuery autocomplete: if user writes down a match, callback function wont get called",programming languages issues,None,False,None,0
1985,Scala Dependencies,programming languages issues,None,False,None,0
1986,"Does modularity in code, reduce performance?",programming languages issues,None,False,None,0
1987,Can Ruby really have design issues that the design patterns solve?,programming languages issues,None,False,None,0
1988,Why does the Swift language guide suggest using Int &quot;even when values are known to be non-negat,programming languages issues,None,False,None,0
1989,Can anyone do this ? How switch the vs-code multiple extension from one language specific extension ,programming languages issues,None,False,None,0
1990,Segmentation fault while trying to declare a 5D array in a C Program,programming languages issues,None,False,None,0
1991,Java - InternetAddress is not validating international emails in few languages,programming languages issues,None,False,None,0
1992,What are the issues to consider with making an object decoupled/modular? What existing design patter,programming languages issues,None,False,None,0
1993,C++: String with multiple languages,programming languages issues,None,False,None,0
1994,Do deep binding and shallow binding happen in cases besides subroutines are passed as arguments into,programming languages issues,None,False,None,0
1995,Why do regexes and string literals use different escape sequences?,programming languages issues,None,False,None,0
1996,"C# TCP, Socket connection dropping",programming languages issues,None,False,None,0
1997,Avoiding Spaces in Keywords,programming languages issues,None,False,None,0
1998,Best way of parsing huge (10GB+) JSON files,programming languages issues,None,False,None,0
1999,Customise C++ Language Mode (VSCode),programming languages issues,None,False,None,0
2000,Integrating an external API at shipping section on bigcommerce,programming languages issues,None,False,None,0
2001,Which one can have better performance - LINQ to EF or NHibernate?,programming languages issues,None,False,None,0
2002,C Programming Compile Issue,programming languages issues,None,False,None,0
2003,NCreport (2.20.3) QGraphics View size adjustment,programming languages issues,None,False,None,0
2004,Getting a garbage value while printing matrix in C,programming languages issues,None,False,None,0
2005,How do you spot or avoid committing off-by-one errors?,programming languages issues,None,False,None,0
2006,MVC 3 Checkbox to Database,programming languages issues,None,False,None,0
2007,What programming language is better suited for implementing a search-based problemm solver?,programming languages issues,None,False,None,0
2008,Html Template files not being searched,programming languages issues,None,False,None,0
2009,"PHP - Frameworks, ORM, Encapsulation",programming languages issues,None,False,None,0
2010,Why do we use radians in programming?,programming languages issues,None,False,None,0
2011,Why is clang not used more?,programming languages issues,None,False,None,0
2012,Java socket: how the server can reads multiple lines from the client,programming languages issues,None,False,None,0
2013,SQL - Using MAX in a WHERE clause,programming languages issues,None,False,None,0
2014,How to fix this permutation sort?,programming languages issues,None,False,None,0
2015,PHP File Creation File Extension Issues,programming languages issues,None,False,None,0
2016,Any standards related to adjacent CDATA?,programming languages issues,None,False,None,0
2017,How can I allow a final user to run scripts in a JEE environment under specific security constraints,programming languages issues,None,False,None,0
2018,"How to parse an input string, like a calculator, to grab the operator and operands?",programming languages issues,None,False,None,0
2019,Future Protections in Managed Languages and Runtimes,programming languages issues,None,False,None,0
2020,If Java / Python is case sensitive with its variables then the float with exponential values are not,programming languages issues,None,False,None,0
2021,Segment violation issue with UDF (C code) writtern for CFD solver Fluent,programming languages issues,None,False,None,0
2022,Having Multiple Commands for Calling a Specific Programming Language: To Provide a Delimiter-less Op,programming languages issues,None,False,None,0
2023,GL_TEXTURE_2D_ARRAY in lwjgl not working,programming languages issues,None,False,None,0
2024,Roblox script doesn&#39;t make part fly,programming languages issues,None,False,None,0
2025,Is there ever a reason to write .eqv. .true.?,programming languages issues,None,False,None,0
2026,Counting the occurrence of each keyword and each identifier,programming languages issues,None,False,None,0
2027,How to fetch the data from third party REST API and and display on page,programming languages issues,None,False,None,0
2028,Using C# to modify Access database. Is it safe?,programming languages issues,None,False,None,0
2029,Tridiagonal matrix algorithm /Thomas algorithm issues,programming languages issues,None,False,None,0
2030,Error: Cannot open include file: &#39;MQTTAsync.h&#39;: No such file or directory,programming languages issues,None,False,None,0
2031,Why does composer need so much memory?,programming languages issues,None,False,None,0
2032,Which is best free distributable code to html converter,programming languages issues,None,False,None,0
2033,Nothing Happening When Entering Input and Pressing Enter C# on VSCode,programming languages issues,None,False,None,0
2034,How to fetch the data from third party REST API and and display on the page,programming languages issues,None,False,None,0
2035,How to describe a language that ignores implimentation and only describes behavior,programming languages issues,None,False,None,0
2036,Java Hash table linear probing,programming languages issues,None,False,None,0
2037,"MSN Bot, where to begin?",programming languages issues,None,False,None,0
2038,"Replace a string with AutoHotkey, advanced?",programming languages issues,None,False,None,0
2039,racket in geiser: switch language in live REPL to plai-typed,programming languages issues,None,False,None,0
2040,What&#39;s the best language/platform for SOA on Linux in a post-Java world?,programming languages issues,None,False,None,0
2041,"The C Programming Language, confusion when comparing solution of Exercise 1-9 to 1-12",programming languages issues,None,False,None,0
2042,Creating big Excel sheets programmatically,programming languages issues,None,False,None,0
2043,Ideal way to test for practical floating point equality in c#,programming languages issues,None,False,None,0
2044,Problems creating the mute command for a disk bot written in Python,programming languages issues,None,False,None,0
2045,ld.exe cannot find -lfl,programming languages issues,None,False,None,0
2046,How to make my Python code read from the second line for my lexer,programming languages issues,None,False,None,0
2047,Unable to declare Swift implicitly unwrapped optional as a constant,programming languages issues,None,False,None,0
2048,Why is phantom data not auto inferred?,programming languages issues,None,False,None,0
2049,must the imperative programming paradigm comply with the forward declaration rule?,programming languages issues,None,False,None,0
2050,"If a specific syntactic sugar created in a language, is it possible to take precedence over grouping",programming languages issues,None,False,None,0
2051,What does &quot;Objective-C is a superset of C more strictly than C++&quot; mean exactly?,programming languages issues,None,False,None,0
2052,Why does this program in Dennis Ritchie&#39;s &quot;The C Programming Language&quot; not work?,programming languages issues,None,False,None,0
2053,Neovim JavaScript config,programming languages issues,None,False,None,0
2054,Can&#39;t find a usable init.tcl in the following directories This probably means that Tcl wasn&#39;,programming languages issues,None,False,None,0
2055,About the glsl for loop,programming languages issues,None,False,None,0
2056,Checking unwanted type change in Python,programming languages issues,None,False,None,0
2057,"c programming, disable user input into terminal",programming languages issues,None,False,None,0
2058,What is the difference between &quot;objects&quot; and &quot;abstract data types&quot;? When do you ,programming languages issues,None,False,None,0
2059,C Programming Language Example About Arrays,programming languages issues,None,False,None,0
2060,Why do I get a &quot;conflicting types for getline&quot; error when compiling the longest line examp,programming languages issues,None,False,None,0
2061,Problems with running Factor Model in Julia,programming languages issues,None,False,None,0
2062,F10 and F11 not working at VS2013,programming languages issues,None,False,None,0
2063,Best way to communicate with a 3rd system via xml,programming languages issues,None,False,None,0
2064,Issues with debugging in Visual Studio 2019 - C#,programming languages issues,None,False,None,0
2065,"If two languages follow IEEE 754, will calculations in both languages result in the same answers?",programming languages issues,None,False,None,0
2066,Failed to download mirror file - R (version 3.5),programming languages issues,None,False,None,0
2067,r language support for AWS DynamoDB,programming languages issues,None,False,None,0
2068,Programming an Attitude Control/Avionics System in Assembly,programming languages issues,None,False,None,0
2069,Tomcat - garbage collections on dynamically loaded classes,programming languages issues,None,False,None,0
2070,secure server side language,programming languages issues,None,False,None,0
2071,Edit Online Database (Edit a variable on database table),programming languages issues,None,False,None,0
2072,"How to Block 100,000+ Individual IP addresses",programming languages issues,None,False,None,0
2073,libMobileGestalt MobileGestaltSupport.m:153 MobileGestalt.c:550 Xcode Console,programming languages issues,None,False,None,0
2074,Mandelbrot Set C# not doing what it&#39;s supposed to,programming languages issues,None,False,None,0
2075,Long OID issue inside X509 certificate,programming languages issues,None,False,None,0
2076,"How to find a specific string in a python list, if found print the positions else print 0",programming languages issues,None,False,None,0
2077,Accessing an &quot;out-of-bounds&quot; index in an interpreted versus a compiled language,programming languages issues,None,False,None,0
2078,gcc errors &quot;conflicting types for&quot; and &quot;previous declaration of&quot; during compilin,programming languages issues,None,False,None,0
2079,MS spark utilities - file move error using msspark.fs.mv,programming languages issues,None,False,None,0
2080,What is the case against F#?,programming languages issues,None,False,None,0
2081,ndarray is not C-contiguous issue by building a free program from source,programming languages issues,None,False,None,0
2082,Status of VB6/ Best Desktop Application Language with Native Compilation,programming languages issues,None,False,None,0
2083,Variable parameter type for virtual function in interface,programming languages issues,None,False,None,0
2084,"Beginner GUI question, organising different &quot;views&quot;",programming languages issues,None,False,None,0
2085,Lucene.Net Underscores causing token split,programming languages issues,None,False,None,0
2086,maximum line length program prints unreadable characters in c,programming languages issues,None,False,None,0
2087,Nested Let in Anglican Clojure,programming languages issues,None,False,None,0
2088,capture video from a built-in camera programatically,programming languages issues,None,False,None,0
2089,"Docker-CE (rootless) fails for DDEV, Ubuntu 24.04.2 LTS",programming languages issues,None,False,None,0
2090,What is the difference between the different awk versions?,programming languages issues,None,False,None,0
2091,How to open a link displayed in Terminal via C Programming?,programming languages issues,None,False,None,0
2092,Swift viewController numberOfRowsInSection issue,programming languages issues,None,False,None,0
2093,How do i compile and use mariadb c++ Connector library in debian 10?,programming languages issues,None,False,None,0
2094,Interactive large plot with ~20 million sample points and gigabytes of data,programming languages issues,None,False,None,0
2095,Is there away to return all the items from a table as one entry in a query,programming languages issues,None,False,None,0
2096,Rationale for design choices causing JVM/CLR languages to have long startup?,programming languages issues,None,False,None,0
2097,Swift enum does not have a member named &#39;rawValue&#39; when declare a variable as optional value,programming languages issues,None,False,None,0
2098,kml not displaying properly in embedded google maps,programming languages issues,None,False,None,0
2099,What type would you use for passing file paths in your C++ library API?,programming languages issues,None,False,None,0
2100,How to deal when MS Word 2004 (OSX) is freezing or displaying dialogs?,programming languages issues,None,False,None,0
2101,I&#39;m still learning OOP. Any tips on staying unbiased and pragmatic?,programming languages issues,None,False,None,0
2102,Issues with OpenTelemetry Integration in .NET 8 Azure Function App,programming languages issues,None,False,None,0
2103,PHPmailer arabic attachment name issue,programming languages issues,None,False,None,0
2104,How setup Neovim for Haxe programming language (LSP and Treesitter),programming languages issues,None,False,None,0
2105,Starting to learn Windbg,programming languages issues,None,False,None,0
2106,Microsoft Word language change while Typing,programming languages issues,None,False,None,0
2107,When I have the python-docx package installed it does not allow my program to run. As soon as I unin,programming languages issues,None,False,None,0
2108,Looking for a way to optimize my Javascript code,programming languages issues,None,False,None,0
2109,Modification of C code to process the input provided,programming languages issues,None,False,None,0
2110,How can I add a custom programing language to NotepadQQ?,programming languages issues,None,False,None,0
2111,Python googletrans encoding weird chars,programming languages issues,None,False,None,0
2112,Ioc Containers and dynamic languages (take 2),programming languages issues,None,False,None,0
2113,Regular Expression with foreign languages,programming languages issues,None,False,None,0
2114,Software design/architecture problems,programming languages issues,None,False,None,0
2115,"Trying to send an image in Rest Assured , Why is nothing being sent ? , even not getting exception",programming languages issues,None,False,None,0
2116,AWS Load Balancer 502,programming languages issues,None,False,None,0
2117,"vscode &quot;No refactoring available&quot; c++, (with arduino extention)",programming languages issues,None,False,None,0
2118,How do I avoid memory leak when concat string pointers in C,programming languages issues,None,False,None,0
2119,Avoiding the use of template literals in Javascript,programming languages issues,None,False,None,0
2120,I want to access an array element without a ConstantInt LLVM,programming languages issues,None,False,None,0
2121,getting error in userQuestion and userAnswer,programming languages issues,None,False,None,0
2122,Object is not deallocated when capturing by closures in Swift,programming languages issues,None,False,None,0
2123,HTML form submit issues,programming languages issues,None,False,None,0
2124,How to add optional values to an array in Swift,programming languages issues,None,False,None,0
2125,In Mercurial Is it &quot;safe&quot; to pull when a mq patch is applied?,programming languages issues,None,False,None,0
2126,"Good tutorials to understand Domain Specific Languages (DSLs) from the scratch , to start a survey t",programming languages issues,None,False,None,0
2127,Start programming to Android,programming languages issues,None,False,None,0
2128,Can you add an external function as a method in a React component class?,programming languages issues,None,False,None,0
2129,Why combination of backward FFT(c2r) and forward real-input FFT (r2c) to one complex array doesn&#39,programming languages issues,None,False,None,0
2130,Android; Declaring edittext in class body (Out of any method),programming languages issues,None,False,None,0
2131,Optimizing GridDB for high load scenarios - Dealing with overload issues,programming languages issues,None,False,None,0
2132,Declaring and initializing a variable in a Conditional or Control statement in C++,programming languages issues,None,False,None,0
2133,Implementing tryFindIndex with option types in F#,programming languages issues,None,False,None,0
2134,"char-Tables, Segmentation Error",programming languages issues,None,False,None,0
2135,Issues with strings and char arrays in C++,programming languages issues,None,False,None,0
2136,Using @ prefix for variable name,programming languages issues,None,False,None,0
2137,Immutable `var` array,programming languages issues,None,False,None,0
2138,Error messages showed up during open a input file with pwgui software,programming languages issues,None,False,None,0
2139,How to generate UPS SOAP envelope and soap security header ??,programming languages issues,None,False,None,0
2140,How can I print ASCII characters from 128 to 255?,programming languages issues,None,False,None,0
2141,Confusion with the version history of Java,programming languages issues,None,False,None,0
2142,Copy input from user and put it on screen,programming languages issues,None,False,None,0
2143,How to print PDF to ZPL (Zebra Printers) using c#?,programming languages issues,None,False,None,0
2144,Game programming - How to avoid reinventing the wheel,programming languages issues,None,False,None,0
2145,.NET Core 6.0 COM interoperability issues with Python/Octave,programming languages issues,None,False,None,0
2146,SIGNAL vs Esterel vs Lustre,programming languages issues,None,False,None,0
2147,How to simulate &quot;return&quot; statement (or other ways to make this code work and readable) in ,programming languages issues,None,False,None,0
2148,Use Enum.values in with generic class extending Enum,programming languages issues,None,False,None,0
2149,Regular expressions in textarea pattern attribute to allow alphanumeric as well as special character,programming languages issues,None,False,None,0
2150,How to measure length of line which is drawn on image? C#,programming languages issues,None,False,None,0
2151,propertyMissing of groovy is not working in grails3,programming languages issues,None,False,None,0
2152,Convert SVG to PNG with custom font in Python,programming languages issues,None,False,None,0
2153,Forcing error in TypeScript compile with void return,programming languages issues,None,False,None,0
2154,Inflate exception binary xml file on Windows,programming languages issues,None,False,None,0
2155,What are the differences between using pure C with a C compiler and the &quot;C part&quot; of a C++ ,programming languages issues,None,False,None,0
2156,Seqkit - manipulate regex for parsing ID,programming languages issues,None,False,None,0
2157,connecting to a database server using fsockopen or socket functions and issuing commands,programming languages issues,None,False,None,0
2158,How do I name my list with having space in between two words?,programming languages issues,None,False,None,0
2159,Change/hide div when click on link,programming languages issues,None,False,None,0
2160,XAML Designer not showing up,programming languages issues,None,False,None,0
2161,"clang-tidy readability-non-const-parameter warning, why?",programming languages issues,None,False,None,0
2162,Tagged Hooks not recognized in a particular package,programming languages issues,None,False,None,0
2163,STRING_8 does not conform to STRING_UC in is_equal,programming languages issues,None,False,None,0
2164,Is any purpose served by a Rust function consisting solely of a block of unsafe code?,programming languages issues,None,False,None,0
2165,Cabal Install trouble resolving dependencies,programming languages issues,None,False,None,0
2166,C program that results in a static and non-static declaration error,programming languages issues,None,False,None,0
2167,How does one add &lt;graphics.h&gt; into GCC on a Windows computer for C?,programming languages issues,None,False,None,0
2168,Passing Data Through Segue (swift 2),programming languages issues,None,False,None,0
2169,How to handle INT overflow on limited RAM devices (any language)?,programming languages issues,None,False,None,0
2170,What is the rationale behind allowing variable shadowing in Rust?,programming languages issues,None,False,None,0
2171,Tokenizing words by preserving certain words with arithmetic and logical operators in python 3?,programming languages issues,None,False,None,0
2172,Where does the extra &#39;D&#39; come from in dup1.go?,programming languages issues,None,False,None,0
2173,The Sidebar Panel is not showing and my Language configuration is not working (vscode extension),programming languages issues,None,False,None,0
2174,What&#39;s the motivation in using Verilog or VHDL over C?,programming languages issues,None,False,None,0
2175,"Python, does not stop at OR? [also Reddit related]",programming languages issues,None,False,None,0
2176,"When calling Win32 ShellExecute within ANY language, how can I stop program execution until ShellExe",programming languages issues,None,False,None,0
2177,How to fix brew Warning: Calling fails_with :llvm is deprecated,programming languages issues,None,False,None,0
2178,Getting error stating &quot;Content-Type must be &#39;application/json&#39; or &#39;application/octe,programming languages issues,None,False,None,0
2179,How to create a .NET Core app where user input is store in a file in json format through middleware,programming languages issues,None,False,None,0
2180,Importing Modules — customized Modules in C,programming languages issues,None,False,None,0
2181,JAVA - Initialize Jagged 3D Array with Loops?,programming languages issues,None,False,None,0
2182,How can a seg fault in NASM cause failure of code execution before the offending lines?,programming languages issues,None,False,None,0
2183,Immutability and circular references,programming languages issues,None,False,None,0
2184,Write Reserved Keywords into a file in Windows batch file,programming languages issues,None,False,None,0
2185,ERROR: Received close_notify during handshake,programming languages issues,None,False,None,0
2186,not getting around (list index out of range),programming languages issues,None,False,None,0
2187,Issue with python installations,programming languages issues,None,False,None,0
2188,Race Condition when working with DLL and WideString,programming languages issues,None,False,None,0
2189,How to use &#39; and &quot; when using HTML and Python together,programming languages issues,None,False,None,0
2190,String.Substring() seems to bottleneck this code,programming languages issues,None,False,None,0
2191,Will non-IE browsers use script inside a tag with type=&quot;text/jscript&quot;?,programming languages issues,None,False,None,0
2192,MySQL: Search for a sentence and ignore order of words,programming languages issues,None,False,None,0
2193,How do I execute a find command with multiple iname matchers in Go?,programming languages issues,None,False,None,0
2194,Upload file from HTML form through Servlet to Google Cloud Storage (using Google Cloud Storage Clien,programming languages issues,None,False,None,0
2195,Translating to Languages with Irregular Rules,programming languages issues,None,False,None,0
2196,MIPS 2x2 Matrix Multiplication Code Logical Error,programming languages issues,None,False,None,0
2197,"C++, open a file knowing path and file name (beginner)",programming languages issues,None,False,None,0
2198,SparkStreaming 2.3.1 java.lang.NoSuchMethodError: twitter4j.TwitterStream.addListener(Ltwitter4j/Str,programming languages issues,None,False,None,0
2199,How do I test crates with #![no_std]?,programming languages issues,None,False,None,0
2200,Applying the plugin &#39;kotlin-android&#39; in an Instant App results in &quot;null cannot be cast ,programming languages issues,None,False,None,0
2201,How exactly does a compiler or assembler translate method names to addresses for dynamic linking,programming languages issues,None,False,None,0
2202,Why is the &quot;f&quot; string not changing,programming languages issues,None,False,None,0
2203,what&#39;s the problem of passing parameters to void function in c?,programming languages issues,None,False,None,0
2204,Languages and VMs: Features that are hard to optimize and why,programming languages issues,None,False,None,0
2205,Do you prefer compiled or scripted languages?,programming languages issues,None,False,None,0
2206,simultaneous variable assignation in pascal,programming languages issues,None,False,None,0
2207,How to get the correct Wikipedia article,programming languages issues,None,False,None,0
2208,MATLAB - Rotating an equilateral triangle around its centre point,programming languages issues,None,False,None,0
2209,Is it possible to log from the Java Debugger?,programming languages issues,None,False,None,0
2210,"Factoring code, keeping readability and make life better :)",programming languages issues,None,False,None,0
2211,Brainfuck with 1bit memory cells?,programming languages issues,None,False,None,0
2212,"C++ &#39;:chcp&#39; is not recognized as an internal or external command, operable program or batch ",programming languages issues,None,False,None,0
2213,How to inspect nullable types strict code smell,programming languages issues,None,False,None,0
2214,Using the right numeric data type,programming languages issues,None,False,None,0
2215,Why Java applets are obsolete?,programming languages issues,None,False,None,0
2216,How to get started with Desktop Software Architecture?,programming languages issues,None,False,None,0
2217,International Pluralization Lib for Objective-C?,programming languages issues,None,False,None,0
2218,"Node.js get&#39;s stuck on a while loop, and I don&#39;t know why",programming languages issues,None,False,None,0
2219,When is passing a subprogram as a parameter necessary,programming languages issues,None,False,None,0
2220,Simple recursive descent in PyParsing,programming languages issues,None,False,None,0
2221,Trouble with go get install for mcumgr,programming languages issues,None,False,None,0
2222,What language or imports should I use instead of turtle for more precise drawing?,programming languages issues,None,False,None,0
2223,How to append php into an unordered list?,programming languages issues,None,False,None,0
2224,Why dart type casting affects the original casted variable,programming languages issues,None,False,None,0
2225,Functional Programming - What&#39;s the best way to keep a reference to a function&#39;s result for ,programming languages issues,None,False,None,0
2226,Is a constexpr more &quot;constant&quot; than const?,programming languages issues,None,False,None,0
2227,The value or constructor n is not defined,programming languages issues,None,False,None,0
2228,Node.js &quot;Cannot POST /[route]&quot;,programming languages issues,None,False,None,0
2229,Unable to find the segmentation fault,programming languages issues,None,False,None,0
2230,UIAlertAction to pop to root view controller in Swift,programming languages issues,None,False,None,0
2231,How do I display array elements in Lua?,programming languages issues,None,False,None,0
2232,.vbs script is getting opened in notepad during execution,programming languages issues,None,False,None,0
2233,Azure data factory - changing URL for HTTP linked service?,programming languages issues,None,False,None,0
2234,Java GuardTypes analogy for OCaml,programming languages issues,None,False,None,0
2235,getting the length of an array after passing as a char*,programming languages issues,None,False,None,0
2236,"in bash, create json object of key=filename and value=file-contents given sequence of pathed filenam",programming languages issues,None,False,None,0
2237,What web development tools will allow a page to be viewed by any internet connected device?,programming languages issues,None,False,None,0
2238,Can any existing Machine Learning structures perfectly emulate recursive functions like the Fibonacc,programming languages issues,None,False,None,0
2239,Setting a per-request proxy (or rotating proxies) with .NET Flurl/HttpClient,programming languages issues,None,False,None,0
2240,Simple example of Javascript good programming style?,programming languages issues,None,False,None,0
2241,Trying to Learn Hexagony,programming languages issues,None,False,None,0
2242,AES with salt from java to PHP get different result,programming languages issues,None,False,None,0
2243,Error - &quot;cannot infer type for parameter &#39;rowType&#39;&quot; when using the find function w,programming languages issues,None,False,None,0
2244,Issuing HTTP requests using IE proxy with AD authentication,programming languages issues,None,False,None,0
2245,Error: dot: can&#39;t open ast.dot: No such file or directory ...While creating a pdf file with grap,programming languages issues,None,False,None,0
2246,R: Google Distance Matrix API request rate limit exceeded,programming languages issues,None,False,None,0
2247,How do I run two different versions of Java concurrently on OS-X?,programming languages issues,None,False,None,0
2248,postgresql bit string or not?,programming languages issues,None,False,None,0
2249,iText7: Unable to read license key json file,programming languages issues,None,False,None,0
2250,"python ValueError: non-broadcastable output operand with shape (389,1) doesn&#39;t match the broadca",programming languages issues,None,False,None,0
2251,Multiple problems with ANTLR visitor processing,programming languages issues,None,False,None,0
2252,Haskell If Statement Condition,programming languages issues,None,False,None,0
2253,LLVM IR nested phi instruction,programming languages issues,None,False,None,0
2254,"How to solve NA values for standard errors, z and pr values when we are calculation ARIMA model in R",programming languages issues,None,False,None,0
2255,unrecognised selector sent to instance when using IQDropDownTextField,programming languages issues,None,False,None,0
2256,How to change the width of columns in a pricing table,programming languages issues,None,False,None,0
2257,Emacs flychecking an R program,programming languages issues,None,False,None,0
2258,How to make generic computations over heterogeneous argument packs of a variadic template function?,programming languages issues,None,False,None,0
2259,Hot swaping Erlang port,programming languages issues,None,False,None,0
2260,CEFSharp within AddIn - &quot;Cannot pass a GCHandle across AppDomains&quot;,programming languages issues,None,False,None,0
2261,How can I make this Project Euler solution execute in Python at the same speed as Java?,programming languages issues,None,False,None,0
2262,Printing Partition Table - C program,programming languages issues,None,False,None,0
2263,C++ only prints one statement,programming languages issues,None,False,None,0
2264,Allow user to upload .MOV video files and show them on website,programming languages issues,None,False,None,0
2265,Is prolog not considered an artificial intelligence tool?,programming languages issues,None,False,None,0
2266,Unable to specify Field Name C# for Checkobox field in Salesforce,programming languages issues,None,False,None,0
2267,Website Structure is different on mobile than on PC browser,programming languages issues,None,False,None,0
2268,"Pointers, casting and different compilers",programming languages issues,None,False,None,0
2269,Issue with onIncomingCall PJSIP Function,programming languages issues,None,False,None,0
2270,How to find out if a class is immutable,programming languages issues,None,False,None,0
2271,Using php as a desktop application,programming languages issues,None,False,None,0
2272,Getting error on setting-up Appium 1.6.4 with Android on MacOS,programming languages issues,None,False,None,0
2273,How to build Catboost C Evaluation Library API?,programming languages issues,None,False,None,0
2274,xml namespace prefix issue at go,programming languages issues,None,False,None,0
2275,"Structured LLM router misclassifies SAP BASIS Trainer job description, generating invalid coding tas",programming languages issues,None,False,None,0
2276,Nested looping for simple logic parser,programming languages issues,None,False,None,0
2277,SonarQube Scanner fails with “Not inside a git worktree” error,programming languages issues,None,False,None,0
2278,Any solution to having to scroll back up to the top of a program all the time to check variables dec,programming languages issues,None,False,None,0
2279,Does using strings containing multiple words separated with whitespaces in select statements &#39;AS,programming languages issues,None,False,None,0
2280,"HTML Form Text to Speech speaks the file name and PHP, Doubles Form",programming languages issues,None,False,None,0
2281,displaying TTS available languages in spinner,programming languages issues,None,False,None,0
2282,Dictionary comprehensions(?) in F# (converting from C#),programming languages issues,None,False,None,0
2283,How to decode a base64 PDF without encryption in TCL?,programming languages issues,None,False,None,0
2284,"Update a PDF to include an encrypted, hidden, unique identifier?",programming languages issues,None,False,None,0
2285,Full file not displaying on GitHub?,programming languages issues,None,False,None,0
2286,How do I use fprintf to print a struct member values that&#39;s defined in a header file?,programming languages issues,None,False,None,0
2287,How to fix java.lang.UnsupportedClassVersionError: Unsupported major.minor version,incompatibility,None,False,None,0
2288,Error: &#39;node-sass&#39; version 5.0.0 is incompatible with ^4.0.0,incompatibility,None,False,None,0
2289,Git checkout: updating paths is incompatible with switching branches,incompatibility,None,False,None,0
2290,Which @NotNull Java annotation should I use?,incompatibility,None,False,None,0
2291,The engine &quot;node&quot; is incompatible with this module,incompatibility,None,False,None,0
2292,"ValueError: numpy.ndarray size changed, may indicate binary incompatibility. Expected 88 from C head",incompatibility,None,False,None,0
2293,"RuntimeWarning: numpy.dtype size changed, may indicate binary incompatibility",incompatibility,None,False,None,0
2294,SELECT list is not in GROUP BY clause and contains nonaggregated column .... incompatible with sql_m,incompatibility,None,False,None,0
2295,How to list all available package versions with pip?,incompatibility,None,False,None,0
2296,Logging framework incompatibility,incompatibility,None,False,None,0
2297,Postgres - FATAL: database files are incompatible with server,incompatibility,None,False,None,0
2298,npm check and update package if needed,incompatibility,None,False,None,0
2299,Pickle incompatibility of numpy arrays between Python 2 and 3,incompatibility,None,False,None,0
2300,Thorntail-Examples / API Incompatibility,incompatibility,None,False,None,0
2301,Future incompatibility,incompatibility,None,False,None,0
2302,App incompatibility,incompatibility,None,False,None,0
2303,Tensorflow protobuf incompatibility,incompatibility,None,False,None,0
2304,Type incompatibility error with no apparent incompatibility,incompatibility,None,False,None,0
2305,Incompatibility of relativedelta,incompatibility,None,False,None,0
2306,Module was compiled with an incompatible version of Kotlin. The binary version of its metadata is 1.,incompatibility,None,False,None,0
2307,Incompatibility between graph NLP and leaflet,incompatibility,None,False,None,0
2308,"numpy.dtype size changed, may indicate binary incompatibility. Expected 96 from C header, got 88 fro",incompatibility,None,False,None,0
2309,import gensim binary incompatibility,incompatibility,None,False,None,0
2310,Jquery Incompatibility,incompatibility,None,False,None,0
2311,Spring versions incompatibility,incompatibility,None,False,None,0
2312,how conda-build avoids checking incompatibility,incompatibility,None,False,None,0
2313,RestEASY and Jackson incompatibility - NoSuchMethodException,incompatibility,None,False,None,0
2314,PHP parse/syntax errors; and how to solve them,incompatibility,None,False,None,0
2315,Incompatibility between CXF and WebSphere JRE,incompatibility,None,False,None,0
2316,Type incompatibility warning with ToggleGroup component,incompatibility,None,False,None,0
2317,VBA Select Case type incompatibility,incompatibility,None,False,None,0
2318,incompatibility in internal topic in Kafka Streams,incompatibility,None,False,None,0
2319,MCR and .NET incompatibility,incompatibility,None,False,None,0
2320,Dom4j: Node implementation incompatibility,incompatibility,None,False,None,0
2321,"Deprecated Gradle features were used in this build, making it incompatible with Gradle 5.0",incompatibility,None,False,None,0
2322,Fix Landroid/view/MotionEvent incompatibility,incompatibility,None,False,None,0
2323,What is the best way to deal with package incompatibility?,incompatibility,None,False,None,0
2324,How to initialize an array&#39;s length in JavaScript?,incompatibility,None,False,None,0
2325,Jquery incompatibility issue with Chrome,incompatibility,None,False,None,0
2326,TTaskbar incompatibility?,incompatibility,None,False,None,0
2327,Incompatibility with Grails plug in?,incompatibility,None,False,None,0
2328,Javascript and CSS incompatibility issues in different browsers,incompatibility,None,False,None,0
2329,Resolving gem version incompatibility,incompatibility,None,False,None,0
2330,IReport incompatibility with Java 8,incompatibility,None,False,None,0
2331,Integer programming: Is it possible to define an incompatibility constraint?,incompatibility,None,False,None,0
2332,firefox 47.0 browser incompatibility with selenium 2.53.0,incompatibility,None,False,None,0
2333,envers and hibernate plugins incompatibility,incompatibility,None,False,None,0
2334,Sbt plugin binary incompatibility,incompatibility,None,False,None,0
2335,Problem with Either and errors types incompatibility,incompatibility,None,False,None,0
2336,ionic/firebase package dependencies incompatibility,incompatibility,None,False,None,0
2337,Scala incompatibility with Java 9 - java.lang.NoClassDefFoundError,incompatibility,None,False,None,0
2338,Version incompatibility in SSIS package,incompatibility,None,False,None,0
2339,incompatibility issue with chrome 33.0.1750.117 and breeze.js,incompatibility,None,False,None,0
2340,Array as a function argument incompatibility,incompatibility,None,False,None,0
2341,OpenSSL - SSL incompatibility issue,incompatibility,None,False,None,0
2342,Cron with sendmail incompatibility,incompatibility,None,False,None,0
2343,RuntimeError: cuDNN version incompatibility,incompatibility,None,False,None,0
2344,Hadoop and PiggyBank incompatibility,incompatibility,None,False,None,0
2345,Is this package incompatibility a bug in the requierements?,incompatibility,None,False,None,0
2346,SpringBoot 2.6.1 incompatibility with Querydsl Mongodb?,incompatibility,None,False,None,0
2347,Incompatibility between char* and unsigned char*?,incompatibility,None,False,None,0
2348,maven-release-plugin:2.5.1:perform failed: An API incompatibility was encountered while executing,incompatibility,None,False,None,0
2349,Are there incompatibility risks when updating Node.js?,incompatibility,None,False,None,0
2350,windows 8 incompatibility?,incompatibility,None,False,None,0
2351,Incompatibility between Dropwizard and hive-jdbc,incompatibility,None,False,None,0
2352,Delphi interface type incompatibility,incompatibility,None,False,None,0
2353,incompatibility issue: use which web browser for developement?,incompatibility,None,False,None,0
2354,Is there an incompatibility in LineNumberReader in Java 17?,incompatibility,None,False,None,0
2355,Incompatibility of Visual studio 2012 with windows 7,incompatibility,None,False,None,0
2356,Incompatibility issue when installing tensorflow in conda,incompatibility,None,False,None,0
2357,"MockBackend, InMemoryDbService incompatibility in Angular 2",incompatibility,None,False,None,0
2358,Iphone App Rejected Ipv6 Incompatibility,incompatibility,None,False,None,0
2359,Overloading + operator and avoiding incompatibility,incompatibility,None,False,None,0
2360,About jquery / fullcalendar versions incompatibility?,incompatibility,None,False,None,0
2361,Incompatibility of CL_UNSIGNED_INT8 and CL_RGB,incompatibility,None,False,None,0
2362,Iframe inside a DIV incompatibility Chrome-Firefox,incompatibility,None,False,None,0
2363,OneSignal and Google gms incompatibility,incompatibility,None,False,None,0
2364,POI-incompatibility/No such method exception,incompatibility,None,False,None,0
2365,Show plugin incompatibility error on plugin page in wordpress,incompatibility,None,False,None,0
2366,Incompatibility between the initialState and the AppState using useContext,incompatibility,None,False,None,0
2367,ggplot2 (version 3) incompatibility with ggmap for geom_density_2d,incompatibility,None,False,None,0
2368,"How to solve incompatibility between DeepPavlov, Tensorflow and Numpy in a Python script",incompatibility,None,False,None,0
2369,APi incompatibility when using spring cloud contract,incompatibility,None,False,None,0
2370,Warning to flag potential type incompatibility,incompatibility,None,False,None,0
2371,Defining Local Types Without Incompatibility Errors in TypeScript,incompatibility,None,False,None,0
2372,Getting Error while Running Flutter App On Android (Android X) Incompatibility,incompatibility,None,False,None,0
2373,incompatibility between node 18.17.1 and npm 9.6.7,incompatibility,None,False,None,0
2374,Experiment with incompatibility of Java serilization,incompatibility,None,False,None,0
2375,Python numpy with cvxpy incompatibility issue,incompatibility,None,False,None,0
2376,Android supportability and incompatibility is so unclear,incompatibility,None,False,None,0
2377,AppContainer Incompatibility in Protected Mode - Adobe Acrobat Reader,incompatibility,None,False,None,0
2378,&#39;The built failed likely due to AndroidX incompatibilities in a plugin. The tool is about to try,incompatibility,None,False,None,0
2379,DLL Incompatibility in various versions of visual studio,incompatibility,None,False,None,0
2380,Fashion Mnist Tensorflow Data Shape Incompatibility,incompatibility,None,False,None,0
2381,module_layout version incompatibility,incompatibility,None,False,None,0
2382,ReferenceError with lottie-react on Next.js 13 - SSR Incompatibility?,incompatibility,None,False,None,0
2383,Why is pyright issuing a type incompatibility error here?,incompatibility,None,False,None,0
2384,Android AVD Incompatibility,incompatibility,None,False,None,0
2385,Automatically check for binary incompatibility between versions of a C# DLL?,incompatibility,None,False,None,0
2386,How to test for backward incompatibility in a distributed system?,incompatibility,None,False,None,0
2387,Python ucs-4/ucs-2 incompatibility,incompatibility,None,False,None,0
2388,C. Function pointer callback. Incompatibility with prototype.,incompatibility,None,False,None,0
2389,Incompatibility Issues between Access Database Engine and Microsoft Access,incompatibility,None,False,None,0
2390,Libstdc++ incompatibility on Qt crosscompiling from Debian amd64 to armhf,incompatibility,None,False,None,0
2391,Cuda Runtime/Driver incompatibility in docker container,incompatibility,None,False,None,0
2392,Issue deploying war due to JDK incompatibility,incompatibility,None,False,None,0
2393,Generic incompatibility boundary issue in Arrays.sort method,incompatibility,None,False,None,0
2394,scikit-geometry does not work due to GMP version incompatibility,incompatibility,None,False,None,0
2395,Incompatible implicit declaration of built-in function ‘malloc’,incompatibility,None,False,None,0
2396,MySQL PHP incompatibility,incompatibility,None,False,None,0
2397,Deezer Player incompatibility with arm architecture,incompatibility,None,False,None,0
2398,Spring-data-aerospike incompatibility with aql created indexes,incompatibility,None,False,None,0
2399,Incompatibility between time.sleep() and pysimplegui.Output()?,incompatibility,None,False,None,0
2400,Solve incompatibility cordova firebase and google login in ios,incompatibility,None,False,None,0
2401,Incompatibility of Bootstrap3 with JPlayer Circle Player,incompatibility,None,False,None,0
2402,Watij’s JxBrowser OS X / Java 1.6_64 incompatibility?,incompatibility,None,False,None,0
2403,nar-maven-plugin eclipse API Incompatibility,incompatibility,None,False,None,0
2404,sonar failed: An API incompatibility was encountered while executing org.sonarsource.scanner.maven:s,incompatibility,None,False,None,0
2405,Qt library incompatibility with Pycharm new installation,incompatibility,None,False,None,0
2406,Type Incompatibility,incompatibility,None,False,None,0
2407,Why does using a conditional type fix the type incompatibility error?,incompatibility,None,False,None,0
2408,cuDNN version incompatibility,incompatibility,None,False,None,0
2409,PyTorch XLA incompatibility issue when running a modified official example,incompatibility,None,False,None,0
2410,Incompatibility with Sonar7.7,incompatibility,None,False,None,0
2411,Are there incompatibility issues between Oracle Forms 11g and Oracle Forms 12?,incompatibility,None,False,None,0
2412,React-GA + Redux v7 incompatibility issue with jest,incompatibility,None,False,None,0
2413,@Host() or ng-container incompatibility between angular 9 and 10,incompatibility,None,False,None,0
2414,Python Arduino Serial communication incompatibility problem,incompatibility,None,False,None,0
2415,&quot;Module was compiled with an incompatible version of Kotlin. The binary version of its metadata,incompatibility,None,False,None,0
2416,Parse and GMaps iOS SDK incompatibility in Swift?,incompatibility,None,False,None,0
2417,Cast Double to Integer,incompatibility,None,False,None,0
2418,Why am I getting incompatibility of protobuf while install grpcio-tools?,incompatibility,None,False,None,0
2419,YouTube API &amp; Android Support Library incompatibility,incompatibility,None,False,None,0
2420,pandas to_sql enforced dtype for sqlite - incompatibility with unicode_literals,incompatibility,None,False,None,0
2421,nsight - OpenGL 4.2 debugging incompatibility,incompatibility,None,False,None,0
2422,mvn liquibase rollback returns type incompatibility error,incompatibility,None,False,None,0
2423,How to downgrade bundler or upgrade rails?,incompatibility,None,False,None,0
2424,Cognos 10.2.1 Active Reports Internet Explorer 11 incompatibility,incompatibility,None,False,None,0
2425,"RuntimeWarning: numpy.dtype size changed, may indicate binary incompatibility. Expected 96, got 88",incompatibility,None,False,None,0
2426,Scala: binary incompatibility between releases,incompatibility,None,False,None,0
2427,Does source incompatibility always imply binary incompatibility?,incompatibility,None,False,None,0
2428,error in flutter due to lack of programs or incompatibility,incompatibility,None,False,None,0
2429,Visual Studio - vdproj is incompatible,incompatibility,None,False,None,0
2430,CUDA incompatible with gcc version,incompatibility,None,False,None,0
2431,Examples of forward incompatibility of the Android framework,incompatibility,None,False,None,0
2432,AngularJS authentication - Incompatibility between directives?,incompatibility,None,False,None,0
2433,Why my var return incompatibility problem with error 13?,incompatibility,None,False,None,0
2434,Incompatibility with Xcode 4.5?,incompatibility,None,False,None,0
2435,IE incompatibility banner,incompatibility,None,False,None,0
2436,Sentry version incompatibility,incompatibility,None,False,None,0
2437,Is there any way to avoid plugin cross incompatibility in VSCode?,incompatibility,None,False,None,0
2438,sbt 0.13.0 JLine incompatibility detected,incompatibility,None,False,None,0
2439,MySQL-Python Installation Error: Possible Architecture Incompatibility?,incompatibility,None,False,None,0
2440,incompatibility error - element is not allowed to be self closing in current schema,incompatibility,None,False,None,0
2441,Migration Of play 2.4 from 2.3:sbt.IncompatiblePluginsException: Binary incompatibility in plugins d,incompatibility,None,False,None,0
2442,WordPress MySql incompatibility. Locally developed version : 5.6.17 &amp; hosting providers version ,incompatibility,None,False,None,0
2443,AWS s3 and minio incompatibility signature checking if url params contains ;,incompatibility,None,False,None,0
2444,Incompatibility with Java 7,incompatibility,None,False,None,0
2445,Firefox incompatibility?,incompatibility,None,False,None,0
2446,Protection against accidental object incompatibility?,incompatibility,None,False,None,0
2447,Visual Studio 2012 &amp; Windows 8: Program Incompatibility Assistant Warning,incompatibility,None,False,None,0
2448,incompatibility when running dart rpc and shelf (with shelf_rpc) related to headers which are lists ,incompatibility,None,False,None,0
2449,Incompatibility with Implementing cbc solver in Python 3.11?,incompatibility,None,False,None,0
2450,maven API incompatibility error for sh.tak.appbundler:appbundle-maven-plugin:1.2.0,incompatibility,None,False,None,0
2451,Version Incompatibility Microsoft.Graph,incompatibility,None,False,None,0
2452,Kinect for Windows - PC Incompatibility,incompatibility,None,False,None,0
2453,Installing npm package acs fails due to incompatibility with tar@0.1.13,incompatibility,None,False,None,0
2454,Xcode 4.5 and iOS 4.2.1 incompatibility,incompatibility,None,False,None,0
2455,Composer.lock incompatibility with actually installed versions of packages on production server,incompatibility,None,False,None,0
2456,Incompatibility between C and C++ code,incompatibility,None,False,None,0
2457,slf4j version incompatibility,incompatibility,None,False,None,0
2458,Postgresql Ubuntu strange behaviour (version incompatibility?),incompatibility,None,False,None,0
2459,RTSP Source Filter with GDCL MP4 Muxer incompatibility,incompatibility,None,False,None,0
2460,Incompatibility in firefox,incompatibility,None,False,None,0
2461,Rails 5.0.2 incompatibility with bundler 2.0.1,incompatibility,None,False,None,0
2462,Android Studio dependency incompatible,incompatibility,None,False,None,0
2463,Package incompatibility - Flutter,incompatibility,None,False,None,0
2464,Docker container OS and host OS on Windows incompatibility skip OS validation?,incompatibility,None,False,None,0
2465,Incompatibility problem with my .tflite model into react-native expo app,incompatibility,None,False,None,0
2466,AWS Java SDK V2 and aws-secretsmanager-jdbc incompatibility?,incompatibility,None,False,None,0
2467,Kotlin incompatibility issue,incompatibility,None,False,None,0
2468,Compilation Error Due to Incompatibility Between Prettier v3 and @vue/eslint-config-prettier v7.x,incompatibility,None,False,None,0
2469,"RxJava: window/buffer overload questions, incompatibility with Rx.NET?",incompatibility,None,False,None,0
2470,adding virtual function to the end of the class declaration avoids binary incompatibility?,incompatibility,None,False,None,0
2471,.Net framework Incompatibility Issues,incompatibility,None,False,None,0
2472,sonar/jacoco plugin failed due to API incompatibility,incompatibility,None,False,None,0
2473,What for incompatibility between babel-proposal-decorators and typescript-decorator?,incompatibility,None,False,None,0
2474,Check whether PHP incompatibility or MySqli incompatibility the issue?,incompatibility,None,False,None,0
2475,"Version incompatibility between Spacy, Cuda, Pytorch and Python",incompatibility,None,False,None,0
2476,"strlen function incompatible w/loop, loop variable incompatible",incompatibility,None,False,None,0
2477,"_WIN32_WINNT definition changed in header, does this cause a binary incompatibility?",incompatibility,None,False,None,0
2478,Gwt application font incompatibility issues in FireFox compare to IE,incompatibility,None,False,None,0
2479,Flutter &amp; AndroidX incompatibility How to set a dependency manually,incompatibility,None,False,None,0
2480,Overriding functions incompatibility,incompatibility,None,False,None,0
2481,Upgrading to Debezium Postgres Connector v2.0.1 causing schema incompatibility issues,incompatibility,None,False,None,0
2482,clx/vcl incompatibility,incompatibility,None,False,None,0
2483,"Jquery 1.3.2 error on Internet Explorer. Incompatibility, or error in my code?",incompatibility,None,False,None,0
2484,Conda CUDA12 incompatibility,incompatibility,None,False,None,0
2485,Gulp Task Failing - Browserify/Babel Incompatibility?,incompatibility,None,False,None,0
2486,"Scipy error: numpy.dtype size changed, may indicate binary incompatibility (and associated strange b",incompatibility,None,False,None,0
2487,cacerts - incompatibility Open JDK/JRE vs. Oracle JDK/JRE?,incompatibility,None,False,None,0
2488,Incompatibility between the Dart shelf and rpc packages? (&#39;access-control-request-method&#39; he,incompatibility,None,False,None,0
2489,InteliJ SBT auto import of scala project gives: Binary incompatibility in plugins detected,incompatibility,None,False,None,0
2490,Array.size() vs Array.length,incompatibility,None,False,None,0
2491,JDBC incompatibility error,incompatibility,None,False,None,0
2492,PHP: Declare interface incompatibility,incompatibility,None,False,None,0
2493,An API incompatibility was encountered while executing org.apache.maven.plugins:maven-shade-plugin:1,incompatibility,None,False,None,0
2494,Binary incompatibility with Numpy,incompatibility,None,False,None,0
2495,Error Converting Angular 10 to 14: Type Incompatibility in patchValue Method,incompatibility,None,False,None,0
2496,Are width and float incompatible?,incompatibility,None,False,None,0
2497,c++ executable doesnt run in windows 7 - 64 bit incompatibility,incompatibility,None,False,None,0
2498,GNUStep NSAutoreleasePool incompatibility,incompatibility,None,False,None,0
2499,Newtonsoft Json.NET version incompatibility (DLL hell),incompatibility,None,False,None,0
2500,org.omg.stub.java.rmi._Remote_Stub incompatibility,incompatibility,None,False,None,0
2501,Incompatibility of two C++ libraries,incompatibility,None,False,None,0
2502,Serialization incompatibility between class generated by ajc and javac,incompatibility,None,False,None,0
2503,Jena DatasetAccessor Http incompatibility,incompatibility,None,False,None,0
2504,Browser Incompatibility firefox,incompatibility,None,False,None,0
2505,Font backward incompatibility,incompatibility,None,False,None,0
2506,JXL + POI : incompatibility,incompatibility,None,False,None,0
2507,incompatibility of hadoop versions,incompatibility,None,False,None,0
2508,&quot;sql_mode=only_full_group_by&quot; incompatibility error,incompatibility,None,False,None,0
2509,CUDA Kernel parameter incompatibility,incompatibility,None,False,None,0
2510,Keras Dimension Incompatibility,incompatibility,None,False,None,0
2511,Flutter libraries incompatibility,incompatibility,None,False,None,0
2512,Browser incompatibility Svelte,incompatibility,None,False,None,0
2513,SnapSVG browser incompatibility,incompatibility,None,False,None,0
2514,OpenCV incompatibility issues,incompatibility,None,False,None,0
2515,Type incompatibility issue when registering @fastify/multipart in a NestJS application with Fastify,incompatibility,None,False,None,0
2516,Spring Cloud Hoxton.SR5 incompatibility with latest version of Spring Cloud Schema Registry (2.2.1.R,incompatibility,None,False,None,0
2517,Jackson version incompatibility?,incompatibility,None,False,None,0
2518,Browser incompatibility problem,incompatibility,None,False,None,0
2519,Generic type incompatibility,incompatibility,None,False,None,0
2520,React upgrade incompatibility,incompatibility,None,False,None,0
2521,Scala libraries incompatibility,incompatibility,None,False,None,0
2522,Unity incompatibility in Visual Studio,incompatibility,None,False,None,0
2523,JavaFX CSS incompatibility,incompatibility,None,False,None,0
2524,Bootstrap 3 incompatibility,incompatibility,None,False,None,0
2525,Genymotion Interface Incompatibility,incompatibility,None,False,None,0
2526,16-bit assembly incompatibility with 64-bit windows 7,incompatibility,None,False,None,0
2527,Library incompatibility? - C++,incompatibility,None,False,None,0
2528,IE CSS Incompatibility,incompatibility,None,False,None,0
2529,Array incompatibility Javascript,incompatibility,None,False,None,0
2530,Moq 4.13.1 incompatibility with Task.Extensions,incompatibility,None,False,None,0
2531,Incompatibility due to GUID,incompatibility,None,False,None,0
2532,Incompatibility click and black versions with Poetry ( ImportError: cannot import name &#39;_unicode,incompatibility,None,False,None,0
2533,Chrome and Firefox incompatibility,incompatibility,None,False,None,0
2534,Mobile-incompatibility with CSS,incompatibility,None,False,None,0
2535,Incompatibility issues (AndroidManifest),incompatibility,None,False,None,0
2536,Tesnorflow model.fit shape incompatibility,incompatibility,None,False,None,0
2537,Incompatibility with Galaxy Note,incompatibility,None,False,None,0
2538,Fixing illogical &quot;incompatibility components&quot; error copied from OpenModelica Library,incompatibility,None,False,None,0
2539,An API incompatibility was encountered while executing org.codehaus.mojo:sonar-maven-plugin:2.6:sona,incompatibility,None,False,None,0
2540,Conversion incompatibility between timestamp type in Glue and in Spark?,incompatibility,None,False,None,0
2541,position incompatibility with float,incompatibility,None,False,None,0
2542,Firefox incompatibility with typed.js?,incompatibility,None,False,None,0
2543,Type Incompatibility Issue with Pydantic Model Inheritance and List of Subclasses,incompatibility,None,False,None,0
2544,Attention layer on top of LSTM Autoencoder getting incompatibility error,incompatibility,None,False,None,0
2545,How can I resolve Fibers incompatibility with Node.js 16+ in my Angular project using Meteor?,incompatibility,None,False,None,0
2546,Node.js Sass version 7.0.0 is incompatible with ^4.0.0 || ^5.0.0 || ^6.0.0,incompatibility,None,False,None,0
2547,jQuery incompatibility with Firefox,incompatibility,None,False,None,0
2548,Gradle incompatibility with admob,incompatibility,None,False,None,0
2549,mootools incompatibility with jQuery,incompatibility,None,False,None,0
2550,Javafx FXML Incompatible,incompatibility,None,False,None,0
2551,APScheduler and zerorpc incompatibility,incompatibility,None,False,None,0
2552,becomeFirstResponder and estimatedRowHeight incompatibility,incompatibility,None,False,None,0
2553,gtest and lua incompatibility?,incompatibility,None,False,None,0
2554,Fragment and ListFragment incompatibility,incompatibility,None,False,None,0
2555,Spray and Swagger incompatibility,incompatibility,None,False,None,0
2556,Numpy incompatibility with cx_freeze,incompatibility,None,False,None,0
2557,PyQt5 and Qt5.5 : license incompatibility,incompatibility,None,False,None,0
2558,NancyFx incompatibility with .Net Core,incompatibility,None,False,None,0
2559,"Incompatibility accessibility error, what is that means?",incompatibility,None,False,None,0
2560,Incompatibility of Pellet 2.3.0 with OWL API 3.4.3?,incompatibility,None,False,None,0
2561,Mousewheel and transition incompatibility,incompatibility,None,False,None,0
2562,Qt and JACK incompatibility,incompatibility,None,False,None,0
2563,Incompatibility pyinstaller and sklearn,incompatibility,None,False,None,0
2564,Incompatibility between Mocha and Expect (Jest) assertions in Node.js app,incompatibility,None,False,None,0
2565,InputStream and URL incompatibility,incompatibility,None,False,None,0
2566,Incompatibility between Fragment and ListFragment,incompatibility,None,False,None,0
2567,Google Play Services incompatibility,incompatibility,None,False,None,0
2568,How to fix flutter AndroidX incompatibility?,incompatibility,None,False,None,0
2569,Visual Studio 2013 Ultimate incompatibility,incompatibility,None,False,None,0
2570,&quot;No such file or directory&quot; error when executing a binary,incompatibility,None,False,None,0
2571,Finding incompatibility in Firefox addon,incompatibility,None,False,None,0
2572,Which C specifiers may cause ABI incompatibility between the caller and callee?,incompatibility,None,False,None,0
2573,Javascript Incompatibility with Mozilla,incompatibility,None,False,None,0
2574,HTML incompatibility on Chrome,incompatibility,None,False,None,0
2575,Tapestry and Underscore incompatibility,incompatibility,None,False,None,0
2576,Incompatibility 10.10 to 10.8,incompatibility,None,False,None,0
2577,tensorflow incompatibility with python,incompatibility,None,False,None,0
2578,Type Incompatibility With Vendor Folder,incompatibility,None,False,None,0
2579,toString method with weird incompatibility?,incompatibility,None,False,None,0
2580,Java applet/Firefox incompatibility problem,incompatibility,None,False,None,0
2581,"Locust.io: RuntimeWarning: greenlet.greenlet size changed, may indicate binary incompatibility",incompatibility,None,False,None,0
2582,Gson and Jackson incompatibility,incompatibility,None,False,None,0
2583,Swipebox incompatibility with Angular,incompatibility,None,False,None,0
2584,NSPersistentStoreCoordinator - how to handle schema incompatibility errors?,incompatibility,None,False,None,0
2585,Ffmpeg and OpenCv versions incompatibility,incompatibility,None,False,None,0
2586,GA4 and UA reason for incompatibility of metrics and dimensions data analyzation and ML,incompatibility,None,False,None,0
2587,Maven deploying to central api incompatibility,incompatibility,None,False,None,0
2588,Incompatibility between javax.security.cert.X509Certificate and java.security.cert.X509Certificate,incompatibility,None,False,None,0
2589,Incompatibility with EnhancedJumps and vimfiler?,incompatibility,None,False,None,0
2590,An API incompatibility was encountered while executing org.sonarsource.scanner.maven:sonar-maven-plu,incompatibility,None,False,None,0
2591,Are there any specific examples of backward incompatibilities between Java versions?,incompatibility,None,False,None,0
2592,Incompatible pointer types and constness,incompatibility,None,False,None,0
2593,incompatibility with btoa and IE,incompatibility,None,False,None,0
2594,C vs C++ compilation incompatibility - does not name a type,incompatibility,None,False,None,0
2595,Xamarin test Cloud incompatibility issue,incompatibility,None,False,None,0
2596,Incompatibility of ols_step_both_p with dplyr,incompatibility,None,False,None,0
2597,Matrix Size Incompatibility with ragged tensor of variable size sequence and LSTM,incompatibility,None,False,None,0
2598,Timestamp incompatibility (NiFi&#39;s PutSQL),incompatibility,None,False,None,0
2599,Multiprocessing incompatible with NumPy,incompatibility,None,False,None,0
2600,Version incompatibility between Lucene and Solr,incompatibility,None,False,None,0
2601,Fabric plugin 1.26.0 incompatibility,incompatibility,None,False,None,0
2602,Typescript Function Overload Incompatibility,incompatibility,None,False,None,0
2603,Visual c++ machine type incompatibility,incompatibility,None,False,None,0
2604,Eclipse Won&#39;t Start - JVM incompatibility,incompatibility,None,False,None,0
2605,position:absolute incompatibility in Chrome and Firefox,incompatibility,None,False,None,0
2606,Apache spark - Cassandra Guava incompatibility,incompatibility,None,False,None,0
2607,"numpy.dtype size changed, may indicate binary incompatibility. Expected 96 from C header, got 88 fro",incompatibility,None,False,None,0
2608,Type incompatibility error using generics,incompatibility,None,False,None,0
2609,HK2 / GlassFish / Jersey incompatibility,incompatibility,None,False,None,0
2610,Flask Version Incompatibility issue,incompatibility,None,False,None,0
2611,VS 2010: Can’t insert mvvm-light snippet using shortcut - incompatibility with resharper 5?,incompatibility,None,False,None,0
2612,Even-odd sort incompatibility,incompatibility,None,False,None,0
2613,GLIBC incompatibility on debian docker,incompatibility,None,False,None,0
2614,thrift 0.5 and 0.8 incompatible,incompatibility,None,False,None,0
2615,Internet Explorer Incompatibility v9 &amp; v8 [object Object] ~ additional,incompatibility,None,False,None,0
2616,An API incompatibility was encountered while executing org.sonarsource.scanner.maven:sonar-maven-plu,incompatibility,None,False,None,0
2617,framework7 keypad + swipe incompatibility,incompatibility,None,False,None,0
2618,Android Multi Screen Incompatibility,incompatibility,None,False,None,0
2619,Upgrade to g++ 4.7 (with c++11 support): any ABI incompatibility?,incompatibility,None,False,None,0
2620,Tricky assembly version incompatibility,incompatibility,None,False,None,0
2621,Python-Requests timeout incompatibility,incompatibility,None,False,None,0
2622,SqlExpress mdf DB incompatibility,incompatibility,None,False,None,0
2623,tflearn conv2d_transpose shape incompatibility,incompatibility,None,False,None,0
2624,Multiple dex files define Landroid/support/v4/accessibilityservice/AccessibilityServiceInfoCompat,incompatibility,None,False,None,0
2625,ASP:RequiredFieldValidator and jQuery incompatibility,incompatibility,None,False,None,0
2626,Android 4.2.2 app incompatibility,incompatibility,None,False,None,0
2627,Ehcache and Tomcat 8 incompatibility?,incompatibility,None,False,None,0
2628,Camel-swagger and Hawt.io incompatibility,incompatibility,None,False,None,0
2629,Keras BatchNormalization layer incompatibility error,incompatibility,None,False,None,0
2630,Continuations and for comprehensions -- what&#39;s the incompatibility?,incompatibility,None,False,None,0
2631,Magento API version incompatibility,incompatibility,None,False,None,0
2632,ProcessInfo Linux/Windows incompatibility,incompatibility,None,False,None,0
2633,spring kafka versions incompatibility,incompatibility,None,False,None,0
2634,GMaven build fails with &quot;An API incompatibility was encountered&quot;,incompatibility,None,False,None,0
2635,"Pymongo ConfigurationError, server incompatibility",incompatibility,None,False,None,0
2636,AngularJS Internet Explorer incompatibility,incompatibility,None,False,None,0
2637,Error on Dependencies in Android Studio - Problem: Inconsistencies in the existing project dependenc,incompatibility,None,False,None,0
2638,Spring Framework 3.1.1 incompatibility,incompatibility,None,False,None,0
2639,MarkLogic upgrade incompatibility (downgrade),incompatibility,None,False,None,0
2640,Torch DoubleTensor CharTensor Incompatibility,incompatibility,None,False,None,0
2641,String incompatibility issues c++,incompatibility,None,False,None,0
2642,Mongodb/Mongoose types aggregation incompatibility,incompatibility,None,False,None,0
2643,type incompatibility for generic arrays,incompatibility,None,False,None,0
2644,Possible template &amp; constexpr–if incompatibility,incompatibility,None,False,None,0
2645,jquery.event.drag and jquery resizable incompatibility,incompatibility,None,False,None,0
2646,"numpy.dtype size changed, may indicate binary incompatibility",incompatibility,None,False,None,0
2647,Incompatibility when Managed C++ Wrapper (v110) is consuming Native C++ DLLs (v100),incompatibility,None,False,None,0
2648,Cross Browser incompatibility? (jQuery),incompatibility,None,False,None,0
2649,Angular Material Calendar incompatibility?,incompatibility,None,False,None,0
2650,Error and incompatibility with crosstab (Postgresql-10),incompatibility,None,False,None,0
2651,Guava - gdata libraries incompatibility,incompatibility,None,False,None,0
2652,design incompatibility issue in Firefox15.0.1,incompatibility,None,False,None,0
2653,OpenCV ZXing incompatibility on iOS,incompatibility,None,False,None,0
2654,"R stargazer, lme4 and lmerTest incompatibility",incompatibility,None,False,None,0
2655,Check &quot;Pointer Incompatibility&quot; warning programmatically,incompatibility,None,False,None,0
2656,TensorFlow: ValueError: Shapes are incompatible,incompatibility,None,False,None,0
2657,"Perl compile, libgdbm incompatibility",incompatibility,None,False,None,0
2658,Delphi zlib / iOS incompatibility?,incompatibility,None,False,None,0
2659,Chrome / IE css incompatibility,incompatibility,None,False,None,0
2660,Chosen Incompatibility with jquery DataTable,incompatibility,None,False,None,0
2661,Incompatibility between openai and fastapi,incompatibility,None,False,None,0
2662,Python: xarray and h5py incompatibility,incompatibility,None,False,None,0
2663,Version incompatibility node and npm?,incompatibility,None,False,None,0
2664,Can&#39;t update Macports (with Mac OS X Mavericks),incompatibility,None,False,None,0
2665,django-multilingual-ng / Django 1.1.1 incompatibility?,incompatibility,None,False,None,0
2666,tomahawk 1.1-Myfaces problems uploading file incompatibility with Jboss 7.1,incompatibility,None,False,None,0
2667,IE11 incompatibility with jQuery&#39;s &#39;readonly&#39;?,incompatibility,None,False,None,0
2668,Spring and Hibernate dependency Incompatibility,incompatibility,None,False,None,0
2669,incompatibility between html and css,incompatibility,None,False,None,0
2670,ChemDoodle Ajax Incompatibility with Pollen.js,incompatibility,None,False,None,0
2671,ABI incompatibility of Rust executable with C++ dynamic library,incompatibility,None,False,None,0
2672,iText7 PdfHtml and Jsoup incompatibility,incompatibility,None,False,None,0
2673,Incompatibility (conflicts) in installing pygeocoder,incompatibility,None,False,None,0
2674,for on generic type error - class incompatibility,incompatibility,None,False,None,0
2675,Node.js dependencies incompatibility on Linux,incompatibility,None,False,None,0
2676,Docker-compose and Xvfb incompatibility?,incompatibility,None,False,None,0
2677,Firebase UI and FloatingActionButton incompatibility,incompatibility,None,False,None,0
2678,How to fix matplotib incompatibility,incompatibility,None,False,None,0
2679,Gunicorn and Django South incompatibility?,incompatibility,None,False,None,0
2680,the return type is incompatible with Asynctask,incompatibility,None,False,None,0
2681,XAML clr-namespace - using incompatibility?,incompatibility,None,False,None,0
2682,OpenSSL incompatibility with Windows API,incompatibility,None,False,None,0
2683,CSS and Internet Explorer incompatibility,incompatibility,None,False,None,0
2684,Expression blend 4 Silverlight version Incompatibility,incompatibility,None,False,None,0
2685,Incompatibility between functools.partial and scipy,incompatibility,None,False,None,0
2686,warning: incompatible implicit declaration of built-in function ‘xyz’,incompatibility,None,False,None,0
2687,"numpy ndarray size changed, may indicate binary incompatibility",incompatibility,None,False,None,0
2688,Nv-d3 Data format incompatibility,incompatibility,None,False,None,0
2689,IDL file incompatibility with vS2010,incompatibility,None,False,None,0
2690,scala library incompatibility with jwi,incompatibility,None,False,None,0
2691,Incompatibility between SplashJsonResponse and Xpath(),incompatibility,None,False,None,0
2692,Pymongo and Beanie Incompatibility issues,incompatibility,None,False,None,0
2693,incompatibility between HAXM hypervisor and VirtualBox 4.3.30+,incompatibility,None,False,None,0
2694,What&#39;s the difference/incompatibility between ng-model and ng-value?,incompatibility,None,False,None,0
2695,Acache: wsgi and alias incompatibility,incompatibility,None,False,None,0
2696,Is the `inline` prop incompatible with `SVGTooltip`?,incompatibility,None,False,None,0
2697,C# VS incompatibility with versions,incompatibility,None,False,None,0
2698,Bing Maps incompatibility with MooTools,incompatibility,None,False,None,0
2699,Browser Incompatibility with href=&quot;file...&quot;,incompatibility,None,False,None,0
2700,APLpy incompatibility with matplotlib gridspec,incompatibility,None,False,None,0
2701,boost serialization incompatibility between 1.74 and 1.83 with multi index container,incompatibility,None,False,None,0
2702,External code incompatibility with metadata?,incompatibility,None,False,None,0
2703,Website display incompatibility with smartphones,incompatibility,None,False,None,0
2704,zclip &amp; twitter bootstrap: incompatibility?,incompatibility,None,False,None,0
2705,How to understand GLIBC incompatibility?,incompatibility,None,False,None,0
2706,&quot;You cannot install this app because another user has already installed an incompatible version,incompatibility,None,False,None,0
2707,Memcached and Tomcat 8 incompatibility,incompatibility,None,False,None,0
2708,Incompatibility between AngularJS and Firefox,incompatibility,None,False,None,0
2709,CSS incompatibility with Google Chrome,incompatibility,None,False,None,0
2710,Google Colab incompatibility with TensorBoard,incompatibility,None,False,None,0
2711,moonlight vs. silverlight :: datagrid incompatibility?,incompatibility,None,False,None,0
2712,SQL Server CE throws an Incompatibility exception,incompatibility,None,False,None,0
2713,JavaFX maven plugin and API incompatibility,incompatibility,None,False,None,0
2714,Xamarin Forms And MonoTouch Incompatibility,incompatibility,None,False,None,0
2715,Qt4 and Qt5 QPlainTextEdit incompatibility,incompatibility,None,False,None,0
2716,Matlab rotate3D and buttondownfcn incompatibility,incompatibility,None,False,None,0
2717,UWP 6.2.2 and System.Runtime.CompilerServices.Unsafe Incompatibility,incompatibility,None,False,None,0
2718,Incompatibility with fiware/orion:2.0.0,incompatibility,None,False,None,0
2719,QLineEdit and custom function incompatibility,incompatibility,None,False,None,0
2720,Fabric Crashlytics and Twitter incompatibility,incompatibility,None,False,None,0
2721,Types incompatibility with flow type,incompatibility,None,False,None,0
2722,Laravel 5.5 and PHP incompatibility,incompatibility,None,False,None,0
2723,IE8 incompatibility of z-index and body:after,incompatibility,None,False,None,0
2724,Pandas 1.0.0 incompatibility with python 3.5,incompatibility,None,False,None,0
2725,Selenium WebDriver + Firefox 7.0.1 incompatibility,incompatibility,None,False,None,0
2726,sqlitecipher &amp; std::function incompatibility,incompatibility,None,False,None,0
2727,Liferay 7 hibernate dialect Incompatibility issue,incompatibility,None,False,None,0
2728,std::thread.join() and SFML incompatibility?,incompatibility,None,False,None,0
2729,Incompatibility between Microsoft.NET.Sdk.Functions and xunit.runner.visualstudio,incompatibility,None,False,None,0
2730,SQLite and System.Data version incompatibility,incompatibility,None,False,None,0
2731,DatetimePicker and jquery version incompatibility,incompatibility,None,False,None,0
2732,Azure Webjob Incompatibility with NewtonSoft,incompatibility,None,False,None,0
2733,Incompatibility of two dependencies in Maven,incompatibility,None,False,None,0
2734,Collation and datatype incompatibility on strings,incompatibility,None,False,None,0
2735,go-redis v8 XAutoClaim incompatible with Redis server v7+,incompatibility,None,False,None,0
2736,Incompatibility of numpy.sum() with Python 3,incompatibility,None,False,None,0
2737,&quot;rails new&quot; installing incompatible gems,incompatibility,None,False,None,0
2738,What is the problem of incompatibility of library versions and how monorepo-style solve it?,incompatibility,None,False,None,0
2739,jQuery Safari/Chrome incompatibility with draggable containment property,incompatibility,None,False,None,0
2740,Detect Target Framework / NuGet DLL Incompatibility Error During Build,incompatibility,None,False,None,0
2741,JavaScript and Flash incompatibility with IE,incompatibility,None,False,None,0
2742,.NET Framework 4.6.2 and .NET Standard 2.0 incompatibility,incompatibility,None,False,None,0
2743,Binary incompatibility for Openssl on Raspbian,incompatibility,None,False,None,0
2744,"Vulkan image incompatibility, is there a nice way to check which parameters are incompatible?",incompatibility,None,False,None,0
2745,"Importing Gensim in python ValueError: numpy.ndarray size changed, may indicate binary incompatibili",incompatibility,None,False,None,0
2746,Incompatibility of Network D3 and LDAvis,incompatibility,None,False,None,0
2747,PhpStorm v2017.3.4 &amp; Codeception v2.4.0 incompatibility,incompatibility,None,False,None,0
2748,Xcode 14 Xcode 13 incompatibility,incompatibility,None,False,None,0
2749,Maven CXF plugin API incompatibility,incompatibility,None,False,None,0
2750,Visual Studio 2013 incompatibility with MS SQL Server 2014,incompatibility,None,False,None,0
2751,sbt.IncompatiblePluginsException: Binary incompatibility in plugins detected,incompatibility,None,False,None,0
2752,How can I run a .py without reviewing its first line in a shell to avoid incompatibility?,incompatibility,None,False,None,0
2753,Detect H.265 HEVC incompatibility,incompatibility,None,False,None,0
2754,Cross-browser jQuery incompatibility issue,incompatibility,None,False,None,0
2755,sitecore 6.6 lucene version incompatibility,incompatibility,None,False,None,0
2756,How to overcome gzip/Mavericks incompatibility?,incompatibility,None,False,None,0
2757,Pinia issue of incompatibility with Nuxt 3,incompatibility,None,False,None,0
2758,Is there a way to ignore type incompatibility in typescript?,incompatibility,None,False,None,0
2759,Incompatibility type when using range,incompatibility,None,False,None,0
2760,Is the ATL incompatibility with DEP fixable?,incompatibility,None,False,None,0
2761,Wheel Incompatibility between Python Minor Versions,incompatibility,None,False,None,0
2762,Incompatibility error installing CUDA on Windows,incompatibility,None,False,None,0
2763,"Cython runtime error &quot;size changed, may indiciate binary incompatibility&quot;",incompatibility,None,False,None,0
2764,Javascript Incompatibility with IE and FF (call function),incompatibility,None,False,None,0
2765,ABI incompatibility while importing `scipy.sparse`,incompatibility,None,False,None,0
2766,PDO Binding Sequence/MySQL Incompatibility?,incompatibility,None,False,None,0
2767,Executable file recreated from byte array cannot run due to incompatibility with 64-bit version of W,incompatibility,None,False,None,0
2768,"linear models: numpy.ndarray size changed, may indicate binary incompatibility. Expected 88 from C h",incompatibility,None,False,None,0
2769,Incompatibility between Struts 2 and Chrome extension,incompatibility,None,False,None,0
2770,Grails plugin version incompatibility warning,incompatibility,None,False,None,0
2771,CRON string incompatability Quartz,incompatibility,None,False,None,0
2772,ember update failed: handlebars incompatibility,incompatibility,None,False,None,0
2773,rvest 1.0.0 - Latest Update Incompatibility,incompatibility,None,False,None,0
2774,Boto3 and AWS CLI incompatibility issue,incompatibility,None,False,None,0
2775,"Data type incompatibility in vb.net , sqlcommand code",incompatibility,None,False,None,0
2776,Using Flot with Bootstrap: IE8 incompatibility?,incompatibility,None,False,None,0
2777,Bytecode incompatibility - java.lang.IncompatibleClassChangeError: Implementing class,incompatibility,None,False,None,0
2778,"iExpress incompatibility with Windows 7, 32 bit?",incompatibility,None,False,None,0
2779,Testing: Incompatibility between MySQL and H2,incompatibility,None,False,None,0
2780,"Cordova, Android, deprecated Gradle features, incompatibility",incompatibility,None,False,None,0
2781,OpenSSL s_client -connect incompatibility issue,incompatibility,None,False,None,0
2782,Incompatibility Spring Boot 2 and GraphQL,incompatibility,None,False,None,0
2783,Incompatibility issue between gdata-java-client and google-api-java-client,incompatibility,None,False,None,0
2784,IE7/IE9 javascript incompatibility problem,incompatibility,None,False,None,0
2785,NodeJS MongoDB Driver Incompatibility Issue,incompatibility,None,False,None,0
2786,incompatible packages when trying to run tensorflow example code,incompatibility,None,False,None,0
2787,What does &quot; 2&gt;&amp;1 &quot; mean?,compilation errors,None,False,None,0
2788,How can I enumerate an enum?,compilation errors,None,False,None,0
2789,What does the ??!??! operator do in C?,compilation errors,None,False,None,0
2790,Compiling an application for use in highly radioactive environments,compilation errors,None,False,None,0
2791,How does the &quot;final&quot; keyword in Java work? (I can still modify an object.),compilation errors,None,False,None,0
2792,Compilation error after upgrading to JDK 21 - &quot;NoSuchFieldError: JCImport does not have member ,compilation errors,None,False,None,0
2793,What does a &quot;Cannot find symbol&quot; or &quot;Cannot resolve symbol&quot; error mean?,compilation errors,None,False,None,0
2794,Android studio Error &quot;Unsupported Modules Detected: Compilation is not supported for following ,compilation errors,None,False,None,0
2795,Using Razor within JavaScript,compilation errors,None,False,None,0
2796,Is there a reason for C#&#39;s reuse of the variable in a foreach?,compilation errors,None,False,None,0
2797,Android Studio: Where is the Compiler Error Output Window?,compilation errors,None,False,None,0
2798,How to view the list of compile errors in IntelliJ?,compilation errors,None,False,None,0
2799,What are the rules for calling the base class constructor?,compilation errors,None,False,None,0
2800,Updating to latest version of CocoaPods?,compilation errors,None,False,None,0
2801,Could not find a part of the path ... bin\roslyn\csc.exe,compilation errors,None,False,None,0
2802,Resolve build errors due to circular dependency amongst classes,compilation errors,None,False,None,0
2803,Maven build Compilation error : Failed to execute goal org.apache.maven.plugins:maven-compiler-plugi,compilation errors,None,False,None,0
2804,"Android Studio inline compiler showing red errors, but compilation with gradle works fine",compilation errors,None,False,None,0
2805,How to set compileJava&#39; task ( 11) and &#39;compileKotlin&#39; task (1.8) jvm target compatibili,compilation errors,None,False,None,0
2806,"How do I fix the Visual Studio compile error, &quot;mismatch between processor architecture&quot;?",compilation errors,None,False,None,0
2807,Loading/Downloading image from URL on Swift,compilation errors,None,False,None,0
2808,Java compilation errors limited to 100,compilation errors,None,False,None,0
2809,"In TypeScript, what is the ! (exclamation mark / bang) operator when dereferencing a member?",compilation errors,None,False,None,0
2810,How to capitalize the first letter of a String in Java?,compilation errors,None,False,None,0
2811,Ignoring Compilation errors - Java,compilation errors,None,False,None,0
2812,Why does c = ++(a+b) give compilation error?,compilation errors,None,False,None,0
2813,Catch all JavaScript errors and send them to server,compilation errors,None,False,None,0
2814,org.apache.http compilation errors,compilation errors,None,False,None,0
2815,How to check if a Perl script doesn&#39;t have any compilation errors?,compilation errors,None,False,None,0
2816,Get compilation errors in gradle,compilation errors,None,False,None,0
2817,How to immediately see compile errors in project tree of IntelliJ Idea?,compilation errors,None,False,None,0
2818,Passing capturing lambda as function pointer,compilation errors,None,False,None,0
2819,libxslt: compilation errors,compilation errors,None,False,None,0
2820,How to show compilation errors in android studio,compilation errors,None,False,None,0
2821,Compilation errors with CImg,compilation errors,None,False,None,0
2822,Handling JSP Compilation Errors,compilation errors,None,False,None,0
2823,Warning:Procedure with compilation errors,compilation errors,None,False,None,0
2824,"Compile view with compilation error, noot show errors command says no errors",compilation errors,None,False,None,0
2825,Skipping Java compilation errors,compilation errors,None,False,None,0
2826,Error:Execution failed for task &#39;:app:compileDebugKotlin&#39;. &gt; Compilation error. See log f,compilation errors,None,False,None,0
2827,Eclipse is not showing compilation errors in project explorer,compilation errors,None,False,None,0
2828,Compile Views in ASP.NET MVC,compilation errors,None,False,None,0
2829,dagger2 compilation errors are missing,compilation errors,None,False,None,0
2830,maven skip tests with compilation errors,compilation errors,None,False,None,0
2831,Possible compilation errors in C++,compilation errors,None,False,None,0
2832,C++: PlaySound() gives 100+ compilation errors,compilation errors,None,False,None,0
2833,Enable compiler compilation errors in Visual Studio when using #if Debug... #else,compilation errors,None,False,None,0
2834,generating enum compilation errors in C,compilation errors,None,False,None,0
2835,"&quot;Use of undeclared type&quot; in Swift, even though type is internal, and exists in same module",compilation errors,None,False,None,0
2836,using Sampler2DArray throwing compilation errors,compilation errors,None,False,None,0
2837,Java 11 package javax.xml.bind does not exist,compilation errors,None,False,None,0
2838,Compilation appears not showing compilation errors (Makefile),compilation errors,None,False,None,0
2839,Intellij strange compilation errors,compilation errors,None,False,None,0
2840,TypeScript compilation errors,compilation errors,None,False,None,0
2841,Compilation Error with no visible errors in Eclipse,compilation errors,None,False,None,0
2842,Browsing through previous-compilation errors during a new compilation?,compilation errors,None,False,None,0
2843,Random number generation: compilation errors,compilation errors,None,False,None,0
2844,Is Refactoring by Compilation Errors Bad?,compilation errors,None,False,None,0
2845,Java code compilation using JavaCompiler API and compilation errors handling,compilation errors,None,False,None,0
2846,Run Scala application in Scala IDE with compilation errors,compilation errors,None,False,None,0
2847,Trigger created with compilation errors. PL/SQL,compilation errors,None,False,None,0
2848,Compilation errors when using cout,compilation errors,None,False,None,0
2849,Getting compilation errors with this function,compilation errors,None,False,None,0
2850,Mockito Java 8 compilation errors,compilation errors,None,False,None,0
2851,Warning: Procedure created with compilation errors in oracle,compilation errors,None,False,None,0
2852,cov-build compilation errors with golang 1.19,compilation errors,None,False,None,0
2853,Compilation errors related to template instantiation,compilation errors,None,False,None,0
2854,JAGS compilation error,compilation errors,None,False,None,0
2855,React JSX: selecting &quot;selected&quot; on selected &lt;select&gt; option,compilation errors,None,False,None,0
2856,SQL PLUS Trigger compilation errors,compilation errors,None,False,None,0
2857,Sync_queue class compilation error,compilation errors,None,False,None,0
2858,typescript compilation errors never stop compilation,compilation errors,None,False,None,0
2859,C++ compilation errors in header,compilation errors,None,False,None,0
2860,IntelliJ - show all compilation errors automatically in the project when code is changed,compilation errors,None,False,None,0
2861,ng build -w # ignore non-codebase compilation errors,compilation errors,None,False,None,0
2862,"SQL error, Warning: Procedure created with compilation errors",compilation errors,None,False,None,0
2863,Are strongly-typed functions as parameters possible in TypeScript?,compilation errors,None,False,None,0
2864,Compilation Errors Not Readable,compilation errors,None,False,None,0
2865,Turtle (mock framework) compilation errors,compilation errors,None,False,None,0
2866,Procedure created with compilation errors,compilation errors,None,False,None,0
2867,Trigger warning: created with compilation errors,compilation errors,None,False,None,0
2868,Compilation errors with Scala imports,compilation errors,None,False,None,0
2869,Rasberry Pi4 Ubuntu OS eBPF compilation error: unknown type name &#39;atomic64_t&#39; compilation er,compilation errors,None,False,None,0
2870,Eclipse compilation error: The hierarchy of the type &#39;Class name&#39; is inconsistent,compilation errors,None,False,None,0
2871,TypeScript function overloading,compilation errors,None,False,None,0
2872,Warning: compiled but with compilation errors oracle compile pl/sql error,compilation errors,None,False,None,0
2873,SGABIOS compilation errors,compilation errors,None,False,None,0
2874,no compilation errors when calling this.method inside callback,compilation errors,None,False,None,0
2875,Navigating to actual compilation errors in IDEA,compilation errors,None,False,None,0
2876,Compilation errors in firestore.rules: Unexpected &#39;if&#39;,compilation errors,None,False,None,0
2877,spring petclinic compilation errors in eclipse,compilation errors,None,False,None,0
2878,"Warning: Trigger created with compilation errors, shows no errors",compilation errors,None,False,None,0
2879,Custom compiler errors through Compilation Participants,compilation errors,None,False,None,0
2880,compilation errors due to my if statement,compilation errors,None,False,None,0
2881,How can I make a weak protocol reference in &#39;pure&#39; Swift (without @objc),compilation errors,None,False,None,0
2882,C++ confusing compilation errors,compilation errors,None,False,None,0
2883,PL SQL Function -compilation errors,compilation errors,None,False,None,0
2884,Compilation errors with target IOS 3.1,compilation errors,None,False,None,0
2885,Compilation errors when using Gradle task,compilation errors,None,False,None,0
2886,Compilation error expected,compilation errors,None,False,None,0
2887,Strange compilation errors using Lombok with IntelliJ,compilation errors,None,False,None,0
2888,Compilation errors on GitHub workflow during tsc while no errors locally,compilation errors,None,False,None,0
2889,Increase the number of e compilation errors reported,compilation errors,None,False,None,0
2890,Procedure created with compilation errors in oracle.?,compilation errors,None,False,None,0
2891,preventing value compilation errors,compilation errors,None,False,None,0
2892,Infinite loop breaks method signature without compilation error,compilation errors,None,False,None,0
2893,"sampler2D in compute shaders, compilation errors",compilation errors,None,False,None,0
2894,c++ template compilation errors in linux,compilation errors,None,False,None,0
2895,IDEA is not showing compilation errors,compilation errors,None,False,None,0
2896,Perl Compilation Errors Compilation failed in require at,compilation errors,None,False,None,0
2897,WinSock2.h Compilation Errors,compilation errors,None,False,None,0
2898,Strange JPA compilation errors,compilation errors,None,False,None,0
2899,c++11 struct initialization compilation error,compilation errors,None,False,None,0
2900,Trigger created with compilation errors in oracle,compilation errors,None,False,None,0
2901,Invisible compilation errors in running developing an eclipse plugin,compilation errors,None,False,None,0
2902,Include of Nvidia&#39;s nvapi.h causes compilation errors,compilation errors,None,False,None,0
2903,Why do I get compilation errors?,compilation errors,None,False,None,0
2904,Programmatically check for compilation errors java file,compilation errors,None,False,None,0
2905,Why can you return a std::unique_ptr without std::move?,compilation errors,None,False,None,0
2906,How to find out PLSQL Compilation errors,compilation errors,None,False,None,0
2907,How to get maven to show all compilation errors,compilation errors,None,False,None,0
2908,PL/SQL comments cause compilation errors?,compilation errors,None,False,None,0
2909,"`npm run build` works, but `tsc` raises compilation errors?",compilation errors,None,False,None,0
2910,grunt-sass: getting compilation errors to output to browser,compilation errors,None,False,None,0
2911,Function created with compilation errors,compilation errors,None,False,None,0
2912,List only files where compilation errors happened,compilation errors,None,False,None,0
2913,Compilation Error - Server Error in &#39;/&#39; Application,compilation errors,None,False,None,0
2914,Strange PLSQL compilation errors,compilation errors,None,False,None,0
2915,Vs2019.9.2 Raise runtime errors when using Property Pattern for undefined variable and fail compilat,compilation errors,None,False,None,0
2916,Recovering Latex Compilation Errors,compilation errors,None,False,None,0
2917,How to check groovy script for compilation errors,compilation errors,None,False,None,0
2918,Visual studio strange compilation errors,compilation errors,None,False,None,0
2919,disable/enable compilation errors in Netbeans,compilation errors,None,False,None,0
2920,Warning: procedure created with compilation errors in terminal,compilation errors,None,False,None,0
2921,Many compilation errors after importing DOTS editor,compilation errors,None,False,None,0
2922,A crate is exported but &quot;use&quot; throws compilation errors,compilation errors,None,False,None,0
2923,Compilation Errors in Procedure of Oracle 10g,compilation errors,None,False,None,0
2924,warning: procedure created with compilation errors sql3,compilation errors,None,False,None,0
2925,compilation error with oracle statement,compilation errors,None,False,None,0
2926,Compilation errors for custom AsyncTaskLoader,compilation errors,None,False,None,0
2927,P5 catch shader compilation errors,compilation errors,None,False,None,0
2928,Sonarqube for compilation errors in PLSQL script,compilation errors,None,False,None,0
2929,Simulating compilation error,compilation errors,None,False,None,0
2930,"How to get TeamCity to recognize msbuild compilation errors, using the Rake runner",compilation errors,None,False,None,0
2931,Compilation error when initialising LinkedList,compilation errors,None,False,None,0
2932,resolve compilation errors in maven multiple modules,compilation errors,None,False,None,0
2933,Getting compilation errors when trying to create function,compilation errors,None,False,None,0
2934,Android Studio layout resource file &quot;Compilation errors&quot; but without the related informati,compilation errors,None,False,None,0
2935,"Compilation errors on Codeforces, using MS visual studio 2019 C++",compilation errors,None,False,None,0
2936,Trigger compilation error reasons,compilation errors,None,False,None,0
2937,naive compilation error in code,compilation errors,None,False,None,0
2938,compilation errors in Java while typecasting,compilation errors,None,False,None,0
2939,Stop MSBuild processing immediately on compilation errors,compilation errors,None,False,None,0
2940,Show Fxcop errors as compilation errors in Visual Studio 2008,compilation errors,None,False,None,0
2941,Wormhole Solidity SDK - CCTPSender compilation errors,compilation errors,None,False,None,0
2942,Weird lint/compilation errors on lib.dom.d.ts - VisualStudio2017,compilation errors,None,False,None,0
2943,Compilation errors appear when building a feature patch,compilation errors,None,False,None,0
2944,Swift compiler error: &quot;non-modular header inside framework module&quot;,compilation errors,None,False,None,0
2945,How can I make ensime show all compilation errors?,compilation errors,None,False,None,0
2946,Trigger created with compilation errors. Unable to find out the error,compilation errors,None,False,None,0
2947,Compilation errors since beta-5 on IIS,compilation errors,None,False,None,0
2948,ORA-24344: success with compilation error,compilation errors,None,False,None,0
2949,Eclipse starting tomcat with compile errors,compilation errors,None,False,None,0
2950,compilation errors in java language,compilation errors,None,False,None,0
2951,Compilation error in CRC encoding program,compilation errors,None,False,None,0
2952,How to unit test deliberate compilation errors of template code,compilation errors,None,False,None,0
2953,Compilation Error,compilation errors,None,False,None,0
2954,Oracle trigger compilation error,compilation errors,None,False,None,0
2955,eclipse doesn&#39;t show compilation error but ant failed on compilation,compilation errors,None,False,None,0
2956,compilation error in code,compilation errors,None,False,None,0
2957,Compilation error in Stored Procedure (Oracle SQL),compilation errors,None,False,None,0
2958,Omit package names in Scala compilation errors,compilation errors,None,False,None,0
2959,Functor in callback: compilation errors,compilation errors,None,False,None,0
2960,perl compilation error in condition control,compilation errors,None,False,None,0
2961,Using std::experimental::optional giving compilation errors,compilation errors,None,False,None,0
2962,Scons compilation errors in IoTivity project on Ubuntu,compilation errors,None,False,None,0
2963,How to handle template related compilation errors,compilation errors,None,False,None,0
2964,compilation error involving struct,compilation errors,None,False,None,0
2965,Compilation Error C++,compilation errors,None,False,None,0
2966,How to use enums in C++,compilation errors,None,False,None,0
2967,Get all the procedures and functions which are created with compilation error,compilation errors,None,False,None,0
2968,Maven install and running JAR file produces various compilation errors,compilation errors,None,False,None,0
2969,Compilation error in VBA,compilation errors,None,False,None,0
2970,Maven Compilation Error without any errors from the compiler,compilation errors,None,False,None,0
2971,including headers files getting compilation errors,compilation errors,None,False,None,0
2972,How does eclipse generate .class files with compilation errors?,compilation errors,None,False,None,0
2973,Erroneous compilation errors in MS Access,compilation errors,None,False,None,0
2974,C++: Compilation Errors for Custom Coded Generic Container?,compilation errors,None,False,None,0
2975,boost spirit compilation error,compilation errors,None,False,None,0
2976,Compile error during compilation with javac,compilation errors,None,False,None,0
2977,Alternative to USER_ERRORS to find compilation errors,compilation errors,None,False,None,0
2978,Razor Compilation Error,compilation errors,None,False,None,0
2979,PFFacebookUtils.h compilation errors in Xcode 8.2 with latest parse libraries,compilation errors,None,False,None,0
2980,&quot;Compilation error&quot; with function,compilation errors,None,False,None,0
2981,Compilation error with generic,compilation errors,None,False,None,0
2982,CImg compilation errors in CodeBlocks 17.12,compilation errors,None,False,None,0
2983,Capturing regex compilation errors,compilation errors,None,False,None,0
2984,Is there a list of all Scala compilation error message?,compilation errors,None,False,None,0
2985,Compilation error sequence: Static compilation error coming after resolving access modifier error?,compilation errors,None,False,None,0
2986,Compilation error with maven,compilation errors,None,False,None,0
2987,Errors installing Composer on macOS (JIT compilation failed),compilation errors,None,False,None,0
2988,PL/SQL function compilation errors,compilation errors,None,False,None,0
2989,IIS Compilation Error -2146232576 AspNetInitializationExceptionModule,compilation errors,None,False,None,0
2990,Compilation error with a dynamic_cast of a template class,compilation errors,None,False,None,0
2991,Compilation error in ocamlgraph,compilation errors,None,False,None,0
2992,Errors in qvariant.h during compilation,compilation errors,None,False,None,0
2993,Compilation errors when inheriting PortableServer::RefCountServantBase,compilation errors,None,False,None,0
2994,Strange compilation error with @testable import,compilation errors,None,False,None,0
2995,java.lang.ProcessHandle - compilation error,compilation errors,None,False,None,0
2996,Using ROWTYPE in PL/SQL VARRAY giving compilation errors,compilation errors,None,False,None,0
2997,Compilation Error: The constructor (constructor name) is undefined,compilation errors,None,False,None,0
2998,Compilation Error due to Incompatible Pointer type,compilation errors,None,False,None,0
2999,PL/SQL: Function Created with compilation Error,compilation errors,None,False,None,0
3000,copy constructor gives compilation error,compilation errors,None,False,None,0
3001,g++/clang++ Invert compilation error order,compilation errors,None,False,None,0
3002,why compilation error,compilation errors,None,False,None,0
3003,selenium 2.0 webdriver tests compilation errors,compilation errors,None,False,None,0
3004,GTK+ C compilation errors Visual Studio 2012,compilation errors,None,False,None,0
3005,Why is there no compilation error?,compilation errors,None,False,None,0
3006,Oracle Trigger creation with compilation errors,compilation errors,None,False,None,0
3007,Disable certain Android Studio compilation errors,compilation errors,None,False,None,0
3008,Xcode: Unit tests compilation errors not shown,compilation errors,None,False,None,0
3009,c++ compilation error,compilation errors,None,False,None,0
3010,Cython Memoryview compilation error,compilation errors,None,False,None,0
3011,Function created with compilation error in PLSQL,compilation errors,None,False,None,0
3012,Play!Framework Compilation error,compilation errors,None,False,None,0
3013,Keep Getting Compilation Errors on ASP.net Website,compilation errors,None,False,None,0
3014,How to enable Maven/Eclipse integration that hyperlinks to compilation errors,compilation errors,None,False,None,0
3015,Compilation errors for oracle SQL - stored procedure,compilation errors,None,False,None,0
3016,Rendering Problems NOTE: This project contains Java compilation errors,compilation errors,None,False,None,0
3017,Ncurses 6.0 Compilation Error - error: expected &#39;)&#39; before &#39;int&#39;,compilation errors,None,False,None,0
3018,SQL Function compilation error,compilation errors,None,False,None,0
3019,Changing access to methods without a compilation error,compilation errors,None,False,None,0
3020,Compiler errors with java bounded wildcard generics,compilation errors,None,False,None,0
3021,Lint found fatal errors while assembling a release target,compilation errors,None,False,None,0
3022,Maven compilation error,compilation errors,None,False,None,0
3023,mock gtest compilation error,compilation errors,None,False,None,0
3024,C++11 constexpr compilation error,compilation errors,None,False,None,0
3025,scape compilation error vba,compilation errors,None,False,None,0
3026,Typos are not seen as compilation errors in C++,compilation errors,None,False,None,0
3027,compilation errors in sphinx when building through eclipse,compilation errors,None,False,None,0
3028,Flutter 1.9: D/skia ( 5106): Shader compilation error,compilation errors,None,False,None,0
3029,Truestudio compilation error for FreeRTOS compilation on STM32,compilation errors,None,False,None,0
3030,Displaying C++ compilation errors in the VS 2013 editor,compilation errors,None,False,None,0
3031,Compilation error using iBMA.glm from BMA package,compilation errors,None,False,None,0
3032,Compilation errors - RadeonRays API based application?,compilation errors,None,False,None,0
3033,How to get rid of compilation errors in SQL?,compilation errors,None,False,None,0
3034,PlSQL showing compilation error,compilation errors,None,False,None,0
3035,Why no compilation errors for absentee return types,compilation errors,None,False,None,0
3036,java compilation error,compilation errors,None,False,None,0
3037,compilation error about exceptions,compilation errors,None,False,None,0
3038,Compilation Error with NSParameterAssert with Xcode 6.3,compilation errors,None,False,None,0
3039,Show colored compilation errors in C++ on Terminal,compilation errors,None,False,None,0
3040,Eclipse not giving warning when running java code which has compilation errors,compilation errors,None,False,None,0
3041,Will a website still work if parts of the site have compilation errors?,compilation errors,None,False,None,0
3042,Preventing g++ From Terminating After First Compilation Error,compilation errors,None,False,None,0
3043,Scala: Compilation error: Overloaded method,compilation errors,None,False,None,0
3044,maven compilation error: duplicate classes,compilation errors,None,False,None,0
3045,Getting compilation errors while binding a rule production to my struct members,compilation errors,None,False,None,0
3046,Maven Compilation Failure but no errors found,compilation errors,None,False,None,0
3047,Reasons for compilation error,compilation errors,None,False,None,0
3048,Kernel bash scripts compilation error,compilation errors,None,False,None,0
3049,Warning: Package Body created with compilation errors...in plsql,compilation errors,None,False,None,0
3050,Firebase 9 compilation errors using ReactJS,compilation errors,None,False,None,0
3051,Compilation errors and no intellisense in cshtml file,compilation errors,None,False,None,0
3052,Why does adding an as-pattern to a working function cause compilation errors?,compilation errors,None,False,None,0
3053,Linking error vs. compilation error,compilation errors,None,False,None,0
3054,Compiling Errors Java,compilation errors,None,False,None,0
3055,Need clarification about compilation error and run-time error,compilation errors,None,False,None,0
3056,JApplet constructor giving me compilation errors,compilation errors,None,False,None,0
3057,compilation error in JSONObject,compilation errors,None,False,None,0
3058,Eclipse CDT Console does not link to code for compilation errors,compilation errors,None,False,None,0
3059,Generic delegate contravariance compilation error,compilation errors,None,False,None,0
3060,Create Generic method constraining T to an Enum,compilation errors,None,False,None,0
3061,Custom Taglib Compilation error,compilation errors,None,False,None,0
3062,Mysterious Scala + Eclipse compilation errors,compilation errors,None,False,None,0
3063,Can I force Maven to package a jar despite compilation errors?,compilation errors,None,False,None,0
3064,Maven : Getting compilation error using the Install command through cmd,compilation errors,None,False,None,0
3065,WINCE 6.0 Openssl Compilation errors,compilation errors,None,False,None,0
3066,Parse javac compilation errors,compilation errors,None,False,None,0
3067,Write an Openrewrite java recipe test ignoring compilation errors,compilation errors,None,False,None,0
3068,No compilation errors but not getting any output in C,compilation errors,None,False,None,0
3069,compilation errors when using make when installing gcc,compilation errors,None,False,None,0
3070,Im getting an Warning: Procedure created with compilation errors,compilation errors,None,False,None,0
3071,Simple c++ program gets compilation errors,compilation errors,None,False,None,0
3072,scan directory program- compilation error,compilation errors,None,False,None,0
3073,VBScript Invalid Character 800A0408 compilation error,compilation errors,None,False,None,0
3074,Catch block avoid Compilation Error?,compilation errors,None,False,None,0
3075,Compilation Error: googlegtest fails with compilation error,compilation errors,None,False,None,0
3076,compilation error in C++,compilation errors,None,False,None,0
3077,Compilation errors for C++17 &lt;filesystem&gt; on MinGW,compilation errors,None,False,None,0
3078,PLSQL trigger compilation error,compilation errors,None,False,None,0
3079,Compilation error phoenix_ecto,compilation errors,None,False,None,0
3080,Compilation errors with ImageResizer 3.2.1,compilation errors,None,False,None,0
3081,Compilation errors when using NgForm in Angular,compilation errors,None,False,None,0
3082,Fail on compile errors instead of throwing &quot;Unresolved compilation problem&quot; at run time,compilation errors,None,False,None,0
3083,"why does comma(,) not cause to compilation error?",compilation errors,None,False,None,0
3084,How can I resolve these C++ Compilation errors?,compilation errors,None,False,None,0
3085,How do I fix compilation errors when integrating OpenFeint with cocos2d?,compilation errors,None,False,None,0
3086,Compilation error in MVC,compilation errors,None,False,None,0
3087,TypeScript 2.4 Generic Inference causing compilation errors,compilation errors,None,False,None,0
3088,Fgets compilation error,compilation errors,None,False,None,0
3089,Why does declaring the same function both with and without parameters not cause compilation errors?,compilation errors,None,False,None,0
3090,Compilation and linking errors using std::stacktrace,compilation errors,None,False,None,0
3091,ASP.NET Core 7 Razor compilation errors in intermediate file,compilation errors,None,False,None,0
3092,Remix IDE won&#39;t run my file and give no compilation errors,compilation errors,None,False,None,0
3093,Scripts contained in the package have compilation errors,compilation errors,None,False,None,0
3094,Typescript: compilation errors when updating Firebase function dependencies,compilation errors,None,False,None,0
3095,Compilation Error in procedure of Oracle 10,compilation errors,None,False,None,0
3096,A lot of compilation errors in Boost intrusive list,compilation errors,None,False,None,0
3097,Compilation Error: CS1061,compilation errors,None,False,None,0
3098,VS2013 Variadic template compilation error,compilation errors,None,False,None,0
3099,protobuf UnusedPrivateParameter compilation error,compilation errors,None,False,None,0
3100,Not understanding some basic compilation errors in Java,compilation errors,None,False,None,0
3101,Trigger success with compilation error oracle,compilation errors,None,False,None,0
3102,swig and perl compilation errors,compilation errors,None,False,None,0
3103,Compilation error with Hyper,compilation errors,None,False,None,0
3104,C++ compilation error in standard windows SDK files,compilation errors,None,False,None,0
3105,Assembly program compilation error,compilation errors,None,False,None,0
3106,Procedure with VARRAY created with compilation errors,compilation errors,None,False,None,0
3107,Compilation error : &#39;this&#39; cannot be implicitly captured in this context,compilation errors,None,False,None,0
3108,Compilation Errors after Maven successfully downloaded Jars,compilation errors,None,False,None,0
3109,Compilation Error not displaying in Eclipse,compilation errors,None,False,None,0
3110,Oracle - PSQL compilation error,compilation errors,None,False,None,0
3111,Compilation error using Hamcrest everyItem(),compilation errors,None,False,None,0
3112,Executing Tests in IntelliJ IDEA with Project Compilation Errors: Seeking Solutions,compilation errors,None,False,None,0
3113,procedure created with compilation errors - `endif`,compilation errors,None,False,None,0
3114,Compilation error on this string,compilation errors,None,False,None,0
3115,Method Chaining causes compilation errors,compilation errors,None,False,None,0
3116,gstreamermm and Qt compilation error,compilation errors,None,False,None,0
3117,Maven: Get Compilation error case in surefire-reports,compilation errors,None,False,None,0
3118,Why are instance variables declared without initialization having no compilation errors?,compilation errors,None,False,None,0
3119,The name &#39;InitializeComponent&#39; does not exist in the current context,compilation errors,None,False,None,0
3120,Cypress Webpack Compilation Error create-react-app,compilation errors,None,False,None,0
3121,Qt Compilation Error qeventloop.h,compilation errors,None,False,None,0
3122,Compilation error - missing zlib.h,compilation errors,None,False,None,0
3123,Compilation error in Cython,compilation errors,None,False,None,0
3124,Compilation errors,compilation errors,None,False,None,0
3125,Passing arguments to C# generic new() of templated type,compilation errors,None,False,None,0
3126,Compilation error for using struct itimerspec,compilation errors,None,False,None,0
3127,Maven compilation error while installation,compilation errors,None,False,None,0
3128,Android Studio displaying compilation errors suddenly for no reason,compilation errors,None,False,None,0
3129,How to customize and trigger Java compilation error in Eclipse,compilation errors,None,False,None,0
3130,Compilation error in prolog,compilation errors,None,False,None,0
3131,perl if elsif return - compilation error,compilation errors,None,False,None,0
3132,SQL-PL trigger compilation error,compilation errors,None,False,None,0
3133,Needed help in removing compilation errors in DPI and SV program,compilation errors,None,False,None,0
3134,I&#39;m getting a &#39;Procedure created with compilation errors.&#39;,compilation errors,None,False,None,0
3135,Odd Compilation Error,compilation errors,None,False,None,0
3136,Adding new target in xcode causes compilation errors,compilation errors,None,False,None,0
3137,Absence of compilation error when using parametrized constructor,compilation errors,None,False,None,0
3138,static_assert cause compilation errors while included in c file with linux GNU compilation,compilation errors,None,False,None,0
3139,Compilation error in java,compilation errors,None,False,None,0
3140,why am I getting breakpoint compilation errors,compilation errors,None,False,None,0
3141,Template argument deduction compilation error,compilation errors,None,False,None,0
3142,Compilation Errors in Visual Studio 2012,compilation errors,None,False,None,0
3143,Android AsyncTask Strange Compilation Error,compilation errors,None,False,None,0
3144,Compilation Error in if condition in Java,compilation errors,None,False,None,0
3145,Eclipse RCP retrieve compilation errors,compilation errors,None,False,None,0
3146,Macros compilation errors in cpp (Visual Studio 2012),compilation errors,None,False,None,0
3147,GWT Compiler : when is a compilation error fatal?,compilation errors,None,False,None,0
3148,Compilation error in scala,compilation errors,None,False,None,0
3149,Trigger created with compilation errors that cannot be found?,compilation errors,None,False,None,0
3150,Intellij compilation error because of classpath issues,compilation errors,None,False,None,0
3151,"Kotlin compilation errors, unresolved reference: rotation and unresolved reference: getSize",compilation errors,None,False,None,0
3152,Android Studio 1.4 Rendering Problems NOTE: This project contains Java compilation errors,compilation errors,None,False,None,0
3153,Swift Closure compilation error,compilation errors,None,False,None,0
3154,Forward declaration of nested types/classes in C++,compilation errors,None,False,None,0
3155,Why am I getting compilation errors in this code?,compilation errors,None,False,None,0
3156,templated class compilation errors when VC++ 6 project migrated to VC++ 2008,compilation errors,None,False,None,0
3157,flatMap operator causes compilation error,compilation errors,None,False,None,0
3158,Clang compilation errors,compilation errors,None,False,None,0
3159,Compilation error in AnyPoint Studio,compilation errors,None,False,None,0
3160,XslCompiledTransform compilation error,compilation errors,None,False,None,0
3161,DroidGap cannot be resolved Compilation error,compilation errors,None,False,None,0
3162,Maven Compilation Error: (use -source 7 or higher to enable diamond operator),compilation errors,None,False,None,0
3163,C++: Compilation error with explicit keyword,compilation errors,None,False,None,0
3164,&quot;Code too large&quot; compilation error in Java,compilation errors,None,False,None,0
3165,lombok compilation errors when running maven-surefire-plugin:test,compilation errors,None,False,None,0
3166,How do I troubleshoot YARN compilation errors with React components?,compilation errors,None,False,None,0
3167,Compilation Error in asp.net?,compilation errors,None,False,None,0
3168,Pl/SQL Cursor Compilation Error,compilation errors,None,False,None,0
3169,instantiating an object compilation errors,compilation errors,None,False,None,0
3170,Gradle with Java11 build produces intermittent compilation errors,compilation errors,None,False,None,0
3171,@Pathvariable not found compilation error,compilation errors,None,False,None,0
3172,Android Studio Compilation error,compilation errors,None,False,None,0
3173,"Compile error &quot;Class file has wrong version 52.0, should be 50.0&quot;",compilation errors,None,False,None,0
3174,C# long compilation errors when using generics,compilation errors,None,False,None,0
3175,"In Rust, Why does integer overflow sometimes cause compilation error or runtime error?",compilation errors,None,False,None,0
3176,Strange compilation errors,compilation errors,None,False,None,0
3177,"Java 11 required, but not found. Might have compilation errors",compilation errors,None,False,None,0
3178,Typescript project compile errors,compilation errors,None,False,None,0
3179,VBA solver compilation error,compilation errors,None,False,None,0
3180,Compilation errors in Jenkins but not in Eclipse,compilation errors,None,False,None,0
3181,XML::LibXSLT Intermittently Throws Stylesheet Compilation Errors,compilation errors,None,False,None,0
3182,Function created with compilation error,compilation errors,None,False,None,0
3183,gRPC 1.47.4 vs2017 compilation errors,compilation errors,None,False,None,0
3184,Compilation error for Class.isInstance and Class.cast,compilation errors,None,False,None,0
3185,Why this compilation error in this?,compilation errors,None,False,None,0
3186,Importing complex.h header file in Xcode .c header file produces compilation errors,compilation errors,None,False,None,0
3187,java generics compilation error,compilation errors,None,False,None,0
3188,Java - Random.nextInt compilation error;_;,compilation errors,None,False,None,0
3189,Oracle SQL script - Package created with compilation errors,compilation errors,None,False,None,0
3190,Mod_Mono 2.10 compilation error,compilation errors,None,False,None,0
3191,GMOCK method is throwing compilation error,compilation errors,None,False,None,0
3192,Trigger with compile errors,compilation errors,None,False,None,0
3193,compiling errors - numeric constant,compilation errors,None,False,None,0
3194,Compilation Errors while building minioozie,compilation errors,None,False,None,0
3195,Compilation error C++ undefined reference,compilation errors,None,False,None,0
3196,Compilation error in compiling this servlet code ,compilation errors,None,False,None,0
3197,Java generics - compilation error,compilation errors,None,False,None,0
3198,Add to generic List&lt;?&gt; produce compilation error,compilation errors,None,False,None,0
3199,Compilation error with std::is_same and operator ||,compilation errors,None,False,None,0
3200,Compilation error in C strings,compilation errors,None,False,None,0
3201,IntelliJ IDEA tells me &quot;Error:java: Compilation failed: internal java compiler error idea&quot;,compilation errors,None,False,None,0
3202,C++23 Dangling Reference Compilation Error,compilation errors,None,False,None,0
3203,Maven compilation error: how to view details,compilation errors,None,False,None,0
3204,Compilation error while wrapping method throwing exception,compilation errors,None,False,None,0
3205,liblastfm compilation error with g++,compilation errors,None,False,None,0
3206,Compilation error in OpenCV3 when Not using imshow(),compilation errors,None,False,None,0
3207,jBPM Simulation Compilation Errors after Clean Install,compilation errors,None,False,None,0
3208,Compilation error only in Visual Studio Code,compilation errors,None,False,None,0
3209,Why I have compilation error when I compile my project?,compilation errors,None,False,None,0
3210,compilation error while throwing exception?,compilation errors,None,False,None,0
3211,Boost compilation errors,compilation errors,None,False,None,0
3212,JSP compilation errors on oc4j 10.1.3.4.0,compilation errors,None,False,None,0
3213,Compilation error related to java generics and inheritance,compilation errors,None,False,None,0
3214,PL/SQL function unknown compilation error,compilation errors,None,False,None,0
3215,Berkelium compilation errors,compilation errors,None,False,None,0
3216,Compilation Error: &#39;void&#39; type not allowed here,compilation errors,None,False,None,0
3217,Why the compilation error for boolean and String,compilation errors,None,False,None,0
3218,Compilation errors while compiling V8 engine on Windows 10 with MSVC,compilation errors,None,False,None,0
3219,Compilation error: method call through an interface,compilation errors,None,False,None,0
3220,AFNetworking compilation errors,compilation errors,None,False,None,0
3221,Generics: compilation error with the wildcard type,compilation errors,None,False,None,0
3222,Compilation error in this code,compilation errors,None,False,None,0
3223,Error: unmappable character for encoding UTF8 during maven compilation,compilation errors,None,False,None,0
3224,How to see the compilation errors while coding MASM assembly in visual studio 2013?,compilation errors,None,False,None,0
3225,"CUDA 5.0, compilation error",compilation errors,None,False,None,0
3226,Solving Heartbleed issue on Tomcat with APR and OpenSSL. Compilation errors,compilation errors,None,False,None,0
3227,arm-none-eabi-g++ compiler throws compilation error pthread_exit was not declared in this scope,compilation errors,None,False,None,0
3228,How to get suggestions for compilation errors in Intellij,compilation errors,None,False,None,0
3229,Cudafy.NET Compilation error,compilation errors,None,False,None,0
3230,Ant - Generate .class files even if compiler errors,compilation errors,None,False,None,0
3231,unexplained Compilation error,compilation errors,None,False,None,0
3232,C/C++ preprocessor directive for handing compilation errors,compilation errors,None,False,None,0
3233,Morse code translator: compilation error,compilation errors,None,False,None,0
3234,IntelliJ source code editor shows false compilation errors,compilation errors,None,False,None,0
3235,Trigger with If loop shows compilation error,compilation errors,None,False,None,0
3236,Dbt datediff - dict object compilation errors,compilation errors,None,False,None,0
3237,Compilation Errors with @SpringBootTest test configuration,compilation errors,None,False,None,0
3238,.less compilation error when query string is supplied,compilation errors,None,False,None,0
3239,Parsing C/C++ compilation errors printed by GCC,compilation errors,None,False,None,0
3240,XCode compilation error for C++ code,compilation errors,None,False,None,0
3241,XCode 6 Beta 3 gives many compilation errors,compilation errors,None,False,None,0
3242,Explicit casting from super-class to sub-class,compilation errors,None,False,None,0
3243,Compilation error with plsql procedure,compilation errors,None,False,None,0
3244,How fix compilation error on spray example?,compilation errors,None,False,None,0
3245,Unknown compilation error in maven compile,compilation errors,None,False,None,0
3246,Compilation Error in Asp.Net,compilation errors,None,False,None,0
3247,Search C function definition using Compilation Error,compilation errors,None,False,None,0
3248,Haskell Boomerang Compilation Error,compilation errors,None,False,None,0
3249,Compilation error using eclipse,compilation errors,None,False,None,0
3250,Compilation error Using jitWatch,compilation errors,None,False,None,0
3251,100 Java compilation errors using Antlr4,compilation errors,None,False,None,0
3252,Rust &quot;use of borrowed....&quot; compilation error,compilation errors,None,False,None,0
3253,Change scope to provided generates compile errors,compilation errors,None,False,None,0
3254,Generics compilation error,compilation errors,None,False,None,0
3255,Strange Rust compilation error,compilation errors,None,False,None,0
3256,Compilation error when including boost/program_options.hpp,compilation errors,None,False,None,0
3257,PL/SQL function compilation errors in f_chkPrime code?,compilation errors,None,False,None,0
3258,Visual Studio Code starts spring boot application even if there are compilation errors,compilation errors,None,False,None,0
3259,Compilation error in nginx on mac,compilation errors,None,False,None,0
3260,Compilation error with boost serialization,compilation errors,None,False,None,0
3261,Trigger created with compilation errors for Oracle SQL,compilation errors,None,False,None,0
3262,How to show the ant task javac compilation errors on console using Eclipse AntRunner,compilation errors,None,False,None,0
3263,VC6: List compiler errors,compilation errors,None,False,None,0
3264,Unit testing for compiler errors,compilation errors,None,False,None,0
3265,Duplicate AssemblyVersion Attribute,compilation errors,None,False,None,0
3266,Create a EAR file compiling and getting compilation errors in eclipse,compilation errors,None,False,None,0
3267,Compilation error in asp.net page,compilation errors,None,False,None,0
3268,Iambda expression compilation error,compilation errors,None,False,None,0
3269,Working with public assets throws compilation error,compilation errors,None,False,None,0
3270,Getting Microsoft JScript compilation error,compilation errors,None,False,None,0
3271,Compilation Error in my Index View,compilation errors,None,False,None,0
3272,Magento compilation causes errors,compilation errors,None,False,None,0
3273,Typescript .d.ts Compilation Errors,compilation errors,None,False,None,0
3274,CocoaLumberJack 2.0.0 compilation errors with Swift 1.2,compilation errors,None,False,None,0
3275,SAssetView Slate Compile Errors,compilation errors,None,False,None,0
3276,Contract.Assert do not throw compilation error,compilation errors,None,False,None,0
3277,How to highlight source in Emacs compilation-mode when compilation error occurs,compilation errors,None,False,None,0
3278,qsort comparison compilation error,compilation errors,None,False,None,0
3279,Compilation Error in Play 2 Scala Templates,compilation errors,None,False,None,0
3280,Posix Semaphore compilation error using the -lrt,compilation errors,None,False,None,0
3281,Perl compiling errors,compilation errors,None,False,None,0
3282,Compilation Errors when code is modified in Eclipse indigo,compilation errors,None,False,None,0
3283,Type body created with compilation error,compilation errors,None,False,None,0
3284,Project Reference Compilation Error,compilation errors,None,False,None,0
3285,Assistance required with ASP.NET compilation error,compilation errors,None,False,None,0
3286,Java - compilation errors on a method call,compilation errors,None,False,None,0
3287,Improve INSERT-per-second performance of SQLite,memory issues,None,False,None,0
3288,How Can I add HTML And CSS Into PDF,memory issues,None,False,None,0
3289,Node.js heap out of memory,memory issues,None,False,None,0
3290,NSInvocation and memory issues,memory issues,None,False,None,0
3291,Django Memory Issues,memory issues,None,False,None,0
3292,Python memory usage of numpy arrays,memory issues,None,False,None,0
3293,Are There Memory Issues with Ext.js,memory issues,None,False,None,0
3294,CLLocation memory issues,memory issues,None,False,None,0
3295,catch only memory issues C++,memory issues,None,False,None,0
3296,Fixing memory issues in instruments,memory issues,None,False,None,0
3297,MKMapView Memory Issues,memory issues,None,False,None,0
3298,DBSCAN sklearn memory issues,memory issues,None,False,None,0
3299,QTableWidgetItem memory issues?,memory issues,None,False,None,0
3300,Out of memory issues,memory issues,None,False,None,0
3301,Memory issues with substring,memory issues,None,False,None,0
3302,"weblogic, jdk1.5 memory issues",memory issues,None,False,None,0
3303,Laravel File::mimeType memory issues,memory issues,None,False,None,0
3304,PHP s3 multipart upload Memory Issues,memory issues,None,False,None,0
3305,Memory issues regarding App,memory issues,None,False,None,0
3306,Getting memory issues in Blackberry,memory issues,None,False,None,0
3307,Memory issues in coredata,memory issues,None,False,None,0
3308,Android Error: Memory Issues?,memory issues,None,False,None,0
3309,Memory issues with imageswitcher,memory issues,None,False,None,0
3310,SGDClassifier Memory Issues,memory issues,None,False,None,0
3311,MKPolygonRenderer - tough memory issues,memory issues,None,False,None,0
3312,Tensorflow Memory Issues with GPU,memory issues,None,False,None,0
3313,Memory issues because of UIDatePicker,memory issues,None,False,None,0
3314,AFNetworking low memory issue,memory issues,None,False,None,0
3315,Memory issues using ASIHTTPRequest or Image Resizing,memory issues,None,False,None,0
3316,Quicksort Memory Issues,memory issues,None,False,None,0
3317,Memory Leak Issues,memory issues,None,False,None,0
3318,Memory issues [Node.js server],memory issues,None,False,None,0
3319,Doctrine ORM Memory issues,memory issues,None,False,None,0
3320,"Virtual Memory Usage from Java under Linux, too much memory used",memory issues,None,False,None,0
3321,Memory issues with N large matrices,memory issues,None,False,None,0
3322,Memory issues with HTTParty and download large files,memory issues,None,False,None,0
3323,Memory issues with Fat XIB,memory issues,None,False,None,0
3324,Memory Issues with UIImageViews,memory issues,None,False,None,0
3325,writing large netcdf files without memory issues,memory issues,None,False,None,0
3326,IntelliJ memory issues,memory issues,None,False,None,0
3327,Core Audio memory issues,memory issues,None,False,None,0
3328,Android studio takes too much memory,memory issues,None,False,None,0
3329,Recommenderlab running into memory issues,memory issues,None,False,None,0
3330,Memory issues when vectorizing Oja&#39;s rule in a loop,memory issues,None,False,None,0
3331,PHP memory issue ,memory issues,None,False,None,0
3332,Convert recursion to iteration,memory issues,None,False,None,0
3333,CUDA memory issues in PyTorch,memory issues,None,False,None,0
3334,ServerError due to Memory issues?,memory issues,None,False,None,0
3335,ADInterstitialAd causing memory issues,memory issues,None,False,None,0
3336,Saxon.net Memory issue,memory issues,None,False,None,0
3337,Question on Memory Issues in Android,memory issues,None,False,None,0
3338,PowerShell sqlite3 memory issues,memory issues,None,False,None,0
3339,Python: Memory issues: Criteria based combination,memory issues,None,False,None,0
3340,RNCryptor memory issues with large files,memory issues,None,False,None,0
3341,Geoserver memory issues,memory issues,None,False,None,0
3342,Can&#39;t track memory issues from valgrind,memory issues,None,False,None,0
3343,apache + django 1.3 memory issues,memory issues,None,False,None,0
3344,Cartesian product in R memory issues,memory issues,None,False,None,0
3345,ObjectiveC - std::string memory issues,memory issues,None,False,None,0
3346,Spark Memory Issues with sparklyr,memory issues,None,False,None,0
3347,Memory Issues Using Keras Convolutional Network,memory issues,None,False,None,0
3348,Memory issues on Android Device: how to approach them?,memory issues,None,False,None,0
3349,SKScene and memory issue,memory issues,None,False,None,0
3350,Memory Issues : Shell Scripting,memory issues,None,False,None,0
3351,split-lapply- combine a large dataframe to avoid memory issues?,memory issues,None,False,None,0
3352,"Kernel dying due to memory issues, why?",memory issues,None,False,None,0
3353,Out of memory issue after updating buildToolsVersion &#39;23.0.1&#39; in Android studio,memory issues,None,False,None,0
3354,Memory issues on rescaling bitmap,memory issues,None,False,None,0
3355,Exceeding memory issues on server using PHP,memory issues,None,False,None,0
3356,Pandas Dataframe memory issues,memory issues,None,False,None,0
3357,Listview Flicker and Out Of Memory issues,memory issues,None,False,None,0
3358,Getting memory issues in iPhonemixereqgraphtest app,memory issues,None,False,None,0
3359,Drawing a series of UIImages and memory issues,memory issues,None,False,None,0
3360,PHP preg_replace() - Memory Issues. Alternative?,memory issues,None,False,None,0
3361,PHP curl multi memory issues,memory issues,None,False,None,0
3362,Memory issues with a list of lists,memory issues,None,False,None,0
3363,"Android pictures, filters and memory issues",memory issues,None,False,None,0
3364,How to avoid out of the memory issues of Fragments in Android?,memory issues,None,False,None,0
3365,PHP loading large csv file - memory issues,memory issues,None,False,None,0
3366,Can setting the layer of an object cause memory issues?,memory issues,None,False,None,0
3367,Xcode/Swift - Cannot resolve memory issues with Instruments,memory issues,None,False,None,0
3368,Missing time values in R - memory issues,memory issues,None,False,None,0
3369,Memory Issues For Mac App,memory issues,None,False,None,0
3370,C# Memory Issues,memory issues,None,False,None,0
3371,Strange iPad Memory Issues,memory issues,None,False,None,0
3372,iphone device memory issue,memory issues,None,False,None,0
3373,Strongly referenced variable may cause memory issues,memory issues,None,False,None,0
3374,MPI internal buffer memory issue,memory issues,None,False,None,0
3375,Memory issues on knex.js when using streams,memory issues,None,False,None,0
3376,Using ServletOutputStream to write very large files in a Java servlet without memory issues,memory issues,None,False,None,0
3377,Memory issues in Hive with Parquet files,memory issues,None,False,None,0
3378,RecyclerView memory issue,memory issues,None,False,None,0
3379,Avoid loops and memory issues in PySpark,memory issues,None,False,None,0
3380,How to deal with &quot;java.lang.OutOfMemoryError: Java heap space&quot; error?,memory issues,None,False,None,0
3381,php mysql insert memory issues,memory issues,None,False,None,0
3382,Memory issue with Ember,memory issues,None,False,None,0
3383,Laravel loop running into memory issues,memory issues,None,False,None,0
3384,Memory issues with VGG16 on Tensorflow,memory issues,None,False,None,0
3385,Prolog memory issues,memory issues,None,False,None,0
3386,Grails Memory issue,memory issues,None,False,None,0
3387,WPF TabControl Memory issues,memory issues,None,False,None,0
3388,iphone memory issue,memory issues,None,False,None,0
3389,Azure MySql server out of memory issues,memory issues,None,False,None,0
3390,"Dapper, list of parameters, possible memory issues",memory issues,None,False,None,0
3391,Memory issues with Android app images,memory issues,None,False,None,0
3392,Python - memory issue,memory issues,None,False,None,0
3393,EC2 - LAMP Memory Issue,memory issues,None,False,None,0
3394,How to debug heavy memory issues on a simple app,memory issues,None,False,None,0
3395,jquery infinite scroll plugin - loading and memory issues,memory issues,None,False,None,0
3396,Micronaut application memory issues,memory issues,None,False,None,0
3397,memory issues updating attributes with woocommerce rest api,memory issues,None,False,None,0
3398,gson.toJson() gives memory issues with Realm,memory issues,None,False,None,0
3399,Cocoa - Memory Issues - NSTableView,memory issues,None,False,None,0
3400,where to put bitmap.recycle() to reduce out of memory issues,memory issues,None,False,None,0
3401,preg_replace_callback() memory issue,memory issues,None,False,None,0
3402,Deal with potential memory issue in iPhone,memory issues,None,False,None,0
3403,Drools 5.1 memory issues,memory issues,None,False,None,0
3404,I detected memory issues with valgrid in the constructors. How do I solve this?,memory issues,None,False,None,0
3405,Out of memory issue Bitmap,memory issues,None,False,None,0
3406,Json split python larger file memory issues,memory issues,None,False,None,0
3407,String Immutability memory Issue,memory issues,None,False,None,0
3408,Memory issues in-memory dataframe. Best approach to write output?,memory issues,None,False,None,0
3409,How do you debug php &quot;Out of Memory&quot; issues?,memory issues,None,False,None,0
3410,memory issue with runtime.getruntime.exec,memory issues,None,False,None,0
3411,MPMoviePlayer Memory issue,memory issues,None,False,None,0
3412,Rotativa and wkhtmltopdf memory issues,memory issues,None,False,None,0
3413,Memory issues Converting large CSV file to excel using Python,memory issues,None,False,None,0
3414,Optimise database query to avoid memory issues,memory issues,None,False,None,0
3415,Openlayers add feature in Internet explorer memory issue,memory issues,None,False,None,0
3416,Go: memory issues,memory issues,None,False,None,0
3417,how to remove &#39;memory&#39; issues in arc project?,memory issues,None,False,None,0
3418,Loading huge animated 3D model in SceneKit causes memory issues,memory issues,None,False,None,0
3419,Neo4J LOAD CSV Memory issue,memory issues,None,False,None,0
3420,Memory Issues and weird output on GCM-Decryption,memory issues,None,False,None,0
3421,Optuna - Memory Issues,memory issues,None,False,None,0
3422,HTTPClient Memory Issue,memory issues,None,False,None,0
3423,Does Ruby 2.2 Have Memory Issues on Heroku?,memory issues,None,False,None,0
3424,How to resolve memory issue in Eclipse Juno 23.0?,memory issues,None,False,None,0
3425,Saving and loading UIImage data causes huge memory issues,memory issues,None,False,None,0
3426,Android app out of memory issues - tried everything and still at a loss,memory issues,None,False,None,0
3427,"Matlab, memory issues",memory issues,None,False,None,0
3428,Ruby memory issues with Kernel.open,memory issues,None,False,None,0
3429,NSXMLParserDelegate memory issues,memory issues,None,False,None,0
3430,Memory issues on iOS,memory issues,None,False,None,0
3431,How to solve memory issues in Windows Phone App,memory issues,None,False,None,0
3432,Does POI XSSF still have crazy bad memory issues?,memory issues,None,False,None,0
3433,Memory Issues with MS SQL Server Backup Jobs,memory issues,None,False,None,0
3434,Swift: Initializer memory issue,memory issues,None,False,None,0
3435,memory issue in the method,memory issues,None,False,None,0
3436,UIAutomation Memory Issue,memory issues,None,False,None,0
3437,Memory problems with pandas (understanding memory issues),memory issues,None,False,None,0
3438,Memory issue with areg,memory issues,None,False,None,0
3439,dask dataframe memory issue on large file,memory issues,None,False,None,0
3440,Having trouble with iPad Mini memory issues,memory issues,None,False,None,0
3441,Apache memory issues,memory issues,None,False,None,0
3442,Memory issues with String.split(),memory issues,None,False,None,0
3443,Memory Issues with Worksheets,memory issues,None,False,None,0
3444,PHP pthreads memory issue,memory issues,None,False,None,0
3445,Laravel 5.7 Eloquent memory issues,memory issues,None,False,None,0
3446,Image Question for iPad - Memory issues,memory issues,None,False,None,0
3447,Memory issues with Next.js,memory issues,None,False,None,0
3448,PHP Simple HTML Dom Memory Issue,memory issues,None,False,None,0
3449,R memory issues while webscraping with rvest,memory issues,None,False,None,0
3450,UIAlertView memory issues,memory issues,None,False,None,0
3451,Exporting large quantities of data and memory issues,memory issues,None,False,None,0
3452,Logstash memory heap issues,memory issues,None,False,None,0
3453,Memory issue from UITable,memory issues,None,False,None,0
3454,memory issues with big numpy/scipy arrays,memory issues,None,False,None,0
3455,Spark Driver Heap Memory Issues,memory issues,None,False,None,0
3456,Memory-issue with instance of &quot;ReteooStatefulSession&quot;,memory issues,None,False,None,0
3457,Webfont size and memory issues,memory issues,None,False,None,0
3458,Memory issues without hitting Heap Limit?,memory issues,None,False,None,0
3459,Memory issues in releasing a UIViewController with UITextField,memory issues,None,False,None,0
3460,Memory issues - fragments,memory issues,None,False,None,0
3461,UIImageView in Storyboard memory issues - Custom Segues pushViewController,memory issues,None,False,None,0
3462,Analysing Memory Issues,memory issues,None,False,None,0
3463,Memory Issues in Iphone,memory issues,None,False,None,0
3464,bsimagepicker Terminated due to memory issue,memory issues,None,False,None,0
3465,OpenGL Textures Causes Memory Issues,memory issues,None,False,None,0
3466,Test for memory issues with website on a device?,memory issues,None,False,None,0
3467,R stats - memory issues when allocating a big matrix / Linux,memory issues,None,False,None,0
3468,MultiPart with memory issue,memory issues,None,False,None,0
3469,iOS memory issue with init in viewDidLoad and release in viewDidUnload,memory issues,None,False,None,0
3470,UITableView memory issues,memory issues,None,False,None,0
3471,DIMSUM leading to memory issues,memory issues,None,False,None,0
3472,Memory issue with spark structured streaming,memory issues,None,False,None,0
3473,What are the best ways to avoid Out of memory issues in iOS?,memory issues,None,False,None,0
3474,Memory issue in my android,memory issues,None,False,None,0
3475,iOS Memory issues,memory issues,None,False,None,0
3476,Node.js Memory Issues,memory issues,None,False,None,0
3477,ColdFusion Spreadsheet Memory issue,memory issues,None,False,None,0
3478,VB.Net Memory Issues and Constant New Arrays,memory issues,None,False,None,0
3479,Memory issue in iPhone?,memory issues,None,False,None,0
3480,C memory issues on file import,memory issues,None,False,None,0
3481,Xamarin : Out of memory issue,memory issues,None,False,None,0
3482,PHP fwrite() performance and memory issues,memory issues,None,False,None,0
3483,SQLite + memory management issues,memory issues,None,False,None,0
3484,Fody PropertyChanged Weaver Causes Memory Issues,memory issues,None,False,None,0
3485,SpriteKit memory issues,memory issues,None,False,None,0
3486,WinJS Low Memory issue with ZXing,memory issues,None,False,None,0
3487,dispatch_async Memory Issues,memory issues,None,False,None,0
3488,C++ code crashes instantly due to memory issues,memory issues,None,False,None,0
3489,JSF memory issues,memory issues,None,False,None,0
3490,Angular CDK Virtual Scroll causing memory issues,memory issues,None,False,None,0
3491,and again about memory issues with SoundPool,memory issues,None,False,None,0
3492,Apache Camel Aggregation - out of memory issue,memory issues,None,False,None,0
3493,Memory Issues in C++,memory issues,None,False,None,0
3494,memory issues for sparse one hot encoded features,memory issues,None,False,None,0
3495,"How to find deadlock, timeout and memory issues using JMeter?",memory issues,None,False,None,0
3496,huggingface longformer memory issues,memory issues,None,False,None,0
3497,Javafx TextField memory issues,memory issues,None,False,None,0
3498,UIBezierPath memory issues,memory issues,None,False,None,0
3499,WPF WF4.5 Rehosted Designer Memory Issues,memory issues,None,False,None,0
3500,What are the causes of different memory issues in spark?,memory issues,None,False,None,0
3501,Pascal memory issues,memory issues,None,False,None,0
3502,Writing Csv using Pandas causing memory issue,memory issues,None,False,None,0
3503,imageWithContentsOfFile memory issue,memory issues,None,False,None,0
3504,locust Memory Issue,memory issues,None,False,None,0
3505,Debugging memory issues ARM7,memory issues,None,False,None,0
3506,Memory issue with mongo in node,memory issues,None,False,None,0
3507,UIImageView - Memory Issue,memory issues,None,False,None,0
3508,Memory issue while encrypting files,memory issues,None,False,None,0
3509,Holding pixel data in NSMutableArray/NSArray; memory issues,memory issues,None,False,None,0
3510,Play Framework becoming unresponsive? (Possibly memory issues),memory issues,None,False,None,0
3511,Memory issues in R when running models in caret,memory issues,None,False,None,0
3512,Memory issue with huge CSV Export in Rails,memory issues,None,False,None,0
3513,how to solve heroku/grails memory issue?,memory issues,None,False,None,0
3514,Calculating Perplexity and Memory Issues in Keras/Tensorflow,memory issues,None,False,None,0
3515,Memory issues Scanning Large Amounts of Files with SonarQube,memory issues,None,False,None,0
3516,XSSFWorkbook memory issue,memory issues,None,False,None,0
3517,PDFKit memory issues ios12,memory issues,None,False,None,0
3518,dompdf memory issues,memory issues,None,False,None,0
3519,Gurobi out-of-memory issue,memory issues,None,False,None,0
3520,Memory issues when parsing JSON data to JArray,memory issues,None,False,None,0
3521,iOS10 memory issue,memory issues,None,False,None,0
3522,Memory Issues Android App,memory issues,None,False,None,0
3523,JDBC/Hibernate Fetch Size and memory issues,memory issues,None,False,None,0
3524,Do classes which have a vector has a member have memory issues,memory issues,None,False,None,0
3525,Memory issues calling setTimeout() to the function I am calling it from?,memory issues,None,False,None,0
3526,Preventing Memory issues when handling large amounts of text,memory issues,None,False,None,0
3527,Uploading video using AFNetworking causes memory issue,memory issues,None,False,None,0
3528,C# System.Buffer.BlockCopy Memory Issue?,memory issues,None,False,None,0
3529,How to reorganize iOS project to avoid memory issues,memory issues,None,False,None,0
3530,HTML5 Canvas Resize - possible to control or predict memory issues?,memory issues,None,False,None,0
3531,Memory issues in kafka,memory issues,None,False,None,0
3532,Memory issue on Android 4.0,memory issues,None,False,None,0
3533,Memory issues when using pandas for a huge dataset,memory issues,None,False,None,0
3534,Javascript canvas memory issue in Firefox,memory issues,None,False,None,0
3535,Weird memory issue with ostringstream / ostream using valgrind,memory issues,None,False,None,0
3536,C# console logging: will it have memory issues?,memory issues,None,False,None,0
3537,jena model.read time and memory issue,memory issues,None,False,None,0
3538,iOS 7 memory issues,memory issues,None,False,None,0
3539,Linked List memory issue,memory issues,None,False,None,0
3540,UIWebView memory issues,memory issues,None,False,None,0
3541,My code keeps getting killed for memory issues,memory issues,None,False,None,0
3542,Memory Issues with Gitlab 10 CE on Ubuntu 16.04,memory issues,None,False,None,0
3543,Out of memory issue with JasperFillManager.fillReportToFile,memory issues,None,False,None,0
3544,Volley Out Of Memory issue V1.1.0,memory issues,None,False,None,0
3545,Memory issues in Cpp,memory issues,None,False,None,0
3546,Memory issues sorting larger than memory file with polars,memory issues,None,False,None,0
3547,Memory Issues With ARC,memory issues,None,False,None,0
3548,Memory Issues with View-Based NSTableView over Cell-Based,memory issues,None,False,None,0
3549,Memory issue with AVAudioPlayer,memory issues,None,False,None,0
3550,NSString memory issue while creating JSONString,memory issues,None,False,None,0
3551,WP7 - Performance and Memory issue,memory issues,None,False,None,0
3552,QNetworkAccessManager memory issues,memory issues,None,False,None,0
3553,Could memory issues in Java cause a BufferedReader to return null prematurely?,memory issues,None,False,None,0
3554,Android Fragment Memory issue,memory issues,None,False,None,0
3555,ASP.NET MVC Memory Issue in Production,memory issues,None,False,None,0
3556,Bitmap memory issues?,memory issues,None,False,None,0
3557,wkhtmltopdf in heroku: memory issues,memory issues,None,False,None,0
3558,Memory Issue in iPad Application,memory issues,None,False,None,0
3559,Memory issues with libdispatch,memory issues,None,False,None,0
3560,Flutter- Camera memory issue,memory issues,None,False,None,0
3561,Memory issue in using UIImagePNGRepresentation,memory issues,None,False,None,0
3562,R memory issue &quot; Cannot allocate memory&quot;,memory issues,None,False,None,0
3563,Android Realm - RealmBaseAdapter memory issue,memory issues,None,False,None,0
3564,Managing large datasets in Python without running into memory issues,memory issues,None,False,None,0
3565,Virtual memory issues with MonoTouch,memory issues,None,False,None,0
3566,Out Of Memory issues with lot of org/glassfish/grizzly/memory/HeapMemoryManager$TrimmableHeapBuffer ,memory issues,None,False,None,0
3567,Memory issues with QTextEdit,memory issues,None,False,None,0
3568,Xamarin Webview memory issue?,memory issues,None,False,None,0
3569,ARC + NSLocalizedString + NSMenuItem#title == Memory Issue,memory issues,None,False,None,0
3570,"PDO, memory issues, entities and collections",memory issues,None,False,None,0
3571,Memory issues migrating large CoreData datastores on iPhone,memory issues,None,False,None,0
3572,Python memory issue,memory issues,None,False,None,0
3573,Java Memory Issues while generating 3 different images in Jasper Report as Svg,memory issues,None,False,None,0
3574,Sklearn K-Fold Cross Validation Memory Issues,memory issues,None,False,None,0
3575,scipy.optimize.minimize(method=‘SLSQP’) memory issues when outside the bounds,memory issues,None,False,None,0
3576,Symfony memory issues,memory issues,None,False,None,0
3577,Java Animation memory issues,memory issues,None,False,None,0
3578,How to resolve segmented code cache related memory issues in Java 9?,memory issues,None,False,None,0
3579,Debugging seeming memory issues in Python,memory issues,None,False,None,0
3580,Heroku memory issues using puma,memory issues,None,False,None,0
3581,C++ - unordered_map memory issues with struct,memory issues,None,False,None,0
3582,Generating video thumbnails of all videos from gallery gives memory issues,memory issues,None,False,None,0
3583,Flash Memory Issue in Arduino Yun,memory issues,None,False,None,0
3584,Upgrade to PHP7.2 causes memory issues,memory issues,None,False,None,0
3585,SDL Textures and CPU\Memory issues,memory issues,None,False,None,0
3586,How to fix memory issues given by Instrument tools in Swift?,memory issues,None,False,None,0
3587,Memory issue with Variables,memory issues,None,False,None,0
3588,How do you attach a new pull request to an existing issue on github?,memory issues,None,False,None,0
3589,Memory issues in C code or Arduino limitations?,memory issues,None,False,None,0
3590,Memory issues with CGlayer,memory issues,None,False,None,0
3591,Memory issue while using PdfReader,memory issues,None,False,None,0
3592,Torch running out of memory issues,memory issues,None,False,None,0
3593,Memory Issues When Cloning Sections of an UIImage iOS,memory issues,None,False,None,0
3594,C# - CPU and memory issues when using smaller timer interval,memory issues,None,False,None,0
3595,Avoiding Memory Issues For GroupBy on Large Pandas DataFrame,memory issues,None,False,None,0
3596,Is it possible that the comments from a NodeJS script create memory issues?,memory issues,None,False,None,0
3597,Memory Issue while reading video frames iPhone,memory issues,None,False,None,0
3598,HTML5 FileReader API Memory Issues,memory issues,None,False,None,0
3599,Memory Issues on iphone,memory issues,None,False,None,0
3600,Memory Issue in SSIS Package for CDC,memory issues,None,False,None,0
3601,Memory Issue with KMM on iOS,memory issues,None,False,None,0
3602,Common Lisp Memory Issues,memory issues,None,False,None,0
3603,ColdFusion: CFEXECUTE/FFMPEG Memory Issue?,memory issues,None,False,None,0
3604,Memory issue in Windows Phone Page Transition,memory issues,None,False,None,0
3605,Picasso Android memory issues,memory issues,None,False,None,0
3606,Heavy load on thread causing memory issues,memory issues,None,False,None,0
3607,JBoss giving memory issues,memory issues,None,False,None,0
3608,Swift 3 - UIImageWriteToSavedPhotosAlbum memory issue,memory issues,None,False,None,0
3609,Regex on large text data (memory issues),memory issues,None,False,None,0
3610,How to properly debug Electron memory issues?,memory issues,None,False,None,0
3611,Excel virtual memory issues,memory issues,None,False,None,0
3612,Memory issues on certain devices,memory issues,None,False,None,0
3613,Django initial_data.json memory issues,memory issues,None,False,None,0
3614,Objective C basic memory issue,memory issues,None,False,None,0
3615,iOS image [Kingfisher || AlamofireImage] &quot;Terminated due to memory issue&quot;,memory issues,None,False,None,0
3616,App terminated due to memory issue,memory issues,None,False,None,0
3617,Google Firestore - Memory issue with .whereField(),memory issues,None,False,None,0
3618,Scala: Memory issues,memory issues,None,False,None,0
3619,How to solve memory issues while multiprocessing using Pool.map()?,memory issues,None,False,None,0
3620,Can single page application javascript not unloading lead to memory issues,memory issues,None,False,None,0
3621,How to overcome memory issue when plotting raster in Python,memory issues,None,False,None,0
3622,Identifying and Resolving Memory Issues with Dompdf in Symfony Application,memory issues,None,False,None,0
3623,memory issue in NSConnection sendSynchronousRequest,memory issues,None,False,None,0
3624,XslCompiledTransform.Transform 64 bit Memory issues,memory issues,None,False,None,0
3625,WPF TabControl Memory Issues,memory issues,None,False,None,0
3626,Memory issues with cartopy.vector_transform.vector_scalar_to_grid,memory issues,None,False,None,0
3627,MvxImageView DefaultImagePath Memory Issue,memory issues,None,False,None,0
3628,Silverlight file upload memory issue,memory issues,None,False,None,0
3629,Ruby Oj parser memory issues,memory issues,None,False,None,0
3630,Memory issues with Polars streaming when computing outer products on large dataset&quot;,memory issues,None,False,None,0
3631,"delete [] char *, memory issues",memory issues,None,False,None,0
3632,Memory-Leaks / Memory handling Issues in Solr,memory issues,None,False,None,0
3633,FLVPlayback component memory issues,memory issues,None,False,None,0
3634,Nuxt 3 to 4 migration : will it fix memory issues?,memory issues,None,False,None,0
3635,Replace Memory Issue VB.net,memory issues,None,False,None,0
3636,Tensorflow map_fn Out of Memory Issues,memory issues,None,False,None,0
3637,Hazelcast Out of memory issue,memory issues,None,False,None,0
3638,XlsxReaderWriter Terminated due to memory issue,memory issues,None,False,None,0
3639,Large excel(poi) report- HEAP memory issue,memory issues,None,False,None,0
3640,Memory issues with winforms ImageList,memory issues,None,False,None,0
3641,Memory issue when using CGImage.ScreenImage in a loop using Mono Touch,memory issues,None,False,None,0
3642,Memory Issue Preventing Input into Struct?,memory issues,None,False,None,0
3643,VB.Net Memory Issue,memory issues,None,False,None,0
3644,Swift/iOS: generified UIScrollView subclass causes memory issues,memory issues,None,False,None,0
3645,Memory Issue in WP8 emulator?,memory issues,None,False,None,0
3646,Minidom on Python: memory issue,memory issues,None,False,None,0
3647,GCD &amp; c++ memory issues,memory issues,None,False,None,0
3648,Delphi 7 memory issue,memory issues,None,False,None,0
3649,Memory issues - Living vs. overall -&gt; app is killed,memory issues,None,False,None,0
3650,Drawrect causing memory issues,memory issues,None,False,None,0
3651,Memory issue while replacing text Swift,memory issues,None,False,None,0
3652,WMI/ASP Memory Issues,memory issues,None,False,None,0
3653,Green Plum Out of memory issue is coming,memory issues,None,False,None,0
3654,Solving Memory Issues: What is a FiberNode in Chrome Dev Tools?,memory issues,None,False,None,0
3655,Memory issues on RDS PostgreSQL instance / Rails 4,memory issues,None,False,None,0
3656,Mapbox Adding Layer - Memory issue,memory issues,None,False,None,0
3657,Spark Installation Memory issues,memory issues,None,False,None,0
3658,PHP7 under OS X Server creates Cache/Memory issues,memory issues,None,False,None,0
3659,Using dateFromString api of date formatter in a for loop giving huge memory issues,memory issues,None,False,None,0
3660,NSMutableURLRequest and memory issue,memory issues,None,False,None,0
3661,Memory issues with CreateProcess,memory issues,None,False,None,0
3662,Memory issues with cocoa touch,memory issues,None,False,None,0
3663,How to import a large .csv file into sqlite - memory issues with sqlite Manager,memory issues,None,False,None,0
3664,Memory issues with new version of Mongodb,memory issues,None,False,None,0
3665,Memory Issues: simulated memory warning/didReceiveMemoryWarning,memory issues,None,False,None,0
3666,MySql FetchMany Memory Issues,memory issues,None,False,None,0
3667,Laravel Memory Issue?,memory issues,None,False,None,0
3668,jQuery animation memory issues,memory issues,None,False,None,0
3669,Memory issue or something else?,memory issues,None,False,None,0
3670,How to fix out of memory issue in tomcat8,memory issues,None,False,None,0
3671,Pymongo Cursor Memory Issue,memory issues,None,False,None,0
3672,Memory Issues In Grid Search cv for Image Classification Problem,memory issues,None,False,None,0
3673,"iOS, Core Data: Memory Issues",memory issues,None,False,None,0
3674,AlamoFire image memory issue,memory issues,None,False,None,0
3675,I&#39;m having memory issues reading and closing multiple JPG images,memory issues,None,False,None,0
3676,st_intersection and st_intersects are having memory issues,memory issues,None,False,None,0
3677,SQL Server Express 2008 R2 Memory Issues,memory issues,None,False,None,0
3678,Numpy array memory issue,memory issues,None,False,None,0
3679,Sharepoint custom webpart memory issue,memory issues,None,False,None,0
3680,fixing Memory Issue in Swift,memory issues,None,False,None,0
3681,freeing memory issue,memory issues,None,False,None,0
3682,PFImageView causing memory issues (iOS SDK 8.2 + Parse),memory issues,None,False,None,0
3683,Hibernate: memory issues? disadvantages?,memory issues,None,False,None,0
3684,C# Picturebox stretch memory issues,memory issues,None,False,None,0
3685,&#39;Terminated due to memory issue&#39; when using AVPlayerLooper,memory issues,None,False,None,0
3686,Memory Issue with ARC,memory issues,None,False,None,0
3687,app closes due to memory issue,memory issues,None,False,None,0
3688,NSXMLParser and memory management issues,memory issues,None,False,None,0
3689,Does Ruby 2.3.1 fix the memory issues that 2.2 exhibited on Heroku Rails apps?,memory issues,None,False,None,0
3690,Memory issue while loading data,memory issues,None,False,None,0
3691,Memory Issues in R CRAN Package,memory issues,None,False,None,0
3692,Memory issues when running Keras inside Docker on a Mac,memory issues,None,False,None,0
3693,2D Object Array Memory Issues C++,memory issues,None,False,None,0
3694,Memory Issues with SKSprite Scenes,memory issues,None,False,None,0
3695,Memory issue while Animating many images,memory issues,None,False,None,0
3696,JAVA POI out of memory issue,memory issues,None,False,None,0
3697,"Deinit never gets called, Memory issue",memory issues,None,False,None,0
3698,multiprocessing and memory issues,memory issues,None,False,None,0
3699,InnoDB cluster memory issue with LOAD DATA,memory issues,None,False,None,0
3700,How to resolve out of memory issue,memory issues,None,False,None,0
3701,Bitmap Out Of Memory Issues,memory issues,None,False,None,0
3702,Custom UITableViewCell abandoned memory issue on Select,memory issues,None,False,None,0
3703,AVAssetReaderOutput memory issue,memory issues,None,False,None,0
3704,Cordova/PhoneGapp App Memory Issues,memory issues,None,False,None,0
3705,Memory issue on android,memory issues,None,False,None,0
3706,Referencing same hdfs table in my 50 union all statements in impala which is resulting in memory iss,memory issues,None,False,None,0
3707,Memory Issues with PHP (5),memory issues,None,False,None,0
3708,Sqlite in iOS memory issues,memory issues,None,False,None,0
3709,Memory issue downloding a large file,memory issues,None,False,None,0
3710,Ubuntu memory issues with rstudio,memory issues,None,False,None,0
3711,express file upload memory issue,memory issues,None,False,None,0
3712,PHP: memory issues while looping thousand of items,memory issues,None,False,None,0
3713,Selenium RemoteWebDriver memory issues,memory issues,None,False,None,0
3714,Binding.scala - SBT Out Of Memory issues,memory issues,None,False,None,0
3715,Java Memory issue : Java.lang.ref.finalizer object,memory issues,None,False,None,0
3716,C++: How to overcome memory issues using large int/double?,memory issues,None,False,None,0
3717,SpringWebflux Log4j2 Memory Issue,memory issues,None,False,None,0
3718,PostgreSQL function and memory issues,memory issues,None,False,None,0
3719,Weird memory issue on Samsung Galaxy Note,memory issues,None,False,None,0
3720,What&#39;s the best practice to keep all the constants in Flutter?,memory issues,None,False,None,0
3721,Javascript Array Iterations - Memory Issues,memory issues,None,False,None,0
3722,Lumia Imaging SDK v3 memory issues,memory issues,None,False,None,0
3723,Scope &amp; memory issues in Scala,memory issues,None,False,None,0
3724,VBA - Out of Memory Issues,memory issues,None,False,None,0
3725,GC and memory limit issues with R,memory issues,None,False,None,0
3726,Memory issues when using G1GC,memory issues,None,False,None,0
3727,Talend- Memory issues. Working with big files,memory issues,None,False,None,0
3728,WPF GridView Telerik - Application memory issue,memory issues,None,False,None,0
3729,"cdef an array in cython that changes size in a loop, are there memory issues?",memory issues,None,False,None,0
3730,"Qt, paint image, will this cause memory issue?",memory issues,None,False,None,0
3731,Memory issues with InputStream in Java,memory issues,None,False,None,0
3732,Arrays vs Lists for memory issues,memory issues,None,False,None,0
3733,JSPDF Memory Issue,memory issues,None,False,None,0
3734,Java 8 with Jetty on linux memory issue,memory issues,None,False,None,0
3735,App crashes strangely regarding MKMapView memory issues,memory issues,None,False,None,0
3736,How do I resolve memory issues inside a loop,memory issues,None,False,None,0
3737,use a function on several columns of dataframes stored in a list (memory issues),memory issues,None,False,None,0
3738,ListboxItems containing image - memory issues,memory issues,None,False,None,0
3739,Memory issue with Swift and CGPath,memory issues,None,False,None,0
3740,Pandas memory issues after fetching data from a SQL db,memory issues,None,False,None,0
3741,Android Picasso - how do I know memory issue is fixed?,memory issues,None,False,None,0
3742,LazyColumn with nested LazyRows - memory issue,memory issues,None,False,None,0
3743,Objective-c instance variable memory issues with ARC on,memory issues,None,False,None,0
3744,Memory issue with Android OpenCV application,memory issues,None,False,None,0
3745,Ios popToRootViewControllerAnimated causing Memory Issues,memory issues,None,False,None,0
3746,Memory Issue while following LM tutorial,memory issues,None,False,None,0
3747,Image Preloading and Memory issue,memory issues,None,False,None,0
3748,Running into vImage_Buffer related peak memory issues. When does vImage_Buffer.free() actually free ,memory issues,None,False,None,0
3749,Frequent out of memory issues,memory issues,None,False,None,0
3750,Dangling memory/ unallocated memory issue,memory issues,None,False,None,0
3751,Memory Issue with GetThumbnailsAsync,memory issues,None,False,None,0
3752,Out Of Memory issue in J2ME,memory issues,None,False,None,0
3753,iOS possible memory issues with singletons in prefix header,memory issues,None,False,None,0
3754,ValueAnimator memory issue,memory issues,None,False,None,0
3755,NSPredicate Memory Issues,memory issues,None,False,None,0
3756,Loading SpriteKit scene on background thread causes app to crash because of memory issues,memory issues,None,False,None,0
3757,aws lambda: Error: Runtime exited with error: signal: killed,memory issues,None,False,None,0
3758,Issues with the memory allocated,memory issues,None,False,None,0
3759,"Memory issue with threads (tinythread, C++)",memory issues,None,False,None,0
3760,Troubleshooting SQL Server Memory Issues,memory issues,None,False,None,0
3761,Mobile Safari/WebKit memory issues,memory issues,None,False,None,0
3762,Issues on Android memory management system,memory issues,None,False,None,0
3763,Calling Measure() outside of MeasureOverride() - memory issues,memory issues,None,False,None,0
3764,Memory issues in fragments showing images,memory issues,None,False,None,0
3765,Memory issue while checking image size,memory issues,None,False,None,0
3766,"GRAILS 2, memory issues",memory issues,None,False,None,0
3767,Memory Issues Using xlslib,memory issues,None,False,None,0
3768,Image animation - memory issues,memory issues,None,False,None,0
3769,UIImageJPEGRepresentation memory issue,memory issues,None,False,None,0
3770,Memory issue with UIGETDIR,memory issues,None,False,None,0
3771,GPUImageFilter vs CIFilter (memory issue with GPUImage),memory issues,None,False,None,0
3772,How can I resolve this doctrine memory issue,memory issues,None,False,None,0
3773,Spark Graphframes large dataset and memory Issues,memory issues,None,False,None,0
3774,ESP8266 NodeMCU - Meaning of E:M codes for memory issues,memory issues,None,False,None,0
3775,pandas memory issue when apply list to groupby,memory issues,None,False,None,0
3776,Python memory issues with matplotlib.animation,memory issues,None,False,None,0
3777,Postgres/JDBC/Logical replication - out of memory issues,memory issues,None,False,None,0
3778,PHPExcel memory issue,memory issues,None,False,None,0
3779,Symfony 1.3 with Propel 1.5: Memory issues,memory issues,None,False,None,0
3780,Strange Java memory issue,memory issues,None,False,None,0
3781,Appengine/ComputeEngine Memory Issue?,memory issues,None,False,None,0
3782,Large numpy matrix memory issues,memory issues,None,False,None,0
3783,How to fix memory issue with image processing?,memory issues,None,False,None,0
3784,Memory issue with std::vector in c++,memory issues,None,False,None,0
3785,How To Fix Memory Issue in GPUImage library in SWIFT,memory issues,None,False,None,0
3786,memory issue of copying C++ vectors,memory issues,None,False,None,0
3787,Difference between StringBuilder and StringBuffer,performance issues,None,False,None,0
3788,Improve INSERT-per-second performance of SQLite,performance issues,None,False,None,0
3789,Why doesn&#39;t RecyclerView have onItemClickListener()?,performance issues,None,False,None,0
3790,Swift Beta performance: sorting arrays,performance issues,None,False,None,0
3791,JavaScript for...in vs for,performance issues,None,False,None,0
3792,T-SQL Cast versus Convert,performance issues,None,False,None,0
3793,SNIReadSyncOverAsync Performance issue,performance issues,None,False,None,0
3794,What is the LD_PRELOAD trick?,performance issues,None,False,None,0
3795,Does pandas iterrows have performance issues?,performance issues,None,False,None,0
3796,Curious about the HashTable performance issues,performance issues,None,False,None,0
3797,Java2D Performance Issues,performance issues,None,False,None,0
3798,Firestore slow performance issue on getting data,performance issues,None,False,None,0
3799,SwiftyJSON Performance Issues,performance issues,None,False,None,0
3800,sqoop export performance Issues,performance issues,None,False,None,0
3801,AngularJS watcher performance issues,performance issues,None,False,None,0
3802,Tools for finding solr performance issues,performance issues,None,False,None,0
3803,Directory.GetFiles() performance issues,performance issues,None,False,None,0
3804,SVG - Performance Issues on Tablet,performance issues,None,False,None,0
3805,WPF FindAncestor performance issues,performance issues,None,False,None,0
3806,ProGet performance issues,performance issues,None,False,None,0
3807,Website Performance Issues?,performance issues,None,False,None,0
3808,WebBrowser performance issues,performance issues,None,False,None,0
3809,React Boilerplate Performance Issues,performance issues,None,False,None,0
3810,JSTL tags performance issues,performance issues,None,False,None,0
3811,Xamarin performance issues,performance issues,None,False,None,0
3812,TransactionScope performance issues,performance issues,None,False,None,0
3813,"What are the best practices for using a GUID as a primary key, specifically regarding performance?",performance issues,None,False,None,0
3814,Performance issues in Regular Expression,performance issues,None,False,None,0
3815,Java profiler to resolve performance issues,performance issues,None,False,None,0
3816,ASP.NET 4 Routing and Performance Issues,performance issues,None,False,None,0
3817,Resizing UIImage - Performance Issues,performance issues,None,False,None,0
3818,T4MVC and performance issues,performance issues,None,False,None,0
3819,Do Ruby on Rails sites have performance issues?,performance issues,None,False,None,0
3820,mysql on xp performance issues,performance issues,None,False,None,0
3821,Calendar Recurring/Repeating Events - Best Storage Method,performance issues,None,False,None,0
3822,profiling and performance issues,performance issues,None,False,None,0
3823,Performance issues with empty &quot;;&quot; statement in C#,performance issues,None,False,None,0
3824,Performance issues when using C# attributes?,performance issues,None,False,None,0
3825,Visual Studio 2013.2 Performance Issues,performance issues,None,False,None,0
3826,SQL- performance issue,performance issues,None,False,None,0
3827,setViewBox() performance issues on mobile devices,performance issues,None,False,None,0
3828,background-size:cover performance issues,performance issues,None,False,None,0
3829,SVG Filter performance issues,performance issues,None,False,None,0
3830,Rich datatable performance issues,performance issues,None,False,None,0
3831,Craft Calendars Performance Issues,performance issues,None,False,None,0
3832,SQL NOT IN possibly performance issues,performance issues,None,False,None,0
3833,NSUserDefaults causing performance issues,performance issues,None,False,None,0
3834,jQuery.keypad Performance Issues,performance issues,None,False,None,0
3835,CSS3 marquee effect performance issues,performance issues,None,False,None,0
3836,"Redis Windows, Performance Issues",performance issues,None,False,None,0
3837,TelemetryClient.Flush performance issues,performance issues,None,False,None,0
3838,Elasticsearch indexing performance issues,performance issues,None,False,None,0
3839,Performance issues with pandas iterrows,performance issues,None,False,None,0
3840,Draggable Marker on HARP - Performance Issues,performance issues,None,False,None,0
3841,Linux apache2 performance issues,performance issues,None,False,None,0
3842,Git pre-receive hooks performance issues,performance issues,None,False,None,0
3843,Incognito Lighthouse performance issues,performance issues,None,False,None,0
3844,Rails 3.2.13: are performance issues now resolved?,performance issues,None,False,None,0
3845,Does server-side javascript function have performance issues in mongoDB?,performance issues,None,False,None,0
3846,Strange Performance issues with where() vs find(),performance issues,None,False,None,0
3847,Performance issues running a database in a docker container,performance issues,None,False,None,0
3848,Is there performance issues when using !important?,performance issues,None,False,None,0
3849,npgsql Connection Idle Lifetime performance issues,performance issues,None,False,None,0
3850,Performance Issues With System.ServiceModel.Activation.ServiceHttpHandlerFactory+ServiceHttpHandler,performance issues,None,False,None,0
3851,AngularJS ui-select performance issues,performance issues,None,False,None,0
3852,Performance issues with accelerometer,performance issues,None,False,None,0
3853,CodeIgniter copying an instance - performance issues?,performance issues,None,False,None,0
3854,Firebird .net performance issues with blobs,performance issues,None,False,None,0
3855,Performance issues using CONNECT BY NOCYCLE PRIOR,performance issues,None,False,None,0
3856,Active Record Performance Issues,performance issues,None,False,None,0
3857,fetch request performance issues,performance issues,None,False,None,0
3858,Performance issues in game loop,performance issues,None,False,None,0
3859,Jackson Vs. Gson,performance issues,None,False,None,0
3860,ModalPopupExtender Performance Issues,performance issues,None,False,None,0
3861,StreamBuilder with KeepAlive performance issues ? flutter,performance issues,None,False,None,0
3862,Custom ETL Architecture Performance Issues,performance issues,None,False,None,0
3863,Raster images performance issue,performance issues,None,False,None,0
3864,Pandas to_datetime () function performance issues,performance issues,None,False,None,0
3865,Performance issues with transitions,performance issues,None,False,None,0
3866,Performance issues with kineticjs,performance issues,None,False,None,0
3867,Jetpack Compose LazyColumn Performance Issue,performance issues,None,False,None,0
3868,game Loop performance issue,performance issues,None,False,None,0
3869,How to approach performance issues?,performance issues,None,False,None,0
3870,CloudSQL postgres performance issues,performance issues,None,False,None,0
3871,java volatile performance issue,performance issues,None,False,None,0
3872,Performance issues while parsing dates,performance issues,None,False,None,0
3873,Fullscreen/scrolling background performance issues?,performance issues,None,False,None,0
3874,PHP WideImage - performance issues,performance issues,None,False,None,0
3875,Woocommerce Performance Issues,performance issues,None,False,None,0
3876,Performance issues in connecting to AD using Global catalog,performance issues,None,False,None,0
3877,React Performance Issues in Firefox?,performance issues,None,False,None,0
3878,Performance issues with AFIncrementalStore,performance issues,None,False,None,0
3879,Performance issues with MonoTouch?,performance issues,None,False,None,0
3880,TextField inside a ModalBottomSheet performance issues,performance issues,None,False,None,0
3881,NSAttributedString on UITableViewCell causes performance issues,performance issues,None,False,None,0
3882,Multieselect Combobox performance issues (ExtJS 7.3),performance issues,None,False,None,0
3883,Does System.Activator.CreateInstance(T) have performance issues big enough to discourage us from usi,performance issues,None,False,None,0
3884,Performance issues UIKit free hand drawing,performance issues,None,False,None,0
3885,Performance issues using SSIS Unpivot component,performance issues,None,False,None,0
3886,"performance issues using UNION , multiple columns",performance issues,None,False,None,0
3887,Performance Issues dottracer,performance issues,None,False,None,0
3888,Loop performance issues,performance issues,None,False,None,0
3889,Does -XX:+HeapDumpOnOutOfMemoryError create any security or performance issues?,performance issues,None,False,None,0
3890,Multi-threaded performance issues,performance issues,None,False,None,0
3891,VS2010 + Resharper 5 performance issues,performance issues,None,False,None,0
3892,SSMS Performance issues when connecting to Azure Database,performance issues,None,False,None,0
3893,ROracle performance issues in Rstudio,performance issues,None,False,None,0
3894,SQL Server view performance issue,performance issues,None,False,None,0
3895,PowerShell Invoke-Command performance issue,performance issues,None,False,None,0
3896,Esper Performance issues,performance issues,None,False,None,0
3897,Performance issues with Django,performance issues,None,False,None,0
3898,performance issue with canvas,performance issues,None,False,None,0
3899,Does usage of Thread.Sleep(n) causes performance issues?,performance issues,None,False,None,0
3900,Lack of ImageList in MenuStrip and performance issues,performance issues,None,False,None,0
3901,Performance issues on Realm List,performance issues,None,False,None,0
3902,Performance issue with upgrade of spring boot,performance issues,None,False,None,0
3903,PROC DS2 performance issues,performance issues,None,False,None,0
3904,Are there performance issues when using pragma pack(1)?,performance issues,None,False,None,0
3905,"performance issues, delay while loading the forms",performance issues,None,False,None,0
3906,Exceptions and performance issues java 8,performance issues,None,False,None,0
3907,subviews and performance issues in iOS,performance issues,None,False,None,0
3908,Calling objectWillChange.send() produce performance issues,performance issues,None,False,None,0
3909,performance issues using PropertyUtilsBean.getProperty(),performance issues,None,False,None,0
3910,Solr performance issues,performance issues,None,False,None,0
3911,MVC OnResultExecuting performance issues,performance issues,None,False,None,0
3912,Figuring out performance issues,performance issues,None,False,None,0
3913,Performance Issues on a Swing GUI Game,performance issues,None,False,None,0
3914,Custom SVG Map | Performance Issues,performance issues,None,False,None,0
3915,Django + PostrgreSQL performance issues,performance issues,None,False,None,0
3916,Performance issues with jspdf + html2canvas if there are many pages,performance issues,None,False,None,0
3917,Performance Issues in R,performance issues,None,False,None,0
3918,Performance issue with multiple DropDownLists,performance issues,None,False,None,0
3919,Postgres performance issues,performance issues,None,False,None,0
3920,Middleware - performance issues,performance issues,None,False,None,0
3921,Performance issues with SOAP using Spyne,performance issues,None,False,None,0
3922,How many concurrent setTimeouts before performance issues?,performance issues,None,False,None,0
3923,Performance issues for spark on YARN,performance issues,None,False,None,0
3924,Plotly vs Plotly Dash &amp; Performance Issues,performance issues,None,False,None,0
3925,Does Java have support for multiline strings?,performance issues,None,False,None,0
3926,Azure SQL / EF performance issues,performance issues,None,False,None,0
3927,"What&#39;s the difference between istringstream, ostringstream and stringstream? / Why not use strin",performance issues,None,False,None,0
3928,IIS Web App performance issues....MVC3,performance issues,None,False,None,0
3929,Does calling functions in templates cause performance issues in Angular2+?,performance issues,None,False,None,0
3930,Performance issues with classic .NET site,performance issues,None,False,None,0
3931,Angular performance issues when cropping image,performance issues,None,False,None,0
3932,Java Webapp Performance Issues,performance issues,None,False,None,0
3933,Are there any performance issues in using composite-ids with Hibernate?,performance issues,None,False,None,0
3934,Mapping array causing performance issues React,performance issues,None,False,None,0
3935,Android google maps v2 performance issues,performance issues,None,False,None,0
3936,Select2 v4.0.0 Performance Issue,performance issues,None,False,None,0
3937,Qt QListWidget performance issues,performance issues,None,False,None,0
3938,Running Redis with Docker (performance issue),performance issues,None,False,None,0
3939,Opencart performance issue,performance issues,None,False,None,0
3940,Performance issues on IE 11,performance issues,None,False,None,0
3941,AOP Performance issue,performance issues,None,False,None,0
3942,plotnine geom_density memory and performance issues,performance issues,None,False,None,0
3943,Performance issue,performance issues,None,False,None,0
3944,Performance issues on importing functions,performance issues,None,False,None,0
3945,Performance issues after using UIImagePickerController,performance issues,None,False,None,0
3946,CSS Text-shadow performance issues.,performance issues,None,False,None,0
3947,SwiftUI&#39;s Computed properties and performance issues,performance issues,None,False,None,0
3948,Progress Database Performance issue?,performance issues,None,False,None,0
3949,Performance Issues with MySQL Proxy,performance issues,None,False,None,0
3950,Wildfly Performance issues,performance issues,None,False,None,0
3951,Haskell Data.Memocombinators performance issues?,performance issues,None,False,None,0
3952,Do try/catch blocks hurt performance when exceptions are not thrown?,performance issues,None,False,None,0
3953,Eigen: How to Fix Memory Performance Issues,performance issues,None,False,None,0
3954,Vuetify performance issues,performance issues,None,False,None,0
3955,C# UdpClient ReceiveAsync() performance issues,performance issues,None,False,None,0
3956,Solr facet multivalued field performance issues,performance issues,None,False,None,0
3957,Can Calling Simple Methods in Angular Component Templates Cause Performance Issues?,performance issues,None,False,None,0
3958,Android List Adapter Holder performance issues,performance issues,None,False,None,0
3959,Troubleshooting database performance issues,performance issues,None,False,None,0
3960,.Net web app Performance issues,performance issues,None,False,None,0
3961,performance issues with MYISAM,performance issues,None,False,None,0
3962,SQL Delete * causing performance issues,performance issues,None,False,None,0
3963,jqGrid within jquery draggable performance issues (IE),performance issues,None,False,None,0
3964,Why is var.First() causing performance issues?,performance issues,None,False,None,0
3965,AngularJS $scope.$watch performance issues,performance issues,None,False,None,0
3966,Optimizing SKLabelNode to reduce performance issues,performance issues,None,False,None,0
3967,ListView Resize Columns Performance Issues (Grouping),performance issues,None,False,None,0
3968,Foreign Key Relationship possible performance issues,performance issues,None,False,None,0
3969,Azure Cosmos db performance issues and how to improve,performance issues,None,False,None,0
3970,UIView: Rounded Corners Without Performance Issues,performance issues,None,False,None,0
3971,Spring Boot Version Upgrade Performance Issues,performance issues,None,False,None,0
3972,Google Pagespeed Insights not detailing performance issues,performance issues,None,False,None,0
3973,Draggable JS Bootstrap modal - performance issues,performance issues,None,False,None,0
3974,Performance Issue JOGL,performance issues,None,False,None,0
3975,Solr Sort Performance issues,performance issues,None,False,None,0
3976,Entity Framework 4.1 Performance issues,performance issues,None,False,None,0
3977,Vue - Performance issues on table filters?,performance issues,None,False,None,0
3978,Hibernate &amp; EHCache performance issue,performance issues,None,False,None,0
3979,Performance issues in complex page,performance issues,None,False,None,0
3980,Performance issues jsonb in Postgres,performance issues,None,False,None,0
3981,Spring startup performance issues,performance issues,None,False,None,0
3982,React-Native TSLint config usefull to fix performance issues,performance issues,None,False,None,0
3983,Debugging compile time performance issues caused by GHC&#39;s constraint solver,performance issues,None,False,None,0
3984,performance issues because too many instances,performance issues,None,False,None,0
3985,array vs.list performance issue,performance issues,None,False,None,0
3986,SVN Performance Issues with IPV6,performance issues,None,False,None,0
3987,JavaFX and Swing performance issues,performance issues,None,False,None,0
3988,Are there any performance issues if an sql query contains lot of joins?,performance issues,None,False,None,0
3989,Swiper.js Forced Reflow performance issues when responsive,performance issues,None,False,None,0
3990,Liferay performance issue,performance issues,None,False,None,0
3991,SwiftUI - ObservableObject performance issues,performance issues,None,False,None,0
3992,ExtJS 4.1.0 grid performance issue,performance issues,None,False,None,0
3993,JS Performance issues in Safari,performance issues,None,False,None,0
3994,Application Performance issues due to multiple JRE versions,performance issues,None,False,None,0
3995,ASP.NET Performance Issue,performance issues,None,False,None,0
3996,Will Oracle Trigger cause performance issues,performance issues,None,False,None,0
3997,API call in React is leading to performance issues,performance issues,None,False,None,0
3998,Xcode 10.2.1 Performance Issues,performance issues,None,False,None,0
3999,Performance issue on 19c,performance issues,None,False,None,0
4000,Does boxing cause performance issues? How can I prevent boxing?,performance issues,None,False,None,0
4001,Angular: Running ngcc causing performance issues in VSCode,performance issues,None,False,None,0
4002,cross-browser gradients: browser performance issues?,performance issues,None,False,None,0
4003,Flex Mobile - TileLayout performance issues,performance issues,None,False,None,0
4004,Android Performance issues with ViewHolder,performance issues,None,False,None,0
4005,Performance issue with c# ToList(),performance issues,None,False,None,0
4006,ASPX CMS - performance issues,performance issues,None,False,None,0
4007,Heroku Django performance issues - Request Queuing,performance issues,None,False,None,0
4008,What is different styled(component) and styled(tagname) in performance issues of react?,performance issues,None,False,None,0
4009,Canvas rendering performance issue,performance issues,None,False,None,0
4010,How can i check view performance issues after database migration?,performance issues,None,False,None,0
4011,MYSQL View Query Performance Issue,performance issues,None,False,None,0
4012,Linq to object Performance issue?,performance issues,None,False,None,0
4013,Do Orphaned object in java lead to performance Issues,performance issues,None,False,None,0
4014,There are performance issues combining VueJS and Django?,performance issues,None,False,None,0
4015,Android: ListView in HorizontalScrollView performance issues,performance issues,None,False,None,0
4016,SQL Server variable Table or index causing performance issues,performance issues,None,False,None,0
4017,Performance issues in T-SQL function,performance issues,None,False,None,0
4018,Performance issue with PrimeNG TurboTable,performance issues,None,False,None,0
4019,Performance issue with tableView inside CollectionViewcell,performance issues,None,False,None,0
4020,Performance Issues when Upgrading OpenJPA to Hibernate,performance issues,None,False,None,0
4021,MongoDB with .NetCore2 performance issue,performance issues,None,False,None,0
4022,Ionic 2 scroll performance issues,performance issues,None,False,None,0
4023,performance issues when using mysql_query with mysql_fetch_row,performance issues,None,False,None,0
4024,Suggestionbox performance issue,performance issues,None,False,None,0
4025,performance issues in shell script,performance issues,None,False,None,0
4026,ADO.NET OracleCommandBuilder performance issue,performance issues,None,False,None,0
4027,Performance issues with JQGrid on INIT and on RELOAD,performance issues,None,False,None,0
4028,Silverlight 4 nested ListBox controls performance issue,performance issues,None,False,None,0
4029,DataGridView CellFormatting performance issue,performance issues,None,False,None,0
4030,Node.js / Redis / Socket.IO performance issues,performance issues,None,False,None,0
4031,Performance issue with timestamp in MySql,performance issues,None,False,None,0
4032,Performance issues accessing SharedValue in react-native-reanimated 2.0,performance issues,None,False,None,0
4033,Performance Issues with Include in Entity Framework,performance issues,None,False,None,0
4034,ActiveRecord alternatives to limit due to performance issues,performance issues,None,False,None,0
4035,Android performance issues with SDK 5.4.0 GA?,performance issues,None,False,None,0
4036,Android - Are there serious performance issues with sending a localbroadcast every half second?,performance issues,None,False,None,0
4037,Firestore - Do identical indexed field values could cause performance issues?,performance issues,None,False,None,0
4038,Does installing more R packages lead to performance issues,performance issues,None,False,None,0
4039,Isabelle: performance issues with version Isabelle2013-2,performance issues,None,False,None,0
4040,Performance issue with JPA dashboards,performance issues,None,False,None,0
4041,Performance issue with zClip and multiple buttons,performance issues,None,False,None,0
4042,Performance issues without using await for a async function,performance issues,None,False,None,0
4043,Does import everything from Java enum package leads to performance issues?,performance issues,None,False,None,0
4044,ASP.net profiling and performance issue,performance issues,None,False,None,0
4045,SQL subquery and join performance issue,performance issues,None,False,None,0
4046,Performance issues plotting multiple geoms on ggplot2,performance issues,None,False,None,0
4047,Performance issues with Symfony2 and Azure Websites,performance issues,None,False,None,0
4048,WPF Performance issue with ItemsControl,performance issues,None,False,None,0
4049,Firebase admin sdk java performance issue,performance issues,None,False,None,0
4050,Performance issues about Z3 for Java,performance issues,None,False,None,0
4051,Are there performance issues storing files in PostgreSQL?,performance issues,None,False,None,0
4052,doSNOW/foreach Performance Issues,performance issues,None,False,None,0
4053,Unity Whiteboard Feature Performance Issues on Interactive Flat Panels,performance issues,None,False,None,0
4054,Performance issue in Websphere8.5,performance issues,None,False,None,0
4055,WPF Active Directory Calls performance issues,performance issues,None,False,None,0
4056,JdbcChannelMessageStore performance issue on PostgreSQL,performance issues,None,False,None,0
4057,neo4j performance issues with many OR clauses,performance issues,None,False,None,0
4058,Why am I experiencing performance issues with DoTween?,performance issues,None,False,None,0
4059,Customer SQLServer installations - how to prevent performance issues,performance issues,None,False,None,0
4060,Java2D and ThinClients - Performance issue,performance issues,None,False,None,0
4061,Performance issues with Material-ui v5.0.6 and Meteor,performance issues,None,False,None,0
4062,Performance issues when declaring variable,performance issues,None,False,None,0
4063,Are there performance issues on sending different number types as parameter to a method?,performance issues,None,False,None,0
4064,XSLT performance issue with large data,performance issues,None,False,None,0
4065,AngularJS : Why ng-bind is better than {{}} in angular?,performance issues,None,False,None,0
4066,Light 2D and Performance issues,performance issues,None,False,None,0
4067,Performance issues with Core Graphics,performance issues,None,False,None,0
4068,Performance Issues with UITextView and TextKit 2 in Large Text Documents,performance issues,None,False,None,0
4069,Query performance issue,performance issues,None,False,None,0
4070,react-native-webview performance issues when rendering html string,performance issues,None,False,None,0
4071,HighCharts performance issue and alternative,performance issues,None,False,None,0
4072,Performance issues with using localStorage / sessionStorage?,performance issues,None,False,None,0
4073,How to debug PL/SQL procedure performance issues in OceanBase,performance issues,None,False,None,0
4074,Jquery scroll event causing performance issues,performance issues,None,False,None,0
4075,Avoid performance issues when adding onscroll manipulations,performance issues,None,False,None,0
4076,SKLightNode performance issues,performance issues,None,False,None,0
4077,Performance issues with Cassandra MaterializedViews,performance issues,None,False,None,0
4078,NodeJS + Mongodb performance issues,performance issues,None,False,None,0
4079,When should I really use noexcept?,performance issues,None,False,None,0
4080,React Native componentDidMount lifecycle performance issue,performance issues,None,False,None,0
4081,Performance issue with/without parameters,performance issues,None,False,None,0
4082,Testing an Oracle database for common bugs/performance issues?,performance issues,None,False,None,0
4083,R - performance issue writing XML,performance issues,None,False,None,0
4084,Performance issue in using SELECT *?,performance issues,None,False,None,0
4085,WIA performance issues,performance issues,None,False,None,0
4086,Does using Custom Objects in Cloud Firestore cause performance issues?,performance issues,None,False,None,0
4087,"Performance issues with EF, Linq, and Telerik",performance issues,None,False,None,0
4088,Performance Issues with Boolean List of Data in Firebase,performance issues,None,False,None,0
4089,CSS transition performance issues on mobile,performance issues,None,False,None,0
4090,Oracle CTE performance issue,performance issues,None,False,None,0
4091,Can a DBA find performance issues just from reading the TSQL code?,performance issues,None,False,None,0
4092,MySQL performance issues using ORDER by,performance issues,None,False,None,0
4093,Google Maps v3 performance issues,performance issues,None,False,None,0
4094,IEnumerable to List performance issue,performance issues,None,False,None,0
4095,angular.js performance issues,performance issues,None,False,None,0
4096,Performance Issues with newFixedThreadPool vs newSingleThreadExecutor,performance issues,None,False,None,0
4097,Android Debug Bridge(ADB) performance issues,performance issues,None,False,None,0
4098,Prestashop Performance Issue,performance issues,None,False,None,0
4099,MongoDB query performance issues lock data use function,performance issues,None,False,None,0
4100,Gradle&#39;s Scala Zinc compiler performance issues,performance issues,None,False,None,0
4101,Performance issue on Python,performance issues,None,False,None,0
4102,Pagination in SQL - Performance issue,performance issues,None,False,None,0
4103,WebSphere OpenJPA performance issue,performance issues,None,False,None,0
4104,Trident 4 issues with jquery (performance),performance issues,None,False,None,0
4105,Highstock performance issue,performance issues,None,False,None,0
4106,Nest performance issue,performance issues,None,False,None,0
4107,Duplicate Message using useOptimistic and Performance Issues in Chat Feature,performance issues,None,False,None,0
4108,HorizontalListView performance issues : Calls inflates for every subview,performance issues,None,False,None,0
4109,DocumentDB performance issues,performance issues,None,False,None,0
4110,AVAssetImageGenerator performance issue,performance issues,None,False,None,0
4111,Are there security/performance issues with backporting Java code from 1.8 to 1.5?,performance issues,None,False,None,0
4112,Performance issues when using VueJS with HighCharts,performance issues,None,False,None,0
4113,Canvas5 performance issues drawing multiple lines,performance issues,None,False,None,0
4114,docker-compose tty performance issues,performance issues,None,False,None,0
4115,Performance issues in AngularJS 1.0.7 and angular-translate,performance issues,None,False,None,0
4116,performance issue in arraylist.add(objects),performance issues,None,False,None,0
4117,Performance issues when updating UI without checking InvokeRequired first?,performance issues,None,False,None,0
4118,Performance Issues KineticJS,performance issues,None,False,None,0
4119,Performance Issue with QClipboard Class,performance issues,None,False,None,0
4120,Akka Performance issue,performance issues,None,False,None,0
4121,CSS Performance issues,performance issues,None,False,None,0
4122,React Markdown and MathJax with typing effect causing performance issues,performance issues,None,False,None,0
4123,Google Maps API Requests Performance Issues,performance issues,None,False,None,0
4124,Dealing with deque block size causing performance issues,performance issues,None,False,None,0
4125,Decoupling Monolith Without Introducing Performance Issues,performance issues,None,False,None,0
4126,Performance issues when using iterators?,performance issues,None,False,None,0
4127,CSS animation performance issues using SVG drop-shadow filter,performance issues,None,False,None,0
4128,How do I manage MongoDB connections in a Node.js web application?,performance issues,None,False,None,0
4129,PHP deprecated functions will make performance issues?,performance issues,None,False,None,0
4130,"how to load JS,CSS files dynamically to avoid performance issues",performance issues,None,False,None,0
4131,Diffable datasource performance issues with &gt; 20K rows,performance issues,None,False,None,0
4132,Performance Issue With UIKit Dynamics,performance issues,None,False,None,0
4133,Polybase performance issues,performance issues,None,False,None,0
4134,Entity Framework Performance Issue,performance issues,None,False,None,0
4135,SQLite transactionscope performance issue,performance issues,None,False,None,0
4136,Does node-webkit have performance issues with css filters?,performance issues,None,False,None,0
4137,Ruby and Timeout.timeout performance issue,performance issues,None,False,None,0
4138,Performance issues of second/third/etc factorial program,performance issues,None,False,None,0
4139,linq-to-sql performance issues when binding to custom models,performance issues,None,False,None,0
4140,Tab content with performance issue,performance issues,None,False,None,0
4141,Visual Studio Code (VSCode) experiencing severe performance issues,performance issues,None,False,None,0
4142,Flutter - SQflite : Performance issues while bulk insertion,performance issues,None,False,None,0
4143,CGImageRef or CGImageMaskCreate performance issue,performance issues,None,False,None,0
4144,Performance Issue with IN operator in SQL,performance issues,None,False,None,0
4145,Unity Navmesh Performance Issue,performance issues,None,False,None,0
4146,QML performance issue,performance issues,None,False,None,0
4147,Java ssl performance issue in connection with downloads,performance issues,None,False,None,0
4148,Setting prototype and performance issues,performance issues,None,False,None,0
4149,ANTLR4 performance issue,performance issues,None,False,None,0
4150,requestAnimationFrame() performance issue,performance issues,None,False,None,0
4151,UIImageview performance issue,performance issues,None,False,None,0
4152,Siddhi Send Performance Issues - Embedded,performance issues,None,False,None,0
4153,"Get-ChildItem on Multiple Computers, Performance Issues",performance issues,None,False,None,0
4154,ReactJS: Warning: setState(...): Cannot update during an existing state transition,performance issues,None,False,None,0
4155,Unexpected performance issue,performance issues,None,False,None,0
4156,Performance issue with ag-grid,performance issues,None,False,None,0
4157,JSXGraph performance issue,performance issues,None,False,None,0
4158,Stored procedure performance issue - live example,performance issues,None,False,None,0
4159,"Declaring variables inside loops, good practice or bad practice?",performance issues,None,False,None,0
4160,"Android: Read Image (Jpeg) and show on ImageView, Performance Issues",performance issues,None,False,None,0
4161,Performance issue: Java vs C++,performance issues,None,False,None,0
4162,Performance Issues When Using Many CALayer Masks,performance issues,None,False,None,0
4163,Performance issues when upgrading from ruby 1.9.3 to 2.2.2,performance issues,None,False,None,0
4164,Potentials performance issues with scala and elasticsearch,performance issues,None,False,None,0
4165,Performance issues with ActiveMQ Artemis and Spring JmsTemplate,performance issues,None,False,None,0
4166,C++ function performance issue,performance issues,None,False,None,0
4167,Performance issue in Android MapView,performance issues,None,False,None,0
4168,Performance issue on Service bus queue,performance issues,None,False,None,0
4169,Performance issues if MapComponent state is updated,performance issues,None,False,None,0
4170,Mysql performance issues,performance issues,None,False,None,0
4171,Performance issue on custom font TextView,performance issues,None,False,None,0
4172,Entity framework sp_executesql performance issue,performance issues,None,False,None,0
4173,String class Performance Issue,performance issues,None,False,None,0
4174,react.js indexDB large data store.put performance issues,performance issues,None,False,None,0
4175,Microsoft Access and SQL Azure Performance Issue,performance issues,None,False,None,0
4176,Comet performance issue,performance issues,None,False,None,0
4177,Adding a where clause like &#39;%%&#39; cause any performance issues?,performance issues,None,False,None,0
4178,Asp.net Mvc 2 DisplayFor Performance Issue?,performance issues,None,False,None,0
4179,iOS11 Beta 8 | MapKit cluster performance issues 900+ Annotations,performance issues,None,False,None,0
4180,Replication and Default Trace performance issues,performance issues,None,False,None,0
4181,Grails connection-pooling performance issues,performance issues,None,False,None,0
4182,Vertex Array Performance Issues,performance issues,None,False,None,0
4183,Performance issues with IndexedDB storing 250kB/s streaming data,performance issues,None,False,None,0
4184,Query Performance Issue in Linq,performance issues,None,False,None,0
4185,Performance issues - Visible and RightToLeft in Winforms C#,performance issues,None,False,None,0
4186,Performance issues with TeamCity after Ubuntu upgrade to 15.04,performance issues,None,False,None,0
4187,Java Applet - Image Export Performance Issues,performance issues,None,False,None,0
4188,Is using `@code_lowered` an effective way to troubleshoot performance issues in Julia?,performance issues,None,False,None,0
4189,Flutter Tinder like app performance issues,performance issues,None,False,None,0
4190,Performance issues with angular web application used on a touchscreen,performance issues,None,False,None,0
4191,Sitecore 8.2 Performance issue / crash,performance issues,None,False,None,0
4192,UIScrollView performance issues,performance issues,None,False,None,0
4193,What are common sources of PhoneGap with jQuery Mobile performance issues?,performance issues,None,False,None,0
4194,Performance issues with repeated calls to ConfigurationManager.AppSettings to get appsetting values?,performance issues,None,False,None,0
4195,Performance issue in Xpath grammar file using antlr,performance issues,None,False,None,0
4196,Running gather table statistics multiple times inside a package causes Performance Issues,performance issues,None,False,None,0
4197,performance issues with passing in a method as a parameter?,performance issues,None,False,None,0
4198,Oracle 12c performance issue,performance issues,None,False,None,0
4199,IUpdateSearcher performance issues,performance issues,None,False,None,0
4200,Influxdb performance issue,performance issues,None,False,None,0
4201,Performance issues : Kafka + Storm + Trident + OpaqueTridentKafkaSpout,performance issues,None,False,None,0
4202,SQL Server Latches and their indication of performance issues,performance issues,None,False,None,0
4203,How to diagnose performance issues inside mongodb by using mongostats,performance issues,None,False,None,0
4204,Performance Issue with Java Code,performance issues,None,False,None,0
4205,SQL Sub-Query performance issue,performance issues,None,False,None,0
4206,Database Performance issues with Sonata Admin entity listing,performance issues,None,False,None,0
4207,Does different collation between the database and columns cause performance issues?,performance issues,None,False,None,0
4208,Postgres on AWS performance issues on filter or aggregate,performance issues,None,False,None,0
4209,Regarding performance issues for usage of memory stream in c#,performance issues,None,False,None,0
4210,Performance issues with angular 4 and PrimeNG datagrid,performance issues,None,False,None,0
4211,PHP performance issue,performance issues,None,False,None,0
4212,Performance issue in CP-SAT,performance issues,None,False,None,0
4213,"Parsing HTML on Android, major performance issues",performance issues,None,False,None,0
4214,Sqlite3 performance issues with single row UPDATE,performance issues,None,False,None,0
4215,Best practice for using assert?,performance issues,None,False,None,0
4216,NSFetchedResultsController performance issues,performance issues,None,False,None,0
4217,Use of CoreGraphics Loop Draw Creating Performance Issues,performance issues,None,False,None,0
4218,Performance issues using DialContext in Go,performance issues,None,False,None,0
4219,React native application starting performance issue,performance issues,None,False,None,0
4220,Troubleshooting performance issues with capybara and poltergeist,performance issues,None,False,None,0
4221,Optimization and performance issue,performance issues,None,False,None,0
4222,AWS Glue/Spark performance issue,performance issues,None,False,None,0
4223,Performance issues with aspNetCompatibilityEnabled WCF service called from jQuery,performance issues,None,False,None,0
4224,Performance issues wordpress,performance issues,None,False,None,0
4225,Performance issues with Sonata Admin entity listing,performance issues,None,False,None,0
4226,What is dirty read? And How does it hinder the performance issues?,performance issues,None,False,None,0
4227,Java Graphics drawline performance issues,performance issues,None,False,None,0
4228,Performance issue with sqlite,performance issues,None,False,None,0
4229,ASP Classic Performance Issue,performance issues,None,False,None,0
4230,Does CakePHP 2.x fix performance issues with deep nested containable queries,performance issues,None,False,None,0
4231,Performance issues with SwiftUI/SwiftData when using larger datasets,performance issues,None,False,None,0
4232,Performance issue due to include statement in Entity Framework,performance issues,None,False,None,0
4233,Performance issue with PDFAnnotation IOS PDFKIT,performance issues,None,False,None,0
4234,Major Performance Issues with yaml-cpp,performance issues,None,False,None,0
4235,libipq performance issues,performance issues,None,False,None,0
4236,Can growing/shrinking documents cause performance issues in WiredTiger,performance issues,None,False,None,0
4237,Performance Issue in R,performance issues,None,False,None,0
4238,PHP: Xdebug performance issue,performance issues,None,False,None,0
4239,Silverlight 5: Terrible Performance Issues with DropShadowEffect,performance issues,None,False,None,0
4240,Flutter App having performance issues after playstore push,performance issues,None,False,None,0
4241,Are there performance issues of being a client of your own API?,performance issues,None,False,None,0
4242,postgresql performance issues,performance issues,None,False,None,0
4243,OnRender Performance issues,performance issues,None,False,None,0
4244,Tkinter Performance Issues - Follow Up,performance issues,None,False,None,0
4245,Symfony2 and Twig render performance issues,performance issues,None,False,None,0
4246,Node.js &amp; MongoDB performance issues,performance issues,None,False,None,0
4247,Performance Issue with collate SQL_Latin1_General_CP1_CI_AS,performance issues,None,False,None,0
4248,Gridstack.js Drag&#39;n&#39;Drop performance issues,performance issues,None,False,None,0
4249,Mono multiprocessing performance issue,performance issues,None,False,None,0
4250,ELK for spring boot application using docker - performance issues,performance issues,None,False,None,0
4251,Performance issues between Windows Mobile and Windows CE?,performance issues,None,False,None,0
4252,Qt QDomElement performance issue,performance issues,None,False,None,0
4253,Kafka Performance Issue,performance issues,None,False,None,0
4254,Performance Issues in PostgreSQL,performance issues,None,False,None,0
4255,What server performance issues do low-bandwidh clients cause?,performance issues,None,False,None,0
4256,MySQL/Magento Performance issues on Amazon EC2,performance issues,None,False,None,0
4257,&quot;Select case&quot; performance issue,performance issues,None,False,None,0
4258,Performance issues when initializing each class member?,performance issues,None,False,None,0
4259,Akka Remote Performance issue,performance issues,None,False,None,0
4260,performance issues executing list of stored procedures,performance issues,None,False,None,0
4261,iOS: Potential performance issue caused by Auto Layout,performance issues,None,False,None,0
4262,threading.Lock() performance issues,performance issues,None,False,None,0
4263,Memory management with ARC - performance issue,performance issues,None,False,None,0
4264,Phabricator performance issues,performance issues,None,False,None,0
4265,PHP MySQL - Update 6.5m rows performance issues,performance issues,None,False,None,0
4266,JavaScript for loop performance issue,performance issues,None,False,None,0
4267,Python multi-threading performance issue related to start(),performance issues,None,False,None,0
4268,Big performance issues/crashing using backbone on mobile phones,performance issues,None,False,None,0
4269,Rendering 3D-models with Astro suffers from performance issues,performance issues,None,False,None,0
4270,Performance issues in writing to large files?,performance issues,None,False,None,0
4271,Performance Issues with Count(*) in SQL Server,performance issues,None,False,None,0
4272,Performance issue in umbraco 4.7.1,performance issues,None,False,None,0
4273,jQuery Performance Issue,performance issues,None,False,None,0
4274,Jest performance issues,performance issues,None,False,None,0
4275,Javascript performance issue with loop,performance issues,None,False,None,0
4276,Performance Issues with Multiple UserControls in a TableLayoutPanel in WinForms,performance issues,None,False,None,0
4277,Android: inflate layout multiple times causes performance issues,performance issues,None,False,None,0
4278,Angular2 ng-for performance issue,performance issues,None,False,None,0
4279,JavaFX performance issues with ImagePattern on canvas,performance issues,None,False,None,0
4280,Performance issue with &quot;Measure&quot;,performance issues,None,False,None,0
4281,JGit Performance Issue,performance issues,None,False,None,0
4282,MySql - is possible that performance issues are caused by dynamic SQL?,performance issues,None,False,None,0
4283,Performance issues with java.util.Calendar,performance issues,None,False,None,0
4284,Performance issues with Kendo Grid (HTML5),performance issues,None,False,None,0
4285,JPA: Performance issues due to object relations,performance issues,None,False,None,0
4286,WPF column resize performance issues,performance issues,None,False,None,0
4287,Which JSON content type do I use?,security issues,None,False,None,0
4288,DeprecationWarning: Buffer() is deprecated due to security and usability issues when I move my scrip,security issues,None,False,None,0
4289,PreparedStatement IN clause alternatives?,security issues,None,False,None,0
4290,monotouch security issues,security issues,None,False,None,0
4291,JSON security issues?,security issues,None,False,None,0
4292,BDC Security Issues,security issues,None,False,None,0
4293,Socket.io Security Issues,security issues,None,False,None,0
4294,Socket communication Security issues,security issues,None,False,None,0
4295,Security Issues with HTTP_RAW_POST_DATA,security issues,None,False,None,0
4296,Git Security Issues,security issues,None,False,None,0
4297,PHPSESSID security issues?,security issues,None,False,None,0
4298,How should I ethically approach user password storage for later plaintext retrieval?,security issues,None,False,None,0
4299,PHP functions - Security issues?,security issues,None,False,None,0
4300,What are the security issues with diaspora?,security issues,None,False,None,0
4301,security issues with JSON.parse,security issues,None,False,None,0
4302,Rails I18n validation deprecation warning,security issues,None,False,None,0
4303,What are security issues in asp.net mvc?,security issues,None,False,None,0
4304,What security issues exist with this strncpy?,security issues,None,False,None,0
4305,Image Uploading - security issues,security issues,None,False,None,0
4306,the body of mail security issues,security issues,None,False,None,0
4307,Gson - security issue?,security issues,None,False,None,0
4308,Node.js Express Framework Security Issues,security issues,None,False,None,0
4309,security issues in ASP EnableEventValidation,security issues,None,False,None,0
4310,How to query the Search Console API for security issues?,security issues,None,False,None,0
4311,CVE Security Issues JBoss7,security issues,None,False,None,0
4312,Are there any security issues leaving the PDB debug files on the live servers?,security issues,None,False,None,0
4313,php/mysql app security issues?,security issues,None,False,None,0
4314,Security issues on viewstate,security issues,None,False,None,0
4315,React.js SPA security issues,security issues,None,False,None,0
4316,Does opencart&#39;s security issues affect Paypal&#39;s layer of security?,security issues,None,False,None,0
4317,Ajax Security Question: JQuery ajax() + PHP scandir() = Security Issue?,security issues,None,False,None,0
4318,Using extract() with flag EXTR_SKIP to prevent security issues,security issues,None,False,None,0
4319,Online c# interpreter security issues,security issues,None,False,None,0
4320,Security issues in ajax call,security issues,None,False,None,0
4321,how to resolve security issues in windows service?,security issues,None,False,None,0
4322,Security issues in java spring,security issues,None,False,None,0
4323,Security issues in accepting image uploads,security issues,None,False,None,0
4324,security issues analysis via mvn dependency-check:check and better report,security issues,None,False,None,0
4325,Java 7 security issues information,security issues,None,False,None,0
4326,Security issues. PHP window.location,security issues,None,False,None,0
4327,How can I view network requests (for debugging) in React Native?,security issues,None,False,None,0
4328,Url Rewriting and security issues,security issues,None,False,None,0
4329,Security issues with serving static files through Django?,security issues,None,False,None,0
4330,Are there any known HTA file Security Issues?,security issues,None,False,None,0
4331,is .net caching sensitive data will be dangerous in manner of security or have any security issues?,security issues,None,False,None,0
4332,Security issues with Itsdangerous for session management?,security issues,None,False,None,0
4333,PrestaShop Validator: SQL security issues,security issues,None,False,None,0
4334,Chrome.extension.getURL and AJAX security issues in Chrome extensions,security issues,None,False,None,0
4335,Security Issues with JSONP in jQuery,security issues,None,False,None,0
4336,Web App Security Issues - VB or C#?,security issues,None,False,None,0
4337,Why do browsers present selected files as coming from C:\fakepath\ instead of their true local path?,security issues,None,False,None,0
4338,"Sqlite and Firefox, any security issues?",security issues,None,False,None,0
4339,Nodejs Security Issues,security issues,None,False,None,0
4340,What security issues arise in the absence of a kernel stack?,security issues,None,False,None,0
4341,java security issue,security issues,None,False,None,0
4342,Administrative IT Scripts (security issues),security issues,None,False,None,0
4343,What are the security issues of using User.current_user,security issues,None,False,None,0
4344,security issues in cross domain ajax while using jsonp,security issues,None,False,None,0
4345,security issues in Login registration system using php javascript mysql,security issues,None,False,None,0
4346,Email - Field &quot;From&quot;: Possible security issues,security issues,None,False,None,0
4347,JWT (JSON Web Token) automatic prolongation of expiration,security issues,None,False,None,0
4348,Security issues with PHP&#39;s Readfile method,security issues,None,False,None,0
4349,Security Issues About URL Basic Authentication,security issues,None,False,None,0
4350,Does using `.env` in production have security issues?,security issues,None,False,None,0
4351,Security issues with S3 signed file link,security issues,None,False,None,0
4352,"Loose directory/file permissions: pitfalls, security issues?",security issues,None,False,None,0
4353,API Token Authentication - Security issue,security issues,None,False,None,0
4354,Are the same security issues present when using eval(raw_input()) instead of input()?,security issues,None,False,None,0
4355,is data- attributes posing any security issues?,security issues,None,False,None,0
4356,Security issues in web services implemented using Django?,security issues,None,False,None,0
4357,Does migrating to a newer framework version resolve security issues,security issues,None,False,None,0
4358,CakePHP Security Issue,security issues,None,False,None,0
4359,Security issues of compiling against older JDKs,security issues,None,False,None,0
4360,What is the best way to test a node.js web server for security issues?,security issues,None,False,None,0
4361,Windows Phone 7 Security Issues,security issues,None,False,None,0
4362,Security Issues with Anaconda?,security issues,None,False,None,0
4363,What are security issues in creating file,security issues,None,False,None,0
4364,Thread pool stack security issue,security issues,None,False,None,0
4365,Does port forwarding pose any security issues?,security issues,None,False,None,0
4366,/js/mage cannot be crawled by Google - Security issues?,security issues,None,False,None,0
4367,Security issues from uploading files to the system,security issues,None,False,None,0
4368,Upgrading python3-pip for security issues,security issues,None,False,None,0
4369,Simple explanation of security issues related to input() vs raw_input(),security issues,None,False,None,0
4370,Security Issues in Rails raised by Brakeman,security issues,None,False,None,0
4371,Security Issues with Docusign API,security issues,None,False,None,0
4372,Iframe – let the user pick the src - any security issues?,security issues,None,False,None,0
4373,What are the security issues with letting users upload videos and text documents?,security issues,None,False,None,0
4374,Is there a security issue parsing urls using php,security issues,None,False,None,0
4375,Security issues of process table in xv6,security issues,None,False,None,0
4376,How to handle security issues with FluentPDO in PHP?,security issues,None,False,None,0
4377,Any security issues adding a strong name key to source control for an open source project?,security issues,None,False,None,0
4378,Elasticsearch enable security issues,security issues,None,False,None,0
4379,Security issues surrounding the runtime engine in jbpm 6.1?,security issues,None,False,None,0
4380,Is MD5 still good enough to uniquely identify files?,security issues,None,False,None,0
4381,Security issues I should be aware of with jupyter notebook?,security issues,None,False,None,0
4382,Are there any security issues with enabling CLR on SQL SERVER 2005?,security issues,None,False,None,0
4383,Are there any security issues setting `document.domain = document.domain;`?,security issues,None,False,None,0
4384,"Can&#39;t update alpha channel on Google Play Store for security issue, but no security issues are l",security issues,None,False,None,0
4385,What security issues next.js talks about for next/image?,security issues,None,False,None,0
4386,Security issues of not checking data type,security issues,None,False,None,0
4387,Multiple Domain Security Issues in ASP.NET 4,security issues,None,False,None,0
4388,The exact security issue behind new Buffer(),security issues,None,False,None,0
4389,Security issues in third party HTML content,security issues,None,False,None,0
4390,Security Issues:Maintaining HTTP session only in cookies,security issues,None,False,None,0
4391,Security issue?,security issues,None,False,None,0
4392,AllowOverride security issues,security issues,None,False,None,0
4393,findbugs and database password security issue,security issues,None,False,None,0
4394,How to fix security issue in python?,security issues,None,False,None,0
4395,Getting some Security issues with IIS,security issues,None,False,None,0
4396,How do I create sample security issues on Docker?,security issues,None,False,None,0
4397,"XML file save, potential security issues?",security issues,None,False,None,0
4398,Security issues by using public-read object for s3 images,security issues,None,False,None,0
4399,"Showing external content on site, without security issues",security issues,None,False,None,0
4400,payment gateway (eWay) page in iframe - any security issues?,security issues,None,False,None,0
4401,Webpack security issue - css-loader,security issues,None,False,None,0
4402,GitHub security issue in a repository,security issues,None,False,None,0
4403,codeigniter login system security issue,security issues,None,False,None,0
4404,How can protect PostgREST from sql injection and other security issues?,security issues,None,False,None,0
4405,What are possible security issues in Android,security issues,None,False,None,0
4406,Javascript Widget versues iFrame? Security issues?,security issues,None,False,None,0
4407,Security issues with Wordnik API AS3,security issues,None,False,None,0
4408,Spring Security Issues,security issues,None,False,None,0
4409,Drupal: does removing these lines from .htaccess cause security issues?,security issues,None,False,None,0
4410,Security Issues of App,security issues,None,False,None,0
4411,C++ mysterious code. any security issue?,security issues,None,False,None,0
4412,Android word dictionary security issue,security issues,None,False,None,0
4413,How to fix Java 11 docker image security issues,security issues,None,False,None,0
4414,XPCOM Security issues,security issues,None,False,None,0
4415,Security issues with reading a JS array?,security issues,None,False,None,0
4416,Securitydb.mdw security issues,security issues,None,False,None,0
4417,"CDI and EJB, security issues?",security issues,None,False,None,0
4418,Supabase RPC: SQL Injection and other security issues,security issues,None,False,None,0
4419,Security issues with mobile app,security issues,None,False,None,0
4420,Are there any known security issues while reading files in Java?,security issues,None,False,None,0
4421,Security issues with CRAN packages,security issues,None,False,None,0
4422,FCKEDITOR security issue,security issues,None,False,None,0
4423,HTML sanitizer using regex &amp; security issues,security issues,None,False,None,0
4424,Deserialization of Untrusted Data in JMS Security Issue,security issues,None,False,None,0
4425,SQL Server : Is it necessary to disable SA user for security issues?,security issues,None,False,None,0
4426,How to deal with old web site with security issues?,security issues,None,False,None,0
4427,does disabling trust evaluation for localhost server add security issue,security issues,None,False,None,0
4428,socketio security issue and differences of socketio and long polling,security issues,None,False,None,0
4429,Firefox Websocket security issue,security issues,None,False,None,0
4430,Will Index Errors Cause Security Issues?,security issues,None,False,None,0
4431,What could be a security issue in this Perl?,security issues,None,False,None,0
4432,Java JDK minor updates regarding Security Issues,security issues,None,False,None,0
4433,Loadrunner and security issues,security issues,None,False,None,0
4434,HTML5 Canvas cross-domain security issue,security issues,None,False,None,0
4435,Security issues with applet,security issues,None,False,None,0
4436,What security issues need to be addressed when working with Google App Engine?,security issues,None,False,None,0
4437,What are the security issues around an open websocket connection?,security issues,None,False,None,0
4438,How to check apk files for common security issues before the deployment?,security issues,None,False,None,0
4439,Using user editable image URL in application. Security issues,security issues,None,False,None,0
4440,Bandit B404 security issue with subprocess import?,security issues,None,False,None,0
4441,Potential security issues with localhost index directory?,security issues,None,False,None,0
4442,Mongo query security issue?,security issues,None,False,None,0
4443,Laravel process component Security issue?,security issues,None,False,None,0
4444,Security issues storing config file in json/CPickle,security issues,None,False,None,0
4445,Symfony 1.4 installation and security issues,security issues,None,False,None,0
4446,Application security issues to consider,security issues,None,False,None,0
4447,ORMs name mapping security issue,security issues,None,False,None,0
4448,Website Security Issues,security issues,None,False,None,0
4449,What security issue is caused by changing the visibility of a fork on Github?,security issues,None,False,None,0
4450,Jenkins configuration and security issues,security issues,None,False,None,0
4451,Security issues with session PHP objects,security issues,None,False,None,0
4452,Is there a collection of old security issues with description and exercising code for the Java platf,security issues,None,False,None,0
4453,Any security issue with sending login data with jQuery?,security issues,None,False,None,0
4454,ParseUser setReadAccess security issue,security issues,None,False,None,0
4455,Security issue - Deserialization of Untrusted Data in JMS,security issues,None,False,None,0
4456,XSLT calls are broken due to security issues,security issues,None,False,None,0
4457,Security Issues: Injecting web3js into the window object of HTML,security issues,None,False,None,0
4458,Moving large swf to S3 causes security issues,security issues,None,False,None,0
4459,Ajax security issues and possible attacks,security issues,None,False,None,0
4460,Security Issues by calling require() with untrusted string (require.js),security issues,None,False,None,0
4461,Spring Cloud security issues,security issues,None,False,None,0
4462,Java Applet Security Issues,security issues,None,False,None,0
4463,Security Issue on Accessing Remote Image with dompdf,security issues,None,False,None,0
4464,OAuth authentication client side security issues,security issues,None,False,None,0
4465,Will Bouncy castle cause any security issue,security issues,None,False,None,0
4466,Security issues regarding ajax,security issues,None,False,None,0
4467,Will upcasting classes affect the method call? Why? Security issues?,security issues,None,False,None,0
4468,Logging statement security issue,security issues,None,False,None,0
4469,"Authentication with AngularJS, session management and security issues with REST Api WS",security issues,None,False,None,0
4470,What security issues appear when users can upload their own files?,security issues,None,False,None,0
4471,ASP.NET Bundling and Minification Security Issue,security issues,None,False,None,0
4472,Strange MySQL Popup &quot;Mysql Installer is running community mode&quot;,security issues,None,False,None,0
4473,Elastic Beanstalk CLI security token issues,security issues,None,False,None,0
4474,Resetting ASP.NET password - security issues?,security issues,None,False,None,0
4475,When is this Rack::Protection::FormToken a security issue?,security issues,None,False,None,0
4476,File Upload and Security issues,security issues,None,False,None,0
4477,Security issues with PHP with cPanel and shared hosting,security issues,None,False,None,0
4478,Wordpress Post and Security Issues,security issues,None,False,None,0
4479,"What are the best sources to find news about PHP, Zend Framework, JavaScript security issues",security issues,None,False,None,0
4480,Security Issues with Write Permissions on Web.config,security issues,None,False,None,0
4481,django smart-select security issue,security issues,None,False,None,0
4482,Creating a sandbox/appdomain in asp.net web app - security issues,security issues,None,False,None,0
4483,Where&#39;s the security issue in my file,security issues,None,False,None,0
4484,Security issues regarding links in PHPBB2,security issues,None,False,None,0
4485,android-security ... How do I fix this jquery security alert: &quot;Your app contains one or more li,security issues,None,False,None,0
4486,Getting security issues saying WebViews Allowing Access to Local Resources for Android in react nati,security issues,None,False,None,0
4487,Security issues in PHP/Sql,security issues,None,False,None,0
4488,"Perl eval, awk system() getline. Both have security issues, Is one safer than another? why?",security issues,None,False,None,0
4489,Is allowing global CORS in my case security issue,security issues,None,False,None,0
4490,How to use localStorage without any security issues?,security issues,None,False,None,0
4491,Are there security issues with using ajax to send user objects to server?,security issues,None,False,None,0
4492,Security issues with online-judge,security issues,None,False,None,0
4493,"in general, in javascript, isn&#39;t using innerHTML an [in]security issue?",security issues,None,False,None,0
4494,Will prefixing a namespace to Type.GetType() mitigate security issues?,security issues,None,False,None,0
4495,Jboss security issue CVE-2010-0738,security issues,None,False,None,0
4496,Security issues in Premium Theme,security issues,None,False,None,0
4497,C# - Validating xml file against local .xsd security issues,security issues,None,False,None,0
4498,How can I test SonarQube to see how well it actually works for catching security issues in a spring ,security issues,None,False,None,0
4499,"security issue, when an json element contains html?",security issues,None,False,None,0
4500,WebSphere Java Security Issue :,security issues,None,False,None,0
4501,Data inserted in Website - security issue,security issues,None,False,None,0
4502,Take a screenshot of a webpage with JavaScript?,security issues,None,False,None,0
4503,Security issues regarding a configuration xml file,security issues,None,False,None,0
4504,Security issues with rights to Network Service account,security issues,None,False,None,0
4505,PHP: Can using strlen/mb_strlen incorrectly ever result in security issues?,security issues,None,False,None,0
4506,What security issues may have when Silverlight App in full screen mode?,security issues,None,False,None,0
4507,"Canvas drawImage does not draw in Cordova, security issue?",security issues,None,False,None,0
4508,Iframe Security Issues,security issues,None,False,None,0
4509,mysqlclient-python &amp; security issues,security issues,None,False,None,0
4510,Android security issues,security issues,None,False,None,0
4511,Would a public upload folder be a security issue?,security issues,None,False,None,0
4512,Could not establish trust relationship for SSL/TLS secure channel -- SOAP,security issues,None,False,None,0
4513,Delphi Indy GMail security issues,security issues,None,False,None,0
4514,Are there any possible security issues if I let users upload their own html/css/js files?,security issues,None,False,None,0
4515,Any disadvantages or security issues for having website and databases on separate servers?,security issues,None,False,None,0
4516,What are the common security issues that has to be addressed for Android mobile client app of an web,security issues,None,False,None,0
4517,Security Issue if Javascript evaluated by Java on the Server,security issues,None,False,None,0
4518,Laravel token authentication security issue,security issues,None,False,None,0
4519,What security issues can I possibly run into by having 3rd party RSS feeds on a secure page,security issues,None,False,None,0
4520,Is defining a value in C a security issue?,security issues,None,False,None,0
4521,Security issue of changing type=&quot;password&quot; into type=&quot;text&quot;,security issues,None,False,None,0
4522,isschildwroteandexecuted marked as critical security issue,security issues,None,False,None,0
4523,What are the potential security issues in this implementation of SSO?,security issues,None,False,None,0
4524,Are there any security issues in using environment variables like this?,security issues,None,False,None,0
4525,CoreBluetooth IOS pairing security issues,security issues,None,False,None,0
4526,What is &#39;memory leak&#39; ? It is a performance issue or security issue?,security issues,None,False,None,0
4527,Beanstalkd / Pheanstalk security issue,security issues,None,False,None,0
4528,What security issues should I look out for in PHP,security issues,None,False,None,0
4529,"sendBeacon API not working temporarily due to security issue, any workaround?",security issues,None,False,None,0
4530,How to overcome this security issue,security issues,None,False,None,0
4531,"Security issues with three browsers (Chrome, Edge, Firefox) and websockets using autobahn",security issues,None,False,None,0
4532,Django i18n External Redirect security issue,security issues,None,False,None,0
4533,zf2 captcha validation security issue,security issues,None,False,None,0
4534,security issues using azure remoteapp,security issues,None,False,None,0
4535,Security issues with opening a Socket with a url and port of an external machine to play streaming a,security issues,None,False,None,0
4536,Is letting users access cookies through javascript a security issue,security issues,None,False,None,0
4537,Are server 500 errors a security issue?,security issues,None,False,None,0
4538,Java script in IFRAME security issues,security issues,None,False,None,0
4539,"HttpContext.Current.RewritePath(Request.ApplicationPath, false); asp.net MVC security issue",security issues,None,False,None,0
4540,Security issues with PHP Sandbox,security issues,None,False,None,0
4541,How to resolve Vulnerable Named Pipes security issues in attach surface analyzer report?,security issues,None,False,None,0
4542,HTML5 Canvas getImageData - Security Issue,security issues,None,False,None,0
4543,AJAX Security Issue,security issues,None,False,None,0
4544,SPA OpenID Connect Security Issues,security issues,None,False,None,0
4545,Spring security issue,security issues,None,False,None,0
4546,Potential security issue with md5 filename,security issues,None,False,None,0
4547,using Go linter with security issue,security issues,None,False,None,0
4548,S3 upload image file security issue,security issues,None,False,None,0
4549,Did Not Connect: Potential Security Issue laravel localhost on mac,security issues,None,False,None,0
4550,"asp.net security issue, customErrors",security issues,None,False,None,0
4551,Security Issue while using js amcharts with PHP,security issues,None,False,None,0
4552,Security issues in accepting passwords vs auto generating the password,security issues,None,False,None,0
4553,Security issue: Parsing HTML with XMLHttpRequest?,security issues,None,False,None,0
4554,Web Application Login Authentication and Security Issue,security issues,None,False,None,0
4555,Django template tags security issue,security issues,None,False,None,0
4556,CordovaWebViewImpl security issue,security issues,None,False,None,0
4557,SpringBoot @WebMvcTest security issue,security issues,None,False,None,0
4558,Security Issues ASP.NET integrated Authentication,security issues,None,False,None,0
4559,SpringBoot App Stopped Working - Security Issues,security issues,None,False,None,0
4560,How to fix &quot;Trust boundary violation -Security Issue&quot; in Coverity (Security Tool similar t,security issues,None,False,None,0
4561,Potential Security Issues with PHP&#39;s ZipArchive,security issues,None,False,None,0
4562,Log4j2 security issue,security issues,None,False,None,0
4563,Codeigniter and jQuery application security issue or paranoia?,security issues,None,False,None,0
4564,Drupal Custom Templating Security Issues,security issues,None,False,None,0
4565,crossdomain.xml and security issues,security issues,None,False,None,0
4566,Security issues in pig,security issues,None,False,None,0
4567,Security Issues on iPhone,security issues,None,False,None,0
4568,How to fix sonar &quot;Make sure that hashing data is safe here&quot; security issue,security issues,None,False,None,0
4569,Security issues with jLinq,security issues,None,False,None,0
4570,Security issues for Enabling AllowElevatedTrustAppsInBrowser for elevated Silverlight application,security issues,None,False,None,0
4571,What is the security issue with my code?,security issues,None,False,None,0
4572,is there any security issue if I send a path in a QueryString?,security issues,None,False,None,0
4573,Security issue with port 80,security issues,None,False,None,0
4574,Origin &lt;origin&gt; is not allowed by Access-Control-Allow-Origin,security issues,None,False,None,0
4575,SQL and security issues,security issues,None,False,None,0
4576,Oauth2 Access Token Security Issue + angular 2,security issues,None,False,None,0
4577,Caching on shared server - security issue for local cache directory?,security issues,None,False,None,0
4578,Link manipulation (DOM-based) Security Issues - Angular 7 Application,security issues,None,False,None,0
4579,Change TYPE attribute via JS. Is it a security issue?,security issues,None,False,None,0
4580,.NET 4.0 XBAP security issues with GAC,security issues,None,False,None,0
4581,XMLHttpRequest getting Errors and Security Issues,security issues,None,False,None,0
4582,Security issues with using Yii Framework,security issues,None,False,None,0
4583,Is there a security issue with the following code?,security issues,None,False,None,0
4584,Security issues with generating passwords in Python?,security issues,None,False,None,0
4585,paypal rest api credentials possible security issue?,security issues,None,False,None,0
4586,Email macro security issue,security issues,None,False,None,0
4587,Spring Cloud Contracts and Spring Security issues,security issues,None,False,None,0
4588,Row level security issues on insert,security issues,None,False,None,0
4589,Security issues when using Amazon S3 file hosting for Flex modules/swfs,security issues,None,False,None,0
4590,Security issue with Vaadin 8 and outdated HighCharts library,security issues,None,False,None,0
4591,Sencha Touch - Security issue with calling webservice,security issues,None,False,None,0
4592,How to fix SUPEE-9652 Resolve Zend Framework Security Issue,security issues,None,False,None,0
4593,REST API and Corda Security issues,security issues,None,False,None,0
4594,Stripe security issue,security issues,None,False,None,0
4595,Any coding security issues specific to C#?,security issues,None,False,None,0
4596,Is category method overriding a potential security issue?,security issues,None,False,None,0
4597,Spring Security : Issue with Authorities,security issues,None,False,None,0
4598,osCommerce Security Issue,security issues,None,False,None,0
4599,exposing jwt to client can cause security issue,security issues,None,False,None,0
4600,Shibboleth External Authentication Security issues,security issues,None,False,None,0
4601,How to fix &quot;Cookie set without httpOnly&quot; security Issue in GWT,security issues,None,False,None,0
4602,XSS security issue,security issues,None,False,None,0
4603,"Uploading &amp; extracting archive (zip, rar, targz, tarbz) automatically - security issue?",security issues,None,False,None,0
4604,Linked servers connection and security issues,security issues,None,False,None,0
4605,"Is the R package AWR.Athena, vulnerable to the security issue in log4j?",security issues,None,False,None,0
4606,Security issues in neb and underscore,security issues,None,False,None,0
4607,Is passing socket.id from server to client possible security issue?,security issues,None,False,None,0
4608,Using Google Sheets API with .NET 4.6 Security Issues,security issues,None,False,None,0
4609,Security Issue Related to OAuth Flow,security issues,None,False,None,0
4610,Service Control Security Issues in XPCOM,security issues,None,False,None,0
4611,Execute bash script from URL,security issues,None,False,None,0
4612,WCF security issue,security issues,None,False,None,0
4613,PHP Define security issues?,security issues,None,False,None,0
4614,Is showing TCM ID on th the public website a security issue?,security issues,None,False,None,0
4615,Potential security issues with variable variables,security issues,None,False,None,0
4616,Security issues with a middleware screener page,security issues,None,False,None,0
4617,Acegi Security Issue,security issues,None,False,None,0
4618,Security issue with hyperledger fabric&#39;s chain code (smart contract),security issues,None,False,None,0
4619,Security issues downloading application for MacOS - &quot;library load disallowed by system policy&q,security issues,None,False,None,0
4620,Rails `protect_from_forgery` commented out: security issue?,security issues,None,False,None,0
4621,Spring security issue with 404 error?,security issues,None,False,None,0
4622,PHP &amp; cron: security issues,security issues,None,False,None,0
4623,"PHP openssl_pkcs7_* needs files, security issue",security issues,None,False,None,0
4624,lwjgl java library is blocked being for security issues,security issues,None,False,None,0
4625,Handle iframe security issues (ex: &#39;X-Frame-Options&#39; to &#39;SAMEORIGIN&#39;),security issues,None,False,None,0
4626,OIDC - Dummy Redirect URL a security issue?,security issues,None,False,None,0
4627,ios9 app transport security issues different in simulator and device,security issues,None,False,None,0
4628,CVE-2011-4885 security issue and PHP 5.2,security issues,None,False,None,0
4629,Remote posting from one application to another application. Security issue?,security issues,None,False,None,0
4630,Security Issues regarding Mutexes,security issues,None,False,None,0
4631,Security issue in Visual Studio 2015 setup project,security issues,None,False,None,0
4632,Google API client security issues?,security issues,None,False,None,0
4633,Security issue with exposing TURN server credentials in WebRTC,security issues,None,False,None,0
4634,Xml security issues SAXParserFactory,security issues,None,False,None,0
4635,Url Rewriting - Does that cause a security issue?,security issues,None,False,None,0
4636,php uploading a file security issues?,security issues,None,False,None,0
4637,Is incorrect mix of protocol and port in Tomcat a security issue?,security issues,None,False,None,0
4638,web security issue?,security issues,None,False,None,0
4639,What if the public key is lost? Is that a security issue?,security issues,None,False,None,0
4640,REST API Security Issues,security issues,None,False,None,0
4641,Google Play Security Issues?,security issues,None,False,None,0
4642,Drupal 7 Security Issues,security issues,None,False,None,0
4643,load() function security issues,security issues,None,False,None,0
4644,Site Cookies - Are there any security issues?,security issues,None,False,None,0
4645,Pass django variable to javascript file without security issues,security issues,None,False,None,0
4646,Can RTTI cause security issues on certain platforms?,security issues,None,False,None,0
4647,NodeJS API - security issues,security issues,None,False,None,0
4648,Security issues installing nodejs,security issues,None,False,None,0
4649,security issues with user-supplied CSS?,security issues,None,False,None,0
4650,Are there any security issues if I open a port for public on my AWS EC2 for running slackbot,security issues,None,False,None,0
4651,Laravel 8 project deploy to shared hosting - security issues and public_html folder,security issues,None,False,None,0
4652,How to find any potential security issues in PHP and MySQL,security issues,None,False,None,0
4653,Update by key (integer) security issue,security issues,None,False,None,0
4654,How to pass security issues in Vista?,security issues,None,False,None,0
4655,What are the security issues to consider if shelling out from ASP.Net web app?,security issues,None,False,None,0
4656,"jquery, jsonp, error handling &amp; security issues",security issues,None,False,None,0
4657,Clarification on &quot;Cross Domain Ajax&quot; Security Issues,security issues,None,False,None,0
4658,Security issues after upgrading to Spring 3.2.8,security issues,None,False,None,0
4659,"Show HTML user input, security issue",security issues,None,False,None,0
4660,Directory traversal security issue,security issues,None,False,None,0
4661,"UltraVNC Single Click, unable to connect due to security issues",security issues,None,False,None,0
4662,Potential security issues of this user form,security issues,None,False,None,0
4663,c# online compiling and execution security issues,security issues,None,False,None,0
4664,Is passing array as GET parameter a security issue?,security issues,None,False,None,0
4665,Security Issues for allowing users to add own JavaScript to your site?,security issues,None,False,None,0
4666,Auth0 spring security issue,security issues,None,False,None,0
4667,MongoDB Security issue,security issues,None,False,None,0
4668,Clojure keyword example security issue,security issues,None,False,None,0
4669,Issues with my site&#39;s security built with codeigniter,security issues,None,False,None,0
4670,Security issue by adding user object as Spring SessionAttribute?,security issues,None,False,None,0
4671,node.js and server security issues,security issues,None,False,None,0
4672,Python SMTPLIB Gmail recipient security issues,security issues,None,False,None,0
4673,Grails warning about security issue when accessing domain object properties,security issues,None,False,None,0
4674,Vb.net Outlook Security Issue,security issues,None,False,None,0
4675,Spring Security 4 - issues with REST and security,security issues,None,False,None,0
4676,It&#39;s a security issue if I post the backend code of my open source project?,security issues,None,False,None,0
4677,Security issues in desktop app,security issues,None,False,None,0
4678,Is an expired X509 certificate on a website a security issue?,security issues,None,False,None,0
4679,How can I handle this security issue with form submiting?,security issues,None,False,None,0
4680,Will it be successfully published by google play console if having security issue?,security issues,None,False,None,0
4681,WCF security issue in Silverlight,security issues,None,False,None,0
4682,MOBSF android security issue,security issues,None,False,None,0
4683,Spring Boot Security - Issues with Logout Redirect,security issues,None,False,None,0
4684,What security issues might SendBroadcast cause and what is a better approach?,security issues,None,False,None,0
4685,"Android, would it be a security issue if jks file for signing is made public?",security issues,None,False,None,0
4686,LocalBroadcastManager and possible security related issues,security issues,None,False,None,0
4687,Powershell Get-Acl for HKLM:\SECURITY Issues,security issues,None,False,None,0
4688,Amazon Redshift Security Group Issues,security issues,None,False,None,0
4689,Security issues with using HTTP_REFERRER,security issues,None,False,None,0
4690,Azure blob storage images cause security issues when sharing webpages in Facebook,security issues,None,False,None,0
4691,Canvas toDataURI() on chrome security issue,security issues,None,False,None,0
4692,Security issues with SQL Query,security issues,None,False,None,0
4693,external swf no longer loading in modern browsers - security issue?,security issues,None,False,None,0
4694,Windows ce Security Issue,security issues,None,False,None,0
4695,Why can some people not reproduce this Python security issue?,security issues,None,False,None,0
4696,Will defining js variable as global cause any security issue?,security issues,None,False,None,0
4697,Possible security issues of setting Access-Control-Allow-Origin,security issues,None,False,None,0
4698,Spring Security issue - 404 error,security issues,None,False,None,0
4699,Unity3D to PHP Security Issues,security issues,None,False,None,0
4700,is Object.prototype.toString.call() a security issue?,security issues,None,False,None,0
4701,Security issues with oauth2-redirect and nip.io,security issues,None,False,None,0
4702,How do I fix this jquery security alert: &quot;Your app contains one or more libraries with known se,security issues,None,False,None,0
4703,security issues running a proxied app without ssl?,security issues,None,False,None,0
4704,Security issues in oracle ucm,security issues,None,False,None,0
4705,SOAP WCF security issue,security issues,None,False,None,0
4706,Openlayers IE security issue,security issues,None,False,None,0
4707,npmjs fs security issue,security issues,None,False,None,0
4708,Trello token security issue?,security issues,None,False,None,0
4709,capture user signature from client side - how to overcome security issues?,security issues,None,False,None,0
4710,Refused to load the script because it violates the following Content Security Policy directive,security issues,None,False,None,0
4711,SonarQube security hotspot issue for regex,security issues,None,False,None,0
4712,React Native Security Issues in Android Signed apk. 2 Issues: 1) app creates temp file &amp; 2) TCP ,security issues,None,False,None,0
4713,High-security-issue-affecting-Mule-runtimes-of-all-supported-versions-March-19th-2020,security issues,None,False,None,0
4714,android -security issues and protecting data and url,security issues,None,False,None,0
4715,PHP - MySQL Security Issue?,security issues,None,False,None,0
4716,Coverity complains about uncaught exception(s). What security issue are linked to such?,security issues,None,False,None,0
4717,TYPO3: Suspicious values for &quot;type&quot; parameter. Security issue?,security issues,None,False,None,0
4718,Another Spring Security issue,security issues,None,False,None,0
4719,Embedding Cassandra - Security Manager issues,security issues,None,False,None,0
4720,Stand Alone ROR App Security Issues,security issues,None,False,None,0
4721,Security issues with phonegap remote server access,security issues,None,False,None,0
4722,Clickonce deployment security issue,security issues,None,False,None,0
4723,Spring Security Issue creating bean,security issues,None,False,None,0
4724,User login form for external website security issues,security issues,None,False,None,0
4725,What is the way to ignore/skip some issues from python bandit security issues report?,security issues,None,False,None,0
4726,Web service security issue,security issues,None,False,None,0
4727,Are NPAPI plugin security issues same as a downloadable app that connects to the internet,security issues,None,False,None,0
4728,security issues on displaying pdf documents by uiwebview,security issues,None,False,None,0
4729,Tornado security issue,security issues,None,False,None,0
4730,Is the PECL imagick extension also vulnerable to the new ImageMagick security issue?,security issues,None,False,None,0
4731,is there security issue if you use eval() with locals only?,security issues,None,False,None,0
4732,Are there any security issues or vulnerabilities by adding or using some open source visual studio e,security issues,None,False,None,0
4733,Security issue when sending auth credentials as GET parameters,security issues,None,False,None,0
4734,Upgrading from logback 1.2.3 to 1.4.14 to clear security issues. Where to find documentation related,security issues,None,False,None,0
4735,Does adding a user without a password to a Docker container pose a security issue?,security issues,None,False,None,0
4736,.NET Framework security issue,security issues,None,False,None,0
4737,Get hostname from request in Play Framework. Security issue?,security issues,None,False,None,0
4738,Camel REST path params in headers - a security issue?,security issues,None,False,None,0
4739,CRUD Delete salesforce security issue,security issues,None,False,None,0
4740,security issue in connecting to a database in using jdbc,security issues,None,False,None,0
4741,DNN 8.0.3.5 jQuery 1.9.1 Security Issue,security issues,None,False,None,0
4742,Android security vulnerability issues for PIE,security issues,None,False,None,0
4743,Delphi and Microsoft ATL security issue,security issues,None,False,None,0
4744,Can you find the web security issue here?,security issues,None,False,None,0
4745,Possible security issues in a trading app (Django),security issues,None,False,None,0
4746,Spring MVC application filtering HTML in URL - Is this a security issue?,security issues,None,False,None,0
4747,Kubernetes kubelet security issue,security issues,None,False,None,0
4748,Is running pure JavaScript queries within a Node.js program a security issue?,security issues,None,False,None,0
4749,Basic PHP Security Issue,security issues,None,False,None,0
4750,security issues with echoing a user entered text,security issues,None,False,None,0
4751,symfony2 - security issue with login check,security issues,None,False,None,0
4752,asp.net forms authentification security issues,security issues,None,False,None,0
4753,Spring Security Role Hierarchy issues,security issues,None,False,None,0
4754,ethereumjs - signature security issue,security issues,None,False,None,0
4755,php file extensions: security issue?,security issues,None,False,None,0
4756,Is JSONP safe to use?,security issues,None,False,None,0
4757,Sucuri 404javascript.js security issue or internal server error,security issues,None,False,None,0
4758,Security issue with phpmyadmin 4.7.4 bundled with XAMPP,security issues,None,False,None,0
4759,tableau server security issues in version 9,security issues,None,False,None,0
4760,App Engine session security issues,security issues,None,False,None,0
4761,Why is suhosin.executor.allow_symlink a security issue?,security issues,None,False,None,0
4762,User input that ONLY gets emailed (no db query) -- what are the security issues?,security issues,None,False,None,0
4763,Is there any security issue in using same name for textbox and table field?,security issues,None,False,None,0
4764,MVC4 security issue for a Telerik project template,security issues,None,False,None,0
4765,What Security Issues I should have in PHP Hosting,security issues,None,False,None,0
4766,Smart Cards basic security issues,security issues,None,False,None,0
4767,Avoiding Remember me security issues,security issues,None,False,None,0
4768,Uncertainty in Bayesian analysis application to security issues,security issues,None,False,None,0
4769,IBM Websphere security issue - Password reset,security issues,None,False,None,0
4770,Isn&#39;t CSRF a browser security issue?,security issues,None,False,None,0
4771,Database security issue in MSSQL vs. MYSQL,security issues,None,False,None,0
4772,Is there a security issue if I create folders inside a wordpress installation?,security issues,None,False,None,0
4773,Is a good practice has a parameter for not check security issues when I have my app in debug?,security issues,None,False,None,0
4774,Android Assets database security issues?,security issues,None,False,None,0
4775,HTML5 offline authentication security issues,security issues,None,False,None,0
4776,Security issues when sending POST request wih CakePHP,security issues,None,False,None,0
4777,Spring Security issue with securing URLs dynamically,security issues,None,False,None,0
4778,MDX CA 2100 Security Issue,security issues,None,False,None,0
4779,Is writing business logic on client side a security Issue,security issues,None,False,None,0
4780,Cannot run Create-React-App in chrome extension with manifest v3 due to security issues,security issues,None,False,None,0
4781,ASP.NET MVC Web API Authentication Token Security Issues,security issues,None,False,None,0
4782,Spring 4 MVC + security issue,security issues,None,False,None,0
4783,Fixing XSS security issue in php,security issues,None,False,None,0
4784,Java serialization security issues (fail customer&#39;s security standards ),security issues,None,False,None,0
4785,Asp.net mvc application deployment / security issues,security issues,None,False,None,0
4786,Security issue in microservices with Spring Boot,security issues,None,False,None,0
4787,Which JSON content type do I use?,API,None,False,None,0
4788,How do I get a YouTube video thumbnail from the YouTube API?,API,None,False,None,0
4789,Why does my JavaScript code receive a &quot;No &#39;Access-Control-Allow-Origin&#39; header is prese,API,None,False,None,0
4790,Proper use cases for Android UserManager.isUserAGoat()?,API,None,False,None,0
4791,Is there a way to run Python on Android?,API,None,False,None,0
4792,Detecting an &quot;invalid date&quot; Date instance in JavaScript,API,None,False,None,0
4793,How do I get ASP.NET Web API to return JSON instead of XML using Chrome?,API,None,False,None,0
4794,Is there any standard for JSON API response format?,API,None,False,None,0
4795,No &#39;Access-Control-Allow-Origin&#39; header is present on the requested resource—when trying to ,API,None,False,None,0
4796,Best practices for API versioning?,API,None,False,None,0
4797,Android getResources().getDrawable() deprecated API 22,API,None,False,None,0
4798,How do I convert an existing callback API to promises?,API,None,False,None,0
4799,"What&#39;s the difference between &quot;implementation&quot;, &quot;api&quot; and &quot;compile&quot",API,None,False,None,0
4800,How to measure time taken by a function to execute,API,None,False,None,0
4801,Best Practices for securing a REST API / web service,API,None,False,None,0
4802,Use of PUT vs PATCH methods in REST API real life scenarios,API,None,False,None,0
4803,Does IMDB provide an API?,API,None,False,None,0
4804,Retrieving Android API version programmatically,API,None,False,None,0
4805,Difference between FetchType LAZY and EAGER in Java Persistence API?,API,None,False,None,0
4806,application/x-www-form-urlencoded or multipart/form-data?,API,None,False,None,0
4807,Custom HTTP headers : naming conventions,API,None,False,None,0
4808,What are REST API error handling best practices?,API,None,False,None,0
4809,Improve INSERT-per-second performance of SQLite,API,None,False,None,0
4810,Why not inherit from List&lt;T&gt;?,API,None,False,None,0
4811,Changing API level Android Studio,API,None,False,None,0
4812,Pass an array of integers to ASP.NET Web API?,API,None,False,None,0
4813,WCF vs ASP.NET Web API,API,None,False,None,0
4814,"How can I get jQuery to perform a synchronous, rather than asynchronous, Ajax request?",API,None,False,None,0
4815,How to resolve java.lang.NoClassDefFoundError: javax/xml/bind/JAXBException,API,None,False,None,0
4816,What is Linux’s native GUI API?,API,None,False,None,0
4817,HTTP response code for POST when resource already exists,API,None,False,None,0
4818,This API project is not authorized to use this API. Please ensure that this API is activated in the ,API,None,False,None,0
4819,Where can I find documentation on formatting a date in JavaScript?,API,None,False,None,0
4820,How do I check if a file exists in Java?,API,None,False,None,0
4821,Call a REST API in PHP,API,None,False,None,0
4822,How to disable mouse scroll wheel scaling with Google Maps API,API,None,False,None,0
4823,HTTP headers in Websockets client API,API,None,False,None,0
4824,ASP.NET Core Web API exception handling,API,None,False,None,0
4825,getColor(int id) deprecated on Android 6.0 Marshmallow (API 23),API,None,False,None,0
4826,How to set the Content-Type header for an HttpClient request?,API,None,False,None,0
4827,Convert a PHP object to an associative array,API,None,False,None,0
4828,Google Maps API v3: How to remove all markers?,API,None,False,None,0
4829,Difference between SPI and API?,API,None,False,None,0
4830,Gradle Implementation vs API configuration,API,None,False,None,0
4831,API pagination best practices,API,None,False,None,0
4832,POSTing JsonObject With HttpClient From Web API,API,None,False,None,0
4833,Google Maps JS API v3 - Simple Multiple Marker Example,API,None,False,None,0
4834,REST API Best practice: How to accept list of parameter values as input,API,None,False,None,0
4835,When do I use path parameters vs. query parameters in a RESTful API?,API,None,False,None,0
4836,Using HTML5/Canvas/JavaScript to take in-browser screenshots,API,None,False,None,0
4837,What are the nuances of scope prototypal / prototypical inheritance in AngularJS?,API,None,False,None,0
4838,Best practice for storing and protecting private API keys in applications,API,None,False,None,0
4839,Fetch API with Cookie,API,None,False,None,0
4840,Separate REST JSON API server and client?,API,None,False,None,0
4841,Which status code should I use for failed validations or invalid duplicates?,API,None,False,None,0
4842,node.js remove file,API,None,False,None,0
4843,Fetch API vs XMLHttpRequest,API,None,False,None,0
4844,YouTube API to fetch all videos on a channel,API,None,False,None,0
4845,How do I post form data with fetch api?,API,None,False,None,0
4846,Why doesn&#39;t adding CORS headers to an OPTIONS route allow browsers to access my API?,API,None,False,None,0
4847,Difference between API and ABI,API,None,False,None,0
4848,How can I read all files in a folder from Java?,API,None,False,None,0
4849,How to pass a querystring or route parameter to AWS Lambda from Amazon API Gateway,API,None,False,None,0
4850,Simple HTTP server in Java using only Java SE API,API,None,False,None,0
4851,How to download excel (.xls) file from API in postman?,API,None,False,None,0
4852,How to get the image size (height &amp; width) using JavaScript,API,None,False,None,0
4853,How to secure an ASP.NET Web API,API,None,False,None,0
4854,Sending Email in Android using JavaMail API without using the default/built-in app,API,None,False,None,0
4855,REST API Best practices: Where to put parameters?,API,None,False,None,0
4856,JWT authentication for ASP.NET Web API,API,None,False,None,0
4857,Invoke-customs are only supported starting with android 0 --min-api 26,API,None,False,None,0
4858,Get the current first responder without using a private API,API,None,False,None,0
4859,ServiceStack vs ASP.Net Web API,API,None,False,None,0
4860,Making an API call in Python with an API that requires a bearer token,API,None,False,None,0
4861,Posting a File and Associated Data to a RESTful WebService preferably as JSON,API,None,False,None,0
4862,Is there a link to the &quot;latest&quot; jQuery library on Google APIs?,API,None,False,None,0
4863,Is there a Google Keep API?,API,None,False,None,0
4864,"Understanding REST: Verbs, error codes, and authentication",API,None,False,None,0
4865,When should I use pointers instead of references in API-design?,API,None,False,None,0
4866,"REST API 404: Bad URI, or Missing Resource?",API,None,False,None,0
4867,What are the alternatives now that the Google web search API has been deprecated?,API,None,False,None,0
4868,What&#39;s an appropriate HTTP status code to return by a REST API service for a validation failure?,API,None,False,None,0
4869,What is the difference between compileSdkVersion and targetSdkVersion?,API,None,False,None,0
4870,The useState set method is not reflecting a change immediately,API,None,False,None,0
4871,How to add Web API to an existing ASP.NET MVC 4 Web Application project?,API,None,False,None,0
4872,How can I handle many-to-many relationships in a RESTful API?,API,None,False,None,0
4873,Accessing Session Using ASP.NET Web API,API,None,False,None,0
4874,Setting Authorization Header of HttpClient,API,None,False,None,0
4875,How to pass json POST data to Web API method as an object?,API,None,False,None,0
4876,Making a request to a RESTful API using Python,API,None,False,None,0
4877,Setting query string using Fetch GET request,API,None,False,None,0
4878,REST API Best practices: args in query string vs in request body,API,None,False,None,0
4879,Converting between java.time.LocalDateTime and java.util.Date,API,None,False,None,0
4880,How to return HTTP 500 from ASP.NET Core RC2 Web Api?,API,None,False,None,0
4881,ITMS-91053: Missing API declaration - Privacy,API,None,False,None,0
4882,Using async/await for multiple tasks,API,None,False,None,0
4883,What browsers support HTML5 WebSocket API?,API,None,False,None,0
4884,Missing Authentication Token while accessing API Gateway?,API,None,False,None,0
4885,Fetch API request timeout?,API,None,False,None,0
4886,Google Map API v3 — set bounds and center,API,None,False,None,0
4887,REST API Login Pattern,API,None,False,None,0
4888,Why is an OPTIONS request sent and can I disable it?,API,None,False,None,0
4889,What is the canonical way to check for errors using the CUDA runtime API?,API,None,False,None,0
4890,Best practice to return errors in ASP.NET Web API,API,None,False,None,0
4891,How to call a REST web service API from JavaScript?,API,None,False,None,0
4892,REST API - file (ie images) processing - best practices,API,None,False,None,0
4893,Maven dependency for Servlet 3.0 API?,API,None,False,None,0
4894,API vs. Webservice,API,None,False,None,0
4895,What is the difference between &#39;it&#39; and &#39;test&#39; in Jest?,API,None,False,None,0
4896,How can you use optional parameters in C#?,API,None,False,None,0
4897,"Facebook Graph API v2.0+ - /me/friends returns empty, or only friends who also use my application",API,None,False,None,0
4898,Return file in ASP.Net Core Web API,API,None,False,None,0
4899,Error retrieving parent for item: No resource found that matches the given name after upgrading to A,API,None,False,None,0
4900,Simplest PHP example for retrieving user_timeline with Twitter API version 1.1,API,None,False,None,0
4901,JSONDecodeError: Expecting value: line 1 column 1 (char 0),API,None,False,None,0
4902,How can I detect when an @Input() value changes in Angular?,API,None,False,None,0
4903,Differences between Java 8 Date Time API (java.time) and Joda-Time,API,None,False,None,0
4904,A definitive guide to API-breaking changes in .NET,API,None,False,None,0
4905,Kubernetes API - Get Pods on Specific Nodes,API,None,False,None,0
4906,Microsoft Web API: How do you do a Server.MapPath?,API,None,False,None,0
4907,if else statement in AngularJS templates,API,None,False,None,0
4908,Is there a Google Voice API?,API,None,False,None,0
4909,Returning http status code from Web Api controller,API,None,False,None,0
4910,Simulate a specific CURL in PostMan,API,None,False,None,0
4911,REST API Authentication,API,None,False,None,0
4912,How do I make calls to a REST API using C#?,API,None,False,None,0
4913,Post an empty body to REST API via HttpClient,API,None,False,None,0
4914,How to get POSTed JSON in Flask?,API,None,False,None,0
4915,"Hyphen, underscore, or camelCase as word delimiter in URIs?",API,None,False,None,0
4916,Communication between multiple docker-compose projects,API,None,False,None,0
4917,Kafka: Consumer API vs Streams API,API,None,False,None,0
4918,Difference between an API and SDK,API,None,False,None,0
4919,Distinct by property,API,None,False,None,0
4920,Restful API service,API,None,False,None,0
4921,Dealing with &quot;Xerces hell&quot; in Java/Maven?,API,None,False,None,0
4922,Response to preflight request doesn&#39;t pass access control check - No &#39;Access-Control-Allow-O,API,None,False,None,0
4923,CSV API for Java,API,None,False,None,0
4924,REST API - DTOs or not?,API,None,False,None,0
4925,Facebook API - How do I get a Facebook user&#39;s profile image through the Facebook API (without re,API,None,False,None,0
4926,API &#39;variant.getExternalNativeBuildTasks()&#39; is obsolete and has been replaced with &#39;vari,API,None,False,None,0
4927,Is it safe to expose Firebase apiKey to the public?,API,None,False,None,0
4928,How to implement a secure REST API with node.js,API,None,False,None,0
4929,How to build and use Google TensorFlow C++ api,API,None,False,None,0
4930,API Versioning for Rails Routes,API,None,False,None,0
4931,React this.setState is not a function,API,None,False,None,0
4932,Using an API key in Amazon API Gateway,API,None,False,None,0
4933,Maximum length of HTTP GET request,API,None,False,None,0
4934,API gateway vs. reverse proxy,API,None,False,None,0
4935,How to print a query string with parameter values when using Hibernate,API,None,False,None,0
4936,Get Android API level of phone currently running my application,API,None,False,None,0
4937,Find an element in DOM based on an attribute value,API,None,False,None,0
4938,what is right way to do API call in react js?,API,None,False,None,0
4939,Environment.getExternalStorageDirectory() deprecated in API level 29 java,API,None,False,None,0
4940,Best C# API to create PDF,API,None,False,None,0
4941,You need to use a Theme.AppCompat theme (or descendant) with this activity,API,None,False,None,0
4942,Separation of business logic and data access in django,API,None,False,None,0
4943,What exactly is the meaning of an API?,API,None,False,None,0
4944,Retrieve data from a ReadableStream object?,API,None,False,None,0
4945,When I should use PATCH or PUT in my REST API request and Design?,API,None,False,None,0
4946,The AsyncTask API is deprecated in Android 11. What are the alternatives?,API,None,False,None,0
4947,Access restriction: The type &#39;Application&#39; is not API (restriction on required library rt.ja,API,None,False,None,0
4948,Doing HTTP requests FROM Laravel to an external API,API,None,False,None,0
4949,Setting unique Constraint with fluent API?,API,None,False,None,0
4950,How can I pad a String in Java?,API,None,False,None,0
4951,Why is my variable unaltered after I modify it inside of a function? - Asynchronous code reference,API,None,False,None,0
4952,HttpClient.GetAsync(...) never returns when using await/async,API,None,False,None,0
4953,Why do we need middleware for async flow in Redux?,API,None,False,None,0
4954,Java Stream API - Best way to transform a list: map or forEach?,API,None,False,None,0
4955,Googlemaps API Key for Localhost,API,None,False,None,0
4956,What&#39;s the difference between ConcurrentHashMap and Collections.synchronizedMap(Map)?,API,None,False,None,0
4957,The number of method references in a .dex file cannot exceed 64k API 17,API,None,False,None,0
4958,Why does AngularJS include an empty option in select?,API,None,False,None,0
4959,Convert Iterable to Stream using Java 8 JDK,API,None,False,None,0
4960,How do I pass variables and data from PHP to JavaScript?,API,None,False,None,0
4961,When to Redis? When to MongoDB?,API,None,False,None,0
4962,How to determine CPU and memory consumption from inside a process,API,None,False,None,0
4963,Google Maps JavaScript API RefererNotAllowedMapError,API,None,False,None,0
4964,"List vs tuple, when to use each?",API,None,False,None,0
4965,Best practice to call ConfigureAwait for all server-side code,API,None,False,None,0
4966,Single controller with multiple GET methods in ASP.NET Web API,API,None,False,None,0
4967,How to log all requests and responses with exceptions in single place?,API,None,False,None,0
4968,prevent property from being serialized in web API,API,None,False,None,0
4969,Why do I get an ApiNotActivatedMapError when using Google Places API?,API,None,False,None,0
4970,Android API 21 Toolbar Padding,API,None,False,None,0
4971,Reading response headers with Fetch API,API,None,False,None,0
4972,RESTful API methods; HEAD &amp; OPTIONS,API,None,False,None,0
4973,Returning binary file from controller in ASP.NET Web API,API,None,False,None,0
4974,Google MAP API Uncaught TypeError: Cannot read property &#39;offsetWidth&#39; of null,API,None,False,None,0
4975,How to get the SHA-1 fingerprint certificate in Android Studio for debug mode?,API,None,False,None,0
4976,API Gateway CORS: no &#39;Access-Control-Allow-Origin&#39; header,API,None,False,None,0
4977,Why is HttpClient BaseAddress not working?,API,None,False,None,0
4978,Combination of async function + await + setTimeout,API,None,False,None,0
4979,Is there a way to list all resources in AWS,API,None,False,None,0
4980,How can I detect if this dictionary key exists in C#?,API,None,False,None,0
4981,How do I address unchecked cast warnings?,API,None,False,None,0
4982,How do I upload a file with the JS fetch API?,API,None,False,None,0
4983,How to watch props change with Vue Composition API / Vue 3?,API,None,False,None,0
4984,Detect if device is iOS,API,None,False,None,0
4985,Return HTML from ASP.NET Web API,API,None,False,None,0
4986,What is the difference between iter and into_iter?,API,None,False,None,0
4987,How to restart a single container with docker-compose,API,None,False,None,0
4988,Where do I find the project ID for the GitLab API?,API,None,False,None,0
4989,Use Invoke-WebRequest with a username and password for basic authentication on the GitHub API,API,None,False,None,0
4990,HTTP POST with URL query parameters -- good idea or not?,API,None,False,None,0
4991,docker.errors.DockerException: Error while fetching server API version,API,None,False,None,0
4992,Error “Target class controller does not exist” when using Laravel 8,API,None,False,None,0
4993,pinterest API documentation,API,None,False,None,0
4994,Securing Spring Boot API with API key and secret,API,None,False,None,0
4995,Web API Routing - api/{controller}/{action}/{id} &quot;dysfunctions&quot; api/{controller}/{id},API,None,False,None,0
4996,"Difference between @Before, @BeforeClass, @BeforeEach and @BeforeAll",API,None,False,None,0
4997,Web API Authentication Basic vs Bearer,API,None,False,None,0
4998,ASP.NET Web API Authentication,API,None,False,None,0
4999,JSONP with ASP.NET Web API,API,None,False,None,0
5000,Dot character &#39;.&#39; in MVC Web API 2 for request such as api/people/STAFF.45287,API,None,False,None,0
5001,Is there an API to get bank transaction and bank balance?,API,None,False,None,0
5002,How to convert java.util.Date to java.sql.Date?,API,None,False,None,0
5003,Difference between MVC 5 Project and Web Api Project,API,None,False,None,0
5004,Google Maps API v3: Can I setZoom after fitBounds?,API,None,False,None,0
5005,What is an API key?,API,None,False,None,0
5006,Web API Put Request generates an Http 405 Method Not Allowed error,API,None,False,None,0
5007,Is there a Wikipedia API?,API,None,False,None,0
5008,How do I securely use Google API Keys,API,None,False,None,0
5009,Creating an API for mobile applications - Authentication and Authorization,API,None,False,None,0
5010,What&#39;s the best approach for generating a new API key?,API,None,False,None,0
5011,How can I verify a Google authentication API access token?,API,None,False,None,0
5012,"How do I get a list of tables, the schema, a dump, using the sqlite3 API?",API,None,False,None,0
5013,Websocket API to replace REST API?,API,None,False,None,0
5014,Optional query string parameters in ASP.NET Web API,API,None,False,None,0
5015,ERROR: Google Maps API error: MissingKeyMapError,API,None,False,None,0
5016,javax vs java package,API,None,False,None,0
5017,Returning data from Axios API,API,None,False,None,0
5018,How to return a file using Web API?,API,None,False,None,0
5019,How to get temporary folder for current user,API,None,False,None,0
5020,Format a date using the new date time API,API,None,False,None,0
5021,API key Browser API keys cannot have referer restrictions when used with this API,API,None,False,None,0
5022,How to define multiple CSS attributes in jQuery?,API,None,False,None,0
5023,How to extract request http headers from a request using NodeJS connect,API,None,False,None,0
5024,Why use an API key and secret?,API,None,False,None,0
5025,What is the simplest and most robust way to get the user&#39;s current location on Android?,API,None,False,None,0
5026,Slack API conversations.history returns error: not_in_channel,API,None,False,None,0
5027,How to use Android&#39;s camera or camera2 API to support old and new API versions without deprecati,API,None,False,None,0
5028,How do I import the javax.servlet / jakarta.servlet API in my Eclipse project?,API,None,False,None,0
5029,What is an application binary interface (ABI)?,API,None,False,None,0
5030,Wordpress REST API (wp-api) 404 Error: Cannot access the WordPress REST API,API,None,False,None,0
5031,Where can I find the API KEY for Firebase Cloud Messaging?,API,None,False,None,0
5032,Design RESTful query API with a long list of query parameters,API,None,False,None,0
5033,Good tutorial for using HTML5 History API (Pushstate?),API,None,False,None,0
5034,Google Sheets API returns &quot;The caller does not have permission&quot; when using server key,API,None,False,None,0
5035,FFmpeg C API documentation/tutorial,API,None,False,None,0
5036,How to run travis-ci locally,API,None,False,None,0
5037,400 vs 422 response to POST of data,API,None,False,None,0
5038,How can I parse/format dates with LocalDateTime? (Java 8),API,None,False,None,0
5039,WARNING: API &#39;variant.getJavaCompile()&#39; is obsolete and has been replaced with &#39;variant.,API,None,False,None,0
5040,API Keys vs HTTP Authentication vs OAuth in a RESTful API,API,None,False,None,0
5041,Why derive from ControllerBase vs Controller for ASP.NET Core Web API?,API,None,False,None,0
5042,User Authentication in ASP.NET Web API,API,None,False,None,0
5043,REST API - why use PUT DELETE POST GET?,API,None,False,None,0
5044,What are logits? What is the difference between softmax and softmax_cross_entropy_with_logits?,API,None,False,None,0
5045,"Elasticsearch error: cluster_block_exception [FORBIDDEN/12/index read-only / allow delete (api)], fl",API,None,False,None,0
5046,How to convert JSON data into a Python object?,API,None,False,None,0
5047,Define global constants,API,None,False,None,0
5048,Adding an .env file to a React project,API,None,False,None,0
5049,No &#39;Access-Control-Allow-Origin&#39; - Node / Apache Port Issue,API,None,False,None,0
5050,Basic authentication for REST API using spring restTemplate,API,None,False,None,0
5051,Effectively use async/await with ASP.NET Web API,API,None,False,None,0
5052,getting message: forbidden reply from AWS API gateway,API,None,False,None,0
5053,Is there already a Google+ API?,API,None,False,None,0
5054,"OpenAI API error 429: &quot;You exceeded your current quota, please check your plan and billing deta",API,None,False,None,0
5055,Google Maps API warning: NoApiKeys,API,None,False,None,0
5056,How to specify the port an ASP.NET Core application is hosted on?,API,None,False,None,0
5057,How to construct a REST API that takes an array of id&#39;s for the resources,API,None,False,None,0
5058,AWS API Gateway: User anonymous is not authorized to execute API,API,None,False,None,0
5059,Are there any naming convention guidelines for REST APIs?,API,None,False,None,0
5060,"Windows 7, 64 bit, DLL problems",API,None,False,None,0
5061,urllib and &quot;SSL: CERTIFICATE_VERIFY_FAILED&quot; Error,API,None,False,None,0
5062,How to get the API token for Jenkins,API,None,False,None,0
5063,Pagination response payload from a RESTful API,API,None,False,None,0
5064,MVC web api: No &#39;Access-Control-Allow-Origin&#39; header is present on the requested resource,API,None,False,None,0
5065,How to add custom header to ASP.NET Core Web API response,API,None,False,None,0
5066,Python datetime to string without microsecond component,API,None,False,None,0
5067,What to use now Google News API is deprecated?,API,None,False,None,0
5068,Get user info via Google API,API,None,False,None,0
5069,What is the difference between a web API and a web service?,API,None,False,None,0
5070,How to get share counts using graph API,API,None,False,None,0
5071,Trying to use fetch and pass in mode: no-cors,API,None,False,None,0
5072,How do I hide an API key in Create React App?,API,None,False,None,0
5073,Place API key in Headers or URL,API,None,False,None,0
5074,How to get the insert ID in JDBC?,API,None,False,None,0
5075,Multiple HttpPost method in Web API controller,API,None,False,None,0
5076,How do I access the Kubernetes api from within a pod container?,API,None,False,None,0
5077,How to understand &quot;RESTful API is stateless&quot;?,API,None,False,None,0
5078,How do I truncate a .NET string?,API,None,False,None,0
5079,Real life trading API,API,None,False,None,0
5080,Best Tips for documenting code using doxygen?,API,None,False,None,0
5081,Dogfooding our own rate-limited API,API,None,False,None,0
5082,Is it possible to use the Java 8 Stream API on Android API &lt; 24?,API,None,False,None,0
5083,Do sessions really violate RESTfulness?,API,None,False,None,0
5084,"This IP, site or mobile application is not authorized to use this API key",API,None,False,None,0
5085,Recommended date format for REST GET API,API,None,False,None,0
5086,Is a HTTPS query string secure?,API,None,False,None,0
5087,Aren&#39;t promises just callbacks?,API,None,False,None,0
5088,Sending the bearer token with axios,API,None,False,None,0
5089,How to use API Routes in Laravel 5.3,API,None,False,None,0
5090,Redirect from asp.net web api post action,API,None,False,None,0
5091,"Why fragments, and when to use fragments instead of activities?",API,None,False,None,0
5092,Analytics Google API Error 403: &quot;User does not have any Google Analytics Account&quot;,API,None,False,None,0
5093,javax.xml.bind.JAXBException Implementation of JAXB-API has not been found on module path or classpa,API,None,False,None,0
5094,Allow Access-Control-Allow-Origin header using HTML5 fetch API,API,None,False,None,0
5095,intent.resolveActivity returns null in API 30,API,None,False,None,0
5096,How to extract custom header value in Web API message handler?,API,None,False,None,0
5097,Command to delete all pods in all kubernetes namespaces,API,None,False,None,0
5098,Can I escape HTML special chars in JavaScript?,API,None,False,None,0
5099,Web API creating API keys,API,None,False,None,0
5100,Swagger UI Web Api documentation Present enums as strings?,API,None,False,None,0
5101,How to pip install a package with min and max version range?,API,None,False,None,0
5102,"No Creators, like default construct, exist): cannot deserialize from Object value (no delegate- or p",API,None,False,None,0
5103,ReCaptcha API v2 Styling,API,None,False,None,0
5104,AWS Lambda API Gateway error: &quot;Malformed Lambda proxy response&quot;,API,None,False,None,0
5105,What exactly is the difference between Web API and REST API in MVC?,API,None,False,None,0
5106,SPA best practices for authentication and session management,API,None,False,None,0
5107,How to enable CORS in ASP.NET Core,API,None,False,None,0
5108,Getting json body in aws Lambda via API gateway,API,None,False,None,0
5109,How to add Web API to an existing ASP.NET MVC (5) Web Application project?,API,None,False,None,0
5110,How to create ASP.NET Web API Url?,API,None,False,None,0
5111,Axios: chaining multiple API requests,API,None,False,None,0
5112,POST Request with Fetch API?,API,None,False,None,0
5113,What is difference between REST and API?,API,None,False,None,0
5114,How to create a custom-shaped bitmap marker with Android map API v2,API,None,False,None,0
5115,How to write a Python module/package?,API,None,False,None,0
5116,Amazon API gateway timeout,API,None,False,None,0
5117,REST api: requesting multiple resources in a single get,API,None,False,None,0
5118,API Design: HTTP Basic Authentication vs API Token,API,None,False,None,0
5119,YouTube iframe API: how do I control an iframe player that&#39;s already in the HTML?,API,None,False,None,0
5120,Custom method names in ASP.NET Web API,API,None,False,None,0
5121,Auto-center map with multiple markers in Google Maps API v3,API,None,False,None,0
5122,Set GOOGLE_APPLICATION_CREDENTIALS in Python project to use Google API,API,None,False,None,0
5123,Handle ModelState Validation in ASP.NET Web API,API,None,False,None,0
5124,Mocha API Testing: getting &#39;TypeError: app.address is not a function&#39;,API,None,False,None,0
5125,React Native Android Fetch failing on connection to local API,API,None,False,None,0
5126,Python Requests - No connection adapters,API,None,False,None,0
5127,Couldn&#39;t locate lint-gradle-api-26.1.2.jar for Flutter project,API,None,False,None,0
5128,Merge lists with stream API,API,None,False,None,0
5129,Programmatically obtain the Android API level of a device?,API,None,False,None,0
5130,iTunes Connect API,API,None,False,None,0
5131,Failed to serialize the response in Web API with Json,API,None,False,None,0
5132,Multiple actions were found that match the request in Web Api,API,None,False,None,0
5133,Not receiving Google OAuth refresh token,API,None,False,None,0
5134,Windows API Code Pack: Where is it?,API,None,False,None,0
5135,"Missing SDK platform Android, API 18",API,None,False,None,0
5136,Google Maps API 3 - Custom marker color for default (dot) marker,API,None,False,None,0
5137,How to fetch XML with fetch api,API,None,False,None,0
5138,How to delete a node label by command and api?,API,None,False,None,0
5139,Why is my Button text forced to ALL CAPS on Lollipop?,API,None,False,None,0
5140,How to avoid &quot;too many parameters&quot; problem in API design?,API,None,False,None,0
5141,Google image search says api no longer available,API,None,False,None,0
5142,How to respond with an HTTP 400 error in a Spring MVC @ResponseBody method returning String,API,None,False,None,0
5143,Drawable tinting for api &lt;21,API,None,False,None,0
5144,How should I pass multiple parameters to an ASP.Net Web API GET?,API,None,False,None,0
5145,How to get MD5 sum of a string using python?,API,None,False,None,0
5146,How to get Kubernetes cluster name from K8s API,API,None,False,None,0
5147,What is the `sensor` parameter for in the Google Places API?,API,None,False,None,0
5148,What is the difference between an API App and a Web App?,API,None,False,None,0
5149,When to use record vs class vs struct,API,None,False,None,0
5150,The application may be doing too much work on its main thread,API,None,False,None,0
5151,Web API and ValidateAntiForgeryToken,API,None,False,None,0
5152,Alternatives to google maps api,API,None,False,None,0
5153,Proper way to set response status and JSON content in a REST API made with nodejs and express,API,None,False,None,0
5154,How to manage REST API versioning with spring?,API,None,False,None,0
5155,Is the Scala 2.8 collections library a case of &quot;the longest suicide note in history&quot;?,API,None,False,None,0
5156,How can I create a Java 8 LocalDate from a long Epoch time in Milliseconds?,API,None,False,None,0
5157,Proper use of the HsOpenSSL API to implement a TLS Server,API,None,False,None,0
5158,"I want to concat two strings for a TextView in android, Data Binding Api",API,None,False,None,0
5159,activeNetworkInfo.type is deprecated in API level 28,API,None,False,None,0
5160,GlobalConfiguration.Configure() not present after Web API 2 and .NET 4.5.1 migration,API,None,False,None,0
5161,How do API Keys and Secret Keys work? Would it be secure if I have to pass my API and secret keys to,API,None,False,None,0
5162,Net Core API: Purpose of ProducesResponseType,API,None,False,None,0
5163,Managing the lifetimes of garbage-collected objects,API,None,False,None,0
5164,JWT (JSON Web Token) automatic prolongation of expiration,API,None,False,None,0
5165,UnsupportedTemporalTypeException when formatting Instant to String,API,None,False,None,0
5166,Make REST API call in Swift,API,None,False,None,0
5167,Error: invalid_client no application name,API,None,False,None,0
5168,Difference between RxJava API and the Java 9 Flow API,API,None,False,None,0
5169,How do I detect dark mode using JavaScript?,API,None,False,None,0
5170,How can I see the entire HTTP request that&#39;s being sent by my Python application?,API,None,False,None,0
5171,Difference between DataSet API and DataFrame API,API,None,False,None,0
5172,Chrome Fullscreen API,API,None,False,None,0
5173,Call another rest api from my server in Spring-Boot,API,None,False,None,0
5174,How do I secure REST API calls?,API,None,False,None,0
5175,"Activity, AppCompatActivity, FragmentActivity, and ActionBarActivity: When to Use Which?",API,None,False,None,0
5176,Entity Framework Code First - Advantages and disadvantages of Fluent Api vs Data Annotations,API,None,False,None,0
5177,Which one is the best PDF-API for PHP?,API,None,False,None,0
5178,Python (and Python C API): __new__ versus __init__,API,None,False,None,0
5179,Google Search autocomplete API?,API,None,False,None,0
5180,Google goggles API,API,None,False,None,0
5181,Where can I find jenkins restful api reference?,API,None,False,None,0
5182,Build query string for System.Net.HttpClient get,API,None,False,None,0
5183,catch all unhandled exceptions in ASP.NET Web Api,API,None,False,None,0
5184,setImmediate vs. nextTick,API,None,False,None,0
5185,Android API Level vs Android Version,API,None,False,None,0
5186,How to use the C socket API in C++ on z/OS,API,None,False,None,0
5187,How to use the C socket API in C++ on z/OS,API,None,False,None,0
5188,Web API optional parameters,API,None,False,None,0
5189,Is there direct Google Meet API (instead of Google Calendar API)?,API,None,False,None,0
5190,ASP.NET Web API OperationCanceledException when browser cancels the request,API,None,False,None,0
5191,Best architectural approaches for building iOS networking applications (REST clients),API,None,False,None,0
5192,REST vs JSON-RPC?,API,None,False,None,0
5193,HttpClient not supporting PostAsJsonAsync method C#,API,None,False,None,0
5194,"Replies to a particular tweet, Twitter API",API,None,False,None,0
5195,Efficient way to remove ALL whitespace from String?,API,None,False,None,0
5196,Swashbuckle/Swagger + ASP.Net Core: &quot;Failed to load API definition&quot;,API,None,False,None,0
5197,Google Maps Android API v2 Authorization failure,API,None,False,None,0
5198,Mocking time in Java 8&#39;s java.time API,API,None,False,None,0
5199,"Do I need to hide API key when using google maps js API? If so, how?",API,None,False,None,0
5200,Facebook &#39;Friends.getAppUsers&#39; using Graph API,API,None,False,None,0
5201,Structuring online documentation for a REST API,API,None,False,None,0
5202,Scala framework for a Rest API Server?,API,None,False,None,0
5203,Enable CORS in Web API 2,API,None,False,None,0
5204,Get the IP address of the remote host in ASP.NET Web API,API,None,False,None,0
5205,Why does the Java API use int instead of short or byte?,API,None,False,None,0
5206,web-api POST body object always null,API,None,False,None,0
5207,All ASP.NET Web API controllers return 404,API,None,False,None,0
5208,Difference between framework vs Library vs IDE vs API vs SDK vs Toolkits?,API,None,False,None,0
5209,What&#39;s the API Key for in Google Maps API V3?,API,None,False,None,0
5210,UEFA/FIFA scores API,API,None,False,None,0
5211,Podcast search API,API,None,False,None,0
5212,Is it possible to send an array with the Postman Chrome extension?,API,None,False,None,0
5213,How to define UUID property in JSON Schema and Open API (OAS),API,None,False,None,0
5214,"Facebook Graph API, how to get users email?",API,None,False,None,0
5215,Simple post to Web Api,API,None,False,None,0
5216,What APIs are used to draw over other apps (like Facebook&#39;s Chat Heads)?,API,None,False,None,0
5217,Convention for HTTP response header to notify clients of deprecated API,API,None,False,None,0
5218,Asp Net Web API 2.1 get client IP address,API,None,False,None,0
5219,How do I cancel an HTTP fetch() request?,API,None,False,None,0
5220,Google Maps Api v3 - find nearest markers,API,None,False,None,0
5221,ReferenceError: fetch is not defined,API,None,False,None,0
5222,WCF vs ASP .Net Web API,API,None,False,None,0
5223,API to automatically upload apk to Google Play?,API,None,False,None,0
5224,Sinatra - API - Authentication,API,None,False,None,0
5225,Google maps API V3 - multiple markers on exact same spot,API,None,False,None,0
5226,TV guide listing API,API,None,False,None,0
5227,How do you manage the underlying codebase for a versioned API?,API,None,False,None,0
5228,Lightweight Java Object cache API,API,None,False,None,0
5229,Stock ticker symbol lookup API,API,None,False,None,0
5230,How to concatenate a string with the new 1.8 stream API,API,None,False,None,0
5231,How to add global ASP.Net Web Api Filters?,API,None,False,None,0
5232,How do you make a HTTP request with C++?,API,None,False,None,0
5233,How to post pictures to instagram using API,API,None,False,None,0
5234,Using secret api keys on travis-ci,API,None,False,None,0
5235,Android invalidateOptionsMenu() for API &lt; 11,API,None,False,None,0
5236,How do I prevent a Gateway Timeout with FastCGI on Nginx,API,None,False,None,0
5237,How do we determine whether we are using Web API 1 or Web API 2?,API,None,False,None,0
5238,How to force ASP.NET Web API to always return JSON?,API,None,False,None,0
5239,Document a GraphQL API,API,None,False,None,0
5240,Unable to verify leaf signature,API,None,False,None,0
5241,Upload files and JSON in ASP.NET Core Web API,API,None,False,None,0
5242,How to write a REST API?,API,None,False,None,0
5243,REST authentication and exposing the API key,API,None,False,None,0
5244,Find out what process registered a global hotkey? (Windows API),API,None,False,None,0
5245,How to verify JWT from AWS Cognito in the API backend?,API,None,False,None,0
5246,How to design RESTful search/filtering?,API,None,False,None,0
5247,Bloomberg Open API,API,None,False,None,0
5248,"React frontend and REST API, CSRF",API,None,False,None,0
5249,Calling a JSON API with Node.js,API,None,False,None,0
5250,FragmentStatePagerAdapter is deprecated from API 27,API,None,False,None,0
5251,Swagger not loading - Failed to load API definition: Fetch error undefined,API,None,False,None,0
5252,Google Maps Android API v2 - Interactive InfoWindow (like in original android google maps),API,None,False,None,0
5253,What does API level mean?,API,None,False,None,0
5254,How to implement REST token-based authentication with JAX-RS and Jersey,API,None,False,None,0
5255,Intellij - Unable to use newer Java 8 classes - Error : &quot;Usage of API documented as @since 1.6+,API,None,False,None,0
5256,Android - onAttach(Context) not called for API 23,API,None,False,None,0
5257,Maven parent pom vs modules pom,API,None,False,None,0
5258,Google Maps API v2: How to make markers clickable?,API,None,False,None,0
5259,A Java API to generate Java source files,API,None,False,None,0
5260,ASP.NET Web API - PUT &amp; DELETE Verbs Not Allowed - IIS 8,API,None,False,None,0
5261,Python &#39;Requests&#39; POST with param data,API,None,False,None,0
5262,Authentication with React Native and API backend,API,None,False,None,0
5263,Web API in MVC solution in separate project,API,None,False,None,0
5264,ASP.NET Web API session or something?,API,None,False,None,0
5265,Android design support library for API 28 (P) not working,API,None,False,None,0
5266,"Create code first, many to many, with additional fields in association table",API,None,False,None,0
5267,ASP.NET Core Web API Authentication,API,None,False,None,0
5268,Angular 4 HttpClient Query Parameters,API,None,False,None,0
5269,Token Expired - JSON REST API - Error Code,API,None,False,None,0
5270,Load balancer and API Gateway confusion,API,None,False,None,0
5271,Where can I make API call with hooks in react?,API,None,False,None,0
5272,Google Play Developer API - &quot;The current user has insufficient permissions to perform the reque,API,None,False,None,0
5273,REST API Token-based Authentication,API,None,False,None,0
5274,Parse an HTML string with JS,API,None,False,None,0
5275,Returning anonymous types with Web API,API,None,False,None,0
5276,Open API vs. REST API - difference,API,None,False,None,0
5277,Where is HttpContent.ReadAsAsync?,API,None,False,None,0
5278,Angular: Http vs fetch api,API,None,False,None,0
5279,How to get base URL in Web API controller?,API,None,False,None,0
5280,Token Authentication for RESTful API: should the token be periodically changed?,API,None,False,None,0
5281,Google Geocoding API - REQUEST_DENIED,API,None,False,None,0
5282,How do I get video durations with YouTube API version 3?,API,None,False,None,0
5283,Is there a way to discover all endpoints of a REST API?,API,None,False,None,0
5284,How to rename an AWS API Gateway API instance?,API,None,False,None,0
5285,How can you search Google Programmatically Java API,API,None,False,None,0
5286,How to enable CORS in ASP.net Core WebAPI,API,None,False,None,0
5847,JNI DeleteLocalRef Clarification,DeleteLocalRef,jni,True,jni,1
5848,(JNI) is object returned by java code need DeleteLocalRef?,DeleteLocalRef,jni,True,jni,1
5849,Deleting local reference with error &#39;DeleteLocalRef on global reference&#39;,DeleteLocalRef,jni,True,jni,1
5850,using DeleteLocalRef on references from jni&#39;s CallStaticObjectMethod,DeleteLocalRef,jni,True,jni,1
5851,Using DeleteLocalRef after SetObjectArrayElement when building array in JNI,DeleteLocalRef,jni,True,jni,1
5852,Must I DeleteLocalRef an object I have called NewGlobalRef on?,DeleteLocalRef,jni,True,jni,1
5853,NewStringUTF()/DeleteLocalRef() produces JNI ERROR (app bug): accessed stale Local,DeleteLocalRef,jni,True,jni,1
5854,Correct usage of DeleteLocalRef in JNI,DeleteLocalRef,jni,True,jni,1
5855,"Why I used DeleteLocalRef(jclass), but still got memory leak in C++",DeleteLocalRef,jni,True,jni,1
5856,Calling DeleteLocalRef in java native interface,DeleteLocalRef,jni,True,jni,1
5857,jni table overflow even after deleteLocalRef,DeleteLocalRef,jni,True,jni,1
5858,What is the difference between ReleaseFloatArrayElements and DeleteLocalRef,DeleteLocalRef,jni,True,jni,1
5859,Local Reference table overflow but using DeleteLocalRef,DeleteLocalRef,jni,True,jni,1
5860,Is a jbyteArray a jobject (i.e.: as a parameter to DeleteLocalRef)?,DeleteLocalRef,jni,True,jni,1
5861,Can (jni call) `DeleteLocalRef` be used on native function arguments,DeleteLocalRef,jni,True,jni,1
5862,Do I need to DeleteLocalRef a jstring object returned by JNI call?,DeleteLocalRef,jni,True,jni,1
5863,Calling DeleteLocalRef() generates &quot;JNI ERROR (app bug): accessed stale Local 0x19&quot;,DeleteLocalRef,jni,True,jni,1
5864,JNI ERROR (app bug): accessed stale local reference 0x2d when delete a local reference in native met,DeleteLocalRef,jni,True,jni,1
5865,Calling DeleteObjectRef when GetObjectField returns jstring,DeleteLocalRef,jni,True,jni,1
5866,Freeing Local References in android JNI,DeleteLocalRef,jni,True,jni,1
5867,How do I release objects from a jobjectArray?,DeleteLocalRef,jni,True,jni,1
5868,"JNI: Invoke JAVA method from C++, returned objects, References and GC",DeleteLocalRef,jni,True,jni,1
5869,Release memory by using correct method in JNI to prevent memory leak,DeleteLocalRef,jni,True,jni,1
5870,Is there a way to check if jobject is a local or global reference?,DeleteLocalRef,jni,True,jni,1
5871,Application crashing on return statement from jni without error message,DeleteLocalRef,jni,True,jni,1
5872,"Memory management in JNI call, getting Out Of Memory error",DeleteLocalRef,jni,True,jni,1
5873,How to fill a C++ char[] with an JNI jobjectarray (Java String[])?,DeleteLocalRef,jni,True,jni,1
5874,How to structure JNI call to avoid memory leak?,DeleteLocalRef,jni,True,jni,1
5875,Can I delete jmethodID and jFieldID safely?,DeleteLocalRef,jni,True,jni,1
5876,crash at jni GetStringUTFChars,DeleteLocalRef,jni,True,jni,1
5877,Does GetObjectField() return a local reference?,DeleteLocalRef,jni,True,jni,1
5878,jni deleteRef for jclass and jobject,DeleteLocalRef,jni,True,jni,1
5879,JNI local references to classes,DeleteLocalRef,jni,True,jni,1
5880,memory leak while calling java from c++ with jni,DeleteLocalRef,jni,True,jni,1
5881,NDK load assets,DeleteLocalRef,jni,True,jni,1
5882,Deleting jobject references in object assignment JNI invocation API,DeleteLocalRef,jni,True,jni,1
5883,Safe to pass objects to C functions when working in JNI Invocation API?,DeleteLocalRef,jni,True,jni,1
5884,Is there a way to efficiently copy wrapped JNI objects in C++?,DeleteLocalRef,jni,True,jni,1
5885,JNI DETECTED ERROR IN APPLICATION: use of deleted local reference 0x1,DeleteLocalRef,jni,True,jni,1
5886,env-&gt;FindClass function returns null,DeleteLocalRef,jni,True,jni,1
5887,How do I load my own Java class in C on Android?,DeleteLocalRef,jni,True,jni,1
5888,JNI: How to delete a local reference c++,DeleteLocalRef,jni,True,jni,1
5889,How to call runOnUiThread in Android JNI C++,DeleteLocalRef,jni,True,jni,1
5890,When will local reference be cleared if not created inside native method?,DeleteLocalRef,jni,True,jni,1
5891,How to free C++ instance in JNI?,DeleteLocalRef,jni,True,jni,1
5892,JNI ReferenceTable overflow: how to release ObjectArray containing Strings,DeleteLocalRef,jni,True,jni,1
5893,JNI methods with more than one argument?,DeleteLocalRef,jni,True,jni,1
5894,How to pass C++ callback as a click handler of a Button in android?,DeleteLocalRef,jni,True,jni,1
5895,Google Play Games C++ SDK,DeleteLocalRef,jni,True,jni,1
5896,How to call Java function with int parameter from JNI,DeleteLocalRef,jni,True,jni,1
5897,JNI callback to Java,DeleteLocalRef,jni,True,jni,1
5898,how to convert jobject to jstring,DeleteLocalRef,jni,True,jni,1
5899,Using JNIEnv::FindClass: do I need to free the returned jclass reference?,DeleteLocalRef,jni,True,jni,1
5900,Jni calling java function from c++,DeleteLocalRef,jni,True,jni,1
5901,Android NDK: Java JVM openjdkjvmti::MethodUtil::GetMethodName Crash,DeleteLocalRef,jni,True,jni,1
5902,JNI : Is it possible to avoid create a lot of Java object in JNI?,DeleteLocalRef,jni,True,jni,1
5903,Java JNI Programming : Actual usage of the Global References,DeleteLocalRef,jni,True,jni,1
5904,JNI: EnsureLocalCapacity ignored,DeleteLocalRef,jni,True,jni,1
5905,how to correctly send a std::map&lt;&gt; from C++ to Java through JNI?,DeleteLocalRef,jni,True,jni,1
5906,Not able to call ctor in JNI?,DeleteLocalRef,jni,True,jni,1
5907,jstring base64 to string conversion,DeleteLocalRef,jni,True,jni,1
5908,Phonegap - JNI ERROR (app bug): local reference table overflow (max=512),DeleteLocalRef,jni,True,jni,1
5909,"JNI, I can not find the code place of memory leak",DeleteLocalRef,jni,True,jni,1
5910,Sending parameters to java via c++,DeleteLocalRef,jni,True,jni,1
5911,Implement JNI listener,DeleteLocalRef,jni,True,jni,1
5912,How does an Android Qt 5.3 Application load custom Java classes?,DeleteLocalRef,jni,True,jni,1
5913,JNI C++ call onCreate JAVA - Facebook,DeleteLocalRef,jni,True,jni,1
5914,cocos2dx: Multithreading with pthread and JNI calls crashs with “native thread exited without detach,DeleteLocalRef,jni,True,jni,1
5915,Where to free allocated memory by jni NewByteArray,DeleteLocalRef,jni,True,jni,1
5916,Why am I getting a local reference table overflow?,DeleteLocalRef,jni,True,jni,1
5917,Will function result passed as parameter be released in JNI?,DeleteLocalRef,jni,True,jni,1
5918,OOM error in Android JNI,DeleteLocalRef,jni,True,jni,1
5919,Java String Object creation : Execution time difference in both Java &amp; in JNI,DeleteLocalRef,jni,True,jni,1
5920,Shall jarrayObject (array of strings) be deleted/released after usage in a JNI call ?,DeleteLocalRef,jni,True,jni,1
5921,About the array which allocated in JNI,DeleteLocalRef,jni,True,jni,1
5922,Memory leaks using JNI: are we releasing objects property?,DeleteLocalRef,jni,True,jni,1
5923,equinox launcher jni,DeleteLocalRef,jni,True,jni,1
5924,android jni crash in getObjectClass,DeleteLocalRef,jni,True,jni,1
5925,Android NDK overflows dalvik JNI local reference table,DeleteLocalRef,jni,True,jni,1
5926,Passing byte array from native code to the Java side,DeleteLocalRef,jni,True,jni,1
5927,Is there a way to force Java VM to execute immediately an exception sent from JNI?,DeleteLocalRef,jni,True,jni,1
5928,Passing String array from Java to C++,DeleteLocalRef,jni,True,jni,1
5929,JNI: error Last 10 entries in JNI local reference table.,DeleteLocalRef,jni,True,jni,1
5930,Android JNI and NewGlobalRef,DeleteLocalRef,jni,True,jni,1
5931,JNI/Kotlin: Is it possible to pass delegate to JNI?,DeleteLocalRef,jni,True,jni,1
5932,FATAL ERROR in native method: Bad global or local ref passed to JNI,DeleteLocalRef,jni,True,jni,1
5933,Failed adding to JNI pinned array ref table (1024 entries),DeleteLocalRef,jni,True,jni,1
5934,int returned from android jni is the wrong value,DeleteLocalRef,jni,True,jni,1
5935,Exception while calling java method from cpp using JNI,DeleteLocalRef,jni,True,jni,1
5936,Memory leak using JNI to retrieve String&#39;s value from Java code,DeleteLocalRef,jni,True,jni,1
5937,Android JNI ReleaseByteArrayElements does not work,DeleteLocalRef,jni,True,jni,1
5938,Android 11 SAF - native fdopendir + readdir dont show full files list,DeleteLocalRef,jni,True,jni,1
5939,JIN c++ with springboot (Tomcat ENV-&gt;FindClass return null),DeleteLocalRef,jni,True,jni,1
5940,Passing multiple arguments for callback function in java from native c code (JNI),DeleteLocalRef,jni,True,jni,1
5941,Memory Leak in JNI layer for unsigned char array,DeleteLocalRef,jni,True,jni,1
5942,No implementation found for native Ltest/webkit/JWebCoreJavaBridge;.nativeConstructor:()V,DeleteLocalRef,jni,True,jni,1
5943,Return type of CallStaticBooleanMethodV does not match Java method signature - Calling Java method f,DeleteLocalRef,jni,True,jni,1
5944,How to pass a 3D element into JNI?,DeleteLocalRef,jni,True,jni,1
5945,JNI Pass a String from java to c++ and then pass c++ string to string Array,DeleteLocalRef,jni,True,jni,1
5946,jni: java.lang.AbstractMethodError when using defineClass;,DeleteLocalRef,jni,True,jni,1
5947,how to release char**,DeleteLocalRef,jni,True,jni,1
5948,JNI Callback to JAVA from Native Library,DeleteLocalRef,jni,True,jni,1
5949,converting unsigned char * to jbytearray,DeleteLocalRef,jni,True,jni,1
5950,Sending a android.content.Context parameter to a function with JNI,DeleteLocalRef,jni,True,jni,1
5951,call a static JNI method to return a String from C++,DeleteLocalRef,jni,True,jni,1
5952,Qt- Pop up notification using JNI,DeleteLocalRef,jni,True,jni,1
5953,How to read 2D array in jni,DeleteLocalRef,jni,True,jni,1
5954,Java JNI leak in c++ process,DeleteLocalRef,jni,True,jni,1
5955,Does JNI requires ordering of arguments based on argument types,DeleteLocalRef,jni,True,jni,1
5956,Invoke jar from C++ using JNI,DeleteLocalRef,jni,True,jni,1
5957,jobject to jstring or char* conversion,DeleteLocalRef,jni,True,jni,1
5958,java.lang.StackOverflowError at exit of JNI method,DeleteLocalRef,jni,True,jni,1
5959,How to send several data in JNI between C and Java,DeleteLocalRef,jni,True,jni,1
5960,JNI memory leak from byte array,DeleteLocalRef,jni,True,jni,1
5961,Send String to android JAVA from openFrameworks side (ofApp.cpp)?,DeleteLocalRef,jni,True,jni,1
5962,Kotlin - use Array&lt;Double&gt; or DoubleArray,DeleteLocalRef,jni,True,jni,1
5963,Memory leak sending array from C++ to Java with JNI,DeleteLocalRef,jni,True,jni,1
5964,JNI cached jclass global reference variables being garbage collected?,DeleteLocalRef,jni,True,jni,1
5965,passing argument by using CallNonvirtualVoidMethod,DeleteLocalRef,jni,True,jni,1
5966,ClassCastException on JNI function call: CallVoidMethod,DeleteLocalRef,jni,True,jni,1
5967,Admob Interstitial on cocos2dx 2.2.3,DeleteLocalRef,jni,True,jni,1
5968,Calling java function from c++ using jni: Failed to find static method id,DeleteLocalRef,jni,True,jni,1
5969,How to release jstring in a loop correctly?,DeleteLocalRef,jni,True,jni,1
5970,How to fix &quot;double free or corruption&quot; error?,DeleteLocalRef,jni,True,jni,1
5971,Works up to Android KitKat. I have to run it on Lollipop and up,DeleteLocalRef,jni,True,jni,1
5972,Error occured when sending message through Google Play Game Service with Cocos2d-x,DeleteLocalRef,jni,True,jni,1
5973,NullPointerException when triggering Java method from C++ via JNI,DeleteLocalRef,jni,True,jni,1
5974,Weird corruption of Boolean Array in Java,DeleteLocalRef,jni,True,jni,1
5975,What is the lifetime of JNI localrefs for C++ calling Java?,DeleteLocalRef,jni,True,jni,1
5976,How to know whether it is a memory leak or not when calling native code in Java?,DeleteLocalRef,jni,True,jni,1
5977,How can I send cpp callback function pointer to java,DeleteLocalRef,jni,True,jni,1
5978,JNI - Free ByteBuffer from C++,DeleteLocalRef,jni,True,jni,1
5979,Returning array from JNI to Java causing slow leak,DeleteLocalRef,jni,True,jni,1
5980,Frequent Android crashes while attempting to read /etc/hosts file?,DeleteLocalRef,jni,True,jni,1
5981,Android NDK throwning signal SIGSEGV: invalid address after getting GoogleSignInClient in Activity v,DeleteLocalRef,jni,True,jni,1
5982,JNI access object array from C error,DeleteLocalRef,jni,True,jni,1
5983,calling Endpoints AsyncTask with JNI error,DeleteLocalRef,jni,True,jni,1
5984,uprobe symbol adress mapping offset,DeleteLocalRef,jni,True,jni,1
5985,Fill ArrayList in JNI yields Segfault,DeleteLocalRef,jni,True,jni,1
5986,Convert c++ object to jobject,DeleteLocalRef,jni,True,jni,1
5987,Modifying underlying data structure of std::vector doesn&#39;t change its size,DeleteLocalRef,jni,True,jni,1
5988,SIGSEGV error in native Android application,DeleteLocalRef,jni,True,jni,1
5989,How can this function produce Java.Lang.NullPointerException?,DeleteLocalRef,jni,True,jni,1
5990,DTrace missing Java frames with ustack(). Running on Joyent SmartOS infrastructure container,DeleteLocalRef,jni,True,jni,1
5991,Android JNI Throwing Fault with no exceptions - Trying to call a callback,DeleteLocalRef,jni,True,jni,1
5992,jni - Slow processing in native,DeleteLocalRef,jni,True,jni,1
5993,ClassCastException: com.soomla.SoomlaApp cannot be cast to org.cocos2dx.cpp.AnalyticsApplication,DeleteLocalRef,jni,True,jni,1
5994,"Why my Java class methods are not being called from the native code? JNI, NDK/SDK",DeleteLocalRef,jni,True,jni,1
5995,app &quot;unfortunately stopped&quot; when touching interstitial ads,DeleteLocalRef,jni,True,jni,1
5996,Creating Bitmap image from OpenGL ES Framebuffer through JNI on Android NDK,DeleteLocalRef,jni,True,jni,1
5997,How to show Dialog from a static method,DeleteLocalRef,jni,True,jni,1
5998,JNI: how are you meant to handle FindClass failures?,DeleteLocalRef,jni,True,jni,1
5999,How to define a return type for a JNI method with a custom Object class?,DeleteLocalRef,jni,True,jni,1
6000,MyObject cannot be stored in an array of type MyObject[],DeleteLocalRef,jni,True,jni,1
6001,How to fix JNI crash on env-&gt;NewObject?,DeleteLocalRef,jni,True,jni,1
6002,TagLib reading slows down after ~1600 items,DeleteLocalRef,jni,True,jni,1
6003,3D Array of floats in JNI C++,DeleteLocalRef,jni,True,jni,1
6004,Code flow in Java using JNI,DeleteLocalRef,jni,True,jni,1
6005,Use method &#39;NewGlobalRef&#39; to reference a global reference,DeleteLocalRef,jni,True,jni,1
6006,JNI / Android NDK - Maintaining a global object reference,DeleteLocalRef,jni,True,jni,1
6007,Need to return an array of struct in c from jni to java (as Object array),DeleteLocalRef,jni,True,jni,1
6008,JNI &quot;NewObject&quot; will not return NULL when initialize it with NULL value?,DeleteLocalRef,jni,True,jni,1
6009,NullPointerException trying to populate array from JNI,DeleteLocalRef,jni,True,jni,1
6010,Android JNI exception handling,DeleteLocalRef,jni,True,jni,1
6011,Why does one apk got different signatures in jni between emulator and real device?,DeleteLocalRef,jni,True,jni,1
6012,C++ signal handler can&#39;t notify Java side,DeleteLocalRef,jni,True,jni,1
6013,JNI passing instance variables to functions referenced from other translation units,DeleteLocalRef,jni,True,jni,1
6014,JNI &quot;local reference table overflow&quot; when using NewGlobalRef,DeleteLocalRef,jni,True,jni,1
6015,JNI: Using CallVoidMethod() with user defined class object,DeleteLocalRef,jni,True,jni,1
6016,JNI Java From C Memory Leak,DeleteLocalRef,jni,True,jni,1
6017,Why jni calls fail on modification of composable remembered values?,DeleteLocalRef,jni,True,jni,1
6018,Failed to get the environment using GetEnv(),DeleteLocalRef,jni,True,jni,1
6019,How to get device id with JNI in Android?,DeleteLocalRef,jni,True,jni,1
6020,the var doesn&#39;t become global but remains local,DeleteLocalRef,jni,True,jni,1
6021,JNI loses reference to native methods,DeleteLocalRef,jni,True,jni,1
6022,JNI NewByteArray memory leak,DeleteLocalRef,jni,True,jni,1
6023,Getting all classes and all methods in a class via JNI,DeleteLocalRef,jni,True,jni,1
6024,&quot;null upcall object&quot; in SWIG-generated JNI,DeleteLocalRef,jni,True,jni,1
6025,change char* encoding type by using jni,DeleteLocalRef,jni,True,jni,1
6026,Strange Memory Behavoir in JNI,DeleteLocalRef,jni,True,jni,1
6027,Passing std::byte* through JNI to java,DeleteLocalRef,jni,True,jni,1
6028,Invalid indirect reference 0x416f68a0 in decodeIndirectRef,DeleteLocalRef,jni,True,jni,1
6029,SaxonC EE 11.2&#39;s &quot;SaxonProcessor::newXslt30Processor()&quot; returns a Debug Assertion Fail,DeleteLocalRef,jni,True,jni,1
6030,Need Explanation for OpenCV Android Behavior,DeleteLocalRef,jni,True,jni,1
6031,SIGTRAP occurs when using Exception implemented in NDK,DeleteLocalRef,jni,True,jni,1
6032,Unable to find custom java class from jar into a Android Native-Activity app,DeleteLocalRef,jni,True,jni,1
6033,JNI - Instantiate Java ArrayList from C++ Vector,DeleteLocalRef,jni,True,jni,1
6034,JNI / Android : call to non static method in Java from C++?,DeleteLocalRef,jni,True,jni,1
6035,JNI Function Causing Android App to Crash,DeleteLocalRef,jni,True,jni,1
6036,C++ JNI local reference table overflow,DeleteLocalRef,jni,True,jni,1
6037,Why do I need to release global references created in JNI native functions?,DeleteLocalRef,jni,True,jni,1
6038,Crash error: JNI ERROR: local reference table overflow (max=512),DeleteLocalRef,jni,True,jni,1
6039,C: Converting a 2D double array to a java 2D double array,DeleteLocalRef,jni,True,jni,1
6040,JNI can&#39;t release memory,DeleteLocalRef,jni,True,jni,1
6041,How to return 2D long array with JNI,DeleteLocalRef,jni,True,jni,1
6042,FireMonkey Android - handle callback message (JHandle) of JAR object,DeleteLocalRef,jni,True,jni,1
6043,Android foreground service with Qt stops working when the main application has been closed,DeleteLocalRef,jni,True,jni,1
6044,Returning a byte[] from JNI to Java,DeleteLocalRef,jni,True,jni,1
6045,NoSuchMethodError when calling CallVoidMethod,DeleteLocalRef,jni,True,jni,1
6046,Flurry Android events not logging through NDK but logging through java,DeleteLocalRef,jni,True,jni,1
6047,"JNI: SIGSEGV when calling native function from Java, after native registration of same function on l",DeleteLocalRef,jni,True,jni,1
6048,Unable to get JNIEnv* value in arbitrary context,DeleteLocalRef,jni,True,jni,1
6049,Memory leak somewhere between Java and C,DeleteLocalRef,jni,True,jni,1
6050,How to get enum value from java interface with JNI C++,DeleteLocalRef,jni,True,jni,1
6051,Android jni NoSuchMethodError exception,DeleteLocalRef,jni,True,jni,1
6052,Qt call c++ method from java Activity,DeleteLocalRef,jni,True,jni,1
6053,How can I assign the NULL to a float/double variable?,DeleteLocalRef,jni,True,jni,1
6054,Setting up JNI in Android Studio 3,DeleteLocalRef,jni,True,jni,1
6055,Call CallVoidMethod multiple time cause crash,DeleteLocalRef,jni,True,jni,1
6056,Android : JNI ERROR (app bug): local reference table overflow (max=512),DeleteLocalRef,jni,True,jni,1
6057,Memory leak in SWIG polymorphism across C++ and Java using directors,DeleteLocalRef,jni,True,jni,1
6058,Native code exiting without error - probably memory,DeleteLocalRef,jni,True,jni,1
6059,Issue calling back into Java from C++ called during a GLSurcfaceView callback,DeleteLocalRef,jni,True,jni,1
6060,Invalid indirect reference on NewObject call,DeleteLocalRef,jni,True,jni,1
6061,Memory leak with jobjectarray parameter,DeleteLocalRef,jni,True,jni,1
6062,JNI : convert Primitive type to jobject Or SetObjectArrayElement of Object type after casting,DeleteLocalRef,jni,True,jni,1
6063,JNI- unpinned primitve array error,DeleteLocalRef,jni,True,jni,1
6064,JNI wrapper definition for a short array,DeleteLocalRef,jni,True,jni,1
6065,Qt for Android JNI: java.lang.NoSuchMethodError,DeleteLocalRef,jni,True,jni,1
6066,C code needs to call Java code buffer but no way to get its JNIEnv,DeleteLocalRef,jni,True,jni,1
6067,JNI calling non static function segfaults,DeleteLocalRef,jni,True,jni,1
6068,Jacobi-update: Crash when using Tango.getCameraIntrinsics,DeleteLocalRef,jni,True,jni,1
6069,Android NDK JNI_OnLoad not getting called,DeleteLocalRef,jni,True,jni,1
6070,"How to map Java ArrayList&lt;float[]&gt; to C++ Vector&lt;array&lt;float,size&gt;&gt; in JniWrapper?",DeleteLocalRef,"jni, jniwrapper",True,"jni, jniwrapper",2
6071,Android ndk: c++ call java static method success but dose not work,DeleteLocalRef,jni,True,jni,1
6072,Why does my call to an EGL function change when running it in Java code through JNI?,DeleteLocalRef,jni,True,jni,1
6073,How to make a proper call from Android to a non-static function in Java? (Cocos2Dx in the mix),DeleteLocalRef,jni,True,jni,1
6074,Android Native Activity cannot FindClass from external AAR library,DeleteLocalRef,jni,True,jni,1
6075,EXCEPTION_ACCESS_VIOLATION when using large array in C,DeleteLocalRef,jni,True,jni,1
6076,JNI reporting Invalid indirect reference on GetByteArrayElements in Android,DeleteLocalRef,jni,True,jni,1
6077,java callback from c++ with android and sdl,DeleteLocalRef,jni,True,jni,1
6078,Retrieve Integer ArrayList passed as value in Hashmap through JNI,DeleteLocalRef,jni,True,jni,1
6079,What are the rules for JNI local references returned to a program that embeds a Java VM?,DeleteLocalRef,jni,True,jni,1
6080,Calling the Main in c by jni in android,DeleteLocalRef,jni,True,jni,1
6081,Iterate through the ZipFile$ZipEntryIterator list using c++/JNI in Android,DeleteLocalRef,jni,True,jni,1
6082,Unable to set timestamp on Android MediaCodec Image object from native c++ code,DeleteLocalRef,jni,True,jni,1
6083,Active Directory A device attached to the system is not functioning when creating ad user using jni,DeleteLocalRef,jni,True,jni,1
6084,Can&#39;t find the root cause that app been kill by android,DeleteLocalRef,jni,True,jni,1
6085,JNI for C using Swig &amp; trouble with function pointer callback,DeleteLocalRef,jni,True,jni,1
6086,How to sendbroadcast in callback function,DeleteLocalRef,jni,True,jni,1
6087,"In JNI, can you pass a C integer parameter to a Java primitive int?",DeleteLocalRef,jni,True,jni,1
6088,How to return a 3D array from C to Java?,DeleteLocalRef,jni,True,jni,1
6089,Android Expand JNI Local Reference Table,DeleteLocalRef,jni,True,jni,1
6090,android apk JNI report can&#39;t find method,DeleteLocalRef,jni,True,jni,1
6091,JNI byteArray passing help,DeleteLocalRef,jni,True,jni,1
6092,Memory leak in C++ where Java is called via JNI,DeleteLocalRef,jni,True,jni,1
6093,Android Nexus 10 blank png from JNI ByteArray,DeleteLocalRef,jni,True,jni,1
6094,Create a JFrame using JNI,DeleteLocalRef,jni,True,jni,1
6095,JNI Environment pointer in a static c++ object and calling a java function taking a string argument ,DeleteLocalRef,jni,True,jni,1
6096,JNI ERROR (app bug): attempt to use stale Local 0x31 (should be 0x39),DeleteLocalRef,jni,True,jni,1
6097,Android MessageDigest NoSuchAlgorithmException after calling JNI Function,DeleteLocalRef,jni,True,jni,1
6098,Call Java function from native function based on cached jobject and methodID fail,DeleteLocalRef,jni,True,jni,1
6099,ReferenceTable overflow (max=512) JNI,DeleteLocalRef,jni,True,jni,1
6100,GoLang (server) + CPP global reference JNI calling multiple times/multiple methods,DeleteLocalRef,jni,True,jni,1
6101,ReferenceTable overflow (max=1024),DeleteLocalRef,jni,True,jni,1
6102,Android. Problems with AudioTrack class. Sound sometimes lost,DeleteLocalRef,jni,True,jni,1
6103,I&#39;m trying to modify a byte array and send it from c++ to java via the JNI,DeleteLocalRef,jni,True,jni,1
6104,JNI Callbacks failed to invoke,DeleteLocalRef,jni,True,jni,1
6105,"Superpowered NDK Android: returning int succeeds in &quot;extern&quot; block, fails in called functi",DeleteLocalRef,jni,True,jni,1
6106,Android-NDK - fread,DeleteLocalRef,jni,True,jni,1
6107,JNI Bindings - Undefined symbol: gcj_personality_v0,DeleteLocalRef,jni,True,jni,1
6108,Not able to attach through oracle forms GUI object using dll injection and JNI,DeleteLocalRef,jni,True,jni,1
6109,Superpowered Android NDK: get positionPercent to update audio progress seekbar,DeleteLocalRef,jni,True,jni,1
6110,JNI java.lang.NoSuchFieldError in Android Studio,DeleteLocalRef,jni,True,jni,1
6111,Native method not found / runtime exception,DeleteLocalRef,jni,True,jni,1
6112,Java method is not invoked when calling it from native pthread,DeleteLocalRef,jni,True,jni,1
6113,Why does the same native thread appear to call methods from different Java threads?,DeleteLocalRef,jni,True,jni,1
6114,Android an NDK method has a reentrancy issue,DeleteLocalRef,jni,True,jni,1
6115,Spring Boot with embedded Tomcat fails when JVM executes from JNI in C++ application,DeleteLocalRef,jni,True,jni,1
6116,C++ NDK library memory management for jobjectarray return method,DeleteLocalRef,jni,True,jni,1
6117,Android - speed up file deletion using Storage Access Framework,DeleteLocalRef,jni,True,jni,1
6118,Problems including header file from different directory [not a path issue],DeleteLocalRef,jni,True,jni,1
6119,JNI: passing integer array from Java to C,DeleteLocalRef,jni,True,jni,1
6120,Activity messed after playing YUV video use opengles on Android,DeleteLocalRef,jni,True,jni,1
6121,FFmpeg player backporting to Android 2.1 - one more problem,DeleteLocalRef,jni,True,jni,1
6122,Getting undefined cv::dnn::experimental_dnn error while implementing EAST text detection using c++,DeleteLocalRef,jni,True,jni,1
6123,JNI create double List in c++,DeleteLocalRef,jni,True,jni,1
6124,Unable to cache JAVA VM while calling Java from NativeC/C++,DeleteLocalRef,jni,True,jni,1
6125,MuPDF - Make Similer fuction as given to make array of sentances from text ( C Language),DeleteLocalRef,jni,True,jni,1
6126,OpenGL - Draw object with image texture from .obj/.mtl,DeleteLocalRef,jni,True,jni,1
6127,fmod crashes in Android java_object == null,DeleteLocalRef,jni,True,jni,1
6128,JNI application throw NoSuchMethodError. Cannot find sun.misc.Unsafe.defineClass and prefetchRead,DeleteLocalRef,jni,True,jni,1
6129,Global reference on NDK getting lost,DeleteLocalRef,jni,True,jni,1
6130,How can I ensure ImageSource is not disposed,DeleteLocalRef,jni,True,jni,1
6131,Deadlock creating JFrame using JNI,DeleteLocalRef,jni,True,jni,1
6132,Integrating jpct-ae to Qualcomm&#39;s Vuforia engine in android,DeleteLocalRef,jni,True,jni,1
6133,How to get result in Java from native c++ Function defined with Qt(QJniEnvironment::RegisterNatives),DeleteLocalRef,jni,True,jni,1
6134,Unconventional and dodgy Android crash in during JNI/OpenGL ES loading code,DeleteLocalRef,jni,True,jni,1
6135,OpenGL texture ID generated more than once,DeleteLocalRef,jni,True,jni,1
6136,JNI Throwing StackOverflowExcpetion when native libraries aren&#39;t loaded from java.exe directory,DeleteLocalRef,jni,True,jni,1
6137,Android NDK: local reference table overflow,DeleteLocalRef,jni,True,jni,1
6138,"Creating c++ instance in JNI Layer, passing it to Java class as a long object, but methods are retur",DeleteLocalRef,jni,True,jni,1
6139,How to properly and simply use callbacks in JNI NDK Android,DeleteLocalRef,jni,True,jni,1
6140,Audio playback using ffmpeg and audiotrack android,DeleteLocalRef,jni,True,jni,1
6141,Invoking Java Jar code from JNI in C++,DeleteLocalRef,jni,True,jni,1
6142,Integrating QtQuick and GL_TEXTURE_EXTERNAL_OES,DeleteLocalRef,jni,True,jni,1
6143,ZXing integrated in Android App (incl. PhoneGap),DeleteLocalRef,jni,True,jni,1
6144,JNI NoClassDefFoundError while executing method in injected jar,DeleteLocalRef,jni,True,jni,1
6145,JNI attached to program successfully but cant get fields?,DeleteLocalRef,jni,True,jni,1
6146,signal 6 (SIGABRT),DeleteLocalRef,jni,True,jni,1
6147,Tomcat crashes when calling JNI dll in windows 7,DeleteLocalRef,jni,True,jni,1
6148,libhdfs JNI FindClass returns null with java.io.FileNotFoundException,DeleteLocalRef,jni,True,jni,1
6149,Android Jni : crash in global and local ref variables,DeleteLocalRef,jni,True,jni,1
6150,opencv 2.4.4 for android not works,DeleteLocalRef,jni,True,jni,1
6151,App crashing while calling callback() to java. Getting runtime error due to detatchThread,DeleteLocalRef,jni,True,jni,1
6152,Passing a string from C++ to Java using JNI crashing (Android),DeleteLocalRef,jni,True,jni,1
6153,How to pass a Data from native c binary to android model using JNI?,DeleteLocalRef,jni,True,jni,1
6154,Java to C++ JNI DLL error - java.lang.UnsatisfiedLinkError: ... Can&#39;t find dependent libraries,DeleteLocalRef,jni,True,jni,1
6155,JNI global reference leak and how to debug,global reference leak,jni,True,jni,1
6156,How to identify the cause of a JNI global reference memory leak?,global reference leak,jni,True,jni,1
6157,Google Maps leaking JNI global reference,global reference leak,jni,True,jni,1
6158,What is &#39;JNI Global reference&#39;,global reference leak,jni,True,jni,1
6159,"JNI Global reference to PacketWriter in smack library, how to identify the cause JNI Global referece",global reference leak,jni,True,jni,1
6160,Why do I need to release global references created in JNI native functions?,global reference leak,jni,True,jni,1
6161,"javascript memory leak when DOM element deleted, what kind of reference is affected only global var ",global reference leak,None,False,None,0
6162,Programmatically get weak global reference table count,global reference leak,None,False,None,0
6163,How to create more than 46K Global Reference?,global reference leak,None,False,None,0
6164,"D3D leaks, but is it because I have references in global objects?",global reference leak,None,False,None,0
6165,Do GlobalReferences in JNI prevent GC from cleaning up object?,global reference leak,jni,True,jni,1
6166,leak while blessing an empty reference inside the XS code,global reference leak,None,False,None,0
6167,JNI NewDoubleArray Memory Leak,global reference leak,jni,True,jni,1
6168,How to output full global reference log for android app with XAMARIN,global reference leak,None,False,None,0
6169,Fragment - Global view variable vs local and inner class listeners and memory leak,global reference leak,None,False,None,0
6170,Possible memory leak using Handler?,global reference leak,None,False,None,0
6171,Why does static inner class mitigate memory leak?,global reference leak,None,False,None,0
6172,The proper way to create a global map to hold multiple C++ objects in JNI,global reference leak,jni,True,jni,1
6173,Python: memory leak with memory_profiler,global reference leak,None,False,None,0
6174,Global Vue component in plugin causes memory leak?,global reference leak,None,False,None,0
6175,would sharing a global resolved promise between many promise chains create a memory leak or have per,global reference leak,None,False,None,0
6176,Using global pointers and custom destructor - How to avoid memory leak?,global reference leak,None,False,None,0
6177,"when declare iterator on global variable, not execute in my method",global reference leak,None,False,None,0
6178,Determining if a memory leak is occurring in Python,global reference leak,None,False,None,0
6179,Does using global objects in closures cause memory leaks?,global reference leak,None,False,None,0
6180,Precise explanation of JavaScript &lt;-&gt; DOM circular reference issue,global reference leak,None,False,None,0
6181,Is this Ember Mixin going to Leak Memory like Sieve,global reference leak,None,False,None,0
6182,Is there a better way to do a PopToRoot async without leaking GRefs?,global reference leak,None,False,None,0
6183,Do not place Android context classes in static fields (static reference to a class which has field m,global reference leak,None,False,None,0
6184,Qt C++: Global objects vs. reference chain,global reference leak,None,False,None,0
6185,Why does one of these methods cause a leak and the other not,global reference leak,None,False,None,0
6186,Avoiding global leaking when using JayData 1.3.4 local item store,global reference leak,None,False,None,0
6187,Memory leak when displaying a modal view and dismissing it,global reference leak,None,False,None,0
6188,What is LeakCanary complaining about in this leak trace?,global reference leak,None,False,None,0
6189,VueJS Memory Leak when Switching Routes,global reference leak,None,False,None,0
6190,FirebaseAuthFallbackService memory leak,global reference leak,None,False,None,0
6191,Tracing the references for a specific object in Python (memory leak),global reference leak,None,False,None,0
6192,CFRelease on CMSampleBufferRef - Why do I need to call this?,global reference leak,None,False,None,0
6193,"Google DFP in SPA (Angular, Vue) - how to destroy ad and all it&#39;s references to avoid memory lea",global reference leak,None,False,None,0
6194,Android memory leak between activities,global reference leak,None,False,None,0
6195,Impersonation memory leak,global reference leak,None,False,None,0
6196,How to get immutable data types to reduce the potential for race conditions w/out relying on an exte,global reference leak,None,False,None,0
6197,Javascript: Variable leak in asynchronous promises,global reference leak,None,False,None,0
6198,AutofillService Memory leak reported by LeakCanary,global reference leak,None,False,None,0
6199,Does repeating variables cause a memory leak?,global reference leak,None,False,None,0
6200,Angular - Memory leak: mainly in FireFox and IE,global reference leak,None,False,None,0
6201,"How can I intentionally leak an object, so that it will never ever be garbage collected?",global reference leak,None,False,None,0
6202,How to deal uniformly with a factory returning unique_ptr and a getter returning a reference to glob,global reference leak,None,False,None,0
6203,Will this javascript cause memory leak?,global reference leak,None,False,None,0
6204,Is it completely impossible to reach into a JavaScript closure?,global reference leak,None,False,None,0
6205,How to associate javascript objects with DOM nodes?,global reference leak,None,False,None,0
6206,JavaScript Object allocation issue,global reference leak,None,False,None,0
6207,Possible solution for avoiding memory leak from static context reference,global reference leak,None,False,None,0
6208,java static list causes memory leak,global reference leak,None,False,None,0
6209,"Loading a heap analyser with LD_PRELOAD, and global scope objects in C++",global reference leak,None,False,None,0
6210,Is a Local Reference to the Global Scope Itself Fundamentally a Bad Idea?,global reference leak,None,False,None,0
6211,How can I find the memory leak in my Javascript?,global reference leak,None,False,None,0
6212,Reference type return function: how to return (optional) object,global reference leak,None,False,None,0
6213,Unable to release memory bytes buffer,global reference leak,None,False,None,0
6214,Need help for understanding pointer semantics,global reference leak,None,False,None,0
6215,Does Dart/Flutter have the concept of weak references?,global reference leak,None,False,None,0
6216,Android should I pass fragment as weak reference in async task?,global reference leak,None,False,None,0
6217,JS: using &#39;var me = this&#39; to reference an object instead of using a global array,global reference leak,None,False,None,0
6218,Java Memory Leak: WDialogPeer is the only strong reference - why wont it GC?,global reference leak,None,False,None,0
6219,QLabel Memory Leak on Thread,global reference leak,None,False,None,0
6220,What keeps locally scoped objects alive when listeners are registered?,global reference leak,None,False,None,0
6221,Best place to clean-up App global resources?,global reference leak,None,False,None,0
6222,Admob Memory Leak - avoiding by using empty activity,global reference leak,None,False,None,0
6223,Svg defs encapsulation,global reference leak,None,False,None,0
6224,Running tests with mocha results in memory leak and large string structures,global reference leak,None,False,None,0
6225,perl overload concatenation operator (&quot;.&quot;) problem,global reference leak,None,False,None,0
6226,JavaScript memory management pitfalls?,global reference leak,None,False,None,0
6227,Nodejs | Chrome Memory Debugging,global reference leak,None,False,None,0
6228,How can I use an eventbus without creating a memory leak in Vaadin?,global reference leak,None,False,None,0
6229,Every time I replace Fragment memory usage increases,global reference leak,None,False,None,0
6230,Does the Python 3 interpreter leak memory when embedded?,global reference leak,None,False,None,0
6231,Why to use Application subclass to hold global variables?,global reference leak,None,False,None,0
6232,Perl program leaking memory when compiling regex,global reference leak,None,False,None,0
6233,JS Garbage collection: Reference to object properties cause whole object to remain on Memory?,global reference leak,None,False,None,0
6234,Understanding Mark and Sweep Algorithm in JavaScript,global reference leak,None,False,None,0
6235,Memory leak risk in JavaScript closures,global reference leak,None,False,None,0
6236,Python memory leak w complex workflow,global reference leak,None,False,None,0
6237,Is this a php memory leak?,global reference leak,None,False,None,0
6238,Global variables in JS harmful?,global reference leak,None,False,None,0
6239,How to destroy a cytoscape.js instance,global reference leak,None,False,None,0
6240,Memory leak WindowOnBackInvokedDispatcher$OnBackInvokedCallbackWrapper in InputMethodService onDestr,global reference leak,None,False,None,0
6241,Destroy subscriptions to an observable in Knockout,global reference leak,None,False,None,0
6242,Is the unload order of shared libraries well defined at program exit?,global reference leak,None,False,None,0
6243,Keep reference on view/data model after View update,global reference leak,None,False,None,0
6244,How to prevent ClassLoader leaks when using ClassValue?,global reference leak,None,False,None,0
6245,Memory leak when using Node.JS native modules,global reference leak,None,False,None,0
6246,Management of Static Global Unmanaged Resources in Multithreaded App,global reference leak,None,False,None,0
6247,Workaround for IE10 setInterval Memory Leak,global reference leak,None,False,None,0
6248,Android Handler changing WeakReference,global reference leak,None,False,None,0
6249,How can i tell if i&#39;m being called during DLL_PROCESS_DETACH after ExitProcess has been called?,global reference leak,None,False,None,0
6250,Valgrind indicates memory leak with shared_ptr c++11,global reference leak,None,False,None,0
6251,MDI WinForm application and duplicate child form memory leak,global reference leak,None,False,None,0
6252,Trying to track down gref leak,global reference leak,None,False,None,0
6253,When drawing an image: System.Runtime.InteropServices.ExternalException: A generic error occurred in,global reference leak,None,False,None,0
6254,LambdaExpression referencing private field,global reference leak,None,False,None,0
6255,Memory leak in aioboto3 (aiohttp) after upgrading to Python 3.13,global reference leak,None,False,None,0
6256,Who closes an `InputStream` that is Returned from within a try with resources block?,global reference leak,None,False,None,0
6257,Efficient server-side JavaScript memory management in an express/node.js API,global reference leak,None,False,None,0
6258,Can object keys in javascript cause memory leaks?,global reference leak,None,False,None,0
6259,Doctrine 2 bulk insert/update memory,global reference leak,None,False,None,0
6260,How to prevent context related memory leaks in android,global reference leak,None,False,None,0
6261,How to fix memory leak issue in FusedLocationApi Fragment?,global reference leak,None,False,None,0
6262,Need help to understand memory leak in my Android app,global reference leak,None,False,None,0
6263,Nested closures and captured variables,global reference leak,None,False,None,0
6264,"C++11: std::unordered_map&lt;int, std::stack&lt;int&gt;&gt; getting values from map without copying ",global reference leak,None,False,None,0
6265,jQuery: keeping references to jQuery object during application runtime,global reference leak,None,False,None,0
6266,node.js global queue memory leak no matter what is tried,global reference leak,None,False,None,0
6267,MakeScreenshot leaking?,global reference leak,None,False,None,0
6268,Download Image From Image URL to image view,global reference leak,None,False,None,0
6269,Flask App Memory Leak caused by each API call,global reference leak,None,False,None,0
6270,Using node.js / express / yields / co / postgres do we connect to database on every client connectio,global reference leak,None,False,None,0
6271,javascript - is that a memory leak?,global reference leak,None,False,None,0
6272,How to track unreleased COM interfaces in a Visual Studio C++ project?,global reference leak,None,False,None,0
6273,Memory leak when using strings &lt; 128KB in Python?,global reference leak,None,False,None,0
6274,Issue Activating Jenkins File Leak Detector PlugIn,global reference leak,None,False,None,0
6275,Custom Storable hooks for dclone-ing a light-weight object referencing a heavy-weight object,global reference leak,None,False,None,0
6276,Get count of reachable live objects,global reference leak,None,False,None,0
6277,Major factors for memory leaks in Rails,global reference leak,None,False,None,0
6278,does garbage collector closes the streamController when reference is lost?,global reference leak,None,False,None,0
6279,What is/are GC root objects referencing Java outer and inner classes?,global reference leak,None,False,None,0
6280,What is the best way to DEBUG memory leaks in a Flex program written in Actionscript and MXML?,global reference leak,None,False,None,0
6281,How to unsubcribe the event in a main view model that subscribe event of secondary view model?,global reference leak,None,False,None,0
6282,"Types of memory leaks in a garbage-collected language running in virtual machines (ie, Dalvik)",global reference leak,None,False,None,0
6283,Does wrapping a pointer in shared_ptr guarantee it will be deleted if I continue to use the raw poin,global reference leak,None,False,None,0
6284,android - to set or not to set instance variables to null?,global reference leak,None,False,None,0
6285,Parametrize filtering manager queryset in Django,global reference leak,None,False,None,0
6286,How to avoid memory leaks in PHP 5.4?,global reference leak,None,False,None,0
6287,Deleting jobject references in object assignment JNI invocation API,global reference leak,jni,True,jni,1
6288,C++: Debugging memory leaks in reference counting system,global reference leak,None,False,None,0
6289,WeakReference to Activity (Android),global reference leak,None,False,None,0
6290,The right use of the Context,global reference leak,None,False,None,0
6291,Alloy createController is not released from memory,global reference leak,None,False,None,0
6292,Where to store dictionary data or function to be available in multiple Polymer elements?,global reference leak,None,False,None,0
6293,How can I use a class instead of id for new YT.Player(),global reference leak,None,False,None,0
6294,Apparent memory leak with numpy tolist() in long running process,global reference leak,None,False,None,0
6295,"Static variables, pattern and Android performance",global reference leak,None,False,None,0
6296,Memory leaks in Appcelerator Android HTTP?,global reference leak,None,False,None,0
6297,Is it ever not safe to throw an exception in a constructor?,global reference leak,None,False,None,0
6298,Objects being retained by unreachable path in Chromium,global reference leak,None,False,None,0
6299,Programmatically accessing function scope using Chrome DevTools console,global reference leak,None,False,None,0
6300,IIS6: 503 errors and CPU spikes,global reference leak,None,False,None,0
6301,PhoneGap Memory Management,global reference leak,None,False,None,0
6302,Ionic 3 ~ DOM Nodes Memory Leaks,global reference leak,None,False,None,0
6303,Unload a module in Python,global reference leak,None,False,None,0
6304,Will the garbage collector free this List when my method finishes running,global reference leak,None,False,None,0
6305,How can I have an object of a derived class &quot;reference&quot; members of an instance of the base,global reference leak,None,False,None,0
6306,How to Pass a Large Data Set to a Function Without an Argument in C,global reference leak,None,False,None,0
6307,Remove an object from an array and then delete,global reference leak,None,False,None,0
6308,What&#39;s a better way to deal with closures in WebAssembly with Rust instead of using forget and l,global reference leak,None,False,None,0
6309,How to securely set up continuous delivery?,global reference leak,None,False,None,0
6310,Function that creates pointers to classes,global reference leak,None,False,None,0
6311,How to MPI_Gather a 2d array of structs with C++?,global reference leak,None,False,None,0
6312,"If you&#39;re binding to an object with read-only properties, should you still implement INotifyProp",global reference leak,None,False,None,0
6313,Swift SpriteKit ARC for dummies,global reference leak,None,False,None,0
6314,Angular JS - Destroy issue clean scope in global way by $destroy,global reference leak,None,False,None,0
6315,Garbage collections and DocumentFragment,global reference leak,None,False,None,0
6316,Where should I create an instance of Service() if I can&#39;t place it on ViewModel?,global reference leak,None,False,None,0
6317,What might be a strategy to detect a retain cycle in an object hierarchy programmatically?,global reference leak,None,False,None,0
6318,Python memory issues - memory doesn&#39;t get released after finishing a method,global reference leak,None,False,None,0
6319,Javascript: re-using variable for multiple new object(). Bad practice?,global reference leak,None,False,None,0
6320,Android image caching - hard and soft HashMaps question,global reference leak,None,False,None,0
6321,Why does disposing a CancellationTokenSource also release resources from a linked CTS which was crea,global reference leak,None,False,None,0
6322,Circumvent the DOMNodeInsertedIntoDocument event,global reference leak,None,False,None,0
6323,Using/storing derived member in derived class with base class that stores base member,global reference leak,None,False,None,0
6324,Is this a good solution to cycling through images?,global reference leak,None,False,None,0
6325,iOS MemoryWatch Class,global reference leak,None,False,None,0
6326,Assigning to a variable in a parent context in Bash,global reference leak,None,False,None,0
6327,"Is it possible to keep track of an object from its finalizer, to detect accidental resurrection of t",global reference leak,None,False,None,0
6328,Java thread leaks when calling back from native thread via JNI,global reference leak,jni,True,jni,1
6329,Mule 4.5 throwing ORA-01000: maximum open cursors exceeded,global reference leak,None,False,None,0
6330,Question about Garbage collection C# .NET,global reference leak,None,False,None,0
6331,Monitor Java object destruction,global reference leak,None,False,None,0
6332,Does garbage collection happen when we initialize a char array with a string literal in c?,global reference leak,None,False,None,0
6333,How to add a finalizer on a TVar,global reference leak,None,False,None,0
6334,Platform-Specific Workarounds to C++ Static Destruction / Construction Order Problems,global reference leak,None,False,None,0
6335,Doxygen filter script breaks auto-link generation,global reference leak,None,False,None,0
6336,How do I detect memory access violation and/or memory race conditions?,global reference leak,None,False,None,0
6337,Callback in JAX fori_loop,global reference leak,None,False,None,0
6338,How to use static variables efficiently?,global reference leak,None,False,None,0
6339,Where are vars stored in Nodejs?,global reference leak,None,False,None,0
6340,Firebase unexpected number of concurrent connections,global reference leak,None,False,None,0
6341,Why is there no Android API for getting the current Activity?,global reference leak,None,False,None,0
6342,Achieving C# &quot;readonly&quot; behavior in C++,global reference leak,None,False,None,0
6343,Spring Boot 2 preventing Tomcat 9 from shutting down,global reference leak,None,False,None,0
6344,Dll unloading causing loading application major performance drop,global reference leak,None,False,None,0
6345,CPP to Delphi Convertion,global reference leak,None,False,None,0
6346,Tomcat High CPU usage and OutOfMemory issue,global reference leak,None,False,None,0
6347,Two types of repositories and two possible layer location in a Domain Driven Design context?,global reference leak,None,False,None,0
6348,Mysql memory usage growing until OOM and system kills / restarts,global reference leak,None,False,None,0
6349,Per thread singleton pattern,global reference leak,None,False,None,0
6350,"The correct way to declare, alloc, load, and dealloc an NSMutableArray",global reference leak,None,False,None,0
6351,Where are IDBRequest objects held in memory?,global reference leak,None,False,None,0
6352,What is the best way to manage multiple instances of the same dataset class across multiple instance,global reference leak,None,False,None,0
6353,Will dynamic arrays in fields of Delphi objects be automatically deallocated/freed when the object i,global reference leak,None,False,None,0
6354,Application deployed on tomcat unable to find jdbc,global reference leak,None,False,None,0
6355,Returning a distribution object from a jittable function,global reference leak,None,False,None,0
6356,"how to code around storing data (objects, custom attributes) on DOM nodes",global reference leak,None,False,None,0
6357,Can a C++ class instantiation change its size during runtime,global reference leak,None,False,None,0
6358,Lifetime constraints to model scoped garbage collection,global reference leak,None,False,None,0
6359,"Prime Factoring, no IO",global reference leak,None,False,None,0
6360,Tomcat 6 web app won&#39;t start,global reference leak,None,False,None,0
6361,Node.js &amp; MongoDB | Reducing calls to DB by storing local JSON file,global reference leak,None,False,None,0
6362,Memory management issues between InnoSetup and Delphi DLL,global reference leak,None,False,None,0
6363,Why is the observable sending old values,global reference leak,None,False,None,0
6364,libgit2 how do i commit a file successfully?,global reference leak,None,False,None,0
6365,"jquery html chrome developer tools timeline, jquery firing for every mousemove event?",global reference leak,None,False,None,0
6366,How to make my spring-boot application with spring-boot-starter-actuator finish after context creati,global reference leak,None,False,None,0
6367,Android Studio: Bluetooth Low Energy BLE Advertisements,global reference leak,None,False,None,0
6368,Tomcat (TomEE)/7.0.62 (1.7.2) XML Configuration Files best practices,global reference leak,None,False,None,0
6369,How to check a C/C++ project for consistent #define&#39;s usage?,Overuse of Global References,None,False,None,0
6370,How to avoid singletons when making an OOP state machine design?,Overuse of Global References,None,False,None,0
6371,Deathmatch: Self Executing Anonymous Function -vs- &quot;new function&quot;,Overuse of Global References,None,False,None,0
6372,JNI &quot;local reference table overflow&quot; when using NewGlobalRef,Local Reference Table Overflow,jni,True,jni,1
6373,JNI error : Local reference table overflow 512 entries,Local Reference Table Overflow,jni,True,jni,1
6374,I don&#39;t know how to solve &quot;local reference table overflow&quot; error in android JNI,Local Reference Table Overflow,jni,True,jni,1
6375,JNI ERROR (app bug): local reference table overflow (max=512) even with out Native Code,Local Reference Table Overflow,jni,True,jni,1
6376,Why am I getting a local reference table overflow?,Local Reference Table Overflow,None,False,None,0
6377,"JNI local reference table overflow, view complete contents of reference table",Local Reference Table Overflow,jni,True,jni,1
6378,"android - kotlin, custom view, binding, inflating - JNI ERROR (app bug): local reference table overf",Local Reference Table Overflow,jni,True,jni,1
6379,C++ JNI local reference table overflow,Local Reference Table Overflow,jni,True,jni,1
6380,Android NDK: local reference table overflow,Local Reference Table Overflow,None,False,None,0
6381,Delete jni local reference table in android,Local Reference Table Overflow,jni,True,jni,1
6382,Application closed - JNI Local Reference,Local Reference Table Overflow,jni,True,jni,1
6383,Local Reference table overflow but using DeleteLocalRef,Local Reference Table Overflow,None,False,None,0
6384,JNI: error Last 10 entries in JNI local reference table.,Local Reference Table Overflow,jni,True,jni,1
6385,E/dalvikvm: JNI ERROR (app bug): local reference table overflow (max=512),Local Reference Table Overflow,jni,True,jni,1
6386,JNI ERROR(app bug) : local reference table overflow,Local Reference Table Overflow,jni,True,jni,1
6387,JNI ERROR (app bug): local reference table overflow (max=512),Local Reference Table Overflow,jni,True,jni,1
6388,Android NDK overflows dalvik JNI local reference table,Local Reference Table Overflow,jni,True,jni,1
6389,How to view JNI local reference table?,Local Reference Table Overflow,jni,True,jni,1
6390,Appcelerator Android Ti.Contacts.getAllPeople() jni error local reference table overflow,Local Reference Table Overflow,jni,True,jni,1
6391,Android : JNI ERROR (app bug): local reference table overflow (max=512),Local Reference Table Overflow,jni,True,jni,1
6392,how can I read the content of the local reference table in JNI?,Local Reference Table Overflow,jni,True,jni,1
6393,Phonegap - JNI ERROR (app bug): local reference table overflow (max=512),Local Reference Table Overflow,jni,True,jni,1
6394,Crash error: JNI ERROR: local reference table overflow (max=512),Local Reference Table Overflow,jni,True,jni,1
6395,JNI ERROR (app bug): local reference table overflow (max=512) Android,Local Reference Table Overflow,jni,True,jni,1
6396,Android Webrtc JNI ERROR (app bug): local reference table overflow (max=512),Local Reference Table Overflow,jni,True,jni,1
6397,JNI table overflow in android app,Local Reference Table Overflow,jni,True,jni,1
6398,JNI ERROR (app bug): local reference table overflow but doesn&#39;t show where it originates,Local Reference Table Overflow,jni,True,jni,1
6399,Android Expand JNI Local Reference Table,Local Reference Table Overflow,jni,True,jni,1
6400,JNI: How to delete a local reference c++,Local Reference Table Overflow,jni,True,jni,1
6401,Google ML Kit JNI ERROR (app bug): local reference table overflow (max=512) on rk3399 motherboard,Local Reference Table Overflow,jni,True,jni,1
6402,"JNI code crashes with local reference table overflow error when compiled with GCC, works fine when c",Local Reference Table Overflow,jni,True,jni,1
6403,Delete JNI local references in android app,Local Reference Table Overflow,jni,True,jni,1
6404,VM aborting Fatal signal 11 (SIGSEGV) at 0xdeadd00d (code=1),Local Reference Table Overflow,None,False,None,0
6405,NDK - Loop with JObjectArray,Local Reference Table Overflow,None,False,None,0
6406,IndirectReferenceTable Android JNI crash,Local Reference Table Overflow,jni,True,jni,1
6407,JNI local reference table summary (512 entries),Local Reference Table Overflow,jni,True,jni,1
6408,What does &quot;stale global reference&quot; mean and how to store jobjects and pass them between th,Local Reference Table Overflow,None,False,None,0
6409,ReferenceTable overflow (max=512) JNI,Local Reference Table Overflow,jni,True,jni,1
6410,Point table to another table in Lua,Local Reference Table Overflow,None,False,None,0
6411,Android WebView Asset Reference Memory Leak,Local Reference Table Overflow,None,False,None,0
6412,Android Webview JNI ERROR with loadUrl,Local Reference Table Overflow,jni,True,jni,1
6413,Tabulator 4.6: &quot;Load Table Data From Local File&quot; fails to post JSON file to Tabulator tabl,Local Reference Table Overflow,None,False,None,0
6414,MediaCodec releaseOutputBuffer causes memeory leak,Local Reference Table Overflow,None,False,None,0
6415,Why does pyodbc sometimes yield a SQL &quot;Arithmetic overflow error&quot; related to nvarchar when,Local Reference Table Overflow,None,False,None,0
6416,Andrjoid JNI simple for next return an error,Local Reference Table Overflow,jni,True,jni,1
6417,"ReferenceTable overflow (jni android), array objects release",Local Reference Table Overflow,jni,True,jni,1
6418,PHP json_encode is returning local language characters as html entities. Output needed in unicode,Local Reference Table Overflow,None,False,None,0
6419,VBA: microsoft access database engine could not find the object (SQL query worksheet table),Local Reference Table Overflow,None,False,None,0
6420,Android - ReferenceTable overflow (max=512) when loading big string array from resources,Local Reference Table Overflow,None,False,None,0
6421,How to connect to the CosmosDB Emulator&#39;s table storage using python?,Local Reference Table Overflow,None,False,None,0
6422,Can&#39;t find why Foreign key is incorrectly formed,Local Reference Table Overflow,None,False,None,0
6423,ReferenceTable overflow though not using JNI,Local Reference Table Overflow,jni,True,jni,1
6424,Updating an SQLite database using the Google Drive Android API,Local Reference Table Overflow,None,False,None,0
6425,Why xlwings custom scripts fails with queries and connections in excel file?,Local Reference Table Overflow,None,False,None,0
6426,How can UISearchDisplayController autorelease cause crash in a different view controller?,Local Reference Table Overflow,None,False,None,0
6427,How to fix org.hibernate.LazyInitializationException: failed to lazily initialize a collection of ro,Local Reference Table Overflow,None,False,None,0
6428,How to tell which thread(s) are producing all the garbage?,Local Reference Table Overflow,None,False,None,0
6429,How to call an a overridden super class method in Java through JNI?,Local Reference Table Overflow,jni,True,jni,1
6430,How do you return a string (or any pass by reference type) from a function in C using LeetCode,Local Reference Table Overflow,None,False,None,0
6431,Sending ID input from submit to controller action,Local Reference Table Overflow,None,False,None,0
6432,How to calculate price change criteria over a rolling timeframe for market data stored in a PostgreS,Local Reference Table Overflow,None,False,None,0
6433,Rails 4: Paperclip Error Post model missing required attr_accessor for &#39;image_file_name&#39;,Local Reference Table Overflow,None,False,None,0
6434,More than 3 fingers on webview causes app crash?,Local Reference Table Overflow,None,False,None,0
6435,Why is PhoneGap Android app crashing while inserting bunch of data into SQL?,Local Reference Table Overflow,None,False,None,0
6436,timeout/memory leak with Phonegap/Cordova,Local Reference Table Overflow,None,False,None,0
6437,Programmatically generate IDML to be processed by InDesign Server- Performance considerations and qu,Local Reference Table Overflow,None,False,None,0
6438,How to get resource string array in android?,Local Reference Table Overflow,None,False,None,0
6439,Freeing JNI Array,Local Reference Table Overflow,jni,True,jni,1
6440,Linphone crash on network switch in android sometime,Local Reference Table Overflow,None,False,None,0
6441,Calculating table row cells horizontaly. How?,Local Reference Table Overflow,None,False,None,0
6442,Connect Android to wii remote with bluetooth,Local Reference Table Overflow,None,False,None,0
6443,"2.2 emulator - app shuts down, unable to resolve virtual methods?",Local Reference Table Overflow,None,False,None,0
6444,Android: Native process provoke ReferenceTable overflow after a while (android-ndk),Local Reference Table Overflow,None,False,None,0
6445,Android Jni : crash in global and local ref variables,Local Reference Table Overflow,jni,True,jni,1
6446,Can&#39;t get sql server compact 3.5 / 4 to work with ASP .NET MVC 2,Local Reference Table Overflow,None,False,None,0
6447,Using Hibernate Criteria Builder to query across several joined entities,Local Reference Table Overflow,None,False,None,0
6448,Xamarin Forms - Using SQLite and SQLite Extensions to implement foreign keys,Local Reference Table Overflow,None,False,None,0
6449,Avoiding memory leak in JNI C to/from Java ,Local Reference Table Overflow,jni,True,jni,1
6450,Digital persona SDK - native problems,Local Reference Table Overflow,None,False,None,0
6451,How to redice the width of a jqGrid filter toolbar,Local Reference Table Overflow,None,False,None,0
6452,How to create a listview from multiple arrays?,Local Reference Table Overflow,None,False,None,0
6453,how to read utf-8 characters from SQlite database,Local Reference Table Overflow,None,False,None,0
6454,Android admob doesn&#39;t work for version 2.3.3 video ads,Local Reference Table Overflow,None,False,None,0
6455,BackupAgentHelper crashing with large numbers of files,Local Reference Table Overflow,None,False,None,0
6456,findViewById returning null in extended LinearLayout,Local Reference Table Overflow,None,False,None,0
6457,Translating Int32 into ushort and back again,Local Reference Table Overflow,None,False,None,0
6458,Airflow Database setup,Local Reference Table Overflow,None,False,None,0
6459,OnClickListener in LinearLayout not triggered,Local Reference Table Overflow,None,False,None,0
6460,"&lt;CFData 0x100516c60 [0x7fff71adaea0]&gt;{length = 6, capacity = 6, bytes = 0x0022412b03ad}",Local Reference Table Overflow,None,False,None,0
6461,Data doesn&#39;t persist after reloading?,Local Reference Table Overflow,None,False,None,0
6462,OLE error C0000094,Local Reference Table Overflow,None,False,None,0
6463,jni error passing large arrays from java to c,Local Reference Table Overflow,jni,True,jni,1
6464,Hexo cannot display &quot;next&quot; theme,Local Reference Table Overflow,None,False,None,0
6465,JNR UnsatisfiedLinkError,UnsatisfiedLinkError,jni,True,jni,1
6466,UnsatisfiedLinkError Android,UnsatisfiedLinkError,jni,True,jni,1
6467,OpenCV + Java = UnsatisfiedLinkError,UnsatisfiedLinkError,jni,True,jni,1
6468,RedLaser Sdk UnsatisfiedLinkError,UnsatisfiedLinkError,jni,True,jni,1
6469,UnExpectedException - UnsatisfiedLinkError,UnsatisfiedLinkError,jni,True,jni,1
6470,UnsatisfiedLinkerror,UnsatisfiedLinkError,jni,True,jni,1
6471,JNI UnsatisfiedLinkError - Android,UnsatisfiedLinkError,jni,True,jni,1
6472,UnsatisfiedLinkError in Android,UnsatisfiedLinkError,jni,True,jni,1
6473,JAVA Windows Registry vs UnsatisfiedLinkError,UnsatisfiedLinkError,jni,True,jni,1
6474,UnsatisfiedLinkError: no jcprov in java.library.path,UnsatisfiedLinkError,jni,True,jni,1
6475,UnsatisfiedLinkError with OpenCV and Android,UnsatisfiedLinkError,jni,True,jni,1
6476,Android OpenCV UnsatisfiedLinkError,UnsatisfiedLinkError,jni,True,jni,1
6477,UnsatisfiedLinkError (Native method not found),UnsatisfiedLinkError,jni,True,jni,1
6478,DL4J UnsatisfiedLinkError: no jniopenblas in java.library.path,UnsatisfiedLinkError,jni,True,jni,1
6479,OpenCV 2.4.1: UnsatisfiedLinkError,UnsatisfiedLinkError,jni,True,jni,1
6480,Google Or-Tools : UnsatisfiedLinkError,UnsatisfiedLinkError,jni,True,jni,1
6481,JNI invocation fails with UnsatisfiedLinkError,UnsatisfiedLinkError,jni,True,jni,1
6482,7Zip-JBinding UnsatisfiedLinkError,UnsatisfiedLinkError,jni,True,jni,1
6483,Java JNI UnsatisfiedLinkError,UnsatisfiedLinkError,jni,True,jni,1
6484,UnsatisfiedLinkError with OpenCV in Tomcat,UnsatisfiedLinkError,jni,True,jni,1
6485,Android - UnsatisfiedLinkError: setAndroidSdkVersion,UnsatisfiedLinkError,jni,True,jni,1
6486,Using jni in Android: UNsatisfiedLinkError,UnsatisfiedLinkError,jni,True,jni,1
6487,UnsatisfiedLinkError: org.opencv.highgui.Highgui.imread when process the image,UnsatisfiedLinkError,jni,True,jni,1
6488,Okay to catch UnsatisfiedLinkError to fall back to a different DLL on a call to System.LoadLibrary?,UnsatisfiedLinkError,jni,True,jni,1
6489,android floodfill opencv UnsatisfiedLinkError,UnsatisfiedLinkError,jni,True,jni,1
6490,Java JLibav/Bridj UnsatisfiedLinkError,UnsatisfiedLinkError,jni,True,jni,1
6491,Sporadically UnsatisfiedLinkError with Android NDK,UnsatisfiedLinkError,jni,True,jni,1
6492,Unsatisfiedlinkerror in android (eclipse),UnsatisfiedLinkError,jni,True,jni,1
6493,UnsatisfiedLinkError for tomcat7 windowsOS,UnsatisfiedLinkError,jni,True,jni,1
6494,Getting UnsatisfiedLinkError - please assist,UnsatisfiedLinkError,jni,True,jni,1
6495,UnsatisfiedLinkError swig_module_init,UnsatisfiedLinkError,jni,True,jni,1
6496,UnsatisfiedLinkError when unit testing WritableNativeMap,UnsatisfiedLinkError,jni,True,jni,1
6497,Android UnsatisfiedLinkError when calling SystemClock.uptimeMillis(),UnsatisfiedLinkError,jni,True,jni,1
6498,Swig C++ to Java UnsatisfiedLinkError,UnsatisfiedLinkError,jni,True,jni,1
6499,UnsatisfiedLinkError: libmodpdfium.so missing,UnsatisfiedLinkError,jni,True,jni,1
6500,Sinch on emulator throws unsatisfiedLinkError,UnsatisfiedLinkError,jni,True,jni,1
6501,UnsatisfiedLinkError loading OpenCV (Linux),UnsatisfiedLinkError,jni,True,jni,1
6502,JNI some methods throw UnsatisfiedLinkError,UnsatisfiedLinkError,jni,True,jni,1
6503,How to fix &quot;UnsatisfiedLinkError&quot;,UnsatisfiedLinkError,jni,True,jni,1
6504,UnsatisfiedLinkError: no sqljdbc_auth in java.library.path,UnsatisfiedLinkError,jni,True,jni,1
6505,Java CPLEX Concert UnsatisfiedLinkError,UnsatisfiedLinkError,jni,True,jni,1
6506,MonoDroid Java Bindings: UnsatisfiedLinkError,UnsatisfiedLinkError,jni,True,jni,1
6507,UnsatisfiedLinkError ClassName.methodName()V,UnsatisfiedLinkError,jni,True,jni,1
6508,UnsatisfiedLinkError when acccessing the google calender in GWT,UnsatisfiedLinkError,jni,True,jni,1
6509,JNI UnsatisfiedLinkError and types parsing,UnsatisfiedLinkError,jni,True,jni,1
6510,UnsatisfiedLinkError with sqlite4java Jar on Mac OS X NetBeans,UnsatisfiedLinkError,jni,True,jni,1
6511,UnsatisfiedLinkError at JNI invocation,UnsatisfiedLinkError,jni,True,jni,1
6512,UnsatisfiedLinkError: Native Library jniopencv_core.dll already loaded in another classloader,UnsatisfiedLinkError,jni,True,jni,1
6513,UnsatisfiedLInkError Linking to FFMPEG with NDK,UnsatisfiedLinkError,jni,True,jni,1
6514,"Tess4J on Ubuntu Linux, UnsatisfiedLinkError",UnsatisfiedLinkError,jni,True,jni,1
6515,Using JNI with kotlin gives UnsatisfiedLinkError,UnsatisfiedLinkError,jni,True,jni,1
6516,What does UnsatisfiedLinkError mean?,UnsatisfiedLinkError,jni,True,jni,1
6517,UnsatisfiedLinkError when trying to refactor packages,UnsatisfiedLinkError,jni,True,jni,1
6518,Eclipse oddity: UnsatisfiedLinkError in JNI code,UnsatisfiedLinkError,jni,True,jni,1
6519,AllJoyn Compilation leads to UnsatisfiedLinkError,UnsatisfiedLinkError,jni,True,jni,1
6520,Android Things bundle - UnsatisfiedLinkError,UnsatisfiedLinkError,jni,True,jni,1
6521,JNI UnsatisfiedLinkError - Native method not found,UnsatisfiedLinkError,jni,True,jni,1
6522,android NDK errors: UnsatisfiedLinkError: hello,UnsatisfiedLinkError,jni,True,jni,1
6523,UnsatisfiedLinkError when App is installed in /system/app folder,UnsatisfiedLinkError,jni,True,jni,1
6524,UnsatisfiedLinkError in Multiple Tomcat Instances,UnsatisfiedLinkError,jni,True,jni,1
6525,JNI -- UnsatisfiedLinkError on native method,UnsatisfiedLinkError,jni,True,jni,1
6526,Android NDK - problems with example (UnsatisfiedLinkError),UnsatisfiedLinkError,jni,True,jni,1
6527,"UnsatisfiedLinkError with sqlite4java, no sqlite4java-osx-amd64",UnsatisfiedLinkError,jni,True,jni,1
6528,UnsatisfiedLinkError: findLibrary returned null,UnsatisfiedLinkError,jni,True,jni,1
6529,UnsatisfiedLinkError when using gwt,UnsatisfiedLinkError,jni,True,jni,1
6530,UnsatisfiedLinkError (cannot find dependent libraries),UnsatisfiedLinkError,jni,True,jni,1
6531,UnsatisfiedLinkError when running jpenable in alpine / Jprofile 10,UnsatisfiedLinkError,jni,True,jni,1
6532,UnsatisfiedLinkError libcrypto.so.1.0.0,UnsatisfiedLinkError,jni,True,jni,1
6533,Native library in Tomcat UnsatisfiedLinkError + Windows + eclipse,UnsatisfiedLinkError,jni,True,jni,1
6534,UnsatisfiedLinkError when using native lib,UnsatisfiedLinkError,jni,True,jni,1
6535,UnsatisfiedLinkError when using a JNI native library from Grails application,UnsatisfiedLinkError,jni,True,jni,1
6536,UnsatisfiedLinkError in JD-Eclipse plugin using Eclipse Indigo,UnsatisfiedLinkError,jni,True,jni,1
6537,Shared JNI library (.so) in Tomcat - UnsatisfiedLinkError,UnsatisfiedLinkError,jni,True,jni,1
6538,Opencv Imgcodecs.imread UnsatisfiedLinkError with Play Framework,UnsatisfiedLinkError,jni,True,jni,1
6539,UnsatisfiedLinkError: gnu.io.RXTXPort.nativeSetLowLatency(),UnsatisfiedLinkError,jni,True,jni,1
6540,UnsatisfiedLinkError for M1 Macs while running Play server locally,UnsatisfiedLinkError,jni,True,jni,1
6541,UnsatisfiedLinkError in JNI,UnsatisfiedLinkError,jni,True,jni,1
6542,Android ndk: UnsatisfiedLinkError with ndk_r10 on x86,UnsatisfiedLinkError,jni,True,jni,1
6543,UnsatisfiedLinkError: no libhello in java.library.path,UnsatisfiedLinkError,jni,True,jni,1
6544,Android 5.0 only - UnsatisfiedLinkError,UnsatisfiedLinkError,jni,True,jni,1
6545,JNLP Applet UnsatisfiedLinkError,UnsatisfiedLinkError,jni,True,jni,1
6546,Calling set on VarHandle in java 14 causes UnsatisfiedLinkError,UnsatisfiedLinkError,jni,True,jni,1
6547,UnsatisfiedLinkError - Djava.library.path,UnsatisfiedLinkError,jni,True,jni,1
6548,KAFKA STREAM: UnsatisfiedLinkError on Lib Rocks DB,UnsatisfiedLinkError,jni,True,jni,1
6549,UnsatisfiedLinkError when trying to use Vosk for a Java Maven Project,UnsatisfiedLinkError,jni,True,jni,1
6550,Android App crashs and show UnsatisfiedLinkError,UnsatisfiedLinkError,jni,True,jni,1
6551,Troubles when launching Hello World : unsatisfiedlinkerror with dalvik system?,UnsatisfiedLinkError,jni,True,jni,1
6552,&quot;UnsatisfiedLinkError&quot; appears when &quot;dynamic_cast&quot; is used in Android NDK,UnsatisfiedLinkError,jni,True,jni,1
6553,Geotools OGR plugin - UnsatisfiedLinkError (ogrjni or gdalalljni),UnsatisfiedLinkError,jni,True,jni,1
6554,Android: UnsatisfiedLinkError due to folder structure in &quot;lib&quot;?,UnsatisfiedLinkError,jni,True,jni,1
6555,Android NDK UnsatisfiedLinkError Native method not found,UnsatisfiedLinkError,jni,True,jni,1
6556,Error connecting to oracle. Getting an UnsatisfiedLinkError for the method t2cGetCharSet,UnsatisfiedLinkError,jni,True,jni,1
6557,Android UnsatisfiedLinkError with libicudata after update ndk to r11,UnsatisfiedLinkError,jni,True,jni,1
6558,Catching a UnsatisfiedLinkError,UnsatisfiedLinkError,jni,True,jni,1
6559,processing.video: UnsatisfiedLinkError: Could not load library: gstreamer,UnsatisfiedLinkError,jni,True,jni,1
6560,UnsatisfiedLinkError Java with Rxtx library,UnsatisfiedLinkError,jni,True,jni,1
6561,I can&#39;t figure out why UnsatisfiedLinkError appears,UnsatisfiedLinkError,jni,True,jni,1
6562,Getting UnsatisfiedLinkError: no jnilept in java.library.path when I create TessBaseAPI,UnsatisfiedLinkError,jni,True,jni,1
6563,UnsatisfiedLinkError when invoking JProfiler,UnsatisfiedLinkError,jni,True,jni,1
6564,UnsatisfiedLinkError thrown while initializing class,UnsatisfiedLinkError,jni,True,jni,1
6565,libgdx SpriteBatch UnsatisfiedLinkError desktop,UnsatisfiedLinkError,jni,True,jni,1
6566,UnsatisfiedLinkError (com.esri.core.runtime.LicenseImpl.nativeIsClientIdValid),UnsatisfiedLinkError,jni,True,jni,1
6567,android NDK loading a library - UnsatisfiedLinkError,UnsatisfiedLinkError,jni,True,jni,1
6568,JNI: UnsatisfiedLinkError: Can&#39;t find dependent libraries,UnsatisfiedLinkError,jni,True,jni,1
6569,UnsatisfiedLinkError with JavaCV Android,UnsatisfiedLinkError,jni,True,jni,1
6570,UnsatisfiedLinkError in Samsung Spen SDK with proguard,UnsatisfiedLinkError,jni,True,jni,1
6571,UnsatisfiedLinkError in Processing,UnsatisfiedLinkError,jni,True,jni,1
6572,GWT Timer UnsatisfiedLinkError when testing with Jukito,UnsatisfiedLinkError,jni,True,jni,1
6573,install4j on Mac: &quot;Open PDF Viewer&quot; action causes UnsatisfiedLinkError,UnsatisfiedLinkError,jni,True,jni,1
6574,UnsatisfiedLinkError: no opencv_java245,UnsatisfiedLinkError,jni,True,jni,1
6575,UnsatisfiedLinkError: The specified procedure could not be found,UnsatisfiedLinkError,jni,True,jni,1
6576,OpenCV with Java - UnsatisfiedLinkError: org.opencv.imgcodecs.Imgcodecs.dicomJpgMatRead_0,UnsatisfiedLinkError,jni,True,jni,1
6577,Android - UnsatisfiedLinkError: unknown failure loading libQt5Core.so,UnsatisfiedLinkError,jni,True,jni,1
6578,UnsatisfiedLinkError when trying to load dll in my eclipse project,UnsatisfiedLinkError,jni,True,jni,1
6579,JUnit UnsatisfiedLinkError,UnsatisfiedLinkError,jni,True,jni,1
6580,Automating web application with Jacob api and selenium is produces UnsatisfiedLinkError,UnsatisfiedLinkError,jni,True,jni,1
6581,UnsatisfiedLinkError when trying to use FFmpeg with NDK,UnsatisfiedLinkError,jni,True,jni,1
6582,UnsatisfiedLinkError on a JavaFX native,UnsatisfiedLinkError,jni,True,jni,1
6583,Exception UnsatisfiedLinkError,UnsatisfiedLinkError,jni,True,jni,1
6584,UnsatisfiedLinkError nightmare,UnsatisfiedLinkError,jni,True,jni,1
6585,UnsatisfiedLinkError with JNI,UnsatisfiedLinkError,jni,True,jni,1
6586,Gurobi UnsatisfiedLinkError,UnsatisfiedLinkError,jni,True,jni,1
6587,Android UnsatisfiedLinkError,UnsatisfiedLinkError,jni,True,jni,1
6588,JNI unsatisfiedLinkError?,UnsatisfiedLinkError,jni,True,jni,1
6589,"Java application does not execute on other devices, UnsatisfiedLinkError",UnsatisfiedLinkError,jni,True,jni,1
6590,For second native function showing UnsatisfiedLinkError: No implementation found for .stringFromJNI2,UnsatisfiedLinkError,jni,True,jni,1
6591,"Another JNI, C++, DLL, UnsatisfiedLinkError &lt;Native Method&gt;",UnsatisfiedLinkError,jni,True,jni,1
6592,Kinect UnsatisfiedLinkError: SimpleOpenNI.SimpleOpenNIJNI.swig_module_init()V,UnsatisfiedLinkError,jni,True,jni,1
6593,ExceptionInInitializerError and UnsatisfiedLinkError,UnsatisfiedLinkError,jni,True,jni,1
6594,Android studio: UnsatisfiedLinkError: findLibrary returned null - loading native library,UnsatisfiedLinkError,jni,True,jni,1
6595,Win64 - JNI: UnsatisfiedLinkError: Can&#39;t find dependent libraries,UnsatisfiedLinkError,jni,True,jni,1
6596,UnsatisfiedLinkError with javafx,UnsatisfiedLinkError,jni,True,jni,1
6597,Eclipse JNI UnsatisfiedLinkError when compiling in terminal works,UnsatisfiedLinkError,jni,True,jni,1
6598,JVST UnsatisfiedLinkError,UnsatisfiedLinkError,jni,True,jni,1
6599,Network Security Services for Java (Mozilla JSS) for Mac UnsatisfiedLinkError,UnsatisfiedLinkError,jni,True,jni,1
6600,JNI UnsatisfiedLinkError,UnsatisfiedLinkError,jni,True,jni,1
6601,UnsatisfiedLinkError: dalvik.system.PathClassLoader,UnsatisfiedLinkError,jni,True,jni,1
6602,"how to resolve these error, UnsatisfiedLinkError: no j3dcore-ogl-chk and no j3dcore-d3d in java.libr",UnsatisfiedLinkError,jni,True,jni,1
6603,javaCV UnsatisfiedLinkError,UnsatisfiedLinkError,jni,True,jni,1
6604,UnsatisfiedLinkError exception while working with dll and java jni4net,UnsatisfiedLinkError,jni,True,jni,1
6605,UnsatisfiedLinkError Libgdx Desktop,UnsatisfiedLinkError,jni,True,jni,1
6606,UnsatisfiedLinkError: Couldn&#39;t load X from loader,UnsatisfiedLinkError,jni,True,jni,1
6607,UnsatisfiedLinkError using openjdk:17 inside Docker container,UnsatisfiedLinkError,jni,True,jni,1
6608,Mockito UnsatisfiedLinkError,UnsatisfiedLinkError,jni,True,jni,1
6609,UnsatisfiedLinkError about Static Member initialized in class in ndk r15,UnsatisfiedLinkError,jni,True,jni,1
6610,Native library in android project not found (UnsatisfiedLinkError),UnsatisfiedLinkError,jni,True,jni,1
6611,UnsatisfiedLinkError when trying to load library that is clearly there,UnsatisfiedLinkError,jni,True,jni,1
6612,UnsatisfiedLinkError in FlutterJNI.loadLibrary,UnsatisfiedLinkError,jni,True,jni,1
6613,GWTMockito UnsatisfiedLinkError,UnsatisfiedLinkError,jni,True,jni,1
6614,".so file not found (unsatisfiedlinkerror), but it exist",UnsatisfiedLinkError,jni,True,jni,1
6615,UnsatisfiedLinkError when using aar-file in Expo project,UnsatisfiedLinkError,jni,True,jni,1
6616,Intellij - UnsatisfiedLinkError: %1 .dll is no valid win32 application,UnsatisfiedLinkError,jni,True,jni,1
6617,Causes of a UnsatisfiedLinkError,UnsatisfiedLinkError,jni,True,jni,1
6618,UnsatisfiedLinkError with javaws,UnsatisfiedLinkError,jni,True,jni,1
6619,UnsatisfiedLinkError native method not found - Android-Telegram,UnsatisfiedLinkError,jni,True,jni,1
6620,Sigar UnsatisfiedLinkError,UnsatisfiedLinkError,jni,True,jni,1
6621,Application Error . UnsatisfiedLinkError,UnsatisfiedLinkError,jni,True,jni,1
6622,Java 64 bit Error &quot;UnsatisfiedLinkError: The specified procedure could not be found&quot;,UnsatisfiedLinkError,jni,True,jni,1
6623,Android UnsatisfiedLinkError with OpenCV 2.4.2,UnsatisfiedLinkError,jni,True,jni,1
6624,UnsatisfiedLinkError in native method,UnsatisfiedLinkError,jni,True,jni,1
6625,UnsatisfiedLinkError when using libstlport_shared.so in project with SQLCipher,UnsatisfiedLinkError,jni,True,jni,1
6626,Strange UnsatisfiedLinkError in Hadoop,UnsatisfiedLinkError,jni,True,jni,1
6627,JNI and C++ - UnsatisfiedLinkError,UnsatisfiedLinkError,jni,True,jni,1
6628,How to fix an UnsatisfiedLinkError (Can&#39;t find dependent libraries) in a JNI project,UnsatisfiedLinkError,jni,True,jni,1
6629,UnsatisfiedLinkError when init skmap on some devices,UnsatisfiedLinkError,jni,True,jni,1
6630,UnsatisfiedLinkError with native library under sbt,UnsatisfiedLinkError,jni,True,jni,1
6631,UnsatisfiedLinkError when running strazzere`s anti-emulator from git hub,UnsatisfiedLinkError,jni,True,jni,1
6632,UnsatisfiedLinkError: no opencv_java249 in java.library.path,UnsatisfiedLinkError,jni,True,jni,1
6633,UnsatisfiedLinkError when deploying an iOS libGDX game with RoboVM and IDEA,UnsatisfiedLinkError,jni,True,jni,1
6634,android ndk UnsatisfiedLinkError when using a prebuilt shared library,UnsatisfiedLinkError,jni,True,jni,1
6635,JNI unsatisfiedlinkerror after client installation,UnsatisfiedLinkError,jni,True,jni,1
6636,JNI call c++ dll occured &#39;UnsatisfiedLinkError: Invalid access to memory location&#39;,UnsatisfiedLinkError,jni,True,jni,1
6637,Unsatisfiedlinkerror OpenALPR test project for android,UnsatisfiedLinkError,jni,True,jni,1
6638,Openh264 throws UnsatisfiedLinkError,UnsatisfiedLinkError,jni,True,jni,1
6639,UnsatisfiedLinkError: Couldn&#39;t load ... from loader,UnsatisfiedLinkError,jni,True,jni,1
6640,UnsatisfiedLinkError using JNI,UnsatisfiedLinkError,jni,True,jni,1
6641,UnsatisfiedLinkError when calling native function,UnsatisfiedLinkError,jni,True,jni,1
6642,UnsatisfiedLinkError: Getting this error in Telegram project,UnsatisfiedLinkError,jni,True,jni,1
6643,JNI UnsatisfiedLinkError for Ubuntu;,UnsatisfiedLinkError,jni,True,jni,1
6644,UnsatisfiedLinkError -- Play! dependencies,UnsatisfiedLinkError,jni,True,jni,1
6645,UnsatisfiedLinkError in java,UnsatisfiedLinkError,jni,True,jni,1
6646,UnsatisfiedLinkError AudioRecordNew,UnsatisfiedLinkError,jni,True,jni,1
6647,"Xamarin Forms, UnsatisfiedLinkError can&#39;t find .so file",UnsatisfiedLinkError,jni,True,jni,1
6648,UnsatisfiedLinkError for com.aldebaran.qi,UnsatisfiedLinkError,jni,True,jni,1
6649,UnsatisfiedLinkError caused by org.gdal.ogr.ogrJNI.GetDriverCount(),UnsatisfiedLinkError,jni,True,jni,1
6650,java UnsatisfiedLinkError,UnsatisfiedLinkError,jni,True,jni,1
6651,UnsatisfiedLinkError JNI,UnsatisfiedLinkError,jni,True,jni,1
6652,Android NDK unsatisfiedlinkerror,UnsatisfiedLinkError,jni,True,jni,1
6653,JNI and UnsatisfiedLinkError,UnsatisfiedLinkError,jni,True,jni,1
6654,UnsatisfiedLinkError when calling native method packaged in jar file,UnsatisfiedLinkError,jni,True,jni,1
6655,Java.Lang. UnsatisfiedLinkError:,UnsatisfiedLinkError,jni,True,jni,1
6656,JNI: UnsatisfiedLinkError,UnsatisfiedLinkError,jni,True,jni,1
6657,UnsatisfiedLinkError When Loading a Library from Java in MATLAB,UnsatisfiedLinkError,jni,True,jni,1
6658,C++ JNI UnsatisfiedLinkError,UnsatisfiedLinkError,jni,True,jni,1
6659,Unsatisfiedlinkerror with Android 5.0.1 update,UnsatisfiedLinkError,jni,True,jni,1
6660,UnsatisfiedLinkError with JCEF,UnsatisfiedLinkError,jni,True,jni,1
6661,Code throws unsatisfiedLinkError,UnsatisfiedLinkError,jni,True,jni,1
6662,FileObserver UnsatisfiedLinkError,UnsatisfiedLinkError,jni,True,jni,1
6663,UnsatisfiedLinkError Exception,UnsatisfiedLinkError,jni,True,jni,1
6664,UnsatisfiedLinkError problem,UnsatisfiedLinkError,jni,True,jni,1
6665,UnsatisfiedLinkError using opencv for processing,UnsatisfiedLinkError,jni,True,jni,1
6666,UnsatisfiedLinkError at runtime,UnsatisfiedLinkError,jni,True,jni,1
6667,"Java OpenCV UnsatisfiedLinkError, Ubuntu",UnsatisfiedLinkError,jni,True,jni,1
6668,UnsatisfiedLinkError in pjsip library,UnsatisfiedLinkError,jni,True,jni,1
6669,Android and UnsatisfiedLinkError,UnsatisfiedLinkError,jni,True,jni,1
6670,UnsatisfiedLinkError using swig with Java,UnsatisfiedLinkError,jni,True,jni,1
6671,"Linux, JNA: UnsatisfiedLinkError on liblo second method call",UnsatisfiedLinkError,"jni, jna",True,"jni, jna",2
6672,"SDL2, JNI and UnsatisfiedLinkError",UnsatisfiedLinkError,jni,True,jni,1
6673,UnsatisfiedLinkError when run System.loadLibrary,UnsatisfiedLinkError,jni,True,jni,1
6674,UnsatisfiedLinkError for some users,UnsatisfiedLinkError,jni,True,jni,1
6675,UnsatisfiedLinkError with jNetPcap,UnsatisfiedLinkError,jni,True,jni,1
6676,UnsatisfiedLinkError : setMessageHandler(Native Method),UnsatisfiedLinkError,jni,True,jni,1
6677,UnsatisfiedLinkError - Tesseract for Android,UnsatisfiedLinkError,jni,True,jni,1
6678,UnsatisfiedLinkError with javacv and Swing,UnsatisfiedLinkError,jni,True,jni,1
6679,How to debug a Java UnsatisfiedLinkError?,UnsatisfiedLinkError,jni,True,jni,1
6680,&quot;UnsatisfiedLinkError: Native Library already loaded in another classloader&quot; in multimodul,UnsatisfiedLinkError,jni,True,jni,1
6681,UnsatisfiedLinkError exporting a dll for deployment,UnsatisfiedLinkError,jni,True,jni,1
6682,UnsatisfiedLinkError on Android 5.0 Lollipop,UnsatisfiedLinkError,jni,True,jni,1
6683,UnsatisfiedLinkError with SmartGWT library,UnsatisfiedLinkError,jni,True,jni,1
6684,Getting UnsatisfiedLinkError when using renderscriptSupportModeEnabled with System.loadLibrary,UnsatisfiedLinkError,jni,True,jni,1
6685,UnsatisfiedLinkError Android native library,UnsatisfiedLinkError,jni,True,jni,1
6686,UnsatisfiedLinkError when consuming prebuilt shared library in Android project with Cmake,UnsatisfiedLinkError,jni,True,jni,1
6687,Apache Arrow Plasma Client - Can&#39;t connect to memory store (UnsatisfiedLinkError),UnsatisfiedLinkError,jni,True,jni,1
6688,UnsatisfiedLinkError Can&#39;t Load Library,UnsatisfiedLinkError,jni,True,jni,1
6689,UnsatisfiedLinkError on Websphere Application Server 6.1 Data Source,UnsatisfiedLinkError,jni,True,jni,1
6690,Intermittent Android NDK UnsatisfiedLinkError,UnsatisfiedLinkError,jni,True,jni,1
6691,Phantom UnsatisfiedLinkError (openCV + JAVA) appears in console but not in IDE,UnsatisfiedLinkError,jni,True,jni,1
6692,Exception Ljava/lang/UnsatisfiedLinkError,UnsatisfiedLinkError,jni,True,jni,1
6693,Java UnsatisfiedLinkError Mac OSX,UnsatisfiedLinkError,jni,True,jni,1
6694,UnsatisfiedLinkError on Samsung S6,UnsatisfiedLinkError,jni,True,jni,1
6695,"jmockit, openJDK and UnsatisfiedLinkError",UnsatisfiedLinkError,jni,True,jni,1
6696,Jython UnsatisfiedLinkError on native method invocation in shared library,UnsatisfiedLinkError,jni,True,jni,1
6697,Why changing name of jar causes UnsatisfiedLinkError exception,UnsatisfiedLinkError,jni,True,jni,1
6698,Java: UnsatisfiedLinkError after compiling,UnsatisfiedLinkError,jni,True,jni,1
6699,Java JNA UnsatisfiedLinkError,UnsatisfiedLinkError,"jni, jna",True,"jni, jna",2
6700,JNI UnsatisfiedLinkError issue,UnsatisfiedLinkError,jni,True,jni,1
6701,UnsatisfiedLinkError using naoqi Java SDK on Windows 10,UnsatisfiedLinkError,jni,True,jni,1
6702,What is the cause of an UnsatisfiedLinkError?,UnsatisfiedLinkError,jni,True,jni,1
6703,How do i make my install4j installer replace i4jinst.dll to avoid UnsatisfiedLinkError,UnsatisfiedLinkError,jni,True,jni,1
6704,Android NDK UnsatisfiedLinkError - a surprising reason,UnsatisfiedLinkError,jni,True,jni,1
6705,UnsatisfiedLinkError: Unable to load library &#39;win64&#39;: Native library (win32-x86-64/win64.dll,UnsatisfiedLinkError,jni,True,jni,1
6706,JNA UnsatisfiedLinkError exception,UnsatisfiedLinkError,"jni, jna",True,"jni, jna",2
6707,NiFi snappy UnsatisfiedLinkError,UnsatisfiedLinkError,jni,True,jni,1
6708,UnsatisfiedLinkError: no j3dcore-ogl in java.library.path,UnsatisfiedLinkError,jni,True,jni,1
6709,Javacv UnsatisfiedLinkError in windows 7,UnsatisfiedLinkError,jni,True,jni,1
6710,How to fix UnsatisfiedLinkError?,UnsatisfiedLinkError,jni,True,jni,1
6711,Powermock imageio UnsatisfiedLinkError,UnsatisfiedLinkError,jni,True,jni,1
6712,java UnsatisfiedLinkError awt.image,UnsatisfiedLinkError,jni,True,jni,1
6713,tess4j jna UnsatisfiedLinkError,UnsatisfiedLinkError,"jni, jna",True,"jni, jna",2
6714,UnsatisfiedLinkError + JNLP + Applet + DLL,UnsatisfiedLinkError,jni,True,jni,1
6715,DL4J UnsatisfiedLinkError: libopenblas_nolapack.so.0: cannot open shared object file: No such file o,UnsatisfiedLinkError,jni,True,jni,1
6716,JNI UnsatisfiedLinkError: Method,UnsatisfiedLinkError,jni,True,jni,1
6717,gRPC + SSL = UnsatisfiedLinkError,UnsatisfiedLinkError,jni,True,jni,1
6718,Android UnsatisfiedLinkError when using native library,UnsatisfiedLinkError,jni,True,jni,1
6719,Skobbler maps UnsatisfiedLinkError,UnsatisfiedLinkError,jni,True,jni,1
6720,UnsatisfiedLinkError while testrun,UnsatisfiedLinkError,jni,True,jni,1
6721,UnsatisfiedLinkError: How to load native library of opencv when running play application?,UnsatisfiedLinkError,jni,True,jni,1
6722,UnsatisfiedLinkError: org.opencv.highgui.Highgui.imread_0 (OpenCV Java),UnsatisfiedLinkError,jni,True,jni,1
6723,UnsatisfiedLinkError using jcurses,UnsatisfiedLinkError,jni,True,jni,1
6724,Android L (5.0) does not search native libraries in “armeabi” or &quot;armeabi-v7a&quot; folder (Uns,UnsatisfiedLinkError,jni,True,jni,1
6725,LibGDX/Box2D UnsatisfiedLinkError,UnsatisfiedLinkError,jni,True,jni,1
6726,Maven - UnsatisfiedLinkError with java.library.path,UnsatisfiedLinkError,jni,True,jni,1
6727,UnsatisfiedLinkError when trying to run Real time Java code on Websphere Real Time JVM on Linux,UnsatisfiedLinkError,jni,True,jni,1
6728,UnsatisfiedLinkError while adding library,UnsatisfiedLinkError,jni,True,jni,1
6729,UnsatisfiedLinkError: Native method not found (NOT caused by the common cause for this error),UnsatisfiedLinkError,jni,True,jni,1
6730,UnsatisfiedLinkError for JNI on OSX with multiple C files,UnsatisfiedLinkError,jni,True,jni,1
6731,UnsatisfiedLinkError for JNI library,UnsatisfiedLinkError,jni,True,jni,1
6732,Java Problem &quot;UnsatisfiedLinkError&quot;,UnsatisfiedLinkError,jni,True,jni,1
6733,tess4j for linux UnsatisfiedLinkError,UnsatisfiedLinkError,jni,True,jni,1
6734,jar not launching - UnsatisfiedLinkError,UnsatisfiedLinkError,jni,True,jni,1
6735,UnsatisfiedLinkError when running Jetty9&#39;s setUID feature,UnsatisfiedLinkError,jni,True,jni,1
6736,.jar throwing UnsatisfiedLinkError only outside of IDE,UnsatisfiedLinkError,jni,True,jni,1
6737,Tess4j error : UnsatisfiedLinkError,UnsatisfiedLinkError,jni,True,jni,1
6738,JNI UnsatisfiedLinkError .jnilib not fond,UnsatisfiedLinkError,jni,True,jni,1
6739,"Java version 1.6 UnsatisfiedLinkError on load shared library, Java 1.4 works fine?",UnsatisfiedLinkError,jni,True,jni,1
6740,UnsatisfiedLinkError with pjSIP can&#39;t find org.pjsip.pjsua2.pjsua2JNI.swig_module_init(),UnsatisfiedLinkError,jni,True,jni,1
6741,Spark Tesseract UnsatisfiedLinkError,UnsatisfiedLinkError,jni,True,jni,1
6742,UnsatisfiedLinkError for sqlcipher with robolectric,UnsatisfiedLinkError,jni,True,jni,1
6743,"On UnsatisfiedLinkError, clarification needed",UnsatisfiedLinkError,jni,True,jni,1
6744,imgui-java + Java = UnsatisfiedLinkError(libglfw.so),UnsatisfiedLinkError,jni,True,jni,1
6745,UnsatisfiedLinkError: Unable to load library,UnsatisfiedLinkError,jni,True,jni,1
6746,What&#39;s the reason behind inconsistent &#39;UnsatisfiedLinkError&#39; while trying to load a .so ,UnsatisfiedLinkError,"jni, jna",True,"jni, jna",2
6747,Tomcat JRE UnsatisfiedLinkError,UnsatisfiedLinkError,jni,True,jni,1
6748,Apache pig UnsatisfiedLinkError,UnsatisfiedLinkError,jni,True,jni,1
6749,&quot;UnsatisfiedLinkError&quot; on Android JNI,UnsatisfiedLinkError,jni,True,jni,1
6750,UnsatisfiedLinkError using Box2d libgdx for android,UnsatisfiedLinkError,jni,True,jni,1
6751,UnsatisfiedLinkError in packaged .jar,UnsatisfiedLinkError,jni,True,jni,1
6752,JNI and Android... UnsatisfiedLinkError,UnsatisfiedLinkError,jni,True,jni,1
6753,How to solve UnsatisfiedLinkError?,UnsatisfiedLinkError,jni,True,jni,1
6754,"UnsatisfiedLinkError after install, cannot run PLAY",UnsatisfiedLinkError,jni,True,jni,1
6755,UnsatisfiedLinkError in JNI Code,UnsatisfiedLinkError,jni,True,jni,1
6756,UnsatisfiedLinkError: no nlsxbe in java.library.path,UnsatisfiedLinkError,jni,True,jni,1
6757,UnsatisfiedLinkError when using JNI?,UnsatisfiedLinkError,jni,True,jni,1
6758,UnsatisfiedLinkError with JACOB and jre 1.7,UnsatisfiedLinkError,jni,True,jni,1
6759,App installed from google play then new version reinstalled locally causes UnsatisfiedLinkError,UnsatisfiedLinkError,jni,True,jni,1
6760,Android UnsatisfiedLinkError With Tesseract and OpenCV,UnsatisfiedLinkError,jni,True,jni,1
6761,UnsatisfiedLinkError with JNI program,UnsatisfiedLinkError,jni,True,jni,1
6762,"UnsatisfiedLinkError, but library is in path",UnsatisfiedLinkError,jni,True,jni,1
6763,zeroMQ UnsatisfiedLinkError in java application,UnsatisfiedLinkError,jni,True,jni,1
6764,libpd on java UnsatisfiedLinkError,UnsatisfiedLinkError,jni,True,jni,1
6765,UnsatisfiedLinkError: no pytorch_jni in java.library.path,UnsatisfiedLinkError,jni,True,jni,1
6766,Using AET62 BSAPILoader.dll receiving UnsatisfiedLinkError,UnsatisfiedLinkError,jni,True,jni,1
6767,Can&#39;t understand this UnsatisfiedLinkError,UnsatisfiedLinkError,jni,True,jni,1
6768,how to fix unsatisfiedLinkError when generating dll for JNI in windows platform using g++,UnsatisfiedLinkError,jni,True,jni,1
6769,How to deal with UnsatisfiedLinkError?,UnsatisfiedLinkError,jni,True,jni,1
6770,"UnsatisfiedLinkError nativeLibraryDirectories=[/vendor/lib64, /system/lib64",UnsatisfiedLinkError,jni,True,jni,1
6771,TDLib UnsatisfiedLinkError (no tdjni in java.library.path),UnsatisfiedLinkError,jni,True,jni,1
6772,UnsatisfiedLinkError in OpenCV example for Android,UnsatisfiedLinkError,jni,True,jni,1
6773,"UnsatisfiedLinkError, despite setting Djava.library.path variable",UnsatisfiedLinkError,jni,True,jni,1
6774,UnsatisfiedLinkError calling JNI generated by SWIG?,UnsatisfiedLinkError,jni,True,jni,1
6775,UnsatisfiedLinkError Arcgis 10.2.3 Android ArcGISRuntime.setClientId,UnsatisfiedLinkError,jni,True,jni,1
6776,Unsatisfiedlinkerror native method not found,UnsatisfiedLinkError,jni,True,jni,1
6777,Java Attach API: UnsatisfiedLinkError,UnsatisfiedLinkError,jni,True,jni,1
6778,Tegra Development Pack NDK UnsatisfiedLinkError,UnsatisfiedLinkError,jni,True,jni,1
6779,JNI without source code (UnsatisfiedLinkError),UnsatisfiedLinkError,jni,True,jni,1
6780,UnsatisfiedLinkError no jogl in java.library.path,UnsatisfiedLinkError,jni,True,jni,1
6781,UnsatisfiedLinkError: Native method not found - Android,UnsatisfiedLinkError,jni,True,jni,1
6782,"JNA UnsatisfiedLinkError, but jna.library.path is set",UnsatisfiedLinkError,"jni, jna",True,"jni, jna",2
6783,JProfiler UnsatisfiedLinkError when starting,UnsatisfiedLinkError,jni,True,jni,1
6784,LTE-CIVIL UnsatisfiedLinkError in Eclipse,UnsatisfiedLinkError,jni,True,jni,1
6785,Can&#39;t find dependent libraries - UnsatisfiedLinkError,UnsatisfiedLinkError,jni,True,jni,1
6786,How to fix unsatisfiedLinkError Couldn&#39;t find dso to load in WhatsApp Sticker App,UnsatisfiedLinkError,jni,True,jni,1
6787,Djinni - Android Crash - UnsatisfiedLinkError,UnsatisfiedLinkError,jni,True,jni,1
6788,Soloader getting UnsatisfiedLinkError in android 10,UnsatisfiedLinkError,jni,True,jni,1
6789,MiniDFSCluster UnsatisfiedLinkError org.apache.hadoop.io.nativeio.NativeIO$Windows.access0,UnsatisfiedLinkError,jni,True,jni,1
6790,UnsatisfiedLinkError: No implementation found for byte[] dji.midware.natives.SDKRelativeJNI.native_g,UnsatisfiedLinkError,jni,True,jni,1
6791,How do I resolve this UnsatisfiedLinkError?,UnsatisfiedLinkError,jni,True,jni,1
6792,UnsatisfiedLinkError implementing simple NDK setup,UnsatisfiedLinkError,jni,True,jni,1
6793,DDE server Error UnsatisfiedLinkError,UnsatisfiedLinkError,jni,True,jni,1
6794,JNI UnsatisfiedLinkError... signature discrepancy?,UnsatisfiedLinkError,jni,True,jni,1
6795,UnsatisfiedLinkError with Here Maps Android,UnsatisfiedLinkError,jni,True,jni,1
6796,UnsatisfiedLinkError while trying to use org.opencv.dnn.Dnn.readNetFromCaffe_0,UnsatisfiedLinkError,jni,True,jni,1
6797,UnsatisfiedLinkError: ... :findLibrary returned null,UnsatisfiedLinkError,jni,True,jni,1
6798,JNI UnsatisfiedLinkError undefined symbol,UnsatisfiedLinkError,jni,True,jni,1
6799,"YAJULEE (Yet Another Java UnsatisfiedLinkError Exception), even though the library exists and is in ",UnsatisfiedLinkError,jni,True,jni,1
6800,UnsatisfiedLinkError when adding another dependency,UnsatisfiedLinkError,jni,True,jni,1
6801,UnsatisfiedLinkError when starting tomcat,UnsatisfiedLinkError,jni,True,jni,1
6802,Realm 0.89 causes UnsatisfiedLinkError,UnsatisfiedLinkError,jni,True,jni,1
6803,JNI UnsatisfiedLinkError dependent libraries,UnsatisfiedLinkError,jni,True,jni,1
6804,UnsatisfiedLinkError: Can&#39;t load library,UnsatisfiedLinkError,jni,True,jni,1
6805,UnsatisfiedLInkError Eclipse JNI (works from command line but not in Eclipse) package names,UnsatisfiedLinkError,jni,True,jni,1
6806,UnsatisfiedLinkError while using JNI,UnsatisfiedLinkError,jni,True,jni,1
6807,Xamarin UnsatisfiedLinkError arm64-v8a,UnsatisfiedLinkError,jni,True,jni,1
6808,UnsatisfiedLinkError when using GvrLayout,UnsatisfiedLinkError,jni,True,jni,1
6809,Java program Opencv unsatisfiedlinkerror,UnsatisfiedLinkError,jni,True,jni,1
6810,Identifying root cause of UnsatisfiedLinkError,UnsatisfiedLinkError,jni,True,jni,1
6811,UnsatisfiedLinkError libreactnativejni.so App Bundle,UnsatisfiedLinkError,jni,True,jni,1
6812,System.loadLibrary does not work. UnsatisfiedLinkError for the second lib in chain,UnsatisfiedLinkError,jni,True,jni,1
6813,Selenium 2.8 UnsatisfiedLinkError IEDriver,UnsatisfiedLinkError,jni,True,jni,1
6814,Spark is throwing UnsatisfiedLinkError error,UnsatisfiedLinkError,jni,True,jni,1
6815,UnsatisfiedLinkError: libcrypto.so.1.0.0 not found,UnsatisfiedLinkError,jni,True,jni,1
6816,"UnsatisfiedLinkError ,while using JEP",UnsatisfiedLinkError,jni,True,jni,1
6817,UnsatisfiedLinkError: Couldn&#39;t load jpgt from loader,UnsatisfiedLinkError,jni,True,jni,1
6818,How to solve unsatisfiedlinkerror in android with ndk,UnsatisfiedLinkError,jni,True,jni,1
6819,UnsatisfiedLinkError when starting GWT&#39;s hosted mode,UnsatisfiedLinkError,jni,True,jni,1
6820,Android : FFmpegFrameRecorder (JavaCV) UnsatisfiedLinkError,UnsatisfiedLinkError,jni,True,jni,1
6821,android jni c++ UnsatisfiedLinkError,UnsatisfiedLinkError,jni,True,jni,1
6822,Android Studio strange UnsatisfiedLinkError,UnsatisfiedLinkError,jni,True,jni,1
6823,Android - OpenSSL 1.1.1 UnsatisfiedLinkError,UnsatisfiedLinkError,jni,True,jni,1
6824,UnsatisfiedLinkError after changing Eclipse workspace,UnsatisfiedLinkError,jni,True,jni,1
6825,UnsatisfiedLinkError when compiling with API21,UnsatisfiedLinkError,jni,True,jni,1
6826,UnsatisfiedLinkError - Native Library - jnidispatch.dll,UnsatisfiedLinkError,jni,True,jni,1
6827,UnsatisfiedLinkError : Native library &#39;wcepeer&#39; not found (Mysaifu),UnsatisfiedLinkError,jni,True,jni,1
6828,UnsatisfiedLinkError when crawling in Nutch,UnsatisfiedLinkError,jni,True,jni,1
6829,UnsatisfiedLinkError with JNA on Windows x64 only,UnsatisfiedLinkError,"jni, jna",True,"jni, jna",2
6830,Android NDK UnsatisfiedLinkError flutter,UnsatisfiedLinkError,jni,True,jni,1
6831,UnsatisfiedLinkError for DuckDb native code in Java,UnsatisfiedLinkError,jni,True,jni,1
6832,sigemptyset() NDK UnsatisfiedLinkError dlopen(),UnsatisfiedLinkError,jni,True,jni,1
6833,Consecutive `System.loadLibrary` returns `UnsatisfiedLinkError`,UnsatisfiedLinkError,jni,True,jni,1
6834,"Scala error : NoClassDefFoundError, UnsatisfiedLinkError",UnsatisfiedLinkError,jni,True,jni,1
6835,Delphi 10.4 FMX UnsatisfiedLinkError,UnsatisfiedLinkError,jni,True,jni,1
6836,"Vitamio: UnsatisfiedLinkError ,Native method not found",UnsatisfiedLinkError,jni,True,jni,1
6837,Java CDF file Parsing with UnsatisfiedLinkError,UnsatisfiedLinkError,jni,True,jni,1
6838,UnsatisfiedLinkError on dalvikvm from AudioTrack,UnsatisfiedLinkError,jni,True,jni,1
6839,UnsatisfiedLinkError - GSvideo library on Processing,UnsatisfiedLinkError,jni,True,jni,1
6840,SQLite and JDBC: returns UnsatisfiedLinkError,UnsatisfiedLinkError,jni,True,jni,1
6841,UnsatisfiedLinkError OkHttpClient API 19,UnsatisfiedLinkError,jni,True,jni,1
6842,Netbeans 7.1.2 JavaFX UnsatisfiedLinkError,UnsatisfiedLinkError,jni,True,jni,1
6843,JNI UnsatisfiedLinkError in c++ dll,UnsatisfiedLinkError,jni,True,jni,1
6844,UnsatisfiedLinkError: Native method not found,UnsatisfiedLinkError,jni,True,jni,1
6845,Google OR-Tools in Intellij: UnsatisfiedLinkError,UnsatisfiedLinkError,jni,True,jni,1
6846,How to fix UnsatisfiedLinkError: dalvik.system.PathClassLoader?,UnsatisfiedLinkError,jni,True,jni,1
6847,JNI UnsatisfiedLinkError: (Class).(Method)()V,UnsatisfiedLinkError,jni,True,jni,1
6848,"JNA - UnsatisfiedLinkError: The specified module could not be found. (on Cgwin, Win32)",UnsatisfiedLinkError,"jni, jna",True,"jni, jna",2
6849,UnsatisfiedLinkError - Rotate camera image data in Android (for use in OpenCV not just display on sc,UnsatisfiedLinkError,jni,True,jni,1
6850,UnsatisfiedLinkError with RXTX on Tomcat (used to work),UnsatisfiedLinkError,jni,True,jni,1
6851,UnsatisfiedLinkError in Samsung 4.4.2 devices,UnsatisfiedLinkError,jni,True,jni,1
6852,UnsatisfiedLinkError with maven-surefire-plugin,UnsatisfiedLinkError,jni,True,jni,1
6853,android UnsatisfiedLinkError: Library not found,UnsatisfiedLinkError,jni,True,jni,1
6854,UnsatisfiedLinkError while executing new Mat(),UnsatisfiedLinkError,jni,True,jni,1
6855,UnsatisfiedLinkError in lotus-notes plugin,UnsatisfiedLinkError,jni,True,jni,1
6856,UnsatisfiedLinkError for a basic native method,UnsatisfiedLinkError,jni,True,jni,1
6857,OpenCV in GlassFish webservices UnsatisfiedLinkError,UnsatisfiedLinkError,jni,True,jni,1
6858,UnsatisfiedLinkError with Oracle OTT utility,UnsatisfiedLinkError,jni,True,jni,1
6859,UnsatisfiedLinkError using JSNI with vaadin,UnsatisfiedLinkError,jni,True,jni,1
6860,UnsatisfiedLinkError: How to create an unsynchronized deflater?,UnsatisfiedLinkError,jni,True,jni,1
6861,UnsatisfiedLinkError for ffmpegutils in Android project,UnsatisfiedLinkError,jni,True,jni,1
6862,"UnsatisfiedLinkError &amp; no such method (jogl, gluegen, jogamp)",UnsatisfiedLinkError,jni,True,jni,1
6863,Play Games - Quick game causes UnsatisfiedLinkError,UnsatisfiedLinkError,jni,True,jni,1
6864,UnsatisfiedLinkError in linux working with eclipse,UnsatisfiedLinkError,jni,True,jni,1
6865,JNI UnsatisfiedLinkError on a native method,UnsatisfiedLinkError,jni,True,jni,1
6866,UnsatisfiedLinkError on WIndows 10 workstation,UnsatisfiedLinkError,jni,True,jni,1
6867,UnsatisfiedLinkError with executing a JAR file,UnsatisfiedLinkError,jni,True,jni,1
6868,UnsatisfiedLinkError: no avatar-js in java.library.path on mac,UnsatisfiedLinkError,jni,True,jni,1
6869,c - Java: UnsatisfiedLinkError on natie method call,UnsatisfiedLinkError,jni,True,jni,1
6870,Getting an UnsatisfiedLinkError (undefined symbol) in Java while loading JNI dependencies even after,UnsatisfiedLinkError,jni,True,jni,1
6871,UnsatisfiedLinkError when running TypeDB on an M1 MacBook,UnsatisfiedLinkError,jni,True,jni,1
6872,UnsatisfiedLinkError: className.methodName - JNI on WebLogic,UnsatisfiedLinkError,jni,True,jni,1
6873,UnsatisfiedLinkError running voldemort with Maxine,UnsatisfiedLinkError,jni,True,jni,1
6874,"Java LoadLibrary UnsatisfiedLinkError, though Java can see the file and runs on another computer",UnsatisfiedLinkError,jni,True,jni,1
6875,UnsatisfiedLinkError: The library loads but I still get a link error,UnsatisfiedLinkError,jni,True,jni,1
6876,UnsatisfiedLinkError: dlopen failed: cannot locate symbol &quot;strtof&quot; referenced by &quot;lib,UnsatisfiedLinkError,jni,True,jni,1
6877,Adding an updated shared native library (.so file) to an Android Studio app leads to an UnsatisfiedL,UnsatisfiedLinkError,jni,True,jni,1
6878,UnsatisfiedLinkError: No implementation found for int,UnsatisfiedLinkError,jni,True,jni,1
6879,UnsatisfiedLinkError after moving the code into a package,UnsatisfiedLinkError,jni,True,jni,1
6880,UnsatisfiedLinkError with Gurobi Optimizer in Java,UnsatisfiedLinkError,jni,True,jni,1
6881,Persistent UnsatisfiedLinkError while running Java invoking native .so on Linux,UnsatisfiedLinkError,jni,True,jni,1
6882,Tesseract: UnsatisfiedLinkError - undefined symbol: TessBaseAPICreate,UnsatisfiedLinkError,jni,True,jni,1
6883,UnsatisfiedLinkError occurs on openjfx webkit（32bit）,UnsatisfiedLinkError,jni,True,jni,1
6884,UnsatisfiedLinkError when calling new World(),UnsatisfiedLinkError,jni,True,jni,1
6885,JNI UnsatisfiedLinkError while everything seems fine,UnsatisfiedLinkError,jni,True,jni,1
6886,Why is JODConverter trowing an UnsatisfiedLinkError?,UnsatisfiedLinkError,jni,True,jni,1
6887,UnsatisfiedLinkError on 64-bit Android when loading 32-bit JNI library (on LG Flex2),UnsatisfiedLinkError,jni,True,jni,1
6888,How can I fix Java Bindings: UnsatisfiedLinkError?,UnsatisfiedLinkError,jni,True,jni,1
6889,Spring Boot 2.1.1: UnsatisfiedLinkError: org.apache.tomcat.jni.SSL.renegotiatePending,UnsatisfiedLinkError,jni,True,jni,1
6890,UnsatisfiedLinkError while building Spinnaker components,UnsatisfiedLinkError,jni,True,jni,1
6891,Getting UnsatisfiedLinkError: no rxtxSerial in java.library.path for Mac,UnsatisfiedLinkError,jni,True,jni,1
6892,UnsatisfiedLinkError after implementing 6.0 Permisions,UnsatisfiedLinkError,jni,True,jni,1
6893,UnsatisfiedLinkError Access is denied Java Windows 10,UnsatisfiedLinkError,jni,True,jni,1
6894,No Idea to fix this Error:&quot;UnsatisfiedLinkError: ../j3dcore-ogl.dll: Can&#39;t load IA 32-bit .,UnsatisfiedLinkError,jni,True,jni,1
6895,JavaPOS - Epson TM-T88IV - UnsatisfiedLinkError in Eclipse,UnsatisfiedLinkError,jni,True,jni,1
6896,"java Opencv unsatisfiedLinkError, native Library is loaded",UnsatisfiedLinkError,jni,True,jni,1
6897,Vlcj on Raspberry Pi get exception &quot;UnsatisfiedLinkError&quot;,UnsatisfiedLinkError,jni,True,jni,1
6898,JNI - UnsatisfiedLinkError - loadLibrary always fails,UnsatisfiedLinkError,jni,True,jni,1
6899,Applet. UnsatisfiedLinkError when loading native .dll,UnsatisfiedLinkError,jni,True,jni,1
6900,UnsatisfiedLinkError with sqlite4java Jar on Mac OS X,UnsatisfiedLinkError,jni,True,jni,1
6901,Android NDK UnsatisfiedLinkError when calling a native function that resides in an Android Library P,UnsatisfiedLinkError,jni,True,jni,1
6902,UnsatisfiedLinkError: Can&#39;t find dependent libraries,UnsatisfiedLinkError,jni,True,jni,1
6903,JFileChooser causes UnsatisfiedLinkError when showing dialog,UnsatisfiedLinkError,jni,True,jni,1
6904,Another JNI UnsatisfiedLinkError DLL problem,UnsatisfiedLinkError,jni,True,jni,1
6905,Native OpenCV Samples for Android throws UnsatisfiedLinkError,UnsatisfiedLinkError,jni,True,jni,1
6906,OpenCV - Apache Storm occurrence of &#39;UnsatisfiedLinkError&#39;,UnsatisfiedLinkError,jni,True,jni,1
6907,JNI UnsatisfiedLinkError when using native function,UnsatisfiedLinkError,jni,True,jni,1
6908,UnsatisfiedLinkError when using flink-s3-fs-hadoop,UnsatisfiedLinkError,jni,True,jni,1
6909,Inexplicable UnsatisfiedLinkError on native library load,UnsatisfiedLinkError,jni,True,jni,1
6910,32-bit DLL causing UnsatisfiedLinkError,UnsatisfiedLinkError,jni,True,jni,1
6911,Unable to Connect TFS in solaris environment - UnsatisfiedLinkError,UnsatisfiedLinkError,jni,True,jni,1
6912,Java UnsatisfiedLinkError while native library is found,UnsatisfiedLinkError,jni,True,jni,1
6913,UnsatisfiedLinkError - com.datumdroid.android.ocr.simple couldn&#39;t find &quot;libjpgt.so&quot;,UnsatisfiedLinkError,jni,True,jni,1
6914,Java libmodbus native library unsatisfiedLinkError,UnsatisfiedLinkError,jni,True,jni,1
6915,UnsatisfiedLinkError with TessAPI1 while using tess4j,UnsatisfiedLinkError,jni,True,jni,1
6916,UnsatisfiedLinkError in Android Studio using Gradle,UnsatisfiedLinkError,jni,True,jni,1
6917,Android UnsatisfiedLinkError opening Media URI,UnsatisfiedLinkError,jni,True,jni,1
6918,Processing: UnsatisfiedLinkError when running getPortIdentifiers();,UnsatisfiedLinkError,jni,True,jni,1
6919,How to fix Java 15 JNI &quot;UnsatisfiedLinkError: A dynamic link library (DLL) initialization routi,UnsatisfiedLinkError,jni,True,jni,1
6920,Android NDK unsatisfiedLinkError (only on android &lt;4.3),UnsatisfiedLinkError,jni,True,jni,1
6921,UnsatisfiedLinkError: No implementation found for java.lang.Object[] com.secneo.sdk.Helper.makeInMem,UnsatisfiedLinkError,jni,True,jni,1
6922,Why my method throws an `UnsatisfiedLinkError`?,UnsatisfiedLinkError,jni,True,jni,1
6923,"JavaFx Application Thread Exception, UnsatisfiedLinkError",UnsatisfiedLinkError,jni,True,jni,1
6924,Java JNI UnsatisfiedLinkError for static load,UnsatisfiedLinkError,jni,True,jni,1
6925,How to fix JavaFX-Blur UnsatisfiedLinkError,UnsatisfiedLinkError,jni,True,jni,1
6926,"Selenium + gradle + testng, UnsatisfiedLinkError on driver.quit()",UnsatisfiedLinkError,jni,True,jni,1
6927,Using SWIG to wrap c++ to java UnsatisfiedLinkError: HeaderJNI.new_Test()J,UnsatisfiedLinkError,jni,True,jni,1
6928,Android UnsatisfiedLinkError: Issue loading a shared library,UnsatisfiedLinkError,jni,True,jni,1
6929,Why I am getting UnsatisfiedLinkError,UnsatisfiedLinkError,jni,True,jni,1
6930,Android UnsatisfiedLinkError native method not found,UnsatisfiedLinkError,jni,True,jni,1
6931,OpenCV 3.1.0 in JAVA on Mac - UnsatisfiedLinkError,UnsatisfiedLinkError,jni,True,jni,1
6932,Unsatisfiedlinkerror when application started from cron,UnsatisfiedLinkError,jni,True,jni,1
6933,Extremely Simplified Test Case for UnsatisfiedLinkError on java.lang.Package.getDeclaredAnnotations,UnsatisfiedLinkError,jni,True,jni,1
6934,UnsatisfiedLinkError: Could not load SWT library,UnsatisfiedLinkError,jni,True,jni,1
6935,Android NDK sample crashes: UnsatisfiedLinkError,UnsatisfiedLinkError,jni,True,jni,1
6936,UnsatisfiedLinkError while loading native library,UnsatisfiedLinkError,jni,True,jni,1
6937,UnsatisfiedLinkError: dlopen failed: library not found,UnsatisfiedLinkError,jni,True,jni,1
6938,Android UnsatisfiedLinkError: parseFile using APV,UnsatisfiedLinkError,jni,True,jni,1
6939,JNI UnsatisfiedLinkError- how do I load libraries correctly?,UnsatisfiedLinkError,jni,True,jni,1
6940,gwt-test-utils UnsatisfiedLinkError on FormPanelImpl.submit(),UnsatisfiedLinkError,jni,True,jni,1
6941,UnsatisfiedLinkError using jblas in Android for Matrix exponential,UnsatisfiedLinkError,jni,True,jni,1
6942,UnsatisfiedLinkError with gwt-test-utils in DOMImplStandard,UnsatisfiedLinkError,jni,True,jni,1
6943,JNI call to dll method does not work - UnsatisfiedLinkError,UnsatisfiedLinkError,jni,True,jni,1
6944,UnsatisfiedLinkError Starting JVM Via Eclipse,UnsatisfiedLinkError,jni,True,jni,1
6945,Android Studio : I encounter UnsatisfiedLinkError,UnsatisfiedLinkError,jni,True,jni,1
6946,UnsatisfiedLinkError while accessing a Native method,UnsatisfiedLinkError,jni,True,jni,1
6947,UnsatisfiedLinkError in companion object Kotlin JNI,UnsatisfiedLinkError,jni,True,jni,1
6948,HBaseTestingUtility failing on Windows 10 with UnsatisfiedLinkError,UnsatisfiedLinkError,jni,True,jni,1
6949,JNI UnsatisfiedLinkError even after everything compiles good,UnsatisfiedLinkError,jni,True,jni,1
6950,UnsatisfiedLinkError for JNI function from Xtext project,UnsatisfiedLinkError,jni,True,jni,1
6951,Eclipse gives UnsatisfiedLinkError in my basic JNI project,UnsatisfiedLinkError,jni,True,jni,1
6952,Applying SSL in Tomcat UnsatisfiedLinkError Issue,UnsatisfiedLinkError,jni,True,jni,1
6953,UnsatisfiedLinkError when opening app in the emulator,UnsatisfiedLinkError,jni,True,jni,1
6954,Sigar UnsatisfiedLinkError on Apache Storm topology,UnsatisfiedLinkError,jni,True,jni,1
6955,Java UnsatisfiedLinkError: Unable to open file,UnsatisfiedLinkError,jni,True,jni,1
6956,UnsatisfiedLinkError Using JavaCV in Eclipse on Mac,UnsatisfiedLinkError,jni,True,jni,1
6957,UnsatisfiedLinkError: No implementation found for void com.mopo.audiofingerprinter.tageditor.ACRClou,UnsatisfiedLinkError,jni,True,jni,1
6958,"UnsatisfiedLinkError in Java, coming from JNI",UnsatisfiedLinkError,jni,True,jni,1
6959,UnsatisfiedLinkError Building Maven Project in Hudson,UnsatisfiedLinkError,jni,True,jni,1
6960,why Android App is crashing with UnsatisfiedLinkError?,UnsatisfiedLinkError,jni,True,jni,1
6961,Why am I getting UnsatisfiedLinkError in below program?,UnsatisfiedLinkError,jni,True,jni,1
6962,UnsatisfiedLinkError: No implementation found for void mono.android.text.TextWatcherImplementor,UnsatisfiedLinkError,jni,True,jni,1
6963,Shared native library in Tomcat UnsatisfiedLinkError,UnsatisfiedLinkError,jni,True,jni,1
6964,UnsatisfiedLinkError when enabling JProfiler on armhf,UnsatisfiedLinkError,jni,True,jni,1
6965,What are &quot;Events&quot; in hs_err_pid.log?,hs_err_pid.log,None,False,None,0
6966,What are hs_err_pid.log files generated when Tomcat crashes?,hs_err_pid.log,None,False,None,0
6967,Unable to locate JVM fatal error log file (hs_err_pid.log) after Dataproc Spark Job crash,hs_err_pid.log,None,False,None,0
6968,Debugging hs_err_pid.log files,hs_err_pid.log,None,False,None,0
6969,No hs_err_pid.log file created and core dumped from jvm on Solaris,hs_err_pid.log,None,False,None,0
6970,Unloading dll rxtx before exit to avoid jvm crashes or hide hs_err_pid.log files,hs_err_pid.log,None,False,None,0
6971,How do I capture hs_err_pid.log in container environments,hs_err_pid.log,None,False,None,0
6972,Fatal Error JRE Android Studio,hs_err_pid.log,None,False,None,0
6973,java spring boot application break down unexcept,hs_err_pid.log,None,False,None,0
6974,How to understand Java Hotspot Errors,hs_err_pid.log,None,False,None,0
6975,Crash JRE libc.so.6 with HTTPS,hs_err_pid.log,None,False,None,0
6976,Cassandra 3.2 crashing at cassandra.db.marshal.TimestampType.compareCustom(Ljava/nio/ByteBuffer;Ljav,hs_err_pid.log,None,False,None,0
6977,SIGSEGV on JNIEnv-&gt;CallStaticObjectMethod,hs_err_pid.log,jni,True,jni,1
6978,xuggler InputOutputStreamHandler SIGSEGV,hs_err_pid.log,None,False,None,0
6979,core was generated by springloaded.jar,hs_err_pid.log,None,False,None,0
6980,how to set location of jvm crash log files,hs_err_pid.log,None,False,None,0
6981,"Java replay log, diagnosing out of memory error",hs_err_pid.log,None,False,None,0
6982,JProfiler&gt; ERROR unknown frame type in StackMapTable Exception and core dumped,hs_err_pid.log,None,False,None,0
6983,JVM insufficient memory crash,hs_err_pid.log,None,False,None,0
6984,trying to understand the tomcat hs_err_pid log,hs_err_pid.log,None,False,None,0
6985,Kafka Jvm out of memory,hs_err_pid.log,None,False,None,0
6986,Problematic frame: # C [zip.dll+0xa714] (JVM crash because EXCEPTION_ACCESS_VIOLATION),hs_err_pid.log,None,False,None,0
6987,Orientdb crash logs fill up entire drive,hs_err_pid.log,None,False,None,0
6988,Mule http connector active threads keep remained in thread pool,hs_err_pid.log,None,False,None,0
6989,Java: How to specify JVM argument -XX:ErrorFile and preserve automatic PID in filename,hs_err_pid.log,None,False,None,0
6990,No hs_err_pid fiile are created on Windows 7 for installed Application,hs_err_pid.log,None,False,None,0
6991,JVM Crash:org.apache.http.impl.cookie.BestMatchSpec.formatCookies(Ljava/util/List;)Ljava/util/List;,hs_err_pid.log,None,False,None,0
6992,Infinite 100% CPU usage at java.io.FileInputStream.readBytes(Native Method),hs_err_pid.log,None,False,None,0
6993,VisualVM fatal error detected by Java Runtime Environment - question about log file and error,hs_err_pid.log,None,False,None,0
6994,Java through JNI C code call Cobol program on HP Tandem,hs_err_pid.log,jni,True,jni,1
6995,JNI DLL crashes JVM (32-bit only),hs_err_pid.log,jni,True,jni,1
6996,JCEF with JavaFX fatal error,hs_err_pid.log,None,False,None,0
6997,Spark: There is insufficient memory for the Java Runtime Environment to continue,hs_err_pid.log,None,False,None,0
6998,What is the Java&#39;s internal represention for String? Modified UTF-8? UTF-16?,Modified UTF-8,None,False,None,0
6999,Why does Java use modified UTF-8 instead of UTF-8?,Modified UTF-8,None,False,None,0
7000,Java modified UTF-8 strings in Python,Modified UTF-8,None,False,None,0
7001,How to convert the &quot;Java modified UTF-8&quot; to the regular UTF-8 and back?,Modified UTF-8,None,False,None,0
7002,What does it mean to say &quot;Java Modified UTF-8 Encoding&quot;?,Modified UTF-8,None,False,None,0
7003,Encoding String to &quot;modified UTF-8&quot; for the DataInput,Modified UTF-8,None,False,None,0
7004,Format of v in the JVM modified UTF-8,Modified UTF-8,None,False,None,0
7005,Is modified UTF-8 handling in JNI::NewStringUTF changed in recent Android versions?,Modified UTF-8,jni,True,jni,1
7006,JNI DETECTED ERROR IN APPLICATION: input is not valid Modified UTF-8: illegal start byte 0x80,Modified UTF-8,jni,True,jni,1
7007,Best XML parser for Java,Modified UTF-8,None,False,None,0
7008,Getting true UTF-8 characters in Java JNI,Modified UTF-8,jni,True,jni,1
7009,UTF-8 encoding for .sql files created or modified in SSMS,Modified UTF-8,None,False,None,0
7010,"CSipSimple throwing exception JNI DETECTED ERROR IN APPLICATION,input is not valid Modified UTF-8: i",Modified UTF-8,jni,True,jni,1
7011,Which encoding does Java uses UTF-8 or UTF-16?,Modified UTF-8,None,False,None,0
7012,Using true UTF-8 in binary streams in java,Modified UTF-8,None,False,None,0
7013,How can I change a file&#39;s encoding with vim?,Modified UTF-8,None,False,None,0
7014,Mystery UTF-8-like encoding,Modified UTF-8,None,False,None,0
7015,How can I get the list of UTF-8 files in a UTF-8 directory using C or C++?,Modified UTF-8,None,False,None,0
7016,Call to C++ JNI NewStringUTF crashes android app when using many different kinds of emoji and langua,Modified UTF-8,jni,True,jni,1
7017,RegEx: \w - &quot;_&quot; + &quot;-&quot; in UTF-8,Modified UTF-8,None,False,None,0
7018,NewString() &amp; NewStringUTF() showing error not valid Modified UTF-8:,Modified UTF-8,None,False,None,0
7019,GIT pre-commit hook which searches non-UTF-8 encodings among modified/added files (and rejects commi,Modified UTF-8,None,False,None,0
7020,How to use Groovy JsonOutput.toJson with data encoded with UTF-8?,Modified UTF-8,None,False,None,0
7021,MSXML removes the encoding=&quot;UTF-8&quot; attribute,Modified UTF-8,None,False,None,0
7022,Am I correctly supporting UTF-8 in my PHP apps?,Modified UTF-8,None,False,None,0
7023,insert variable to mysql database as utf-8,Modified UTF-8,None,False,None,0
7024,JNI DETECTED ERROR IN APPLICATION: input is not valid Modified UTF-8: illegal start byte 0xf0,Modified UTF-8,jni,True,jni,1
7025,XmlWorker ParseToElementList UTF-8 special character missing,Modified UTF-8,None,False,None,0
7026,"gcc, UTF-8 and limits.h",Modified UTF-8,None,False,None,0
7027,Hibernate Spring encode charater set wrong [UTF-8],Modified UTF-8,None,False,None,0
7028,JNI DETECTED ERROR IN APPLICATION: input is not valid Modified UTF-8,Modified UTF-8,jni,True,jni,1
7029,How to read file in UTF-8 mode,Modified UTF-8,None,False,None,0
7030,Read UTF-8 files correctly with PowerShell,Modified UTF-8,None,False,None,0
7031,Saving utf-8 encoded text with numpy.savetxt,Modified UTF-8,None,False,None,0
7032,utf-8 convertion doesn&#39;t work always,Modified UTF-8,None,False,None,0
7033,C++ : Converting UTF-8 Text to UTF-8 or UTF-16,Modified UTF-8,None,False,None,0
7034,Meaning of getBytes() in java with strings,Modified UTF-8,None,False,None,0
7035,PHP5.3 preg_match with Umlaute UTF-8-modifier,Modified UTF-8,None,False,None,0
7036,base64 and UTF-8 encoding issue,Modified UTF-8,None,False,None,0
7037,What kind of utf8 encoding is being used in members of String class in Java?,Modified UTF-8,None,False,None,0
7038,How to get &#39;original&#39; bytes of a Java String when read from DataOutputStream.writeUTF()?,Modified UTF-8,None,False,None,0
7039,How to return xml as UTF-8 instead of UTF-16,Modified UTF-8,None,False,None,0
7040,JNI strings and C strings,Modified UTF-8,jni,True,jni,1
7041,C++ character encoding UTF-8,Modified UTF-8,None,False,None,0
7042,how to import .sql file UTF-8 in mysql databse with php,Modified UTF-8,None,False,None,0
7043,Soap Envelope Header in Delphi 7 not including utf-8 encoding. How can I modify it?,Modified UTF-8,None,False,None,0
7044,Header says UTF-8 but accents not showing up properly - why? (php),Modified UTF-8,None,False,None,0
7045,Write UTF-8 strings to file with pprint,Modified UTF-8,None,False,None,0
7046,jQuery JSON not showing german umlauts (utf-8 format),Modified UTF-8,None,False,None,0
7047,Processing UTF-8 characters in text file in java,Modified UTF-8,None,False,None,0
7048,How can utf-8 input be received in a window procedure?,Modified UTF-8,None,False,None,0
7049,How to force RestTemplate to send multipart/form-data with UTF-8 encoding,Modified UTF-8,None,False,None,0
7050,PHP source code in UTF-8 files; how to interpret properly?,Modified UTF-8,None,False,None,0
7051,Modify the output of this script so that it is read as BOM-less UTF-8,Modified UTF-8,None,False,None,0
7052,Converting UTF-8 to windows-1255 encoding in VB.NET,Modified UTF-8,None,False,None,0
7053,Error when trying to delete a folder. Input is not valid Modified UTF-8,Modified UTF-8,None,False,None,0
7054,"This is my current way of writing to a file. However, I can&#39;t do UTF-8?",Modified UTF-8,None,False,None,0
7055,Serialize a DOM document in UTF-8,Modified UTF-8,None,False,None,0
7056,Parse UTF-8-BOM xml files using XmlService Google App script,Modified UTF-8,None,False,None,0
7057,App crashes irregularly and throws JNI error: input is not valid Modified UTF-8,Modified UTF-8,jni,True,jni,1
7058,UTF-8 Character set CentOS PHP,Modified UTF-8,None,False,None,0
7059,How to setup vim properly for editing in utf-8,Modified UTF-8,None,False,None,0
7060,JAR file with non UTF-8 charset,Modified UTF-8,None,False,None,0
7061,Why this Spring MVC controller returns corrupted UTF-8 String?,Modified UTF-8,None,False,None,0
7062,preg_replace with :alnum: and UTF-8,Modified UTF-8,None,False,None,0
7063,T4 vs UTF-8 vs VS2010,Modified UTF-8,None,False,None,0
7064,utf-8 and skipinitialspace within a line,Modified UTF-8,None,False,None,0
7065,"Java―read, process and write UTF-8 file",Modified UTF-8,None,False,None,0
7066,XMLHttpRequest alters text in UTF-8,Modified UTF-8,None,False,None,0
7067,File.listFiles() crashes for invalid UTF-8 characters,Modified UTF-8,None,False,None,0
7068,How to change a texted pdf to utf-8 encoding?,Modified UTF-8,None,False,None,0
7069,PHP function unserialize stop working after charset change (from latin1 to UTF-8),Modified UTF-8,None,False,None,0
7070,Restsharp request with UTF-8 encoding,Modified UTF-8,None,False,None,0
7071,What to use (instead of C-x C-f) to open a UTF-8-encoded file?,Modified UTF-8,None,False,None,0
7072,Non-ASCII characters in UTF-8 mode regular expression,Modified UTF-8,None,False,None,0
7073,UTF-8 issue with PHP&#39;s json_decode,Modified UTF-8,None,False,None,0
7074,How input UTF-8 characters in MingW64?,Modified UTF-8,None,False,None,0
7075,Constructing and sending binary data over network,Modified UTF-8,None,False,None,0
7076,Can SqlServer 2019 store UTF-8 in VARCHAR datatype?,Modified UTF-8,None,False,None,0
7077,"ajax + utf-8: can&#39;t modify cyrillic string at all (using substr etc), strange behavior",Modified UTF-8,None,False,None,0
7078,Scala - Handling UTF-8 BOM in String loaded from file,Modified UTF-8,None,False,None,0
7079,Why is my defaultencoding ‘utf-8’ with python 2.7.2?,Modified UTF-8,None,False,None,0
7080,Strings display problems after converting java source files to utf-8 and setting eclipse to utf-8,Modified UTF-8,None,False,None,0
7081,Client / Server / DB. Should i care about other charsets than utf-8?,Modified UTF-8,None,False,None,0
7082,Problems displaying utf-8 characters,Modified UTF-8,None,False,None,0
7083,"Ajax, Request Header UTF-8 to ISO Charset",Modified UTF-8,None,False,None,0
7084,Function to go back 1 UTF-8 character?,Modified UTF-8,None,False,None,0
7085,How to reverse UTF-8 encoding in a byte array?,Modified UTF-8,None,False,None,0
7086,How to apply utf-8 to RDS,Modified UTF-8,None,False,None,0
7087,JNI DETECTED ERROR IN APPLICATION: input is not valid Modified UTF-8: illegal start byte 0xfc.,Modified UTF-8,jni,True,jni,1
7088,Correct latin-1 encoded UTF-8 in Django-ORM,Modified UTF-8,None,False,None,0
7089,Spring data JPA + Mysql doesn&#39;t support UTF-8,Modified UTF-8,None,False,None,0
7090,Problems reading/writing UTF-8 data in MySQL from Java using JDBC connector 5.1,Modified UTF-8,None,False,None,0
7091,How do I display UTF-8 characters sent through a websocket?,Modified UTF-8,None,False,None,0
7092,Unable to convert special characters in UTF-8 file into ANSI,Modified UTF-8,None,False,None,0
7093,Cannot encode to UTF-8 in JNI,Modified UTF-8,jni,True,jni,1
7094,How to pass UTF-8 string from Delphi to a DLL C extern function?,Modified UTF-8,None,False,None,0
7095,UTF-8 display issue with htmlwidget:datatable [package DT],Modified UTF-8,None,False,None,0
7096,Using php preg_replace to remove some punctuations from utf-8 encoded string,Modified UTF-8,None,False,None,0
7097,How can I determine if a file contains UTF-8 like characters,Modified UTF-8,None,False,None,0
7098,how to remove non utf 8 code and save as a csv file python,Modified UTF-8,None,False,None,0
7099,How can I convert messages in an mbox file to UTF-8?,Modified UTF-8,None,False,None,0
7100,"openERP 7 need to export data in UTF-8 CSV , but how?",Modified UTF-8,None,False,None,0
7101,"Invalid byte 2 of 4-byte UTF-8 sequence, but only when executing JAR?",Modified UTF-8,None,False,None,0
7102,JNI DETECTED ERROR IN APPLICATION: input is not valid Modified UTF-8: illegal continuation byte 0xa,Modified UTF-8,jni,True,jni,1
7103,Encoding difference UTF-8 Android 4.2.2 &lt;=&gt; Windows 7,Modified UTF-8,None,False,None,0
7104,Leading &quot;?&quot; symbol in UTF-8,Modified UTF-8,None,False,None,0
7105,Convert byte[] to ISO-8859-15 or utf-8,Modified UTF-8,None,False,None,0
7106,"Bootstrapped UTF-8 site displays well in Chrome &amp; FF, but Turkish characters become weird in onl",Modified UTF-8,None,False,None,0
7107,Does NewStringUTF copy the const char * passed in,Modified UTF-8,None,False,None,0
7108,How to sed replace UTF-8 characters with HTML entities in another file?,Modified UTF-8,None,False,None,0
7109,How to set default-encoding in undertow subsystem as utf-8 with a CLI script?,Modified UTF-8,None,False,None,0
7110,Perl LWP::UserAgent mishandling UTF-8 response,Modified UTF-8,None,False,None,0
7111,File use UTF-8 encoding by could not read in ios,Modified UTF-8,None,False,None,0
7112,Get the content length from first two bytes of modified Java UTF (created using java writeUTF() meth,Modified UTF-8,None,False,None,0
7113,Write a file with encoding UTF-8 in php,Modified UTF-8,None,False,None,0
7114,Convert UTF-8 bytes to some other encoding in Python,Modified UTF-8,None,False,None,0
7115,Html form set content type in requset header for charset utf-8,Modified UTF-8,None,False,None,0
7116,Convert universal character name to UTF-8 in C,Modified UTF-8,None,False,None,0
7117,perl: Uncaught exception: malformed UTF-8 character in JSON string,Modified UTF-8,None,False,None,0
7118,string issue of utf-8 encoding with PHP and MySQL?,Modified UTF-8,None,False,None,0
7119,Google cloud storage bad encoding of UTF-8 files,Modified UTF-8,None,False,None,0
7120,java utf-8 to decimal,Modified UTF-8,None,False,None,0
7121,Protocol Buffer nanopb Serializing string and decoding error utf-8 character,Modified UTF-8,None,False,None,0
7122,JNI DETECTED ERROR IN APPLICATION: input is not valid Modified UTF-8: illegal start byte 0x9c Native,Modified UTF-8,jni,True,jni,1
7123,Implementing UTF-8 compatible C Standard Library functions on Windows (pre-Win10),Modified UTF-8,None,False,None,0
7124,UTF-8 charset issue with loadHTMLFile,Modified UTF-8,None,False,None,0
7125,How to use Perl pack to convert UTF-16 surrogate pairs to UTF-8?,Modified UTF-8,None,False,None,0
7126,Understanding encoding in character streams,Modified UTF-8,None,False,None,0
7127,How to solve this UTF-8 encoding C problem?,Modified UTF-8,None,False,None,0
7128,Changing MySQL DB encoding from Latin1_swedish to UTF-8,Modified UTF-8,None,False,None,0
7129,Use python -m json.tool to output Chinese UTF-8,Modified UTF-8,None,False,None,0
7130,Configuring the .NET WCF UTF-8 deserializer to modify/discard non-shortest form chars instead of thr,Modified UTF-8,None,False,None,0
7131,Problems for reading UTF-8 requests on Tomcat,Modified UTF-8,None,False,None,0
7132,[zbar]How to decode qr code which contains Chinese (utf-8) by ZBar?,Modified UTF-8,None,False,None,0
7133,VB.NET Save XMLdocument as UTF-8 with BOM,Modified UTF-8,None,False,None,0
7134,Reading unicode lines from files conversion UTF-8,Modified UTF-8,None,False,None,0
7135,Unsupported Content-Type: text/html; charset=UTF-8 Supported ones are: [text/xml],Modified UTF-8,None,False,None,0
7136,Php application encoding problems from ISO-8859-1 to UTF-8,Modified UTF-8,None,False,None,0
7137,Trying to add UTF-8 compatibility to existing config files,Modified UTF-8,None,False,None,0
7138,Spring UTF-8 message resource from external jar issue,Modified UTF-8,None,False,None,0
7139,PHP char encoding to UTF-8 from various sources,Modified UTF-8,None,False,None,0
7140,"UTF-8 encoding issue in php, special characters",Modified UTF-8,None,False,None,0
7141,Which double quote characters are automatically replaced when converting from UTF-8 to ISO-8859-15?,Modified UTF-8,None,False,None,0
7142,JSP/GlassFish: how to setup UTF-8 encoding correctly,Modified UTF-8,None,False,None,0
7143,Spring JPA doesn&#39;t work with my encoding(UTF-8) only when I use update data,Modified UTF-8,None,False,None,0
7144,Spring Boot integration test - TestRestTemplate how to set response Content-Type to UTF-8,Modified UTF-8,None,False,None,0
7145,Android java utf-8 encoded strings,Modified UTF-8,None,False,None,0
7146,How to store UTF-8 bytes from a C# String in a SQL Server 2000 TEXT column,Modified UTF-8,None,False,None,0
7147,String#encode not fixing &quot;invalid byte sequence in UTF-8&quot; error,Modified UTF-8,None,False,None,0
7148,Unable to login with Chinese username spring Mvc,Modified UTF-8,None,False,None,0
7149,What is the reason for this bizarre issue parsing a UTF-8 command line argument on Windows?,Modified UTF-8,None,False,None,0
7150,exporting text file with utf-8 encoding in ms access,Modified UTF-8,None,False,None,0
7151,SSIS C# Script Task utf-16 to utf-8,Modified UTF-8,None,False,None,0
7152,PHP for Python Programmers: UTF-8 Issues,Modified UTF-8,None,False,None,0
7153,Is there any diffrence between edit an utf-8 ini file with notepad or VS2010?,Modified UTF-8,None,False,None,0
7154,Convert xml document to string with encoding as utf-8,Modified UTF-8,None,False,None,0
7155,"Transform project from windows-1256 to utf-8 charset, what&#39;s the right steps?",Modified UTF-8,None,False,None,0
7156,ANSI vs SHIFT JIS vs UTF-8 in c#,Modified UTF-8,None,False,None,0
7157,XMLHttpRequest. Send data NOT in UTF-8. Is mission imposible?,Modified UTF-8,None,False,None,0
7158,Ruby: UTF-8 incorrect input,Modified UTF-8,None,False,None,0
7159,iOS - PHP Match UTF-8 encoding,Modified UTF-8,None,False,None,0
7160,How should one reasonably handle combining characters in UTF-8,Modified UTF-8,None,False,None,0
7161,Sending special characters (&#235; &#228; &#239;) in POST body with DataOutputStream in Android,Modified UTF-8,None,False,None,0
7162,Spring batch file reading: JBOSS EAP 6.2 File encoding from UTF-8 to ISO-8859-1,Modified UTF-8,None,False,None,0
7163,How to use non utf-8 input in mod_python python version 2,Modified UTF-8,None,False,None,0
7164,PHP malformed utf-8 when decoding json string posted using javascript,Modified UTF-8,None,False,None,0
7165,What&#39;s the maximum number of code points for a UTF-8 encoded displayed character?,Modified UTF-8,None,False,None,0
7166,How to make sure that php files are actually saved with utf-8 encoding?,Modified UTF-8,None,False,None,0
7167,Setting emoji in string api 22,Modified UTF-8,None,False,None,0
7168,How to return rsa encrypted string using openssl in jni,Modified UTF-8,jni,True,jni,1
7169,&quot;Incorrect string value: &#39;\\xD8\\xB9\\xD8\\xB1\\xD8\\xA8...&#39; for column &#39;soup&#39; ,Modified UTF-8,None,False,None,0
7170,Does APNS understand UTF-8 encoded payload,Modified UTF-8,None,False,None,0
7171,Access VBA exporting CSV file as UTF-8,Modified UTF-8,None,False,None,0
7172,Java application reads UTF-8 encoded text files but after ant build the characters are not as expect,Modified UTF-8,None,False,None,0
7173,PowerShell - Batch change files encoding To UTF-8,Modified UTF-8,None,False,None,0
7174,How can I get an output in UTF-8 encoded unicode from Scrapy?,Modified UTF-8,None,False,None,0
7175,How does [] make a difference in Java regex?,Modified UTF-8,None,False,None,0
7176,UTF8 data in JSON can&#39;t save as NSString properly,Modified UTF-8,None,False,None,0
7177,Handling UTF-8 encoding,Modified UTF-8,None,False,None,0
7178,Pretty print and write XML with UTF-8 encoding in Java 8,Modified UTF-8,None,False,None,0
7179,NGINX UTF-8 encoding,Modified UTF-8,None,False,None,0
7180,Convert file to UTF-8 and preserve modification timestamp,Modified UTF-8,None,False,None,0
7181,MarkLogic. Loading document with accented characters in an attribute generates an Invalid UTF-8 esca,Modified UTF-8,None,False,None,0
7182,pdftk generated pdf does not render correct utf-8,Modified UTF-8,None,False,None,0
7183,Header redirecting function error for online if encoding utf-8,Modified UTF-8,None,False,None,0
7184,strangely added character to my strings when using .encode(&quot;utf-8&quot;),Modified UTF-8,None,False,None,0
7185,UTF-8 decoding help needed,Modified UTF-8,None,False,None,0
7186,&quot;illegal character: \65279&quot; during Maven compile despite being set to UTF-8,Modified UTF-8,None,False,None,0
7187,Highlight words with non alphanumeric characters,Modified UTF-8,None,False,None,0
7188,Decode UTF-8 encoded Cyrillic with Delphi 2007,Modified UTF-8,None,False,None,0
7189,How to convert the encoding of a file to ISO-8859-1 in Notepad++?,Modified UTF-8,None,False,None,0
7190,thymeleaf UTF8 xml bug?,Modified UTF-8,None,False,None,0
7191,Passing .NET string to UTF-8 char pointer and size C function,Modified UTF-8,None,False,None,0
7192,Arabic text (UTF-8) output issue fetching from Oracle Database,Modified UTF-8,None,False,None,0
7193,Parsing XML to JSON UTF-8,Modified UTF-8,None,False,None,0
7194,How to change default character encoding configuration in Jetty app server from UTF-8 to ISO-8859-1,Modified UTF-8,None,False,None,0
7195,Sendgrid will only send utf-8 attachments,Modified UTF-8,None,False,None,0
7196,Does Python always use UTF-8 when reading from or writing to a file? (Open function with only file a,Modified UTF-8,None,False,None,0
7197,UTF GET parameter codification problem in JSP (JBoss 2.0.1),Modified UTF-8,None,False,None,0
7198,How should I use g++&#39;s -finput-charset compiler option correctly in order to compile a non-UTF-8,Modified UTF-8,None,False,None,0
7199,&quot;Invalid byte 1 of 1-byte UTF-8 sequence&quot; occurs when posting xml in .jar but not in eclpi,Modified UTF-8,None,False,None,0
7200,What does &quot;bits 6-0&quot; or &quot;bits 10-6 &quot; mean in the javadoc of DataInput?,Modified UTF-8,None,False,None,0
7201,Unicode: Automatically detect high characters and convert them to surrogate pairs,Modified UTF-8,None,False,None,0
7202,PHP regex - add UTF-* characters,Modified UTF-8,None,False,None,0
7203,C++11 std::cout &lt;&lt; &quot;string literal in UTF-8&quot; to Windows cmd console? (Visual Studio ,Modified UTF-8,None,False,None,0
7204,Selenium ChromeDriver.get() does not correctly add special characters UTF 8 decoding Java,Modified UTF-8,None,False,None,0
7205,Convert every dictionary value to utf-8 (dictionary comprehension?),Modified UTF-8,None,False,None,0
7206,How do you read UTF-8 characters from an infinite byte stream - C#,Modified UTF-8,None,False,None,0
7207,Encoding problem with file generated by Java program for a VB application,Modified UTF-8,None,False,None,0
7208,Remove all non utf-8 characters from file with no output in terminal,Modified UTF-8,None,False,None,0
7209,mb_stripos returns incorrect value,Modified UTF-8,None,False,None,0
7210,SQL Server Bulk Import With Format File of UTF-8 Data,Modified UTF-8,None,False,None,0
7211,data UTF-8 to insert on latin1_swedish_ci table MYSQl,Modified UTF-8,None,False,None,0
7212,"If Windows code page is UTF-8, try to start a Java program with special characters in classpath, res",Modified UTF-8,None,False,None,0
7213,JSP: can&#39;t figure out how to set UTF-8 for GlassFish 3.1.2 response,Modified UTF-8,None,False,None,0
7214,How can I Force or Specify Encoding type using Xml.Save?,Modified UTF-8,None,False,None,0
7215,XmlHttpRequest getAllResponseHeaders() not returning all the headers,Modified UTF-8,None,False,None,0
7216,"Private key decrypting symmetric key, but giving different results when the symmetric key is network",Modified UTF-8,None,False,None,0
7217,Changing all non-utf8 characters into utf-8 in mysql (encoding problems),Modified UTF-8,None,False,None,0
7218,Arduino to serial +python to firebase UTF-8 decode error,Modified UTF-8,None,False,None,0
7219,HttpMediaTypeNotSupportedException - Content-Type &#39;application/json;charset=UTF-8&#39; is not su,Modified UTF-8,None,False,None,0
7220,Is there any way I can ease Excel&#39;s UTF-8 handling using PHP?,Modified UTF-8,None,False,None,0
7221,preg_match does not find a UTF-8 character at the beginning of a binary string which contain non-UTF,Modified UTF-8,None,False,None,0
7222,in VC++ Cfile write with UTF8 encoding,Modified UTF-8,None,False,None,0
7223,Using ByteStream for reading UTF-8 characters,Modified UTF-8,None,False,None,0
7224,Cannot display characters&quot;Œ œ Š š Ÿ † ‡ • … ‰ € ™&quot; using &quot;UTF-8&quot; and &quot;ISO-8,Modified UTF-8,None,False,None,0
7225,Clarification about GetFieldID,Modified UTF-8,None,False,None,0
7226,Set Charset to UTF-8 on html pages for Middleman blog site,Modified UTF-8,None,False,None,0
7227,PHP PREG Regex: What does &quot;\W&quot; mean when using the UTF-8 modifier?,Modified UTF-8,None,False,None,0
7228,HTTP error 304 (Not Modified) exception not returned by python urllib2.request.add_header,Modified UTF-8,None,False,None,0
7229,How to fix the invisible space problem in PHP?,Modified UTF-8,None,False,None,0
7230,"Inserting text from external TXT file between slides, UTF-8, macro modification",Modified UTF-8,None,False,None,0
7231,Springboot Hosting GraphQL Server Won&#39;t Accept Queries With Content Type &quot;application/json;,Modified UTF-8,None,False,None,0
7232,How to read unicode characters from data source,Modified UTF-8,None,False,None,0
7233,"CorruptedFrame exception , websockets in Netty",Modified UTF-8,None,False,None,0
7234,My troubles creating MatLab table encoded in UTF-8,Modified UTF-8,None,False,None,0
7235,Checking MySQL character set,Modified UTF-8,None,False,None,0
7236,Why does pasting a line break the code if writing out the same line by hand works fine?,Modified UTF-8,None,False,None,0
7237,PHP problem character set,Modified UTF-8,None,False,None,0
7238,Changing FileStream Write encoding type,Modified UTF-8,None,False,None,0
7239,Converting Special Characters in UTF-8 file to cp1252 file in Python,Modified UTF-8,None,False,None,0
7240,Japanese characters in java webapp and oracle,Modified UTF-8,None,False,None,0
7241,XML Writer - Unable to override UTF16 to UTF8,Modified UTF-8,None,False,None,0
7242,Non-English characters are all broken in JSP file,Modified UTF-8,None,False,None,0
7243,UTF-8 Sender name in Amazon SES / Simple email service,Modified UTF-8,None,False,None,0
7244,preg_split vs mb_split,Modified UTF-8,None,False,None,0
7245,upload .jpg image attachment in mail using AWS SES from node.js,Modified UTF-8,None,False,None,0
7246,Can&#39;t run any Android Project from clean Ubuntu 14.04 Installation,Modified UTF-8,None,False,None,0
7247,Is the u8 string literal necessary in C++11,Modified UTF-8,None,False,None,0
7248,Wrong encoding even when specifying encoding to pandas,Modified UTF-8,None,False,None,0
7249,WCF service using basicHttpBinding is still sending content type &quot;text/xml&quot;,Modified UTF-8,None,False,None,0
7250,PHP regex case-insensitive on cyrillic charset,Modified UTF-8,None,False,None,0
7251,VB6: write a flat file with UTF8 strings,Modified UTF-8,None,False,None,0
7252,AJAX Headers (Firefox vs Chrome),Modified UTF-8,None,False,None,0
7253,embedded linux can&#39;t display more than utf-8 characters,Modified UTF-8,None,False,None,0
7254,Charset value bypassed on page refresh,Modified UTF-8,None,False,None,0
7255,Android app requests WCF service (SerializationException - utf-8 related),Modified UTF-8,None,False,None,0
7256,Can I make python read my file as UTF-16 LE BOM while using regex?,Modified UTF-8,None,False,None,0
7257,hadoop configuration xml encode,Modified UTF-8,None,False,None,0
7258,Tokenize sentence in word in UTF-8 with special characters,Modified UTF-8,None,False,None,0
7259,send simple e-mail encoded in iso-8859-1 to iphone with php,Modified UTF-8,None,False,None,0
7260,What is the SHA-1 of 255?,Modified UTF-8,None,False,None,0
7261,Perl Client to Java Server,Modified UTF-8,None,False,None,0
7262,Git - print files mixed in different encoding,Modified UTF-8,None,False,None,0
7263,Send video from kik bot,Modified UTF-8,None,False,None,0
7264,Python sqlalchemy encode/decode binary key in MSSQL,Modified UTF-8,None,False,None,0
7265,VS Code debugger: failure to find module (utf-8 characters),Modified UTF-8,None,False,None,0
7266,Unable to process strings in files with different encoding [Not accepting answers],Modified UTF-8,None,False,None,0
7267,PHP PCRE pattern,Modified UTF-8,None,False,None,0
7268,VTD-XML : XMLModifier.output() throws an IndexOutOfBoundsException,Modified UTF-8,None,False,None,0
7269,"lua, truncate string containing utf-8 encoded chars",Modified UTF-8,None,False,None,0
7270,UTF-8 names with boost::filestream under MinGW,Modified UTF-8,None,False,None,0
7271,Unity C# System.Xml.Linq - XDocument changes the encoding in a XML declaration,Modified UTF-8,None,False,None,0
7272,Non destructive force_encoding?,Modified UTF-8,None,False,None,0
7273,Reading UTF Strings larger than UnsignedShort.MAX_VALUE in DataInputStream,Modified UTF-8,None,False,None,0
7274,JS Problem with encoding decoding UTF?,Modified UTF-8,None,False,None,0
7275,"OpenCart installation, cannot log into Dashboard",Modified UTF-8,None,False,None,0
7276,How can I make PowerShell handle [ or ] in file name well?,Modified UTF-8,None,False,None,0
7277,NetBeans Doesn&#39;t Display Chinese Content,Modified UTF-8,None,False,None,0
7278,Convert String into the format that readUTF() expects,Modified UTF-8,None,False,None,0
7279,Write ElementTree directly to zip with utf-8 encoding,Modified UTF-8,None,False,None,0
7280,How to send Unicode JSON over HTTP?,Modified UTF-8,None,False,None,0
7281,Displaying Chinese Characters in Apache/Tomcat server,Modified UTF-8,None,False,None,0
7282,UnicodeEncodeError: &#39;utf-8&#39; codec can&#39;t encode character &#39;\udcd8&#39; in position 11,Modified UTF-8,None,False,None,0
7283,cgi python3 problems with encoding,Modified UTF-8,None,False,None,0
7284,pcase not recognising string matches,Modified UTF-8,None,False,None,0
7285,"HTML5 File api, reading in an xml/text file and displaying it on the page?",Modified UTF-8,None,False,None,0
7286,Replace &quot;abc123def&quot; with &quot;abc 123 def&quot; in multibyte string,Modified UTF-8,None,False,None,0
7287,PHP HTTP 1.1 can not perform partial PUT requests,Modified UTF-8,None,False,None,0
7288,How can I specify UTF-8 cell values and filenames to Excel using R and COM (RDCOMClient)?,Modified UTF-8,None,False,None,0
7289,Converting from Windows MBCS to UTF-8,Modified UTF-8,None,False,None,0
7290,Java Selenium - CSV UTF-8 format file creation is not working for Salesforce,Modified UTF-8,None,False,None,0
7291,JSF 2.2 - fileupload does not work with Ajax. Form appears to have incorrect enctype (only via AJAX),Modified UTF-8,None,False,None,0
7292,TwinML Java Say: Cyrillic letters are not read,Modified UTF-8,None,False,None,0
7293,Compressing UTF-8(or other 8-bit encoding) to 7 or fewer bits,Modified UTF-8,None,False,None,0
7294,Unit testing for unicode support,Modified UTF-8,None,False,None,0
7295,How to make Mason2 UTF-8 clean?,Modified UTF-8,None,False,None,0
7296,How can I package django with web-socket server using PyInstaller?,Modified UTF-8,None,False,None,0
7297,Is there something magical about this? The file always turns to ANSI,Modified UTF-8,None,False,None,0
7298,File.listFiles crashes for invalid UTF-8 characters,Modified UTF-8,None,False,None,0
7299,Yii CDbCriteria - OR and foreach(),Modified UTF-8,None,False,None,0
7300,How can character encoding be made correctly in both php and mysql database,Modified UTF-8,None,False,None,0
7301,Unzipping of downloaded .gz file fails due to UnicodeDecodeError,Modified UTF-8,None,False,None,0
7302,Emoji symbol &#128077; in string.xml crashes app,Modified UTF-8,None,False,None,0
7303,Drools specified encoding not taking effect,Modified UTF-8,None,False,None,0
7304,Equivalent pattern to &quot;[\0-\x7F\xC2-\xF4][\x80-\xBF]*&quot; in Lua 5.1,Modified UTF-8,None,False,None,0
7305,How to use preg_replace to translate Japanese to English from a remote website,Modified UTF-8,None,False,None,0
7306,How can I see the options passed to tomcat8 while starting?,Modified UTF-8,None,False,None,0
7307,Saving file into another file using VBScript after modification,Modified UTF-8,None,False,None,0
7308,Castle WcfFacility Publishing MEX Endpoints,Modified UTF-8,None,False,None,0
7309,Problem with words written with other characters,Modified UTF-8,None,False,None,0
7310,How can I make Russian letters visible in a IUP dialog loaded from a LED file?,Modified UTF-8,None,False,None,0
7311,Need to do dump &amp; convert between Latin1 and UTF-8 in MySQL if existing data is all ASCII?,Modified UTF-8,None,False,None,0
7312,tensorflow.GraphDef was modified concurrently during serialization,Modified UTF-8,None,False,None,0
7313,Storing a Large Signed UTF-8 String in SQL CE 4.0 Database,Modified UTF-8,None,False,None,0
7314,MySQL Incorrect string value error,Modified UTF-8,None,False,None,0
7315,Real length of a Thai UTF-8 encoded string in Delphi,Modified UTF-8,None,False,None,0
7316,� appears using character_limiter() with strip_tags() and utf-8 charset,Modified UTF-8,None,False,None,0
7317,php preg_replace: unicode modifier for ascii strings,Modified UTF-8,None,False,None,0
7318,Extracting from array using PHP,Modified UTF-8,None,False,None,0
7319,Offer javascript string as ISO-8859 encoded downloadable blob,Modified UTF-8,None,False,None,0
7320,Setting Charset on Nginx PHP virtual host not working,Modified UTF-8,None,False,None,0
7321,Submitting a form with CJK into MySQL using JDBC Driver,Modified UTF-8,None,False,None,0
7322,PHP/MySQL Encoding,Modified UTF-8,None,False,None,0
7323,Encoding of Text Files in VB 6.0,Modified UTF-8,None,False,None,0
7324,mail() works while mb_send_mail() does not in multi-byte environment,Modified UTF-8,None,False,None,0
7325,How to calculate Content-length properly in tclhttpd?,Modified UTF-8,None,False,None,0
7326,Having issue while reading &#39;≤&#39; and &#39;≥&#39; signs from file,Modified UTF-8,None,False,None,0
7327,How to use SOAP 1.2 with a different Content-Type in Spring Boot,Modified UTF-8,None,False,None,0
7328,Inputstreamreader and data encoding,Modified UTF-8,None,False,None,0
7329,How to find strings in a variable?,Modified UTF-8,None,False,None,0
7330,Unirest post with GZIPOutputStream not working with python Flask api,Modified UTF-8,None,False,None,0
7331,CKEditor charset,Modified UTF-8,None,False,None,0
7332,"Received POST request error, how to handle？",Modified UTF-8,None,False,None,0
7333,Api gateway 304 responses with Last-Modified header,Modified UTF-8,None,False,None,0
7334,git not changing crlf to lf when changing encoding of a file,Modified UTF-8,None,False,None,0
7335,Web API - Return JSON object along with the HTTP Status,Modified UTF-8,None,False,None,0
7336,wchar_t* with UTF8 chars in MSVC,Modified UTF-8,None,False,None,0
7337,Can&#39;t understand the difference between two preg_match patterns,Modified UTF-8,None,False,None,0
7338,Can&#39;t encode CSV file in UTF8 with PHP,Modified UTF-8,None,False,None,0
7339,Converting byte array to string and back again in C#,Modified UTF-8,None,False,None,0
7340,Write Non Latin Characters in CSV using Java,Modified UTF-8,None,False,None,0
7341,RSA in javascript no longer supports ASCII/byte arrays,Modified UTF-8,None,False,None,0
7342,&lt;META http-equiv=&quot;Content-Type&quot; content=&quot;text/html; charset=UTF-8&quot;&gt; is ins,Modified UTF-8,None,False,None,0
7343,How to move rows of excel file to line 1 and convert to csv with UTF-8 encoding using openpyxl in py,Modified UTF-8,None,False,None,0
7344,XPath is different when read from csv file,Modified UTF-8,None,False,None,0
7345,Passing Strings with Emojis to FREFunction in Java,Modified UTF-8,None,False,None,0
7346,Convince Firefox to send an If-Modified-Since header over HTTPS,Modified UTF-8,None,False,None,0
7347,inserting unicode characters into mysql database shows ??????? in field,Modified UTF-8,None,False,None,0
7348,Why is ASIDownloadCache cached data always be used?,Modified UTF-8,None,False,None,0
7349,modifying stopwords in R&#39;s TM package,Modified UTF-8,None,False,None,0
7350,Keep file encoding in eclipse for each file (different encodings for different files),Modified UTF-8,None,False,None,0
7351,Can&#39;t make Eclipse (Luna) PyDev console use UTF-8,Modified UTF-8,None,False,None,0
7352,errors while trying to remove non-UTF characters returned from a DLL,Modified UTF-8,None,False,None,0
7353,Modify or hook into Jupyter&#39;s tab completion,Modified UTF-8,None,False,None,0
7354,How to read/store unicode with STL strings and streams,Modified UTF-8,None,False,None,0
7355,"PHP script escapes special characters after switching servers, how to fix it?",Modified UTF-8,None,False,None,0
7356,how to display text encoded in ISO-8859 on android device,Modified UTF-8,None,False,None,0
7357,why do environment variables have String type instead of string slice in Rust?,Modified UTF-8,None,False,None,0
7358,CSV from UTF8 to ISO-8859-1,Modified UTF-8,None,False,None,0
7359,PHP: Serialized array is saved in (by humans) unreadable UTF-16LE encoded .txt file -- bug or intend,Modified UTF-8,None,False,None,0
7360,Error handling for encoding problems in File.listFiles() in android,Modified UTF-8,None,False,None,0
7361,Serve JSON &quot;as is&quot; from Spring controller using content negotiation,Modified UTF-8,None,False,None,0
7362,jboss jbpm task comment does not accept Chinese,Modified UTF-8,None,False,None,0
7363,Issue in saving Special charcters in Oracle Database in BLOB datatype,Modified UTF-8,None,False,None,0
7364,Jetty HttpServletResponse can&#39;t be modified,Modified UTF-8,None,False,None,0
7365,fast string modification in python,Modified UTF-8,None,False,None,0
7366,How can I force Jekyll to always use a UTF-8 encoding?,Modified UTF-8,None,False,None,0
7367,Fix for Unicode Transformation Issue/Vulnerability in ColdFusion,Modified UTF-8,None,False,None,0
7368,Oracle OCI changeing invalid UTF8 characters to U+FFFD,Modified UTF-8,None,False,None,0
7369,Updating a Salesforce record from Google Apps script,Modified UTF-8,None,False,None,0
7370,How to set a (UTF8) modifier for RegEx of a RegEx Route in Zend Framework 2?,Modified UTF-8,None,False,None,0
7371,File Encoding Conversion from ANSI to CP852/IBM852,Modified UTF-8,None,False,None,0
7372,Is it necessary to avoid memory leak when returning pointer by using shared_ptr?,Modified UTF-8,None,False,None,0
7373,Scandinavian characters get messed up when saved from DataGrid,Modified UTF-8,None,False,None,0
7374,Python: Convert &quot;string&quot; without any conversion to binary,Modified UTF-8,None,False,None,0
7375,Unable to add a Service Reference to a WCF service that is hosted locally,Modified UTF-8,None,False,None,0
7376,How to convert Python List of Variable-Type to a Bytes Like Object?,Modified UTF-8,None,False,None,0
7377,setCharacterEncoding method not encoding properly with iso-8859-15 for special characters,Modified UTF-8,None,False,None,0
7378,"Expected String instance, bytes found",Modified UTF-8,None,False,None,0
7379,Powershell Out-File changing characters it shouldn&#39;t,Modified UTF-8,None,False,None,0
7380,How to remove BOM in Intellij Idea,Modified UTF-8,None,False,None,0
7381,Character encoding with .csv and excel,Modified UTF-8,None,False,None,0
7382,git reset --hard does not revert changes,Modified UTF-8,None,False,None,0
7383,Why is my code returning an &quot;ascii codec&quot; error when I&#39;m trying to use utf-8?,Modified UTF-8,None,False,None,0
7384,jdom 2.0.5 XML-Parsing error: not well formed,Modified UTF-8,None,False,None,0
7385,error redirect to react after local auth with passport using node js express,Modified UTF-8,None,False,None,0
7386,nodejs firebird connection encoding,Modified UTF-8,None,False,None,0
7387,"API Gateway rejecting requests having spanish characters (&#225; , &#237;)",Modified UTF-8,None,False,None,0
7388,"utf-8 character set, 7bit encoding, PHP adding strange characters",Modified UTF-8,None,False,None,0
7389,How can I identify different encodings without the use of a BOM?,Modified UTF-8,None,False,None,0
7390,Python 3 not aware of Windows filename encodings?,Modified UTF-8,None,False,None,0
7391,Svn hook encoding problem,Modified UTF-8,None,False,None,0
7392,Reading a gz file and keeping track of position in file,Modified UTF-8,None,False,None,0
7393,Should I care about multi-byte character strings when using preg_match in PHP,Modified UTF-8,None,False,None,0
7394,Python - which encoding should be applied to a string to be passed to hashlib.sha256()?,Modified UTF-8,None,False,None,0
7395,Perform a global/iterative search in mb_ereg_match,Modified UTF-8,None,False,None,0
7396,Having encoding problems in Aptana Studio,Modified UTF-8,None,False,None,0
7397,curl api is replacing + with spaces,Modified UTF-8,None,False,None,0
7398,Java - Read page source from url returns unknown characters,Modified UTF-8,None,False,None,0
7399,Perl-generated UTF8 strings in JSON corrupted on client side,Modified UTF-8,None,False,None,0
7400,How can using gettext help me here?,Modified UTF-8,None,False,None,0
7401,JPA EntityManager and character encoding,Modified UTF-8,None,False,None,0
7402,Unicode Playlists for Sonos from Python,Modified UTF-8,None,False,None,0
7403,DataOutputStream: purpose of the &quot;encoded string too long&quot; restriction,Modified UTF-8,None,False,None,0
7404,How to load Windows-1215 encoded website in android webview after editing,Modified UTF-8,None,False,None,0
7405,Python: octal escape character \033 from a dictionary value translates in a print statement to a UTF,Modified UTF-8,None,False,None,0
7406,"Powershell: stdout and stderr to separate files, without new lines",Modified UTF-8,None,False,None,0
7407,(Only C) conversion special characters from string char to hexadecimal,Modified UTF-8,None,False,None,0
7408,How to eliminate certain annoying message during framework source code debugging,Modified UTF-8,None,False,None,0
7409,What is the encoding of this byte literal?,Modified UTF-8,None,False,None,0
7410,HTTPS POST in shift-jis encoding,Modified UTF-8,None,False,None,0
7411,PHP preg_split by new line with \R,Modified UTF-8,None,False,None,0
7412,WCF Json result deserialization error with newtonsoft json,Modified UTF-8,None,False,None,0
7413,How to pass a string having latin 1 supplements characters from c layer to java,Modified UTF-8,None,False,None,0
7414,Python read non-ascii text file,Modified UTF-8,None,False,None,0
7415,Why does an error appear when connecting to the server?,Modified UTF-8,None,False,None,0
7416,Remove byte order mark from objects in a list,Modified UTF-8,None,False,None,0
7417,Java SOAP Message Content Type,Modified UTF-8,None,False,None,0
7418,ASP.Net MVC Api won&#39;t accept an int parameter,Modified UTF-8,None,False,None,0
7419,(Only C) conversion special characters from string char to Hex. Unicode,Modified UTF-8,None,False,None,0
7420,Six red dots over my logging PHP app JSON response generates SyntaxError JSON.parse: unexpected char,Modified UTF-8,None,False,None,0
7421,Different regex output on 2 PHP systems?,Modified UTF-8,None,False,None,0
7422,When do I need u-modifier in PHP regex?,Modified UTF-8,None,False,None,0
7423,How to Deserialize String to Java Object,Modified UTF-8,None,False,None,0
7424,Set character set on Amazon RDS (Postgresql),Modified UTF-8,None,False,None,0
7425,Protobuf : pass protobuf message from Javascript to C++ WebAssembly module,Modified UTF-8,None,False,None,0
7426,Tomcat encoding issue again,Modified UTF-8,None,False,None,0
7427,&quot;UnicodeDecodeError: &#39;utf-8&#39; codec can&#39;t decode byte 0x80&quot; while loading pickl,Modified UTF-8,None,False,None,0
7428,java encode String to UTF,Modified UTF-8,None,False,None,0
7429,Creating animated gifs from PNG images and correct headers,Modified UTF-8,None,False,None,0
7430,Certain unicode characters being returned as their HTML code after parsing,Modified UTF-8,None,False,None,0
7431,Rails&#39; stale? method for sitemap always returns HTTP 200,Modified UTF-8,None,False,None,0
7432,Could not create XMLStreamReader in xtest (HIEOS),Modified UTF-8,None,False,None,0
7433,Is there a DCOM-exposed object that permits streaming a write-locked UTF8 file?,Modified UTF-8,None,False,None,0
7434,Python SUDS unicode decode error returned from Webservice,Modified UTF-8,None,False,None,0
7435,Unicode characters stuffing regex quantifiers in perl 5,Modified UTF-8,None,False,None,0
7436,Sublime Text: How to automatically open with specific encoding for some file extensions?,Modified UTF-8,None,False,None,0
7437,Problem with libxml character enconding on win32,Modified UTF-8,None,False,None,0
7438,Adding at the end of single line by matching using shell scripts,Modified UTF-8,None,False,None,0
7439,iconv illegal input sequence at pos... Postgres DUMP,Modified UTF-8,None,False,None,0
7440,Export XML file same structure it was imported,Modified UTF-8,None,False,None,0
7441,Reading a CSV file into Pandas Dataframe with invalid characters (accents),Modified UTF-8,None,False,None,0
7442,Which charsets do HTTP requests and response headers have?,Modified UTF-8,None,False,None,0
7443,MySQL Character Encodings,Modified UTF-8,None,False,None,0
7444,What&#39;s the best way to set charset used by jetty and jersey?,Modified UTF-8,None,False,None,0
7445,Using .replace() method on a string read from HTML file containing Unicode,Modified UTF-8,None,False,None,0
7446,enabling rails page caching causes http header charset to disappears,Modified UTF-8,None,False,None,0
7447,Why does the byte literal symbol keep appearing?,Modified UTF-8,None,False,None,0
7448,What going on? GIT see changes without changes,Modified UTF-8,None,False,None,0
7449,How to import to json an API url in Python,Modified UTF-8,None,False,None,0
7450,Conversion between NVARCHAR to VARCHAR,Modified UTF-8,None,False,None,0
7451,Wildcard for file encoding in org.eclipse.core.resources.prefs?,Modified UTF-8,None,False,None,0
7452,"Apache 2.4, PHP 5.6.17 Debian 8.3, How to remove encoding in default PHP header?",Modified UTF-8,None,False,None,0
7453,Python 2.7 Korean characters all get turned into ?s,Modified UTF-8,None,False,None,0
7454,Magento -&gt; Modify Order Confirmation Charset,Modified UTF-8,None,False,None,0
7455,Problem after migrating from .NET 6 to .NET 8: Queue message is automatically converted to byte[] in,Modified UTF-8,None,False,None,0
7456,netbeans utf8 encoding mess - tool to search for source files according to its encoding and to fix t,Modified UTF-8,None,False,None,0
7457,How locale codeset impact the C++ program,Modified UTF-8,None,False,None,0
7458,"last-modified http header field points to future on some servers, why?",Modified UTF-8,None,False,None,0
7459,How to set encoding on OS X to reflect default GAE encoding?,Modified UTF-8,None,False,None,0
7460,ASP.NET Core 2.0 - Http Response Caching Middleware - Nothing cached,Modified UTF-8,None,False,None,0
7461,Invalid argument for Chef Directory Resource? Any Ideas why,Modified UTF-8,None,False,None,0
7462,NSData gives NULL,Modified UTF-8,None,False,None,0
7463,cyrillic search,Modified UTF-8,None,False,None,0
7464,How to prevent excel from changing csv file encoding after save?,Modified UTF-8,None,False,None,0
7465,Why encoding is different to system defaults in Maven and how to change this setting?,Modified UTF-8,None,False,None,0
7466,Unable to connect to SSL enabled Elastic Search from Google Dataflow,Modified UTF-8,None,False,None,0
7467,DataInputStream UTFDataFormatException: malformed input around byte 88 root cause,Modified UTF-8,None,False,None,0
7468,How to modify the contents (string) of an object within an array of objects using Array.each?,Modified UTF-8,None,False,None,0
7469,Capture entire content of EditText into a picture,Modified UTF-8,None,False,None,0
7470,Tomcat (Development) fails to start after adding UTF8 support in application and setting needed JVM ,Modified UTF-8,None,False,None,0
7471,ASP.net AppendHeader not working in ASP MVC,Modified UTF-8,None,False,None,0
7472,Disable Twilio webhook response content type errors,Modified UTF-8,None,False,None,0
7473,How to set up default encoding in Visual Studio 2010,Modified UTF-8,None,False,None,0
7474,PyInstaller codecs issues,Modified UTF-8,None,False,None,0
7475,save image in mssql database as varbinary(max) without conversion,Modified UTF-8,None,False,None,0
7476,Set encoding for a nodeJS Transform stream in a safe manner,Modified UTF-8,None,False,None,0
7477,How to inspect which js is consuming/decrypting websocket messages?,Modified UTF-8,None,False,None,0
7478,preg_match_all matches English words perfectly but no luck with Hebrew words,Modified UTF-8,None,False,None,0
7479,Exporting html table data as CSV displays the data in multiple rows but the row text is in same colu,Modified UTF-8,None,False,None,0
7480,How to upgrade from R16B to 17? list_to_binary breaks if there are Chinese characters inside,Modified UTF-8,None,False,None,0
7481,Django &#209; problem? ValueError: source code string cannot contain null bytes,Modified UTF-8,None,False,None,0
7482,Change Page Charset with Javascript,Modified UTF-8,None,False,None,0
7483,Failed to serialize the response body for content type,Modified UTF-8,None,False,None,0
7484,Apache camel file parsing issue with splitting and unicode character,Modified UTF-8,None,False,None,0
7485,Bad Encoding or Strange Characters in Jmeter HTTP Request POST Option,Modified UTF-8,None,False,None,0
7486,How does file encoding affect C++11 string literals?,Modified UTF-8,None,False,None,0
7487,Set file as non-binary in git,Modified UTF-8,None,False,None,0
7488,What is the correct procedure to store a utf-16 encoded rss stream into sqlite3 using python,Modified UTF-8,None,False,None,0
7489,Extending a class that doesn&#39;t seemed to be designed for it,Modified UTF-8,None,False,None,0
7490,Make IE cache the resources but always revalidate,Modified UTF-8,None,False,None,0
7491,error in R.java file,Modified UTF-8,None,False,None,0
7492,Handling non ASCII characters with principals in CQ5 REST interface,Modified UTF-8,None,False,None,0
7493,SimplePie Not Parsing RSS Feed,Modified UTF-8,None,False,None,0
7494,Equivalent of Java&#39;s getBytes in JavaScript for different encodings,Modified UTF-8,None,False,None,0
7495,Compare iterated character from std::string with unicode C++,Modified UTF-8,None,False,None,0
7496,Django DatetimeField change on update with incorrect value,Modified UTF-8,None,False,None,0
7497,Spring 4.1.0 @PropertySource doesn&#39;t work,Modified UTF-8,None,False,None,0
7498,jni converting jstring to char,jstring to const char,jni,True,jni,1
7499,JNI call convert jstring to char*,jstring to const char,jni,True,jni,1
7500,Unicode const char* to JString using JNI and C++,jstring to const char,jni,True,jni,1
7501,Writing jstring to logcat in JNI function,jstring to const char,jni,True,jni,1
7502,jstring base64 to string conversion,jstring to const char,None,False,None,0
7503,Passing string from Java into JNI,jstring to const char,jni,True,jni,1
7504,Parameter passing in native a method,jstring to const char,None,False,None,0
7505,Converting from const char * to LPTSTR without USES_CONVERSTION,jstring to const char,None,False,None,0
7506,JNI: converting jstrings longer than 87 characters returns random characters,jstring to const char,jni,True,jni,1
7507,jobject to jstring or char* conversion,jstring to const char,None,False,None,0
7508,Avoiding memory leaks in jni code,jstring to const char,jni,True,jni,1
7509,convert to jstring from std::wstring,jstring to const char,None,False,None,0
7510,error: array type &#39;va_list&#39; (aka &#39;__builtin_va_list&#39;) is not assignable,jstring to const char,None,False,None,0
7511,Java JNI GetStringUTFChars,jstring to const char,jni,True,jni,1
7512,How to fill a C++ char[] with an JNI jobjectarray (Java String[])?,jstring to const char,jni,True,jni,1
7513,FMOD how to load mp3 file with using mp3 file name as parameter in android,jstring to const char,None,False,None,0
7514,Java: load a library that depends on other libs,jstring to const char,None,False,None,0
7515,Qt does not compile callStaticObjectMethod(),jstring to const char,None,False,None,0
7516,Proper JNI conversion getting array items from jobjectarray to seperate const char,jstring to const char,jni,True,jni,1
7517,Unique_ptr c++ usage,jstring to const char,None,False,None,0
7518,Receiving GetStringUTFChars with JNI,jstring to const char,jni,True,jni,1
7519,const variables may not be used in a constant expression?,jstring to const char,None,False,None,0
7520,Java Native Interface GetStringUTFChars Fatal Error,jstring to const char,None,False,None,0
7521,Passing double-byte (WCHAR) strings from C++ to Java via JNI,jstring to const char,jni,True,jni,1
7522,How call a method without any parameter?,jstring to const char,None,False,None,0
7523,jstring return in JNI program,jstring to const char,jni,True,jni,1
7524,conversion from ‘std::wstring {aka std::basic_string&lt;wchar_t&gt;}’ to non-scalar type ‘UString {a,jstring to const char,None,False,None,0
7525,"Should we explicitly cast cpp datatypes (int, float etc) to jni datatypes (jint, jfloat etc) when pa",jstring to const char,jni,True,jni,1
7526,"JRE terminated when setting a string property (SWIG, Java)",jstring to const char,None,False,None,0
7527,The android ndk string splicing calls the malloc function. When I return the result to the JAVA laye,jstring to const char,None,False,None,0
7528,Returning Const char* from EDK method using JNI,jstring to const char,jni,True,jni,1
7529,Showing undefined reference to a defined object,jstring to const char,None,False,None,0
7530,Char* Corrupted Across JNI Calls,jstring to const char,jni,True,jni,1
7531,Calling a java method from c++ in Android,jstring to const char,None,False,None,0
7532,Return Arabic from JNI call,jstring to const char,jni,True,jni,1
7533,Type &#39;std::string&#39; could not be resolved.,jstring to const char,None,False,None,0
7534,Android - getByName() does not resolve hostname / How to resolve hostnames to IPs in Android Network,jstring to const char,None,False,None,0
7535,How to pass from kotlin array of data class to an array of C struct with JNI?,jstring to const char,jni,True,jni,1
7536,JNI jstring from class variable?,jstring to const char,jni,True,jni,1
7537,jni String to *char and java.lang.UnsatisfiedLinkError:,jstring to const char,jni,True,jni,1
7538,jni undefined symbol error,jstring to const char,jni,True,jni,1
7539,Error creating args array of jvalues for NewObjectA() function - JNI Invocation API,jstring to const char,jni,True,jni,1
7540,How can get raw file from jni native c++,jstring to const char,jni,True,jni,1
7541,using jint and jstring in android studio JNI function,jstring to const char,jni,True,jni,1
7542,NDK: keeping variables passed from java layer alive in c++ layer by copy by value,jstring to const char,None,False,None,0
7543,Android passing file path to OpenCV imread method,jstring to const char,None,False,None,0
7544,How to find 2 dimensional array size in JNI,jstring to const char,jni,True,jni,1
7545,How to trigger function from main thread when the app is on resume state using cocos2dx,jstring to const char,None,False,None,0
7546,How to call C# function from java,jstring to const char,None,False,None,0
7547,Calling unmanaged C++ via Java,jstring to const char,None,False,None,0
7548,How to export a single midi channel to wav with fluidsynth?,jstring to const char,None,False,None,0
7549,Compiling a large C++ library into Android NDK using JNI - Makefile Questions,jstring to const char,jni,True,jni,1
7550,&quot;Heap corruption detected&quot; when I splice together strings in JNI,jstring to const char,jni,True,jni,1
7551,&#39;NULL&#39; undeclared (first use in this function) using android ndk,jstring to const char,None,False,None,0
7552,Does JNI requires ordering of arguments based on argument types,jstring to const char,jni,True,jni,1
7553,"android ndk, how to read image file to bitmap jobject?",jstring to const char,None,False,None,0
7554,Android - NDK - C++ - cannot initialize a variable of type &#39;int *&#39; with an rvalue of type &#,jstring to const char,None,False,None,0
7555,Android C++ NDK,jstring to const char,None,False,None,0
7556,cannot initialize a variable of type &#39;jstring&#39; (aka &#39;_jstring *&#39;) with an rvalue of ,jstring to const char,None,False,None,0
7557,calculate runtime offset from runtime address minus readelf function address?,jstring to const char,None,False,None,0
7558,ReleaseStringUTFChars with non-original jstring argument?,jstring to const char,None,False,None,0
7559,Failed to get the environment using GetEnv(),jstring to const char,None,False,None,0
7560,Java and JNI global variables,jstring to const char,jni,True,jni,1
7561,Adding Unique Elements to a Json Object using C,jstring to const char,None,False,None,0
7562,Java .NET interop,jstring to const char,None,False,None,0
7563,How to call ndk function on MainActivity,jstring to const char,None,False,None,0
7564,"C, or C++ code for using LAME API to convert an M4A (MPEG-4 audio) to MP3",jstring to const char,None,False,None,0
7565,Android NDK applicaiton throws an error - Unsatisfied Link Error,jstring to const char,None,False,None,0
7566,Call C# method from Java using JNI,jstring to const char,jni,True,jni,1
7567,JNI crash outside JVM - EXCEPTION_ACCESS_VIOLATION,jstring to const char,jni,True,jni,1
7568,Memory leak using JNI to retrieve String&#39;s value from Java code,jstring to const char,jni,True,jni,1
7569,Android JNI - Load dlib shape predictor file,jstring to const char,jni,True,jni,1
7570,NDK call function from native code,jstring to const char,None,False,None,0
7571,How to pass a file path from .java class file to native jni file,jstring to const char,jni,True,jni,1
7572,How to run a console program that using JNI bridge which is packed in an Android APK package?,jstring to const char,jni,True,jni,1
7573,Configure ffmpeg to use concat,jstring to const char,None,False,None,0
7574,Returning jbyteArray from native c in Android,jstring to const char,None,False,None,0
7575,Insane CPU usage in QT 5.0,jstring to const char,None,False,None,0
7576,using CURL with Table Fusion from NDK App,jstring to const char,None,False,None,0
7577,env-&gt;FindClass function returns null,jstring to const char,None,False,None,0
7578,pass string from java to c++ and using popen with NDK cased errors?,jstring to const char,None,False,None,0
7579,How to use Android NDK SQLite3 extension json1,jstring to const char,None,False,None,0
7580,Use Kotlin/Native prebuilt shared library from an Android application using JNI,jstring to const char,jni,True,jni,1
7581,Cannot install MySQL UDF,jstring to const char,None,False,None,0
7582,Invoking Java Jar code from JNI in C++,jstring to const char,jni,True,jni,1
7583,Calling the Main in c by jni in android,jstring to const char,jni,True,jni,1
7584,memory leak while calling java from c++ with jni,jstring to const char,jni,True,jni,1
7585,Android using JNI without static variables,jstring to const char,jni,True,jni,1
7586,Why jni calls fail on modification of composable remembered values?,jstring to const char,jni,True,jni,1
7587,Java JNI &quot;symbol lookup error&quot; with c++ library,jstring to const char,jni,True,jni,1
7588,Using FFMpeg under Android,jstring to const char,None,False,None,0
7589,How can I request permission to serial port android using C,jstring to const char,None,False,None,0
7590,Create iOS static library from robovm project (BAD_ACCESS in JNI),jstring to const char,jni,True,jni,1
7591,Java JNIEnv Segmentation Fault,jstring to const char,jni,True,jni,1
7592,Qt - JNI crash on Android 5,jstring to const char,jni,True,jni,1
7593,JNI : java - C // Using Global variables,jstring to const char,jni,True,jni,1
7594,How to use windows.h setClipboardContent method in a JNI call?,jstring to const char,jni,True,jni,1
7595,FATAL ERROR in native method: Bad global or local ref passed to JNI,jstring to const char,jni,True,jni,1
7596,Invalid indirect reference on NewObject call,jstring to const char,None,False,None,0
7597,"JNI convert a String to char *, returned by an instance method",jstring to const char,jni,True,jni,1
7598,Need to pass a function as a parameter from Android to JNI interface,jstring to const char,jni,True,jni,1
7599,"NDK passing byte array to java, getting [B@... instead of contents",jstring to const char,None,False,None,0
7600,how to load a static library(libtest.a) in MainActivity.java in android studio,jstring to const char,None,False,None,0
7601,App crashes when calling native function encrypt hundred of times,jstring to const char,None,False,None,0
7602,Send string from C to Java using JNI,jstring to const char,jni,True,jni,1
7603,Using JNI to pass a C pointer to a double array to Java,jstring to const char,jni,True,jni,1
7604,Android NDK - fill Java&#39;s byte array from C code,jstring to const char,None,False,None,0
7605,JNA and JNI - Attempt to reference unallocated memory,jstring to const char,"jni, jna",True,"jni, jna",2
7606,Reuse SuperpoweredDecoder for loading audio files,jstring to const char,None,False,None,0
7607,A dynamic link library (DLL) initialization routine failed (Windows 10 / Toast Notifications),jstring to const char,None,False,None,0
7608,use ffmpeg api to convert audio files. crash on avcodec_encode_audio2,jstring to const char,None,False,None,0
7609,Help regarding Android NDK,jstring to const char,None,False,None,0
7610,CallObjectMethod does not return a string,jstring to const char,None,False,None,0
7611,Why there is permission denied error in App Specific folders on external storage from Android API 33,jstring to const char,None,False,None,0
7612,Cmake: How to include a .h file in android studio and call methods of header file from android code,jstring to const char,None,False,None,0
7613,Android App Development: SELinux blocks permission to read file,jstring to const char,None,False,None,0
7614,Android 10: Android Q: NDK: opendir to /dev fails with errno 13: permission denied,jstring to const char,None,False,None,0
7615,crash at jni GetStringUTFChars,jstring to const char,jni,True,jni,1
7616,"C++/JNI - Stored Object (jobject) Changes Unexpectedly in Vectors and Arrays, C++ or JNI Issue?",jstring to const char,jni,True,jni,1
7617,Android : NDK : Superpowered Open failed: ENOENT (No such file or directory) Error,jstring to const char,None,False,None,0
7618,Cannot release Mat object in Java,jstring to const char,None,False,None,0
7619,"xcode ios project , how to import cpp code files from other directory?",jstring to const char,None,False,None,0
7620,How to return rsa encrypted string using openssl in jni,jstring to const char,jni,True,jni,1
7621,error while loading shared libraries: jvm.dll,jstring to const char,None,False,None,0
7622,Java: Invoking native method giving &quot;Exception in thread &quot;main&quot; java.lang.Unsatisfied,jstring to const char,None,False,None,0
7623,Reproducing and resolving Android java.lang.unsatisfiedLinkError locally,jstring to const char,None,False,None,0
7624,How to safely share String between JNI thread and native thread,jstring to const char,jni,True,jni,1
7625,Passing a string from C++ to Java using JNI crashing (Android),jstring to const char,jni,True,jni,1
7626,Hooking JNI function from env-&gt;functions not working on an emulator,jstring to const char,jni,True,jni,1
7627,Using JNI with kotlin gives UnsatisfiedLinkError,jstring to const char,jni,True,jni,1
7628,Trying to add second C++ file. Android JNI: UnsatisfiedLinkError - Can&#39;t find native method,jstring to const char,jni,True,jni,1
7629,android art runtime check_jni.cc error on package name,jstring to const char,jni,True,jni,1
7630,Android AES in C,jstring to const char,None,False,None,0
7631,Netbeans C++ compile error: undefined reference to &lt;function name&gt;,jstring to const char,None,False,None,0
7632,"Superpowered: can&#39;t get TimeStretching to work correctly, the output sound is distorted",jstring to const char,None,False,None,0
7633,Java and C: How can I compile this C source file into a DLL for use with Java?,jstring to const char,None,False,None,0
7634,Interpretation of app c++ crash information?,jstring to const char,None,False,None,0
7635,swig 2 marshaling to a std::vector&lt;boost::filesystem::path&gt; &amp; from java to c++,jstring to const char,None,False,None,0
7636,How to call from jni java library with 2 string parameters?,jstring to const char,jni,True,jni,1
7637,sqlite3 c library over jni crashes after 1003 queries,jstring to const char,jni,True,jni,1
7638,Loading dynamic libraries using JNI and C++ with linux,jstring to const char,jni,True,jni,1
7639,Convert jbyte* to array&lt;Byte&gt;^,jstring to const char,None,False,None,0
7640,JNI Issue: Passing Java Runnable Object to JNI in Custom Gluon Attach Plugin,jstring to const char,jni,True,jni,1
7641,Android JNI with dlopen() instead of system.loadlib,jstring to const char,jni,True,jni,1
7642,Why does this JNI call segfault on Windows only?,jstring to const char,jni,True,jni,1
7643,Sending java string as c/c++ bytes,jstring to const char,None,False,None,0
7644,JNI: Segfaults when calling Java callbacks from C,jstring to const char,jni,True,jni,1
7645,"ndk-build errors, string format, clang no such file or directory",jstring to const char,None,False,None,0
7646,Java calls C ++ methods with JNI,jstring to const char,jni,True,jni,1
7647,Weird Android Kotlin JNI peculiarity can somebody explain,jstring to const char,jni,True,jni,1
7648,How to use jni to wrap a C DLL?,jstring to const char,jni,True,jni,1
7649,G++ create a share library which depends on GDAL,jstring to const char,None,False,None,0
7650,Error when verifying a clear signed SMIME message,jstring to const char,None,False,None,0
7651,JNI allocation corrupt heap,jstring to const char,jni,True,jni,1
7652,"start Intent, onActivityResult, AsyncTask doesn&#39;t work after Java call from JNI",jstring to const char,jni,True,jni,1
7653,java.lang.UnsatisfiedLinkError even though libraries and classes have method,jstring to const char,None,False,None,0
7654,NDK: Pass text field value to c++ string,jstring to const char,None,False,None,0
7655,How to call a method of a subclass / child class of an Java Object passed to JNI `jobject`,jstring to const char,jni,True,jni,1
7656,Android NDK Networking problems: TCP Connection fails,jstring to const char,None,False,None,0
7657,When invoking JavaVM from C++ (using Cygwin) how can I load a JAR?,jstring to const char,None,False,None,0
7658,Video is not compressed with ffmpeg,jstring to const char,None,False,None,0
7659,Linking errors in OpenSSL library,jstring to const char,None,False,None,0
7660,Why doesn&#39;t the JVM crash when entering infinite recursion?,jstring to const char,None,False,None,0
7661,Native JNI File Can&#39;t Find Path to Java File in Android Studio,jstring to const char,jni,True,jni,1
7662,JNI ERROR (app bug): attempt to use stale Local 0x31 (should be 0x39),jstring to const char,jni,True,jni,1
7663,JIN c++ with springboot (Tomcat ENV-&gt;FindClass return null),jstring to const char,None,False,None,0
7664,Passing string varaible to native method,jstring to const char,None,False,None,0
7665,Reading bin file and send content to jni,jstring to const char,jni,True,jni,1
7666,Android NDK JNI Rot13 algorithm not working; same algorithm with gcc works great - ideas?,jstring to const char,jni,True,jni,1
7667,android jni crash in getObjectClass,jstring to const char,jni,True,jni,1
7668,EXCEPTION_ACCESS_VIOLATION when assigning string,jstring to const char,None,False,None,0
7669,android apk JNI report can&#39;t find method,jstring to const char,jni,True,jni,1
7670,Is it possible to get class object of an app from injected DEX by using Java Reflection?,jstring to const char,None,False,None,0
7671,No JNI_OnLoad and no return value from native function?,jstring to const char,jni,True,jni,1
7672,Android JNI string encryption/decryption,jstring to const char,jni,True,jni,1
7673,Strange results while compressing batch of pictures with libjpegturbo,jstring to const char,None,False,None,0
7674,Access violation exception,jstring to const char,None,False,None,0
7675,App crashing upon calling server function,jstring to const char,None,False,None,0
7676,curl with table fusion,jstring to const char,None,False,None,0
7677,Communication between java VMs via native JVMTI agent,jstring to const char,None,False,None,0
7678,JNI error in function jni_createJavaJVM,jstring to const char,jni,True,jni,1
7679,multiple instances of a JNI wrapper,jstring to const char,jni,True,jni,1
7680,Error occurred during initialization of VM Unable to load native library: Can&#39;t find dependent l,jstring to const char,jni,True,jni,1
7681,Android MessageDigest NoSuchAlgorithmException after calling JNI Function,jstring to const char,jni,True,jni,1
7682,convert .mp3 from wav using Lame library in android,jstring to const char,None,False,None,0
7683,HP-UX: libstd_v2 in stack trace of JNI code compiled with g++,jstring to const char,jni,True,jni,1
7684,java io append to file implementation,jstring to const char,None,False,None,0
7685,"Android JNI, call getMethodID crashes app",jstring to const char,jni,True,jni,1
7686,Cannot play a video from internal storage with the native codec given by Google using adb,jstring to const char,None,False,None,0
7687,Java Native Interface and Windows Form,jstring to const char,None,False,None,0
7688,Android cannot find ndk method impementation,jstring to const char,None,False,None,0
7689,Keeping a native object in memory between calls from Java using JNI,jstring to const char,jni,True,jni,1
7690,OpenCV Undefined reference,jstring to const char,None,False,None,0
7691,C++ JNI local reference table overflow,jstring to const char,jni,True,jni,1
7692,encode bitmap to webp with libwebp on Android pre api 14 device,jstring to const char,None,False,None,0
7693,JNI CallStaticObjectMethod return NULL in c++,jstring to const char,jni,True,jni,1
7694,JNI error in CallObjectMethod/CallObjectMethodV: Ineligible receiver,jstring to const char,jni,True,jni,1
7695,Reading frames from video file using openCV and Native code C++,jstring to const char,None,False,None,0
7696,Why symbols are unavailable in later dlopened .so file?,jstring to const char,None,False,None,0
7697,Android with OpenCL video processing,jstring to const char,None,False,None,0
7698,Error while generating .dll files in Visual Studio 2022. Login authentication using ADSI Api in C++,jstring to const char,None,False,None,0
7699,imread returns empty matrix while ifstream can open and read the same file,jstring to const char,None,False,None,0
7700,Getting EXCEPTION_ACCESS_VIOLATION from JVM when trying to access a DLL function,jstring to const char,None,False,None,0
7701,VP9 video black screen after merging (stream copy),jstring to const char,None,False,None,0
7702,Android how to use libjpeg-turbo library through JNi example,jstring to const char,jni,True,jni,1
7703,libcurl CURLE_SSL_CACERT_BADFILE error on android,jstring to const char,None,False,None,0
7704,JNI OpenSSL RSA Decryption not working properly,jstring to const char,jni,True,jni,1
7705,Android NDK JNI build error: undefined reference to &#39;function_name&#39;,jstring to const char,jni,True,jni,1
7706,Using Facemark opencv contrib in android native C++,jstring to const char,None,False,None,0
7707,Android Java Jni c++ Memory leaks,jstring to const char,jni,True,jni,1
7708,Why am I still getting undefined reference errors linking a static library with CMake in Android NDK,jstring to const char,None,False,None,0
7709,JNI error Exception in thread &quot;main&quot; java.lang.UnsatisfiedLinkError: (Ljava/lang/String;)L,jstring to const char,jni,True,jni,1
7710,What is causing a crash in my c++ JNI?,jstring to const char,jni,True,jni,1
7711,"JNI on Android: Callback from native with Integer parameter works, with String or Void it doesn&#39;",jstring to const char,jni,True,jni,1
7712,JNI Error : java.lang.NoSuchMethodError: no static method,jstring to const char,jni,True,jni,1
7713,Java printing thread gets stuck : WHY?,jstring to const char,None,False,None,0
7714,Java writing byte array over JNI using O_direct,jstring to const char,jni,True,jni,1
7715,Boost Log V2 Library Android Linking,jstring to const char,None,False,None,0
7716,How can I send a int as a parameter with getApplicationJniMethodId?,jstring to const char,jni,True,jni,1
7717,UknownFunction when calling NewObject on JNI.H,jstring to const char,jni,True,jni,1
7718,Copying data from OpenCV Mat to Surface via NDK produces small error.,jstring to const char,None,False,None,0
7719,NDK can&#39;t load library,jstring to const char,None,False,None,0
7720,"jni compile with cl compiler has syntax error, but not relevant",jstring to const char,jni,True,jni,1
7721,Android jni not use singleton mode,jstring to const char,jni,True,jni,1
7722,How to add openCV files in &quot;include&quot; folder in JNI using Eclipse,jstring to const char,jni,True,jni,1
7723,Unexpected crash using jni in monodroid project,jstring to const char,jni,True,jni,1
7724,Fail to find class after creating a JVM from C++ application via JNI,jstring to const char,jni,True,jni,1
7725,send and receive JSON over sockets in server and client application in C,jstring to const char,None,False,None,0
7726,Streaming client over TCP and RTSP through Wi-Fi or LAN in Android,jstring to const char,None,False,None,0
7727,Access the page of a .pdf I load (using pdfbox) (and i&#39;m using RPG),jstring to const char,None,False,None,0
7728,A call to PInvoke function &#39;Test!DllCall::initDll&#39; has unbalanced the stack,jstring to const char,None,False,None,0
7729,Getting segmentation fault SIGSEGV in memcpy after mmap,jstring to const char,None,False,None,0
7730,Android JNI get Two Fields from Java class,jstring to const char,jni,True,jni,1
7731,"undefined reference to &#39;cv::CascadeClassifier::detectMultiScale&#39;, but other lib linked prope",jstring to const char,None,False,None,0
7732,Windows JNI Loading and executing c++ code in dll error java.lang.UnsatisfiedLinkError:,jstring to const char,jni,True,jni,1
7733,How to link .so library on Android,jstring to const char,None,False,None,0
7734,Native Crash SIGSEGV in Android JNI,jstring to const char,jni,True,jni,1
7735,app crashed at avformat_find_stream_info,jstring to const char,None,False,None,0
7736,Getting undefined cv::dnn::experimental_dnn error while implementing EAST text detection using c++,jstring to const char,None,False,None,0
7737,R embedded in java (JNI) : C stack usage 134897775268 is too close to the limit / Fatal error: unabl,jstring to const char,jni,True,jni,1
7738,How to read all the text in edittext using cpp?,jstring to const char,None,False,None,0
7739,OpenSL ES change audio source without recreating audio player,jstring to const char,None,False,None,0
7740,javah/JNI : cannot access library,jstring to const char,jni,True,jni,1
7741,Superpowered SDK trying to record and play it at the same time,jstring to const char,None,False,None,0
7742,Unable to create Spotify session on android,jstring to const char,None,False,None,0
7743,How to use AAudio (or other C++ layer tools recommended?) to play wav files in my android app?,jstring to const char,None,False,None,0
7744,JNI segmentation fault bug,jstring to const char,jni,True,jni,1
7745,Flurry Android events not logging through NDK but logging through java,jstring to const char,None,False,None,0
7746,Unable to use jstring as an argument inside native code,jstring to const char,None,False,None,0
7747,Fatal signal 11 (SIGSEGV) at 0x00000034 (code=1) in Android (Live555),jstring to const char,None,False,None,0
7748,I got following error while exec shell in android jni,jstring to const char,jni,True,jni,1
7749,C: Converting a 2D double array to a java 2D double array,jstring to const char,None,False,None,0
7750,callback from pthread through JNI failing,jstring to const char,jni,True,jni,1
7751,How to register callback function on Android NDK using OpenSL ES,jstring to const char,None,False,None,0
7752,JNI class not found,jstring to const char,jni,True,jni,1
7753,OpenCV android VideoWriter issue,jstring to const char,None,False,None,0
7754,How to call native functions in Compose Multiplatform application for MacOS?,jstring to const char,None,False,None,0
7755,Android UDP client not able to receive data on non-rooted phone,jstring to const char,None,False,None,0
7756,Error for cv::FileStorage in JNI,jstring to const char,jni,True,jni,1
7757,C shared global variables reset in JNI,jstring to const char,jni,True,jni,1
7758,"JNI,Caused by: java.lang.UnsatisfiedLinkError: com.tencent.wxapp.core.jni.JNI.call(Ljava/util/List;)",jstring to const char,jni,True,jni,1
7759,JNI java.lang.UnsatisfiedLinkError: ****.***()Z,jstring to const char,jni,True,jni,1
7760,AFL++ (time out or crash),jstring to const char,None,False,None,0
7761,"Using native lib (C only, no C++), and No Implementation Found",jstring to const char,None,False,None,0
7762,A fatal error has been detected by the Java Runtime Environment:Failed to write core dump. Core dump,jstring to const char,None,False,None,0
7763,getting &#39;UnsatisfiedLinkError&#39; using JNI to pass string from C++ to java w/OpenCV,jstring to const char,jni,True,jni,1
7764,Undefined reference to &#39;DTLS_client_method&#39;,jstring to const char,None,False,None,0
7765,CloseHandle((Handle) port) is not returning,jstring to const char,None,False,None,0
7766,C/C++ does not see Java method in JNI via Android NDK,jstring to const char,jni,True,jni,1
7767,JNI: call to a function where memset happens causes jvm-fetch to crash in the second call,jstring to const char,jni,True,jni,1
7768,IPC for Java programs using Windows&#39; Named Pipes using JNI,jstring to const char,jni,True,jni,1
7769,JNI Environment pointer in a static c++ object and calling a java function taking a string argument ,jstring to const char,jni,True,jni,1
7770,Linker Error In C: undefined Reference to &quot;method&quot; c,jstring to const char,None,False,None,0
7771,Calling JNI_CreateJavaVM just hangs,jstring to const char,jni,True,jni,1
7772,Passing Mat object from android java to native cpp part,jstring to const char,None,False,None,0
7773,JNIEnv::NewObject() throwing java.lang.InstantiantionException,jstring to const char,jni,True,jni,1
7774,How to solve &quot;Didn&#39;t find class &quot;...&quot; on path: DexPathList in my native callback ,jstring to const char,None,False,None,0
7775,Java Native Interface - C++ is not waiting for java function completion,jstring to const char,None,False,None,0
7776,libhdfs JNI FindClass returns null with java.io.FileNotFoundException,jstring to const char,jni,True,jni,1
7777,Android + OpenCL with Eclipse,jstring to const char,None,False,None,0
7778,fmod crashes in Android java_object == null,jstring to const char,None,False,None,0
7779,How to return a newly created java class object in native to java android?,jstring to const char,None,False,None,0
7780,Android NDK - Gradle Build Error,jstring to const char,None,False,None,0
7781,Not able to attach through oracle forms GUI object using dll injection and JNI,jstring to const char,jni,True,jni,1
7782,Java.lang.UnsatisfiedLinkError: No implementation found for int,jstring to const char,None,False,None,0
7783,C++ Callback to Java -&gt; Why can&#39;t I retrieve JNIEnv in callback class when coming from a diff,jstring to const char,jni,True,jni,1
7784,Calling a java method from c++ in Android Class ID &amp; Method ID,jstring to const char,None,False,None,0
7785,JNI - Call java method with a Functional Interface parameter from cpp,jstring to const char,jni,True,jni,1
7786,JNI attached to program successfully but cant get fields?,jstring to const char,jni,True,jni,1
7787,Eclipse + JNI: Can find library but not method,jstring to const char,jni,True,jni,1
7788,Creating JVM using JNI in C++ does not return,jstring to const char,jni,True,jni,1
7789,How to run a Tensorflow-Lite inference in (Android Studio) NDK (C / C++ API)?,jstring to const char,None,False,None,0
7790,Error reading images using imread OpenCV,jstring to const char,None,False,None,0
7791,How to properly and simply use callbacks in JNI NDK Android,jstring to const char,jni,True,jni,1
7792,"How to use .so file generated from one Android application, and use it in another app?",jstring to const char,None,False,None,0
7793,C++ to JNI SIGSEGV crash,jstring to const char,jni,True,jni,1
7794,Calling Apache-Tika from C++,jstring to const char,None,False,None,0
7795,how to play mp3 using ffmpeg,jstring to const char,None,False,None,0
7796,Why is passing java long as pointer to struct in c++ library crashing app?,jstring to const char,None,False,None,0
7797,occurred starting process &#39;command &#39;C:\*********\Sdk\ndk-bundle\ndk-build.cmd&#39;&#39; in a,jstring to const char,None,False,None,0
7798,Linking of dll file in JNI,jstring to const char,jni,True,jni,1
7799,How to load deep learning model in jni,jstring to const char,jni,True,jni,1
7800,Android NDK UnsatisfiedLinkError Native method not found,jstring to const char,None,False,None,0
7801,Android JNI OutOfMemoryError,jstring to const char,jni,True,jni,1
7802,Ffmpeg in Android Studio,jstring to const char,None,False,None,0
7803,No Display Android OpenGL ES ndk,jstring to const char,None,False,None,0
7804,FFmpeg:A General error in an external library occurred when using FFmpeg6.1&#39;s avcodec_send_frame,jstring to const char,None,False,None,0
7805,Android OpenCV VideoCapture::retrieve(&amp;mat) causes fatal signal 11,jstring to const char,None,False,None,0
7806,"Error setting extractor data source, err -10002 when using AMediaExtractor with audio file located i",jstring to const char,None,False,None,0
7807,JNI callback invocation when running multithreaded,jstring to const char,jni,True,jni,1
7808,Invalid Slot Error When trying to access value of Exception and Thread Objects Using jvmti,jstring to const char,None,False,None,0
7809,"Using CvSVM (openCV) in Android Native, &quot;Fatal signal 11&quot;",jstring to const char,None,False,None,0
7810,Java JNI NullPointerException after calling method from C with valid pointers,jstring to const char,jni,True,jni,1
7811,av_read_frame function in ffmpeg in android always returning packet.stream_index as 0,jstring to const char,None,False,None,0
7812,Change platform in OpenCL sample,jstring to const char,None,False,None,0
7813,Android ndk giving errors while compiling in eclipse,jstring to const char,None,False,None,0
7814,Superpowered SDK: Implementing SuperpoweredRecorder.h and setting up recording paths,jstring to const char,None,False,None,0
7815,OpenSL ES on android Playback rate,jstring to const char,None,False,None,0
7816,Build FFmpeg for All Android architecture correctly,jstring to const char,None,False,None,0
7817,A fatal error has been detected by the Java Runtime Environment: JNI (Internal Error),jstring to const char,jni,True,jni,1
7818,Getting jibberish while using ffmpeg in android,jstring to const char,None,False,None,0
7819,android ffmpeg bad video output,jstring to const char,None,False,None,0
7820,Android localSocket connection refused~,jstring to const char,None,False,None,0
7821,How to encode using the FFMpeg in Android (using H263),jstring to const char,None,False,None,0
7822,Lame encoded mp3 audio slowed down - Android,jstring to const char,None,False,None,0
7823,JNI FindClass method crashes with Fatal Signal 11 error,jstring to const char,jni,True,jni,1
7824,C + JNI Fails to execute a very simple program,jstring to const char,jni,True,jni,1
7825,Playing Mp3 file using FFmpeg on Android,jstring to const char,None,False,None,0
7826,How to get a fast file Hashing algorithm for large files on a mobile device,jstring to const char,None,False,None,0
7827,how to read the contents of a log file that is retrieved using WQL using c++,jstring to const char,None,False,None,0
7828,JNI is not working correctly in flutter:ffi,jstring to const char,jni,True,jni,1
7829,Error &#39;IL_LIB_JPEG_ERROR 1506&#39; using DevIL,jstring to const char,None,False,None,0
7830,OpenCV java.lang.UnsatisfiedLinkError,jstring to const char,None,False,None,0
7831,Android : JNI Java From C Memory Leak,jstring to const char,jni,True,jni,1
7832,Java to C++ JNI DLL error - java.lang.UnsatisfiedLinkError: ... Can&#39;t find dependent libraries,jstring to const char,jni,True,jni,1
7833,getting SIGSEGV in std::_List_const_iterator&lt;Exiv2::Exifdatum&gt;::operator++ whilst using jni,jstring to const char,jni,True,jni,1
7834,CrystaX with clang++ and libc++ link error with boost and icu,jstring to const char,None,False,None,0
7835,Android ndk: not a valid ELF executable,jstring to const char,None,False,None,0
7836,MuPDF - Make Similer fuction as given to make array of sentances from text ( C Language),jstring to const char,None,False,None,0
7837,JNI Method not working in getting package name from a class,jstring to const char,jni,True,jni,1
7838,My application fails and I cannot figure out why,jstring to const char,None,False,None,0
7839,How to play multiple players simultaneously with Superpowered,jstring to const char,None,False,None,0
7840,How Hadoop run OpenGL program with JNI,jstring to const char,jni,True,jni,1
7841,Android (ART) crash with error JNI DETECTED ERROR IN APPLICATION: jstring is an invalid local refere,jstring to const char,jni,True,jni,1
7842,C++ JNI crashes/hangs when doing any IO/Streams,jstring to const char,jni,True,jni,1
7843,Java through JNI C code call Cobol program on HP Tandem,jstring to const char,jni,True,jni,1
7844,Failure on warpPerspective,jstring to const char,None,False,None,0
7845,"Fatal signal 11 (SIGSEGV), after second JNI String call to Java method",jstring to const char,jni,True,jni,1
7846,Java method is not invoked when calling it from native pthread,jstring to const char,None,False,None,0
7847,How do I diagnose my JNI memory corruption issue?,jstring to const char,jni,True,jni,1
7848,KeyNotFoundException when execute proxygen in jni4net,jstring to const char,jni,True,jni,1
7849,Passing a ByteBuffer from Java to C++ through JNI,jstring to const char,jni,True,jni,1
7850,Android C++ NativeActivity compiles but doesn&#39;t work,jstring to const char,None,False,None,0
7851,How do I use native C libraries in Android Studio,jstring to const char,None,False,None,0
7852,Program is losing an increment and two ``printf``s,jstring to const char,None,False,None,0
7853,JNI &#39;problematic frame&#39; causes JVM to crash,jstring to const char,jni,True,jni,1
7854,Decoding Video using FFMpeg for android,jstring to const char,None,False,None,0
7855,How to create a makefile for JNI configuration in Linux and eclipse,jstring to const char,jni,True,jni,1
7856,Feeding MediaCodec with byte data from AVPacket: problems with output buffers,jstring to const char,None,False,None,0
7857,Why is my native JNI code running sequential instead of concurrent?,jstring to const char,jni,True,jni,1
7858,JNI call to OpenSSL causes SIGSEGV,jstring to const char,jni,True,jni,1
7859,how to cast jbyteArray to a structure?,jbyteArray to C array,None,False,None,0
7860,How to convert jbyteArray to native char* in jni?,jbyteArray to C array,jni,True,jni,1
7861,How to convert the contents of a Java byte array to C string in JNI?,jbyteArray to C array,jni,True,jni,1
7862,Comparing a jbytearray with a string in JNI,jbyteArray to C array,jni,True,jni,1
7863,Facing error in converting byte array to vector of float in JNI,jbyteArray to C array,jni,True,jni,1
7864,How to return an array of unknown size from a JNI C function to Java in Android?,jbyteArray to C array,jni,True,jni,1
7865,Copying a byte buffer with JNI,jbyteArray to C array,jni,True,jni,1
7866,How to copy data from char buffer into jbyteArray and return it from C to java in java native interf,jbyteArray to C array,jni,True,jni,1
7867,Where to free allocated memory by jni NewByteArray,jbyteArray to C array,jni,True,jni,1
7868,How to encrypt java Strings in C considering their size difference?,jbyteArray to C array,None,False,None,0
7869,Sending and recieving data structs from Arduino to Android (and vice versa) using Amarino,jbyteArray to C array,None,False,None,0
7870,ASCII to HEX convertion in jni getting wrong values,jbyteArray to C array,jni,True,jni,1
7871,Bluetooth transfer from PC to Android through RFCOMM,jbyteArray to C array,None,False,None,0
7872,Android (ART) crash with error JNI DETECTED ERROR IN APPLICATION: jarray is an invalid stack indirec,jbyteArray to C array,jni,True,jni,1
7873,Getting jibberish while using ffmpeg in android,jbyteArray to C array,None,False,None,0
7874,"opencv,jni CV_8UC1 type is incompatible with mixChannels()",jbyteArray to C array,jni,True,jni,1
7875,Android C to Java SWIG unable to compile: incompatible types: byte cannot be converted to SWIGTYPE_p,jbyteArray to C array,None,False,None,0
7876,how to play mp3 using ffmpeg,jbyteArray to C array,None,False,None,0
7877,JNI segmentation fault bug,jbyteArray to C array,jni,True,jni,1
7878,How do I convert ADPCM to PCM using FFmpeg?,jbyteArray to C array,None,False,None,0
7879,Jni Reference Table overflow,jbyteArray to C array,jni,True,jni,1
7880,How to do good real-time data streaming using Java Android SDK,jbyteArray to C array,None,False,None,0
7881,Where does Delphi/Android search for a native language library?,jbyteArray to C array,None,False,None,0
7882,Playing Mp3 file using FFmpeg on Android,jbyteArray to C array,None,False,None,0
7883,mupdf render jpeg2000 lose color?,jbyteArray to C array,None,False,None,0
7884,(Android OpenCV) Pass JNI value (float) to android activity,jbyteArray to C array,jni,True,jni,1
7885,How to add openCV files in &quot;include&quot; folder in JNI using Eclipse,jbyteArray to C array,jni,True,jni,1
7886,Probability of hardware related disk or memory corruption?,Silent String Corruption,None,False,None,0
7887,Is there a reason for the inconsistent datatype overflow handling of SQL Server,Silent String Corruption,None,False,None,0
7888,When is it safe to use the PHP strtolower() function?,Silent String Corruption,None,False,None,0
7889,Save file using JavaScript,Silent String Corruption,None,False,None,0
7890,Exploring json null and &quot;&quot; and hibernate null and &quot;&quot; and MySql/Postgres null and,Silent String Corruption,None,False,None,0
7891,How to create and save pairwise hamming distances of image perceptual hashes for imput to clustering,Silent String Corruption,None,False,None,0
7892,How do I download a blob from a table to a file on the user&#39;s local computer using a stored proc,Silent String Corruption,None,False,None,0
7893,Nullability in Spark sql schemas is advisory by default. What is best way to strictly enforce it?,Silent String Corruption,None,False,None,0
7894,Creating XLL Excel add-in for Windows 7/64 bit (cross-compiling on Windows XP/32),Silent String Corruption,None,False,None,0
7895,Is direct buffer required for JNI / external library calls?,Direct Memory Pinning,jni,True,jni,1
7896,"Does Bouncy Castle protect secrets from &quot;leaking&quot; in memory/pagefile, and other avenues of",Direct Memory Pinning,None,False,None,0
7897,F# interface with Tcl/Tk results in memory corruption,Direct Memory Pinning,None,False,None,0
7898,golang memory explosion: newdefer,Direct Memory Pinning,None,False,None,0
7899,inner working of &#39;fixed&#39;: working on memory location or object?,Direct Memory Pinning,None,False,None,0
7900,Direct data copy between devices,Direct Memory Pinning,None,False,None,0
7901,GPUDirect RDMA out of range pin address by Quadro p620,Direct Memory Pinning,None,False,None,0
7902,Memory fragmentation?,Direct Memory Pinning,None,False,None,0
7903,unable to open /dev/mem on raspberry pi 4b,Direct Memory Pinning,None,False,None,0
7904,CUDA pinned memory and coalescing,Direct Memory Pinning,None,False,None,0
7905,How to STR a value larger than #0x00FF into memory,Direct Memory Pinning,None,False,None,0
7906,Memory Trace with Memory Contents,Direct Memory Pinning,None,False,None,0
7907,"Is there a way to pin arrays in Numba, for fast data transfer to/from device?",Direct Memory Pinning,None,False,None,0
7908,How do I avoid memory being swapped in Rust?,Direct Memory Pinning,None,False,None,0
7909,How to transpose a PyArrow.Table object in Python using PyArrow structures only (preferably maintain,Direct Memory Pinning,None,False,None,0
7910,Attachment of a dynamic matplotlib graph directly to html in flask,Direct Memory Pinning,None,False,None,0
7911,Advice on MKAnnotation and NSString memory leak issues,Direct Memory Pinning,None,False,None,0
7912,When should I prefer write-combined CUDA-allocated mapped host memory?,Direct Memory Pinning,None,False,None,0
7913,When does non-blocking H2D copy from pinned memory in pytorch require synchronization?,Direct Memory Pinning,None,False,None,0
7914,Embedded Linux Uart to be used as RS485,Direct Memory Pinning,None,False,None,0
7915,Tiny Code for dumping Flash Memory,Direct Memory Pinning,None,False,None,0
7916,Dump Flash Memory through a single GPIO pin,Direct Memory Pinning,None,False,None,0
7917,Can I use a java policy file to safely run an un-trusted app with sudo,Direct Memory Pinning,None,False,None,0
7918,Data Not Refreshed in Physical Memory After fork() and copyDataToBuffer Calls,Direct Memory Pinning,None,False,None,0
7919,Is there a way to find what memory addresses were accessed by a Java program and in what order?,Direct Memory Pinning,None,False,None,0
7920,JCuda Pinned Memory Example,Direct Memory Pinning,None,False,None,0
7921,read/write SLE4442 memory card with WinSCard API in c#,Direct Memory Pinning,None,False,None,0
7922,How to get MSP430 Code to work without using libraries?,Direct Memory Pinning,None,False,None,0
7923,How do most embedded C compilers define symbols for memory mapped I/O?,Direct Memory Pinning,None,False,None,0
7924,How to enable LightningProviders for GPIO?,Direct Memory Pinning,None,False,None,0
7925,How does Realm try to allocate more than the device capacity?,Direct Memory Pinning,None,False,None,0
7926,Increasing GPIO switching speed,Direct Memory Pinning,None,False,None,0
7927,How to get 63bits out of 64,Direct Memory Pinning,None,False,None,0
7928,Interrupt performance on linux kernel with RT patches - should be better?,Direct Memory Pinning,None,False,None,0
7929,UWP: Cannot load PWM Controllers using Lightning on Raspberry Pi 2?,Direct Memory Pinning,None,False,None,0
7930,"Properly disposing of, and removing references to UserControls, to avoid memory leak",Direct Memory Pinning,None,False,None,0
7931,STM32F4 ADC with DMA 7 Channel regular group isn&#39;t working,Direct Memory Pinning,None,False,None,0
7932,"Java, a method to pin and align an array",Direct Memory Pinning,None,False,None,0
7933,Why such slow performance when parsing data after it is read in using Windows ReadFile?,Direct Memory Pinning,None,False,None,0
7934,Understanding safe access of JNI arguments,Direct Memory Pinning,jni,True,jni,1
7935,libvirt: use of hugepages on NUMA system,Direct Memory Pinning,None,False,None,0
7936,Bi-directional communication using Asynchronous FIFO?,Direct Memory Pinning,None,False,None,0
7937,PXA270 GPIO (eSOM270/SPARK dev kit) - Windows CE 6.0 R2,Direct Memory Pinning,None,False,None,0
7938,"STM32 ADC with DMA, DMA not writing data to memory location",Direct Memory Pinning,None,False,None,0
7939,&quot;busybox devmem &lt;address&gt;&quot; returns 0xffffffff for all addresses on Nvidia Jetson Ori,Direct Memory Pinning,None,False,None,0
7940,How to access to shared register from linux kernel module?,Direct Memory Pinning,None,False,None,0
7941,SP605 Spartan 6 DDR3 addressing,Direct Memory Pinning,None,False,None,0
7942,Question about Peripheral Timing Generator (PTG) Module on dsPIC33CK256MP508,Direct Memory Pinning,None,False,None,0
7943,Peripheral registers in Qt Creator during debugging,Direct Memory Pinning,None,False,None,0
7944,Python &quot;in memory DB style&quot; data types,Direct Memory Pinning,None,False,None,0
7945,Choppy animation in iOS,Direct Memory Pinning,None,False,None,0
7946,C code memory alignment issue on embedded system?,Direct Memory Pinning,None,False,None,0
7947,Get object properties from mapView.SelectedAnnotations,Direct Memory Pinning,None,False,None,0
7948,rds mysql performance slow under connections,Direct Memory Pinning,None,False,None,0
7949,"clEnqueueMap takes long time, almost equal to clEnqueuwritebuffer",Direct Memory Pinning,None,False,None,0
7950,Why does GetDeliveryBuffer blocked with an INTERLEAVE_CAPTURE mode AVI Mux?,Direct Memory Pinning,None,False,None,0
7951,"DPDK bad throughput, is the configurations&#39; fault? How to improve?",Direct Memory Pinning,None,False,None,0
7952,Can&#39;t figure out why I am getting bad out put from my reverse function,Direct Memory Pinning,None,False,None,0
7953,GCHandle: when to use GCHandleType.Normal explicitly?,Direct Memory Pinning,None,False,None,0
7954,Arduino - How to write Macro that define used pins by name and number and throw compiler error if pi,Direct Memory Pinning,None,False,None,0
7955,Techniques to Reduce CPU to GPU Data Transfer Latency,Direct Memory Pinning,None,False,None,0
7956,Mapkit with annotations and IBAction to Load New View on Pin,Direct Memory Pinning,None,False,None,0
7957,How to capture audio and Video using DirectShow NET?,Direct Memory Pinning,None,False,None,0
7958,How to share virtual GPIO data between guest and host system in qemu 7.1.0,Direct Memory Pinning,None,False,None,0
7959,Pre-warm disk cache,Direct Memory Pinning,None,False,None,0
7960,PHP factor 30 performance difference from Linux to Windows,Direct Memory Pinning,None,False,None,0
7961,WeakReferences are not freed in embedded OS,Direct Memory Pinning,None,False,None,0
7962,executing SPI command in function in under 1ms - 8051,Direct Memory Pinning,None,False,None,0
7963,Why does avr-gcc tell me about missing argument while expanding my [fancy] macro?,Direct Memory Pinning,None,False,None,0
7964,How is iBooks rendering the index view so quickly when viewing a PDF? Or: how do draw UIImages on UI,Direct Memory Pinning,None,False,None,0
7965,Beaglebone Black: Interaction between Device Tree and Kernel Module,Direct Memory Pinning,None,False,None,0
7966,Parsing NMEA sentences from serial,Direct Memory Pinning,None,False,None,0
7967,Abstracting Pins and Ports - Using Pointers,Direct Memory Pinning,None,False,None,0
7968,Track Data Input Through Application Code and System Libraries,Direct Memory Pinning,None,False,None,0
7969,"STM32H7 LAN8742 LwIP only works fine after power-up, not after reset",Direct Memory Pinning,None,False,None,0
7970,Overlapping communication and computation taking 2.1 times as much time,Direct Memory Pinning,None,False,None,0
7971,C# DllImport trouble,Direct Memory Pinning,None,False,None,0
7972,MobileFirst 7.1.0.00.20170505-1403 - Intermittent connectivity issue to MobileFirst server from Andr,Direct Memory Pinning,None,False,None,0
7973,"Attempting to write Raspberry Pi 3/4 OS, Stuck on testing serial connections to hardware",Direct Memory Pinning,None,False,None,0
7974,Hyper V Windows 8.1 Pro won&#39;t work. Virtualisation is enabled in BIOS,Direct Memory Pinning,None,False,None,0
7975,Running the Zephyr CANopennode example project on alternate boards,Direct Memory Pinning,None,False,None,0
7976,How to query data with calculated fields and map to a ViewModel with a nested ViewModel Collection?,Direct Memory Pinning,None,False,None,0
7977,Weird UC3 Reset behavior after user page NVRAM usage,Direct Memory Pinning,None,False,None,0
7978,SpringBoot: System.loadLibrary run twice,System.loadLibrary,jni,True,jni,1
7979,Alternate for System.loadlibrary() on vista,System.loadLibrary,jni,True,jni,1
7980,System.loadLibrary(...) couldn&#39;t find native library in my case,System.loadLibrary,jni,True,jni,1
7981,System.loadLibrary in Android Studio,System.loadLibrary,jni,True,jni,1
7982,JNA or System.loadLibrary?,System.loadLibrary,"jni, jna",True,"jni, jna",2
7983,Difference between System.load() and System.loadLibrary in Java,System.loadLibrary,jni,True,jni,1
7984,Java System.loadLibrary dependencies,System.loadLibrary,jni,True,jni,1
7985,What is the difference of where System.LoadLibrary is placed?,System.loadLibrary,jni,True,jni,1
7986,Corresponding &#39;C&#39; call for System.loadlibrary,System.loadLibrary,jni,True,jni,1
7987,How to load native lib in android with static{System.loadLibrary()},System.loadLibrary,jni,True,jni,1
7988,Android - Calling System.loadLibrary() causes process to die,System.loadLibrary,jni,True,jni,1
7989,Android OpenCV FaceDetection - System.loadLibrary(Core.NATIVE_LIBRARY_NAME),System.loadLibrary,jni,True,jni,1
7990,Android System.loadLibrary stalls while loading native library,System.loadLibrary,jni,True,jni,1
7991,System.LoadLibrary during runtime or controlled by user,System.loadLibrary,jni,True,jni,1
7992,system.loadlibrary with libname as parameter,System.loadLibrary,jni,True,jni,1
7993,System.loadLibrary does not work. UnsatisfiedLinkError for the second lib in chain,System.loadLibrary,jni,True,jni,1
7994,System.loadLibrary() gives java.lang.UnsatisfiedLinkerError: Can&#39;t load library,System.loadLibrary,jni,True,jni,1
7995,System.loadLibrary stuck while reading .so file,System.loadLibrary,jni,True,jni,1
7996,System.loadLibrary() does not work but System.load() does,System.loadLibrary,jni,True,jni,1
7997,Android JNI System.loadLibrary not needed?,System.loadLibrary,jni,True,jni,1
7998,System.loadLibrary get stuck and never returns,System.loadLibrary,jni,True,jni,1
7999,Java System.loadLibrary(&quot;m&quot;) fails on AIX 6.1,System.loadLibrary,jni,True,jni,1
8000,Load Python C Extension DLL using System.loadLibrary,System.loadLibrary,jni,True,jni,1
8001,How can you find where System.loadLibrary() is finding a library?,System.loadLibrary,jni,True,jni,1
8002,System.loadLibrary crashes,System.loadLibrary,jni,True,jni,1
8003,onJNILoad not being called when calling System.loadLibrary,System.loadLibrary,jni,True,jni,1
8004,"java, System.loadlibrary(&quot;someDLLFile&quot;) gets unstatisfied link error",System.loadLibrary,jni,True,jni,1
8005,Okay to catch UnsatisfiedLinkError to fall back to a different DLL on a call to System.LoadLibrary?,System.loadLibrary,jni,True,jni,1
8006,Is it necessary to call system.loadLibrary explicitly for accessing the native methods in a NativeAc,System.loadLibrary,jni,True,jni,1
8007,Android JNI: Calling System.loadLibrary() causes SEGV,System.loadLibrary,jni,True,jni,1
8008,JNI - System.LoadLibrary() finds wrong dependent dll,System.loadLibrary,jni,True,jni,1
8009,How to influence search path of System.loadLibrary() through Java code?,System.loadLibrary,jni,True,jni,1
8010,NoClassDefFound error because of System.loadLibrary(Core.NATIVE_LIBRARY_NAME),System.loadLibrary,jni,True,jni,1
8011,System.loadLibrary() error,System.loadLibrary,jni,True,jni,1
8012,System.loadLibrary works on OpenJDK but not on Oracle,System.loadLibrary,jni,True,jni,1
8013,OpenCV on rpi - segmentation fault in System.loadLibrary,System.loadLibrary,jni,True,jni,1
8014,Android System.loadLibrary crashing,System.loadLibrary,jni,True,jni,1
8015,System.loadLibrary in android,System.loadLibrary,jni,True,jni,1
8016,Depth limit on System.loadLibrary?,System.loadLibrary,jni,True,jni,1
8017,Android System.loadLibrary crash in libhoudini (ARM translator on x86),System.loadLibrary,jni,True,jni,1
8018,java ee System.loadLibrary,System.loadLibrary,jni,True,jni,1
8019,System.loadLibrary() from byte array,System.loadLibrary,jni,True,jni,1
8020,Android java.lang.exceptionininitializererror System.loadLibrary,System.loadLibrary,jni,True,jni,1
8021,UnsatisfiedLinkError when calling method from native library although System.loadLibrary seems ok,System.loadLibrary,jni,True,jni,1
8022,What becomes the search path of a .dll loaded with System.loadLibrary() in java?,System.loadLibrary,jni,True,jni,1
8023,Consecutive `System.loadLibrary` returns `UnsatisfiedLinkError`,System.loadLibrary,jni,True,jni,1
8024,JNI - Can I use RegisterNatives without calling System.loadLibrary for native plugins?,System.loadLibrary,jni,True,jni,1
8025,UnsatisfiedLinkError when run System.loadLibrary,System.loadLibrary,jni,True,jni,1
8026,Calling System.loadLibrary twice for the same shared library,System.loadLibrary,jni,True,jni,1
8027,System.loadLibrary loads something else,System.loadLibrary,jni,True,jni,1
8028,"Android 6.0 Preview 3 device (with target sdk 23) , System.loadLibrary is fail",System.loadLibrary,jni,True,jni,1
8029,JNI system.loadlibrary problem - native C++ dll using C library,System.loadLibrary,jni,True,jni,1
8030,Xamarin iOS equivalent to System.loadLibrary,System.loadLibrary,jni,True,jni,1
8031,Call to System.loadLibrary() for FileOutputStream methods,System.loadLibrary,jni,True,jni,1
8032,System.loadLibrary with custom library suffix,System.loadLibrary,jni,True,jni,1
8033,Can Delphi XE5 compile a .so library that can be loaded in Java with &#39;System.loadLibrary?,System.loadLibrary,jni,True,jni,1
8034,Difference between dlopen and System.loadLibrary(),System.loadLibrary,jni,True,jni,1
8035,Android/Swift JNI UnsatisfiedLinkError System.loadLibrary looking in the wrong path,System.loadLibrary,jni,True,jni,1
8036,Android NDK - &quot;Library not found&quot; calling System.loadLibrary,System.loadLibrary,jni,True,jni,1
8037,android where System.loadLibrary loads files,System.loadLibrary,jni,True,jni,1
8038,System.LoadLibrary() doesn&#39;t find Library,System.loadLibrary,jni,True,jni,1
8039,System.loadLibrary() not working in some instances,System.loadLibrary,jni,True,jni,1
8040,Android NDK: Call to System.loadLibrary Results in SIGSEGV Code=1,System.loadLibrary,jni,True,jni,1
8041,Unsatisfied Link Error when using System.loadLibrary()?,System.loadLibrary,jni,True,jni,1
8042,OpenCV is crashes with SIGSEGV on System.loadLibrary();,System.loadLibrary,jni,True,jni,1
8043,System.loadLibrary UnsatisfiedLinkError ELF file data encoding not little-endian,System.loadLibrary,jni,True,jni,1
8044,Provide DLL path to System.loadLibrary on export,System.loadLibrary,jni,True,jni,1
8045,&quot;no libName in java.library.path&quot; on System.loadLibrary(&quot;libName&quot;),System.loadLibrary,jni,True,jni,1
8046,What types of libraries are used in System.loadLibrary(),System.loadLibrary,jni,True,jni,1
8047,android studio - System.loadLibrary(...) returns error,System.loadLibrary,jni,True,jni,1
8048,"java System.loadLibrary() load failed in mac, but System.load() works fine",System.loadLibrary,jni,True,jni,1
8049,How to reverse System.loadLibrary in Java,System.loadLibrary,jni,True,jni,1
8050,JNI System.LoadLibrary failed on Cocoa dylib,System.loadLibrary,jni,True,jni,1
8051,Java native library System.loadLibrary fails with UnsatisfiedLinkError,System.loadLibrary,jni,True,jni,1
8052,install4j support for code signing MacOS console launchers that load dyld libraries via System.loadL,System.loadLibrary,jni,True,jni,1
8053,load dll error while using System.loadLibrary(),System.loadLibrary,jni,True,jni,1
8054,Java application crashes when calling System.loadLibrary,System.loadLibrary,jni,True,jni,1
8055,Getting UnsatisfiedLinkError when using renderscriptSupportModeEnabled with System.loadLibrary,System.loadLibrary,jni,True,jni,1
8056,java.lang.NoClassDefFoundError at System.loadLibrary in Android NDK,System.loadLibrary,jni,True,jni,1
8057,Java System.loadLibrary call on Linux freezes,System.loadLibrary,jni,True,jni,1
8058,See result of System.loadLibrary/ the defined methods and classes?,System.loadLibrary,jni,True,jni,1
8059,System.loadLibrary() returns exception from static block,System.loadLibrary,jni,True,jni,1
8060,"Packing DLLs in Java, difference between &quot;System.load&quot; and &quot;System.loadLibrary&quot;",System.loadLibrary,jni,True,jni,1
8061,Play Framework - System.loadLibrary() only once per thread,System.loadLibrary,jni,True,jni,1
8062,Android runtime exception on note5: libgles_MALI not found system.loadlibrary,System.loadLibrary,jni,True,jni,1
8063,"Android, for JNI should System.loadLibrary be called in an InputMethodService?",System.loadLibrary,jni,True,jni,1
8064,System.loadLibrary failing on java 1.6 but working on java 1.5,System.loadLibrary,jni,True,jni,1
8065,cocos2dx Android Studio crash in System.loadLibrary(libName),System.loadLibrary,jni,True,jni,1
8066,Android : Overcome System.loadlibrary(); issue about  java.lang.UnsatisfiedLinkerror,System.loadLibrary,jni,True,jni,1
8067,System.loadLibrary() can&#39;t find a shared library on linux,System.loadLibrary,jni,True,jni,1
8068,UnsatisfiedLinkError on System.loadLibrary() after adding the directory to java.library.path,System.loadLibrary,jni,True,jni,1
8069,System.loadLibrary() error -- unable to specify a relative or absolute path,System.loadLibrary,jni,True,jni,1
8070,System.loadLibrary() gives error on loading on a suse machine,System.loadLibrary,jni,True,jni,1
8071,Using System.loadLibrary on jar library using windows,System.loadLibrary,jni,True,jni,1
8072,error &quot;cannot locate symbol&quot; when using System.loadLibrary,System.loadLibrary,jni,True,jni,1
8073,Prevent Java from loading library more than once,System.loadLibrary,jni,True,jni,1
8074,Loading a shared library with the System.loadLibrary call never returns,System.loadLibrary,jni,True,jni,1
8075,System.loadLibrary not working anymore as part of package in Java,System.loadLibrary,jni,True,jni,1
8076,std::bad_alloc thrown on call to System.LoadLibrary,System.loadLibrary,jni,True,jni,1
8077,Where to perform library initialization for System.loadLibrary?,System.loadLibrary,jni,True,jni,1
8078,Why Android NDK&#39;s System.loadLibrary tries to load a SONAME,System.loadLibrary,jni,True,jni,1
8079,System.loadLibrary() failed after adding apk into AOSP,System.loadLibrary,jni,True,jni,1
8080,How to use java native method System.loadLibrary() in xamarin android?,System.loadLibrary,jni,True,jni,1
8081,What causes System.loadLibrary() to fail on linux (RPi)?,System.loadLibrary,jni,True,jni,1
8082,Should System.loadLibrary( name ) find a library already loaded dynamically?,System.loadLibrary,jni,True,jni,1
8083,System.loadLibrary in react-native android project causes SIGSEGV segfault,System.loadLibrary,jni,True,jni,1
8084,How to debug a java system.loadlibrary error in linux?,System.loadLibrary,jni,True,jni,1
8085,Is there a way to ensure System.loadLibrary loads dependent DLLs from the same directory as the prim,System.loadLibrary,jni,True,jni,1
8086,library is not accessible for the namespace &quot;classloader-namespace&quot;,System.loadLibrary,jni,True,jni,1
8087,Android Studio: porting old example fails at System.loadLibrary(&quot;muse_android&quot;);,System.loadLibrary,jni,True,jni,1
8088,Would it be wrong to call System.LoadLibrary() from onCreate method of a fragment?,System.loadLibrary,jni,True,jni,1
8089,Android &amp; Cocos2d-x: Exceptions on System.loadLibrary(libName); &amp; onLoadNativeLibraries();,System.loadLibrary,jni,True,jni,1
8090,Why using System.loadLibrary() doesn&#39;t seem to work on jshell command prompt?,System.loadLibrary,jni,True,jni,1
8091,application crash when try to load System.loadLibrary(&quot;loader-jni&quot;),System.loadLibrary,jni,True,jni,1
8092,System.loadLibrary fails with Error: java.lang.UnsatisfiedLinkError: dlopen failed: cannot locate sy,System.loadLibrary,jni,True,jni,1
8093,Not able to load library from Distributed Cache Hadoop,System.loadLibrary,jni,True,jni,1
8094,Android&#39;s GNU STL shared library can&#39;t be found with System.loadLibrary,System.loadLibrary,jni,True,jni,1
8095,How does Android find out native implementations without calling System.loadLibrary?,System.loadLibrary,jni,True,jni,1
8096,Calling System.loadLibrary() via JNI does not load native methods,System.loadLibrary,jni,True,jni,1
8097,Java: load shared libraries with dependencies,System.loadLibrary,jni,True,jni,1
8098,how to confirm my dll has been loaded successfully in Java,System.loadLibrary,jni,True,jni,1
8099,Genymotion emulator error trying to load javacv / opencv libs with static initialization,System.loadLibrary,jni,True,jni,1
8100,Preventing Duplicate System.loadLibrary calls when dynamically loading/reloading a Java class,System.loadLibrary,jni,True,jni,1
8101,How to load native library securely in Android?,System.loadLibrary,jni,True,jni,1
8102,unLoading shared library loaded via JNI in Java,System.loadLibrary,jni,True,jni,1
8103,Java System.loadLibrary does not lookup in /usr/lib/x86_64-linux-gnu/ folder for library,System.loadLibrary,jni,True,jni,1
8104,SharedLib dependency @ Mixed mode APK,System.loadLibrary,jni,True,jni,1
8105,How to add user to morpho device,System.loadLibrary,jni,True,jni,1
8106,how jni system.loadlibrary interact with the global variab in C file,System.loadLibrary,jni,True,jni,1
8107,"Java : System.load and System.loadlibrary throws Unsatisfied link error in Windows XP, but not in Wi",System.loadLibrary,jni,True,jni,1
8108,"Android JNI, how to load library with soname libxx.so.1.2.3",System.loadLibrary,jni,True,jni,1
8109,how android api call the native system library?,System.loadLibrary,jni,True,jni,1
8110,Linux Java: load .so dynamically without dlopen,System.loadLibrary,jni,True,jni,1
8111,how to load libandroid_runtime,System.loadLibrary,jni,True,jni,1
8112,Java JNI: How to load library multiple times?,System.loadLibrary,jni,True,jni,1
8113,Android NDK Unsatisfied link error of .so file of another AAR project,System.loadLibrary,jni,True,jni,1
8114,couldn&#39;t find &quot;libmynative.so&quot; even though its copied to libs folder(Android NDK),System.loadLibrary,jni,True,jni,1
8115,Failed to load .so in android studio,System.loadLibrary,jni,True,jni,1
8116,dlopen fails on android with NDK 10d,System.loadLibrary,jni,True,jni,1
8117,Application crashes in loading C++ jni library dynamically linked with openss-1.0.1h,System.loadLibrary,jni,True,jni,1
8118,"Android 11 - System.loadLibrary for native C++ library takes 60+ seconds, works perfectly fast on An",System.loadLibrary,jni,True,jni,1
8119,Java JNI call to load library,System.loadLibrary,jni,True,jni,1
8120,Java native function called without loading library,System.loadLibrary,jni,True,jni,1
8121,System.LoadLibrary(libname) crashing on Nvidia Tegra 2 chipset (Android Samsung Tab) in Javacv code,System.loadLibrary,jni,True,jni,1
8122,"libharu compiled Android so, but can&#39;t load library",System.loadLibrary,jni,True,jni,1
8123,OpenCV 2.4.13.4 dll link error,System.loadLibrary,jni,True,jni,1
8124,Xuggler on Android,System.loadLibrary,jni,True,jni,1
8125,What happens when jni library is loaded again?,System.loadLibrary,jni,True,jni,1
8126,How to set system environment variable from Mapper Hadoop?,System.loadLibrary,jni,True,jni,1
8127,Error while running cocoa2dx project,System.loadLibrary,jni,True,jni,1
8128,Android NDK linking,System.loadLibrary,jni,True,jni,1
8129,Use shared library(.so) in spring web application deployed on glassfish web server,System.loadLibrary,jni,True,jni,1
8130,UnsatisfiedLinkError when trying to use FFmpeg with NDK,System.loadLibrary,jni,True,jni,1
8131,How to load and use native library in scala repl?,System.loadLibrary,jni,True,jni,1
8132,How to include opencv native library while exporting to jar,System.loadLibrary,jni,True,jni,1
8133,portable statement to load JNI library from a different directory using relative pathname?,System.loadLibrary,jni,True,jni,1
8134,Loading 2 .so native libs in linux from Java via JNI,System.loadLibrary,jni,True,jni,1
8135,Unable to run Java JNI code eclipse,System.loadLibrary,jni,True,jni,1
8136,Java rxtxSerial.dll loading from jar file folder,System.loadLibrary,jni,True,jni,1
8137,Android NDK: jnix jar not loading,System.loadLibrary,jni,True,jni,1
8138,Loading DLL file in java,System.loadLibrary,jni,True,jni,1
8139,Bazel: prevent android_binary from creating new jni layer,System.loadLibrary,jni,True,jni,1
8140,Is it possible to load different versions of the same DLL in Java?,System.loadLibrary,jni,True,jni,1
8141,JNI system loadlibrary,System.loadLibrary,jni,True,jni,1
8142,Android Link Error,System.loadLibrary,jni,True,jni,1
8143,Unable to find base address or exported function of dynamically loaded library,System.loadLibrary,jni,True,jni,1
8144,Java alternatives to loadLibrary or load Java,System.loadLibrary,jni,True,jni,1
8145,Which method eventually calls JNI_OnLoad,System.loadLibrary,jni,True,jni,1
8146,Append byte arrays in JNI,System.loadLibrary,jni,True,jni,1
8147,Please help to download &quot;libsqliteX.so&quot; file,System.loadLibrary,jni,True,jni,1
8148,Could not load native library jni_latinime.so Android,System.loadLibrary,jni,True,jni,1
8149,Can&#39;t find JNI_OnLoad_libname in example program,System.loadLibrary,jni,True,jni,1
8150,Exception in thread &quot;main&quot; java.lang.UnsatisfiedLinkError while accessing dll method in Ja,System.loadLibrary,jni,True,jni,1
8151,"Referencing a library project, ndk",System.loadLibrary,jni,True,jni,1
8152,failed: dlopen failed: cannot locate symbol &quot;signal&quot; referenced by &quot;libSDL2.so&quot;,System.loadLibrary,jni,True,jni,1
8153,build libcurl without soname,System.loadLibrary,jni,True,jni,1
8154,Disabling version suffix/extension in autoconf or makefile,System.loadLibrary,jni,True,jni,1
8155,Loading native library in Quarkus application,System.loadLibrary,jni,True,jni,1
8156,Android and UnsatisfiedLinkError,System.loadLibrary,jni,True,jni,1
8157,how do i override the static code block dynamically in a java class file,System.loadLibrary,jni,True,jni,1
8158,Java Native Interface,System.loadLibrary,jni,True,jni,1
8159,UnsatisfiedLinkError: How to load native library of opencv when running play application?,System.loadLibrary,jni,True,jni,1
8160,create android java file from native code,System.loadLibrary,jni,True,jni,1
8161,How do I use ffmpeg4android in an ADT project?,System.loadLibrary,jni,True,jni,1
8162,unable to load dll library with &quot;run jetty run&quot;,System.loadLibrary,jni,True,jni,1
8163,java.lang.UnsatisfiedLinkError: dlopen failed,System.loadLibrary,jni,True,jni,1
8164,Renaming dependent library in Android NDK causes UnsatisfiedLinkError,System.loadLibrary,jni,True,jni,1
8165,UnsatisfiedLinkError JNI,System.loadLibrary,jni,True,jni,1
8166,Native Library working correctly for install-time module but doesn&#39;t work as expected for on-dem,System.loadLibrary,jni,True,jni,1
8167,Android loading 32 and 64 bit .so files,System.loadLibrary,jni,True,jni,1
8168,how to call methods from a c# dll in java?,System.loadLibrary,jni,True,jni,1
8169,How to extract the ndk abi filter library code in android?,System.loadLibrary,jni,True,jni,1
8170,Unable to load .so in JNI project,System.loadLibrary,jni,True,jni,1
8171,How to load native library to android library project,System.loadLibrary,jni,True,jni,1
8172,Dynamically loading C++ library in Android,System.loadLibrary,jni,True,jni,1
8173,Windows 10 load dll the non admin way,System.loadLibrary,jni,True,jni,1
8174,No implementation found for native,System.loadLibrary,jni,True,jni,1
8175,Call C++ functions from Java with VM created by C++,System.loadLibrary,jni,True,jni,1
8176,android static library usage,System.loadLibrary,jni,True,jni,1
8177,Can we run opencv java on android?,System.loadLibrary,jni,True,jni,1
8178,java.lang.UnsatisfiedLinkError: no so in java.library.path,System.loadLibrary,jni,True,jni,1
8179,UnsatisfiedLinkError exporting a dll for deployment,System.loadLibrary,jni,True,jni,1
8180,stlport_shared.so not getting pushed onto the device,System.loadLibrary,jni,True,jni,1
8181,Exception in thread &quot;AWT-EventQueue-0&quot; java.lang.UnsatisfiedLinkError:NBioBSPJNI.dll: Can&,System.loadLibrary,jni,True,jni,1
8182,Android JNI UnsatisfiedLink Exception,System.loadLibrary,jni,True,jni,1
8183,Can&#39;t load native library(OpenCV) in java,System.loadLibrary,jni,True,jni,1
8184,Google Or-Tools : UnsatisfiedLinkError,System.loadLibrary,jni,True,jni,1
8185,android extend class with native methods,System.loadLibrary,jni,True,jni,1
8186,UnsatisfiedLink error : opencv_java2411.dll already loaded in another classloader in glass fish,System.loadLibrary,jni,True,jni,1
8187,Loading native C library from Objective-C in Flutter plugin,System.loadLibrary,jni,True,jni,1
8188,How to run arm lib in the Android-x86 5.0,System.loadLibrary,jni,True,jni,1
8189,Cannot load minizip code into Android JNI. failed to link libminizip.so,System.loadLibrary,jni,True,jni,1
8190,Android NDK built library crahes on devices but runs fine in emulator,System.loadLibrary,jni,True,jni,1
8191,system loadLibrary hangs when used in multiple threads,System.loadLibrary,jni,True,jni,1
8192,ImageMagick for android...Program Crashing,System.loadLibrary,jni,True,jni,1
8193,JNI ERROR Didn&#39;t find class DexPathList while trying to create module for POS,System.loadLibrary,jni,True,jni,1
8194,Loading DLL in Java - Eclipse - JNI,System.loadLibrary,jni,True,jni,1
8195,loading native libraries in hadoop reducer?,System.loadLibrary,jni,True,jni,1
8196,How to loadLibrary from another package signed by the same developer in Android?,System.loadLibrary,jni,True,jni,1
8197,UnsatisfiedLinkError when trying to load library that is clearly there,System.loadLibrary,jni,True,jni,1
8198,android load native library in another package,System.loadLibrary,jni,True,jni,1
8199,no libopencv_core.so in java.library.path hadoop,System.loadLibrary,jni,True,jni,1
8200,JNI with android?,System.loadLibrary,jni,True,jni,1
8201,Loading Native Library from java.library.path specifically,System.loadLibrary,jni,True,jni,1
8202,How to link static library created using ndk-build in android,System.loadLibrary,jni,True,jni,1
8203,JNI UnsatisfiedLink Error,System.loadLibrary,jni,True,jni,1
8204,How to manually built ndk-build (shared library) in existing android studio project,System.loadLibrary,jni,True,jni,1
8205,UnsatisfiedLinkError while trying to load opencv library,System.loadLibrary,jni,True,jni,1
8206,use 3rd library with android pure ndk,System.loadLibrary,jni,True,jni,1
8207,Calling c program from different Android project,System.loadLibrary,jni,True,jni,1
8208,"Oculus Rift, simple example in java failing",System.loadLibrary,jni,True,jni,1
8209,"java.lang.UnsatisfiedLinkError: No implementation found (NDK, Kotlin) - Fixed",System.loadLibrary,jni,True,jni,1
8210,UnsatisfiedLinkError in exported (Eclipse) executable jar file,System.loadLibrary,jni,True,jni,1
8211,Android : link prebuilt shared library (.so) within jar file in NDK,System.loadLibrary,jni,True,jni,1
8212,Problems in loading a native library In Java,System.loadLibrary,jni,True,jni,1
8213,How to load Native dependencies automatically in Maven?,System.loadLibrary,jni,True,jni,1
8214,Getting java.lang.UnsatisfiedLinkError at runtime,System.loadLibrary,jni,True,jni,1
8215,Load statically compiled library in Java,System.loadLibrary,jni,True,jni,1
8216,UnsatisfiedLinkError in companion object Kotlin JNI,System.loadLibrary,jni,True,jni,1
8217,UnsatisfiedLinkError: Operation not permitted Issue in Marshmallow,System.loadLibrary,jni,True,jni,1
8218,Library file not loading in 2.3 but loading in 4.0,System.loadLibrary,jni,True,jni,1
8219,Is it possible to load an external shared object file from the Download directory in Android?,System.loadLibrary,jni,True,jni,1
8220,Opencv and AWS Lambda,System.loadLibrary,jni,True,jni,1
8221,Find out if a dll is 32 or 64 bit from Java,System.loadLibrary,jni,True,jni,1
8222,Why do I get: Exception in thread &quot;main&quot; java.lang.UnsatisfiedLinkError: Unable to load li,System.loadLibrary,jni,True,jni,1
8223,What is the best place to put downloaded native library in Android?,System.loadLibrary,jni,True,jni,1
8224,Java OpenCv to Maven,System.loadLibrary,jni,True,jni,1
8225,Android jni JNI_OnLoad error,System.loadLibrary,jni,True,jni,1
8226,import .so into android studio error,System.loadLibrary,jni,True,jni,1
8227,Java LoadLibrary Issues on Linux,System.loadLibrary,jni,True,jni,1
8228,Android system loadlibary error for cross compiled libxml,System.loadLibrary,jni,True,jni,1
8229,How do you add an existing .so library to an Android Studio project?,System.loadLibrary,jni,True,jni,1
8230,how to use a SWIG generated C++ class in a java program,System.loadLibrary,jni,True,jni,1
8231,JNI : java.lang.UnsatisfiedLinkError error,System.loadLibrary,jni,True,jni,1
8232,NDK App Crashing After Uploading on Play Store,System.loadLibrary,jni,True,jni,1
8233,Unresolved symbol &quot;pthread_condattr_setclock&quot; in android other than 5.0,System.loadLibrary,jni,True,jni,1
8234,Trying to fork jackpal&#39;s Terminal Emulator,System.loadLibrary,jni,True,jni,1
8235,OSGI JNA native library pcap not found,System.loadLibrary,"jni, jna",True,"jni, jna",2
8236,NDK UnsatisfiedLinkError when lowering project api level 21 to 19,System.loadLibrary,jni,True,jni,1
8237,Call a function written in JNI from java without loading a DLL,System.loadLibrary,jni,True,jni,1
8238,[Linux]Load .so file for JNI results in: java.lang.UnsatisfiedLinkError: no libdebug in java.library,System.loadLibrary,jni,True,jni,1
8239,How to Call dll shared library in spring mvc without JNI,System.loadLibrary,jni,True,jni,1
8240,Using functions from an archive file without use of .cpp,System.loadLibrary,jni,True,jni,1
8241,LoadLibrary() fails when added aar library to system service?,System.loadLibrary,jni,True,jni,1
8242,How to use a library project with both c and java apis on Android,System.loadLibrary,jni,True,jni,1
8243,How to package opencv +java in a jar,System.loadLibrary,jni,True,jni,1
8244,Android - native global object destructor never called,System.loadLibrary,jni,True,jni,1
8245,Java Native Interface - Using a third party dll file in java,System.loadLibrary,jni,True,jni,1
8246,loading library (.so file) in android,System.loadLibrary,jni,True,jni,1
8247,Importing Static library in to Android Project,System.loadLibrary,jni,True,jni,1
8248,Link OpenCV library to a Scala project,System.loadLibrary,jni,True,jni,1
8249,In Android Native app failed to create a client socket. Error code:14 Unable to create socket: Permi,System.loadLibrary,jni,True,jni,1
8250,android applicatin can&#39;t find jni library when installed as system application,System.loadLibrary,jni,True,jni,1
8251,java.lang.UnsatisfiedLinkError when installing as system app,System.loadLibrary,jni,True,jni,1
8252,Android native library isn&#39;t installed,System.loadLibrary,jni,True,jni,1
8253,Gstreamer Ndk-build Error,System.loadLibrary,jni,True,jni,1
8254,System.Load fails other than Java\Bin,System.loadLibrary,jni,True,jni,1
8255,java.lang.UnsatisfiedLinkError when loading topaz dll in OSGI environement,System.loadLibrary,jni,True,jni,1
8256,"What is “JNI ERROR (app bug): attempt to use stale local reference 0x1”? How to debug, without JNI l",System.loadLibrary,jni,True,jni,1
8257,java.lang.UnsatisfiedLinkError no *****.dll in java.library.path,System.loadLibrary,jni,True,jni,1
8258,UnsatisfiedLInkError Linking to FFMPEG with NDK,System.loadLibrary,jni,True,jni,1
8259,how to use 3rd party library on android?,System.loadLibrary,jni,True,jni,1
8260,UnsatisfiedLinkError : Native library &#39;wcepeer&#39; not found (Mysaifu),System.loadLibrary,jni,True,jni,1
8261,Java OSX MessageDigest.getInstance(&quot;MD5&quot;) hangs,System.loadLibrary,jni,True,jni,1
8262,java.lang.UnsatisfiedLinkError under tomcat,System.loadLibrary,jni,True,jni,1
8263,Trouble running a very simple Hello World JNI test,System.loadLibrary,jni,True,jni,1
8264,Opportunity to using native methods systemwide. How to call method or how it should be named?,System.loadLibrary,jni,True,jni,1
8265,"Java version 1.6 UnsatisfiedLinkError on load shared library, Java 1.4 works fine?",System.loadLibrary,jni,True,jni,1
8266,Why won&#39;t my native library load in my Android App?,System.loadLibrary,jni,True,jni,1
8267,Android NDK-build: Couldn&#39;t load pre-built shared library as other module&#39;s dependency,System.loadLibrary,jni,True,jni,1
8268,JniExport fails with declaration of string,System.loadLibrary,jni,True,jni,1
8269,How to import a class from default package,System.loadLibrary,jni,True,jni,1
8270,Does Android apk size affect app performance?,System.loadLibrary,jni,True,jni,1
8271,How to call methods on .so library in Android studio,System.loadLibrary,jni,True,jni,1
8272,C# calling Java code loading unmanaged dll,System.loadLibrary,jni,True,jni,1
8273,How to redirect the load of .so lib in Android using Xposed?,System.loadLibrary,jni,True,jni,1
8274,Android: display popup without a context,System.loadLibrary,jni,True,jni,1
8275,Unable to load DLL on Heroku (Java),System.loadLibrary,jni,True,jni,1
8276,Jinput library not found in java.library.path,System.loadLibrary,jni,True,jni,1
8277,Invoking native methods from JAVA when creating the JVM from C++?,System.loadLibrary,jni,True,jni,1
8278,Best approach to load multiple native libraries in Android App,System.loadLibrary,jni,True,jni,1
8279,OpenCV Android Studio,System.loadLibrary,jni,True,jni,1
8280,Android NDK build: cannot locate symbol&quot; _ZNSsD1Ev&quot;,System.loadLibrary,jni,True,jni,1
8281,syste.loadlibrary()/system.load() fails to load a library (.so) file,System.loadLibrary,jni,True,jni,1
8282,How to check whether .dll is loading again?,System.loadLibrary,jni,True,jni,1
8283,how to load a static library(libtest.a) in MainActivity.java in android studio,System.loadLibrary,jni,True,jni,1
8284,Why &quot;x86&quot; library is installed on a &quot;armeabi-v7a&quot; emulator instead of &quot;arme,System.loadLibrary,jni,True,jni,1
8285,Invoke JNI_OnLoad from Delphi,System.loadLibrary,jni,True,jni,1
8286,Can i load a dynamic library using JNI in a android native activity？,System.loadLibrary,jni,True,jni,1
8287,java.lang.UnsatisfiedLinkError: dlopen failed: cannot locate symbol &quot;__aeabi_memcpy8&quot; refe,System.loadLibrary,jni,True,jni,1
8288,Segmentation fault occurs with GetStringUTFChars JNI method in Android environment,System.loadLibrary,jni,True,jni,1
8289,"Java - I&#39;ve got a library(.a/.so) and header(.h), how to use Java call their functions?",System.loadLibrary,jni,True,jni,1
8290,JNI integration into AOSP build,System.loadLibrary,jni,True,jni,1
8291,Merging/Bundling DLL/LIBs (C++/Java),System.loadLibrary,jni,True,jni,1
8292,libxml2 linking issues,System.loadLibrary,jni,True,jni,1
8293,Check Java JVM Memory Limit on Windows XP,System.loadLibrary,jni,True,jni,1
8294,I want to upgrade turbo jpeg version from 1.5.0 to 2.1.0,System.loadLibrary,jni,True,jni,1
8295,J++ to Java: how to migrate from RNI to JNI?,System.loadLibrary,jni,True,jni,1
8296,Using ndk project/library with drivers,System.loadLibrary,jni,True,jni,1
8297,React native and Android 7 support with NDK restrictions,System.loadLibrary,jni,True,jni,1
8298,libnonfree.so file automatically getting deleted when I run the app on android studio,System.loadLibrary,jni,True,jni,1
8299,Loading native libraries in java,System.loadLibrary,jni,True,jni,1
8300,UnsatisfiedLinkError in Android Studio using Gradle,System.loadLibrary,jni,True,jni,1
8301,How to list all threads of the host OS from within a Java VM?,System.loadLibrary,jni,True,jni,1
8302,Struggling to make JNI call c++ dll,System.loadLibrary,jni,True,jni,1
8303,Java JNIEnv Segmentation Fault,System.loadLibrary,jni,True,jni,1
8304,springboot throws java.lang.UnsatisfiedLinkError but standalone java applicaton works fine,System.loadLibrary,jni,True,jni,1
8305,How to use JNI in Quarkus?,System.loadLibrary,jni,True,jni,1
8306,Issue with the NDK,System.loadLibrary,jni,True,jni,1
8307,Detect available OpenGL ES versions,System.loadLibrary,jni,True,jni,1
8308,"Error ExceptionInInitializerError when creating instances of opencv classes - Mat, RectVector and Ca",System.loadLibrary,jni,True,jni,1
8309,Jar Dependencies in Visual C++ Development in Visual Studio 2015,System.loadLibrary,jni,True,jni,1
8310,Java / C - Compile the native language code into a shared library DLL,System.loadLibrary,jni,True,jni,1
8311,How to fix EXCEPTION_ACCESS_VIOLATION when loading c++ dll file?,System.loadLibrary,jni,True,jni,1
8312,Linking to prebuilt libraries with NDK using gradle,System.loadLibrary,jni,True,jni,1
8313,How to fix java.lang.UnsatisfiedLinkError-Problem with 64-bit / 32-bit Systems?,System.loadLibrary,jni,True,jni,1
8314,Android Emulator can not load native library,System.loadLibrary,jni,True,jni,1
8315,Calling native method twice of third party library in an Activity causes the Android application to ,System.loadLibrary,jni,True,jni,1
8316,Try to set SDL with OpenGL context on Android. Get error message &quot;Failed loading eglChooseConfi,System.loadLibrary,jni,True,jni,1
8317,Can&#39;t load this .dll (machine code=0x686) on a AMD 64-bit platform,System.loadLibrary,jni,True,jni,1
8318,JNI - UnsatisfiedLinkError - loadLibrary always fails,System.loadLibrary,jni,True,jni,1
8319,UnsatisfiedLinkError: org.opencv.highgui.Highgui.imread when process the image,System.loadLibrary,jni,True,jni,1
8320,*.so library from included *.jar involves UnsatisfiedLinkError,System.loadLibrary,jni,True,jni,1
8321,Android Studio: generating .so files using experimental plugin,System.loadLibrary,jni,True,jni,1
8322,Android NDK OpenCV - No implementation found for native,System.loadLibrary,jni,True,jni,1
8323,How do i get my java program to import the javacv libraries properly in linux (EDIT - now getting un,System.loadLibrary,jni,True,jni,1
8324,Unable to dlopen(libsomething.so) Cannot load library: link_image[1995]: failed to link libsomething,System.loadLibrary,jni,True,jni,1
8325,No implementation found for native Ltest/webkit/JWebCoreJavaBridge;.nativeConstructor:()V,System.loadLibrary,jni,True,jni,1
8326,Android app hangs when manually signing,System.loadLibrary,jni,True,jni,1
8327,Graalvm + spring 3 running on kubernetes. Unable to load a &#39;.so&#39; file via System.load(),System.loadLibrary,jni,True,jni,1
8328,UnsatisfiedLinkError:Native Library jdk1.8.0_121\jre\bin\glass.dll already loaded in another classlo,System.loadLibrary,jni,True,jni,1
8329,Apache spark using native dependencies - driver/executor code flow in standalone mode,System.loadLibrary,jni,True,jni,1
8330,Can&#39;t load IA 32-bit .dll on a AMD 64-bit platform,System.loadLibrary,jni,True,jni,1
8331,using of delphi dll in java spring project,System.loadLibrary,jni,True,jni,1
8332,Java Web Application - LoadLibrary at Application Startup,System.loadLibrary,jni,True,jni,1
8333,"Java, Load native library inside classpath",System.loadLibrary,jni,True,jni,1
8334,"Android, Share library dependency",System.loadLibrary,jni,True,jni,1
8335,How to import the DeepBeliefSDK in Android studio?,System.loadLibrary,jni,True,jni,1
8336,EXCEPTION_ACCESS_VIOLATION when accessing LeapMotion API within OSGi,System.loadLibrary,jni,True,jni,1
8337,Android Kotlin with Native NDK C Code into WebAssembly with Kotlin Multiplatform,System.loadLibrary,jni,True,jni,1
8338,How to add an external library (OpenCV .jar file) to the Java build path from the command line (Unix,System.loadLibrary,jni,True,jni,1
8339,Load dependent .so from other shared library via JNI,System.loadLibrary,jni,True,jni,1
8340,Android NDK JNI_OnLoad not getting called,System.loadLibrary,jni,True,jni,1
8341,"After upgrading to Android Studio 3.5, native library doesn&#39;t get packaged into APK anymore",System.loadLibrary,jni,True,jni,1
8342,Can I load libraries compiled with aarch64 in x86_64 Android emulator?,System.loadLibrary,jni,True,jni,1
8343,"Native library, required by Java OpenAL",System.loadLibrary,jni,True,jni,1
8344,java.lang.UnsatisfiedLinkError: dalvik.system.PathClassLoader,System.loadLibrary,jni,True,jni,1
8345,App installed from google play then new version reinstalled locally causes UnsatisfiedLinkError,System.loadLibrary,jni,True,jni,1
8346,Can&#39;t use intel mkl in JNI shared library,System.loadLibrary,jni,True,jni,1
8347,Unable to Call Native SWIG Method using DLL on Windows XP,System.loadLibrary,jni,True,jni,1
8348,"In Tomcat 8, is there a way to load DLLs so they are available when reloading a WebApp?",System.loadLibrary,jni,True,jni,1
8349,How to get a reference to the JVM from a native android executable?,System.loadLibrary,jni,True,jni,1
8350,Import JAR that uses .so files into a new android project,System.loadLibrary,jni,True,jni,1
8351,java.lang.UnsatisfiedLinkError: dlopen failed: cannot locate symbol “__aeabi_memmove4”,System.loadLibrary,jni,True,jni,1
8352,Native application with java class. Can&#39;t call native code from java,System.loadLibrary,jni,True,jni,1
8353,Using dependent shared libraries in eclipse plugin without requiring the LD_LIBRARY_PATH to be set w,System.loadLibrary,jni,True,jni,1
8354,Android ndk runtime - cannot locate symbol OPENSSL_init_ssl,System.loadLibrary,jni,True,jni,1
8355,&quot;Fatal Error&quot; when loading a dll?,System.loadLibrary,jni,True,jni,1
8356,Why does ARCore raise fatal error with ARM Graphics Analyser integration?,System.loadLibrary,jni,True,jni,1
8357,Unable to set shared library path in eclipse,System.loadLibrary,jni,True,jni,1
8358,Build native library and JAR at the same time,System.loadLibrary,jni,True,jni,1
8359,Trouble deploying web application with native library,System.loadLibrary,jni,True,jni,1
8360,How do I create a cmakelist file which builds libraries that are automatically placed in jniLibs fol,System.loadLibrary,jni,True,jni,1
8361,Loading multiple Shared Libraries at run time does not work in Android,System.loadLibrary,jni,True,jni,1
8362,How to loop my webcam stream on java OpenCV,System.loadLibrary,jni,True,jni,1
8363,Cannot find boost shared library files in Android application,System.loadLibrary,jni,True,jni,1
8364,Android ffmpeg binary and other .so files execution error,System.loadLibrary,jni,True,jni,1
8365,AndEngine doesn&#39;t work on Motorola Defy,System.loadLibrary,jni,True,jni,1
8366,Why do some Android phones cause our app to throw an java.lang.UnsatisfiedLinkError?,System.loadLibrary,jni,True,jni,1
8367,calling a C function in customized sort class of hadoop 2.7.4 giving java.lang.UnsatisfiedLinkError,System.loadLibrary,jni,True,jni,1
8368,Not able to load dll from jar in java,System.loadLibrary,jni,True,jni,1
8369,Compiling Ada library for Android (JNI),System.loadLibrary,jni,True,jni,1
8370,JVM crashes when loading a native library,System.loadLibrary,jni,True,jni,1
8371,How to unload library (DLL) from the JVM,System.loadLibrary,jni,True,jni,1
8372,JNI DETECTED ERROR IN APPLICATION: JNI NewGlobalRef called with pending exception java.lang.NoSuchFi,System.loadLibrary,jni,True,jni,1
8373,"easiest way to debug crash in native library, linked by Android app?",System.loadLibrary,jni,True,jni,1
8374,AWS lambda support Java AWT,System.loadLibrary,jni,True,jni,1
8375,Where to place a shared library .so for JNI native calls when deploying on Glassfish Java EE applica,System.loadLibrary,jni,True,jni,1
8376,Java JNI GDAL native library error with ClassLoader when redeploying as web application,System.loadLibrary,jni,True,jni,1
8377,OpenCV library in Tomcat(8.5.32) Server unable to execute,System.loadLibrary,jni,True,jni,1
8378,JNI &quot;The specified procedure could not be found&quot; when dependent library is linked,System.loadLibrary,jni,True,jni,1
8379,How to call Z3_get_version() from Microsoft.Z3.dll from Java,System.loadLibrary,jni,True,jni,1
8380,opencv python imutils.grab_contours and sorted methods are not available in java/scala api my scala ,System.loadLibrary,jni,True,jni,1
8381,How to add multi shared libraries in android ndk?,System.loadLibrary,jni,True,jni,1
8382,How to load different jni libs according to CPU abilities in android?,System.loadLibrary,jni,True,jni,1
8383,Using JNI to load another JNI library?,System.loadLibrary,jni,True,jni,1
8384,Can&#39;t get OpenCV to work with Java+Maven+IntelliJ,System.loadLibrary,jni,True,jni,1
8385,Including *.so files with gradle and Android Studio 1.2.2,System.loadLibrary,jni,True,jni,1
8386,Android Studio OpenCV Library not working,System.loadLibrary,jni,True,jni,1
8387,The java system library do not load opencv library,System.loadLibrary,jni,True,jni,1
8388,Why does OpenCV throw an UnsatisfiedLinkError when using Mat?,System.loadLibrary,jni,True,jni,1
8389,How to load android system native library,System.loadLibrary,jni,True,jni,1
8390,Want to implement nanomsg in android using its java binding jnanomsg getting java.lang.ExceptionInIn,System.loadLibrary,"jni, jna",True,"jni, jna",2
8391,Android UnsatisfiedLinkError: Issue loading a shared library,System.loadLibrary,jni,True,jni,1
8392,Multicore Java Program with Native Code,System.loadLibrary,jni,True,jni,1
8393,How do I debug a JNI dll using Visual Studio C++ debugger?,System.loadLibrary,jni,True,jni,1
8394,Bluetooth server application using java WTK 2.5.2 crashes on launch,System.loadLibrary,jni,True,jni,1
8395,Android native linker wants file named libjpeg.so.62 specifically,System.loadLibrary,jni,True,jni,1
8396,How to specify path from where library loader can look for those libraries?,System.loadLibrary,jni,True,jni,1
8397,Calling Go Function from java using JNI: Library Not loaded,System.loadLibrary,jni,True,jni,1
8398,How to package prebuilt shared library inside an APK,System.loadLibrary,jni,True,jni,1
8399,AWS Kinesis Video Streams Producer JNI times out (StatusCode: 0xf) in Ubuntu container running gRPC ,System.loadLibrary,jni,True,jni,1
8400,Shared JNI library (.so) in Tomcat - UnsatisfiedLinkError,System.loadLibrary,jni,True,jni,1
8401,Bash script to create symbolic links to shared libraries,System.loadLibrary,jni,True,jni,1
8402,How can I load a java api of a C++ library in tomcat 7 (linux)?,System.loadLibrary,jni,True,jni,1
8403,Why the manually added .so file in libs is automatically deleted by running the Android project?,System.loadLibrary,jni,True,jni,1
8404,UnsatisfiedLinkError (Can&#39;t find dependent libraries) in a Java due to recursive dependency,System.loadLibrary,jni,True,jni,1
8405,Android app linking with updated aosp libraries,System.loadLibrary,jni,True,jni,1
8406,Current AndroidStudio sample fails on phone due to runtime native library link error. Why?,System.loadLibrary,jni,True,jni,1
8407,NDK compiling multiple libraries,System.loadLibrary,jni,True,jni,1
8408,"Android NDK: Two prebuilt shared libraries, but one of them depends on the other",System.loadLibrary,jni,True,jni,1
8409,Can&#39;t run android app with library project and JNI together,System.loadLibrary,jni,True,jni,1
8410,Java LoadLibrary unresolved dependency but dependent dll is in same directory,System.loadLibrary,jni,True,jni,1
8411,Exception Ljava/lang/UnsatisfiedLinkError,System.loadLibrary,jni,True,jni,1
8412,gstreamer-java + gstreamer_ndk_bundle + JNA on Android device unable to play sound file?,System.loadLibrary,"jni, jna",True,"jni, jna",2
8413,Fatal Exception: java.lang.UnsatisfiedLinkError dlopen failed: library &quot;libavutil.so&quot; not ,System.loadLibrary,jni,True,jni,1
8414,importing custom SO file to AOSP,System.loadLibrary,jni,True,jni,1
8415,Discovering path of running Jar in SuSE Enterprise Server 10,System.loadLibrary,jni,True,jni,1
8416,Loading Flutter SO files Dynamically Crashes,System.loadLibrary,jni,True,jni,1
8417,FFMPEG in Android NDK - could not load library &quot;libavfilter.so&quot;,System.loadLibrary,jni,True,jni,1
8418,static library load of OpenCV causing app crash,System.loadLibrary,jni,True,jni,1
8419,"Android NDK, could not find dependent library",System.loadLibrary,jni,True,jni,1
8420,Android NDK app (native lib .so) loads on the hardware but it can&#39;t be found on the emulator,System.loadLibrary,jni,True,jni,1
8421,Android jni and opencv runtime couldn&#39;t load libs,System.loadLibrary,jni,True,jni,1
8422,"How to load different native libraries(dll, so) based on the system the application is running",System.loadLibrary,jni,True,jni,1
8423,Android. Writing libraries to lib folder at runtime,System.loadLibrary,jni,True,jni,1
8424,Android - UnsatisfiedLinkError: unknown failure loading libQt5Core.so,System.loadLibrary,jni,True,jni,1
8425,how to find the native c++ function who called a java method in a android app and in which library?,System.loadLibrary,jni,True,jni,1
8426,Native libraries .so.XY failing to link at runtime,System.loadLibrary,jni,True,jni,1
8427,Eclipse Java OpenCV unsatisfiedLinkError in Test src folder only,System.loadLibrary,jni,True,jni,1
8428,Compile OpenBR to ArmV7 - Android toolchain issue,System.loadLibrary,jni,True,jni,1
8429,how to use a .so and .jar in a java android projet?,System.loadLibrary,jni,True,jni,1
8430,Android: UnsatisfiedLinkError due to folder structure in &quot;lib&quot;?,System.loadLibrary,jni,True,jni,1
8431,Android native runtime fails to load symbols even though they are actually found in the loaded .so f,System.loadLibrary,jni,True,jni,1
8432,How do I import shared object libraries at runtime in Android?,System.loadLibrary,jni,True,jni,1
8433,JNI_OnLoad returned bad version (-1),System.loadLibrary,jni,True,jni,1
8434,Eclipse RCP: Check for Native Library,System.loadLibrary,jni,True,jni,1
8435,How shared library dependencies are resolved?,System.loadLibrary,jni,True,jni,1
8436,Loading 3rd party shared libraries from an Android native activity,System.loadLibrary,jni,True,jni,1
8437,java.lang.UnsatisfiedLinkError-No implementation found for native method,System.loadLibrary,jni,True,jni,1
8438,Java Spring boot application with OpenCv : UnsatisfiedLinkError under Eclipse if use spring-boot-dev,System.loadLibrary,jni,True,jni,1
8439,"Cocos2dx (version : cocos2d-2.1rc0-x-2.1.2) No libcocos2d.so, libbox2d.so, libcocosdenshion made",System.loadLibrary,jni,True,jni,1
8440,FFmpeg linker error: Error due to text relocations in libavcodec shared object,System.loadLibrary,jni,True,jni,1
8441,Changing OpenSSL library in Android app for HttpClient,System.loadLibrary,jni,True,jni,1
8442,Java Not Loading .dll File From Classpath,System.loadLibrary,jni,True,jni,1
8443,convert .mp3 from wav using Lame library in android,System.loadLibrary,jni,True,jni,1
8444,"Loading JNI .DLL, GCC compiled works, G++ compiled fails",System.loadLibrary,jni,True,jni,1
8445,Jni and shared libraries,System.loadLibrary,jni,True,jni,1
8446,How can I bundle a .so file in a jar?,System.loadLibrary,jni,True,jni,1
8447,Correct path of jar to load applet with native methods from dll,System.loadLibrary,jni,True,jni,1
8448,The specified procedure could not be found: for jcuda 9.2,System.loadLibrary,jni,True,jni,1
8449,Compile OpenSSL to different name due to Android Zygote,System.loadLibrary,jni,True,jni,1
8450,Checking a loadable JNI Library,System.loadLibrary,jni,True,jni,1
8451,Load Teamspeak dynamic linked library with JNI in Java,System.loadLibrary,jni,True,jni,1
8452,"Java LoadLibrary UnsatisfiedLinkError, though Java can see the file and runs on another computer",System.loadLibrary,jni,True,jni,1
8453,JNI - Package both 64-bit and 32-bit DLLs for Windows,System.loadLibrary,jni,True,jni,1
8454,libgdx liquidfun integration runtime error,System.loadLibrary,jni,True,jni,1
8455,Java trying to load native libraries more than once on linux,System.loadLibrary,jni,True,jni,1
8456,"Window bat script start java program loading dll failed, but successfully started using IntelliJ ide",System.loadLibrary,jni,True,jni,1
8457,Android 6 Marshmallow crash while calling native library,System.loadLibrary,jni,True,jni,1
8458,Adding new paths for native libraries at runtime in Java,System.loadLibrary,jni,True,jni,1
8459,How to avoid DiskReadViolations in StrictMode when loading native library asynchronously,System.loadLibrary,jni,True,jni,1
8460,Android Recompile Media library using NDK,System.loadLibrary,jni,True,jni,1
8461,How to add an .so file to an Android Studio 1.5 project?,System.loadLibrary,jni,True,jni,1
8462,Loading a JNI library in scala,System.loadLibrary,jni,True,jni,1
8463,Android M API 23 error to load lib .so files,System.loadLibrary,jni,True,jni,1
8464,Facebook Conceal .so files not uploading in Android Project,System.loadLibrary,jni,True,jni,1
8465,Android JNI exception handling,System.loadLibrary,jni,True,jni,1
8466,How Android webview uses webkit?,System.loadLibrary,jni,True,jni,1
8467,opencv_ffmpeg2413_64.dll Linux build for OpenCV,System.loadLibrary,jni,True,jni,1
8468,Setting up NDK Development in Android Studio 1.5,System.loadLibrary,jni,True,jni,1
8469,Running webapps in separate processes,System.loadLibrary,jni,True,jni,1
8470,How do I solve a java.lang.UnsatisfiedLinkError:no opencv_java455 in java.library.path: error?,System.loadLibrary,jni,True,jni,1
8471,java security error when loading dll from a Javascript call but not when directly called from applet,System.loadLibrary,jni,True,jni,1
8472,cannot access memory at address 0X1 after setting up gdb and eclipse to debug shared library from An,System.loadLibrary,jni,True,jni,1
8473,Catching Java errors,System.loadLibrary,jni,True,jni,1
8474,how to load .so file that are not in System/lib folder in android?,System.loadLibrary,jni,True,jni,1
8475,Couldn&#39;t find &quot;liballjoyn_java.so&quot;,System.loadLibrary,jni,True,jni,1
8476,How to use grep in an if statement?,System.loadLibrary,jni,True,jni,1
8477,Using Android APK Expansion Downloader with NativeActivity,System.loadLibrary,jni,True,jni,1
8478,Android JNI - Call AttachCurrentThread without DetachCurrentThread,AttachCurrentThread,jni,True,jni,1
8479,SIGSEGV on AttachCurrentThread in new thread,AttachCurrentThread,None,False,None,0
8480,JNI: AttachCurrentThread returns -1,AttachCurrentThread,jni,True,jni,1
8481,JVM crashing on attachCurrentThread JNI callback invocation,AttachCurrentThread,jni,True,jni,1
8482,c++ using JNI: AttachCurrentThread returns -1,AttachCurrentThread,jni,True,jni,1
8483,JNI AttachCurrentThread NULLs the jenv,AttachCurrentThread,jni,True,jni,1
8484,AttachCurrentThread crashing,AttachCurrentThread,None,False,None,0
8485,Is calling AttachCurrentThread on JNI costly?,AttachCurrentThread,jni,True,jni,1
8486,Is it safe to do pthread_join on a thread that has been attached to JVM using JNI&#39;s AttachCurren,AttachCurrentThread,jni,True,jni,1
8487,Segmentation Fault in JNI AttachCurrentThread,AttachCurrentThread,jni,True,jni,1
8488,Android JNI AttachCurrentThread leaks JAVA thread,AttachCurrentThread,jni,True,jni,1
8489,native crash under ART when calling attachCurrentThread,AttachCurrentThread,None,False,None,0
8490,Memory leak in JNI with AttachCurrentThread() and DetachCurrentThread(),AttachCurrentThread,jni,True,jni,1
8491,How to avoid attachCurrentThread exception when using pylucene in flask?,AttachCurrentThread,None,False,None,0
8492,Android NativeActivity: AttachCurrentThread JNIInvokeInterface is not a structure or union,AttachCurrentThread,jni,True,jni,1
8493,"In JNI, is there a cleanup function for the JNIEnv pointer returned from AttachCurrentThread()?",AttachCurrentThread,jni,True,jni,1
8494,&quot;JNI ERROR (app bug): weak global reference table overflow&quot; why?,AttachCurrentThread,jni,True,jni,1
8495,Can I use std::unique_lock to AttachCurrentThread and DetachCurrentThread from JNI?,AttachCurrentThread,jni,True,jni,1
8496,Android NDK thread aborts program,AttachCurrentThread,None,False,None,0
8497,AttachCurrentThread crash in multi threads JNI after moving to Android L release,AttachCurrentThread,jni,True,jni,1
8498,Where is the best place to do initVM and attachCurrentThread when using pylucene in Django,AttachCurrentThread,None,False,None,0
8499,How to call Java API from NDK C++ thread?,AttachCurrentThread,None,False,None,0
8500,JNI: Calling GetStaticMethodID blows up,AttachCurrentThread,jni,True,jni,1
8501,Trouble calling on a Java method from a native thread using JNI (C++),AttachCurrentThread,jni,True,jni,1
8502,JNI Unable to call CallVoidMethod,AttachCurrentThread,jni,True,jni,1
8503,Execution of static methods from native c code,AttachCurrentThread,None,False,None,0
8504,Getting ART error while attaching native thread to VM,AttachCurrentThread,None,False,None,0
8505,pplx task from native call in JNI,AttachCurrentThread,jni,True,jni,1
8506,Change Variable Value in JVM with GDB,AttachCurrentThread,None,False,None,0
8507,C++ Multithread Java JNI method Call,AttachCurrentThread,jni,True,jni,1
8508,Get native JavaVM and JNIEnv handles in Xamarin c# project,AttachCurrentThread,jni,True,jni,1
8509,Why does boost::thread_specific_ptr freezes android ndk after a few seconds,AttachCurrentThread,None,False,None,0
8510,JNI parameters are local or global references,AttachCurrentThread,jni,True,jni,1
8511,What are the consequences if we try to attach a Native Thread permanently to the DVM (JVM)?,AttachCurrentThread,None,False,None,0
8512,JNI Callback to Java on non UI thread,AttachCurrentThread,jni,True,jni,1
8513,How do I handle calls to AudioTrack from jni without crashing?,AttachCurrentThread,jni,True,jni,1
8514,Can&#39;t execute JavaVM-&gt;DetachCurrentThread(): &quot;attempting to detach while still running c,AttachCurrentThread,None,False,None,0
8515,NDK crash at android 5.x+ by callstaticMethod,AttachCurrentThread,None,False,None,0
8516,Do I Have to JNI Detach an Attached Thread?,AttachCurrentThread,jni,True,jni,1
8517,JNI cleanup and daemon threads in Android NDK,AttachCurrentThread,jni,True,jni,1
8518,Multithreaded JNI-Calls,AttachCurrentThread,jni,True,jni,1
8519,calling java method from c++ using JNI,AttachCurrentThread,jni,True,jni,1
8520,Can&#39;t call any JNI functionality from android_main in NDK project,AttachCurrentThread,jni,True,jni,1
8521,best strategy for attaching arbitrary threads to Android JVM,AttachCurrentThread,None,False,None,0
8522,Cannot renew jobject in JNI,AttachCurrentThread,jni,True,jni,1
8523,Crash after call DetachCurrentThread,AttachCurrentThread,None,False,None,0
8524,Android JNI: GetObjectClass crashes with SIGSEGV (not a valid JNI reference),AttachCurrentThread,jni,True,jni,1
8525,Cannot find constructor in java class via jni,AttachCurrentThread,jni,True,jni,1
8526,C code needs to call Java code buffer but no way to get its JNIEnv,AttachCurrentThread,jni,True,jni,1
8527,Invalid reference during callback,AttachCurrentThread,None,False,None,0
8528,Context switched native thread can&#39;t attach to JVM,AttachCurrentThread,None,False,None,0
8529,Attach native application via JNI to already running JVM on Linux,AttachCurrentThread,jni,True,jni,1
8530,"Building PHP Extension using JVM, need implementation ideas",AttachCurrentThread,None,False,None,0
8531,StackOverflowError: stack size 16KB,AttachCurrentThread,None,False,None,0
8532,JNI_CreateJavaVM() fails every other time I run my application (exactly),AttachCurrentThread,jni,True,jni,1
8533,Are local references cleared by `DetachCurrentThread`?,AttachCurrentThread,None,False,None,0
8534,How to set classpath of a running JVM in C++(JNI)?,AttachCurrentThread,jni,True,jni,1
8535,jni: calling a java method in its appartment thread,AttachCurrentThread,jni,True,jni,1
8536,JNI : Unable to find java class from native method in a callback,AttachCurrentThread,jni,True,jni,1
8537,JNI Env in different threads and exceptions,AttachCurrentThread,jni,True,jni,1
8538,Null Pointer Exception in alert Dialog Builder call from JNI,AttachCurrentThread,jni,True,jni,1
8539,application C++/Java dependency,AttachCurrentThread,None,False,None,0
8540,How to check for memory leaks in JNI,AttachCurrentThread,jni,True,jni,1
8541,Crash with malloc and free in android native code,AttachCurrentThread,None,False,None,0
8542,call java functions in pthread with NDK,AttachCurrentThread,None,False,None,0
8543,Calling a Kotlin function asynchronously from C++ with JNI,AttachCurrentThread,jni,True,jni,1
8544,JNI Attach/Detach thread memory management,AttachCurrentThread,jni,True,jni,1
8545,Pros/Cons of attaching all the native cpp threads(of a Thread Pool) to JVM on creation using JNI and,AttachCurrentThread,jni,True,jni,1
8546,JNI AttachThead/DetachThread performance?,AttachCurrentThread,jni,True,jni,1
8547,JNI: native method that spawns threads that need to interact with Java,AttachCurrentThread,jni,True,jni,1
8548,Can&#39;t make call from C++ To Java using JNI,AttachCurrentThread,jni,True,jni,1
8549,JNI: Calling a java method from C periodically is not working,AttachCurrentThread,jni,True,jni,1
8550,Implement JNI listener,AttachCurrentThread,jni,True,jni,1
8551,PHP script execution and multithreaded environment (PHP5 Extension),AttachCurrentThread,None,False,None,0
8552,Android JNI: &quot;Attempt to use stale local reference&quot; error when trying to call a java metho,AttachCurrentThread,jni,True,jni,1
8553,JNI - multi threads,AttachCurrentThread,jni,True,jni,1
8554,"android ndk call java method have sigsegv error, Invalid argment size 4096",AttachCurrentThread,None,False,None,0
8555,Getting error &quot;attempting to detach while still running code&quot; when calling JavaVm-&gt;Deta,AttachCurrentThread,None,False,None,0
8556,Leaks in JVM from Valgrind,AttachCurrentThread,None,False,None,0
8557,Sharing a JavaVM* across threads in Android NDK,AttachCurrentThread,None,False,None,0
8558,Android NDK Callbacks to Java Activity,AttachCurrentThread,None,False,None,0
8559,Is there a way to force Java VM to execute immediately an exception sent from JNI?,AttachCurrentThread,jni,True,jni,1
8560,Fatal signal 11 (SIGSEGV),AttachCurrentThread,None,False,None,0
8561,Using Java classes from native activity android,AttachCurrentThread,None,False,None,0
8562,How do I prevent a ClassNotFoundException when calling Java interop from Clojure in a JNI-created th,AttachCurrentThread,jni,True,jni,1
8563,JVM Total Memory Usually 64 MB But Sometimes Only 2 MB,AttachCurrentThread,None,False,None,0
8564,c++ Schwarz counter with thread_local,AttachCurrentThread,None,False,None,0
8565,Why does my Android app crash when my threads exit?,AttachCurrentThread,None,False,None,0
8566,Android JNI ReleaseByteArrayElements does not work,AttachCurrentThread,jni,True,jni,1
8567,Java thread leaks when calling back from native thread via JNI,AttachCurrentThread,jni,True,jni,1
8568,Why calling DetachCurrentThread() causes excessive garbage collection?,AttachCurrentThread,None,False,None,0
8569,Android NDK problem pthread_mutex_unlock issue,AttachCurrentThread,None,False,None,0
8570,JNI and pthread,AttachCurrentThread,jni,True,jni,1
8571,Undefined reference to AAssetManager_fromJava,AttachCurrentThread,None,False,None,0
8572,Program crashes when I call CallVoidMethodA,AttachCurrentThread,None,False,None,0
8573,What&#39;s the possible reason why NPE is throwed when call CallVoidMethod with JNI in my situation,AttachCurrentThread,jni,True,jni,1
8574,NDK app onDestroy cleanup - how to DetachCurrentThread,AttachCurrentThread,None,False,None,0
8575,How to Release jstring that is sent from Native Code back to Java?,AttachCurrentThread,None,False,None,0
8576,Are Android&#39;s class loaders different from Oracle&#39;s?,AttachCurrentThread,None,False,None,0
8577,C++ calling Java object method: Access Violation,AttachCurrentThread,None,False,None,0
8578,Calling getUnicodeChar method from C++ in Android,AttachCurrentThread,None,False,None,0
8579,FindClass and GetMethodID failes on android jni,AttachCurrentThread,jni,True,jni,1
8580,errors when trying to initialize vm_args,AttachCurrentThread,None,False,None,0
8581,Problem in calling class from tomcat in JNI,AttachCurrentThread,jni,True,jni,1
8582,app_glue android NDK : GetMethodID Fails with TextView.setText call,AttachCurrentThread,None,False,None,0
8583,JNI - crash on NewObjectArray,AttachCurrentThread,jni,True,jni,1
8584,Xamarin Android app is crashing when installed from the store,AttachCurrentThread,None,False,None,0
8585,KitKat ART-build warning,AttachCurrentThread,None,False,None,0
8586,JNI - Calling Java Method from C++,AttachCurrentThread,jni,True,jni,1
8587,SIGSEGV using ARCore with native android application,AttachCurrentThread,None,False,None,0
8588,Accessed stale local reference passing short[] from JNI to Java,AttachCurrentThread,jni,True,jni,1
8589,Android JNI GetMethodID fails to find a method in release build,AttachCurrentThread,jni,True,jni,1
8590,Access jar file in pure Android Native project,AttachCurrentThread,None,False,None,0
8591,Call Java method from JNI,AttachCurrentThread,jni,True,jni,1
8592,Multithreaded JNI causing segfaults under load,AttachCurrentThread,jni,True,jni,1
8593,JNI - correctly attach/detach threads,AttachCurrentThread,jni,True,jni,1
8594,Call from Java to c++ and then from the same c++ method make a call to java method,AttachCurrentThread,None,False,None,0
8595,How to make a proper call from Android to a non-static function in Java? (Cocos2Dx in the mix),AttachCurrentThread,None,False,None,0
8596,Show Toast in Android by sending string from c++ JNI in qt,AttachCurrentThread,jni,True,jni,1
8597,Android - JNI crash in call to CallVoidMethodV,AttachCurrentThread,jni,True,jni,1
8598,Unable to get a jstring from R.string.* via JNI in a native C application,AttachCurrentThread,jni,True,jni,1
8599,JNI getmethodID returns NULL only in ICS but not in Gingerbread,AttachCurrentThread,jni,True,jni,1
8600,how to get jobject in invokeshutdown method,AttachCurrentThread,None,False,None,0
8601,Where is my JNIEnv pointer going?,AttachCurrentThread,jni,True,jni,1
8602,Android Native Activity cannot FindClass from external AAR library,AttachCurrentThread,None,False,None,0
8603,How to call non-static java method from c++?,AttachCurrentThread,None,False,None,0
8604,How I can access the elements returned for by KeyCharacterMap.getEvents function from Delphi?,AttachCurrentThread,None,False,None,0
8605,Android: CallStaticVoidMethod gets called only once,AttachCurrentThread,None,False,None,0
8606,JNI: Invoking CallVoidMethod from thread crashes,AttachCurrentThread,jni,True,jni,1
8607,NoSuchMethodError on android View method in JNI GetMethodID,AttachCurrentThread,jni,True,jni,1
8608,Android Native Activity - Call Java method,AttachCurrentThread,None,False,None,0
8609,Not able to attach through oracle forms GUI object using dll injection and JNI,AttachCurrentThread,jni,True,jni,1
8610,How do I load my own Java class in C on Android?,AttachCurrentThread,None,False,None,0
8611,NullPointerException when Calling getFilesDir() in a JNI Call,AttachCurrentThread,jni,True,jni,1
8612,Right way to work with JNI in multithreading application,AttachCurrentThread,jni,True,jni,1
8613,Calling into a saved java object via JNI from a different thread,AttachCurrentThread,jni,True,jni,1
8614,JNI 8 C++ : Thread attach and detach And async callback,AttachCurrentThread,jni,True,jni,1
8615,SIGSEGV when calling Java method from native pthread,AttachCurrentThread,None,False,None,0
8616,JNI FindClass not finding class?,AttachCurrentThread,jni,True,jni,1
8617,How To Call JAVA Methods from inside of a Thread in JNI,AttachCurrentThread,jni,True,jni,1
8618,Android JNI call Java method from native thread,AttachCurrentThread,jni,True,jni,1
8619,Impact on ART due to process termination from exception,AttachCurrentThread,None,False,None,0
8620,"jni callback works for java types, but not c types",AttachCurrentThread,jni,True,jni,1
8621,Calling JAVA class member from Native C/C++ code,AttachCurrentThread,None,False,None,0
8622,"Injecting JNI Dll into running JVM, why is the program crashing?",AttachCurrentThread,jni,True,jni,1
8623,How to keep calling java instance jobject for new threads created by C++ in JNI,AttachCurrentThread,jni,True,jni,1
8624,Fast way to pass data from C to Java via JNI,AttachCurrentThread,jni,True,jni,1
8625,Using NDK from C++ updating Android UI,AttachCurrentThread,None,False,None,0
8626,How to trigger function from main thread when the app is on resume state using cocos2dx,AttachCurrentThread,None,False,None,0
8627,How to use JNI without having to add jvm.dll location into Environment Variables Path,AttachCurrentThread,jni,True,jni,1
8628,How to call a Java function on an object from C++ from a separate thread,AttachCurrentThread,None,False,None,0
8629,jni crash dvmAttachCurrentThread strlen,AttachCurrentThread,jni,True,jni,1
8630,Properly using JNI DetachCurrentThread in performance paths,AttachCurrentThread,jni,True,jni,1
8631,OpenGL ES application and running native Java code,AttachCurrentThread,None,False,None,0
8632,Pass an object (DisplayMetrics) from C to Java through JNI (Android NDK),AttachCurrentThread,jni,True,jni,1
8633,JVMTI Invoke toString(); on an Java object from C++ code,AttachCurrentThread,None,False,None,0
8634,DllMain is not called after injection,AttachCurrentThread,None,False,None,0
8635,Trying to inject a dll into an already running JVM?,AttachCurrentThread,None,False,None,0
8636,PJSIP Android Build NDK,AttachCurrentThread,None,False,None,0
8637,Clearing all loaded classes from the JVM,AttachCurrentThread,None,False,None,0
8638,Calling static Java method from Android native c++ code,AttachCurrentThread,None,False,None,0
8639,Crashes in art::JNI::NewStringUTF(),AttachCurrentThread,jni,True,jni,1
8640,.. CLOSED .. JNI error &#39;java_class == null&#39; Android Studio,AttachCurrentThread,jni,True,jni,1
8641,Set/Get Java List&lt;&gt; from C code,AttachCurrentThread,None,False,None,0
8642,(*vm)-&gt;GetEnv segfaults only on HTC devices,AttachCurrentThread,None,False,None,0
8643,Qt for Android - undefined reference to ANativeWindow_fromSurface,AttachCurrentThread,None,False,None,0
8644,Runtime error on JNI callback,AttachCurrentThread,jni,True,jni,1
8645,JNI NewByteArray memory leak,AttachCurrentThread,jni,True,jni,1
8646,Android - JNI NewObject() does not save values when passing it to Java,AttachCurrentThread,jni,True,jni,1
8647,Unable to find custom java class from jar into a Android Native-Activity app,AttachCurrentThread,None,False,None,0
8648,JNI Callback to Java using Interface,AttachCurrentThread,jni,True,jni,1
8649,SIGSEGV errors using shared objects between c++ and Java,AttachCurrentThread,None,False,None,0
8650,jvm crashes as soon as I press escape,AttachCurrentThread,None,False,None,0
8651,Invalid JNI reference (calling Java method from c++),AttachCurrentThread,jni,True,jni,1
8652,JNI callback to Java,AttachCurrentThread,jni,True,jni,1
8653,calling java method based on jobject fails (invalid reference?),AttachCurrentThread,None,False,None,0
8654,Android NativeActivity and ARCore C lib: function &quot;ArSession_create()&quot; fails when called i,AttachCurrentThread,None,False,None,0
8655,How to create a CBTHook in jni and then call a java function in the callback function?,AttachCurrentThread,jni,True,jni,1
8656,callback from pthread through JNI failing,AttachCurrentThread,jni,True,jni,1
8657,JNI FindClass returns NULL - very strange,AttachCurrentThread,jni,True,jni,1
8658,Updates from C thread leads to Choreographer skipping frames,AttachCurrentThread,None,False,None,0
8659,Crash error: JNI ERROR: local reference table overflow (max=512),AttachCurrentThread,jni,True,jni,1
8660,JNI GetMethodId return null,AttachCurrentThread,jni,True,jni,1
8661,Injecting DLL with JNI crashing existing JVM,AttachCurrentThread,jni,True,jni,1
8662,jni getMethodID returns Null when used to get ID of constructor,AttachCurrentThread,jni,True,jni,1
8663,Android NDK: Java JVM openjdkjvmti::MethodUtil::GetMethodName Crash,AttachCurrentThread,None,False,None,0
8664,Android: calling Java class from C++ Native Activity,AttachCurrentThread,None,False,None,0
8665,"JNI, Mulithreading and calling methods",AttachCurrentThread,jni,True,jni,1
8666,Getting a valid JNI environment pointer,AttachCurrentThread,jni,True,jni,1
8667,JNI - problem with threads and jobject,AttachCurrentThread,jni,True,jni,1
8668,Unable to make JNI call from c++ to java in android lollipop using jni,AttachCurrentThread,jni,True,jni,1
8669,Returning a byte[] from JNI to Java,AttachCurrentThread,jni,True,jni,1
8670,JNI - Async task crashing,AttachCurrentThread,jni,True,jni,1
8671,JNI crashing after repeatedly calling a method,AttachCurrentThread,jni,True,jni,1
8672,Error while calling non static java method from c++,AttachCurrentThread,None,False,None,0
8673,Android/ART: What is native thread without managed peer exception?,AttachCurrentThread,None,False,None,0
8674,crash jvm when call native code with jni?,AttachCurrentThread,jni,True,jni,1
8675,Sending an Intent from C++ via JNI,AttachCurrentThread,jni,True,jni,1
8676,Call static Java method from separate thread using JNI,AttachCurrentThread,jni,True,jni,1
8677,Calling Java From C,AttachCurrentThread,None,False,None,0
8678,Exception Signal 11 using JNI CallBooleanMethod,AttachCurrentThread,jni,True,jni,1
8679,C++ - Injecting code into running process (using DLL),AttachCurrentThread,None,False,None,0
8680,Memory leak somewhere between Java and C,AttachCurrentThread,None,False,None,0
8681,Android jni NoSuchMethodError exception,AttachCurrentThread,jni,True,jni,1
8682,Android: Exception when calling a static java method from cpp thread,AttachCurrentThread,None,False,None,0
8683,Calling java code from C++: exception java.lang.NoSuchMethodError,AttachCurrentThread,None,False,None,0
8684,Native code exiting without error - probably memory,AttachCurrentThread,None,False,None,0
8685,JNI memory management,AttachCurrentThread,jni,True,jni,1
8686,jni-wrapper crashes JVM on Windows,AttachCurrentThread,jni,True,jni,1
8687,Issue calling back into Java from C++ called during a GLSurcfaceView callback,AttachCurrentThread,None,False,None,0
8688,JNI callback to Java from c++ class crashing,AttachCurrentThread,jni,True,jni,1
8689,How to call non-static Java methods from C++ code (android)?,AttachCurrentThread,None,False,None,0
8690,java.lang UNsatisfiedLinkError thrown when calling BluetoothAdapter.getDefaultAdapter() in JNI,AttachCurrentThread,jni,True,jni,1
8691,Running c++ application using JNI functions in debug build causes segmentation fault,AttachCurrentThread,jni,True,jni,1
8692,Android jni : cpp jni can&#39;t find inner class of a java class. Want to return a java class to cal,AttachCurrentThread,jni,True,jni,1
8693,Failed to get the environment using GetEnv(),AttachCurrentThread,None,False,None,0
8694,JNI Linux segmentation fault,AttachCurrentThread,jni,True,jni,1
8695,env-&gt;FindClass does not work in another thread,AttachCurrentThread,None,False,None,0
8696,"java.lang.ClassNotFoundException: on path: DexPathList[[directory &quot;.&quot;],nativeLibraryDirect",AttachCurrentThread,None,False,None,0
8697,Activity messed after playing YUV video use opengles on Android,AttachCurrentThread,None,False,None,0
8698,JIN c++ with springboot (Tomcat ENV-&gt;FindClass return null),AttachCurrentThread,None,False,None,0
8699,How to call runOnUiThread in Android JNI C++,AttachCurrentThread,jni,True,jni,1
8700,Android NativeActivity OpenGL-ES native app: How to get a less than full screen surface,AttachCurrentThread,None,False,None,0
8701,How to detach a thread(in a pool) in JNI on termination,AttachCurrentThread,jni,True,jni,1
8702,Why does my call to an EGL function change when running it in Java code through JNI?,AttachCurrentThread,jni,True,jni,1
8703,JNI return Signal 7 function trying to call to Java from C++,AttachCurrentThread,jni,True,jni,1
8704,"Why my Java class methods are not being called from the native code? JNI, NDK/SDK",AttachCurrentThread,jni,True,jni,1
8705,Calling java method from different thread in ndk,AttachCurrentThread,None,False,None,0
8706,Unable to cache JAVA VM while calling Java from NativeC/C++,AttachCurrentThread,None,False,None,0
8707,How to call JNI Function from a method in C library,AttachCurrentThread,jni,True,jni,1
8708,Android Can&#39;t call Java method from native code JNI,AttachCurrentThread,jni,True,jni,1
8709,Getting crash in JNI callback from C to Java,AttachCurrentThread,jni,True,jni,1
8710,JVMTI agent crashes,AttachCurrentThread,None,False,None,0
8711,JNI GetMethodID error and crash in specify project,AttachCurrentThread,jni,True,jni,1
8712,Best approach to call Java function from JNI,AttachCurrentThread,jni,True,jni,1
8713,JNI: Segfaults when calling Java callbacks from C,AttachCurrentThread,jni,True,jni,1
8714,Is needed to release jboolean using JNI?,AttachCurrentThread,jni,True,jni,1
8715,env-&gt;FindClass function returns null,AttachCurrentThread,None,False,None,0
8716,Android (ndk) multicast lock is acquired but can&#39;t receive UDP broadcast packets,AttachCurrentThread,None,False,None,0
8717,JNI - is there a way to get JNI_OnUnload to be called by the JVM?,AttachCurrentThread,jni,True,jni,1
8718,Crashes in GetArrayLength jni,AttachCurrentThread,jni,True,jni,1
8719,returning a string from a c dll to c#,AttachCurrentThread,None,False,None,0
8720,"Create bitmap on Java and send it to C++ using JNI and render it by OpenGL, black",AttachCurrentThread,jni,True,jni,1
8721,"start Intent, onActivityResult, AsyncTask doesn&#39;t work after Java call from JNI",AttachCurrentThread,jni,True,jni,1
8722,How to sendbroadcast in callback function,AttachCurrentThread,None,False,None,0
8723,How to structure JNI call to avoid memory leak?,AttachCurrentThread,jni,True,jni,1
8724,Jni java launcher work in c but not in c++,AttachCurrentThread,jni,True,jni,1
8725,Toast not displaying when C function is called,AttachCurrentThread,None,False,None,0
8726,OPENSSL Rand DRBG Andorid crashed when is used many times: A/libc: Fatal signal 7 (SIGBUS),AttachCurrentThread,None,False,None,0
8727,JNI GetMethodID cause error in native thread,AttachCurrentThread,jni,True,jni,1
8728,Android (NDK) openSoftInput in landscape mode,AttachCurrentThread,None,False,None,0
8729,Creating JVM using JNI in C++ does not return,AttachCurrentThread,jni,True,jni,1
8730,Call Java function from native function based on cached jobject and methodID fail,AttachCurrentThread,None,False,None,0
8731,VM aborting while creating two threads in android application,AttachCurrentThread,None,False,None,0
8732,FindClass returns null,AttachCurrentThread,None,False,None,0
8733,Android - callback from native code Attach/Detach overflow,AttachCurrentThread,None,False,None,0
8734,&quot;CallObjectMethod&quot; in JNI-Callback returns NULL,AttachCurrentThread,jni,True,jni,1
8735,JVM crashes when calling JNI function during gc,AttachCurrentThread,jni,True,jni,1
8736,android JNI report can&#39;t find method,AttachCurrentThread,jni,True,jni,1
8737,Android: Using JNI from NativeActivity,AttachCurrentThread,jni,True,jni,1
8738,Failed To Get Class Reference from Native code invoking Java Code,AttachCurrentThread,None,False,None,0
8739,How to properly and simply use callbacks in JNI NDK Android,AttachCurrentThread,jni,True,jni,1
8740,Creating vector managed JNI threads [C++],AttachCurrentThread,jni,True,jni,1
8741,Android 4.1 virtual keyboard freeze,AttachCurrentThread,None,False,None,0
8742,How to clear static vars in an application that is tested with JUnit/Robotium tests?,AttachCurrentThread,None,False,None,0
8743,Unable to set Java int array field from JNI,AttachCurrentThread,jni,True,jni,1
8744,Test run failed: Instrumentation run failed due to &#39;Process crashed.&#39; when testing multiple ,AttachCurrentThread,None,False,None,0
8745,&quot;No implementation found for&quot; using NativeActivity,AttachCurrentThread,None,False,None,0
8746,Lots of unresolve error in native cpp,AttachCurrentThread,None,False,None,0
8747,Callback into Java Android Application Code from JNI after Catching Signal (SIGSEGV) in Native Code,AttachCurrentThread,jni,True,jni,1
8748,Can NDK handle signals?,AttachCurrentThread,None,False,None,0
8749,Android JNI native C++ code GetPrimitiveArrayCritical() problem,AttachCurrentThread,jni,True,jni,1
8750,Java green threads using UNIX ucontext library via JNI. Is it possible?,AttachCurrentThread,jni,True,jni,1
8751,Spring Boot with embedded Tomcat fails when JVM executes from JNI in C++ application,AttachCurrentThread,jni,True,jni,1
8752,Java and C: How can I compile this C source file into a DLL for use with Java?,AttachCurrentThread,None,False,None,0
8753,MediaCodec weak global reference table overflow,AttachCurrentThread,None,False,None,0
8754,Ignored call to Java method from C++,AttachCurrentThread,None,False,None,0
8755,How to solve &quot;Didn&#39;t find class &quot;...&quot; on path: DexPathList in my native callback ,AttachCurrentThread,None,False,None,0
8756,How do I add a Android Fragment to my FragmentActivity?,AttachCurrentThread,None,False,None,0
8757,JNI Poll problem,AttachCurrentThread,jni,True,jni,1
8758,Building pjSip 2.5 - unable to undefined reference to &#39;pj_jni_jvm&#39;,AttachCurrentThread,jni,True,jni,1
8759,libhdfs JNI FindClass returns null with java.io.FileNotFoundException,AttachCurrentThread,jni,True,jni,1
8760,attempts to catch native jni crash/SIGSEGV in java are failing,AttachCurrentThread,jni,True,jni,1
8761,"What is libJvm.so, and when is it built?",AttachCurrentThread,None,False,None,0
8762,OpenGL texture ID generated more than once,AttachCurrentThread,None,False,None,0
8763,Create a JFrame using JNI,AttachCurrentThread,jni,True,jni,1
8764,Migrating Eclipse android project with NDK and Gstreamer usage to Android Studio,AttachCurrentThread,None,False,None,0
8765,java.lang.StackOverflowError at exit of JNI method,AttachCurrentThread,jni,True,jni,1
8766,Audio playback using ffmpeg and audiotrack android,AttachCurrentThread,None,False,None,0
8767,"Android JNI, call getMethodID crashes app",AttachCurrentThread,jni,True,jni,1
8768,"Fatal signal 11 (SIGSEGV), after second JNI String call to Java method",AttachCurrentThread,jni,True,jni,1
8769,Android PreferenceManager NullPointException,AttachCurrentThread,None,False,None,0
8770,Android web services xml parsing,AttachCurrentThread,None,False,None,0
8771,Why does the same native thread appear to call methods from different Java threads?,AttachCurrentThread,None,False,None,0
8772,JNI CallStaticObjectMethod is causing crash with Java 21,AttachCurrentThread,jni,True,jni,1
8773,"Could not find *apk, first run but works on the second run",AttachCurrentThread,None,False,None,0
8774,Sharedpreferences data not saving when passing an intent string... activity crashing,AttachCurrentThread,None,False,None,0
8775,mysql database connection using soap webservices in android,AttachCurrentThread,None,False,None,0
8776,JNI attached to program successfully but cant get fields?,AttachCurrentThread,jni,True,jni,1
8777,"JNI: Sink Object not Firing, Releases freezing",AttachCurrentThread,jni,True,jni,1
8778,c++ compilation error with netbean and cygwin?,AttachCurrentThread,None,False,None,0
8779,Error while Calling Web Services,AttachCurrentThread,None,False,None,0
8780,Android SDK Nullpointer exception,AttachCurrentThread,None,False,None,0
8781,Camera Application by Callling another class,AttachCurrentThread,None,False,None,0
8782,Getting crash on android,AttachCurrentThread,None,False,None,0
8783,Issues with ActionBarSherlock - Install fails on Android 2.3.7,AttachCurrentThread,None,False,None,0
8784,android spotify ERROR detaching thread with interp frames (count=28),AttachCurrentThread,None,False,None,0
8785,How do I diagnose my JNI memory corruption issue?,AttachCurrentThread,jni,True,jni,1
8786,Calling a java method from c++ in Android Class ID &amp; Method ID,AttachCurrentThread,None,False,None,0
8787,jni - app crashing,AttachCurrentThread,jni,True,jni,1
8788,Loading images into Listview using Lazyloading Getting Error,AttachCurrentThread,None,False,None,0
8789,Issue in filling table contents dynamically in Android,AttachCurrentThread,None,False,None,0
8790,Case and switch method to stop and start Android media player,AttachCurrentThread,None,False,None,0
8791,Java method is not invoked when calling it from native pthread,AttachCurrentThread,None,False,None,0
8792,Deadlock creating JFrame using JNI,AttachCurrentThread,jni,True,jni,1
8793,Change Attached Source,AttachCurrentThread,None,False,None,0
8794,fragment viewpager shows nothing,AttachCurrentThread,None,False,None,0
8795,Why SIGSEGV behaves differently from other Exception codes in Android?,AttachCurrentThread,None,False,None,0
8796,ListView not getting displayed?,AttachCurrentThread,None,False,None,0
8797,Activity does not work on clicking,AttachCurrentThread,None,False,None,0
8798,Why am I getting WIN DEATH: Window{45087aa8 com.gigabites.fortune/com.gigabites.fortune.BuildActivit,AttachCurrentThread,None,False,None,0
8799,Change Background on a specific row based on a condition in Custom Adapter,AttachCurrentThread,None,False,None,0
8800,App crashing while calling callback() to java. Getting runtime error due to detatchThread,AttachCurrentThread,None,False,None,0
